time_utc,temperature_2m,relative_humidity_2m,dew_point_2m,precipitation,soil_moisture_0_to_7cm,soil_temperature_0_to_7cm,wind_speed_10m,surface_pressure,cloud_cover
2025-05-01T00:00,25.6,72,20.1,0.0,0.11,29.7,4.2,1001.9,0
2025-05-01T01:00,26.5,78,22.3,0.0,0.11,30.8,5.9,1002.5,0
2025-05-01T02:00,28.7,61,20.4,0.0,0.11,31.0,5.2,1003.2,0
2025-05-01T03:00,31.3,45,17.9,0.0,0.11,32.4,4.4,1003.9,0
2025-05-01T04:00,33.6,37,17.1,0.0,0.11,34.6,5.2,1004.3,0
2025-05-01T05:00,35.9,31,16.1,0.0,0.11,37.2,5.2,1004.0,0
2025-05-01T06:00,38.1,25,14.6,0.0,0.11,39.9,5.7,1003.4,0
2025-05-01T07:00,40.2,20,13.0,0.0,0.11,42.3,8.2,1002.7,0
2025-05-01T08:00,41.7,17,11.9,0.0,0.11,44.2,11.7,1001.5,0
2025-05-01T09:00,42.8,15,10.6,0.0,0.11,45.4,12.7,1000.3,18
2025-05-01T10:00,43.3,13,8.4,0.0,0.11,45.9,10.6,999.2,23
2025-05-01T11:00,43.2,12,8.0,0.0,0.11,45.7,9.2,998.6,11
2025-05-01T12:00,43.0,12,7.5,0.0,0.11,45.0,9.4,998.2,19
2025-05-01T13:00,40.5,15,8.6,0.0,0.093,43.2,7.7,998.6,3
2025-05-01T14:00,37.5,21,11.8,0.0,0.093,41.3,16.8,999.5,0
2025-05-01T15:00,33.3,38,17.1,0.0,0.093,39.4,12.0,1001.0,1
2025-05-01T16:00,32.2,40,16.8,0.0,0.093,37.7,10.1,1002.3,1
2025-05-01T17:00,31.4,42,16.9,0.0,0.093,36.3,12.8,1003.0,0
2025-05-01T18:00,30.6,48,18.5,0.0,0.093,35.1,12.0,1002.8,0
2025-05-01T19:00,29.8,55,19.7,0.0,0.093,34.1,10.9,1002.3,0
2025-05-01T20:00,29.4,57,19.9,0.0,0.093,33.2,9.7,1001.7,0
2025-05-01T21:00,29.2,48,17.2,0.0,0.093,32.5,8.6,1001.5,0
2025-05-01T22:00,28.7,39,13.5,0.0,0.093,31.8,8.0,1001.4,0
2025-05-01T23:00,28.0,36,11.7,0.0,0.093,31.1,9.6,1001.8,0
2025-05-02T00:00,27.1,41,12.6,0.0,0.093,30.5,7.7,1002.3,0
2025-05-02T01:00,27.0,46,14.3,0.0,0.11,30.9,5.5,1002.4,0
2025-05-02T02:00,28.7,43,15.1,0.0,0.11,31.1,4.0,1003.2,0
2025-05-02T03:00,31.0,41,16.3,0.0,0.11,32.5,4.5,1003.9,0
2025-05-02T04:00,33.8,35,16.1,0.0,0.11,34.7,4.8,1003.9,0
2025-05-02T05:00,36.6,27,14.9,0.0,0.11,37.3,7.2,1003.9,0
2025-05-02T06:00,39.1,21,12.8,0.0,0.11,40.0,8.0,1003.2,0
2025-05-02T07:00,41.1,17,10.8,0.0,0.109,42.5,8.9,1002.4,0
2025-05-02T08:00,42.5,14,9.1,0.0,0.109,44.5,10.3,1001.0,0
2025-05-02T09:00,43.4,12,7.4,0.0,0.109,45.8,13.6,1000.0,2
2025-05-02T10:00,43.4,10,5.4,0.0,0.109,46.2,16.3,998.8,0
2025-05-02T11:00,42.9,10,4.4,0.0,0.109,45.9,18.2,998.1,0
2025-05-02T12:00,42.2,9,3.2,0.0,0.109,44.9,16.9,997.8,0
2025-05-02T13:00,40.0,11,4.1,0.0,0.109,43.2,11.5,998.7,1
2025-05-02T14:00,37.3,15,5.9,0.0,0.109,41.2,16.5,999.2,0
2025-05-02T15:00,33.8,24,10.4,0.0,0.109,39.3,16.5,1000.1,0
2025-05-02T16:00,32.6,27,11.3,0.0,0.109,37.7,13.4,1000.9,0
2025-05-02T17:00,31.5,37,14.9,0.0,0.109,36.3,9.6,1001.6,0
2025-05-02T18:00,30.5,47,17.8,0.0,0.109,35.1,10.1,1002.0,0
2025-05-02T19:00,29.5,54,19.3,0.0,0.109,34.1,8.3,1001.1,0
2025-05-02T20:00,28.7,59,19.9,0.0,0.109,33.1,8.1,1000.8,0
2025-05-02T21:00,28.0,62,20.1,0.0,0.109,32.3,6.7,1000.5,0
2025-05-02T22:00,27.7,57,18.5,0.0,0.109,31.6,7.0,1000.5,0
2025-05-02T23:00,27.4,44,14.0,0.0,0.109,31.0,7.4,1000.8,0
2025-05-03T00:00,26.8,37,10.8,0.0,0.109,30.4,6.4,1001.1,0
2025-05-03T01:00,27.3,47,15.0,0.0,0.109,31.3,5.9,1002.0,0
2025-05-03T02:00,29.1,43,15.2,0.0,0.109,31.5,6.1,1002.9,0
2025-05-03T03:00,31.0,46,18.2,0.0,0.109,32.8,6.6,1003.5,0
2025-05-03T04:00,33.1,41,18.1,0.0,0.109,34.8,6.9,1003.6,0
2025-05-03T05:00,35.5,32,16.5,0.0,0.109,37.2,8.0,1003.4,0
2025-05-03T06:00,37.7,25,14.1,0.0,0.109,39.7,9.0,1002.8,0
2025-05-03T07:00,39.6,17,10.2,0.0,0.109,41.9,11.6,1001.6,0
2025-05-03T08:00,40.7,13,7.2,0.0,0.109,43.6,15.5,1000.1,0
2025-05-03T09:00,41.1,11,4.4,0.0,0.109,44.6,19.5,998.8,9
2025-05-03T10:00,40.5,13,6.3,0.0,0.109,44.7,20.5,997.8,11
2025-05-03T11:00,40.1,17,10.2,0.0,0.109,44.4,16.5,997.1,59
2025-05-03T12:00,40.2,15,8.4,0.0,0.109,43.4,16.5,996.7,29
2025-05-03T13:00,37.4,21,11.2,0.0,0.109,41.9,20.4,997.4,21
2025-05-03T14:00,32.5,40,17.3,0.0,0.109,39.6,22.1,998.2,14
2025-05-03T15:00,31.1,50,19.3,0.0,0.109,37.7,18.0,999.8,3
2025-05-03T16:00,30.3,56,20.6,0.0,0.109,36.1,16.3,1001.0,97
2025-05-03T17:00,29.8,66,22.6,0.0,0.109,35.0,10.7,1001.7,100
2025-05-03T18:00,29.7,68,23.2,0.0,0.109,34.2,8.7,1001.3,100
2025-05-03T19:00,29.5,68,23.0,0.0,0.109,33.4,10.5,1000.3,100
2025-05-03T20:00,29.0,70,23.0,0.0,0.109,32.8,13.7,999.6,100
2025-05-03T21:00,28.2,76,23.6,0.0,0.109,32.2,15.5,999.2,100
2025-05-03T22:00,27.8,79,23.7,0.0,0.109,31.6,9.4,999.9,97
2025-05-03T23:00,27.6,79,23.7,0.0,0.109,31.2,11.4,999.9,51
2025-05-04T00:00,27.6,77,23.2,0.0,0.109,30.8,12.7,1000.6,59
2025-05-04T01:00,27.6,83,24.5,0.0,0.121,31.9,12.4,1001.4,6
2025-05-04T02:00,29.0,71,23.1,0.0,0.121,31.9,13.7,1002.4,27
2025-05-04T03:00,30.6,61,22.2,0.0,0.12,32.8,12.3,1003.5,27
2025-05-04T04:00,32.4,53,21.7,0.0,0.12,34.4,12.6,1003.6,84
2025-05-04T05:00,33.7,48,21.2,0.0,0.12,36.2,12.6,1002.8,36
2025-05-04T06:00,35.2,41,19.9,0.0,0.119,38.2,13.5,1002.1,4
2025-05-04T07:00,36.5,35,18.6,0.0,0.119,40.0,14.6,1000.8,1
2025-05-04T08:00,37.4,33,18.2,0.0,0.118,41.5,15.7,999.5,0
2025-05-04T09:00,35.6,35,17.6,0.2,0.119,42.1,18.8,999.6,96
2025-05-04T10:00,34.7,39,18.6,0.0,0.119,40.8,12.2,998.7,95
2025-05-04T11:00,34.8,41,19.5,0.0,0.119,40.0,14.5,998.8,66
2025-05-04T12:00,34.3,40,18.9,0.4,0.122,38.9,7.6,998.7,71
2025-05-04T13:00,28.5,68,21.9,0.1,0.17,36.0,9.2,999.0,100
2025-05-04T14:00,27.9,76,23.3,0.5,0.174,33.7,6.5,999.6,93
2025-05-04T15:00,28.0,76,23.3,0.0,0.174,32.6,1.5,1000.3,64
2025-05-04T16:00,27.6,78,23.5,0.1,0.174,31.8,2.3,1001.3,93
2025-05-04T17:00,27.9,75,23.2,0.0,0.174,31.1,11.4,1000.6,0
2025-05-04T18:00,28.2,75,23.4,0.0,0.173,30.6,9.6,1000.7,56
2025-05-04T19:00,28.0,79,24.1,0.0,0.173,30.3,11.9,1000.4,99
2025-05-04T20:00,28.0,81,24.4,0.0,0.173,30.2,10.1,999.8,99
2025-05-04T21:00,27.8,83,24.7,0.0,0.173,30.0,9.7,999.4,63
2025-05-04T22:00,27.2,87,24.9,0.0,0.172,29.7,9.7,999.2,1
2025-05-04T23:00,27.0,88,24.9,0.0,0.172,29.5,9.0,999.3,1
2025-05-05T00:00,26.8,88,24.6,0.0,0.172,29.2,7.8,1000.0,0
2025-05-05T01:00,27.9,88,25.7,0.0,0.16,30.9,11.0,1000.7,5
2025-05-05T02:00,29.3,77,24.8,0.0,0.159,31.0,12.8,1001.2,0
2025-05-05T03:00,31.1,62,23.1,0.0,0.158,31.8,13.7,1001.9,0
2025-05-05T04:00,32.9,54,22.3,0.0,0.157,33.2,13.9,1002.2,13
2025-05-05T05:00,34.7,46,21.4,0.0,0.154,34.8,13.9,1001.8,0
2025-05-05T06:00,36.6,38,20.1,0.0,0.152,36.6,15.0,1001.1,0
2025-05-05T07:00,38.1,32,18.6,0.0,0.149,38.2,16.8,999.8,6
2025-05-05T08:00,37.9,22,12.7,0.0,0.145,39.2,22.6,998.9,69
2025-05-05T09:00,34.1,38,17.6,0.0,0.143,38.6,23.4,999.9,97
2025-05-05T10:00,33.9,44,19.9,0.0,0.142,37.8,11.7,999.1,98
2025-05-05T11:00,34.8,35,17.3,0.8,0.15,37.2,15.4,998.7,99
2025-05-05T12:00,35.2,35,17.4,0.0,0.148,36.6,6.7,998.8,92
2025-05-05T13:00,30.9,58,21.6,0.0,0.15,35.1,8.9,1000.2,97
2025-05-05T14:00,28.3,68,21.8,0.0,0.15,33.7,9.6,1001.4,99
2025-05-05T15:00,28.1,67,21.4,0.0,0.149,32.5,11.8,1000.7,99
2025-05-05T16:00,28.3,70,22.3,0.0,0.149,31.6,9.2,1001.7,100
2025-05-05T17:00,28.2,73,22.8,0.0,0.149,31.0,10.5,1002.2,58
2025-05-05T18:00,28.0,78,23.8,0.0,0.148,30.5,15.6,1002.0,100
2025-05-05T19:00,27.5,80,23.8,0.0,0.148,30.1,15.0,1001.3,100
2025-05-05T20:00,27.6,79,23.6,0.0,0.148,29.8,12.1,999.7,100
2025-05-05T21:00,27.6,80,23.7,0.0,0.148,29.6,7.4,1000.2,100
2025-05-05T22:00,26.8,78,22.7,0.0,0.147,29.2,5.7,1000.5,100
2025-05-05T23:00,26.6,76,22.1,0.0,0.147,28.9,4.4,1000.7,100
2025-05-06T00:00,26.6,75,21.8,0.0,0.147,28.7,7.3,1001.3,100
2025-05-06T01:00,23.1,87,20.8,0.0,0.164,25.8,9.1,1002.0,100
2025-05-06T02:00,24.5,81,21.1,0.0,0.164,26.2,9.2,1002.8,100
2025-05-06T03:00,26.7,72,21.3,0.0,0.163,27.3,12.6,1003.1,99
2025-05-06T04:00,26.8,69,20.6,0.0,0.162,28.2,19.8,1003.7,100
2025-05-06T05:00,28.0,66,21.0,0.0,0.161,29.6,15.4,1003.3,96
2025-05-06T06:00,28.5,65,21.3,0.0,0.16,30.9,17.8,1003.4,96
2025-05-06T07:00,30.4,59,21.4,0.0,0.157,32.4,17.7,1002.3,100
2025-05-06T08:00,31.4,54,20.9,0.0,0.156,33.5,19.0,1001.4,100
2025-05-06T09:00,31.3,55,21.2,0.0,0.154,34.0,18.6,1000.5,100
2025-05-06T10:00,31.2,54,20.8,0.0,0.152,33.9,17.9,999.5,100
2025-05-06T11:00,31.5,53,20.9,0.0,0.151,33.8,16.7,999.0,100
2025-05-06T12:00,29.2,61,20.9,0.4,0.154,32.8,14.0,999.5,100
2025-05-06T13:00,27.2,72,21.7,0.0,0.188,30.2,10.0,1000.1,100
2025-05-06T14:00,26.8,69,20.5,0.0,0.187,29.4,14.4,1001.0,100
2025-05-06T15:00,25.9,75,21.1,0.0,0.187,28.7,10.7,1001.5,100
2025-05-06T16:00,25.4,79,21.4,0.0,0.186,28.2,8.3,1001.7,100
2025-05-06T17:00,25.3,80,21.7,0.0,0.186,27.8,4.1,1002.4,100
2025-05-06T18:00,25.0,82,21.8,0.0,0.186,27.5,7.0,1002.1,100
2025-05-06T19:00,24.8,84,21.9,0.0,0.186,27.2,8.4,1001.5,76
2025-05-06T20:00,24.6,86,22.1,0.0,0.185,26.9,7.7,1000.9,100
2025-05-06T21:00,24.4,88,22.2,0.0,0.185,26.7,9.4,1000.6,100
2025-05-06T22:00,24.3,89,22.4,0.0,0.185,26.5,8.7,1000.4,100
2025-05-06T23:00,24.3,91,22.6,0.0,0.185,26.4,9.7,1000.4,100
2025-05-07T00:00,24.3,91,22.8,0.0,0.185,26.3,9.0,1000.6,99
2025-05-07T01:00,24.0,88,21.9,0.0,0.186,25.6,8.4,1001.0,100
2025-05-07T02:00,25.1,81,21.6,0.0,0.185,26.1,8.6,1001.9,83
2025-05-07T03:00,26.9,72,21.4,0.0,0.184,27.0,13.2,1002.1,54
2025-05-07T04:00,27.8,71,22.0,0.3,0.186,28.4,4.1,1002.8,100
2025-05-07T05:00,27.6,73,22.2,0.3,0.188,28.7,3.1,1002.3,72
2025-05-07T06:00,30.4,62,22.3,0.1,0.186,31.0,4.0,1001.5,100
2025-05-07T07:00,30.9,60,22.1,0.0,0.184,32.3,4.9,1000.9,100
2025-05-07T08:00,30.4,59,21.6,0.1,0.183,32.8,13.8,1000.1,100
2025-05-07T09:00,26.2,82,22.8,9.6,0.311,30.8,12.0,999.9,100
2025-05-07T10:00,25.8,89,23.8,0.8,0.317,29.2,5.9,999.5,98
2025-05-07T11:00,27.5,81,23.8,0.5,0.319,28.9,7.8,999.3,97
2025-05-07T12:00,28.8,70,22.7,0.1,0.317,29.0,11.7,998.4,97
2025-05-07T13:00,27.2,74,22.2,0.0,0.365,28.5,7.7,999.5,100
2025-05-07T14:00,26.1,79,22.2,0.0,0.36,27.9,7.7,1000.3,100
2025-05-07T15:00,25.9,79,22.0,0.0,0.355,27.5,9.3,1000.8,100
2025-05-07T16:00,25.5,81,22.1,0.0,0.351,27.1,8.4,1001.5,100
2025-05-07T17:00,25.1,83,22.1,0.0,0.347,26.8,10.0,1001.9,60
2025-05-07T18:00,24.6,86,22.1,0.0,0.344,26.5,10.5,1001.7,17
2025-05-07T19:00,24.2,89,22.3,0.0,0.341,26.3,8.6,1001.3,100
2025-05-07T20:00,24.4,89,22.5,0.0,0.338,26.2,8.9,1000.8,84
2025-05-07T21:00,24.3,91,22.6,0.0,0.335,26.0,10.6,1000.4,97
2025-05-07T22:00,24.6,89,22.7,0.0,0.333,26.0,11.2,1000.0,83
2025-05-07T23:00,24.6,89,22.7,0.0,0.33,26.0,11.8,1000.1,12
2025-05-08T00:00,23.9,92,22.6,0.0,0.328,25.8,10.3,1000.4,7
2025-05-08T01:00,22.9,96,22.2,0.0,0.376,25.0,9.0,1001.4,18
2025-05-08T02:00,24.3,88,22.2,0.0,0.37,25.3,10.9,1002.1,50
2025-05-08T03:00,25.9,81,22.4,0.0,0.365,26.1,11.4,1002.7,100
2025-05-08T04:00,27.0,77,22.6,0.2,0.361,27.0,9.3,1003.1,48
2025-05-08T05:00,28.3,71,22.4,0.1,0.356,28.0,8.8,1002.9,100
2025-05-08T06:00,29.3,66,22.2,0.2,0.352,29.0,6.6,1002.7,100
2025-05-08T07:00,29.4,64,21.9,0.1,0.347,29.3,6.9,1001.9,100
2025-05-08T08:00,30.4,59,21.6,0.0,0.342,30.0,6.8,1001.1,50
2025-05-08T09:00,31.9,53,21.2,0.0,0.335,31.3,6.1,1000.1,36
2025-05-08T10:00,32.2,52,21.0,0.1,0.329,32.0,5.8,999.4,23
2025-05-08T11:00,31.9,53,21.0,0.1,0.324,32.2,7.4,999.1,36
2025-05-08T12:00,30.7,56,21.0,0.0,0.32,31.7,11.2,999.4,33
2025-05-08T13:00,29.0,69,22.6,0.0,0.313,30.3,6.5,1000.0,14
2025-05-08T14:00,27.7,75,22.9,0.0,0.311,29.4,6.2,1000.6,12
2025-05-08T15:00,27.2,77,22.8,0.0,0.31,28.7,9.0,1001.6,14
2025-05-08T16:00,26.7,78,22.6,0.0,0.309,28.2,9.6,1002.4,5
2025-05-08T17:00,26.2,81,22.7,0.0,0.307,27.7,8.8,1002.9,0
2025-05-08T18:00,25.9,84,22.9,0.0,0.306,27.4,9.8,1002.8,3
2025-05-08T19:00,25.6,86,23.1,0.0,0.305,27.1,9.4,1002.7,4
2025-05-08T20:00,25.4,88,23.3,0.0,0.304,26.9,9.4,1002.2,0
2025-05-08T21:00,25.1,91,23.6,0.0,0.303,26.7,9.2,1001.8,3
2025-05-08T22:00,24.9,93,23.7,0.0,0.302,26.5,8.9,1001.6,3
2025-05-08T23:00,24.7,94,23.7,0.0,0.301,26.4,8.7,1001.8,1
2025-05-09T00:00,24.5,96,23.8,0.0,0.301,26.2,8.3,1002.2,8
2025-05-09T01:00,25.7,91,24.2,0.2,0.292,27.5,8.1,1003.0,24
2025-05-09T02:00,25.9,90,24.1,0.9,0.303,27.3,6.4,1003.6,74
2025-05-09T03:00,26.2,88,24.1,0.1,0.302,27.9,6.6,1004.6,100
2025-05-09T04:00,23.4,91,21.9,0.6,0.308,27.3,17.1,1005.2,100
2025-05-09T05:00,26.9,77,22.5,0.0,0.305,28.1,7.9,1004.8,20
2025-05-09T06:00,29.7,68,23.2,0.1,0.301,30.0,10.4,1004.5,35
2025-05-09T07:00,30.7,65,23.4,0.1,0.296,31.4,7.6,1003.8,10
2025-05-09T08:00,31.9,60,23.2,0.0,0.291,32.8,5.0,1003.1,13
2025-05-09T09:00,32.6,56,22.8,0.0,0.285,33.7,5.1,1001.9,18
2025-05-09T10:00,32.7,55,22.5,0.0,0.28,34.1,4.5,1000.9,80
2025-05-09T11:00,32.5,54,22.0,0.0,0.277,34.0,2.3,1000.4,86
2025-05-09T12:00,32.5,54,21.8,0.0,0.274,33.4,2.7,1000.1,49
2025-05-09T13:00,28.4,70,22.4,0.0,0.267,32.1,1.5,1000.8,24
2025-05-09T14:00,27.6,76,23.1,0.0,0.267,30.9,3.3,1001.5,26
2025-05-09T15:00,27.0,82,23.7,0.0,0.266,30.0,2.4,1002.5,2
2025-05-09T16:00,27.0,79,23.2,0.0,0.266,29.3,9.4,1003.2,0
2025-05-09T17:00,26.5,80,22.7,0.0,0.265,28.7,8.0,1003.6,0
2025-05-09T18:00,25.8,82,22.4,0.0,0.265,28.2,6.6,1003.6,0
2025-05-09T19:00,25.2,84,22.2,0.0,0.264,27.7,5.0,1003.4,0
2025-05-09T20:00,24.8,86,22.2,0.0,0.264,27.3,6.3,1002.7,0
2025-05-09T21:00,24.6,86,22.2,0.0,0.263,27.0,7.2,1002.4,0
2025-05-09T22:00,24.4,88,22.3,0.0,0.263,26.7,8.1,1002.2,0
2025-05-09T23:00,24.2,91,22.7,0.0,0.263,26.5,7.8,1002.3,0
2025-05-10T00:00,23.9,94,22.9,0.0,0.262,26.3,5.4,1002.6,0
2025-05-10T01:00,25.7,97,25.1,0.0,0.255,28.6,6.9,1003.3,18
2025-05-10T02:00,26.9,89,25.0,0.0,0.254,28.6,8.5,1003.9,40
2025-05-10T03:00,28.5,79,24.4,0.0,0.253,29.3,8.7,1004.3,34
2025-05-10T04:00,29.9,72,24.2,0.0,0.25,30.4,7.2,1004.4,8
2025-05-10T05:00,31.5,64,23.9,0.0,0.247,31.9,6.1,1004.8,3
2025-05-10T06:00,32.8,57,23.2,0.0,0.242,33.4,5.2,1004.2,7
2025-05-10T07:00,33.9,51,22.3,0.0,0.237,34.6,4.8,1003.6,14
2025-05-10T08:00,34.5,48,21.8,0.0,0.232,35.6,4.8,1002.7,10
2025-05-10T09:00,34.8,47,21.7,0.0,0.227,36.1,5.1,1001.7,16
2025-05-10T10:00,34.5,46,21.4,0.0,0.223,36.2,6.4,1000.7,4
2025-05-10T11:00,34.4,46,21.1,0.0,0.22,36.0,5.6,999.9,28
2025-05-10T12:00,33.8,47,21.1,0.0,0.218,35.2,5.2,999.7,30
2025-05-10T13:00,31.7,58,22.3,0.0,0.22,33.7,8.7,1000.6,16
2025-05-10T14:00,30.2,65,23.0,0.0,0.219,32.5,7.7,1001.4,19
2025-05-10T15:00,29.7,68,23.2,0.0,0.218,31.5,9.2,1002.2,12
2025-05-10T16:00,29.0,68,22.4,0.0,0.218,30.7,9.3,1003.0,27
2025-05-10T17:00,28.1,71,22.3,0.0,0.217,30.0,10.5,1003.4,2
2025-05-10T18:00,27.2,76,22.7,0.0,0.217,29.4,10.4,1003.4,0
2025-05-10T19:00,26.6,82,23.3,0.0,0.217,28.9,9.2,1002.8,0
2025-05-10T20:00,26.2,86,23.8,0.0,0.216,28.5,7.9,1002.1,12
2025-05-10T21:00,25.9,89,24.0,0.0,0.216,28.2,7.0,1001.6,49
2025-05-10T22:00,25.6,91,24.1,0.0,0.216,27.9,5.8,1001.9,5
2025-05-10T23:00,25.3,93,24.2,0.0,0.216,27.6,6.7,1002.2,8
2025-05-11T00:00,25.2,95,24.4,0.0,0.216,27.4,7.7,1002.5,8
2025-05-11T01:00,26.5,88,24.4,0.0,0.204,29.5,6.7,1003.0,25
2025-05-11T02:00,27.8,81,24.2,0.0,0.204,29.5,6.4,1003.8,22
2025-05-11T03:00,29.3,72,23.8,0.0,0.203,30.2,6.9,1004.1,69
2025-05-11T04:00,30.6,66,23.5,0.0,0.201,31.2,6.4,1004.4,64
2025-05-11T05:00,31.9,60,23.1,0.0,0.198,32.4,5.5,1004.3,61
2025-05-11T06:00,33.1,54,22.4,0.0,0.195,33.8,5.7,1003.7,34
2025-05-11T07:00,34.0,50,22.0,0.0,0.191,35.2,5.4,1002.9,25
2025-05-11T08:00,34.7,46,21.5,0.0,0.187,36.3,4.9,1001.9,12
2025-05-11T09:00,35.1,44,21.0,0.0,0.183,37.0,4.5,1000.6,11
2025-05-11T10:00,35.1,43,20.7,0.0,0.18,37.2,4.3,999.4,9
2025-05-11T11:00,35.1,43,20.5,0.0,0.177,37.0,4.1,998.7,10
2025-05-11T12:00,34.7,44,20.6,0.0,0.175,36.3,4.3,998.8,14
2025-05-11T13:00,33.8,51,22.1,0.0,0.172,35.3,2.0,998.8,3
2025-05-11T14:00,32.2,57,22.6,0.0,0.172,34.0,2.2,999.7,2
2025-05-11T15:00,31.2,58,22.0,0.0,0.171,32.8,7.6,1000.7,2
2025-05-11T16:00,29.9,58,20.9,0.0,0.171,31.9,10.6,1001.6,2
2025-05-11T17:00,28.8,70,22.7,0.0,0.17,31.0,10.2,1002.2,2
2025-05-11T18:00,28.2,75,23.3,0.0,0.17,30.4,9.5,1002.1,11
2025-05-11T19:00,27.5,79,23.6,0.0,0.17,29.8,8.7,1001.7,20
2025-05-11T20:00,27.1,82,23.8,0.0,0.169,29.4,7.1,1001.3,87
2025-05-11T21:00,26.9,83,23.9,0.0,0.169,29.0,7.0,1000.7,91
2025-05-11T22:00,27.0,83,23.9,0.0,0.169,28.8,7.1,1000.6,14
2025-05-11T23:00,26.3,86,23.9,0.0,0.169,28.5,6.6,1000.8,18
2025-05-12T00:00,26.0,89,24.0,0.0,0.169,28.2,6.0,1001.2,18
2025-05-12T01:00,26.9,87,24.5,0.0,0.161,29.7,6.3,1001.7,0
2025-05-12T02:00,28.4,81,24.7,0.0,0.161,29.9,6.1,1002.4,0
2025-05-12T03:00,30.2,71,24.3,0.0,0.16,30.8,6.8,1003.0,1
2025-05-12T04:00,31.9,62,23.6,0.0,0.158,32.3,6.4,1003.4,6
2025-05-12T05:00,33.4,52,22.4,0.0,0.156,33.9,7.1,1003.1,4
2025-05-12T06:00,34.3,49,21.9,0.0,0.154,35.5,8.2,1002.6,13
2025-05-12T07:00,35.0,45,21.4,0.0,0.151,36.8,8.4,1001.7,13
2025-05-12T08:00,35.6,43,21.0,0.0,0.149,37.7,8.1,1000.9,18
2025-05-12T09:00,36.1,42,21.0,0.0,0.146,38.4,7.3,999.7,16
2025-05-12T10:00,36.1,41,20.8,0.0,0.144,38.6,7.1,998.5,12
2025-05-12T11:00,36.1,40,20.5,0.0,0.142,38.4,7.9,997.8,16
2025-05-12T12:00,35.8,40,20.0,0.0,0.141,37.7,7.7,997.7,20
2025-05-12T13:00,34.0,42,19.4,0.0,0.139,36.3,9.8,998.5,9
2025-05-12T14:00,32.3,46,19.0,0.0,0.139,34.8,10.2,999.3,24
2025-05-12T15:00,31.3,48,18.9,0.0,0.138,33.6,9.7,1000.0,19
2025-05-12T16:00,30.1,58,20.8,0.0,0.138,32.6,10.9,1000.9,42
2025-05-12T17:00,29.0,68,22.4,0.0,0.137,31.7,9.9,1001.4,1
2025-05-12T18:00,28.1,74,23.1,0.0,0.137,31.0,9.5,1001.6,2
2025-05-12T19:00,27.7,78,23.6,0.0,0.137,30.4,9.0,1001.0,7
2025-05-12T20:00,27.2,82,23.9,0.0,0.137,29.9,7.8,1000.6,6
2025-05-12T21:00,26.9,85,24.1,0.0,0.137,29.4,7.3,1000.4,9
2025-05-12T22:00,26.6,87,24.3,0.0,0.137,29.1,6.7,1000.2,1
2025-05-12T23:00,26.3,89,24.3,0.0,0.137,28.7,7.0,1000.4,1
2025-05-13T00:00,26.1,91,24.5,0.0,0.137,28.5,6.5,1000.7,9
2025-05-13T01:00,27.8,86,25.2,0.0,0.126,30.5,7.1,1001.4,23
2025-05-13T02:00,29.2,78,25.1,0.0,0.126,30.8,6.2,1002.0,1
2025-05-13T03:00,31.0,67,24.1,0.0,0.126,31.8,5.3,1003.0,5
2025-05-13T04:00,32.5,60,23.6,0.0,0.125,33.6,4.9,1003.4,6
2025-05-13T05:00,33.5,55,23.3,0.2,0.126,35.4,5.7,1003.7,20
2025-05-13T06:00,34.3,51,22.7,0.1,0.126,36.9,6.6,1003.3,20
2025-05-13T07:00,35.2,47,22.1,0.0,0.125,38.5,6.7,1002.6,20
2025-05-13T08:00,35.9,43,21.4,0.0,0.124,39.8,6.9,1001.5,18
2025-05-13T09:00,36.2,41,21.0,0.0,0.123,40.6,7.0,1000.4,13
2025-05-13T10:00,36.5,40,20.8,0.0,0.122,41.0,7.8,999.2,14
2025-05-13T11:00,36.2,40,20.4,0.0,0.121,40.6,8.1,998.6,36
2025-05-13T12:00,36.0,40,20.2,0.0,0.121,39.8,6.9,998.4,28
2025-05-13T13:00,35.0,40,19.2,0.0,0.123,37.8,8.4,998.5,10
2025-05-13T14:00,33.4,43,19.2,0.0,0.122,36.3,10.7,999.2,8
2025-05-13T15:00,32.4,46,19.2,0.0,0.122,35.1,7.6,1000.1,5
2025-05-13T16:00,31.3,50,19.8,0.0,0.122,34.0,5.7,1000.9,3
2025-05-13T17:00,30.4,58,21.3,0.0,0.122,33.1,9.2,1001.4,3
2025-05-13T18:00,29.4,68,22.8,0.0,0.122,32.4,9.9,1001.4,3
2025-05-13T19:00,28.8,72,23.3,0.0,0.122,31.7,10.0,1001.1,2
2025-05-13T20:00,28.4,77,24.1,0.0,0.122,31.2,10.2,1000.8,1
2025-05-13T21:00,28.2,81,24.6,0.0,0.122,30.8,9.2,1000.5,0
2025-05-13T22:00,27.8,84,24.9,0.0,0.122,30.4,8.1,1000.8,0
2025-05-13T23:00,27.6,87,25.1,0.0,0.122,30.0,6.4,1001.3,0
2025-05-14T00:00,27.3,88,25.2,0.0,0.122,29.7,4.3,1001.6,0
2025-05-14T01:00,28.4,87,26.0,0.0,0.114,31.3,5.4,1001.8,0
2025-05-14T02:00,29.9,76,25.3,0.0,0.114,31.6,4.6,1002.3,1
2025-05-14T03:00,31.7,65,24.3,0.0,0.114,32.9,3.3,1002.8,2
2025-05-14T04:00,33.3,58,24.0,0.0,0.114,34.8,4.1,1003.1,7
2025-05-14T05:00,34.7,52,23.5,0.1,0.115,36.8,4.8,1003.2,21
2025-05-14T06:00,35.9,48,23.1,0.0,0.115,38.8,5.3,1002.9,20
2025-05-14T07:00,36.9,44,22.6,0.0,0.115,40.6,5.7,1002.2,19
2025-05-14T08:00,37.6,40,21.6,0.0,0.115,42.1,4.7,1001.2,9
2025-05-14T09:00,38.3,36,20.6,0.0,0.115,43.1,5.8,999.9,15
2025-05-14T10:00,38.4,33,19.5,0.0,0.115,43.3,7.3,999.0,10
2025-05-14T11:00,37.5,34,18.9,0.0,0.115,42.9,12.7,998.5,55
2025-05-14T12:00,36.2,40,20.3,0.0,0.115,41.5,11.0,998.7,28
2025-05-14T13:00,35.2,43,20.7,0.0,0.142,38.5,11.1,998.9,19
2025-05-14T14:00,33.9,48,21.2,0.0,0.141,36.9,9.8,999.7,41
2025-05-14T15:00,32.8,49,20.8,0.0,0.14,35.5,9.6,1000.6,53
2025-05-14T16:00,31.6,55,21.6,0.0,0.14,34.4,11.4,1001.3,15
2025-05-14T17:00,30.5,65,23.3,0.0,0.139,33.4,11.3,1001.7,7
2025-05-14T18:00,29.6,71,23.8,0.0,0.139,32.7,9.5,1001.8,56
2025-05-14T19:00,28.9,75,23.9,0.0,0.139,32.0,6.8,1001.5,1
2025-05-14T20:00,28.3,79,24.2,0.0,0.139,31.4,9.2,1001.1,0
2025-05-14T21:00,27.9,83,24.7,0.0,0.139,30.9,11.2,1000.7,0
2025-05-14T22:00,27.7,86,25.2,0.0,0.138,30.5,10.3,1000.5,0
2025-05-14T23:00,27.4,89,25.5,0.0,0.138,30.2,7.4,1000.7,0
2025-05-15T00:00,27.3,90,25.6,0.0,0.138,29.9,6.9,1001.2,0
2025-05-15T01:00,28.3,86,25.7,0.0,0.128,31.2,7.8,1001.5,0
2025-05-15T02:00,29.6,78,25.3,0.0,0.128,31.4,8.0,1002.4,0
2025-05-15T03:00,31.3,68,24.6,0.0,0.128,32.5,7.4,1002.8,0
2025-05-15T04:00,33.0,61,24.4,0.0,0.127,34.2,7.5,1003.1,0
2025-05-15T05:00,34.8,52,23.4,0.0,0.126,36.1,8.0,1003.1,13
2025-05-15T06:00,36.3,44,22.2,0.0,0.125,38.1,7.3,1002.5,8
2025-05-15T07:00,37.4,39,21.1,0.0,0.124,39.8,6.6,1001.9,6
2025-05-15T08:00,38.4,35,20.3,0.0,0.122,41.3,5.9,1001.0,6
2025-05-15T09:00,38.8,34,20.0,0.0,0.121,42.3,4.5,999.8,8
2025-05-15T10:00,38.5,33,19.3,0.0,0.12,42.8,3.6,998.9,13
2025-05-15T11:00,38.5,32,19.0,0.0,0.12,42.5,3.0,998.4,18
2025-05-15T12:00,37.7,33,18.7,0.0,0.119,41.7,9.0,998.6,37
2025-05-15T13:00,35.7,40,20.2,0.0,0.151,38.1,7.4,999.3,19
2025-05-15T14:00,33.8,47,20.9,0.0,0.15,36.6,10.9,1000.0,70
2025-05-15T15:00,32.6,49,20.4,0.0,0.15,35.2,12.3,1000.2,68
2025-05-15T16:00,31.0,60,22.3,0.0,0.149,34.1,12.7,1000.8,97
2025-05-15T17:00,29.8,67,23.0,0.0,0.149,33.2,11.4,1001.2,71
2025-05-15T18:00,29.1,72,23.5,0.0,0.148,32.4,10.8,1001.4,38
2025-05-15T19:00,28.5,79,24.4,0.0,0.148,31.7,11.7,1001.1,17
2025-05-15T20:00,28.0,83,24.8,0.0,0.148,31.2,11.9,1000.6,6
2025-05-15T21:00,27.6,86,25.1,0.0,0.148,30.7,12.6,1000.2,10
2025-05-15T22:00,27.4,89,25.4,0.0,0.148,30.4,9.1,1000.3,3
2025-05-15T23:00,27.2,91,25.6,0.0,0.147,30.0,9.7,1000.5,2
2025-05-16T00:00,27.2,91,25.6,0.0,0.147,29.8,10.7,1000.8,4
2025-05-16T01:00,28.3,87,25.9,0.0,0.14,31.1,10.4,1001.2,51
2025-05-16T02:00,29.2,82,25.9,0.0,0.139,31.2,10.4,1001.7,33
2025-05-16T03:00,30.5,75,25.6,0.1,0.14,31.8,8.8,1002.4,56
2025-05-16T04:00,32.1,67,25.1,0.0,0.139,32.9,8.0,1002.8,65
2025-05-16T05:00,33.4,58,24.0,0.1,0.139,34.2,7.7,1002.7,37
2025-05-16T06:00,34.6,51,23.2,0.0,0.138,35.9,7.8,1002.5,72
2025-05-16T07:00,35.8,45,22.2,0.0,0.136,37.5,7.5,1001.7,20
2025-05-16T08:00,37.0,41,21.5,0.0,0.134,39.0,6.7,1000.7,17
2025-05-16T09:00,37.6,38,21.0,0.0,0.132,39.9,6.5,999.3,23
2025-05-16T10:00,37.8,37,20.8,0.0,0.13,40.4,10.4,998.2,28
2025-05-16T11:00,36.3,41,20.9,0.0,0.129,39.8,15.0,998.4,34
2025-05-16T12:00,36.6,39,20.5,0.0,0.128,39.2,11.5,998.4,25
2025-05-16T13:00,35.5,41,20.3,0.0,0.134,37.2,10.8,998.9,7
2025-05-16T14:00,34.0,45,20.3,0.0,0.134,36.0,12.3,1000.1,6
2025-05-16T15:00,32.0,55,21.7,0.0,0.133,34.9,17.5,1000.8,42
2025-05-16T16:00,30.4,64,22.9,0.0,0.133,33.9,16.3,1001.1,33
2025-05-16T17:00,29.5,72,23.8,0.0,0.133,33.0,14.0,1001.3,34
2025-05-16T18:00,28.8,78,24.6,0.0,0.132,32.2,13.8,1001.7,93
2025-05-16T19:00,28.5,82,25.1,0.0,0.132,31.7,14.1,1001.3,100
2025-05-16T20:00,28.2,84,25.2,0.0,0.132,31.2,14.2,1000.7,100
2025-05-16T21:00,28.1,84,25.2,0.0,0.132,30.8,13.7,1000.3,100
2025-05-16T22:00,28.0,85,25.3,0.0,0.132,30.5,13.5,1000.2,100
2025-05-16T23:00,27.9,85,25.2,0.0,0.132,30.3,13.4,1000.3,100
2025-05-17T00:00,27.7,85,25.0,0.0,0.132,30.0,11.8,1000.7,98
2025-05-17T01:00,28.6,79,24.6,0.0,0.118,31.4,10.6,1001.1,100
2025-05-17T02:00,29.6,73,24.2,0.0,0.118,31.6,10.7,1001.8,100
2025-05-17T03:00,31.2,63,23.3,0.0,0.118,32.5,11.7,1002.5,98
2025-05-17T04:00,32.9,54,22.4,0.0,0.118,34.1,11.9,1002.6,57
2025-05-17T05:00,34.5,48,21.8,0.0,0.118,36.0,11.4,1002.4,2
2025-05-17T06:00,36.1,43,21.4,0.0,0.118,38.1,10.6,1001.8,2
2025-05-17T07:00,37.3,39,21.0,0.0,0.118,39.9,10.0,1001.1,50
2025-05-17T08:00,38.1,37,20.9,0.0,0.117,41.4,10.3,1000.2,92
2025-05-17T09:00,38.3,37,21.1,0.0,0.117,42.3,10.2,999.1,98
2025-05-17T10:00,38.3,38,21.4,0.0,0.117,42.4,10.3,997.9,99
2025-05-17T11:00,36.0,43,21.6,0.5,0.121,41.2,13.2,998.0,100
2025-05-17T12:00,36.5,39,20.5,0.0,0.121,40.3,12.2,997.8,99
2025-05-17T13:00,35.5,42,20.6,0.0,0.131,38.1,12.3,998.3,99
2025-05-17T14:00,33.8,46,20.5,0.0,0.13,36.7,14.9,998.9,82
2025-05-17T15:00,32.2,50,20.4,0.0,0.13,35.4,13.8,999.8,84
2025-05-17T16:00,31.0,55,20.9,0.0,0.129,34.3,13.2,1000.7,4
2025-05-17T17:00,30.0,62,22.0,0.0,0.129,33.4,13.6,1001.1,2
2025-05-17T18:00,29.3,68,22.8,0.0,0.129,32.6,12.9,1000.8,3
2025-05-17T19:00,28.8,72,23.3,0.0,0.129,31.9,11.1,1000.6,22
2025-05-17T20:00,28.4,76,23.7,0.0,0.128,31.4,11.4,1000.2,29
2025-05-17T21:00,28.1,79,24.2,0.0,0.128,30.9,11.9,1000.1,0
2025-05-17T22:00,27.9,81,24.4,0.0,0.128,30.6,12.3,1000.2,0
2025-05-17T23:00,27.8,82,24.4,0.0,0.128,30.3,11.4,1000.5,0
2025-05-18T00:00,27.6,82,24.3,0.0,0.128,30.0,10.3,1000.6,0
2025-05-18T01:00,28.3,79,24.4,0.0,0.12,31.2,10.0,1000.9,19
2025-05-18T02:00,29.5,71,23.8,0.0,0.12,31.4,9.4,1001.8,98
2025-05-18T03:00,31.1,62,22.9,0.0,0.12,32.5,9.8,1002.5,98
2025-05-18T04:00,32.9,52,21.6,0.0,0.12,34.1,11.0,1002.5,88
2025-05-18T05:00,34.6,45,21.0,0.0,0.12,36.0,11.2,1002.1,7
2025-05-18T06:00,36.0,42,20.9,0.0,0.119,38.0,10.1,1001.6,66
2025-05-18T07:00,37.3,39,21.1,0.0,0.119,39.9,10.4,1000.8,98
2025-05-18T08:00,38.1,38,21.4,0.0,0.118,41.5,10.1,999.6,86
2025-05-18T09:00,38.6,38,21.6,0.0,0.118,42.5,9.9,998.5,100
2025-05-18T10:00,38.8,37,21.5,0.0,0.117,43.0,10.7,997.4,95
2025-05-18T11:00,38.2,37,20.9,0.0,0.117,42.7,11.1,996.8,100
2025-05-18T12:00,37.4,37,20.1,0.0,0.117,41.7,12.5,996.7,95
2025-05-18T13:00,35.5,44,21.4,0.0,0.137,38.1,11.1,997.5,85
2025-05-18T14:00,34.1,49,21.8,0.0,0.137,36.6,7.7,998.0,51
2025-05-18T15:00,33.0,53,22.1,0.0,0.136,35.5,12.4,999.0,38
2025-05-18T16:00,31.3,59,22.4,0.0,0.136,34.4,13.8,999.3,54
2025-05-18T17:00,30.1,65,22.9,0.0,0.136,33.5,13.7,999.8,19
2025-05-18T18:00,29.4,70,23.3,0.0,0.135,32.7,12.1,999.8,14
2025-05-18T19:00,28.9,72,23.4,0.0,0.135,32.0,12.6,999.3,60
2025-05-18T20:00,28.6,77,24.1,0.0,0.135,31.5,12.3,998.7,43
2025-05-18T21:00,28.4,79,24.4,0.0,0.135,31.1,12.6,998.2,9
2025-05-18T22:00,28.4,80,24.6,0.0,0.135,30.8,10.9,998.2,99
2025-05-18T23:00,28.3,80,24.5,0.0,0.134,30.5,8.9,998.6,91
2025-05-19T00:00,28.1,80,24.4,0.0,0.134,30.2,8.2,999.0,2
2025-05-19T01:00,28.9,76,24.3,0.0,0.122,31.5,9.1,999.7,100
2025-05-19T02:00,30.1,70,24.1,0.0,0.122,31.8,10.0,1000.5,100
2025-05-19T03:00,31.7,63,23.8,0.0,0.122,32.8,10.5,1001.2,100
2025-05-19T04:00,33.4,57,23.8,0.0,0.122,34.4,8.8,1001.1,95
2025-05-19T05:00,35.1,52,23.7,0.0,0.121,36.4,7.8,1000.9,49
2025-05-19T06:00,36.5,48,23.6,0.0,0.12,38.5,6.3,1000.5,2
2025-05-19T07:00,37.7,44,23.3,0.0,0.12,40.6,5.8,999.7,3
2025-05-19T08:00,38.6,41,23.0,0.0,0.119,42.1,5.8,998.9,6
2025-05-19T09:00,39.4,39,22.8,0.0,0.118,43.3,5.5,997.6,14
2025-05-19T10:00,38.7,39,22.2,0.0,0.118,43.7,6.9,996.9,34
2025-05-19T11:00,36.6,45,22.7,0.5,0.123,42.2,6.6,996.8,69
2025-05-19T12:00,36.7,45,22.8,0.4,0.126,41.0,8.7,996.5,87
2025-05-19T13:00,34.3,52,23.1,0.0,0.131,38.5,10.1,997.0,82
2025-05-19T14:00,32.9,60,24.2,0.0,0.13,37.0,7.1,997.7,40
2025-05-19T15:00,31.7,66,24.5,0.0,0.13,35.7,11.8,998.7,31
2025-05-19T16:00,31.7,64,24.2,0.0,0.13,34.7,11.4,999.2,46
2025-05-19T17:00,31.1,63,23.2,0.0,0.129,33.9,10.4,999.8,100
2025-05-19T18:00,30.4,65,23.1,0.0,0.129,33.2,9.6,999.8,97
2025-05-19T19:00,29.8,68,23.2,0.0,0.129,32.6,10.2,999.3,98
2025-05-19T20:00,29.2,73,23.8,0.0,0.129,32.1,11.0,998.7,94
2025-05-19T21:00,29.0,75,24.1,0.0,0.129,31.6,11.0,998.1,94
2025-05-19T22:00,28.8,77,24.3,0.0,0.129,31.3,9.6,998.0,100
2025-05-19T23:00,28.6,79,24.6,0.0,0.128,31.0,8.6,998.3,4
2025-05-20T00:00,28.4,81,24.8,0.0,0.128,30.7,7.3,998.6,15
2025-05-20T01:00,29.1,80,25.2,0.0,0.12,32.0,5.9,998.5,13
2025-05-20T02:00,30.5,74,25.4,0.0,0.12,32.3,3.5,999.4,3
2025-05-20T03:00,32.3,66,25.3,0.0,0.12,33.5,2.8,999.7,8
2025-05-20T04:00,34.2,59,25.1,0.0,0.12,35.4,5.0,1000.0,20
2025-05-20T05:00,36.0,52,24.4,0.0,0.119,37.3,6.4,999.9,15
2025-05-20T06:00,37.4,46,23.7,0.0,0.119,39.2,6.5,999.6,20
2025-05-20T07:00,38.4,42,23.2,0.0,0.118,41.2,6.9,999.0,28
2025-05-20T08:00,38.9,39,22.7,0.0,0.118,42.5,2.5,998.1,24
2025-05-20T09:00,38.1,41,22.5,0.0,0.118,43.6,7.3,997.4,32
2025-05-20T10:00,36.0,49,23.7,1.3,0.133,42.5,6.8,996.4,58
2025-05-20T11:00,36.7,45,22.8,0.4,0.135,41.8,3.8,995.6,77
2025-05-20T12:00,36.0,48,23.3,0.0,0.134,40.3,4.5,996.2,41
2025-05-20T13:00,37.1,37,20.0,0.0,0.125,39.8,6.5,995.5,6
2025-05-20T14:00,35.2,44,21.2,0.0,0.124,38.2,3.7,996.0,6
2025-05-20T15:00,34.8,46,21.4,0.0,0.124,36.9,0.3,996.5,10
2025-05-20T16:00,33.7,50,21.8,0.0,0.124,35.9,7.8,997.2,14
2025-05-20T17:00,32.6,56,22.7,0.0,0.124,35.1,8.6,997.5,18
2025-05-20T18:00,31.8,60,23.2,0.0,0.124,34.3,8.6,997.5,8
2025-05-20T19:00,31.2,64,23.7,0.0,0.123,33.7,9.3,997.7,2
2025-05-20T20:00,30.8,67,24.0,0.0,0.123,33.2,10.9,997.7,2
2025-05-20T21:00,30.4,70,24.3,0.0,0.123,32.7,9.9,997.4,0
2025-05-20T22:00,29.9,73,24.5,0.0,0.123,32.3,7.8,997.3,0
2025-05-20T23:00,29.5,75,24.7,0.0,0.123,32.0,5.8,997.0,0
2025-05-21T00:00,28.9,80,25.0,0.0,0.123,31.5,3.1,997.2,0
2025-05-21T01:00,29.5,78,25.2,0.0,0.115,32.4,12.1,999.5,100
2025-05-21T02:00,30.1,76,25.4,0.0,0.115,32.5,11.7,999.6,100
2025-05-21T03:00,32.0,67,25.1,0.0,0.115,33.6,9.4,999.8,100
2025-05-21T04:00,34.0,59,24.8,0.0,0.115,35.4,8.3,1000.2,97
2025-05-21T05:00,35.8,52,24.3,0.0,0.115,37.6,7.3,1000.0,92
2025-05-21T06:00,37.2,46,23.7,0.0,0.115,39.9,7.1,999.7,26
2025-05-21T07:00,38.4,42,23.4,0.0,0.115,42.0,6.3,998.9,93
2025-05-21T08:00,39.2,39,22.9,0.0,0.115,43.6,6.1,998.1,80
2025-05-21T09:00,39.9,37,22.4,0.0,0.115,44.7,5.4,997.0,13
2025-05-21T10:00,40.4,35,21.9,0.0,0.115,45.2,6.1,995.9,30
2025-05-21T11:00,39.1,37,21.7,0.0,0.115,44.9,4.8,995.5,54
2025-05-21T12:00,36.9,42,22.0,0.0,0.115,43.7,7.1,995.7,62
2025-05-21T13:00,36.5,45,22.7,0.0,0.129,39.6,6.3,995.5,65
2025-05-21T14:00,35.0,54,24.2,0.0,0.128,38.1,1.4,996.0,55
2025-05-21T15:00,34.7,53,23.8,0.0,0.128,36.9,8.5,997.1,29
2025-05-21T16:00,27.0,84,24.0,1.8,0.149,34.4,15.8,999.3,100
2025-05-21T17:00,27.1,95,26.2,0.7,0.156,32.4,11.5,998.7,100
2025-05-21T18:00,27.4,88,25.2,0.0,0.157,31.2,10.5,998.9,99
2025-05-21T19:00,27.5,86,25.0,0.0,0.156,30.8,10.5,998.0,100
2025-05-21T20:00,27.6,87,25.1,0.0,0.156,30.5,7.8,997.3,72
2025-05-21T21:00,27.4,89,25.4,0.0,0.156,30.3,7.3,997.5,30
2025-05-21T22:00,27.2,89,25.2,0.0,0.156,30.1,2.8,997.6,98
2025-05-21T23:00,27.5,86,25.0,0.0,0.156,30.0,2.9,997.4,99
2025-05-22T00:00,27.6,85,24.8,0.0,0.156,29.9,5.1,997.7,53
2025-05-22T01:00,29.4,72,23.9,0.0,0.125,31.9,13.0,997.9,0
2025-05-22T02:00,30.7,59,21.9,0.0,0.125,32.2,12.3,998.0,0
2025-05-22T03:00,32.5,51,20.9,0.0,0.124,33.2,12.0,998.4,0
2025-05-22T04:00,34.1,46,21.0,0.0,0.124,34.7,12.4,998.7,2
2025-05-22T05:00,35.8,42,20.9,0.0,0.123,36.7,9.5,998.9,3
2025-05-22T06:00,37.2,39,21.1,0.0,0.122,38.7,8.0,998.5,2
2025-05-22T07:00,38.2,38,21.4,0.0,0.121,40.7,5.9,997.8,8
2025-05-22T08:00,39.1,36,21.4,0.0,0.12,42.2,5.5,996.7,11
2025-05-22T09:00,39.5,35,21.3,0.0,0.119,43.3,4.6,995.4,20
2025-05-22T10:00,39.7,35,21.5,0.0,0.119,43.8,5.9,994.7,29
2025-05-22T11:00,37.8,39,21.4,0.0,0.118,43.5,4.7,994.7,74
2025-05-22T12:00,36.9,41,21.7,0.0,0.118,42.1,9.5,994.2,22
2025-05-22T13:00,37.2,40,21.2,0.0,0.127,40.0,5.5,994.0,14
2025-05-22T14:00,35.3,50,23.4,0.0,0.127,38.4,1.5,994.7,9
2025-05-22T15:00,34.1,52,22.9,0.0,0.127,37.1,5.2,995.5,4
2025-05-22T16:00,33.9,51,22.5,0.0,0.126,36.1,9.1,996.0,4
2025-05-22T17:00,33.4,53,22.4,0.0,0.126,35.3,7.1,996.2,3
2025-05-22T18:00,32.4,57,22.9,0.0,0.126,34.6,9.6,996.2,0
2025-05-22T19:00,31.2,63,23.2,0.0,0.126,33.9,10.8,995.6,0
2025-05-22T20:00,30.6,66,23.6,0.0,0.126,33.3,8.6,995.1,1
2025-05-22T21:00,30.2,69,23.9,0.0,0.126,32.8,7.6,994.7,0
2025-05-22T22:00,29.9,71,24.0,0.0,0.126,32.4,4.6,994.6,0
2025-05-22T23:00,29.4,72,23.9,0.0,0.125,32.0,3.3,994.9,0
2025-05-23T00:00,29.3,73,23.9,0.0,0.125,31.6,9.4,995.5,0
2025-05-23T01:00,28.2,76,23.6,0.0,0.125,31.4,9.4,995.9,36
2025-05-23T02:00,29.5,71,23.6,0.1,0.125,31.8,2.7,996.4,7
2025-05-23T03:00,31.6,62,23.5,0.0,0.125,33.0,2.6,996.7,9
2025-05-23T04:00,34.3,51,22.8,0.0,0.125,34.9,4.6,996.7,12
2025-05-23T05:00,36.3,45,22.4,0.0,0.124,37.0,6.5,996.6,1
2025-05-23T06:00,37.9,41,22.3,0.0,0.123,39.0,8.3,995.7,1
2025-05-23T07:00,38.9,38,21.9,0.0,0.122,40.9,7.9,994.9,28
2025-05-23T08:00,39.6,35,21.4,0.0,0.121,42.4,6.3,994.0,12
2025-05-23T09:00,40.0,34,20.9,0.0,0.12,43.4,5.3,992.9,33
2025-05-23T10:00,39.7,33,20.5,0.0,0.119,43.8,4.9,991.9,26
2025-05-23T11:00,38.4,37,21.1,0.0,0.119,43.3,10.4,991.5,54
2025-05-23T12:00,37.2,40,21.4,0.0,0.119,42.1,7.1,991.6,52
2025-05-23T13:00,36.9,40,20.9,0.0,0.133,39.3,12.8,992.0,32
2025-05-23T14:00,33.6,53,22.6,0.0,0.133,37.8,11.8,992.3,87
2025-05-23T15:00,32.6,57,23.1,0.0,0.132,36.4,4.6,992.7,100
2025-05-23T16:00,31.9,60,23.2,0.0,0.132,35.3,8.0,993.6,100
2025-05-23T17:00,31.5,61,23.0,0.0,0.132,34.4,7.8,994.1,100
2025-05-23T18:00,31.1,62,23.0,0.0,0.132,33.7,7.3,994.1,100
2025-05-23T19:00,30.8,65,23.3,0.0,0.132,33.1,7.2,994.0,66
2025-05-23T20:00,30.4,68,23.8,0.0,0.131,32.6,7.3,993.5,87
2025-05-23T21:00,29.9,70,24.0,0.0,0.131,32.2,6.5,993.1,0
2025-05-23T22:00,29.6,72,24.0,0.0,0.131,31.8,6.3,992.9,100
2025-05-23T23:00,29.2,73,23.9,0.0,0.131,31.5,5.6,993.1,36
2025-05-24T00:00,28.5,77,24.0,0.0,0.131,31.1,3.8,993.6,91
2025-05-24T01:00,29.1,75,24.1,0.0,0.209,31.7,4.9,994.4,54
2025-05-24T02:00,30.7,69,24.3,0.0,0.208,31.9,4.8,995.2,66
2025-05-24T03:00,32.5,57,22.8,0.0,0.206,32.7,5.2,996.0,3
2025-05-24T04:00,33.9,50,22.0,0.0,0.204,34.0,3.6,996.3,0
2025-05-24T05:00,35.2,45,21.4,0.0,0.2,35.4,4.2,996.4,2
2025-05-24T06:00,36.4,41,21.1,0.0,0.196,36.9,4.5,996.0,1
2025-05-24T07:00,37.4,39,21.0,0.0,0.191,38.2,5.0,995.1,53
2025-05-24T08:00,38.2,36,20.7,0.0,0.186,39.2,5.1,993.7,7
2025-05-24T09:00,39.2,33,20.1,0.0,0.182,39.9,5.0,992.4,6
2025-05-24T10:00,39.7,32,19.8,0.0,0.178,40.2,1.9,991.6,14
2025-05-24T11:00,39.6,30,19.1,0.0,0.175,40.1,1.9,991.4,20
2025-05-24T12:00,39.2,31,18.8,0.0,0.173,39.4,0.5,991.5,10
2025-05-24T13:00,35.9,43,21.3,0.0,0.188,37.0,14.9,992.4,100
2025-05-24T14:00,32.2,59,23.1,0.0,0.187,35.6,13.5,992.8,89
2025-05-24T15:00,31.8,62,23.5,0.0,0.186,34.4,14.8,993.5,100
2025-05-24T16:00,31.8,62,23.7,0.0,0.186,33.6,14.3,993.8,100
2025-05-24T17:00,31.1,57,21.6,0.0,0.185,32.9,12.8,994.7,100
2025-05-24T18:00,30.4,57,20.9,0.0,0.184,32.2,11.5,995.2,99
2025-05-24T19:00,30.1,58,21.0,0.0,0.184,31.7,10.8,995.0,100
2025-05-24T20:00,29.7,61,21.5,0.0,0.183,31.2,8.4,994.8,100
2025-05-24T21:00,29.3,65,22.0,0.0,0.183,30.9,5.7,994.9,100
2025-05-24T22:00,29.1,67,22.4,0.0,0.183,30.7,6.7,995.0,100
2025-05-24T23:00,28.9,69,22.7,0.0,0.182,30.4,5.0,995.3,100
2025-05-25T00:00,28.4,74,23.3,0.0,0.182,30.2,4.7,995.5,98
2025-05-25T01:00,29.8,81,26.1,0.0,0.173,31.5,5.4,995.7,74
2025-05-25T02:00,30.8,73,25.4,0.0,0.173,31.7,5.7,996.4,5
2025-05-25T03:00,32.1,66,25.0,0.0,0.172,32.6,4.9,997.0,87
2025-05-25T04:00,33.4,60,24.6,0.0,0.17,33.9,6.5,997.1,100
2025-05-25T05:00,33.2,60,24.4,0.0,0.168,34.2,4.9,997.4,61
2025-05-25T06:00,35.7,52,24.3,0.0,0.165,36.2,2.9,997.2,17
2025-05-25T07:00,36.9,48,24.2,0.0,0.162,37.9,1.9,996.5,28
2025-05-25T08:00,37.8,45,23.8,0.0,0.159,39.3,2.5,995.4,94
2025-05-25T09:00,37.4,45,23.5,0.0,0.157,39.2,3.8,994.5,76
2025-05-25T10:00,37.5,44,23.3,0.0,0.155,39.1,2.7,993.5,88
2025-05-25T11:00,37.4,44,23.0,0.0,0.153,38.8,3.2,993.1,100
2025-05-25T12:00,36.8,45,22.8,0.0,0.152,37.8,3.4,993.0,100
2025-05-25T13:00,35.6,58,26.2,0.0,0.174,36.0,1.9,994.0,99
2025-05-25T14:00,34.4,57,24.6,0.0,0.174,35.2,2.0,994.4,100
2025-05-25T15:00,33.7,58,24.4,0.0,0.174,34.4,9.2,995.1,99
2025-05-25T16:00,32.8,64,25.0,0.0,0.173,33.8,10.4,996.0,100
2025-05-25T17:00,32.2,64,24.5,0.0,0.173,33.3,11.9,996.7,99
2025-05-25T18:00,31.3,69,24.9,0.0,0.172,32.8,11.5,996.7,97
2025-05-25T19:00,30.5,74,25.3,0.0,0.172,32.3,10.7,996.5,95
2025-05-25T20:00,29.9,77,25.5,0.0,0.172,31.9,9.7,996.2,81
2025-05-25T21:00,29.4,80,25.7,0.0,0.172,31.5,7.9,996.0,46
2025-05-25T22:00,29.0,84,25.9,0.0,0.172,31.1,4.5,995.9,48
2025-05-25T23:00,28.6,87,26.1,0.0,0.172,30.8,4.6,995.8,99
2025-05-26T00:00,28.3,89,26.4,0.0,0.172,30.5,3.4,996.0,96
2025-05-26T01:00,28.8,86,26.2,0.0,0.165,30.6,2.4,996.7,100
2025-05-26T02:00,29.7,82,26.4,0.0,0.165,30.9,1.5,997.2,100
2025-05-26T03:00,31.5,74,26.2,0.0,0.164,32.0,3.7,997.8,42
2025-05-26T04:00,33.3,63,25.4,0.0,0.163,33.4,7.9,997.7,66
2025-05-26T05:00,35.3,53,24.3,0.0,0.161,34.9,9.3,997.5,4
2025-05-26T06:00,37.0,46,23.5,0.0,0.158,36.6,8.7,996.9,100
2025-05-26T07:00,38.1,43,23.4,0.0,0.155,38.1,6.5,995.8,71
2025-05-26T08:00,39.0,40,23.2,0.0,0.152,39.4,4.8,994.9,38
2025-05-26T09:00,39.6,39,22.9,0.0,0.149,40.3,5.3,993.6,13
2025-05-26T10:00,39.9,37,22.4,0.0,0.147,40.7,6.3,992.2,59
2025-05-26T11:00,40.0,35,21.7,0.0,0.145,40.6,5.2,991.3,98
2025-05-26T12:00,39.8,35,21.3,0.0,0.143,39.9,5.0,990.9,96
2025-05-26T13:00,36.5,53,25.5,0.0,0.175,37.7,3.6,992.2,96
2025-05-26T14:00,35.1,54,24.4,0.0,0.175,36.3,5.4,992.4,81
2025-05-26T15:00,34.2,54,23.7,0.0,0.174,35.2,5.3,992.8,25
2025-05-26T16:00,33.8,55,23.6,0.0,0.174,34.4,13.4,993.7,1
2025-05-26T17:00,32.3,61,23.9,0.0,0.174,33.7,15.3,994.3,9
2025-05-26T18:00,31.5,68,24.8,0.0,0.173,33.1,16.4,994.6,7
2025-05-26T19:00,31.2,72,25.6,0.0,0.173,32.7,16.3,994.2,17
2025-05-26T20:00,31.0,73,25.6,0.0,0.173,32.3,13.4,993.8,89
2025-05-26T21:00,30.7,73,25.4,0.0,0.172,32.0,11.3,993.7,2
2025-05-26T22:00,30.3,74,25.2,0.0,0.172,31.7,9.9,993.7,1
2025-05-26T23:00,30.0,76,25.2,0.0,0.172,31.4,8.7,993.9,9
2025-05-27T00:00,29.6,77,25.1,0.0,0.172,31.1,7.5,994.3,10
2025-05-27T01:00,29.2,81,25.7,0.0,0.177,30.8,13.0,995.2,100
2025-05-27T02:00,29.7,79,25.8,0.0,0.176,31.0,16.3,995.7,100
2025-05-27T03:00,30.7,74,25.5,0.0,0.176,31.6,17.3,996.0,99
2025-05-27T04:00,32.6,65,25.2,0.0,0.174,32.6,17.1,996.0,100
2025-05-27T05:00,33.6,61,25.1,0.0,0.173,33.4,16.6,995.9,86
2025-05-27T06:00,34.5,58,25.0,0.0,0.171,34.5,16.1,995.6,100
2025-05-27T07:00,35.1,56,24.9,0.0,0.168,35.3,14.0,995.2,100
2025-05-27T08:00,36.3,51,24.6,0.0,0.166,36.1,9.7,994.0,100
2025-05-27T09:00,37.2,49,24.7,0.0,0.163,37.1,9.3,992.7,94
2025-05-27T10:00,37.4,49,24.8,0.0,0.161,37.8,11.3,991.5,47
2025-05-27T11:00,37.8,46,24.3,0.0,0.159,38.0,6.5,990.8,45
2025-05-27T12:00,37.9,45,24.0,0.0,0.157,37.7,8.8,990.5,89
2025-05-27T13:00,34.1,59,24.9,0.0,0.229,35.7,10.8,991.8,38
2025-05-27T14:00,32.2,68,25.5,0.0,0.228,34.6,19.4,992.0,21
2025-05-27T15:00,30.6,75,25.7,0.0,0.227,33.6,18.1,993.6,37
2025-05-27T16:00,29.9,79,25.8,0.0,0.227,32.8,20.8,994.6,79
2025-05-27T17:00,29.1,82,25.8,0.0,0.227,32.2,18.5,995.2,79
2025-05-27T18:00,29.1,82,25.7,0.0,0.227,31.7,18.4,995.0,99
2025-05-27T19:00,29.1,82,25.8,0.0,0.226,31.3,14.7,995.1,100
2025-05-27T20:00,29.2,82,25.8,0.0,0.226,31.0,13.0,994.8,100
2025-05-27T21:00,29.3,81,25.8,0.0,0.226,30.8,12.7,994.5,100
2025-05-27T22:00,29.3,78,25.2,0.0,0.226,30.7,12.5,994.4,100
2025-05-27T23:00,28.9,77,24.5,0.0,0.226,30.5,12.3,994.4,100
2025-05-28T00:00,28.5,79,24.4,0.0,0.226,30.2,11.5,994.6,100
2025-05-28T01:00,28.8,80,25.0,0.0,0.225,30.5,9.0,995.6,100
2025-05-28T02:00,29.7,77,25.2,0.0,0.224,30.7,9.7,996.0,100
2025-05-28T03:00,30.8,72,25.1,0.0,0.223,31.3,12.3,996.3,100
2025-05-28T04:00,31.9,67,24.9,0.0,0.222,32.1,10.9,996.5,100
2025-05-28T05:00,33.1,61,24.7,0.0,0.219,33.2,10.6,996.6,100
2025-05-28T06:00,34.1,57,24.3,0.0,0.216,34.1,11.5,996.0,100
2025-05-28T07:00,35.3,52,23.9,0.0,0.213,34.9,10.5,995.1,100
2025-05-28T08:00,36.6,46,23.3,0.0,0.209,35.9,8.0,994.0,100
2025-05-28T09:00,37.5,45,23.5,0.0,0.206,36.8,9.8,992.8,94
2025-05-28T10:00,37.4,45,23.6,0.0,0.202,37.2,13.8,991.8,100
2025-05-28T11:00,36.8,48,23.8,0.0,0.199,37.0,15.2,991.5,99
2025-05-28T12:00,36.6,48,23.9,0.0,0.197,36.5,12.9,991.0,100
2025-05-28T13:00,34.4,55,24.1,0.0,0.221,34.7,10.4,991.8,100
2025-05-28T14:00,31.9,70,25.8,0.0,0.221,33.8,18.6,992.4,100
2025-05-28T15:00,30.6,77,26.1,0.0,0.221,32.9,14.3,993.9,100
2025-05-28T16:00,30.0,83,26.8,0.1,0.221,32.3,0.2,995.2,100
2025-05-28T17:00,29.0,87,26.6,0.6,0.227,31.3,11.2,995.4,98
2025-05-28T18:00,29.2,85,26.5,0.1,0.228,30.6,16.6,995.4,100
2025-05-28T19:00,29.4,83,26.2,0.0,0.228,30.4,16.3,994.6,100
2025-05-28T20:00,29.7,81,26.1,0.0,0.228,30.4,16.3,993.6,100
2025-05-28T21:00,30.2,76,25.4,0.0,0.228,30.4,16.5,993.2,100
2025-05-28T22:00,30.0,71,24.2,0.0,0.228,30.4,14.7,993.0,100
2025-05-28T23:00,29.3,74,24.2,0.0,0.228,30.2,11.2,993.1,79
2025-05-29T00:00,28.6,78,24.5,0.0,0.228,30.0,8.5,993.5,68
2025-05-29T01:00,27.7,73,22.5,0.0,0.378,28.6,7.5,994.0,100
2025-05-29T02:00,28.3,69,22.0,0.0,0.375,28.8,3.3,993.6,99
2025-05-29T03:00,29.0,71,23.2,0.0,0.372,29.3,9.4,993.8,86
2025-05-29T04:00,30.9,64,23.2,0.0,0.368,30.2,9.3,994.5,67
2025-05-29T05:00,32.8,56,22.9,0.0,0.363,31.7,7.3,995.0,30
2025-05-29T06:00,34.1,52,22.9,0.0,0.356,33.2,8.3,994.6,41
2025-05-29T07:00,35.1,50,23.0,0.0,0.349,34.4,8.9,994.1,65
2025-05-29T08:00,35.8,48,23.3,0.0,0.342,35.4,8.3,993.3,99
2025-05-29T09:00,36.3,48,23.5,0.0,0.336,36.0,9.3,992.3,86
2025-05-29T10:00,36.6,48,23.7,0.0,0.33,36.1,9.5,991.5,13
2025-05-29T11:00,36.2,49,23.9,0.0,0.326,35.9,11.5,991.0,18
2025-05-29T12:00,34.9,55,24.5,0.0,0.322,35.2,11.8,990.8,25
2025-05-29T13:00,33.0,61,24.6,0.0,0.345,34.2,14.5,991.2,19
2025-05-29T14:00,31.3,66,24.3,0.0,0.343,33.2,19.3,991.6,99
2025-05-29T15:00,29.9,73,24.6,0.0,0.342,32.3,16.9,992.6,82
2025-05-29T16:00,29.3,79,25.3,0.0,0.341,31.7,17.3,993.6,73
2025-05-29T17:00,29.0,80,25.2,0.0,0.341,31.2,17.6,994.2,12
2025-05-29T18:00,29.3,78,25.1,0.0,0.34,30.8,16.0,994.4,5
2025-05-29T19:00,28.9,81,25.4,0.0,0.339,30.6,8.7,994.4,97
2025-05-29T20:00,29.1,81,25.6,0.0,0.339,30.4,15.6,993.2,100
2025-05-29T21:00,29.0,82,25.6,0.0,0.338,30.3,14.3,992.8,100
2025-05-29T22:00,28.8,81,25.3,0.0,0.338,30.2,14.1,992.8,67
2025-05-29T23:00,28.5,81,25.0,0.0,0.337,30.0,12.2,993.0,92
2025-05-30T00:00,28.2,83,25.1,0.0,0.337,29.8,11.4,993.3,30
2025-05-30T01:00,28.6,86,26.1,0.0,0.333,30.5,12.4,994.3,96
2025-05-30T02:00,29.3,83,26.1,0.0,0.333,30.5,14.1,994.6,24
2025-05-30T03:00,30.4,75,25.5,0.0,0.331,31.0,15.4,995.1,65
2025-05-30T04:00,31.4,69,25.1,0.0,0.328,31.8,15.7,995.2,20
2025-05-30T05:00,32.6,63,24.7,0.0,0.324,32.8,16.0,995.2,16
2025-05-30T06:00,33.7,58,24.2,0.0,0.319,33.8,16.7,995.0,12
2025-05-30T07:00,34.6,54,23.9,0.0,0.314,34.6,16.7,994.5,4
2025-05-30T08:00,35.4,51,23.8,0.0,0.308,35.3,16.7,993.7,0
2025-05-30T09:00,35.9,49,23.6,0.0,0.303,35.8,17.7,992.7,2
2025-05-30T10:00,35.9,50,23.8,0.0,0.298,35.9,19.5,992.0,2
2025-05-30T11:00,35.1,54,24.3,0.0,0.294,35.6,21.7,991.8,26
2025-05-30T12:00,33.3,62,25.0,0.0,0.291,34.9,22.3,991.7,13
2025-05-30T13:00,32.1,69,25.6,0.0,0.309,33.8,20.8,992.3,20
2025-05-30T14:00,30.6,71,24.7,0.0,0.309,32.8,21.2,993.0,19
2025-05-30T15:00,29.8,74,24.8,0.0,0.308,32.0,22.5,993.7,18
2025-05-30T16:00,29.5,80,25.6,0.0,0.308,31.4,22.9,994.7,65
2025-05-30T17:00,29.5,81,25.8,0.0,0.308,31.0,23.0,995.7,0
2025-05-30T18:00,29.4,81,25.8,0.0,0.308,30.7,22.3,996.1,1
2025-05-30T19:00,29.1,81,25.6,0.0,0.307,30.5,21.3,996.3,4
2025-05-30T20:00,28.7,82,25.3,0.0,0.307,30.2,19.2,996.0,9
2025-05-30T21:00,28.3,82,24.9,0.0,0.307,30.0,17.3,995.9,11
2025-05-30T22:00,27.8,83,24.7,0.0,0.307,29.7,15.4,996.3,27
2025-05-30T23:00,27.4,85,24.7,0.0,0.307,29.4,14.0,997.1,45
2025-05-31T00:00,27.3,85,24.6,0.0,0.307,29.2,12.5,997.8,80
2025-05-31T01:00,28.3,83,25.0,0.0,0.297,30.5,13.9,998.0,22
2025-05-31T02:00,29.1,77,24.7,0.0,0.297,30.4,17.2,998.6,90
2025-05-31T03:00,30.1,70,24.0,0.0,0.295,30.8,18.3,999.1,82
2025-05-31T04:00,31.3,63,23.3,0.0,0.293,31.4,19.0,999.3,74
2025-05-31T05:00,32.3,58,23.0,0.0,0.29,32.2,20.2,999.3,50
2025-05-31T06:00,33.3,54,22.7,0.0,0.285,33.1,21.1,999.0,26
2025-05-31T07:00,34.3,50,22.5,0.0,0.281,33.9,20.0,998.4,6
2025-05-31T08:00,35.4,45,21.8,0.0,0.276,34.7,19.4,997.6,4
2025-05-31T09:00,35.6,46,22.1,0.0,0.271,35.2,21.4,996.8,59
2025-05-31T10:00,35.1,49,22.8,0.0,0.266,35.3,21.2,996.3,17
2025-05-31T11:00,33.7,56,23.8,0.0,0.263,34.9,23.8,996.1,20
2025-05-31T12:00,33.2,58,23.7,0.0,0.261,34.3,22.5,995.7,12
2025-05-31T13:00,32.2,59,23.2,0.0,0.263,33.2,21.3,996.2,15
2025-05-31T14:00,30.8,62,22.7,0.0,0.262,32.3,22.1,996.6,18
2025-05-31T15:00,29.8,73,24.4,0.0,0.262,31.6,23.6,997.2,12
2025-05-31T16:00,29.5,75,24.5,0.0,0.262,31.0,23.1,998.2,33
2025-05-31T17:00,29.3,74,24.3,0.0,0.262,30.6,22.4,998.9,2
2025-05-31T18:00,29.0,75,24.1,0.0,0.262,30.2,20.6,999.3,7
2025-05-31T19:00,28.6,77,24.2,0.0,0.262,29.9,19.1,999.3,80
2025-05-31T20:00,28.3,80,24.6,0.0,0.262,29.7,16.8,999.0,68
2025-05-31T21:00,28.1,81,24.6,0.0,0.262,29.4,15.1,998.3,65
2025-05-31T22:00,27.9,82,24.5,0.0,0.262,29.2,14.1,998.1,51
2025-05-31T23:00,27.4,83,24.4,0.0,0.262,29.0,12.1,998.3,68
2025-06-01T00:00,27.0,86,24.5,0.0,0.263,28.7,11.1,998.6,68
2025-06-01T01:00,27.8,83,24.6,0.0,0.252,30.0,8.0,999.2,22
2025-06-01T02:00,29.2,77,24.7,0.1,0.253,30.0,11.1,999.6,64
2025-06-01T03:00,30.4,71,24.5,0.1,0.253,30.5,15.6,1000.1,63
2025-06-01T04:00,31.9,63,23.9,0.0,0.251,31.4,17.4,999.9,17
2025-06-01T05:00,33.3,54,22.7,0.0,0.247,32.5,18.1,999.8,8
2025-06-01T06:00,34.3,47,21.2,0.0,0.243,33.5,19.1,999.2,0
2025-06-01T07:00,35.3,42,20.6,0.0,0.239,34.4,20.0,998.3,0
2025-06-01T08:00,35.8,42,20.9,0.0,0.234,35.2,20.2,997.5,4
2025-06-01T09:00,36.1,40,20.4,0.0,0.229,35.6,19.6,996.5,9
2025-06-01T10:00,35.8,40,20.1,0.0,0.225,35.5,19.4,995.9,27
2025-06-01T11:00,34.3,50,22.4,0.0,0.223,35.1,21.7,995.7,7
2025-06-01T12:00,33.0,54,22.6,0.0,0.22,34.5,23.1,995.6,14
2025-06-01T13:00,31.7,58,22.3,0.0,0.221,33.2,19.8,996.5,5
2025-06-01T14:00,30.5,63,22.6,0.0,0.22,32.2,19.0,996.6,2
2025-06-01T15:00,29.7,68,23.1,0.0,0.22,31.4,21.0,997.0,1
2025-06-01T16:00,29.3,71,23.5,0.0,0.22,30.8,22.5,997.3,0
2025-06-01T17:00,29.1,75,24.2,0.0,0.22,30.4,20.0,997.9,28
2025-06-01T18:00,28.8,78,24.7,0.0,0.22,30.1,18.2,998.2,3
2025-06-01T19:00,28.6,80,24.9,0.0,0.22,29.8,16.6,998.1,0
2025-06-01T20:00,28.2,82,24.9,0.0,0.221,29.6,15.2,997.9,2
2025-06-01T21:00,28.0,82,24.7,0.0,0.221,29.4,14.9,997.6,8
2025-06-01T22:00,27.7,83,24.6,0.0,0.221,29.2,13.4,997.4,10
2025-06-01T23:00,27.4,84,24.6,0.0,0.221,28.9,11.4,997.3,7
2025-06-02T00:00,26.8,87,24.5,0.1,0.222,28.7,11.3,997.6,44
2025-06-02T01:00,26.9,88,24.7,0.3,0.197,30.4,9.7,997.9,100
2025-06-02T02:00,27.6,86,25.0,0.0,0.198,30.0,9.9,998.3,65
2025-06-02T03:00,29.2,76,24.6,0.1,0.198,30.5,14.7,998.6,68
2025-06-02T04:00,30.1,73,24.8,1.3,0.212,30.6,15.7,998.6,98
2025-06-02T05:00,31.8,60,23.0,0.2,0.212,31.4,16.4,998.4,90
2025-06-02T06:00,34.0,45,20.4,0.0,0.209,32.8,19.6,997.7,86
2025-06-02T07:00,34.3,43,20.1,0.0,0.206,33.7,19.3,996.9,83
2025-06-02T08:00,35.3,40,19.5,0.0,0.202,34.6,19.2,996.2,27
2025-06-02T09:00,35.2,40,19.5,0.0,0.198,34.9,19.3,995.5,21
2025-06-02T10:00,35.2,41,19.8,0.0,0.195,35.1,18.3,994.9,20
2025-06-02T11:00,34.4,44,20.5,0.0,0.193,34.9,20.7,994.7,10
2025-06-02T12:00,32.7,56,22.8,0.0,0.191,34.2,21.5,994.7,6
2025-06-02T13:00,30.9,66,23.8,0.0,0.181,33.2,19.1,995.4,10
2025-06-02T14:00,30.4,70,24.4,0.0,0.181,32.2,19.8,995.6,8
2025-06-02T15:00,30.0,72,24.5,0.0,0.181,31.5,19.9,996.4,67
2025-06-02T16:00,29.8,71,24.1,0.0,0.181,31.0,20.5,997.0,87
2025-06-02T17:00,29.6,73,24.2,0.0,0.182,30.7,20.8,997.6,17
2025-06-02T18:00,29.0,77,24.5,0.0,0.182,30.3,18.4,997.9,2
2025-06-02T19:00,28.6,80,24.8,0.0,0.182,30.0,16.2,997.7,34
2025-06-02T20:00,28.3,81,24.8,0.0,0.182,29.7,15.3,997.4,59
2025-06-02T21:00,28.0,82,24.6,0.0,0.183,29.5,14.9,997.1,63
2025-06-02T22:00,27.5,83,24.5,0.0,0.183,29.2,14.7,997.3,15
2025-06-02T23:00,26.3,88,24.2,0.0,0.184,28.9,15.3,997.8,51
2025-06-03T00:00,25.7,89,23.8,0.0,0.184,28.5,12.8,998.3,72
2025-06-03T01:00,27.8,80,24.0,0.0,0.176,30.4,11.7,998.4,88
2025-06-03T02:00,28.0,78,23.9,0.0,0.177,30.1,12.5,998.9,96
2025-06-03T03:00,29.1,74,24.0,0.0,0.176,30.5,12.4,999.2,95
2025-06-03T04:00,30.6,68,24.1,0.0,0.175,31.3,16.1,999.5,94
2025-06-03T05:00,32.8,57,23.2,0.0,0.174,32.5,16.8,999.1,94
2025-06-03T06:00,33.5,52,22.3,0.0,0.172,33.2,19.0,998.7,100
2025-06-03T07:00,33.8,50,22.1,0.0,0.17,33.8,17.0,998.2,80
2025-06-03T08:00,35.0,48,22.3,0.0,0.167,35.1,15.9,997.5,84
2025-06-03T09:00,35.8,45,22.1,0.0,0.165,35.8,15.0,996.4,80
2025-06-03T10:00,35.9,43,21.2,0.0,0.162,36.1,14.9,995.6,89
2025-06-03T11:00,34.2,46,20.9,0.3,0.164,35.7,17.3,995.7,67
2025-06-03T12:00,33.4,52,22.1,0.0,0.163,34.9,16.6,995.5,59
2025-06-03T13:00,32.8,52,21.6,0.0,0.163,34.1,16.2,996.3,43
2025-06-03T14:00,31.3,64,23.6,0.0,0.163,33.0,15.8,997.2,22
2025-06-03T15:00,30.6,69,24.3,0.0,0.163,32.2,14.7,997.9,62
2025-06-03T16:00,30.0,72,24.5,0.0,0.163,31.6,17.2,998.7,86
2025-06-03T17:00,29.0,73,23.7,0.0,0.163,31.0,18.0,999.2,100
2025-06-03T18:00,28.0,70,22.1,0.0,0.163,30.5,13.7,999.1,100
2025-06-03T19:00,28.0,75,23.1,0.0,0.163,30.0,12.7,999.0,100
2025-06-03T20:00,28.1,81,24.6,0.0,0.163,29.8,11.8,998.5,100
2025-06-03T21:00,28.2,83,25.0,0.0,0.164,29.6,12.4,998.0,100
2025-06-03T22:00,28.3,82,25.0,0.0,0.164,29.4,13.7,998.0,100
2025-06-03T23:00,27.4,85,24.7,0.1,0.165,29.2,16.6,998.4,100
2025-06-04T00:00,26.5,88,24.3,0.4,0.169,28.7,13.2,999.2,100
2025-06-04T01:00,26.9,83,23.8,0.0,0.16,29.2,13.0,999.5,10
2025-06-04T02:00,27.6,79,23.6,0.0,0.16,29.3,12.0,1000.3,19
2025-06-04T03:00,29.1,73,23.7,0.0,0.159,30.0,12.2,1000.9,15
2025-06-04T04:00,31.0,65,23.6,0.0,0.158,31.2,13.9,1001.0,6
2025-06-04T05:00,32.3,58,23.0,0.0,0.157,32.5,16.1,1001.1,4
2025-06-04T06:00,33.6,53,22.8,0.0,0.155,33.8,14.3,1000.9,8
2025-06-04T07:00,34.3,50,22.5,0.0,0.153,35.0,13.8,1000.4,41
2025-06-04T08:00,34.5,50,22.5,0.0,0.151,35.8,11.8,999.8,74
2025-06-04T09:00,34.4,50,22.4,0.0,0.15,35.9,10.5,998.8,25
2025-06-04T10:00,34.9,47,22.0,0.0,0.148,36.4,10.5,998.1,23
2025-06-04T11:00,34.7,43,20.3,0.0,0.147,36.2,9.8,997.5,15
2025-06-04T12:00,34.6,41,19.3,0.0,0.146,35.7,9.4,997.4,8
2025-06-04T13:00,33.1,52,21.8,0.0,0.159,33.9,3.8,998.7,9
2025-06-04T14:00,31.3,56,21.4,0.0,0.159,32.8,9.4,999.6,3
2025-06-04T15:00,29.6,66,22.6,0.0,0.159,31.8,10.4,1000.5,1
2025-06-04T16:00,29.2,70,23.0,0.0,0.159,31.0,10.4,1001.1,1
2025-06-04T17:00,28.8,71,23.1,0.0,0.159,30.4,11.7,1001.6,0
2025-06-04T18:00,28.2,75,23.4,0.0,0.159,29.9,12.5,1001.6,0
2025-06-04T19:00,27.9,78,23.8,0.0,0.159,29.5,12.6,1001.2,0
2025-06-04T20:00,27.7,81,24.1,0.0,0.16,29.2,12.3,1000.5,0
2025-06-04T21:00,27.6,82,24.2,0.0,0.16,28.9,9.5,1000.2,0
2025-06-04T22:00,27.3,81,23.8,0.0,0.16,28.7,7.6,1000.4,0
2025-06-04T23:00,27.1,80,23.3,0.0,0.16,28.4,7.2,1000.7,0
2025-06-05T00:00,26.7,84,23.8,0.0,0.161,28.2,7.5,1001.3,0
2025-06-05T01:00,28.0,86,25.3,0.0,0.153,29.7,9.6,1002.1,7
2025-06-05T02:00,28.8,82,25.4,0.1,0.155,29.8,10.1,1003.0,27
2025-06-05T03:00,29.9,76,25.1,0.1,0.156,30.4,11.7,1003.6,24
2025-06-05T04:00,31.0,70,24.9,0.3,0.157,31.5,9.6,1004.4,44
2025-06-05T05:00,32.2,64,24.6,0.0,0.156,32.7,8.0,1004.2,100
2025-06-05T06:00,32.7,61,24.1,0.1,0.156,33.5,7.3,1003.8,90
2025-06-05T07:00,33.6,58,24.2,0.1,0.155,34.6,6.2,1003.5,32
2025-06-05T08:00,34.5,56,24.5,0.0,0.153,35.9,5.8,1002.5,33
2025-06-05T09:00,34.8,55,24.6,0.0,0.151,36.7,6.1,1001.5,24
2025-06-05T10:00,35.0,54,24.3,0.0,0.15,37.0,5.4,1000.8,17
2025-06-05T11:00,35.0,52,23.6,0.0,0.148,37.0,4.3,1000.4,9
2025-06-05T12:00,34.9,50,23.1,0.0,0.147,36.5,5.3,1000.1,2
2025-06-05T13:00,33.5,55,23.1,0.0,0.161,35.1,4.2,1000.9,10
2025-06-05T14:00,32.2,58,22.8,0.0,0.161,33.8,6.4,1001.7,6
2025-06-05T15:00,31.0,62,22.8,0.0,0.161,32.7,4.6,1002.4,2
2025-06-05T16:00,30.3,65,23.0,0.0,0.161,31.8,7.3,1003.0,2
2025-06-05T17:00,29.3,73,23.9,0.0,0.161,31.2,11.2,1003.7,0
2025-06-05T18:00,28.2,80,24.5,0.0,0.162,30.6,11.2,1003.8,0
2025-06-05T19:00,27.7,86,25.2,0.0,0.162,30.1,11.9,1003.5,0
2025-06-05T20:00,27.4,89,25.5,0.0,0.162,29.7,12.2,1003.1,0
2025-06-05T21:00,27.1,92,25.6,0.0,0.163,29.3,11.0,1002.6,0
2025-06-05T22:00,26.8,93,25.6,0.0,0.163,29.0,8.5,1002.5,0
2025-06-05T23:00,26.6,94,25.5,0.0,0.163,28.8,7.3,1002.8,0
2025-06-06T00:00,26.3,95,25.5,0.0,0.164,28.5,7.2,1003.1,0
2025-06-06T01:00,27.6,90,25.8,0.0,0.159,29.7,6.2,1003.4,0
2025-06-06T02:00,29.0,84,26.0,0.0,0.159,30.0,4.0,1004.3,0
2025-06-06T03:00,30.8,73,25.3,0.0,0.158,31.1,3.5,1004.5,0
2025-06-06T04:00,32.5,63,24.5,0.0,0.157,32.5,4.9,1004.8,0
2025-06-06T05:00,34.0,55,23.6,0.0,0.156,34.1,6.3,1004.8,0
2025-06-06T06:00,35.4,49,23.1,0.0,0.154,35.6,7.4,1004.0,0
2025-06-06T07:00,36.5,45,22.6,0.0,0.151,37.0,7.1,1003.4,6
2025-06-06T08:00,37.4,40,21.5,0.0,0.149,38.1,7.6,1002.6,4
2025-06-06T09:00,37.8,36,20.1,0.0,0.146,38.6,8.4,1001.7,31
2025-06-06T10:00,37.8,34,19.3,0.0,0.144,38.7,7.8,1000.8,19
2025-06-06T11:00,37.8,34,19.1,0.0,0.143,38.5,6.7,1000.4,9
2025-06-06T12:00,37.5,35,19.4,0.0,0.142,37.8,4.4,1000.1,7
2025-06-06T13:00,35.6,45,21.8,0.0,0.159,36.2,3.1,1000.4,10
2025-06-06T14:00,32.6,54,22.2,0.0,0.159,34.7,5.3,1000.9,5
2025-06-06T15:00,32.1,53,21.3,0.0,0.159,33.5,13.0,1001.7,3
2025-06-06T16:00,30.2,67,23.5,0.0,0.159,32.5,13.3,1002.5,3
2025-06-06T17:00,29.3,72,23.8,0.0,0.159,31.7,13.9,1002.9,0
2025-06-06T18:00,29.0,76,24.3,0.0,0.159,31.1,14.8,1002.9,0
2025-06-06T19:00,28.8,77,24.3,0.0,0.159,30.7,12.9,1002.6,0
2025-06-06T20:00,28.6,79,24.6,0.0,0.159,30.3,12.8,1002.1,0
2025-06-06T21:00,28.2,82,24.9,0.0,0.16,30.0,10.4,1001.9,0
2025-06-06T22:00,27.9,83,24.8,0.0,0.16,29.7,7.8,1002.0,0
2025-06-06T23:00,27.6,82,24.3,0.0,0.16,29.4,7.1,1002.4,0
2025-06-07T00:00,27.3,80,23.6,0.0,0.16,29.1,7.7,1002.6,0
2025-06-07T01:00,28.1,72,22.6,0.0,0.147,30.0,8.2,1003.6,0
2025-06-07T02:00,29.4,67,22.6,0.0,0.147,30.2,8.1,1003.9,0
2025-06-07T03:00,30.7,64,23.1,0.0,0.146,31.1,9.6,1004.3,0
2025-06-07T04:00,32.2,61,23.7,0.0,0.145,32.5,8.8,1004.5,1
2025-06-07T05:00,33.9,55,23.7,0.0,0.144,34.1,9.2,1004.2,4
2025-06-07T06:00,35.4,49,23.0,0.0,0.142,35.7,9.5,1003.7,1
2025-06-07T07:00,36.5,45,22.5,0.0,0.14,37.2,9.8,1003.1,0
2025-06-07T08:00,37.2,41,22.0,0.0,0.138,38.3,10.3,1002.1,2
2025-06-07T09:00,37.7,38,21.1,0.0,0.136,39.1,11.2,1000.9,8
2025-06-07T10:00,37.7,36,20.1,0.0,0.135,39.2,10.7,1000.1,69
2025-06-07T11:00,37.6,34,19.3,0.0,0.133,39.0,9.4,999.9,87
2025-06-07T12:00,37.1,34,18.9,0.0,0.132,38.3,9.0,999.6,94
2025-06-07T13:00,35.3,41,20.1,0.0,0.15,36.3,5.7,1000.1,76
2025-06-07T14:00,33.0,51,21.5,0.0,0.149,35.0,17.4,1000.8,89
2025-06-07T15:00,31.3,58,22.0,0.0,0.149,33.8,15.8,1001.8,5
2025-06-07T16:00,30.4,64,22.7,0.0,0.149,32.9,16.6,1002.3,8
2025-06-07T17:00,30.0,69,23.7,0.0,0.149,32.1,17.8,1002.5,2
2025-06-07T18:00,29.8,71,23.9,0.0,0.149,31.6,17.3,1002.3,22
2025-06-07T19:00,29.8,72,24.1,0.0,0.149,31.2,15.0,1002.0,9
2025-06-07T20:00,29.5,72,23.9,0.0,0.149,30.9,9.7,1001.9,3
2025-06-07T21:00,29.0,72,23.5,0.0,0.149,30.5,6.3,1001.6,15
2025-06-07T22:00,28.7,73,23.3,0.0,0.149,30.2,7.1,1001.5,86
2025-06-07T23:00,28.4,75,23.6,0.0,0.149,29.9,8.4,1002.0,0
2025-06-08T00:00,28.1,77,23.7,0.0,0.149,29.6,9.4,1002.3,0
2025-06-08T01:00,28.9,76,24.3,0.0,0.134,31.0,9.6,1003.0,0
2025-06-08T02:00,30.0,72,24.5,0.0,0.134,31.1,11.6,1003.7,0
2025-06-08T03:00,31.2,66,24.2,0.0,0.134,31.9,12.3,1003.9,0
2025-06-08T04:00,32.4,63,24.5,0.0,0.133,33.2,11.0,1004.0,2
2025-06-08T05:00,33.8,58,24.3,0.0,0.132,34.8,9.7,1003.7,0
2025-06-08T06:00,35.2,51,23.6,0.0,0.131,36.5,9.4,1003.2,0
2025-06-08T07:00,36.4,46,23.0,0.0,0.129,38.0,9.2,1002.4,0
2025-06-08T08:00,37.2,43,22.7,0.0,0.128,39.3,9.6,1001.4,0
2025-06-08T09:00,37.8,42,22.5,0.0,0.127,40.1,9.8,1000.1,5
2025-06-08T10:00,38.1,40,22.2,0.0,0.126,40.5,9.6,999.3,9
2025-06-08T11:00,37.9,40,21.9,0.0,0.125,40.3,10.2,998.9,10
2025-06-08T12:00,37.4,40,21.7,0.0,0.124,39.7,11.1,998.7,11
2025-06-08T13:00,35.9,45,22.0,0.0,0.146,37.0,12.1,999.3,41
2025-06-08T14:00,34.3,49,22.1,0.0,0.145,35.8,14.9,999.9,13
2025-06-08T15:00,32.0,62,23.7,0.0,0.145,34.6,15.2,1001.0,9
2025-06-08T16:00,31.1,65,23.6,0.0,0.145,33.6,15.9,1001.5,2
2025-06-08T17:00,30.6,65,23.4,0.0,0.145,32.9,15.2,1001.8,0
2025-06-08T18:00,30.2,69,24.0,0.0,0.145,32.2,14.6,1001.5,0
2025-06-08T19:00,29.9,72,24.4,0.0,0.144,31.7,12.4,1001.1,0
2025-06-08T20:00,30.0,71,24.1,0.0,0.144,31.4,11.1,1000.9,0
2025-06-08T21:00,29.8,66,22.7,0.0,0.144,31.0,12.3,1000.7,0
2025-06-08T22:00,29.3,67,22.4,0.0,0.144,30.7,10.8,1000.8,0
2025-06-08T23:00,28.8,70,22.9,0.0,0.144,30.4,10.8,1001.0,0
2025-06-09T00:00,28.4,74,23.2,0.0,0.144,30.1,10.3,1001.3,0
2025-06-09T01:00,29.1,74,23.9,0.0,0.129,31.4,10.1,1002.2,1
2025-06-09T02:00,30.0,73,24.6,0.0,0.129,31.6,12.1,1002.8,6
2025-06-09T03:00,31.4,66,24.4,0.0,0.129,32.3,14.6,1003.3,5
2025-06-09T04:00,32.8,61,24.4,0.0,0.128,33.6,13.5,1003.2,6
2025-06-09T05:00,34.4,55,24.1,0.0,0.128,35.2,13.3,1002.9,3
2025-06-09T06:00,35.8,50,23.7,0.0,0.127,36.8,14.0,1002.2,1
2025-06-09T07:00,36.9,46,23.5,0.0,0.126,38.3,13.9,1001.2,0
2025-06-09T08:00,37.9,43,23.2,0.0,0.124,39.6,13.0,1000.1,1
2025-06-09T09:00,38.5,41,22.9,0.0,0.123,40.5,12.5,999.0,23
2025-06-09T10:00,38.6,40,22.5,0.0,0.123,40.8,11.8,997.9,24
2025-06-09T11:00,38.0,40,22.0,0.0,0.122,40.7,14.2,997.3,21
2025-06-09T12:00,37.5,40,21.5,0.0,0.122,39.8,14.5,997.1,20
2025-06-09T13:00,36.2,46,22.8,0.0,0.136,37.4,11.9,997.7,38
2025-06-09T14:00,34.0,55,23.7,0.0,0.135,36.2,15.5,998.6,9
2025-06-09T15:00,32.1,60,23.5,0.0,0.135,35.0,15.3,999.5,11
2025-06-09T16:00,31.1,63,23.3,0.0,0.135,34.0,15.7,1000.1,3
2025-06-09T17:00,30.4,67,23.6,0.0,0.135,33.2,17.5,1000.0,0
2025-06-09T18:00,30.0,69,23.7,0.0,0.135,32.5,13.8,999.9,0
2025-06-09T19:00,29.6,72,24.0,0.0,0.135,32.0,11.6,999.2,0
2025-06-09T20:00,29.2,76,24.4,0.0,0.135,31.5,5.6,999.1,3
2025-06-09T21:00,29.0,78,24.7,0.0,0.135,31.1,9.3,998.4,0
2025-06-09T22:00,29.0,69,22.9,0.0,0.135,30.8,13.0,998.4,0
2025-06-09T23:00,28.4,67,21.7,0.0,0.134,30.4,10.8,998.6,0
2025-06-10T00:00,27.8,70,21.9,0.0,0.134,30.0,9.4,999.2,0
2025-06-10T01:00,28.4,75,23.5,0.0,0.134,31.0,10.3,999.4,4
2025-06-10T02:00,29.4,73,24.1,0.0,0.134,31.1,13.1,999.9,1
2025-06-10T03:00,30.7,69,24.3,0.0,0.133,31.9,13.1,1000.5,0
2025-06-10T04:00,32.3,63,24.4,0.0,0.132,33.3,10.9,1001.1,1
2025-06-10T05:00,33.8,57,24.0,0.0,0.131,34.9,10.8,1000.9,1
2025-06-10T06:00,35.4,50,23.3,0.0,0.13,36.6,11.6,1000.3,8
2025-06-10T07:00,36.6,45,22.7,0.0,0.129,38.2,11.7,999.5,19
2025-06-10T08:00,37.4,42,22.4,0.0,0.127,39.4,11.4,998.6,4
2025-06-10T09:00,38.1,41,22.5,0.0,0.126,40.4,11.3,997.5,79
2025-06-10T10:00,38.3,40,22.4,0.0,0.125,40.8,11.1,996.4,8
2025-06-10T11:00,38.3,40,22.3,0.0,0.124,40.8,11.6,995.7,0
2025-06-10T12:00,37.8,40,22.0,0.0,0.123,40.1,11.5,995.5,2
2025-06-10T13:00,36.7,43,22.2,0.0,0.125,38.3,10.6,996.3,8
2025-06-10T14:00,34.7,49,22.4,0.0,0.125,37.0,12.2,997.1,23
2025-06-10T15:00,32.6,58,23.4,0.0,0.125,35.8,14.0,997.9,9
2025-06-10T16:00,31.0,67,24.1,0.0,0.125,34.7,16.2,998.5,10
2025-06-10T17:00,30.3,71,24.5,0.0,0.125,33.8,17.4,998.0,13
2025-06-10T18:00,30.1,71,24.3,0.0,0.125,33.0,12.5,997.8,50
2025-06-10T19:00,29.6,74,24.5,0.0,0.125,32.4,8.5,998.4,95
2025-06-10T20:00,29.2,77,24.8,0.0,0.125,31.9,10.5,997.5,9
2025-06-10T21:00,28.7,81,25.1,0.0,0.125,31.4,6.3,997.0,27
2025-06-10T22:00,28.5,83,25.3,0.0,0.125,31.0,7.1,997.4,5
2025-06-10T23:00,28.4,74,23.4,0.0,0.125,30.6,9.1,997.8,84
2025-06-11T00:00,27.9,75,23.0,0.0,0.126,30.3,12.4,998.0,91
2025-06-11T01:00,28.6,74,23.6,0.0,0.105,31.8,10.8,998.6,100
2025-06-11T02:00,29.4,73,24.1,0.0,0.106,31.9,12.7,999.3,13
2025-06-11T03:00,30.8,67,24.0,0.0,0.106,32.8,11.2,999.7,3
2025-06-11T04:00,32.5,60,23.6,0.0,0.106,34.3,12.4,999.8,0
2025-06-11T05:00,34.4,51,22.9,0.0,0.106,36.1,13.9,999.7,16
2025-06-11T06:00,36.2,44,21.9,0.0,0.106,38.0,13.3,999.3,75
2025-06-11T07:00,37.5,39,21.2,0.0,0.106,39.8,11.1,998.8,100
2025-06-11T08:00,38.4,36,20.8,0.0,0.106,41.3,11.0,997.8,100
2025-06-11T09:00,39.1,34,20.4,0.0,0.107,42.3,11.2,996.3,95
2025-06-11T10:00,39.6,31,19.5,0.0,0.107,42.9,11.7,995.2,99
2025-06-11T11:00,39.6,30,19.0,0.0,0.107,42.8,11.6,994.7,83
2025-06-11T12:00,39.3,30,18.5,0.0,0.107,42.1,9.0,994.5,16
2025-06-11T13:00,38.4,32,18.9,0.0,0.107,40.7,9.9,995.0,81
2025-06-11T14:00,37.0,34,18.4,0.0,0.107,39.3,12.3,995.0,89
2025-06-11T15:00,34.7,47,21.6,0.0,0.107,38.0,14.1,995.5,36
2025-06-11T16:00,32.8,61,24.3,0.0,0.108,36.7,15.0,996.2,49
2025-06-11T17:00,31.9,65,24.5,0.0,0.108,35.7,14.9,995.9,27
2025-06-11T18:00,31.4,68,24.8,0.0,0.108,34.8,10.2,996.1,100
2025-06-11T19:00,31.1,70,24.9,0.0,0.108,34.1,5.9,996.1,98
2025-06-11T20:00,30.7,72,25.0,0.0,0.108,33.5,8.8,995.5,84
2025-06-11T21:00,30.3,70,24.2,0.0,0.109,33.0,9.2,995.3,55
2025-06-11T22:00,30.1,55,20.2,0.0,0.109,32.5,11.7,995.6,5
2025-06-11T23:00,29.2,59,20.3,0.0,0.109,32.1,9.3,996.2,26
2025-06-12T00:00,28.6,66,21.6,0.0,0.109,31.6,9.9,996.8,46
2025-06-12T01:00,29.0,68,22.5,0.0,0.11,32.3,10.0,997.5,16
2025-06-12T02:00,29.7,69,23.3,0.0,0.11,32.4,12.4,998.0,11
2025-06-12T03:00,31.0,64,23.4,0.0,0.11,33.3,10.7,998.5,1
2025-06-12T04:00,32.8,57,23.2,0.0,0.111,34.8,11.1,998.6,4
2025-06-12T05:00,34.6,50,22.8,0.0,0.111,36.6,13.9,998.1,0
2025-06-12T06:00,36.6,43,22.1,0.0,0.111,38.4,13.9,997.4,0
2025-06-12T07:00,38.0,39,21.8,0.0,0.111,40.3,11.7,996.5,0
2025-06-12T08:00,39.3,35,21.1,0.0,0.111,41.9,11.6,995.3,0
2025-06-12T09:00,40.1,32,20.3,0.0,0.111,43.0,12.6,994.1,0
2025-06-12T10:00,40.5,29,19.1,0.0,0.111,43.5,13.8,992.7,0
2025-06-12T11:00,40.8,27,18.0,0.0,0.111,43.4,13.2,992.1,1
2025-06-12T12:00,40.4,26,17.5,0.0,0.112,42.8,11.1,991.9,2
2025-06-12T13:00,39.4,31,19.1,0.0,0.112,41.5,11.8,992.3,8
2025-06-12T14:00,37.9,33,18.9,0.0,0.112,40.1,11.6,992.9,18
2025-06-12T15:00,36.5,37,19.4,0.0,0.112,38.9,15.2,993.3,2
2025-06-12T16:00,33.3,56,23.2,0.0,0.112,37.6,15.7,994.3,3
2025-06-12T17:00,31.7,68,24.9,0.0,0.112,36.4,15.8,995.2,20
2025-06-12T18:00,31.1,70,25.1,0.0,0.112,35.4,12.2,995.3,11
2025-06-12T19:00,30.8,72,25.1,0.0,0.113,34.6,9.6,995.9,26
2025-06-12T20:00,30.5,74,25.3,0.0,0.113,34.0,9.6,995.2,20
2025-06-12T21:00,30.2,77,25.7,0.0,0.113,33.5,9.3,994.9,17
2025-06-12T22:00,29.8,80,26.0,0.0,0.113,33.0,8.3,994.6,34
2025-06-12T23:00,29.6,82,26.3,0.0,0.113,32.6,5.9,994.8,100
2025-06-13T00:00,29.8,83,26.5,0.0,0.113,32.4,6.2,995.1,100
2025-06-13T01:00,29.7,84,26.7,0.0,0.113,32.6,11.0,996.6,100
2025-06-13T02:00,29.9,83,26.6,0.0,0.113,32.5,9.9,997.8,100
2025-06-13T03:00,30.8,75,25.8,0.0,0.114,32.6,15.2,997.5,100
2025-06-13T04:00,30.9,66,23.8,0.0,0.114,32.8,15.7,997.7,100
2025-06-13T05:00,31.7,65,24.3,0.0,0.114,33.4,13.3,997.3,49
2025-06-13T06:00,34.1,57,24.5,0.0,0.114,35.8,8.8,997.2,17
2025-06-13T07:00,36.0,50,24.0,0.0,0.114,38.3,9.4,996.5,5
2025-06-13T08:00,37.3,46,23.7,0.0,0.114,40.3,9.4,995.5,5
2025-06-13T09:00,38.3,43,23.4,0.0,0.114,41.8,8.5,994.2,29
2025-06-13T10:00,38.8,41,23.2,0.0,0.115,42.6,7.8,992.9,14
2025-06-13T11:00,39.2,39,22.6,0.0,0.115,42.8,7.4,992.1,16
2025-06-13T12:00,39.1,37,21.8,0.0,0.115,42.3,7.7,992.0,3
2025-06-13T13:00,37.7,40,22.0,0.0,0.115,40.9,6.2,993.0,5
2025-06-13T14:00,36.6,44,22.5,0.0,0.115,39.6,8.0,993.8,36
2025-06-13T15:00,35.6,48,22.9,0.0,0.115,38.4,8.0,994.3,92
2025-06-13T16:00,34.7,52,23.5,0.0,0.115,37.4,11.3,994.9,100
2025-06-13T17:00,32.7,65,25.3,0.0,0.115,36.5,11.1,995.3,97
2025-06-13T18:00,31.9,69,25.6,0.0,0.115,35.6,9.0,995.3,15
2025-06-13T19:00,31.3,71,25.4,0.0,0.115,34.9,9.4,995.1,2
2025-06-13T20:00,30.8,73,25.3,0.0,0.115,34.3,10.2,994.8,3
2025-06-13T21:00,30.6,74,25.4,0.0,0.115,33.7,6.1,994.2,1
2025-06-13T22:00,30.3,76,25.6,0.0,0.116,33.3,6.5,994.4,9
2025-06-13T23:00,30.0,78,25.8,0.0,0.116,32.9,3.6,994.4,6
2025-06-14T00:00,29.7,81,26.0,0.0,0.116,32.6,1.7,994.9,5
2025-06-14T01:00,30.5,78,26.3,0.0,0.108,33.4,5.7,995.3,43
2025-06-14T02:00,31.5,72,25.8,0.0,0.108,33.6,8.4,995.6,92
2025-06-14T03:00,32.9,62,24.6,0.0,0.108,34.5,8.5,996.3,100
2025-06-14T04:00,34.5,54,23.9,0.0,0.108,36.2,7.2,996.4,98
2025-06-14T05:00,36.1,48,23.5,0.0,0.108,38.2,7.0,996.1,100
2025-06-14T06:00,35.5,50,23.6,0.6,0.116,40.0,14.1,995.9,98
2025-06-14T07:00,36.0,50,23.8,0.0,0.116,40.2,9.9,994.9,97
2025-06-14T08:00,37.5,46,23.8,0.0,0.116,41.4,8.1,993.9,99
2025-06-14T09:00,38.3,43,23.6,0.0,0.116,42.3,6.3,992.7,100
2025-06-14T10:00,38.7,42,23.4,0.0,0.116,42.8,5.6,991.6,100
2025-06-14T11:00,38.6,41,23.2,0.0,0.116,42.7,3.3,990.9,100
2025-06-14T12:00,37.6,43,23.1,0.1,0.117,42.0,2.9,991.4,100
2025-06-14T13:00,34.9,51,23.3,0.0,0.155,37.2,7.2,991.9,100
2025-06-14T14:00,33.9,61,25.2,0.0,0.154,36.2,0.9,992.5,99
2025-06-14T15:00,33.3,61,24.8,0.0,0.154,35.4,2.7,992.6,94
2025-06-14T16:00,32.5,66,25.3,0.0,0.154,34.7,3.5,993.2,73
2025-06-14T17:00,32.6,62,24.5,0.0,0.153,34.1,8.3,994.2,69
2025-06-14T18:00,32.3,62,24.1,0.0,0.153,33.6,8.9,993.9,84
2025-06-14T19:00,31.5,68,25.0,0.0,0.152,33.2,9.3,993.2,45
2025-06-14T20:00,30.8,75,25.9,0.0,0.152,32.8,7.8,992.6,62
2025-06-14T21:00,30.1,82,26.6,0.0,0.152,32.5,5.6,991.9,0
2025-06-14T22:00,29.6,85,26.9,0.0,0.152,32.1,8.1,992.2,16
2025-06-14T23:00,29.2,87,26.7,0.0,0.152,31.8,8.0,992.3,3
2025-06-15T00:00,28.9,87,26.5,0.0,0.152,31.5,6.5,992.3,31
2025-06-15T01:00,28.0,85,25.3,0.0,0.161,30.2,1.5,993.3,100
2025-06-15T02:00,28.7,82,25.2,0.0,0.161,30.5,2.3,993.4,100
2025-06-15T03:00,30.0,75,25.1,0.0,0.16,31.4,5.0,993.6,100
2025-06-15T04:00,31.8,66,24.6,0.0,0.159,32.9,5.3,993.6,100
2025-06-15T05:00,33.3,58,24.0,0.0,0.157,34.3,5.4,993.4,99
2025-06-15T06:00,34.0,55,23.6,0.0,0.155,35.3,4.5,993.4,100
2025-06-15T07:00,35.1,51,23.4,0.0,0.153,36.6,3.6,993.1,100
2025-06-15T08:00,35.8,48,23.0,0.0,0.151,37.5,3.5,991.7,100
2025-06-15T09:00,36.4,46,22.8,0.0,0.149,38.3,3.1,990.7,100
2025-06-15T10:00,36.8,45,22.8,0.0,0.147,38.8,4.2,989.6,99
2025-06-15T11:00,37.1,43,22.5,0.0,0.145,39.0,5.8,988.9,99
2025-06-15T12:00,36.6,44,22.3,0.0,0.144,38.5,4.3,988.9,95
2025-06-15T13:00,33.9,53,23.0,0.0,0.156,37.4,11.2,989.9,95
2025-06-15T14:00,30.9,69,24.5,0.0,0.156,35.8,17.2,990.5,99
2025-06-15T15:00,30.6,71,24.7,0.0,0.156,34.6,12.3,991.5,100
2025-06-15T16:00,30.1,74,25.1,0.0,0.155,33.7,11.7,992.4,100
2025-06-15T17:00,29.9,75,25.1,0.0,0.155,33.0,7.0,992.8,98
2025-06-15T18:00,29.6,77,25.1,0.0,0.155,32.4,6.9,992.5,100
2025-06-15T19:00,29.3,78,25.1,0.0,0.155,32.0,6.8,992.3,99
2025-06-15T20:00,29.0,81,25.3,0.0,0.154,31.6,4.4,991.9,82
2025-06-15T21:00,28.7,83,25.5,0.0,0.154,31.3,4.0,991.3,88
2025-06-15T22:00,28.4,85,25.6,0.0,0.154,31.0,4.5,991.1,27
2025-06-15T23:00,28.2,86,25.7,0.0,0.154,30.8,5.3,991.1,27
2025-06-16T00:00,28.0,86,25.5,0.0,0.154,30.5,6.5,991.2,13
2025-06-16T01:00,26.8,94,25.7,0.6,0.167,29.8,6.0,990.9,64
2025-06-16T02:00,27.9,89,25.8,0.0,0.167,29.8,5.5,990.8,34
2025-06-16T03:00,29.7,78,25.5,0.0,0.167,30.8,2.6,990.8,73
2025-06-16T04:00,31.6,70,25.4,0.0,0.165,32.5,2.3,991.5,93
2025-06-16T05:00,33.1,63,25.1,0.0,0.164,34.0,5.2,991.1,59
2025-06-16T06:00,34.6,57,25.0,0.1,0.162,35.6,6.2,991.1,45
2025-06-16T07:00,35.7,54,25.1,0.1,0.16,37.0,6.0,990.3,98
2025-06-16T08:00,36.3,50,24.2,0.0,0.157,38.1,10.8,988.9,100
2025-06-16T09:00,30.7,75,25.8,5.7,0.231,36.2,12.6,989.3,99
2025-06-16T10:00,30.1,76,25.5,2.3,0.258,35.4,14.6,988.9,98
2025-06-16T11:00,29.1,83,25.8,1.4,0.273,33.6,8.3,989.2,100
2025-06-16T12:00,29.1,81,25.5,0.3,0.275,32.8,6.0,989.3,100
2025-06-16T13:00,26.9,92,25.4,8.3,0.354,31.6,11.4,989.4,100
2025-06-16T14:00,27.2,93,26.0,0.2,0.353,30.5,12.3,989.4,100
2025-06-16T15:00,27.3,87,24.9,0.0,0.351,29.9,10.7,990.3,100
2025-06-16T16:00,27.2,87,24.8,0.0,0.348,29.6,14.3,990.8,100
2025-06-16T17:00,26.8,86,24.2,0.2,0.347,29.3,18.1,991.4,100
2025-06-16T18:00,27.0,81,23.4,0.0,0.345,29.2,16.6,991.1,100
2025-06-16T19:00,26.1,86,23.6,0.2,0.345,28.8,17.3,990.2,100
2025-06-16T20:00,26.2,90,24.5,0.0,0.343,28.7,14.5,989.6,100
2025-06-16T21:00,26.3,91,24.8,0.4,0.344,28.5,13.8,989.6,100
2025-06-16T22:00,25.6,97,25.1,1.6,0.362,28.1,19.3,989.9,100
2025-06-16T23:00,25.6,95,24.7,2.4,0.389,27.8,19.4,990.2,100
2025-06-17T00:00,25.4,93,24.2,2.8,0.418,27.4,21.4,990.5,100
2025-06-17T01:00,26.3,87,23.9,0.0,0.355,27.7,17.7,991.5,100
2025-06-17T02:00,27.3,82,24.0,0.0,0.352,28.0,15.5,992.0,100
2025-06-17T03:00,28.6,76,24.0,0.0,0.348,28.7,19.6,992.6,100
2025-06-17T04:00,29.2,73,23.8,0.1,0.345,29.3,18.1,992.8,100
2025-06-17T05:00,29.8,71,23.9,0.3,0.343,30.1,17.9,993.0,100
2025-06-17T06:00,27.7,87,25.4,2.2,0.364,29.7,16.0,993.3,100
2025-06-17T07:00,26.7,93,25.5,5.2,0.423,29.0,17.6,993.0,100
2025-06-17T08:00,26.7,95,25.9,3.0,0.423,28.7,16.4,992.7,100
2025-06-17T09:00,27.4,88,25.1,1.5,0.419,28.6,22.9,992.3,100
2025-06-17T10:00,26.7,95,25.7,1.1,0.414,28.3,16.1,991.9,100
2025-06-17T11:00,27.6,92,26.1,0.4,0.405,28.4,15.4,992.0,100
2025-06-17T12:00,26.9,92,25.5,1.6,0.413,28.4,19.7,992.2,100
2025-06-17T13:00,28.0,84,24.9,0.7,0.423,28.1,21.7,992.9,100
2025-06-17T14:00,28.5,79,24.4,0.0,0.414,28.1,20.4,993.5,100
2025-06-17T15:00,28.4,79,24.3,0.0,0.408,28.2,18.4,994.3,100
2025-06-17T16:00,28.3,79,24.4,0.0,0.403,28.2,17.2,994.9,100
2025-06-17T17:00,28.0,81,24.5,0.0,0.399,28.2,15.7,995.2,100
2025-06-17T18:00,27.9,82,24.5,0.0,0.396,28.2,14.5,995.0,100
2025-06-17T19:00,27.6,84,24.6,0.0,0.393,28.1,12.3,994.4,100
2025-06-17T20:00,27.2,85,24.6,0.0,0.391,28.0,9.7,994.0,100
2025-06-17T21:00,27.1,86,24.5,0.0,0.39,27.9,11.3,993.4,100
2025-06-17T22:00,26.9,86,24.5,0.0,0.388,27.9,9.4,993.2,100
2025-06-17T23:00,26.8,88,24.6,0.1,0.387,27.8,9.0,993.5,100
2025-06-18T00:00,26.7,89,24.7,0.0,0.386,27.6,9.3,993.8,100
2025-06-18T01:00,26.7,95,25.9,0.0,0.383,28.1,4.8,993.4,100
2025-06-18T02:00,27.8,89,25.8,0.0,0.382,28.2,11.3,994.2,100
2025-06-18T03:00,28.3,85,25.5,0.1,0.381,28.6,13.9,994.9,100
2025-06-18T04:00,29.7,79,25.7,0.0,0.378,29.5,12.1,995.3,100
2025-06-18T05:00,30.7,75,25.8,0.0,0.375,30.5,8.8,995.2,99
2025-06-18T06:00,32.1,68,25.4,0.0,0.371,31.6,8.5,994.7,100
2025-06-18T07:00,33.5,62,25.2,0.0,0.367,32.8,10.3,994.0,100
2025-06-18T08:00,34.3,58,24.8,0.0,0.361,33.7,11.8,993.4,100
2025-06-18T09:00,33.8,57,24.2,0.0,0.358,33.4,10.5,992.4,98
2025-06-18T10:00,34.0,56,23.9,0.0,0.353,33.7,15.1,992.1,100
2025-06-18T11:00,29.8,76,25.1,3.8,0.399,32.3,14.2,992.6,95
2025-06-18T12:00,28.9,85,26.1,1.4,0.41,30.8,12.9,992.8,98
2025-06-18T13:00,26.7,94,25.6,0.8,0.421,29.9,14.8,993.6,100
2025-06-18T14:00,26.7,93,25.5,1.3,0.427,28.9,13.3,993.8,100
2025-06-18T15:00,26.7,95,25.8,0.2,0.419,28.3,11.8,994.3,100
2025-06-18T16:00,27.0,96,26.2,0.2,0.414,28.1,11.7,994.4,100
2025-06-18T17:00,27.3,95,26.5,0.2,0.412,28.0,12.9,994.7,100
2025-06-18T18:00,27.4,93,26.2,0.3,0.41,27.9,13.6,994.3,100
2025-06-18T19:00,27.4,92,26.0,0.1,0.407,27.9,12.2,994.0,100
2025-06-18T20:00,26.5,94,25.5,3.5,0.439,27.7,10.7,993.8,100
2025-06-18T21:00,26.5,95,25.6,3.6,0.439,27.5,10.8,993.3,100
2025-06-18T22:00,26.5,95,25.6,2.4,0.436,27.4,12.5,993.4,100
2025-06-18T23:00,26.3,95,25.4,2.2,0.438,27.3,13.6,993.4,100
2025-06-19T00:00,26.2,95,25.3,1.3,0.435,27.2,12.5,994.0,100
2025-06-19T01:00,26.5,95,25.7,2.0,0.432,27.5,8.0,994.0,100
2025-06-19T02:00,26.6,95,25.7,1.0,0.434,27.5,6.7,994.8,100
2025-06-19T03:00,27.2,93,25.9,0.8,0.432,27.6,8.1,995.1,100
2025-06-19T04:00,28.7,84,25.7,0.4,0.428,28.4,8.4,995.3,100
2025-06-19T05:00,28.5,87,26.0,0.1,0.423,28.5,7.4,995.3,100
2025-06-19T06:00,29.8,80,26.0,0.0,0.419,29.2,10.7,995.2,100
2025-06-19T07:00,31.2,69,24.8,0.0,0.415,29.8,14.4,994.9,100
2025-06-19T08:00,31.6,66,24.3,0.0,0.411,30.1,13.3,994.3,100
2025-06-19T09:00,32.8,59,23.7,0.0,0.407,30.6,13.4,993.2,100
2025-06-19T10:00,32.3,63,24.4,0.0,0.404,30.6,14.7,992.7,100
2025-06-19T11:00,31.6,72,25.9,0.0,0.402,30.8,15.3,992.5,100
2025-06-19T12:00,31.1,74,26.0,0.0,0.4,30.6,15.4,992.4,100
2025-06-19T13:00,28.9,84,26.0,0.0,0.413,29.3,12.4,993.7,100
2025-06-19T14:00,29.5,76,24.9,0.0,0.411,29.1,15.6,994.1,100
2025-06-19T15:00,29.8,71,23.9,0.0,0.409,28.9,17.6,994.5,100
2025-06-19T16:00,30.1,68,23.4,0.0,0.407,28.9,16.7,995.4,100
2025-06-19T17:00,29.9,69,23.6,0.0,0.405,28.8,18.5,996.1,100
2025-06-19T18:00,29.5,72,23.9,0.0,0.403,28.7,17.0,996.3,100
2025-06-19T19:00,29.1,73,23.9,0.0,0.402,28.6,17.2,996.1,100
2025-06-19T20:00,28.6,76,24.0,0.0,0.4,28.5,16.4,995.6,100
2025-06-19T21:00,28.2,79,24.1,0.0,0.399,28.4,14.0,995.4,100
2025-06-19T22:00,27.9,80,24.1,0.0,0.398,28.3,12.2,995.8,100
2025-06-19T23:00,27.6,81,24.1,0.0,0.397,28.1,12.4,996.1,100
2025-06-20T00:00,27.3,83,24.2,0.1,0.396,27.9,14.2,996.3,100
2025-06-20T01:00,28.1,84,25.2,0.0,0.395,28.7,13.0,996.4,100
2025-06-20T02:00,28.5,82,25.1,0.1,0.395,28.7,14.4,997.0,100
2025-06-20T03:00,29.3,78,25.1,0.0,0.393,29.0,13.1,997.7,100
2025-06-20T04:00,29.8,73,24.5,0.0,0.392,29.3,17.2,997.8,100
2025-06-20T05:00,30.5,67,23.7,0.1,0.39,29.6,18.6,998.0,100
2025-06-20T06:00,31.2,64,23.6,0.0,0.387,30.1,15.7,997.6,100
2025-06-20T07:00,30.8,66,23.7,0.0,0.385,30.3,15.0,997.2,100
2025-06-20T08:00,31.3,64,23.8,0.1,0.383,30.8,14.1,996.3,59
2025-06-20T09:00,33.6,55,23.3,0.1,0.38,31.8,17.5,995.3,65
2025-06-20T10:00,34.0,52,22.8,0.0,0.376,32.3,19.9,994.6,51
2025-06-20T11:00,32.4,60,23.6,0.1,0.373,32.3,19.1,994.6,77
2025-06-20T12:00,32.0,64,24.4,0.0,0.37,32.0,15.5,994.7,30
2025-06-20T13:00,29.3,81,25.7,0.0,0.376,31.2,11.8,995.3,90
2025-06-20T14:00,29.0,84,26.0,0.3,0.378,30.4,11.0,995.7,100
2025-06-20T15:00,29.0,83,25.8,0.0,0.378,29.8,11.5,996.3,100
2025-06-20T16:00,28.9,83,25.7,0.0,0.377,29.4,11.0,997.3,100
2025-06-20T17:00,28.9,82,25.6,0.0,0.377,29.3,11.8,997.9,100
2025-06-20T18:00,28.8,81,25.3,0.0,0.376,29.2,11.4,997.6,100
2025-06-20T19:00,28.6,82,25.2,0.0,0.375,29.1,10.2,997.0,100
2025-06-20T20:00,28.6,79,24.5,0.0,0.375,28.9,12.9,996.4,100
2025-06-20T21:00,28.3,80,24.4,0.2,0.376,28.7,13.3,996.0,100
2025-06-20T22:00,27.9,83,24.7,0.0,0.376,28.4,12.1,996.3,100
2025-06-20T23:00,27.6,85,24.9,0.0,0.376,28.3,11.5,996.7,100
2025-06-21T00:00,27.4,87,25.0,0.0,0.376,28.2,10.4,997.0,100
2025-06-21T01:00,27.6,84,24.7,0.8,0.394,28.5,10.4,997.2,100
2025-06-21T02:00,28.4,86,25.8,0.1,0.394,28.3,12.1,997.8,100
2025-06-21T03:00,29.7,78,25.4,0.1,0.393,28.9,14.8,998.2,100
2025-06-21T04:00,30.3,74,25.2,0.2,0.391,29.5,17.0,998.8,100
2025-06-21T05:00,31.3,69,24.9,0.1,0.388,30.5,15.2,998.9,100
2025-06-21T06:00,31.8,65,24.4,0.0,0.384,31.3,15.4,998.2,100
2025-06-21T07:00,32.8,59,23.8,0.0,0.38,32.1,13.5,997.5,100
2025-06-21T08:00,33.8,55,23.4,0.0,0.375,32.9,16.0,996.7,100
2025-06-21T09:00,31.5,63,23.6,0.3,0.373,33.0,18.9,996.5,100
2025-06-21T10:00,29.8,77,25.3,2.0,0.394,31.8,7.5,996.1,100
2025-06-21T11:00,28.6,80,24.8,0.1,0.392,31.1,10.2,995.8,100
2025-06-21T12:00,28.5,84,25.5,0.5,0.394,30.7,9.3,995.8,100
2025-06-21T13:00,28.1,86,25.5,0.7,0.378,30.1,8.4,996.3,100
2025-06-21T14:00,28.0,86,25.4,0.1,0.378,29.3,12.9,996.5,98
2025-06-21T15:00,27.8,85,25.0,0.0,0.377,28.9,12.1,997.1,100
2025-06-21T16:00,27.3,90,25.5,2.0,0.402,28.5,5.1,997.7,100
2025-06-21T17:00,27.2,88,25.1,0.4,0.404,28.1,8.2,998.0,100
2025-06-21T18:00,27.3,88,25.2,0.1,0.402,27.9,9.9,997.8,100
2025-06-21T19:00,27.0,92,25.6,0.4,0.403,27.7,9.3,997.7,100
2025-06-21T20:00,26.9,93,25.7,0.9,0.411,27.6,8.4,997.2,100
2025-06-21T21:00,27.0,91,25.4,0.3,0.41,27.5,10.5,996.4,100
2025-06-21T22:00,27.1,89,25.1,0.0,0.406,27.4,12.3,996.1,100
2025-06-21T23:00,27.1,88,24.9,0.0,0.403,27.3,13.0,996.0,100
2025-06-22T00:00,27.1,87,24.8,0.0,0.401,27.4,12.5,996.4,100
2025-06-22T01:00,26.6,87,24.3,0.0,0.407,28.4,11.1,996.7,100
2025-06-22T02:00,27.4,85,24.7,0.1,0.405,28.3,9.2,997.6,89
2025-06-22T03:00,28.0,82,24.5,0.1,0.404,28.8,15.7,998.5,94
2025-06-22T04:00,28.9,79,24.9,0.1,0.402,29.4,12.8,998.2,94
2025-06-22T05:00,30.5,74,25.3,0.1,0.399,30.5,13.8,998.2,100
2025-06-22T06:00,31.8,67,25.0,0.0,0.395,31.4,13.5,997.6,95
2025-06-22T07:00,32.3,64,24.5,0.0,0.39,32.3,14.9,996.5,99
2025-06-22T08:00,31.3,66,24.2,0.3,0.389,32.4,15.9,995.9,100
2025-06-22T09:00,32.0,67,25.0,0.1,0.386,32.6,16.5,994.6,92
2025-06-22T10:00,32.0,64,24.4,0.0,0.383,32.6,18.0,993.8,85
2025-06-22T11:00,31.1,68,24.6,0.6,0.386,32.1,18.5,993.5,100
2025-06-22T12:00,30.5,72,24.8,0.6,0.391,31.6,19.0,993.4,99
2025-06-22T13:00,29.3,77,24.7,0.0,0.405,31.0,17.0,994.0,100
2025-06-22T14:00,28.8,80,25.0,0.0,0.403,30.3,13.6,995.0,100
2025-06-22T15:00,28.0,82,24.7,0.4,0.405,29.8,12.9,995.7,100
2025-06-22T16:00,26.5,92,25.1,1.7,0.421,28.9,11.2,996.7,100
2025-06-22T17:00,26.3,94,25.3,0.1,0.418,28.3,12.1,997.0,100
2025-06-22T18:00,26.7,93,25.4,0.1,0.415,28.0,13.1,996.8,100
2025-06-22T19:00,26.5,94,25.5,0.0,0.412,27.8,12.9,995.8,100
2025-06-22T20:00,26.4,95,25.5,0.1,0.41,27.7,15.0,995.3,100
2025-06-22T21:00,26.5,93,25.3,0.1,0.408,27.6,13.9,994.6,100
2025-06-22T22:00,26.5,93,25.2,0.1,0.406,27.5,11.9,994.7,100
2025-06-22T23:00,26.4,93,25.1,0.1,0.405,27.4,12.0,994.9,100
2025-06-23T00:00,26.1,94,25.1,0.6,0.409,27.3,12.0,994.9,100
2025-06-23T01:00,26.5,93,25.4,0.2,0.406,27.8,9.0,994.8,100
2025-06-23T02:00,26.9,91,25.3,0.4,0.408,27.7,10.2,995.4,100
2025-06-23T03:00,27.0,92,25.5,0.3,0.408,27.6,11.2,995.6,100
2025-06-23T04:00,27.2,88,25.0,1.6,0.424,27.7,14.3,996.4,100
2025-06-23T05:00,27.4,88,25.3,0.1,0.418,27.8,11.9,996.6,100
2025-06-23T06:00,28.3,83,25.1,0.0,0.413,28.4,11.0,996.2,100
2025-06-23T07:00,30.8,75,25.9,0.1,0.408,30.2,10.5,995.3,100
2025-06-23T08:00,30.8,74,25.6,0.1,0.404,30.7,11.8,994.4,100
2025-06-23T09:00,29.9,76,25.2,4.8,0.439,31.1,15.6,993.6,100
2025-06-23T10:00,29.5,77,25.1,0.2,0.422,30.7,14.0,993.1,100
2025-06-23T11:00,28.9,80,25.2,0.2,0.419,30.2,13.5,992.7,100
2025-06-23T12:00,28.1,86,25.5,4.6,0.428,29.6,11.8,992.7,100
2025-06-23T13:00,28.6,83,25.5,0.1,0.427,29.6,8.7,993.4,100
2025-06-23T14:00,27.9,85,25.2,0.1,0.423,29.1,10.9,993.9,100
2025-06-23T15:00,27.5,87,25.1,0.0,0.419,28.7,12.1,994.6,100
2025-06-23T16:00,26.8,91,25.2,0.2,0.418,28.4,12.1,994.9,100
2025-06-23T17:00,26.3,93,25.2,0.3,0.417,27.9,10.6,995.2,100
2025-06-23T18:00,26.3,94,25.3,0.1,0.415,27.6,11.4,994.9,100
2025-06-23T19:00,26.3,95,25.4,0.0,0.413,27.4,10.0,994.6,100
2025-06-23T20:00,26.4,94,25.4,0.0,0.411,27.4,12.7,994.1,100
2025-06-23T21:00,26.4,93,25.2,0.0,0.41,27.3,13.4,993.3,100
2025-06-23T22:00,26.4,88,24.2,0.0,0.408,27.2,11.4,993.2,100
2025-06-23T23:00,26.3,89,24.3,0.0,0.407,27.1,9.8,993.4,100
2025-06-24T00:00,26.2,91,24.7,0.0,0.405,27.0,7.4,993.6,100
2025-06-24T01:00,27.3,91,25.7,0.0,0.404,27.7,12.1,993.4,97
2025-06-24T02:00,28.0,86,25.5,0.3,0.405,27.7,14.0,994.0,100
2025-06-24T03:00,27.8,87,25.4,0.1,0.405,27.9,12.9,994.3,100
2025-06-24T04:00,28.8,83,25.6,0.1,0.403,28.5,11.3,995.1,100
2025-06-24T05:00,28.6,83,25.4,0.4,0.404,28.8,13.6,995.0,100
2025-06-24T06:00,28.7,78,24.5,0.4,0.406,28.7,13.7,995.2,100
2025-06-24T07:00,28.4,71,22.5,0.0,0.404,28.8,16.4,994.8,100
2025-06-24T08:00,29.1,70,23.1,0.0,0.4,29.4,15.9,993.8,100
2025-06-24T09:00,29.8,68,23.4,0.0,0.397,30.0,14.2,993.2,100
2025-06-24T10:00,29.8,66,22.8,0.0,0.394,30.1,14.9,992.4,100
2025-06-24T11:00,30.0,65,22.7,0.0,0.391,30.1,12.8,992.5,100
2025-06-24T12:00,29.8,65,22.5,0.0,0.389,29.9,14.9,992.2,100
2025-06-24T13:00,26.3,97,25.7,3.6,0.437,28.0,11.7,992.9,100
2025-06-24T14:00,26.8,96,26.1,1.6,0.434,27.6,10.9,993.2,100
2025-06-24T15:00,26.9,95,26.1,0.4,0.429,27.5,12.1,994.0,100
2025-06-24T16:00,26.8,95,25.9,0.3,0.426,27.3,10.6,994.8,100
2025-06-24T17:00,26.5,96,25.9,4.3,0.438,27.3,7.7,995.5,100
2025-06-24T18:00,26.6,95,25.8,0.4,0.43,27.2,12.0,994.8,100
2025-06-24T19:00,26.3,97,25.8,0.9,0.434,27.1,11.6,994.7,100
2025-06-24T20:00,26.3,97,25.8,0.2,0.429,27.0,10.3,994.4,100
2025-06-24T21:00,26.1,97,25.5,3.3,0.438,26.9,9.6,994.0,100
2025-06-24T22:00,26.1,95,25.3,1.1,0.436,26.8,9.9,993.7,100
2025-06-24T23:00,26.2,96,25.5,0.5,0.434,26.7,9.2,993.6,100
2025-06-25T00:00,26.0,98,25.6,0.5,0.433,26.7,9.6,993.7,100
2025-06-25T01:00,26.6,98,26.2,1.4,0.435,27.6,9.1,993.5,100
2025-06-25T02:00,27.0,94,25.9,1.0,0.431,27.5,12.2,994.1,100
2025-06-25T03:00,27.3,91,25.8,0.2,0.426,27.5,8.8,994.8,100
2025-06-25T04:00,28.2,87,25.9,0.2,0.422,27.9,9.3,995.5,100
2025-06-25T05:00,29.7,81,26.1,0.2,0.419,28.8,8.4,995.6,100
2025-06-25T06:00,30.6,74,25.5,0.1,0.415,29.9,7.7,995.4,100
2025-06-25T07:00,32.1,66,25.0,0.0,0.41,30.9,8.8,994.5,100
2025-06-25T08:00,30.3,72,24.7,0.4,0.41,30.7,11.5,993.8,100
2025-06-25T09:00,29.5,78,25.3,1.1,0.419,30.2,6.6,993.6,100
2025-06-25T10:00,29.3,81,25.6,1.1,0.426,29.7,8.0,992.9,100
2025-06-25T11:00,27.3,92,25.8,0.9,0.428,29.0,7.5,992.6,100
2025-06-25T12:00,27.9,87,25.6,0.4,0.425,28.6,6.5,992.6,100
2025-06-25T13:00,27.3,92,26.0,2.9,0.437,28.5,5.5,993.1,100
2025-06-25T14:00,27.0,96,26.3,1.5,0.439,28.0,6.8,993.8,100
2025-06-25T15:00,26.9,97,26.4,0.5,0.433,27.7,7.5,994.5,100
2025-06-25T16:00,26.7,97,26.3,0.2,0.43,27.5,9.4,994.6,100
2025-06-25T17:00,26.7,97,26.2,1.3,0.439,27.3,7.0,995.0,100
2025-06-25T18:00,26.6,98,26.2,2.9,0.436,27.2,8.3,995.0,100
2025-06-25T19:00,26.6,98,26.2,3.0,0.432,27.1,7.6,995.0,100
2025-06-25T20:00,26.3,97,25.8,0.2,0.429,27.0,9.0,994.6,100
2025-06-25T21:00,25.9,97,25.3,0.1,0.426,26.9,11.4,994.0,100
2025-06-25T22:00,25.1,97,24.7,0.1,0.423,26.6,13.4,993.9,100
2025-06-25T23:00,25.0,97,24.5,0.0,0.421,26.3,9.7,993.7,100
2025-06-26T00:00,25.1,98,24.7,0.0,0.418,26.2,10.3,993.9,100
2025-06-26T01:00,26.3,95,25.5,0.0,0.413,27.5,7.6,994.6,100
2025-06-26T02:00,26.9,93,25.6,0.0,0.411,27.5,8.4,995.3,99
2025-06-26T03:00,27.8,88,25.6,0.0,0.41,27.9,7.4,995.7,67
2025-06-26T04:00,29.3,80,25.4,0.0,0.407,29.0,4.7,996.3,99
2025-06-26T05:00,30.5,74,25.4,0.0,0.404,30.2,3.0,996.6,100
2025-06-26T06:00,31.7,70,25.5,0.1,0.401,31.5,5.0,996.1,98
2025-06-26T07:00,32.8,62,24.4,0.1,0.397,32.3,5.2,994.9,100
2025-06-26T08:00,30.7,72,25.0,0.8,0.403,31.7,10.1,994.9,100
2025-06-26T09:00,30.0,75,25.1,1.2,0.414,31.5,9.5,994.1,100
2025-06-26T10:00,29.9,75,25.1,0.1,0.41,31.2,7.3,993.6,100
2025-06-26T11:00,30.3,74,25.1,0.2,0.409,31.0,5.4,993.0,100
2025-06-26T12:00,29.9,76,25.2,0.2,0.407,30.7,14.2,992.7,100
2025-06-26T13:00,27.5,93,26.2,0.8,0.431,29.1,9.2,993.6,100
2025-06-26T14:00,27.1,95,26.2,0.4,0.429,28.5,5.8,994.0,100
2025-06-26T15:00,27.0,94,26.0,0.3,0.426,28.1,11.6,993.6,100
2025-06-26T16:00,26.8,94,25.7,0.2,0.424,27.7,11.4,994.4,100
2025-06-26T17:00,26.5,95,25.7,0.2,0.422,27.4,9.7,995.2,100
2025-06-26T18:00,26.4,95,25.6,0.3,0.422,27.3,10.7,995.5,100
2025-06-26T19:00,26.2,96,25.5,0.6,0.426,27.1,11.1,995.1,100
2025-06-26T20:00,26.2,96,25.4,1.2,0.434,27.0,11.2,994.8,100
2025-06-26T21:00,25.9,96,25.2,2.2,0.439,26.8,7.6,994.3,100
2025-06-26T22:00,25.4,97,25.0,2.9,0.439,26.7,7.5,994.0,100
2025-06-26T23:00,25.5,97,24.9,2.0,0.439,26.6,10.5,993.6,100
2025-06-27T00:00,25.4,97,25.0,1.8,0.439,26.4,11.2,993.7,100
2025-06-27T01:00,25.5,97,24.9,0.8,0.424,27.2,11.6,993.4,100
2025-06-27T02:00,26.2,93,25.1,0.5,0.426,27.0,14.1,994.0,100
2025-06-27T03:00,27.0,92,25.5,0.5,0.427,27.1,13.4,994.5,100
2025-06-27T04:00,27.6,89,25.7,0.2,0.424,27.3,11.2,995.3,100
2025-06-27T05:00,28.5,83,25.4,0.1,0.42,27.9,13.9,996.1,100
2025-06-27T06:00,30.3,73,24.9,0.1,0.416,29.2,16.5,995.6,99
2025-06-27T07:00,31.2,66,24.1,0.0,0.411,30.4,17.8,995.1,98
2025-06-27T08:00,32.1,60,23.4,0.0,0.405,31.3,18.6,994.5,78
2025-06-27T09:00,32.8,54,22.2,0.0,0.399,31.9,18.3,993.7,31
2025-06-27T10:00,33.4,49,21.2,0.0,0.394,32.2,23.0,993.0,78
2025-06-27T11:00,31.1,62,23.0,0.1,0.392,31.7,21.1,993.2,89
2025-06-27T12:00,30.1,68,23.6,0.0,0.39,31.0,20.7,993.2,80
2025-06-27T13:00,28.8,75,24.0,0.1,0.416,29.9,18.5,994.1,79
2025-06-27T14:00,28.0,79,24.0,0.0,0.413,29.3,18.0,994.8,100
2025-06-27T15:00,27.6,80,23.9,0.0,0.411,28.8,17.8,995.3,98
2025-06-27T16:00,27.2,82,23.9,0.0,0.409,28.4,16.8,996.1,97
2025-06-27T17:00,27.0,84,24.0,0.0,0.407,28.0,15.1,996.9,99
2025-06-27T18:00,26.9,84,24.0,0.0,0.406,27.8,15.5,996.9,99
2025-06-27T19:00,26.3,87,24.0,0.1,0.405,27.5,15.1,996.8,99
2025-06-27T20:00,26.0,88,24.0,0.0,0.404,27.3,14.8,996.2,100
2025-06-27T21:00,25.7,90,24.0,0.0,0.403,27.1,14.5,995.9,100
2025-06-27T22:00,25.7,90,24.0,0.0,0.402,27.0,13.4,995.6,100
2025-06-27T23:00,25.2,93,24.0,0.4,0.404,26.8,15.7,995.8,100
2025-06-28T00:00,25.2,91,23.7,0.1,0.403,26.5,14.7,995.9,100
2025-06-28T01:00,26.1,86,23.6,0.0,0.4,27.3,16.6,995.0,100
2025-06-28T02:00,26.8,85,24.0,0.0,0.399,27.4,14.3,995.2,94
2025-06-28T03:00,27.0,85,24.3,0.2,0.399,27.7,15.1,995.7,100
2025-06-28T04:00,27.0,89,25.0,0.5,0.402,27.8,16.0,996.1,100
2025-06-28T05:00,28.2,87,25.8,1.0,0.41,28.0,18.6,996.1,100
2025-06-28T06:00,28.6,80,24.9,0.2,0.408,28.7,23.1,996.0,99
2025-06-28T07:00,28.8,81,25.2,0.3,0.407,28.9,20.5,995.5,100
2025-06-28T08:00,31.0,72,25.3,0.2,0.406,29.6,14.9,994.5,97
2025-06-28T09:00,29.3,83,26.1,5.4,0.428,29.9,13.8,994.0,100
2025-06-28T10:00,28.8,82,25.5,1.9,0.439,29.5,16.9,993.2,92
2025-06-28T11:00,29.1,81,25.4,2.7,0.43,29.4,21.3,993.2,94
2025-06-28T12:00,27.9,87,25.5,1.2,0.427,28.9,20.9,993.4,100
2025-06-28T13:00,28.5,80,24.6,0.0,0.427,29.1,21.5,993.8,100
2025-06-28T14:00,27.6,85,24.8,0.0,0.423,28.7,17.9,994.2,100
2025-06-28T15:00,27.3,86,24.8,0.0,0.42,28.3,21.4,994.9,100
2025-06-28T16:00,27.2,87,24.8,0.0,0.418,28.0,17.3,995.2,100
2025-06-28T17:00,26.9,88,24.7,0.1,0.416,27.8,16.9,995.7,100
2025-06-28T18:00,26.7,90,24.9,0.3,0.417,27.5,17.0,995.7,100
2025-06-28T19:00,25.4,96,24.7,2.3,0.439,27.0,14.0,995.6,95
2025-06-28T20:00,25.5,96,24.7,0.6,0.431,26.7,12.5,995.2,100
2025-06-28T21:00,26.3,93,25.0,0.2,0.428,26.6,18.2,995.0,88
2025-06-28T22:00,26.0,92,24.7,0.1,0.425,26.5,17.1,995.0,100
2025-06-28T23:00,26.0,93,24.7,0.1,0.422,26.4,18.1,995.1,100
2025-06-29T00:00,26.0,92,24.5,0.3,0.422,26.4,16.4,995.4,100
2025-06-29T01:00,26.0,91,24.5,0.1,0.414,27.2,16.1,995.4,100
2025-06-29T02:00,27.0,89,25.0,0.2,0.414,27.1,18.3,995.7,100
2025-06-29T03:00,28.2,82,24.9,0.0,0.412,27.6,15.5,996.7,76
2025-06-29T04:00,28.1,79,24.1,0.6,0.414,28.1,21.0,997.1,100
2025-06-29T05:00,28.9,76,24.3,0.1,0.412,28.2,19.0,996.9,96
2025-06-29T06:00,30.6,69,24.3,0.1,0.408,29.2,21.5,996.3,97
2025-06-29T07:00,31.5,65,24.2,0.0,0.404,30.2,20.5,996.1,82
2025-06-29T08:00,32.1,62,23.9,0.0,0.399,31.0,22.1,995.4,76
2025-06-29T09:00,32.3,61,23.7,0.0,0.395,31.5,22.4,994.6,80
2025-06-29T10:00,32.4,59,23.5,0.0,0.39,31.8,22.3,993.7,96
2025-06-29T11:00,32.0,60,23.4,0.0,0.387,31.6,21.8,993.3,100
2025-06-29T12:00,29.9,72,24.4,0.0,0.386,30.8,16.5,993.5,100
2025-06-29T13:00,29.4,75,24.5,0.0,0.402,29.8,19.6,994.1,96
2025-06-29T14:00,28.1,80,24.4,0.0,0.4,29.3,19.2,994.7,99
2025-06-29T15:00,27.6,82,24.4,0.0,0.399,28.7,17.5,995.4,97
2025-06-29T16:00,27.5,83,24.5,0.0,0.398,28.4,16.1,996.3,99
2025-06-29T17:00,27.5,84,24.6,0.0,0.397,28.2,15.2,996.8,100
2025-06-29T18:00,27.4,84,24.4,0.0,0.396,28.0,16.7,996.8,66
2025-06-29T19:00,27.1,84,24.3,0.0,0.395,27.8,16.5,996.2,54
2025-06-29T20:00,26.8,86,24.3,0.0,0.394,27.7,15.6,995.5,99
2025-06-29T21:00,26.8,86,24.2,0.0,0.393,27.5,15.4,994.9,99
2025-06-29T22:00,26.7,85,24.1,0.0,0.392,27.4,15.2,994.7,94
2025-06-29T23:00,26.4,87,24.1,0.0,0.391,27.3,14.0,994.8,98
2025-06-30T00:00,26.3,88,24.1,0.0,0.391,27.1,12.1,995.2,99
2025-06-30T01:00,27.4,85,24.7,0.0,0.393,28.0,13.0,995.2,99
2025-06-30T02:00,28.1,83,24.8,0.1,0.392,28.0,14.3,995.5,100
2025-06-30T03:00,29.3,79,25.3,0.0,0.39,28.6,14.1,996.3,99
2025-06-30T04:00,30.3,73,25.0,0.1,0.388,29.4,17.1,996.7,98
2025-06-30T05:00,31.3,69,24.9,0.1,0.386,30.3,16.6,996.8,100
2025-06-30T06:00,32.0,66,24.8,0.1,0.382,31.3,19.1,996.7,100
2025-06-30T07:00,31.4,69,25.0,0.9,0.388,31.5,15.7,996.2,100
2025-06-30T08:00,32.3,63,24.3,0.1,0.385,31.9,17.6,995.2,99
2025-06-30T09:00,31.0,69,24.6,1.6,0.4,31.9,14.8,994.9,96
2025-06-30T10:00,30.8,71,25.0,0.2,0.398,31.3,13.4,994.0,100
2025-06-30T11:00,27.4,87,25.1,8.7,0.43,30.9,14.8,994.3,97
2025-06-30T12:00,26.9,94,25.8,2.4,0.429,29.6,6.6,993.7,84
2025-06-30T13:00,29.3,80,25.6,0.2,0.406,30.3,10.8,994.3,93
2025-06-30T14:00,28.9,79,25.0,0.0,0.404,29.6,12.1,994.8,100
2025-06-30T15:00,28.5,80,24.8,0.0,0.402,29.1,11.0,995.8,100
2025-06-30T16:00,27.5,85,24.8,0.7,0.408,28.6,11.9,996.7,100
2025-06-30T17:00,25.5,96,24.9,4.1,0.435,27.8,9.4,997.2,100
2025-06-30T18:00,26.6,91,24.9,0.2,0.426,27.4,11.5,997.2,100
2025-06-30T19:00,26.5,90,24.8,0.1,0.422,27.2,12.7,996.9,100
2025-06-30T20:00,26.1,92,24.7,0.1,0.419,27.0,11.9,996.3,100
2025-06-30T21:00,26.1,92,24.7,0.1,0.417,26.9,13.1,995.8,100
2025-06-30T22:00,26.1,93,24.8,0.1,0.415,26.8,11.6,995.6,100
2025-06-30T23:00,26.0,93,24.7,0.0,0.413,26.7,10.2,995.8,100
2025-07-01T00:00,25.9,93,24.7,0.1,0.411,26.6,11.9,996.1,100
2025-07-01T01:00,27.2,87,24.8,0.0,0.406,28.1,10.8,996.4,82
2025-07-01T02:00,28.0,83,24.9,0.0,0.405,28.1,12.8,997.0,98
2025-07-01T03:00,28.8,80,24.9,0.3,0.405,28.5,16.2,997.5,100
2025-07-01T04:00,28.3,83,25.2,1.4,0.419,28.5,12.8,998.1,100
2025-07-01T05:00,29.6,79,25.5,0.1,0.415,29.1,11.6,997.7,100
2025-07-01T06:00,31.4,70,25.3,0.1,0.41,30.4,11.8,997.6,100
2025-07-01T07:00,32.0,67,25.0,0.0,0.406,31.4,12.0,997.0,88
2025-07-01T08:00,32.7,63,24.7,0.0,0.401,32.2,13.3,995.8,100
2025-07-01T09:00,32.2,63,24.3,0.0,0.397,32.2,12.8,994.8,100
2025-07-01T10:00,32.0,64,24.3,0.0,0.394,31.7,14.8,994.0,100
2025-07-01T11:00,30.5,73,25.1,2.7,0.422,31.5,13.0,993.9,100
2025-07-01T12:00,29.9,78,25.5,0.5,0.421,31.0,14.9,993.7,100
2025-07-01T13:00,29.3,79,25.3,0.5,0.405,30.3,14.5,994.6,100
2025-07-01T14:00,28.1,88,25.9,0.4,0.407,29.3,12.6,995.2,83
2025-07-01T15:00,27.8,88,25.6,0.0,0.405,28.6,12.6,996.0,100
2025-07-01T16:00,27.8,89,25.8,0.0,0.404,28.3,14.1,996.5,100
2025-07-01T17:00,27.3,90,25.5,0.0,0.403,28.2,14.8,996.9,100
2025-07-01T18:00,27.2,90,25.5,0.0,0.402,28.0,11.8,996.8,100
2025-07-01T19:00,27.2,90,25.3,0.0,0.4,27.8,13.1,996.3,100
2025-07-01T20:00,27.0,88,24.8,0.1,0.4,27.7,13.6,995.8,100
2025-07-01T21:00,26.8,87,24.5,0.3,0.401,27.5,12.3,995.5,100
2025-07-01T22:00,26.5,89,24.6,0.1,0.4,27.3,14.1,995.4,100
2025-07-01T23:00,26.4,89,24.4,0.2,0.401,27.1,12.6,995.8,100
2025-07-02T00:00,25.0,94,24.0,1.9,0.423,26.8,9.3,996.4,100
2025-07-02T01:00,26.1,93,24.8,0.3,0.406,27.7,11.3,995.7,100
2025-07-02T02:00,26.3,91,24.7,0.4,0.408,27.3,9.4,996.1,100
2025-07-02T03:00,27.2,90,25.4,0.5,0.41,27.5,8.2,996.4,100
2025-07-02T04:00,28.8,84,25.7,0.0,0.408,28.3,10.2,996.7,100
2025-07-02T05:00,30.3,74,25.3,0.0,0.404,29.3,12.4,996.6,100
2025-07-02T06:00,30.9,70,24.9,0.1,0.402,30.0,12.2,996.5,100
2025-07-02T07:00,29.0,80,25.2,8.6,0.438,29.6,9.1,995.7,100
2025-07-02T08:00,28.0,88,25.8,3.7,0.437,29.1,4.7,994.9,100
2025-07-02T09:00,27.7,89,25.7,2.8,0.434,28.9,1.7,994.5,100
2025-07-02T10:00,27.1,92,25.6,2.0,0.434,28.6,9.6,994.1,100
2025-07-02T11:00,27.2,92,25.8,1.3,0.437,28.3,7.6,993.2,100
2025-07-02T12:00,27.5,87,25.1,2.7,0.438,28.4,6.3,993.4,100
2025-07-02T13:00,27.7,93,26.6,1.3,0.425,28.8,8.1,993.5,100
2025-07-02T14:00,27.4,95,26.5,1.1,0.43,28.3,3.9,994.0,100
2025-07-02T15:00,27.1,93,25.9,0.4,0.428,27.9,4.7,994.7,100
2025-07-02T16:00,26.2,96,25.5,6.1,0.439,27.6,5.2,995.6,100
2025-07-02T17:00,25.9,95,25.0,1.7,0.434,27.2,10.1,996.0,100
2025-07-02T18:00,25.9,95,24.9,1.2,0.437,26.9,9.1,996.0,100
2025-07-02T19:00,25.6,95,24.8,0.9,0.436,26.7,12.8,995.6,100
2025-07-02T20:00,25.2,96,24.6,1.2,0.439,26.5,13.8,995.2,100
2025-07-02T21:00,25.0,96,24.3,4.0,0.439,26.3,10.3,994.7,100
2025-07-02T22:00,25.5,96,24.8,6.2,0.439,26.2,11.4,994.4,100
2025-07-02T23:00,25.4,96,24.7,5.2,0.439,26.2,10.9,994.7,100
2025-07-03T00:00,25.4,96,24.7,4.8,0.439,26.1,11.2,995.0,100
2025-07-03T01:00,26.3,95,25.5,0.3,0.43,27.0,8.1,995.0,100
2025-07-03T02:00,26.6,93,25.4,0.4,0.43,27.0,6.9,995.7,100
2025-07-03T03:00,26.3,91,24.8,2.2,0.435,27.0,12.2,996.2,100
2025-07-03T04:00,27.1,91,25.4,0.9,0.434,27.3,9.2,996.8,100
2025-07-03T05:00,30.0,75,25.1,0.1,0.428,28.7,10.9,996.7,100
2025-07-03T06:00,28.7,81,25.1,0.8,0.429,28.7,12.6,996.5,100
2025-07-03T07:00,30.5,75,25.5,0.1,0.424,29.9,7.9,996.0,100
2025-07-03T08:00,31.4,67,24.7,0.0,0.419,30.7,9.8,994.9,100
2025-07-03T09:00,30.0,74,25.0,0.3,0.417,30.9,14.9,994.8,100
2025-07-03T10:00,31.1,72,25.5,0.1,0.413,31.2,16.7,994.0,100
2025-07-03T11:00,28.7,84,25.7,2.1,0.431,30.5,12.9,994.1,100
2025-07-03T12:00,28.9,80,25.1,0.1,0.426,30.0,13.1,994.1,100
2025-07-03T13:00,28.2,83,25.1,0.2,0.429,28.9,13.4,994.7,99
2025-07-03T14:00,27.4,89,25.4,0.1,0.425,28.4,12.1,995.3,100
2025-07-03T15:00,27.2,90,25.4,0.0,0.422,28.0,10.7,995.9,100
2025-07-03T16:00,27.0,90,25.2,0.0,0.42,27.8,12.7,996.2,100
2025-07-03T17:00,27.0,90,25.2,0.0,0.418,27.6,14.7,996.5,100
2025-07-03T18:00,26.7,90,25.0,0.1,0.416,27.4,15.2,996.5,100
2025-07-03T19:00,26.6,90,24.8,0.1,0.415,27.3,15.1,996.2,100
2025-07-03T20:00,26.5,91,24.8,0.1,0.414,27.1,14.4,995.8,100
2025-07-03T21:00,26.0,94,24.9,0.6,0.418,27.0,14.5,995.6,100
2025-07-03T22:00,25.7,95,24.8,0.4,0.421,26.7,11.3,995.7,97
2025-07-03T23:00,25.9,92,24.5,0.2,0.42,26.5,11.8,996.0,82
2025-07-04T00:00,25.5,94,24.5,0.1,0.419,26.3,8.9,996.4,100
2025-07-04T01:00,25.8,95,25.0,0.1,0.414,27.1,9.2,996.7,97
2025-07-04T02:00,26.3,90,24.6,0.6,0.419,26.9,11.6,997.3,89
2025-07-04T03:00,27.2,86,24.7,0.1,0.417,27.2,12.8,997.4,98
2025-07-04T04:00,28.4,81,24.8,0.1,0.415,28.1,13.0,997.6,51
2025-07-04T05:00,29.7,77,25.3,0.0,0.411,29.2,12.1,997.6,19
2025-07-04T06:00,30.9,72,25.4,0.0,0.407,30.5,11.6,997.6,92
2025-07-04T07:00,31.8,67,25.0,0.0,0.403,31.3,10.7,996.8,100
2025-07-04T08:00,31.1,67,24.3,0.2,0.401,31.5,14.7,996.0,66
2025-07-04T09:00,31.2,70,25.0,0.3,0.401,31.4,13.8,995.5,90
2025-07-04T10:00,30.9,71,24.9,1.1,0.41,31.8,19.0,995.0,92
2025-07-04T11:00,29.8,77,25.4,0.1,0.408,31.2,16.4,994.9,76
2025-07-04T12:00,29.3,77,24.7,0.6,0.411,30.6,19.1,994.8,97
2025-07-04T13:00,28.5,80,24.7,0.0,0.427,29.1,17.2,995.4,100
2025-07-04T14:00,27.8,84,24.8,0.0,0.423,28.7,13.9,995.6,100
2025-07-04T15:00,27.2,88,25.0,0.2,0.422,28.3,16.2,996.3,100
2025-07-04T16:00,26.7,92,25.2,0.5,0.423,27.8,17.9,996.4,100
2025-07-04T17:00,26.8,90,25.0,0.3,0.423,27.4,15.0,997.5,100
2025-07-04T18:00,26.6,93,25.3,0.3,0.423,27.1,14.4,997.7,100
2025-07-04T19:00,26.1,95,25.1,0.5,0.426,26.9,13.8,997.6,100
2025-07-04T20:00,25.9,95,25.0,0.5,0.428,26.7,12.7,997.0,100
2025-07-04T21:00,25.7,96,25.0,0.2,0.426,26.6,11.7,996.5,100
2025-07-04T22:00,25.7,95,24.9,0.1,0.424,26.5,12.0,996.1,100
2025-07-04T23:00,25.5,96,24.8,0.1,0.421,26.3,11.1,996.4,100
2025-07-05T00:00,25.5,96,24.8,0.1,0.42,26.3,10.7,996.5,100
2025-07-05T01:00,25.6,96,24.9,0.3,0.416,27.0,11.0,996.4,100
2025-07-05T02:00,25.8,95,24.9,0.1,0.414,26.9,10.1,996.7,100
2025-07-05T03:00,26.0,93,24.8,0.2,0.414,26.9,12.0,997.0,100
2025-07-05T04:00,27.3,85,24.6,0.1,0.412,27.4,15.7,998.0,100
2025-07-05T05:00,26.9,86,24.5,0.8,0.419,27.5,13.0,997.9,100
2025-07-05T06:00,28.4,80,24.6,1.9,0.428,28.0,10.9,997.5,100
2025-07-05T07:00,28.6,79,24.6,0.2,0.424,28.3,12.1,997.0,100
2025-07-05T08:00,29.7,75,24.9,0.3,0.422,29.1,13.5,995.5,99
2025-07-05T09:00,30.8,74,25.5,0.1,0.418,30.1,14.1,994.6,100
2025-07-05T10:00,30.2,74,25.1,0.1,0.415,30.2,14.3,994.0,100
2025-07-05T11:00,26.8,90,25.0,6.1,0.434,29.1,11.9,994.4,100
2025-07-05T12:00,26.8,93,25.6,0.6,0.433,28.3,12.3,994.2,100
2025-07-05T13:00,26.6,94,25.5,2.4,0.435,28.0,10.5,994.7,100
2025-07-05T14:00,26.3,95,25.3,0.9,0.434,27.5,13.2,995.6,100
2025-07-05T15:00,25.6,95,24.8,2.0,0.433,27.0,9.2,995.8,100
2025-07-05T16:00,25.7,96,25.1,0.9,0.433,26.7,7.6,996.7,100
2025-07-05T17:00,26.0,97,25.4,0.7,0.432,26.6,10.4,997.2,100
2025-07-05T18:00,25.9,95,25.1,1.3,0.432,26.5,10.2,996.8,100
2025-07-05T19:00,26.0,95,25.2,0.3,0.43,26.4,11.4,996.5,100
2025-07-05T20:00,25.9,96,25.1,0.2,0.428,26.4,12.8,996.1,100
2025-07-05T21:00,25.8,96,25.1,0.2,0.426,26.3,13.1,995.4,100
2025-07-05T22:00,25.5,95,24.7,1.0,0.433,26.2,13.7,995.5,100
2025-07-05T23:00,25.4,96,24.7,0.6,0.431,26.1,11.8,995.7,100
2025-07-06T00:00,25.5,94,24.5,0.3,0.43,26.0,11.2,995.9,100
2025-07-06T01:00,25.6,96,24.8,0.2,0.415,26.5,9.4,994.9,100
2025-07-06T02:00,24.7,98,24.4,1.0,0.426,26.3,11.7,995.9,100
2025-07-06T03:00,25.6,91,24.1,0.4,0.426,26.3,12.9,996.5,100
2025-07-06T04:00,25.3,97,24.8,4.8,0.434,26.4,8.5,997.7,100
2025-07-06T05:00,25.1,99,24.8,3.1,0.432,26.3,6.5,997.1,100
2025-07-06T06:00,26.7,89,24.8,0.8,0.431,26.8,10.2,996.9,100
2025-07-06T07:00,26.6,90,24.9,0.3,0.429,27.0,10.3,996.4,100
2025-07-06T08:00,26.8,90,24.9,0.3,0.427,27.2,10.7,995.5,100
2025-07-06T09:00,27.9,83,24.8,0.1,0.424,27.8,13.2,994.7,100
2025-07-06T10:00,28.2,83,25.1,0.1,0.42,28.3,14.0,994.1,100
2025-07-06T11:00,26.8,90,25.0,0.5,0.421,27.9,14.5,993.9,100
2025-07-06T12:00,26.4,94,25.4,0.7,0.426,27.4,12.3,993.9,88
2025-07-06T13:00,26.1,93,24.8,2.8,0.435,27.5,13.9,995.0,100
2025-07-06T14:00,25.7,96,25.0,1.4,0.431,26.9,7.9,995.5,99
2025-07-06T15:00,25.4,96,24.7,1.6,0.43,26.5,6.5,996.0,100
2025-07-06T16:00,25.7,96,25.1,0.2,0.428,26.3,9.6,996.2,100
2025-07-06T17:00,25.7,96,25.0,0.0,0.425,26.2,10.8,996.8,100
2025-07-06T18:00,25.7,96,25.0,0.0,0.422,26.1,11.0,996.5,100
2025-07-06T19:00,25.7,96,25.0,0.0,0.419,26.1,11.8,996.2,100
2025-07-06T20:00,25.6,95,24.8,0.1,0.418,26.0,10.9,995.8,100
2025-07-06T21:00,25.7,93,24.4,0.0,0.416,25.9,13.3,995.4,78
2025-07-06T22:00,25.6,93,24.3,0.0,0.414,25.9,11.5,995.3,100
2025-07-06T23:00,25.5,94,24.4,0.0,0.413,25.8,9.9,995.7,100
2025-07-07T00:00,25.5,94,24.4,0.0,0.411,25.8,9.1,995.7,100
2025-07-07T01:00,26.6,87,24.2,0.0,0.407,26.9,12.3,996.1,100
2025-07-07T02:00,27.5,83,24.3,0.0,0.406,27.1,14.7,996.5,100
2025-07-07T03:00,28.3,80,24.5,0.0,0.405,27.5,16.2,996.3,91
2025-07-07T04:00,29.7,73,24.4,0.1,0.403,28.4,17.8,996.5,75
2025-07-07T05:00,30.5,68,24.0,0.1,0.401,29.3,18.2,997.1,82
2025-07-07T06:00,31.4,64,23.8,0.1,0.398,30.2,16.9,997.1,95
2025-07-07T07:00,32.3,60,23.4,0.0,0.394,31.0,15.6,996.6,99
2025-07-07T08:00,32.5,57,23.0,0.0,0.39,31.7,17.6,995.9,96
2025-07-07T09:00,32.3,58,23.0,0.1,0.387,32.1,16.2,995.5,100
2025-07-07T10:00,32.1,61,23.5,0.0,0.384,32.0,17.2,994.8,92
2025-07-07T11:00,30.4,70,24.2,0.3,0.385,31.3,13.5,994.9,69
2025-07-07T12:00,31.2,62,23.1,0.0,0.383,31.0,14.7,994.6,82
2025-07-07T13:00,27.0,86,24.6,0.2,0.425,28.9,18.5,996.2,100
2025-07-07T14:00,26.4,89,24.5,0.3,0.423,28.1,9.3,996.7,99
2025-07-07T15:00,26.2,92,24.9,0.1,0.421,27.5,10.2,997.1,100
2025-07-07T16:00,26.1,93,24.9,0.0,0.419,27.1,9.3,997.6,100
2025-07-07T17:00,25.9,93,24.8,0.0,0.416,26.9,8.5,998.2,100
2025-07-07T18:00,25.7,94,24.6,0.0,0.414,26.7,8.5,998.2,100
2025-07-07T19:00,25.6,94,24.6,0.0,0.413,26.6,9.8,997.8,100
2025-07-07T20:00,25.6,93,24.5,0.0,0.411,26.5,10.1,997.3,100
2025-07-07T21:00,25.5,93,24.2,0.0,0.41,26.4,9.2,996.8,100
2025-07-07T22:00,25.3,93,24.0,0.0,0.408,26.3,7.6,996.6,100
2025-07-07T23:00,25.3,92,24.0,0.0,0.407,26.2,8.3,996.7,100
2025-07-08T00:00,25.4,92,24.0,0.0,0.406,26.2,9.1,996.8,100
2025-07-08T01:00,25.8,88,23.7,0.0,0.412,27.0,8.0,997.3,91
2025-07-08T02:00,26.7,86,24.2,0.0,0.41,27.0,9.2,998.0,95
2025-07-08T03:00,27.6,84,24.8,0.0,0.408,27.5,7.6,998.4,100
2025-07-08T04:00,28.5,78,24.2,0.1,0.406,27.9,11.5,998.6,100
2025-07-08T05:00,29.1,73,23.8,0.1,0.405,28.3,12.8,998.7,100
2025-07-08T06:00,30.1,68,23.5,0.0,0.402,28.9,13.1,998.2,100
2025-07-08T07:00,30.7,65,23.4,0.1,0.399,29.4,14.1,997.8,100
2025-07-08T08:00,30.6,67,23.9,0.6,0.401,30.0,15.6,997.2,89
2025-07-08T09:00,31.0,69,24.7,0.0,0.397,30.6,14.9,996.2,29
2025-07-08T10:00,31.7,66,24.5,0.0,0.394,31.2,16.1,995.5,68
2025-07-08T11:00,29.4,77,24.8,2.8,0.425,30.8,13.7,995.8,92
2025-07-08T12:00,29.4,76,24.7,0.3,0.422,30.0,11.5,995.5,76
2025-07-08T13:00,27.3,89,25.4,0.5,0.413,29.2,15.1,996.6,100
2025-07-08T14:00,26.7,90,24.9,0.2,0.412,28.3,12.7,996.8,100
2025-07-08T15:00,26.6,91,25.1,0.0,0.41,27.7,10.9,997.5,100
2025-07-08T16:00,26.9,92,25.5,0.0,0.409,27.5,11.9,998.3,100
2025-07-08T17:00,26.7,91,25.1,0.0,0.408,27.4,11.1,998.7,100
2025-07-08T18:00,26.5,91,25.0,0.0,0.406,27.2,10.8,998.4,100
2025-07-08T19:00,26.5,92,25.0,0.0,0.405,27.2,9.2,997.9,100
2025-07-08T20:00,26.2,93,24.9,0.0,0.404,27.0,9.3,997.3,100
2025-07-08T21:00,26.0,93,24.7,0.0,0.403,26.9,7.9,997.1,100
2025-07-08T22:00,25.7,94,24.6,0.0,0.402,26.8,7.6,997.0,100
2025-07-08T23:00,25.5,94,24.5,0.0,0.401,26.6,7.2,997.2,100
2025-07-09T00:00,25.4,94,24.5,0.0,0.4,26.5,7.4,997.5,100
2025-07-09T01:00,26.7,89,24.8,0.0,0.397,28.1,7.3,997.5,97
2025-07-09T02:00,27.6,86,25.1,0.0,0.396,28.2,6.3,997.8,100
2025-07-09T03:00,28.5,81,24.9,0.0,0.395,28.6,9.0,998.5,100
2025-07-09T04:00,28.7,80,25.0,0.1,0.394,28.8,9.7,999.0,100
2025-07-09T05:00,29.9,75,25.0,0.0,0.392,29.6,11.3,999.2,100
2025-07-09T06:00,30.9,70,24.7,0.0,0.388,30.6,12.4,999.0,97
2025-07-09T07:00,31.6,66,24.5,0.0,0.384,31.5,13.7,998.4,73
2025-07-09T08:00,32.2,63,24.3,0.0,0.38,32.3,15.2,997.6,99
2025-07-09T09:00,32.4,61,24.0,0.0,0.377,32.5,17.2,996.4,99
2025-07-09T10:00,32.0,63,24.1,0.0,0.374,32.5,19.4,995.8,79
2025-07-09T11:00,31.5,64,23.8,0.0,0.371,32.3,19.8,995.8,47
2025-07-09T12:00,30.6,68,24.0,0.0,0.37,31.7,18.2,996.0,100
2025-07-09T13:00,30.0,73,24.7,0.0,0.378,30.8,13.8,996.8,100
2025-07-09T14:00,29.2,77,24.7,0.1,0.379,30.1,15.0,996.9,100
2025-07-09T15:00,28.3,81,24.8,0.0,0.378,29.5,16.3,997.1,100
2025-07-09T16:00,27.9,85,25.2,0.0,0.378,29.0,15.5,997.8,99
2025-07-09T17:00,27.9,85,25.2,0.0,0.378,28.7,13.9,998.6,93
2025-07-09T18:00,27.8,84,24.9,0.0,0.378,28.4,12.5,998.9,23
2025-07-09T19:00,27.6,84,24.7,0.0,0.378,28.2,12.8,998.8,42
2025-07-09T20:00,27.2,85,24.5,0.0,0.378,28.0,12.4,998.7,49
2025-07-09T21:00,26.8,87,24.4,0.0,0.377,27.8,10.7,998.1,9
2025-07-09T22:00,26.4,90,24.5,0.0,0.377,27.6,9.5,998.0,36
2025-07-09T23:00,26.1,91,24.6,0.0,0.377,27.4,8.5,998.1,40
2025-07-10T00:00,25.7,94,24.6,0.0,0.377,27.2,8.4,998.1,51
2025-07-10T01:00,26.2,89,24.3,0.0,0.378,28.2,9.0,998.3,7
2025-07-10T02:00,27.0,87,24.6,0.0,0.378,28.2,9.0,998.7,2
2025-07-10T03:00,28.4,79,24.4,0.0,0.377,28.6,12.4,999.1,66
2025-07-10T04:00,29.5,72,23.9,0.1,0.376,29.3,12.9,999.7,97
2025-07-10T05:00,30.6,66,23.6,0.1,0.374,30.2,13.9,999.7,100
2025-07-10T06:00,31.4,62,23.4,0.0,0.371,31.1,14.1,999.3,100
2025-07-10T07:00,32.2,59,23.2,0.1,0.368,31.8,14.8,998.8,100
2025-07-10T08:00,32.7,57,23.1,0.1,0.365,32.3,14.8,997.8,57
2025-07-10T09:00,33.3,55,23.0,0.1,0.362,32.8,14.7,996.8,100
2025-07-10T10:00,32.9,56,22.9,0.1,0.359,32.7,16.1,995.9,98
2025-07-10T11:00,31.5,63,23.6,0.0,0.356,32.5,16.6,995.8,100
2025-07-10T12:00,30.9,66,23.7,0.0,0.354,31.9,16.0,995.4,99
2025-07-10T13:00,29.9,70,23.9,0.0,0.385,30.8,15.2,997.0,100
2025-07-10T14:00,28.9,76,24.1,0.0,0.384,30.1,14.9,997.6,100
2025-07-10T15:00,28.0,80,24.3,0.0,0.383,29.4,13.0,997.9,100
2025-07-10T16:00,27.5,83,24.4,0.0,0.382,29.0,11.6,998.8,100
2025-07-10T17:00,27.3,85,24.6,0.0,0.382,28.6,11.8,999.0,100
2025-07-10T18:00,27.1,87,24.7,0.0,0.381,28.4,10.5,999.0,100
2025-07-10T19:00,27.1,87,24.7,0.0,0.38,28.2,11.1,998.6,100
2025-07-10T20:00,26.9,88,24.8,0.0,0.38,28.0,10.0,998.2,100
2025-07-10T21:00,26.9,89,24.8,0.0,0.38,27.9,9.9,997.7,100
2025-07-10T22:00,26.8,89,24.8,0.1,0.38,27.8,9.9,997.5,100
2025-07-10T23:00,26.6,90,24.9,0.0,0.379,27.6,9.8,997.4,100
2025-07-11T00:00,26.6,90,24.8,0.0,0.379,27.5,9.8,997.9,100
2025-07-11T01:00,26.7,93,25.5,0.0,0.378,28.0,9.1,998.5,100
2025-07-11T02:00,27.2,93,25.9,1.5,0.396,27.9,8.8,999.1,100
2025-07-11T03:00,27.0,90,25.2,0.3,0.397,27.8,11.6,999.4,100
2025-07-11T04:00,27.5,87,25.2,0.1,0.396,28.0,9.7,1000.1,100
2025-07-11T05:00,29.4,75,24.6,0.1,0.394,29.0,11.2,1000.3,100
2025-07-11T06:00,30.0,72,24.4,0.1,0.391,29.9,10.7,1000.4,99
2025-07-11T07:00,31.0,70,24.8,0.1,0.387,30.9,9.3,999.7,76
2025-07-11T08:00,31.4,68,24.9,0.1,0.384,31.9,10.3,999.0,65
2025-07-11T09:00,31.2,67,24.4,0.0,0.38,32.1,11.0,998.1,47
2025-07-11T10:00,32.0,61,23.4,0.0,0.376,32.3,10.7,997.0,100
2025-07-11T11:00,31.5,62,23.3,0.0,0.374,31.9,13.3,996.3,85
2025-07-11T12:00,30.9,64,23.4,0.0,0.371,31.6,13.3,996.2,100
2025-07-11T13:00,29.9,68,23.3,0.0,0.36,31.1,13.0,997.3,55
2025-07-11T14:00,28.8,74,23.6,0.0,0.359,30.3,11.5,997.7,72
2025-07-11T15:00,28.1,78,24.0,0.0,0.359,29.6,12.4,998.4,82
2025-07-11T16:00,27.7,81,24.1,0.0,0.359,29.1,11.2,999.2,97
2025-07-11T17:00,27.4,83,24.3,0.0,0.359,28.7,10.8,999.9,91
2025-07-11T18:00,27.2,84,24.3,0.0,0.359,28.4,9.9,1000.2,100
2025-07-11T19:00,27.1,84,24.2,0.0,0.359,28.2,10.1,999.6,100
2025-07-11T20:00,26.7,85,24.0,0.0,0.359,28.0,10.3,999.0,98
2025-07-11T21:00,26.4,87,24.0,0.0,0.359,27.8,9.9,998.6,99
2025-07-11T22:00,26.2,88,24.1,0.0,0.359,27.6,8.9,998.3,100
2025-07-11T23:00,26.2,90,24.3,0.0,0.359,27.4,8.5,998.2,100
2025-07-12T00:00,26.1,91,24.4,0.0,0.359,27.3,8.0,998.7,100
2025-07-12T01:00,26.7,87,24.4,0.0,0.363,27.8,9.2,998.7,100
2025-07-12T02:00,27.2,86,24.6,0.0,0.363,27.8,6.9,999.3,100
2025-07-12T03:00,28.4,79,24.5,0.0,0.362,28.3,12.8,999.6,100
2025-07-12T04:00,29.1,76,24.3,0.1,0.362,28.8,12.8,999.8,99
2025-07-12T05:00,30.1,71,24.2,0.1,0.36,29.8,12.1,1000.2,100
2025-07-12T06:00,30.1,70,24.0,0.1,0.358,30.4,12.2,1000.1,99
2025-07-12T07:00,30.0,71,24.2,0.1,0.356,30.7,11.3,999.6,100
2025-07-12T08:00,30.2,69,24.0,0.1,0.355,30.8,9.1,998.6,99
2025-07-12T09:00,30.7,68,24.2,0.0,0.353,31.2,10.0,998.1,100
2025-07-12T10:00,30.9,67,23.9,0.5,0.355,31.6,10.5,997.3,94
2025-07-12T11:00,29.9,75,25.0,0.2,0.356,31.2,7.4,997.1,100
2025-07-12T12:00,30.0,75,25.0,0.0,0.354,31.0,10.7,997.0,100
2025-07-12T13:00,28.0,85,25.2,0.9,0.35,29.7,2.9,997.5,100
2025-07-12T14:00,27.5,88,25.4,0.1,0.351,28.9,11.3,998.1,100
2025-07-12T15:00,26.8,90,24.9,0.0,0.351,28.3,9.6,998.5,100
2025-07-12T16:00,26.5,92,25.1,0.0,0.351,27.9,9.2,999.2,100
2025-07-12T17:00,26.6,93,25.3,0.0,0.351,27.7,9.3,999.8,100
2025-07-12T18:00,26.8,92,25.4,0.0,0.352,27.6,9.6,999.7,100
2025-07-12T19:00,26.5,93,25.2,0.0,0.352,27.5,8.8,999.7,100
2025-07-12T20:00,26.2,93,24.9,0.0,0.352,27.3,10.5,999.0,97
2025-07-12T21:00,26.1,91,24.6,0.0,0.352,27.2,11.1,998.4,77
2025-07-12T22:00,26.0,92,24.6,0.0,0.352,27.1,9.3,998.3,42
2025-07-12T23:00,25.9,93,24.7,0.0,0.352,27.0,9.4,998.7,91
2025-07-13T00:00,25.7,94,24.6,0.0,0.352,26.9,7.6,998.7,98
2025-07-13T01:00,26.3,89,24.4,0.0,0.338,28.0,9.2,998.8,94
2025-07-13T02:00,26.8,89,24.9,0.0,0.338,27.9,8.0,999.4,58
2025-07-13T03:00,28.4,84,25.4,0.0,0.337,28.5,8.7,999.8,99
2025-07-13T04:00,29.5,76,24.9,0.0,0.337,29.1,8.5,999.9,100
2025-07-13T05:00,30.5,70,24.3,0.0,0.335,29.7,7.8,999.6,100
2025-07-13T06:00,29.8,74,24.7,0.2,0.336,29.9,6.7,999.3,100
2025-07-13T07:00,27.7,85,24.9,4.1,0.386,29.6,9.9,999.3,100
2025-07-13T08:00,26.6,91,25.0,3.3,0.42,28.8,8.3,998.6,45
2025-07-13T09:00,29.1,79,25.2,0.7,0.417,29.7,5.4,997.5,44
2025-07-13T10:00,30.7,72,25.0,0.1,0.41,30.7,8.2,996.3,24
2025-07-13T11:00,30.8,72,25.2,0.1,0.404,31.2,11.6,995.9,36
2025-07-13T12:00,29.7,76,25.0,0.7,0.406,30.6,13.9,995.8,65
2025-07-13T13:00,28.3,83,25.2,0.1,0.406,29.9,12.9,996.2,100
2025-07-13T14:00,28.0,85,25.2,0.0,0.403,29.3,10.1,996.9,100
2025-07-13T15:00,27.4,87,25.0,0.0,0.401,28.8,10.6,997.1,100
2025-07-13T16:00,26.8,89,24.8,0.5,0.404,28.4,9.7,997.8,100
2025-07-13T17:00,26.1,95,25.2,0.6,0.408,27.7,11.3,998.4,100
2025-07-13T18:00,26.2,94,25.1,0.1,0.406,27.3,12.6,998.2,100
2025-07-13T19:00,26.2,94,25.2,0.0,0.404,27.1,14.1,998.0,100
2025-07-13T20:00,25.8,94,24.7,0.1,0.402,27.0,12.1,997.5,100
2025-07-13T21:00,25.6,94,24.7,0.2,0.402,26.8,9.6,997.0,97
2025-07-13T22:00,25.6,96,24.9,0.1,0.401,26.6,8.6,996.5,100
2025-07-13T23:00,25.7,95,24.7,0.8,0.409,26.5,9.5,996.7,100
2025-07-14T00:00,25.4,96,24.8,1.6,0.424,26.4,10.9,996.8,100
2025-07-14T01:00,26.0,97,25.4,0.4,0.427,27.3,8.4,996.6,100
2025-07-14T02:00,26.7,95,25.9,0.6,0.428,27.2,8.3,997.0,100
2025-07-14T03:00,27.2,92,25.7,4.1,0.439,27.5,11.8,997.5,100
2025-07-14T04:00,27.2,92,25.8,4.0,0.431,27.6,10.5,998.0,100
2025-07-14T05:00,27.3,94,26.3,1.0,0.434,27.8,7.8,998.0,100
2025-07-14T06:00,28.4,87,26.0,0.4,0.431,28.1,9.5,997.5,100
2025-07-14T07:00,29.1,83,25.9,0.4,0.429,28.5,8.7,996.6,100
2025-07-14T08:00,28.8,86,26.2,0.3,0.427,28.7,5.5,995.8,100
2025-07-14T09:00,30.7,74,25.6,0.2,0.423,29.9,7.8,994.9,100
2025-07-14T10:00,30.5,74,25.3,0.6,0.424,30.2,10.2,994.4,100
2025-07-14T11:00,29.5,79,25.6,1.8,0.429,29.6,6.8,994.1,100
2025-07-14T12:00,28.8,83,25.6,0.0,0.425,29.2,10.3,994.0,100
2025-07-14T13:00,26.8,93,25.5,1.1,0.431,28.7,8.2,995.6,100
2025-07-14T14:00,26.3,95,25.4,0.2,0.427,27.9,12.3,996.5,100
2025-07-14T15:00,26.3,94,25.2,0.1,0.424,27.4,14.0,996.6,100
2025-07-14T16:00,26.5,94,25.4,0.0,0.421,27.2,14.9,997.2,100
2025-07-14T17:00,26.3,94,25.2,0.0,0.419,27.0,13.5,997.1,100
2025-07-14T18:00,26.2,93,25.1,0.0,0.417,26.9,13.7,997.1,100
2025-07-14T19:00,26.3,93,25.1,0.0,0.415,26.9,13.5,996.7,100
2025-07-14T20:00,26.5,93,25.2,0.0,0.413,26.9,13.8,996.4,100
2025-07-14T21:00,26.0,91,24.5,0.3,0.414,26.8,11.5,996.2,100
2025-07-14T22:00,25.8,95,24.9,1.1,0.424,26.6,12.5,996.1,100
2025-07-14T23:00,24.4,95,23.5,4.0,0.439,26.2,9.9,996.3,100
2025-07-15T00:00,24.4,96,23.7,3.5,0.434,25.9,2.7,996.4,100
2025-07-15T01:00,25.7,93,24.6,0.0,0.409,27.3,9.4,995.8,100
2025-07-15T02:00,26.9,90,25.1,0.0,0.407,27.3,9.5,996.6,100
2025-07-15T03:00,28.2,82,24.8,0.0,0.406,27.8,12.4,997.0,100
2025-07-15T04:00,29.5,75,24.7,0.1,0.404,28.6,12.4,997.6,100
2025-07-15T05:00,30.5,71,24.7,0.3,0.403,29.6,11.7,997.4,100
2025-07-15T06:00,31.4,66,24.4,0.2,0.401,30.5,11.0,997.2,100
2025-07-15T07:00,32.3,63,24.4,0.1,0.397,31.5,10.2,996.4,96
2025-07-15T08:00,33.0,60,24.2,0.0,0.392,32.4,10.4,995.5,100
2025-07-15T09:00,33.5,57,23.8,0.0,0.388,33.0,11.1,994.6,99
2025-07-15T10:00,33.5,56,23.5,0.0,0.384,33.1,11.0,993.8,99
2025-07-15T11:00,33.4,57,23.6,0.0,0.381,33.0,11.4,993.3,88
2025-07-15T12:00,32.7,59,23.6,0.0,0.379,32.5,11.5,993.3,89
2025-07-15T13:00,31.4,66,24.4,0.0,0.38,31.6,7.7,994.3,98
2025-07-15T14:00,30.0,72,24.5,0.0,0.38,30.7,11.9,995.4,99
2025-07-15T15:00,29.1,78,24.9,0.0,0.38,30.0,12.9,996.0,97
2025-07-15T16:00,28.3,81,24.8,0.0,0.38,29.5,13.8,996.7,99
2025-07-15T17:00,28.0,84,25.1,0.0,0.38,29.0,14.2,997.0,89
2025-07-15T18:00,27.7,87,25.4,0.0,0.38,28.7,14.4,997.0,11
2025-07-15T19:00,27.5,89,25.6,0.0,0.38,28.5,13.0,997.0,58
2025-07-15T20:00,27.5,90,25.6,0.0,0.38,28.3,13.3,996.9,95
2025-07-15T21:00,26.9,89,25.0,0.1,0.381,28.1,14.2,996.9,100
2025-07-15T22:00,25.5,92,24.1,0.2,0.383,27.7,14.7,996.8,100
2025-07-15T23:00,25.7,93,24.5,0.2,0.384,27.3,10.2,996.6,100
2025-07-16T00:00,25.9,94,24.9,0.0,0.384,27.2,8.7,997.2,99
2025-07-16T01:00,26.6,93,25.3,0.1,0.371,28.8,4.8,997.5,96
2025-07-16T02:00,27.1,91,25.5,0.3,0.374,28.5,7.4,998.0,100
2025-07-16T03:00,28.1,86,25.5,0.1,0.374,28.6,7.7,998.5,100
2025-07-16T04:00,29.2,78,25.0,0.2,0.375,29.1,11.5,998.8,90
2025-07-16T05:00,29.9,75,25.0,0.3,0.376,29.8,8.7,998.8,81
2025-07-16T06:00,30.8,72,25.1,0.2,0.374,31.1,7.6,998.6,88
2025-07-16T07:00,31.6,66,24.6,0.1,0.372,32.0,8.9,997.9,100
2025-07-16T08:00,32.6,61,24.2,0.0,0.368,32.6,9.6,996.8,100
2025-07-16T09:00,33.2,58,23.9,0.0,0.364,33.1,11.5,995.8,25
2025-07-16T10:00,33.6,56,23.6,0.0,0.36,33.4,12.1,994.9,6
2025-07-16T11:00,33.5,56,23.5,0.0,0.357,33.3,13.1,994.5,16
2025-07-16T12:00,32.8,60,23.9,0.0,0.355,32.7,11.3,994.3,12
2025-07-16T13:00,31.5,67,24.7,0.0,0.35,32.0,4.5,995.9,15
2025-07-16T14:00,30.1,71,24.2,0.0,0.35,31.1,9.7,996.6,44
2025-07-16T15:00,29.1,78,24.8,0.0,0.351,30.4,13.5,997.2,92
2025-07-16T16:00,28.3,80,24.6,0.0,0.351,29.8,12.9,997.6,87
2025-07-16T17:00,27.7,83,24.5,0.0,0.351,29.3,11.0,997.9,19
2025-07-16T18:00,27.4,85,24.7,0.0,0.352,28.9,10.3,997.9,57
2025-07-16T19:00,27.2,88,24.9,0.0,0.352,28.6,11.1,997.8,79
2025-07-16T20:00,27.1,90,25.2,0.0,0.353,28.4,11.2,997.6,98
2025-07-16T21:00,27.0,91,25.4,0.0,0.353,28.2,10.9,997.5,49
2025-07-16T22:00,26.8,92,25.4,0.0,0.354,28.1,10.0,997.8,34
2025-07-16T23:00,26.6,92,25.3,0.0,0.354,27.9,9.7,997.8,65
2025-07-17T00:00,26.5,92,25.1,0.0,0.355,27.8,7.8,998.1,83
2025-07-17T01:00,26.9,89,24.9,0.0,0.347,29.1,6.9,998.6,100
2025-07-17T02:00,27.6,87,25.2,0.0,0.347,29.0,3.9,999.3,100
2025-07-17T03:00,28.7,82,25.3,0.2,0.348,29.4,9.0,999.9,97
2025-07-17T04:00,29.9,75,25.1,0.2,0.349,30.1,8.9,1000.1,24
2025-07-17T05:00,30.8,70,24.7,0.4,0.35,30.9,8.8,1000.0,37
2025-07-17T06:00,31.4,67,24.5,0.6,0.353,31.6,9.1,999.6,88
2025-07-17T07:00,32.2,63,24.1,0.3,0.352,32.3,9.6,999.0,87
2025-07-17T08:00,33.1,58,23.7,0.0,0.348,33.2,10.2,998.1,85
2025-07-17T09:00,33.3,56,23.2,0.0,0.344,33.6,10.2,997.2,100
2025-07-17T10:00,33.2,56,23.1,0.0,0.341,33.5,10.4,996.6,96
2025-07-17T11:00,33.1,55,23.0,0.0,0.338,33.4,11.0,996.1,96
2025-07-17T12:00,32.4,58,23.2,0.0,0.336,32.8,9.7,996.0,94
2025-07-17T13:00,31.0,66,23.8,0.0,0.326,31.9,5.4,996.6,97
2025-07-17T14:00,29.4,73,24.0,0.0,0.326,31.0,4.4,997.1,100
2025-07-17T15:00,28.8,75,23.9,0.0,0.327,30.3,9.9,997.9,100
2025-07-17T16:00,28.1,78,23.8,0.0,0.327,29.7,10.8,998.8,100
2025-07-17T17:00,27.7,81,24.1,0.0,0.328,29.2,10.6,999.3,100
2025-07-17T18:00,27.5,84,24.6,0.0,0.328,28.9,10.6,999.1,100
2025-07-17T19:00,27.4,85,24.8,0.0,0.329,28.7,11.9,998.9,100
2025-07-17T20:00,27.3,86,24.8,0.0,0.329,28.5,12.2,998.7,100
2025-07-17T21:00,27.2,87,24.8,0.0,0.33,28.3,12.9,998.4,100
2025-07-17T22:00,27.2,87,24.9,0.0,0.33,28.2,12.8,998.1,100
2025-07-17T23:00,26.9,88,24.7,0.0,0.331,28.0,13.4,998.0,100
2025-07-18T00:00,26.6,87,24.4,0.0,0.331,27.9,14.0,998.4,100
2025-07-18T01:00,27.2,83,24.1,0.0,0.329,28.9,11.1,998.6,100
2025-07-18T02:00,27.9,83,24.7,0.0,0.329,28.9,8.0,999.3,100
2025-07-18T03:00,28.7,81,25.0,0.0,0.329,29.2,10.6,999.5,100
2025-07-18T04:00,29.7,74,24.6,0.1,0.329,29.7,11.4,1000.1,100
2025-07-18T05:00,30.5,70,24.3,0.0,0.327,30.4,11.2,1000.3,100
2025-07-18T06:00,31.4,65,24.0,0.1,0.325,31.4,11.9,1000.0,100
2025-07-18T07:00,32.3,60,23.5,0.0,0.322,32.3,11.8,999.3,100
2025-07-18T08:00,32.8,57,23.0,0.0,0.318,33.0,12.2,998.3,100
2025-07-18T09:00,33.0,55,22.8,0.0,0.314,33.4,11.9,997.5,100
2025-07-18T10:00,32.9,55,22.7,0.0,0.311,33.3,11.8,996.9,100
2025-07-18T11:00,32.5,56,22.7,0.0,0.309,32.9,11.8,996.2,100
2025-07-18T12:00,31.9,60,23.1,0.0,0.308,32.4,10.2,995.8,100
2025-07-18T13:00,30.4,67,23.5,0.0,0.308,31.4,7.2,996.4,100
2025-07-18T14:00,29.3,71,23.5,0.0,0.308,30.6,9.3,996.7,100
2025-07-18T15:00,28.6,75,23.6,0.0,0.308,29.9,13.0,997.0,100
2025-07-18T16:00,27.9,80,24.1,0.0,0.309,29.4,11.9,997.6,100
2025-07-18T17:00,27.6,83,24.4,0.0,0.309,29.1,12.0,997.9,100
2025-07-18T18:00,27.4,85,24.7,0.0,0.31,28.8,13.8,997.4,100
2025-07-18T19:00,27.4,85,24.7,0.0,0.31,28.5,14.9,997.0,100
2025-07-18T20:00,27.5,85,24.8,0.0,0.311,28.4,15.5,996.1,100
2025-07-18T21:00,27.5,84,24.6,0.0,0.311,28.3,14.2,995.4,100
2025-07-18T22:00,27.4,83,24.3,0.0,0.311,28.1,13.0,995.1,100
2025-07-18T23:00,27.1,84,24.2,0.0,0.312,28.0,11.7,995.2,100
2025-07-19T00:00,26.8,86,24.2,0.0,0.312,27.9,10.1,995.7,100
2025-07-19T01:00,27.2,86,24.7,0.1,0.311,28.9,10.7,995.8,100
2025-07-19T02:00,27.7,86,25.1,0.1,0.311,28.7,10.5,996.1,100
2025-07-19T03:00,28.4,83,25.2,0.0,0.311,29.0,12.1,996.8,97
2025-07-19T04:00,29.5,77,24.9,0.1,0.311,29.7,13.0,997.5,68
2025-07-19T05:00,30.4,70,24.3,0.1,0.309,30.6,13.5,997.5,50
2025-07-19T06:00,31.3,64,23.8,0.1,0.307,31.5,13.8,997.0,29
2025-07-19T07:00,31.6,63,23.8,0.1,0.304,32.3,14.6,996.5,73
2025-07-19T08:00,32.0,60,23.4,0.0,0.3,32.9,14.4,995.5,28
2025-07-19T09:00,32.2,59,23.1,0.0,0.297,33.3,14.4,994.6,8
2025-07-19T10:00,32.3,57,22.8,0.0,0.293,33.4,13.8,993.8,4
2025-07-19T11:00,32.2,57,22.5,0.0,0.291,33.1,13.3,993.0,6
2025-07-19T12:00,31.5,59,22.4,0.0,0.289,32.5,14.0,992.7,13
2025-07-19T13:00,30.8,65,23.5,0.0,0.287,31.7,11.7,993.1,6
2025-07-19T14:00,29.3,73,23.9,0.0,0.287,30.8,14.3,993.9,6
2025-07-19T15:00,28.6,77,24.1,0.0,0.287,30.1,13.7,994.6,14
2025-07-19T16:00,28.0,81,24.5,0.0,0.287,29.6,13.4,995.5,21
2025-07-19T17:00,27.7,84,24.8,0.0,0.288,29.2,11.8,995.9,28
2025-07-19T18:00,27.5,86,25.0,0.0,0.289,28.9,11.2,996.0,74
2025-07-19T19:00,27.3,86,24.7,0.2,0.291,28.5,11.1,995.9,55
2025-07-19T20:00,26.8,87,24.5,0.1,0.292,28.2,11.6,995.5,46
2025-07-19T21:00,26.4,88,24.3,0.0,0.293,27.9,11.0,994.8,89
2025-07-19T22:00,25.8,90,24.0,0.1,0.294,27.6,10.0,994.8,97
2025-07-19T23:00,25.8,90,24.1,0.3,0.298,27.3,9.9,995.1,98
2025-07-20T00:00,25.6,93,24.4,0.3,0.3,27.0,10.4,995.3,69
2025-07-20T01:00,26.4,87,24.1,0.0,0.291,28.4,8.2,994.9,39
2025-07-20T02:00,26.9,86,24.3,0.1,0.292,28.3,10.3,995.2,50
2025-07-20T03:00,27.8,83,24.6,0.0,0.292,28.6,11.9,995.5,28
2025-07-20T04:00,29.2,79,25.2,0.3,0.294,29.3,12.8,995.8,88
2025-07-20T05:00,30.4,71,24.7,0.1,0.293,30.1,15.0,995.9,100
2025-07-20T06:00,30.5,70,24.4,0.1,0.292,30.4,13.4,995.5,95
2025-07-20T07:00,31.6,68,24.9,0.1,0.289,31.6,15.4,994.9,96
2025-07-20T08:00,32.1,64,24.6,0.1,0.287,32.3,17.0,994.1,100
2025-07-20T09:00,32.3,63,24.4,0.1,0.284,32.8,15.0,993.4,72
2025-07-20T10:00,32.5,61,24.1,0.0,0.281,33.0,15.5,992.9,66
2025-07-20T11:00,31.3,65,23.9,0.1,0.281,32.6,15.2,992.6,64
2025-07-20T12:00,31.1,66,23.9,0.1,0.28,32.0,15.6,992.5,57
2025-07-20T13:00,31.0,68,24.5,0.0,0.289,31.6,11.4,993.2,89
2025-07-20T14:00,29.9,73,24.6,0.0,0.289,30.8,11.3,993.9,100
2025-07-20T15:00,29.0,78,24.9,0.0,0.289,30.2,12.5,994.6,98
2025-07-20T16:00,28.2,84,25.2,0.0,0.289,29.6,13.9,995.5,100
2025-07-20T17:00,27.7,87,25.3,0.0,0.289,29.2,13.4,996.5,100
2025-07-20T18:00,27.7,85,25.0,0.0,0.29,29.0,14.4,996.6,100
2025-07-20T19:00,27.3,87,24.8,0.0,0.29,28.7,13.7,996.4,100
2025-07-20T20:00,26.8,88,24.6,0.1,0.291,28.5,13.3,996.3,100
2025-07-20T21:00,26.1,90,24.4,0.1,0.292,28.1,14.6,996.0,100
2025-07-20T22:00,25.5,91,23.9,1.1,0.306,27.8,13.2,995.8,100
2025-07-20T23:00,25.1,95,24.2,3.5,0.353,27.2,7.7,996.1,100
2025-07-21T00:00,25.3,95,24.4,0.4,0.356,26.8,10.3,996.5,100
2025-07-21T01:00,25.2,94,24.2,2.6,0.379,27.9,5.7,996.4,100
2025-07-21T02:00,26.2,91,24.7,1.2,0.391,27.5,8.3,996.9,100
2025-07-21T03:00,26.7,90,25.0,0.1,0.388,27.6,10.4,997.7,100
2025-07-21T04:00,27.7,84,24.8,0.1,0.385,28.3,10.0,998.0,88
2025-07-21T05:00,29.0,78,24.8,0.1,0.382,29.2,9.1,998.1,52
2025-07-21T06:00,30.1,77,25.6,0.0,0.377,30.3,8.8,997.8,49
2025-07-21T07:00,31.6,70,25.4,0.0,0.372,31.6,6.9,997.0,100
2025-07-21T08:00,30.4,72,24.8,0.6,0.374,31.9,11.6,996.3,100
2025-07-21T09:00,28.6,82,25.1,0.8,0.38,30.8,8.6,995.9,96
2025-07-21T10:00,29.9,77,25.5,0.2,0.378,31.1,6.4,995.1,30
2025-07-21T11:00,31.1,72,25.6,0.1,0.374,31.6,6.9,994.7,75
2025-07-21T12:00,30.1,77,25.6,0.8,0.379,31.3,12.3,994.8,83
2025-07-21T13:00,28.5,85,25.6,0.0,0.402,30.0,5.2,996.0,98
2025-07-21T14:00,28.1,87,25.7,0.0,0.398,29.4,7.3,997.0,38
2025-07-21T15:00,27.6,89,25.7,0.0,0.394,28.9,6.8,996.9,93
2025-07-21T16:00,27.7,89,25.8,0.0,0.391,28.6,8.7,997.8,99
2025-07-21T17:00,27.6,88,25.5,0.0,0.388,28.4,9.8,998.3,28
2025-07-21T18:00,27.3,90,25.6,0.0,0.386,28.2,11.2,998.3,31
2025-07-21T19:00,27.1,92,25.6,0.0,0.384,28.0,10.6,997.9,39
2025-07-21T20:00,26.9,92,25.5,0.0,0.382,27.9,9.5,997.5,97
2025-07-21T21:00,26.3,93,25.1,0.0,0.38,27.7,9.6,997.3,96
2025-07-21T22:00,25.9,92,24.5,0.1,0.379,27.5,9.5,997.1,100
2025-07-21T23:00,26.0,93,24.8,0.1,0.378,27.4,7.5,997.6,100
2025-07-22T00:00,26.0,93,24.8,0.1,0.377,27.2,10.8,998.0,100
2025-07-22T01:00,26.1,96,25.4,0.0,0.397,28.0,6.9,998.1,98
2025-07-22T02:00,26.9,92,25.4,0.0,0.394,27.8,8.6,998.4,93
2025-07-22T03:00,27.6,87,25.2,0.1,0.391,28.2,8.8,998.7,100
2025-07-22T04:00,28.6,84,25.7,0.1,0.389,28.9,7.7,999.1,97
2025-07-22T05:00,29.8,79,25.8,0.1,0.385,30.0,8.4,999.2,100
2025-07-22T06:00,30.8,74,25.6,0.1,0.381,31.0,7.8,998.4,100
2025-07-22T07:00,31.9,68,25.3,0.1,0.377,32.0,8.1,997.6,100
2025-07-22T08:00,31.8,68,25.0,0.0,0.373,32.3,8.8,996.5,100
2025-07-22T09:00,31.8,67,25.0,0.0,0.369,32.4,9.8,995.3,98
2025-07-22T10:00,31.5,69,25.1,0.1,0.365,32.6,10.5,994.8,98
2025-07-22T11:00,30.3,74,25.2,2.4,0.391,31.7,9.4,994.5,100
2025-07-22T12:00,30.5,74,25.3,0.1,0.388,31.4,9.4,994.2,100
2025-07-22T13:00,29.8,79,25.8,0.0,0.364,31.1,6.5,995.1,100
2025-07-22T14:00,29.3,81,25.7,0.0,0.364,30.4,8.9,996.0,100
2025-07-22T15:00,28.9,81,25.4,0.0,0.363,29.8,11.2,996.6,100
2025-07-22T16:00,28.2,84,25.1,0.0,0.362,29.4,11.3,997.0,100
2025-07-22T17:00,27.6,88,25.4,0.2,0.363,29.0,12.1,997.2,100
2025-07-22T18:00,27.1,92,25.7,0.4,0.367,28.5,13.6,997.3,100
2025-07-22T19:00,27.0,92,25.5,0.1,0.367,28.1,12.2,996.8,100
2025-07-22T20:00,26.9,90,25.0,0.0,0.366,27.8,12.5,996.5,93
2025-07-22T21:00,26.3,91,24.8,1.0,0.377,27.6,13.7,996.3,100
2025-07-22T22:00,25.8,95,24.9,0.9,0.387,27.2,12.9,996.0,100
2025-07-22T23:00,25.9,95,25.1,0.6,0.392,27.0,11.3,996.1,100
2025-07-23T00:00,26.1,93,24.9,0.2,0.392,26.9,12.1,996.0,100
2025-07-23T01:00,26.6,92,25.2,0.3,0.363,27.9,8.3,995.8,100
2025-07-23T02:00,27.3,89,25.3,0.2,0.365,27.7,11.1,996.0,100
2025-07-23T03:00,27.8,86,25.2,0.1,0.365,27.9,10.3,996.5,99
2025-07-23T04:00,28.2,83,25.1,0.2,0.365,28.4,12.0,996.8,98
2025-07-23T05:00,29.0,79,24.9,0.0,0.364,29.0,13.1,997.0,99
2025-07-23T06:00,30.0,73,24.6,0.0,0.36,30.1,13.3,996.5,100
2025-07-23T07:00,29.8,73,24.3,0.0,0.358,30.3,13.3,995.9,100
2025-07-23T08:00,30.1,70,24.0,0.0,0.355,30.4,12.8,994.9,100
2025-07-23T09:00,30.5,67,23.8,0.0,0.353,30.5,14.1,993.9,100
2025-07-23T10:00,30.8,66,23.7,0.0,0.35,30.9,16.1,993.4,100
2025-07-23T11:00,30.1,68,23.5,0.0,0.348,30.6,15.9,993.1,100
2025-07-23T12:00,29.5,72,23.9,0.0,0.346,30.3,13.9,993.0,100
2025-07-23T13:00,27.9,86,25.4,0.0,0.373,28.8,11.0,993.6,100
2025-07-23T14:00,27.4,89,25.4,0.0,0.372,28.5,10.9,994.3,100
2025-07-23T15:00,27.3,89,25.2,0.0,0.371,28.2,11.0,994.6,100
2025-07-23T16:00,27.2,90,25.4,0.0,0.37,28.0,11.7,995.1,100
2025-07-23T17:00,27.2,90,25.4,0.0,0.37,27.9,12.8,995.6,100
2025-07-23T18:00,27.4,87,24.9,0.0,0.369,27.8,14.2,995.4,100
2025-07-23T19:00,27.1,85,24.4,0.0,0.368,27.7,14.3,995.1,100
2025-07-23T20:00,26.9,85,24.2,0.0,0.367,27.6,13.6,994.9,100
2025-07-23T21:00,26.8,85,24.1,0.0,0.366,27.5,12.5,994.6,100
2025-07-23T22:00,26.6,86,24.1,0.2,0.367,27.4,11.6,994.3,100
2025-07-23T23:00,26.4,87,24.0,0.1,0.367,27.1,11.6,994.4,100
2025-07-24T00:00,26.1,88,24.0,0.1,0.367,26.9,10.2,994.4,90
2025-07-24T01:00,26.7,90,24.9,0.0,0.367,28.1,8.6,994.2,100
2025-07-24T02:00,26.9,90,25.1,0.1,0.368,27.8,6.4,994.7,87
2025-07-24T03:00,27.9,85,25.2,0.1,0.367,28.1,8.5,995.2,70
2025-07-24T04:00,28.2,79,24.3,0.2,0.367,28.6,13.0,995.7,98
2025-07-24T05:00,29.2,75,24.4,0.1,0.365,29.3,12.4,996.0,90
2025-07-24T06:00,29.8,75,24.9,0.2,0.363,30.0,13.2,995.6,83
2025-07-24T07:00,30.7,72,25.1,0.2,0.362,30.6,12.6,995.0,68
2025-07-24T08:00,31.1,70,24.9,0.0,0.358,31.3,13.8,993.8,63
2025-07-24T09:00,31.5,68,24.8,0.0,0.354,31.9,14.4,992.8,52
2025-07-24T10:00,30.4,71,24.5,0.7,0.357,31.6,14.6,992.2,99
2025-07-24T11:00,29.9,76,25.2,0.2,0.358,30.9,12.6,991.6,54
2025-07-24T12:00,30.1,72,24.6,0.0,0.356,30.7,14.4,991.5,59
2025-07-24T13:00,29.7,75,24.7,0.0,0.356,29.8,10.2,992.4,39
2025-07-24T14:00,28.9,78,24.6,0.0,0.355,29.4,11.5,992.7,73
2025-07-24T15:00,28.1,82,24.7,0.0,0.355,28.9,14.1,993.5,100
2025-07-24T16:00,27.3,86,24.7,0.0,0.354,28.5,13.3,993.9,89
2025-07-24T17:00,27.1,87,24.8,0.0,0.354,28.2,13.4,994.6,68
2025-07-24T18:00,26.9,88,24.8,0.0,0.353,27.9,13.5,994.7,80
2025-07-24T19:00,26.7,88,24.6,0.0,0.353,27.7,12.9,994.5,99
2025-07-24T20:00,26.5,90,24.8,0.0,0.353,27.6,12.5,993.9,72
2025-07-24T21:00,26.4,91,24.8,0.0,0.353,27.4,10.9,993.4,82
2025-07-24T22:00,26.0,93,24.8,0.7,0.359,27.2,8.3,993.2,99
2025-07-24T23:00,26.0,93,24.7,0.2,0.362,26.8,9.0,993.2,95
2025-07-25T00:00,25.7,94,24.7,0.0,0.361,26.6,7.2,993.5,74
2025-07-25T01:00,25.9,95,25.1,0.0,0.359,27.4,8.0,993.2,63
2025-07-25T02:00,26.8,93,25.5,0.0,0.359,27.5,6.7,994.0,27
2025-07-25T03:00,28.0,87,25.7,0.1,0.359,28.1,8.2,994.7,93
2025-07-25T04:00,28.4,82,25.1,0.2,0.359,28.9,10.1,995.1,100
2025-07-25T05:00,27.7,86,25.1,1.2,0.37,28.5,9.5,995.3,96
2025-07-25T06:00,29.9,80,26.1,0.1,0.368,29.8,6.3,994.9,59
2025-07-25T07:00,31.7,70,25.6,0.1,0.365,31.3,6.1,994.3,100
2025-07-25T08:00,28.8,80,25.1,1.5,0.377,31.0,12.4,993.9,100
2025-07-25T09:00,29.9,76,25.2,0.2,0.376,30.7,7.3,992.5,100
2025-07-25T10:00,31.0,73,25.5,0.1,0.373,31.2,7.9,991.8,100
2025-07-25T11:00,29.4,77,25.0,1.3,0.384,30.8,12.4,991.8,99
2025-07-25T12:00,29.0,81,25.5,0.1,0.383,30.0,8.9,991.3,70
2025-07-25T13:00,29.8,80,26.0,0.1,0.347,30.6,12.2,992.0,99
2025-07-25T14:00,28.9,83,25.7,0.0,0.347,30.0,11.6,992.9,99
2025-07-25T15:00,28.4,85,25.7,0.0,0.347,29.5,11.6,993.5,66
2025-07-25T16:00,28.0,87,25.7,0.0,0.346,29.1,12.0,994.1,44
2025-07-25T17:00,27.6,89,25.6,0.0,0.346,28.7,11.5,994.7,88
2025-07-25T18:00,27.1,90,25.3,0.0,0.346,28.4,11.1,995.0,96
2025-07-25T19:00,26.9,90,25.1,0.0,0.346,28.2,11.0,994.7,93
2025-07-25T20:00,26.5,92,25.1,0.0,0.346,27.9,11.9,994.5,94
2025-07-25T21:00,26.3,92,24.9,0.0,0.346,27.8,12.9,993.9,100
2025-07-25T22:00,25.2,98,24.8,1.0,0.357,27.4,10.1,994.0,100
2025-07-25T23:00,25.1,97,24.7,1.3,0.373,27.0,10.0,993.8,100
2025-07-26T00:00,25.4,97,24.9,0.4,0.377,26.8,7.4,994.2,100
2025-07-26T01:00,26.3,92,25.0,0.1,0.357,28.2,7.2,993.5,97
2025-07-26T02:00,26.9,92,25.6,0.1,0.357,28.1,6.1,994.1,99
2025-07-26T03:00,26.9,92,25.5,0.1,0.357,28.3,4.7,995.2,100
2025-07-26T04:00,26.4,92,25.0,0.1,0.357,28.3,5.5,995.5,100
2025-07-26T05:00,28.9,86,26.2,0.0,0.356,29.2,5.3,995.3,100
2025-07-26T06:00,30.7,74,25.5,0.0,0.354,30.1,9.4,994.9,98
2025-07-26T07:00,31.5,69,25.2,0.0,0.351,30.9,10.4,994.3,96
2025-07-26T08:00,30.5,75,25.6,0.7,0.356,31.1,8.1,993.4,100
2025-07-26T09:00,30.4,74,25.1,0.3,0.356,31.1,1.8,992.4,100
2025-07-26T10:00,26.6,87,24.4,6.9,0.439,29.7,15.2,993.3,100
2025-07-26T11:00,26.1,95,25.2,1.7,0.43,28.6,10.4,992.9,100
2025-07-26T12:00,25.5,96,24.9,1.6,0.432,28.0,10.1,993.3,100
2025-07-26T13:00,26.4,95,25.5,0.4,0.368,28.3,12.7,993.0,100
2025-07-26T14:00,26.5,92,25.1,0.3,0.37,27.7,15.7,993.5,100
2025-07-26T15:00,25.8,95,25.0,0.4,0.374,27.2,12.9,994.3,100
2025-07-26T16:00,25.7,95,24.8,0.5,0.378,26.9,12.1,995.0,100
2025-07-26T17:00,25.5,95,24.6,0.6,0.385,26.6,10.7,995.6,100
2025-07-26T18:00,25.2,96,24.5,2.1,0.41,26.4,7.8,995.4,100
2025-07-26T19:00,25.4,96,24.8,0.9,0.415,26.3,11.3,995.0,100
2025-07-26T20:00,25.5,96,24.8,0.5,0.415,26.3,11.3,994.5,100
2025-07-26T21:00,25.3,97,24.7,0.3,0.412,26.2,11.9,993.7,100
2025-07-26T22:00,25.2,96,24.5,0.7,0.415,26.1,12.1,993.4,100
2025-07-26T23:00,25.5,96,24.8,1.6,0.428,26.0,13.4,993.5,100
2025-07-27T00:00,25.4,95,24.6,1.2,0.428,26.0,16.6,993.6,100
2025-07-27T01:00,25.7,95,24.9,0.4,0.429,27.0,9.6,994.1,96
2025-07-27T02:00,26.0,94,25.0,0.1,0.426,26.7,10.3,994.8,99
2025-07-27T03:00,27.3,87,24.9,0.1,0.424,26.9,14.3,995.2,100
2025-07-27T04:00,26.9,87,24.6,2.9,0.432,27.0,14.6,995.7,97
2025-07-27T05:00,26.7,89,24.7,2.3,0.432,27.0,12.4,995.8,98
2025-07-27T06:00,28.7,79,24.7,0.2,0.427,28.0,16.8,995.8,98
2025-07-27T07:00,29.8,73,24.3,0.0,0.421,29.2,17.9,995.5,88
2025-07-27T08:00,30.2,70,24.1,0.0,0.415,29.9,18.2,994.6,100
2025-07-27T09:00,29.4,72,23.9,0.0,0.412,29.7,15.5,994.2,100
2025-07-27T10:00,29.7,71,24.0,0.0,0.409,29.8,13.4,993.7,100
2025-07-27T11:00,29.7,71,23.8,0.0,0.406,29.5,13.0,993.4,100
2025-07-27T12:00,28.6,76,23.8,0.0,0.405,29.1,13.7,993.5,100
2025-07-27T13:00,26.2,93,25.0,0.8,0.431,27.1,12.2,994.4,100
2025-07-27T14:00,25.7,95,24.8,1.9,0.435,26.7,12.7,994.9,100
2025-07-27T15:00,25.5,96,24.8,2.4,0.439,26.4,9.0,995.4,100
2025-07-27T16:00,25.6,95,24.8,2.5,0.432,26.2,12.2,995.8,100
2025-07-27T17:00,25.7,95,24.8,0.6,0.431,26.1,13.0,996.1,100
2025-07-27T18:00,25.6,95,24.7,0.1,0.427,26.0,13.6,996.1,100
2025-07-27T19:00,25.6,94,24.7,0.4,0.427,26.0,12.4,995.8,100
2025-07-27T20:00,25.6,95,24.8,1.7,0.435,25.9,16.0,995.3,100
2025-07-27T21:00,25.4,96,24.8,0.6,0.434,25.9,17.0,995.1,100
2025-07-27T22:00,25.5,95,24.7,1.1,0.438,25.8,15.3,994.8,100
2025-07-27T23:00,25.5,95,24.6,1.5,0.437,25.8,15.2,994.9,100
2025-07-28T00:00,25.4,95,24.6,0.5,0.434,25.7,15.1,995.3,100
2025-07-28T01:00,25.5,96,24.7,1.9,0.432,26.2,11.6,996.1,100
2025-07-28T02:00,25.7,96,24.9,1.5,0.436,26.1,13.2,996.4,100
2025-07-28T03:00,26.4,93,25.1,0.4,0.432,26.2,14.8,996.9,100
2025-07-28T04:00,27.0,89,25.1,1.2,0.432,26.5,15.5,997.3,100
2025-07-28T05:00,27.0,90,25.2,2.0,0.435,26.7,13.4,997.4,100
2025-07-28T06:00,27.6,88,25.4,0.1,0.43,27.0,10.8,996.9,100
2025-07-28T07:00,28.8,84,25.7,0.2,0.426,27.8,11.4,996.7,100
2025-07-28T08:00,29.5,79,25.4,0.1,0.422,28.3,11.8,995.8,100
2025-07-28T09:00,30.8,72,25.2,0.0,0.417,29.3,12.7,995.0,100
2025-07-28T10:00,31.2,69,24.9,0.0,0.413,29.8,14.2,994.1,100
2025-07-28T11:00,31.3,67,24.4,0.0,0.41,29.9,14.7,993.8,100
2025-07-28T12:00,30.1,74,24.9,0.1,0.408,29.7,13.1,994.0,100
2025-07-28T13:00,28.9,79,24.8,0.0,0.402,29.1,11.0,995.4,100
2025-07-28T14:00,28.0,83,24.9,0.3,0.404,28.5,10.3,996.0,100
2025-07-28T15:00,27.2,88,25.1,0.7,0.41,27.9,11.9,996.7,100
2025-07-28T16:00,26.9,90,25.1,0.2,0.411,27.3,11.4,997.2,100
2025-07-28T17:00,26.6,92,25.2,0.0,0.41,27.0,10.0,997.7,100
2025-07-28T18:00,26.7,89,24.8,0.0,0.409,26.9,12.9,997.7,100
2025-07-28T19:00,26.5,89,24.6,0.4,0.411,26.7,12.9,997.6,100
2025-07-28T20:00,25.9,93,24.7,1.2,0.424,26.4,12.5,997.1,100
2025-07-28T21:00,25.8,93,24.5,0.2,0.422,26.2,14.6,996.4,100
2025-07-28T22:00,25.7,93,24.5,0.0,0.419,26.1,13.5,996.5,100
2025-07-28T23:00,25.7,93,24.4,0.0,0.417,26.0,14.0,996.5,100
2025-07-29T00:00,25.6,93,24.3,0.0,0.415,26.0,14.8,996.4,100
2025-07-29T01:00,26.1,92,24.7,0.0,0.413,26.7,14.4,996.7,100
2025-07-29T02:00,26.5,90,24.8,0.1,0.412,26.6,14.4,997.2,100
2025-07-29T03:00,26.7,89,24.8,0.1,0.411,26.7,14.6,997.7,100
2025-07-29T04:00,27.2,87,24.8,0.1,0.41,27.0,14.6,997.7,100
2025-07-29T05:00,27.6,84,24.7,0.1,0.409,27.3,17.5,997.6,100
2025-07-29T06:00,28.2,81,24.7,0.3,0.409,27.7,17.4,997.1,100
2025-07-29T07:00,28.8,77,24.3,0.0,0.407,28.1,16.3,997.0,100
2025-07-29T08:00,29.3,75,24.3,0.0,0.404,28.5,16.4,996.5,100
2025-07-29T09:00,29.9,71,24.2,0.1,0.402,29.1,16.9,995.7,100
2025-07-29T10:00,29.4,75,24.4,0.0,0.4,28.9,13.1,995.1,100
2025-07-29T11:00,28.9,78,24.8,0.1,0.399,28.8,13.3,994.8,100
2025-07-29T12:00,28.1,85,25.3,0.7,0.404,28.4,15.9,994.4,100
2025-07-29T13:00,27.4,85,24.6,0.1,0.398,28.4,13.9,995.5,100
2025-07-29T14:00,26.9,87,24.5,0.1,0.398,27.9,8.2,996.4,100
2025-07-29T15:00,26.1,92,24.8,2.2,0.424,27.2,12.9,996.4,100
2025-07-29T16:00,25.9,95,24.9,1.2,0.43,26.8,11.9,997.1,100
2025-07-29T17:00,26.0,94,25.0,0.1,0.424,26.6,12.2,997.4,100
2025-07-29T18:00,26.2,93,25.0,0.0,0.421,26.5,12.5,997.4,100
2025-07-29T19:00,26.2,92,24.8,0.0,0.418,26.4,14.1,997.0,100
2025-07-29T20:00,26.2,91,24.6,0.0,0.415,26.4,15.2,996.2,100
2025-07-29T21:00,26.2,90,24.5,0.0,0.413,26.3,16.1,995.6,100
2025-07-29T22:00,26.1,90,24.4,0.0,0.412,26.3,16.6,995.3,100
2025-07-29T23:00,26.1,90,24.3,0.1,0.411,26.3,14.3,995.5,100
2025-07-30T00:00,26.0,90,24.3,0.1,0.41,26.3,13.7,995.8,100
2025-07-30T01:00,26.5,89,24.5,0.4,0.396,26.8,7.4,996.2,100
2025-07-30T02:00,26.6,90,24.8,0.1,0.396,26.7,13.7,996.6,100
2025-07-30T03:00,27.2,87,24.9,0.1,0.396,26.8,14.2,997.1,100
2025-07-30T04:00,27.8,83,24.7,0.2,0.396,27.2,14.9,997.5,100
2025-07-30T05:00,28.5,79,24.5,0.1,0.396,27.7,17.9,997.6,100
2025-07-30T06:00,29.4,74,24.2,0.0,0.393,28.4,18.7,997.2,100
2025-07-30T07:00,29.7,72,24.0,0.0,0.391,28.6,16.9,996.8,100
2025-07-30T08:00,30.0,70,23.8,0.0,0.389,28.8,16.2,996.1,100
2025-07-30T09:00,30.0,70,24.0,0.0,0.387,28.9,15.5,995.5,100
2025-07-30T10:00,30.5,68,23.9,0.0,0.385,29.2,16.5,995.1,100
2025-07-30T11:00,30.0,72,24.3,0.0,0.383,29.4,17.7,994.6,100
2025-07-30T12:00,29.4,76,24.8,0.0,0.381,29.3,17.0,994.4,100
2025-07-30T13:00,28.5,81,24.9,0.0,0.396,28.5,16.7,995.7,100
2025-07-30T14:00,27.8,84,24.9,0.0,0.395,28.2,15.6,996.1,100
2025-07-30T15:00,27.5,86,25.0,0.0,0.394,27.9,14.7,996.9,100
2025-07-30T16:00,27.2,88,25.1,0.0,0.393,27.6,14.3,997.4,100
2025-07-30T17:00,27.1,89,25.1,0.0,0.393,27.5,14.7,997.6,100
2025-07-30T18:00,27.1,88,24.9,0.0,0.392,27.4,15.4,997.5,100
2025-07-30T19:00,26.9,86,24.5,0.0,0.391,27.2,15.1,997.1,100
2025-07-30T20:00,26.7,87,24.3,0.0,0.39,27.1,13.4,996.7,100
2025-07-30T21:00,26.4,87,24.2,0.0,0.39,27.0,11.6,996.4,100
2025-07-30T22:00,26.3,88,24.1,0.0,0.389,26.9,12.7,996.1,100
2025-07-30T23:00,26.2,88,24.0,0.0,0.389,26.8,13.4,996.3,100
2025-07-31T00:00,26.1,88,23.9,0.0,0.388,26.7,14.1,996.5,100
2025-07-31T01:00,27.0,87,24.7,0.0,0.381,27.6,11.6,997.0,100
2025-07-31T02:00,27.3,87,25.0,0.0,0.381,27.5,10.3,997.7,100
2025-07-31T03:00,27.9,85,25.1,0.3,0.383,27.8,17.6,998.0,100
2025-07-31T04:00,28.3,83,25.0,0.1,0.383,28.1,18.3,998.5,97
2025-07-31T05:00,29.0,78,24.8,0.1,0.381,28.8,18.5,998.7,99
2025-07-31T06:00,29.7,75,24.7,0.0,0.379,29.4,17.6,998.4,90
2025-07-31T07:00,30.9,68,24.3,0.0,0.376,30.3,20.7,997.6,100
2025-07-31T08:00,31.1,66,24.1,0.1,0.373,30.8,21.3,996.9,87
2025-07-31T09:00,31.3,66,24.1,0.1,0.37,31.2,20.2,996.5,100
2025-07-31T10:00,31.1,65,23.9,0.0,0.367,31.3,18.6,996.2,100
2025-07-31T11:00,29.9,72,24.2,0.0,0.365,30.8,17.6,996.0,100
2025-07-31T12:00,28.5,80,24.8,0.4,0.368,30.1,16.1,996.0,100
2025-07-31T13:00,29.1,79,25.1,0.0,0.377,29.8,11.9,996.9,93
2025-07-31T14:00,28.4,83,25.2,0.0,0.376,29.2,13.1,997.4,100
2025-07-31T15:00,27.9,85,25.0,0.0,0.376,28.8,15.3,997.7,100
2025-07-31T16:00,27.4,87,25.1,0.0,0.376,28.4,15.7,998.4,100
2025-07-31T17:00,27.1,88,25.0,0.0,0.375,28.1,15.3,998.8,100
2025-07-31T18:00,27.1,89,25.1,0.0,0.375,27.9,14.0,998.7,100
2025-07-31T19:00,27.0,89,25.0,0.0,0.375,27.7,13.2,998.7,100
2025-07-31T20:00,26.8,88,24.6,0.0,0.375,27.6,13.9,998.3,100
2025-07-31T21:00,26.5,88,24.3,0.0,0.375,27.4,13.7,997.9,100
2025-07-31T22:00,26.2,88,24.1,0.0,0.375,27.2,13.2,997.6,42
2025-07-31T23:00,25.9,89,24.0,0.0,0.375,27.0,12.5,997.8,14
2025-08-01T00:00,25.5,90,23.8,0.0,0.375,26.8,11.1,998.2,28
2025-08-01T01:00,25.7,93,24.5,0.1,0.368,27.3,10.9,998.3,26
2025-08-01T02:00,25.9,93,24.6,0.4,0.371,27.0,13.9,999.1,61
2025-08-01T03:00,26.9,83,23.8,0.1,0.372,27.3,13.5,999.7,71
2025-08-01T04:00,27.9,79,24.0,0.2,0.372,27.8,15.9,1000.0,46
2025-08-01T05:00,29.2,74,24.1,0.3,0.372,28.6,18.2,999.8,44
2025-08-01T06:00,30.5,69,24.0,0.1,0.369,29.7,18.0,999.4,76
2025-08-01T07:00,31.4,64,23.7,0.0,0.366,30.5,19.2,999.0,97
2025-08-01T08:00,31.8,62,23.5,0.0,0.362,31.1,18.1,998.3,93
2025-08-01T09:00,31.7,63,23.7,0.0,0.359,31.3,17.0,997.5,37
2025-08-01T10:00,31.9,62,23.6,0.0,0.356,31.6,17.9,997.1,27
2025-08-01T11:00,31.0,66,23.8,0.2,0.354,31.4,18.1,997.0,53
2025-08-01T12:00,30.0,71,24.2,0.0,0.353,31.0,16.1,997.1,30
2025-08-01T13:00,29.6,74,24.4,0.0,0.352,30.2,13.0,998.1,29
2025-08-01T14:00,28.5,79,24.5,0.0,0.352,29.5,12.2,998.4,17
2025-08-01T15:00,27.9,83,24.7,0.0,0.352,29.0,13.5,999.1,7
2025-08-01T16:00,27.4,85,24.8,0.0,0.353,28.5,12.7,999.7,31
2025-08-01T17:00,27.1,87,24.7,0.0,0.353,28.2,12.1,999.9,46
2025-08-01T18:00,26.7,88,24.6,0.0,0.353,27.9,12.8,999.8,69
2025-08-01T19:00,26.4,90,24.6,0.0,0.354,27.6,12.4,999.6,24
2025-08-01T20:00,26.2,91,24.6,0.0,0.354,27.4,12.6,999.1,1
2025-08-01T21:00,26.0,91,24.4,0.0,0.354,27.2,12.3,998.6,8
2025-08-01T22:00,25.8,91,24.1,0.0,0.354,27.0,11.2,998.6,2
2025-08-01T23:00,25.4,91,23.9,0.0,0.355,26.8,10.2,998.7,3
2025-08-02T00:00,25.1,93,23.8,0.0,0.355,26.6,9.2,999.2,9
2025-08-02T01:00,25.9,90,24.1,0.0,0.351,27.9,7.0,999.3,51
2025-08-02T02:00,26.7,87,24.3,0.1,0.352,27.8,7.3,999.9,39
2025-08-02T03:00,26.9,84,24.0,0.6,0.356,27.8,12.3,1000.7,59
2025-08-02T04:00,28.2,79,24.2,0.0,0.356,28.5,9.2,1000.8,48
2025-08-02T05:00,29.4,72,23.8,0.1,0.354,29.6,10.7,1000.9,23
2025-08-02T06:00,30.3,67,23.5,0.1,0.352,30.5,12.1,1000.6,19
2025-08-02T07:00,31.3,63,23.3,0.1,0.349,31.3,11.4,999.9,22
2025-08-02T08:00,31.8,60,23.1,0.0,0.345,32.0,12.4,998.8,23
2025-08-02T09:00,32.0,59,22.9,0.1,0.342,32.4,14.0,998.0,40
2025-08-02T10:00,31.4,61,23.1,0.1,0.339,32.3,14.8,997.4,54
2025-08-02T11:00,31.0,66,23.8,0.1,0.338,31.9,12.9,997.0,31
2025-08-02T12:00,31.1,64,23.6,0.0,0.336,31.5,12.2,996.8,24
2025-08-02T13:00,29.8,70,23.8,0.0,0.333,31.0,9.2,998.2,93
2025-08-02T14:00,28.7,75,23.8,0.0,0.333,30.1,8.9,998.6,94
2025-08-02T15:00,27.6,83,24.5,0.3,0.336,29.2,12.0,999.4,99
2025-08-02T16:00,27.2,85,24.6,0.1,0.337,28.6,8.5,999.8,100
2025-08-02T17:00,26.7,90,24.8,0.0,0.338,28.2,4.7,1000.2,100
2025-08-02T18:00,26.7,91,25.2,0.1,0.339,27.9,8.6,1000.0,100
2025-08-02T19:00,26.5,92,25.1,0.5,0.346,27.6,10.4,999.8,100
2025-08-02T20:00,26.2,93,25.0,0.1,0.346,27.4,10.5,999.4,100
2025-08-02T21:00,25.4,94,24.5,0.2,0.348,27.0,12.1,999.1,100
2025-08-02T22:00,24.9,97,24.5,6.4,0.434,26.7,6.7,999.2,100
2025-08-02T23:00,25.0,97,24.5,2.3,0.427,26.5,6.3,999.6,100
2025-08-03T00:00,25.5,97,24.9,0.2,0.42,26.4,7.9,1000.0,100
2025-08-03T01:00,26.0,93,24.8,0.0,0.341,27.2,8.5,1000.3,32
2025-08-03T02:00,26.4,88,24.2,0.2,0.343,27.1,13.7,1000.9,59
2025-08-03T03:00,27.4,83,24.3,0.1,0.344,27.5,12.7,1001.5,95
2025-08-03T04:00,28.4,77,24.0,0.1,0.343,28.3,11.3,1001.9,71
2025-08-03T05:00,29.4,71,23.7,0.1,0.342,29.3,11.4,1001.7,100
2025-08-03T06:00,30.4,66,23.4,0.0,0.339,30.4,10.9,1001.6,100
2025-08-03T07:00,30.7,64,23.2,0.1,0.337,30.9,10.5,1001.1,100
2025-08-03T08:00,31.8,60,23.0,0.1,0.333,31.8,11.1,1000.2,98
2025-08-03T09:00,32.2,58,22.9,0.0,0.33,32.4,11.7,999.5,100
2025-08-03T10:00,31.9,58,22.7,0.0,0.327,32.3,12.1,998.8,100
2025-08-03T11:00,31.9,58,22.6,0.0,0.324,32.1,12.4,998.4,100
2025-08-03T12:00,30.2,67,23.4,0.1,0.323,31.5,15.4,998.6,100
2025-08-03T13:00,29.9,69,23.5,0.0,0.323,30.9,11.6,999.4,100
2025-08-03T14:00,28.6,77,24.1,0.0,0.323,30.1,11.7,1000.2,100
2025-08-03T15:00,27.8,82,24.5,0.0,0.323,29.4,11.4,1000.9,100
2025-08-03T16:00,27.4,84,24.5,0.0,0.323,28.9,12.5,1001.6,100
2025-08-03T17:00,27.1,86,24.5,0.0,0.324,28.5,12.6,1001.9,100
2025-08-03T18:00,26.8,88,24.5,0.0,0.324,28.2,13.0,1001.8,100
2025-08-03T19:00,26.6,89,24.5,0.0,0.324,27.9,12.7,1001.4,100
2025-08-03T20:00,26.4,90,24.6,0.0,0.324,27.7,11.8,1001.3,100
2025-08-03T21:00,26.4,89,24.4,0.1,0.325,27.6,12.7,1001.1,100
2025-08-03T22:00,25.9,90,24.1,0.2,0.327,27.3,12.7,1001.0,100
2025-08-03T23:00,25.6,93,24.3,0.0,0.327,27.1,9.9,1001.4,100
2025-08-04T00:00,25.6,93,24.4,0.0,0.328,26.9,8.9,1001.7,100
2025-08-04T01:00,26.1,93,24.8,0.0,0.326,27.9,9.1,1001.9,99
2025-08-04T02:00,26.6,90,24.9,0.0,0.326,27.7,10.5,1002.3,100
2025-08-04T03:00,26.9,85,24.3,0.4,0.329,27.9,11.9,1002.7,100
2025-08-04T04:00,28.0,79,24.1,0.1,0.329,28.4,12.8,1003.2,100
2025-08-04T05:00,29.2,77,24.7,0.2,0.329,29.2,11.3,1003.1,100
2025-08-04T06:00,30.1,73,24.7,0.1,0.327,30.3,12.4,1002.8,92
2025-08-04T07:00,30.9,68,24.4,0.1,0.324,31.2,13.5,1002.2,92
2025-08-04T08:00,31.5,64,23.8,0.0,0.321,31.8,14.5,1001.5,98
2025-08-04T09:00,31.7,63,23.8,0.0,0.317,32.2,14.8,1000.9,100
2025-08-04T10:00,31.6,62,23.3,0.0,0.315,32.1,14.7,1000.1,100
2025-08-04T11:00,31.6,61,23.2,0.0,0.312,32.0,14.8,999.8,100
2025-08-04T12:00,30.6,66,23.6,0.1,0.311,31.4,13.4,999.5,100
2025-08-04T13:00,29.6,73,24.2,0.0,0.31,30.7,10.8,1000.4,100
2025-08-04T14:00,28.6,77,24.1,0.0,0.31,29.9,10.0,1000.7,100
2025-08-04T15:00,27.9,81,24.4,0.0,0.31,29.3,10.8,1000.9,100
2025-08-04T16:00,27.5,83,24.4,0.0,0.31,28.8,11.8,1001.9,100
2025-08-04T17:00,27.1,85,24.3,0.0,0.31,28.4,12.5,1002.3,100
2025-08-04T18:00,26.8,86,24.3,0.0,0.31,28.1,13.2,1002.2,100
2025-08-04T19:00,26.6,87,24.4,0.1,0.311,27.9,12.5,1001.8,100
2025-08-04T20:00,26.6,89,24.6,0.0,0.312,27.7,12.1,1001.5,100
2025-08-04T21:00,26.5,90,24.7,0.0,0.312,27.6,9.8,1000.8,100
2025-08-04T22:00,26.3,90,24.6,0.0,0.312,27.4,8.3,1000.7,84
2025-08-04T23:00,26.1,90,24.3,0.0,0.313,27.2,9.4,1001.0,95
2025-08-05T00:00,25.8,90,24.0,0.0,0.313,27.0,9.8,1001.3,91
2025-08-05T01:00,25.9,92,24.5,0.0,0.322,27.5,8.4,1001.3,88
2025-08-05T02:00,26.7,87,24.4,0.0,0.323,27.4,11.0,1001.7,96
2025-08-05T03:00,27.6,82,24.4,0.1,0.323,27.8,12.1,1002.3,99
2025-08-05T04:00,28.8,76,24.2,0.2,0.323,28.6,12.0,1002.6,98
2025-08-05T05:00,29.7,72,24.1,0.3,0.323,29.5,12.8,1002.9,99
2025-08-05T06:00,30.6,67,23.7,0.1,0.321,30.4,13.2,1002.5,100
2025-08-05T07:00,31.6,62,23.4,0.0,0.317,31.4,13.5,1001.9,71
2025-08-05T08:00,32.2,59,23.1,0.0,0.313,32.1,14.1,1001.2,84
2025-08-05T09:00,32.3,58,22.9,0.0,0.309,32.5,14.5,1000.4,92
2025-08-05T10:00,32.3,58,22.8,0.0,0.305,32.7,14.8,1000.1,19
2025-08-05T11:00,31.7,60,23.0,0.0,0.302,32.4,14.9,999.5,16
2025-08-05T12:00,30.7,65,23.4,0.0,0.3,31.8,14.5,999.3,50
2025-08-05T13:00,30.1,69,23.8,0.0,0.297,31.0,10.2,999.9,13
2025-08-05T14:00,28.8,76,24.2,0.0,0.297,30.2,11.4,1000.4,6
2025-08-05T15:00,28.1,80,24.2,0.0,0.297,29.5,12.5,1001.0,3
2025-08-05T16:00,27.3,83,24.2,0.0,0.297,28.9,12.6,1001.8,2
2025-08-05T17:00,26.8,86,24.2,0.0,0.297,28.5,11.8,1002.0,8
2025-08-05T18:00,26.6,87,24.2,0.0,0.297,28.1,11.7,1001.7,7
2025-08-05T19:00,26.3,89,24.3,0.0,0.298,27.8,11.1,1001.3,4
2025-08-05T20:00,26.1,91,24.5,0.0,0.298,27.6,8.6,1001.0,5
2025-08-05T21:00,25.9,93,24.6,0.0,0.298,27.4,8.8,1000.7,15
2025-08-05T22:00,25.9,93,24.7,0.0,0.299,27.2,8.7,1000.8,4
2025-08-05T23:00,25.7,93,24.4,0.0,0.299,27.1,8.0,1001.3,3
2025-08-06T00:00,25.3,93,24.2,0.0,0.299,26.9,7.8,1001.6,32
2025-08-06T01:00,25.7,92,24.2,0.0,0.3,28.0,6.6,1001.8,8
2025-08-06T02:00,26.6,87,24.2,0.0,0.3,27.8,9.8,1002.6,18
2025-08-06T03:00,27.5,82,24.2,0.2,0.301,28.2,10.1,1003.0,21
2025-08-06T04:00,28.5,77,24.0,0.2,0.301,28.9,10.3,1003.5,23
2025-08-06T05:00,29.5,71,23.6,0.1,0.3,29.8,9.6,1003.4,20
2025-08-06T06:00,30.6,66,23.4,0.1,0.297,30.9,10.0,1002.9,21
2025-08-06T07:00,31.2,63,23.4,0.1,0.294,31.8,10.2,1002.3,47
2025-08-06T08:00,31.7,61,23.3,0.1,0.291,32.4,10.4,1001.4,21
2025-08-06T09:00,31.9,59,23.0,0.0,0.287,32.8,12.6,1000.7,49
2025-08-06T10:00,31.9,59,23.0,0.0,0.284,32.8,12.9,1000.0,29
2025-08-06T11:00,31.7,60,23.1,0.0,0.281,32.6,12.4,999.4,47
2025-08-06T12:00,31.2,63,23.3,0.0,0.28,32.1,11.6,999.2,5
2025-08-06T13:00,30.3,70,24.1,0.0,0.277,31.3,4.8,999.6,24
2025-08-06T14:00,28.5,77,24.0,0.0,0.277,30.3,4.7,999.7,3
2025-08-06T15:00,28.2,77,23.8,0.0,0.277,29.5,8.0,1000.3,92
2025-08-06T16:00,27.4,80,23.7,0.0,0.278,28.9,10.7,1001.1,99
2025-08-06T17:00,26.8,83,23.6,0.0,0.278,28.4,11.1,1001.7,96
2025-08-06T18:00,26.3,86,23.7,0.0,0.278,28.0,10.4,1001.7,100
2025-08-06T19:00,26.1,88,24.0,0.0,0.278,27.7,8.9,1001.3,100
2025-08-06T20:00,25.9,90,24.1,0.0,0.279,27.5,9.7,1000.6,100
2025-08-06T21:00,25.7,92,24.3,0.0,0.279,27.3,9.7,1000.4,100
2025-08-06T22:00,25.6,94,24.5,0.0,0.28,27.1,6.8,1000.4,100
2025-08-06T23:00,25.4,95,24.6,0.0,0.28,27.0,5.8,1001.0,100
2025-08-07T00:00,25.4,96,24.6,0.0,0.28,26.9,5.0,1001.5,100
2025-08-07T01:00,25.9,90,24.2,0.4,0.283,28.1,4.5,1002.0,100
2025-08-07T02:00,26.4,90,24.7,0.2,0.285,27.8,1.3,1002.5,100
2025-08-07T03:00,27.5,87,25.1,0.1,0.286,28.3,2.0,1002.7,100
2025-08-07T04:00,28.6,83,25.3,0.0,0.285,29.2,4.9,1002.8,97
2025-08-07T05:00,29.9,75,25.1,0.1,0.284,30.4,7.5,1002.6,48
2025-08-07T06:00,31.0,67,24.2,0.1,0.282,31.4,9.5,1002.5,8
2025-08-07T07:00,32.0,60,23.2,0.0,0.278,32.4,10.5,1001.9,4
2025-08-07T08:00,32.4,57,22.7,0.0,0.274,33.0,11.4,1001.0,2
2025-08-07T09:00,32.5,54,22.1,0.0,0.269,33.4,12.8,999.8,99
2025-08-07T10:00,32.2,54,21.7,0.0,0.266,33.4,12.9,999.1,94
2025-08-07T11:00,31.9,55,21.6,0.0,0.263,33.0,10.6,998.9,98
2025-08-07T12:00,31.8,56,22.0,0.0,0.261,32.4,7.5,998.9,100
2025-08-07T13:00,30.6,65,23.3,0.0,0.255,31.6,5.1,999.2,100
2025-08-07T14:00,29.9,68,23.3,0.0,0.255,30.8,5.6,999.8,99
2025-08-07T15:00,29.1,72,23.5,0.0,0.255,30.1,8.3,1000.1,43
2025-08-07T16:00,28.0,78,23.7,0.0,0.256,29.5,11.1,1000.7,100
2025-08-07T17:00,27.2,81,23.7,0.0,0.256,28.9,11.3,1001.4,99
2025-08-07T18:00,27.0,83,23.9,0.0,0.256,28.5,11.6,1001.5,100
2025-08-07T19:00,26.8,85,24.1,0.0,0.256,28.2,12.2,1001.0,100
2025-08-07T20:00,26.7,87,24.3,0.0,0.257,28.0,12.2,1000.4,97
2025-08-07T21:00,26.8,88,24.6,0.0,0.257,27.9,10.8,999.9,100
2025-08-07T22:00,26.7,89,24.7,0.0,0.257,27.8,8.7,999.9,71
2025-08-07T23:00,26.4,90,24.6,0.0,0.258,27.6,7.5,1000.1,45
2025-08-08T00:00,25.8,91,24.2,0.0,0.258,27.4,4.8,1000.4,45
2025-08-08T01:00,26.7,86,24.3,0.0,0.252,28.8,6.3,1000.8,100
2025-08-08T02:00,27.5,84,24.5,0.0,0.253,28.6,6.7,1001.4,100
2025-08-08T03:00,28.1,81,24.6,0.1,0.253,28.8,8.8,1002.0,100
2025-08-08T04:00,28.9,77,24.5,0.2,0.254,29.4,8.6,1002.6,100
2025-08-08T05:00,29.9,72,24.3,0.1,0.254,30.4,7.6,1002.8,100
2025-08-08T06:00,31.0,65,23.7,0.0,0.251,31.5,8.4,1002.8,96
2025-08-08T07:00,31.8,60,23.2,0.0,0.248,32.4,10.1,1002.3,100
2025-08-08T08:00,32.6,57,22.9,0.0,0.244,33.1,11.1,1001.5,99
2025-08-08T09:00,32.6,55,22.5,0.0,0.241,33.4,12.6,1000.6,100
2025-08-08T10:00,32.5,54,21.9,0.0,0.238,33.3,12.5,1000.1,98
2025-08-08T11:00,32.5,53,21.8,0.0,0.235,33.1,11.2,1000.0,100
2025-08-08T12:00,31.6,60,22.9,0.0,0.234,32.4,10.2,999.9,100
2025-08-08T13:00,30.3,69,24.0,0.0,0.231,31.7,4.0,1000.7,100
2025-08-08T14:00,29.2,72,23.7,0.0,0.232,30.8,4.8,1001.2,100
2025-08-08T15:00,28.8,73,23.5,0.0,0.232,30.0,11.2,1001.8,100
2025-08-08T16:00,28.0,79,24.1,0.0,0.232,29.5,11.6,1003.1,100
2025-08-08T17:00,27.5,83,24.3,0.0,0.232,29.0,9.9,1003.5,100
2025-08-08T18:00,27.4,83,24.4,0.0,0.233,28.7,10.2,1003.7,100
2025-08-08T19:00,27.4,83,24.3,0.0,0.233,28.5,10.8,1003.4,86
2025-08-08T20:00,26.9,86,24.4,0.1,0.234,28.2,9.1,1003.0,100
2025-08-08T21:00,26.3,89,24.3,0.1,0.236,27.9,11.3,1002.6,33
2025-08-08T22:00,26.0,91,24.4,0.0,0.236,27.6,6.3,1002.4,42
2025-08-08T23:00,25.0,93,23.7,1.9,0.26,27.2,3.4,1003.0,88
2025-08-09T00:00,25.1,95,24.3,0.2,0.263,26.8,6.6,1003.4,98
2025-08-09T01:00,25.9,93,24.6,0.0,0.228,28.1,4.5,1003.3,96
2025-08-09T02:00,26.4,92,25.0,0.0,0.229,27.8,2.7,1003.9,83
2025-08-09T03:00,27.7,84,24.7,0.0,0.229,28.4,1.7,1004.6,68
2025-08-09T04:00,28.8,77,24.5,0.0,0.228,29.5,4.6,1004.7,89
2025-08-09T05:00,29.8,73,24.3,0.0,0.227,30.6,4.2,1004.9,69
2025-08-09T06:00,30.8,68,24.1,0.0,0.225,31.9,5.6,1004.6,100
2025-08-09T07:00,31.3,65,23.9,0.1,0.222,32.8,6.8,1004.2,92
2025-08-09T08:00,31.4,63,23.5,0.1,0.221,33.1,7.6,1003.5,99
2025-08-09T09:00,32.0,60,23.2,0.0,0.218,33.5,7.9,1002.3,100
2025-08-09T10:00,32.2,57,22.7,0.0,0.216,33.5,9.1,1001.1,84
2025-08-09T11:00,32.2,55,22.1,0.0,0.214,33.3,9.6,1000.6,52
2025-08-09T12:00,31.6,58,22.2,0.0,0.212,32.7,9.3,1000.8,72
2025-08-09T13:00,30.0,71,24.1,0.0,0.213,31.4,4.9,1001.2,93
2025-08-09T14:00,28.8,75,24.0,0.0,0.214,30.5,4.1,1001.7,35
2025-08-09T15:00,28.3,78,24.0,0.0,0.214,29.8,5.7,1002.0,23
2025-08-09T16:00,27.9,78,23.8,0.0,0.214,29.2,10.7,1002.7,76
2025-08-09T17:00,27.1,85,24.5,0.4,0.218,28.6,11.1,1003.2,27
2025-08-09T18:00,26.7,88,24.6,0.0,0.218,28.1,10.9,1003.3,62
2025-08-09T19:00,26.4,90,24.7,0.0,0.219,27.8,10.4,1003.0,49
2025-08-09T20:00,26.2,92,24.8,0.0,0.219,27.6,9.7,1002.4,17
2025-08-09T21:00,25.9,93,24.7,0.0,0.219,27.4,9.9,1002.1,27
2025-08-09T22:00,25.5,93,24.3,0.0,0.22,27.2,9.9,1002.1,40
2025-08-09T23:00,25.4,92,24.0,0.0,0.22,27.0,9.1,1002.5,22
2025-08-10T00:00,25.0,93,23.8,0.0,0.221,26.8,9.4,1002.8,53
2025-08-10T01:00,25.8,91,24.1,0.0,0.208,28.3,7.6,1002.7,20
2025-08-10T02:00,26.5,88,24.3,0.0,0.208,28.2,7.7,1003.0,39
2025-08-10T03:00,27.3,83,24.3,0.1,0.209,28.5,6.0,1003.6,71
2025-08-10T04:00,28.1,80,24.4,0.0,0.208,29.1,4.6,1003.9,41
2025-08-10T05:00,29.3,76,24.6,0.1,0.208,30.2,4.8,1003.8,26
2025-08-10T06:00,30.7,66,23.6,0.1,0.206,31.3,8.8,1003.4,96
2025-08-10T07:00,30.1,67,23.2,0.1,0.206,31.3,8.4,1002.7,44
2025-08-10T08:00,30.9,64,23.4,0.2,0.205,32.2,8.1,1002.1,49
2025-08-10T09:00,31.0,64,23.3,0.3,0.205,32.6,8.5,1001.1,70
2025-08-10T10:00,31.5,61,22.9,0.0,0.203,32.7,8.1,999.8,49
2025-08-10T11:00,31.7,59,22.7,0.0,0.201,32.7,10.5,999.2,45
2025-08-10T12:00,31.0,61,22.7,0.0,0.2,32.1,11.1,999.1,63
2025-08-10T13:00,30.8,64,23.2,0.0,0.19,31.8,7.3,1000.2,93
2025-08-10T14:00,29.5,68,23.0,0.0,0.19,30.9,11.0,1000.8,92
2025-08-10T15:00,28.4,74,23.3,0.0,0.19,30.1,13.4,1001.3,84
2025-08-10T16:00,27.7,78,23.5,0.0,0.19,29.4,12.7,1002.0,55
2025-08-10T17:00,27.2,83,24.0,0.0,0.19,28.9,12.4,1002.6,84
2025-08-10T18:00,27.0,85,24.2,0.0,0.191,28.5,12.7,1002.5,100
2025-08-10T19:00,26.7,86,24.3,0.0,0.191,28.2,12.4,1002.1,87
2025-08-10T20:00,26.5,89,24.4,0.0,0.191,28.0,10.1,1001.9,100
2025-08-10T21:00,26.1,87,23.8,0.2,0.193,27.7,9.5,1001.7,100
2025-08-10T22:00,25.6,91,24.0,0.8,0.202,27.2,7.3,1001.3,98
2025-08-10T23:00,25.7,94,24.6,0.1,0.203,26.9,5.6,1001.4,100
2025-08-11T00:00,25.5,93,24.3,0.1,0.205,26.6,6.3,1001.7,100
2025-08-11T01:00,25.9,88,23.8,0.0,0.196,27.9,6.9,1001.9,100
2025-08-11T02:00,26.3,88,24.1,0.0,0.196,27.7,7.5,1002.4,100
2025-08-11T03:00,27.6,83,24.6,0.0,0.196,28.2,7.2,1003.0,100
2025-08-11T04:00,28.7,79,24.7,0.0,0.196,29.1,7.9,1003.2,100
2025-08-11T05:00,29.7,74,24.6,0.0,0.195,30.3,7.5,1003.2,100
2025-08-11T06:00,30.7,69,24.3,0.1,0.193,31.4,8.3,1003.0,100
2025-08-11T07:00,31.1,66,24.0,0.1,0.192,32.3,9.2,1002.2,100
2025-08-11T08:00,31.6,63,23.8,0.1,0.19,33.0,10.1,1001.3,100
2025-08-11T09:00,32.3,60,23.6,0.1,0.188,33.5,11.8,1000.1,100
2025-08-11T10:00,32.5,58,23.1,0.0,0.186,33.7,12.2,999.1,100
2025-08-11T11:00,32.1,58,22.9,0.0,0.184,33.5,13.4,998.6,100
2025-08-11T12:00,31.3,60,22.7,0.0,0.182,32.9,13.9,998.9,100
2025-08-11T13:00,30.3,65,23.1,0.0,0.183,31.8,9.4,999.9,100
2025-08-11T14:00,29.3,70,23.4,0.0,0.183,30.9,11.9,1000.3,100
2025-08-11T15:00,28.4,78,24.2,0.0,0.183,30.1,13.0,1000.9,100
2025-08-11T16:00,27.8,82,24.3,0.0,0.183,29.5,12.9,1001.5,100
2025-08-11T17:00,27.4,83,24.2,0.0,0.183,29.0,13.2,1001.8,100
2025-08-11T18:00,27.2,83,24.1,0.0,0.183,28.7,13.6,1001.6,100
2025-08-11T19:00,27.0,85,24.2,0.0,0.183,28.4,13.7,1001.2,100
2025-08-11T20:00,26.8,86,24.4,0.0,0.184,28.1,12.8,1000.9,100
2025-08-11T21:00,26.8,86,24.4,0.0,0.184,27.9,12.8,1000.2,100
2025-08-11T22:00,26.8,85,24.0,0.0,0.184,27.8,11.7,1000.3,100
2025-08-11T23:00,26.5,84,23.7,0.0,0.184,27.6,11.1,1000.4,100
2025-08-12T00:00,26.2,86,23.6,0.0,0.184,27.4,10.8,1000.7,100
2025-08-12T01:00,26.4,88,24.2,0.0,0.183,28.1,9.7,1000.6,99
2025-08-12T02:00,26.8,86,24.2,0.1,0.184,27.9,10.0,1001.5,95
2025-08-12T03:00,27.8,80,24.1,0.3,0.186,28.3,11.7,1001.9,92
2025-08-12T04:00,28.6,75,23.8,0.2,0.187,29.0,12.2,1002.0,98
2025-08-12T05:00,29.6,70,23.6,0.2,0.188,30.1,12.4,1001.7,98
2025-08-12T06:00,30.1,68,23.6,0.3,0.189,31.0,12.2,1001.5,53
2025-08-12T07:00,31.0,63,23.3,0.1,0.188,31.8,11.1,1000.9,52
2025-08-12T08:00,31.9,60,23.1,0.0,0.185,32.7,11.6,999.9,42
2025-08-12T09:00,32.3,58,22.9,0.0,0.183,33.2,12.3,998.9,84
2025-08-12T10:00,32.2,57,22.6,0.0,0.181,33.3,12.2,998.0,91
2025-08-12T11:00,32.3,56,22.4,0.0,0.179,33.2,13.5,997.0,100
2025-08-12T12:00,31.3,61,22.8,0.0,0.178,32.6,14.2,996.7,97
2025-08-12T13:00,30.3,65,23.0,0.0,0.17,32.1,11.6,998.1,100
2025-08-12T14:00,29.3,70,23.3,0.0,0.17,31.1,13.1,998.6,100
2025-08-12T15:00,28.3,77,23.9,0.0,0.17,30.3,14.0,999.2,100
2025-08-12T16:00,27.7,81,24.1,0.0,0.17,29.7,14.1,999.5,100
2025-08-12T17:00,27.3,83,24.3,0.0,0.17,29.2,13.0,999.9,100
2025-08-12T18:00,27.0,86,24.5,0.0,0.171,28.8,11.3,999.9,100
2025-08-12T19:00,26.9,87,24.6,0.0,0.171,28.4,10.4,999.7,100
2025-08-12T20:00,26.7,87,24.3,0.1,0.172,28.2,8.9,999.1,100
2025-08-12T21:00,26.5,86,24.0,0.6,0.178,27.7,10.8,998.4,100
2025-08-12T22:00,25.7,93,24.5,0.6,0.185,27.2,9.3,998.2,100
2025-08-12T23:00,25.5,93,24.3,0.2,0.188,26.8,9.9,998.3,100
2025-08-13T00:00,25.5,92,24.1,0.1,0.189,26.6,8.7,998.7,100
2025-08-13T01:00,27.0,86,24.4,0.0,0.172,28.2,7.1,998.6,100
2025-08-13T02:00,27.3,85,24.5,0.0,0.172,28.1,6.0,999.3,100
2025-08-13T03:00,28.2,76,23.6,0.0,0.172,28.5,9.2,999.5,100
2025-08-13T04:00,28.1,77,23.7,0.2,0.174,28.6,8.0,999.9,100
2025-08-13T05:00,29.1,73,23.7,0.0,0.173,29.3,6.0,999.6,100
2025-08-13T06:00,30.5,66,23.5,0.0,0.172,30.6,7.3,999.3,100
2025-08-13T07:00,31.5,62,23.3,0.0,0.17,32.0,8.7,998.6,100
2025-08-13T08:00,32.1,59,23.2,0.1,0.168,33.1,9.0,997.3,100
2025-08-13T09:00,32.3,59,23.3,0.1,0.167,33.6,9.7,996.3,100
2025-08-13T10:00,32.2,59,23.1,0.0,0.166,33.6,9.9,995.9,100
2025-08-13T11:00,31.6,61,23.1,0.0,0.165,33.0,10.2,995.3,100
2025-08-13T12:00,31.0,64,23.3,0.0,0.164,32.3,9.6,995.4,100
2025-08-13T13:00,30.6,64,23.0,0.0,0.167,31.6,10.2,996.8,100
2025-08-13T14:00,29.5,70,23.5,0.0,0.167,30.8,10.8,997.4,100
2025-08-13T15:00,28.3,78,24.0,0.2,0.169,30.1,9.9,998.0,100
2025-08-13T16:00,27.7,82,24.4,0.0,0.169,29.4,9.7,998.6,100
2025-08-13T17:00,27.4,84,24.4,0.0,0.169,28.9,10.6,998.8,100
2025-08-13T18:00,27.0,86,24.4,0.0,0.17,28.5,10.9,998.9,100
2025-08-13T19:00,26.8,88,24.5,0.1,0.171,28.2,10.9,998.7,100
2025-08-13T20:00,26.5,90,24.7,0.2,0.173,27.9,9.7,998.4,100
2025-08-13T21:00,26.3,92,24.8,0.2,0.175,27.6,9.4,998.1,100
2025-08-13T22:00,26.0,94,24.9,0.2,0.177,27.3,9.5,998.1,100
2025-08-13T23:00,25.8,95,24.9,0.1,0.178,27.1,9.4,998.2,100
2025-08-14T00:00,25.6,96,24.9,0.1,0.179,26.9,8.1,998.5,100
2025-08-14T01:00,25.8,97,25.3,1.5,0.191,27.6,8.1,998.6,100
2025-08-14T02:00,26.2,95,25.3,0.3,0.196,27.4,7.6,999.0,100
2025-08-14T03:00,27.1,89,25.1,0.0,0.196,27.6,8.1,999.9,100
2025-08-14T04:00,27.8,84,24.9,0.1,0.197,28.1,6.8,1000.1,100
2025-08-14T05:00,29.5,76,24.8,0.2,0.198,29.4,7.2,999.9,100
2025-08-14T06:00,30.0,75,25.2,0.2,0.198,30.6,5.7,999.9,100
2025-08-14T07:00,29.8,76,25.2,0.4,0.2,30.9,4.5,999.4,100
2025-08-14T08:00,30.6,73,25.2,0.2,0.2,31.7,3.6,998.3,100
2025-08-14T09:00,31.2,69,24.8,0.1,0.198,32.5,3.9,997.2,100
2025-08-14T10:00,31.2,68,24.7,0.1,0.197,32.6,4.9,996.4,75
2025-08-14T11:00,31.3,68,24.7,0.1,0.196,32.8,6.5,995.6,85
2025-08-14T12:00,29.5,77,25.0,0.8,0.203,31.6,10.8,995.9,99
2025-08-14T13:00,28.5,85,25.6,0.0,0.175,30.6,3.3,997.0,100
2025-08-14T14:00,27.9,89,25.9,0.1,0.176,29.8,6.0,997.6,100
2025-08-14T15:00,27.3,92,25.8,0.1,0.177,29.1,7.7,998.2,100
2025-08-14T16:00,27.1,92,25.7,0.0,0.177,28.6,7.3,998.8,90
2025-08-14T17:00,26.9,93,25.6,0.0,0.177,28.3,6.9,999.1,99
2025-08-14T18:00,26.6,93,25.4,0.0,0.178,28.0,8.0,998.9,84
2025-08-14T19:00,26.3,93,25.1,0.0,0.178,27.7,8.7,998.4,54
2025-08-14T20:00,26.0,94,24.9,0.0,0.178,27.5,7.2,998.0,97
2025-08-14T21:00,25.8,95,24.9,0.2,0.18,27.3,5.5,997.6,99
2025-08-14T22:00,25.5,96,24.9,0.0,0.181,27.1,3.1,997.6,96
2025-08-14T23:00,25.6,95,24.8,0.0,0.181,26.9,7.0,997.7,100
2025-08-15T00:00,25.5,96,24.8,0.0,0.182,26.8,6.7,998.1,100
2025-08-15T01:00,26.3,96,25.6,0.0,0.197,28.1,4.5,998.0,74
2025-08-15T02:00,26.7,93,25.5,0.0,0.198,27.9,5.4,998.5,86
2025-08-15T03:00,27.6,90,25.8,0.1,0.199,28.2,5.0,999.0,81
2025-08-15T04:00,28.9,83,25.8,0.2,0.2,29.2,4.9,999.3,40
2025-08-15T05:00,30.0,78,25.7,0.2,0.201,30.4,3.7,999.5,33
2025-08-15T06:00,31.2,69,25.0,0.2,0.201,31.7,3.9,998.9,100
2025-08-15T07:00,30.0,74,25.0,1.3,0.215,31.4,2.8,998.5,100
2025-08-15T08:00,29.8,76,25.1,3.4,0.259,30.9,4.1,997.0,70
2025-08-15T09:00,31.5,71,25.5,0.4,0.26,31.8,2.3,996.1,76
2025-08-15T10:00,30.4,74,25.3,3.3,0.299,32.1,8.1,995.1,84
2025-08-15T11:00,29.5,79,25.4,0.2,0.299,31.6,9.8,994.8,81
2025-08-15T12:00,29.4,79,25.3,0.0,0.297,31.2,5.9,995.0,95
2025-08-15T13:00,29.7,81,26.0,0.0,0.23,30.3,1.9,995.8,100
2025-08-15T14:00,27.6,90,25.9,2.5,0.262,29.7,6.8,996.5,100
2025-08-15T15:00,26.5,93,25.2,1.7,0.285,28.6,10.3,997.4,100
2025-08-15T16:00,26.1,94,25.0,0.6,0.292,27.9,11.5,998.5,100
2025-08-15T17:00,25.6,94,24.6,1.5,0.312,27.3,5.9,998.4,100
2025-08-15T18:00,25.5,96,24.7,0.0,0.311,27.0,7.5,997.8,100
2025-08-15T19:00,25.5,97,24.9,0.0,0.311,26.8,7.9,997.4,100
2025-08-15T20:00,25.4,97,24.9,0.1,0.311,26.7,9.0,997.0,100
2025-08-15T21:00,25.4,97,24.8,0.0,0.31,26.6,8.8,996.4,100
2025-08-15T22:00,25.4,96,24.8,0.0,0.309,26.5,7.9,996.3,100
2025-08-15T23:00,25.5,96,24.8,0.0,0.309,26.5,7.6,996.4,100
2025-08-16T00:00,25.4,96,24.8,0.0,0.308,26.5,7.3,996.4,100
2025-08-16T01:00,26.3,95,25.5,0.1,0.269,27.4,9.3,995.9,100
2025-08-16T02:00,26.7,95,25.9,0.3,0.272,27.3,6.4,996.6,100
2025-08-16T03:00,27.3,91,25.8,0.2,0.273,27.6,5.2,997.1,100
2025-08-16T04:00,27.8,90,26.1,0.4,0.276,28.0,3.1,997.7,100
2025-08-16T05:00,28.9,87,26.5,0.4,0.279,29.0,3.5,997.6,99
2025-08-16T06:00,29.5,80,25.7,0.4,0.281,29.9,3.9,997.1,100
2025-08-16T07:00,29.5,80,25.6,0.4,0.282,30.1,5.2,996.2,97
2025-08-16T08:00,31.3,73,25.8,0.1,0.28,31.4,6.5,995.0,100
2025-08-16T09:00,30.3,74,25.2,0.7,0.285,31.5,6.2,994.1,100
2025-08-16T10:00,28.4,83,25.1,4.3,0.34,30.4,4.9,994.0,100
2025-08-16T11:00,27.5,88,25.2,1.4,0.354,29.6,1.7,993.9,100
2025-08-16T12:00,27.8,87,25.4,0.1,0.353,29.3,5.0,994.2,100
2025-08-16T13:00,27.6,86,25.0,0.0,0.403,29.8,7.7,994.6,100
2025-08-16T14:00,27.2,89,25.2,0.0,0.394,29.1,5.6,995.4,100
2025-08-16T15:00,26.9,91,25.2,0.0,0.387,28.6,8.1,995.6,100
2025-08-16T16:00,26.7,91,25.1,0.0,0.382,28.3,4.6,996.2,100
2025-08-16T17:00,26.5,93,25.2,0.2,0.379,27.9,5.5,996.6,100
2025-08-16T18:00,26.3,95,25.3,0.1,0.376,27.6,4.7,996.3,100
2025-08-16T19:00,26.1,97,25.5,0.1,0.373,27.4,4.6,996.0,100
2025-08-16T20:00,25.9,98,25.5,0.0,0.369,27.2,4.3,995.9,100
2025-08-16T21:00,25.8,98,25.5,0.0,0.366,27.1,6.6,995.1,100
2025-08-16T22:00,25.7,98,25.3,0.1,0.364,26.9,6.4,995.0,100
2025-08-16T23:00,25.4,98,25.1,0.2,0.363,26.8,5.4,995.3,100
2025-08-17T00:00,25.4,98,25.0,0.1,0.361,26.6,6.3,995.7,100
2025-08-17T01:00,25.9,99,25.7,0.0,0.349,27.3,1.4,995.0,100
2025-08-17T02:00,26.5,96,25.8,0.0,0.348,27.3,2.4,995.7,100
2025-08-17T03:00,27.6,89,25.7,0.1,0.348,27.8,3.2,995.6,98
2025-08-17T04:00,29.0,83,25.8,0.1,0.346,28.8,2.5,996.2,70
2025-08-17T05:00,30.2,80,26.3,0.2,0.344,30.1,2.2,996.2,100
2025-08-17T06:00,31.0,74,25.8,0.3,0.343,31.1,2.7,995.8,100
2025-08-17T07:00,30.9,73,25.6,0.3,0.342,31.1,3.2,995.1,100
2025-08-17T08:00,29.0,84,26.1,1.3,0.355,30.6,9.6,994.4,97
2025-08-17T09:00,28.4,87,26.0,1.0,0.362,30.3,8.7,993.5,81
2025-08-17T10:00,28.8,83,25.5,2.3,0.386,30.0,10.7,993.2,97
2025-08-17T11:00,28.8,82,25.4,0.3,0.384,29.9,6.6,993.0,83
2025-08-17T12:00,29.0,81,25.5,0.2,0.38,29.9,7.8,993.3,100
2025-08-17T13:00,28.8,82,25.5,0.0,0.395,28.7,8.7,993.6,100
2025-08-17T14:00,27.6,88,25.4,0.0,0.391,28.4,8.2,994.5,100
2025-08-17T15:00,27.1,90,25.3,0.0,0.388,28.1,9.4,995.4,78
2025-08-17T16:00,26.8,92,25.3,0.0,0.385,27.8,9.4,996.3,41
2025-08-17T17:00,26.4,94,25.4,0.0,0.383,27.5,5.1,997.1,92
2025-08-17T18:00,26.1,95,25.3,0.0,0.381,27.3,9.5,997.2,96
2025-08-17T19:00,25.7,95,24.7,0.0,0.379,27.1,9.4,996.9,76
2025-08-17T20:00,25.3,95,24.5,0.0,0.377,26.9,6.2,996.9,100
2025-08-17T21:00,25.5,94,24.5,0.0,0.375,26.8,7.5,996.6,100
2025-08-17T22:00,25.4,94,24.5,0.0,0.374,26.8,5.9,996.6,100
2025-08-17T23:00,25.5,94,24.4,0.0,0.372,26.7,7.7,996.4,100
2025-08-18T00:00,25.5,93,24.4,0.0,0.371,26.7,7.7,996.5,100
2025-08-18T01:00,25.9,95,25.1,0.0,0.36,27.7,7.8,996.8,100
2025-08-18T02:00,26.6,91,25.1,0.0,0.359,27.6,10.2,996.8,100
2025-08-18T03:00,27.6,87,25.1,0.0,0.358,27.9,10.3,997.3,100
2025-08-18T04:00,28.9,80,25.0,0.0,0.356,28.6,9.5,997.7,98
2025-08-18T05:00,30.4,72,24.8,0.0,0.352,29.8,8.6,997.9,99
2025-08-18T06:00,30.9,69,24.6,0.0,0.349,30.6,8.6,997.5,98
2025-08-18T07:00,31.8,67,24.9,0.1,0.345,31.7,7.7,997.2,100
2025-08-18T08:00,31.9,68,25.2,0.0,0.341,32.4,7.3,996.0,100
2025-08-18T09:00,31.9,68,25.3,0.1,0.337,32.9,6.7,994.8,100
2025-08-18T10:00,29.0,78,24.7,4.2,0.388,32.0,14.6,994.9,100
2025-08-18T11:00,27.6,87,25.3,0.3,0.388,30.7,9.4,994.7,100
2025-08-18T12:00,27.4,88,25.3,0.5,0.389,29.8,4.4,995.1,100
2025-08-18T13:00,28.0,89,26.0,0.0,0.367,29.1,6.7,995.4,100
2025-08-18T14:00,27.6,89,25.7,0.0,0.366,28.7,6.6,995.8,100
2025-08-18T15:00,27.1,89,25.1,0.0,0.365,28.3,9.9,996.1,100
2025-08-18T16:00,26.7,90,24.9,0.0,0.364,27.9,9.1,997.2,100
2025-08-18T17:00,26.4,93,25.1,0.0,0.363,27.7,10.0,997.7,100
2025-08-18T18:00,26.1,93,24.9,0.0,0.362,27.5,11.3,997.8,100
2025-08-18T19:00,25.6,94,24.6,0.0,0.361,27.2,10.0,997.4,100
2025-08-18T20:00,25.4,94,24.4,0.0,0.36,27.0,10.5,996.8,100
2025-08-18T21:00,25.4,95,24.5,0.1,0.36,26.9,10.7,995.7,100
2025-08-18T22:00,25.4,94,24.4,0.1,0.36,26.8,10.1,995.2,100
2025-08-18T23:00,25.4,94,24.4,0.0,0.359,26.7,9.2,995.5,100
2025-08-19T00:00,25.3,94,24.3,0.0,0.358,26.6,8.3,995.7,100
2025-08-19T01:00,25.8,96,25.2,0.0,0.346,27.3,6.2,995.5,61
2025-08-19T02:00,26.6,92,25.1,0.0,0.345,27.3,8.0,996.3,99
2025-08-19T03:00,27.6,86,25.0,0.0,0.344,27.8,7.7,996.1,92
2025-08-19T04:00,29.2,78,25.0,0.0,0.342,28.8,6.0,996.7,99
2025-08-19T05:00,30.3,73,24.8,0.0,0.339,29.9,6.7,996.5,94
2025-08-19T06:00,31.4,68,24.9,0.0,0.335,31.1,7.5,996.0,80
2025-08-19T07:00,32.0,67,25.1,0.0,0.331,32.0,7.7,995.4,100
2025-08-19T08:00,32.4,66,25.2,0.0,0.327,32.7,8.0,994.0,100
2025-08-19T09:00,32.7,66,25.5,0.0,0.323,33.2,4.9,992.9,100
2025-08-19T10:00,32.8,67,25.7,0.0,0.319,33.5,4.7,991.7,99
2025-08-19T11:00,32.6,66,25.3,0.0,0.316,33.3,7.4,991.4,99
2025-08-19T12:00,31.5,71,25.5,0.4,0.319,32.3,4.3,991.7,99
2025-08-19T13:00,29.4,83,26.3,0.0,0.324,29.6,5.1,992.6,97
2025-08-19T14:00,28.2,87,25.9,0.0,0.324,29.1,5.6,993.2,84
2025-08-19T15:00,27.6,90,25.8,0.0,0.324,28.7,4.4,994.2,76
2025-08-19T16:00,27.6,89,25.7,0.0,0.323,28.3,8.3,994.7,97
2025-08-19T17:00,27.2,88,25.0,0.0,0.323,28.1,7.5,994.9,98
2025-08-19T18:00,26.7,86,24.1,0.0,0.323,27.8,9.9,994.6,100
2025-08-19T19:00,26.4,86,23.9,0.0,0.323,27.5,9.9,994.4,100
2025-08-19T20:00,26.0,89,24.0,0.0,0.322,27.3,6.2,994.2,100
2025-08-19T21:00,25.8,90,24.0,0.0,0.322,27.1,7.8,993.5,100
2025-08-19T22:00,26.1,88,23.9,0.0,0.322,27.1,7.2,993.2,100
2025-08-19T23:00,26.3,87,23.9,0.0,0.322,27.0,6.9,993.5,100
2025-08-20T00:00,26.3,87,24.0,0.0,0.322,27.0,5.4,993.7,100
2025-08-20T01:00,26.4,90,24.7,0.3,0.319,27.6,11.1,993.2,100
2025-08-20T02:00,26.8,91,25.1,0.1,0.32,27.4,12.0,993.7,100
2025-08-20T03:00,26.8,90,25.1,0.0,0.32,27.5,12.1,994.7,100
2025-08-20T04:00,28.3,81,24.7,0.0,0.319,28.1,18.2,994.6,100
2025-08-20T05:00,29.1,79,25.0,0.1,0.317,28.8,18.0,995.1,100
2025-08-20T06:00,29.5,78,25.2,0.1,0.316,29.4,16.5,994.4,100
2025-08-20T07:00,30.1,73,24.8,0.4,0.317,30.2,23.5,994.0,100
2025-08-20T08:00,29.3,75,24.5,0.1,0.314,30.7,29.3,993.3,100
2025-08-20T09:00,28.3,81,24.7,0.1,0.313,30.3,23.3,992.4,100
2025-08-20T10:00,29.9,72,24.4,0.3,0.313,30.6,23.0,992.0,100
2025-08-20T11:00,29.5,73,24.1,0.0,0.311,30.4,23.8,992.1,100
2025-08-20T12:00,28.9,75,24.1,0.0,0.309,30.0,19.6,992.6,100
2025-08-20T13:00,27.1,86,24.6,0.1,0.337,28.5,15.3,994.6,100
2025-08-20T14:00,26.4,89,24.5,0.4,0.339,27.9,17.7,995.4,100
2025-08-20T15:00,25.4,95,24.6,0.8,0.347,27.2,14.7,996.1,100
2025-08-20T16:00,25.7,95,24.8,0.4,0.351,26.8,14.8,996.9,100
2025-08-20T17:00,25.5,95,24.7,0.6,0.358,26.5,12.6,997.8,100
2025-08-20T18:00,25.5,96,24.7,0.3,0.36,26.3,12.7,998.0,100
2025-08-20T19:00,25.3,96,24.6,0.7,0.369,26.2,14.6,997.8,100
2025-08-20T20:00,25.4,96,24.7,0.3,0.37,26.1,14.5,997.2,100
2025-08-20T21:00,25.1,95,24.3,0.3,0.372,26.0,16.3,996.9,100
2025-08-20T22:00,25.2,95,24.4,0.1,0.372,25.9,15.7,997.0,100
2025-08-20T23:00,25.1,95,24.3,0.2,0.372,25.8,15.1,997.1,100
2025-08-21T00:00,25.0,96,24.3,0.1,0.37,25.7,13.2,997.5,100
2025-08-21T01:00,25.6,95,24.7,0.1,0.396,26.4,11.2,997.6,100
2025-08-21T02:00,26.3,91,24.8,0.1,0.394,26.4,12.7,998.6,100
2025-08-21T03:00,25.4,94,24.3,1.0,0.401,26.4,13.0,999.5,100
2025-08-21T04:00,27.3,90,25.5,0.5,0.401,26.7,10.5,999.7,100
2025-08-21T05:00,29.0,83,25.8,0.1,0.397,27.9,12.2,1000.0,100
2025-08-21T06:00,30.1,75,25.2,0.1,0.392,28.9,15.7,999.7,100
2025-08-21T07:00,30.7,71,24.9,0.1,0.388,29.6,14.7,998.9,100
2025-08-21T08:00,29.2,79,25.2,6.1,0.439,29.4,14.0,998.3,99
2025-08-21T09:00,28.0,83,24.9,4.6,0.425,28.9,16.1,997.5,100
2025-08-21T10:00,28.7,82,25.4,2.0,0.439,29.1,15.5,997.2,100
2025-08-21T11:00,28.6,87,26.3,8.7,0.428,28.8,9.8,997.0,100
2025-08-21T12:00,27.0,89,25.1,6.2,0.429,28.0,13.4,997.5,100
2025-08-21T13:00,28.4,82,25.0,0.0,0.407,28.5,12.6,998.0,100
2025-08-21T14:00,28.0,82,24.5,0.0,0.403,28.2,16.9,998.9,100
2025-08-21T15:00,27.5,83,24.4,0.0,0.399,27.9,16.3,999.7,100
2025-08-21T16:00,27.3,84,24.4,0.0,0.396,27.6,15.1,1000.5,100
2025-08-21T17:00,27.1,85,24.4,0.0,0.393,27.4,15.5,1000.8,100
2025-08-21T18:00,27.0,85,24.3,0.0,0.391,27.3,16.1,1000.7,100
2025-08-21T19:00,26.7,86,24.2,0.0,0.389,27.1,15.6,1000.4,100
2025-08-21T20:00,26.4,87,24.1,0.0,0.387,27.0,14.6,1000.0,100
2025-08-21T21:00,26.1,88,23.9,0.0,0.386,26.9,14.4,999.4,100
2025-08-21T22:00,25.8,88,23.7,0.1,0.385,26.7,15.5,999.4,100
2025-08-21T23:00,25.7,88,23.6,0.2,0.385,26.5,15.2,999.6,100
2025-08-22T00:00,25.4,90,23.6,0.2,0.385,26.3,13.4,1000.0,100
2025-08-22T01:00,25.9,87,23.6,0.4,0.387,26.6,12.2,999.8,100
2025-08-22T02:00,26.0,90,24.2,0.5,0.391,26.3,15.7,1000.4,100
2025-08-22T03:00,26.5,89,24.5,0.1,0.389,26.4,16.0,1000.9,100
2025-08-22T04:00,26.8,87,24.4,0.1,0.388,26.7,16.3,1001.0,100
2025-08-22T05:00,27.9,83,24.8,0.1,0.386,27.4,15.5,1001.1,100
2025-08-22T06:00,28.7,78,24.6,0.2,0.384,28.1,18.7,1000.5,81
2025-08-22T07:00,30.7,69,24.4,0.1,0.381,29.4,18.9,999.6,94
2025-08-22T08:00,29.0,77,24.6,1.4,0.392,29.7,16.1,998.6,100
2025-08-22T09:00,28.6,78,24.4,2.7,0.418,29.8,20.2,997.7,99
2025-08-22T10:00,29.1,75,24.2,0.4,0.413,30.0,20.9,997.2,100
2025-08-22T11:00,28.9,74,23.8,0.2,0.408,29.6,22.6,996.9,100
2025-08-22T12:00,26.9,84,24.0,0.1,0.404,28.9,13.5,997.3,100
2025-08-22T13:00,25.7,93,24.4,2.2,0.429,27.3,20.5,998.0,100
2025-08-22T14:00,24.9,96,24.3,4.5,0.438,26.7,13.8,998.9,100
2025-08-22T15:00,25.0,96,24.4,0.8,0.433,26.3,16.4,999.6,100
2025-08-22T16:00,25.3,95,24.5,0.5,0.429,26.1,16.2,1000.2,100
2025-08-22T17:00,25.4,94,24.4,0.9,0.432,26.0,15.9,1000.4,100
2025-08-22T18:00,25.3,94,24.3,0.7,0.432,25.9,16.3,1000.3,100
2025-08-22T19:00,25.4,93,24.1,0.2,0.426,25.8,17.6,999.6,100
2025-08-22T20:00,25.2,92,23.9,0.1,0.423,25.7,16.5,999.1,100
2025-08-22T21:00,25.1,92,23.6,0.0,0.42,25.6,16.8,998.3,100
2025-08-22T22:00,25.0,91,23.5,0.0,0.417,25.5,15.7,998.2,100
2025-08-22T23:00,24.9,91,23.3,0.0,0.415,25.4,13.7,998.1,100
2025-08-23T00:00,24.8,91,23.3,0.0,0.413,25.4,12.9,998.6,100
2025-08-23T01:00,25.5,91,24.0,0.0,0.399,26.4,12.9,998.3,100
2025-08-23T02:00,26.2,89,24.1,0.0,0.398,26.4,13.2,998.9,100
2025-08-23T03:00,26.5,87,24.3,0.0,0.397,26.5,11.9,999.7,100
2025-08-23T04:00,27.3,84,24.4,0.0,0.396,27.0,13.6,999.8,100
2025-08-23T05:00,27.3,83,24.2,0.0,0.394,27.5,14.8,1000.1,100
2025-08-23T06:00,29.1,76,24.4,0.0,0.39,28.6,17.2,999.6,100
2025-08-23T07:00,29.3,73,24.1,0.5,0.391,29.2,17.1,999.1,100
2025-08-23T08:00,28.6,78,24.3,1.1,0.4,29.2,17.6,998.0,100
2025-08-23T09:00,29.1,78,24.9,0.1,0.397,29.7,16.9,997.3,100
2025-08-23T10:00,27.4,81,23.9,4.1,0.433,29.3,21.9,996.8,100
2025-08-23T11:00,26.9,86,24.4,0.2,0.424,28.5,16.9,996.4,100
2025-08-23T12:00,27.0,84,24.1,0.2,0.42,28.1,13.4,996.3,100
2025-08-23T13:00,26.0,93,24.7,1.5,0.425,27.2,15.1,998.0,96
2025-08-23T14:00,26.0,91,24.4,0.1,0.419,26.7,17.0,998.2,99
2025-08-23T15:00,25.8,90,24.0,0.1,0.416,26.4,15.7,998.9,100
2025-08-23T16:00,25.0,94,23.9,2.3,0.434,26.1,14.4,999.9,100
2025-08-23T17:00,25.3,92,23.9,0.3,0.426,25.8,16.4,1000.2,100
2025-08-23T18:00,25.3,91,23.7,0.1,0.421,25.7,16.4,1000.0,100
2025-08-23T19:00,25.1,91,23.6,0.1,0.418,25.5,16.6,999.7,100
2025-08-23T20:00,25.1,90,23.3,0.0,0.415,25.5,16.5,999.2,100
2025-08-23T21:00,25.0,89,23.1,0.1,0.413,25.4,16.2,998.7,100
2025-08-23T22:00,25.0,89,23.1,0.0,0.41,25.4,15.8,998.2,100
2025-08-23T23:00,25.1,88,23.0,0.0,0.409,25.4,15.7,998.4,100
2025-08-24T00:00,25.1,88,22.9,0.0,0.407,25.4,15.2,998.7,100
2025-08-24T01:00,25.0,90,23.2,0.1,0.392,26.1,14.4,998.8,100
2025-08-24T02:00,25.5,88,23.4,0.1,0.392,26.0,14.3,999.1,100
2025-08-24T03:00,26.4,85,23.7,0.3,0.393,26.3,13.0,999.6,100
2025-08-24T04:00,26.8,86,24.3,0.2,0.393,26.6,14.5,999.8,80
2025-08-24T05:00,27.5,85,24.7,2.5,0.419,27.3,17.0,1000.5,96
2025-08-24T06:00,26.9,87,24.6,8.1,0.429,27.5,17.9,1000.3,90
2025-08-24T07:00,27.7,85,24.9,0.4,0.425,27.8,17.7,999.8,100
2025-08-24T08:00,27.9,82,24.5,0.3,0.422,28.0,19.6,999.0,97
2025-08-24T09:00,27.8,81,24.2,0.9,0.424,28.1,20.9,998.0,94
2025-08-24T10:00,27.4,82,24.0,0.7,0.424,28.0,22.3,997.6,97
2025-08-24T11:00,26.7,87,24.3,0.8,0.426,27.7,18.8,997.3,98
2025-08-24T12:00,26.8,88,24.7,0.3,0.423,27.5,16.4,997.2,83
2025-08-24T13:00,25.3,94,24.3,6.5,0.432,26.8,15.9,998.6,100
2025-08-24T14:00,25.7,92,24.3,0.2,0.428,26.4,17.1,999.1,100
2025-08-24T15:00,25.0,96,24.3,1.6,0.434,26.0,13.0,999.5,100
2025-08-24T16:00,25.4,93,24.2,0.0,0.429,25.9,15.9,1000.3,100
2025-08-24T17:00,25.3,93,24.0,0.0,0.425,25.7,14.8,1000.4,100
2025-08-24T18:00,25.5,91,23.8,0.1,0.423,25.7,15.9,1000.4,100
2025-08-24T19:00,25.3,91,23.8,0.1,0.421,25.7,15.5,1000.0,100
2025-08-24T20:00,25.0,93,23.7,0.2,0.42,25.6,15.5,999.3,100
2025-08-24T21:00,24.8,94,23.7,0.2,0.42,25.4,15.6,998.7,100
2025-08-24T22:00,24.6,94,23.6,0.5,0.422,25.3,13.8,998.6,100
2025-08-24T23:00,24.7,94,23.7,0.1,0.421,25.2,16.2,998.5,99
2025-08-25T00:00,24.4,96,23.7,0.9,0.428,25.1,13.5,998.4,100
2025-08-25T01:00,25.1,94,24.0,1.0,0.427,25.9,14.1,998.8,91
2025-08-25T02:00,25.6,94,24.5,0.1,0.423,25.8,13.9,999.0,95
2025-08-25T03:00,26.2,92,24.8,0.5,0.424,26.1,12.6,999.7,100
2025-08-25T04:00,26.8,90,25.0,0.1,0.421,26.5,10.4,1000.0,81
2025-08-25T05:00,29.1,78,24.8,0.1,0.417,27.8,16.2,1000.0,100
2025-08-25T06:00,29.5,73,24.1,0.0,0.413,28.3,14.7,999.5,100
2025-08-25T07:00,29.7,73,24.2,0.2,0.411,28.6,15.4,998.8,100
2025-08-25T08:00,28.7,80,24.9,1.6,0.423,28.6,6.9,998.2,99
2025-08-25T09:00,29.1,78,24.9,0.5,0.422,29.1,11.7,997.3,85
2025-08-25T10:00,29.3,77,24.9,0.2,0.418,29.5,12.9,996.4,95
2025-08-25T11:00,29.3,78,25.0,0.3,0.416,29.6,13.5,996.0,73
2025-08-25T12:00,27.9,82,24.6,0.7,0.418,29.0,13.6,996.0,96
2025-08-25T13:00,27.2,87,24.8,0.0,0.417,28.2,12.3,997.0,76
2025-08-25T14:00,26.6,89,24.7,0.0,0.414,27.6,10.6,997.9,65
2025-08-25T15:00,26.4,91,24.8,0.0,0.413,27.2,9.9,998.7,92
2025-08-25T16:00,26.5,89,24.4,0.0,0.411,26.9,11.5,999.6,97
2025-08-25T17:00,25.9,91,24.2,0.0,0.409,26.7,13.3,999.8,97
2025-08-25T18:00,25.5,91,24.0,0.1,0.408,26.4,11.1,999.8,100
2025-08-25T19:00,25.2,93,24.0,0.0,0.407,26.2,10.5,999.5,99
2025-08-25T20:00,25.3,93,24.1,0.1,0.406,26.1,10.0,998.9,100
2025-08-25T21:00,25.5,93,24.3,0.0,0.405,26.1,11.7,998.4,98
2025-08-25T22:00,25.3,94,24.3,0.0,0.404,26.0,11.2,998.3,99
2025-08-25T23:00,25.4,93,24.1,0.0,0.403,26.0,10.3,998.8,100
2025-08-26T00:00,25.4,93,24.1,0.0,0.402,25.9,9.6,999.1,100
2025-08-26T01:00,25.1,96,24.4,0.0,0.396,26.3,4.9,999.4,51
2025-08-26T02:00,25.9,93,24.7,0.1,0.396,26.3,9.3,1000.0,60
2025-08-26T03:00,26.3,92,24.9,0.2,0.397,26.6,8.8,1000.7,90
2025-08-26T04:00,27.9,85,25.1,0.1,0.396,27.5,9.0,1001.3,76
2025-08-26T05:00,29.2,79,25.1,0.0,0.394,28.6,9.7,1001.1,100
2025-08-26T06:00,29.4,77,24.8,0.2,0.393,29.0,8.0,1001.0,100
2025-08-26T07:00,29.3,77,24.8,0.2,0.393,29.0,8.2,1000.0,100
2025-08-26T08:00,30.2,73,24.9,0.0,0.39,29.6,7.9,999.1,100
2025-08-26T09:00,31.4,69,25.1,0.0,0.387,30.4,8.9,997.9,100
2025-08-26T10:00,28.6,81,25.0,6.0,0.433,30.2,5.2,997.5,85
2025-08-26T11:00,28.8,80,25.1,0.5,0.427,29.8,3.1,997.3,99
2025-08-26T12:00,28.0,85,25.3,0.8,0.427,28.9,6.6,997.3,95
2025-08-26T13:00,28.9,82,25.4,0.0,0.372,29.2,3.8,998.3,100
2025-08-26T14:00,27.8,85,25.1,0.0,0.373,28.5,6.0,998.7,100
2025-08-26T15:00,27.5,86,24.9,0.0,0.373,28.0,6.6,999.4,100
2025-08-26T16:00,27.0,89,24.9,0.0,0.373,27.6,6.3,1000.3,100
2025-08-26T17:00,26.6,90,24.9,0.0,0.373,27.3,7.6,1000.5,100
2025-08-26T18:00,26.4,91,24.7,0.0,0.373,27.1,9.8,1000.0,100
2025-08-26T19:00,26.2,92,24.8,0.0,0.374,27.0,9.9,999.5,100
2025-08-26T20:00,26.3,92,24.8,0.0,0.374,26.9,9.1,999.0,100
2025-08-26T21:00,26.1,92,24.6,0.0,0.374,26.7,8.4,998.7,100
2025-08-26T22:00,26.1,90,24.3,0.0,0.374,26.6,7.6,998.9,78
2025-08-26T23:00,25.7,91,24.2,0.0,0.374,26.5,6.7,999.2,52
2025-08-27T00:00,25.3,93,24.1,0.0,0.374,26.3,7.8,999.1,2
2025-08-27T01:00,26.2,90,24.3,0.0,0.362,27.4,7.3,999.4,100
2025-08-27T02:00,26.4,90,24.6,0.1,0.364,27.3,6.4,999.7,71
2025-08-27T03:00,27.4,87,25.0,0.0,0.363,27.6,8.7,1000.3,95
2025-08-27T04:00,28.5,80,24.8,0.0,0.363,28.2,9.0,1000.6,86
2025-08-27T05:00,29.9,72,24.4,0.0,0.361,29.3,8.4,1000.2,80
2025-08-27T06:00,30.9,67,24.1,0.0,0.358,30.4,9.1,1000.1,100
2025-08-27T07:00,31.4,65,23.9,0.1,0.355,31.2,9.8,999.3,99
2025-08-27T08:00,31.5,65,24.1,0.1,0.353,31.6,10.4,998.1,99
2025-08-27T09:00,31.9,66,24.7,0.0,0.35,32.1,9.4,996.8,100
2025-08-27T10:00,29.1,77,24.6,3.8,0.396,31.3,7.0,997.0,100
2025-08-27T11:00,29.1,77,24.7,0.1,0.395,30.5,4.5,996.6,100
2025-08-27T12:00,28.9,80,25.0,0.0,0.393,30.0,7.0,996.7,100
2025-08-27T13:00,29.4,81,25.9,0.0,0.354,29.9,3.1,997.5,100
2025-08-27T14:00,28.3,88,26.0,0.0,0.354,29.3,3.8,998.0,100
2025-08-27T15:00,28.1,88,26.0,0.0,0.355,28.8,8.2,998.0,100
2025-08-27T16:00,27.8,88,25.6,0.0,0.355,28.5,8.4,998.9,100
2025-08-27T17:00,27.4,89,25.4,0.1,0.356,28.2,10.3,999.3,100
2025-08-27T18:00,26.8,92,25.4,0.1,0.358,27.9,10.6,999.2,100
2025-08-27T19:00,26.4,95,25.4,0.0,0.358,27.5,8.7,999.1,100
2025-08-27T20:00,26.2,95,25.4,0.0,0.358,27.3,7.9,998.6,100
2025-08-27T21:00,26.0,96,25.3,0.0,0.358,27.1,6.6,998.2,100
2025-08-27T22:00,25.8,97,25.3,0.0,0.359,27.0,2.9,997.8,100
2025-08-27T23:00,25.5,96,24.7,0.5,0.363,26.9,6.2,998.2,100
2025-08-28T00:00,25.5,97,25.0,0.6,0.371,26.7,5.0,998.2,98
2025-08-28T01:00,25.9,94,24.8,0.2,0.4,27.2,7.0,998.6,81
2025-08-28T02:00,26.6,94,25.5,0.0,0.398,27.1,7.2,998.7,32
2025-08-28T03:00,28.0,87,25.6,0.0,0.396,27.7,10.2,999.4,41
2025-08-28T04:00,29.2,80,25.4,0.2,0.395,28.5,12.7,999.5,99
2025-08-28T05:00,28.5,82,25.2,1.9,0.415,28.6,10.8,999.6,100
2025-08-28T06:00,28.2,84,25.2,1.7,0.426,28.3,7.5,998.8,100
2025-08-28T07:00,29.0,84,26.0,0.5,0.422,28.8,7.5,998.2,100
2025-08-28T08:00,30.1,81,26.4,0.5,0.418,29.8,7.3,997.4,100
2025-08-28T09:00,28.8,87,26.4,1.6,0.429,29.7,4.5,996.2,100
2025-08-28T10:00,27.1,89,25.2,6.7,0.428,28.9,3.8,996.2,100
2025-08-28T11:00,27.2,91,25.7,0.1,0.423,28.4,5.6,996.2,100
2025-08-28T12:00,27.8,86,25.2,0.7,0.426,28.3,8.3,996.5,100
2025-08-28T13:00,26.8,95,25.9,1.9,0.435,28.3,4.8,997.2,100
2025-08-28T14:00,26.9,95,26.0,0.9,0.431,27.9,2.4,997.1,100
2025-08-28T15:00,26.6,96,25.9,0.2,0.426,27.5,6.8,998.2,100
2025-08-28T16:00,26.5,96,25.9,0.5,0.426,27.3,6.5,998.5,100
2025-08-28T17:00,26.4,97,25.9,0.8,0.43,27.1,6.9,998.4,100
2025-08-28T18:00,26.3,98,25.9,0.6,0.43,27.0,6.0,998.3,100
2025-08-28T19:00,26.2,98,25.9,0.1,0.425,26.9,9.4,997.6,100
2025-08-28T20:00,26.1,98,25.7,0.0,0.421,26.8,7.8,997.2,100
2025-08-28T21:00,26.0,98,25.7,0.0,0.418,26.7,5.9,997.1,100
2025-08-28T22:00,25.8,99,25.6,0.0,0.416,26.6,4.9,997.1,100
2025-08-28T23:00,25.4,99,25.3,0.0,0.414,26.5,3.3,996.9,100
2025-08-29T00:00,25.4,96,24.7,1.9,0.437,26.3,8.5,997.7,100
2025-08-29T01:00,25.5,95,24.7,1.1,0.43,26.7,3.9,998.0,100
2025-08-29T02:00,26.3,94,25.3,0.2,0.426,26.7,4.9,998.4,98
2025-08-29T03:00,26.9,88,24.7,1.3,0.437,26.9,13.3,999.3,100
2025-08-29T04:00,25.7,93,24.5,0.4,0.429,26.6,9.3,999.8,99
2025-08-29T05:00,28.6,82,25.1,0.1,0.423,27.9,10.9,999.5,100
2025-08-29T06:00,29.8,78,25.4,0.2,0.42,28.9,8.0,999.1,100
2025-08-29T07:00,29.7,78,25.4,0.2,0.417,29.1,8.3,998.5,100
2025-08-29T08:00,28.3,84,25.3,2.9,0.439,29.1,7.5,997.4,100
2025-08-29T09:00,29.4,80,25.7,1.1,0.433,29.6,4.6,996.6,100
2025-08-29T10:00,28.7,85,26.0,1.0,0.431,29.4,4.6,995.9,100
2025-08-29T11:00,28.6,87,26.2,1.3,0.432,29.3,2.9,996.0,100
2025-08-29T12:00,27.6,85,24.8,4.0,0.439,29.0,6.4,996.6,100
2025-08-29T13:00,28.3,86,25.6,0.0,0.426,29.3,4.4,997.3,100
2025-08-29T14:00,27.5,90,25.7,0.0,0.422,28.7,5.0,998.0,100
2025-08-29T15:00,27.1,93,25.9,0.0,0.42,28.3,3.8,998.1,100
2025-08-29T16:00,26.9,94,25.9,0.0,0.418,28.0,5.2,999.2,100
2025-08-29T17:00,26.7,92,25.2,0.0,0.415,27.8,12.4,999.9,100
2025-08-29T18:00,26.5,91,24.8,0.0,0.414,27.6,12.3,999.9,100
2025-08-29T19:00,26.4,90,24.7,0.0,0.412,27.5,11.9,999.7,100
2025-08-29T20:00,26.5,90,24.7,0.0,0.41,27.4,10.9,999.4,100
2025-08-29T21:00,26.4,91,24.8,0.1,0.41,27.2,10.6,999.1,100
2025-08-29T22:00,26.1,93,24.8,0.1,0.409,27.1,8.4,998.8,100
2025-08-29T23:00,26.0,93,24.8,0.1,0.408,26.9,8.9,998.7,100
2025-08-30T00:00,25.7,95,24.8,0.0,0.407,26.8,8.3,999.2,100
2025-08-30T01:00,25.7,96,25.0,6.2,0.436,27.1,4.7,999.7,100
2025-08-30T02:00,25.4,98,25.0,0.3,0.432,26.7,7.5,999.7,100
2025-08-30T03:00,25.6,97,25.1,1.8,0.437,26.7,6.6,1000.3,100
2025-08-30T04:00,25.4,98,25.0,5.3,0.439,26.6,6.9,1001.4,100
2025-08-30T05:00,25.4,97,24.9,4.7,0.439,26.5,6.1,1001.9,100
2025-08-30T06:00,25.4,98,25.1,4.8,0.439,26.5,5.6,1001.5,100
2025-08-30T07:00,26.1,98,25.8,3.8,0.439,26.8,4.7,1000.7,100
2025-08-30T08:00,26.4,99,26.1,4.6,0.437,27.0,6.9,999.8,100
2025-08-30T09:00,26.8,98,26.4,1.5,0.433,27.3,8.0,998.8,100
2025-08-30T10:00,27.6,93,26.4,0.5,0.431,27.7,9.1,998.4,100
2025-08-30T11:00,28.2,87,25.9,0.1,0.427,27.9,9.0,997.9,100
2025-08-30T12:00,28.3,86,25.8,0.8,0.431,27.8,8.1,998.0,100
2025-08-30T13:00,28.1,86,25.5,0.0,0.422,28.3,7.6,999.4,100
2025-08-30T14:00,27.6,88,25.4,1.1,0.429,27.8,6.0,999.9,100
2025-08-30T15:00,27.3,90,25.4,0.1,0.426,27.4,9.8,1000.4,100
2025-08-30T16:00,26.5,92,25.2,0.0,0.422,27.0,12.7,1000.8,100
2025-08-30T17:00,26.2,93,24.9,0.0,0.42,26.8,12.9,1001.2,100
2025-08-30T18:00,25.9,94,24.9,0.0,0.418,26.6,11.0,1001.1,100
2025-08-30T19:00,25.7,95,24.8,0.0,0.416,26.4,11.0,1000.6,100
2025-08-30T20:00,25.6,95,24.7,0.0,0.414,26.3,10.0,1000.4,100
2025-08-30T21:00,25.6,94,24.6,0.0,0.412,26.2,10.1,1000.2,100
2025-08-30T22:00,25.6,94,24.5,0.2,0.412,26.1,8.5,999.8,100
2025-08-30T23:00,25.3,94,24.3,0.4,0.414,26.0,10.7,999.8,100
2025-08-31T00:00,25.1,95,24.3,0.5,0.418,25.8,8.5,1000.2,100
2025-08-31T01:00,25.2,96,24.5,3.9,0.434,26.5,9.1,1000.6,100
2025-08-31T02:00,25.5,95,24.6,0.4,0.432,26.2,11.7,1000.9,100
2025-08-31T03:00,25.9,93,24.7,0.2,0.428,26.3,10.7,1001.6,100
2025-08-31T04:00,26.8,90,25.1,0.3,0.427,26.7,9.0,1002.0,100
2025-08-31T05:00,27.4,90,25.6,0.3,0.425,27.2,7.3,1002.1,100
2025-08-31T06:00,28.4,86,25.8,0.4,0.424,28.1,8.8,1001.7,100
2025-08-31T07:00,29.0,82,25.7,0.3,0.422,28.9,9.0,1000.8,100
2025-08-31T08:00,29.6,80,25.7,0.2,0.419,29.7,10.4,999.8,100
2025-08-31T09:00,30.0,78,25.7,0.2,0.416,30.3,9.3,998.4,100
2025-08-31T10:00,30.0,75,25.1,0.1,0.413,30.5,10.3,997.7,100
2025-08-31T11:00,30.1,72,24.5,0.1,0.41,30.3,9.3,997.1,100
2025-08-31T12:00,27.3,85,24.6,3.3,0.431,29.6,12.9,997.6,100
2025-08-31T13:00,28.4,81,24.9,0.0,0.415,28.2,7.3,998.2,100
2025-08-31T14:00,27.4,85,24.6,0.7,0.421,27.9,10.8,998.5,100
2025-08-31T15:00,26.0,92,24.6,3.4,0.437,27.3,3.1,999.4,100
2025-08-31T16:00,25.9,93,24.7,0.9,0.434,26.9,6.8,999.8,100
2025-08-31T17:00,25.9,93,24.7,0.1,0.428,26.6,11.0,999.8,100
2025-08-31T18:00,25.6,94,24.6,0.0,0.425,26.3,10.4,999.3,100
2025-08-31T19:00,25.3,95,24.5,1.0,0.435,26.2,7.6,999.1,100
2025-08-31T20:00,25.1,96,24.5,1.5,0.43,26.0,7.5,998.3,100
2025-08-31T21:00,25.2,96,24.5,0.6,0.433,25.9,10.8,998.2,100
2025-08-31T22:00,25.2,93,24.0,0.8,0.437,25.8,9.2,997.6,100
2025-08-31T23:00,25.2,94,24.2,0.6,0.431,25.6,10.6,997.6,100
2025-09-01T00:00,25.3,95,24.5,0.0,0.427,25.6,11.2,998.0,100
2025-09-01T01:00,25.7,95,24.7,0.0,0.41,26.5,11.0,998.1,99
2025-09-01T02:00,26.2,93,24.9,0.0,0.408,26.4,11.2,998.5,100
2025-09-01T03:00,27.1,87,24.7,0.1,0.407,26.8,12.2,998.8,100
2025-09-01T04:00,27.6,83,24.6,0.1,0.406,27.3,12.2,999.1,100
2025-09-01T05:00,28.7,79,24.7,0.2,0.405,28.2,11.6,999.0,100
2025-09-01T06:00,29.7,73,24.4,0.2,0.403,29.1,11.8,998.9,100
2025-09-01T07:00,30.0,73,24.5,0.2,0.401,29.6,12.3,998.1,85
2025-09-01T08:00,31.0,70,24.8,0.1,0.397,30.7,12.9,996.6,72
2025-09-01T09:00,31.2,69,24.8,0.1,0.394,31.1,12.8,995.4,55
2025-09-01T10:00,31.2,69,24.8,0.0,0.39,31.3,13.2,994.4,78
2025-09-01T11:00,31.3,66,24.2,0.0,0.388,31.2,13.8,994.3,94
2025-09-01T12:00,29.7,75,24.7,0.0,0.386,30.5,9.7,994.2,25
2025-09-01T13:00,29.1,76,24.3,0.0,0.397,29.9,10.4,995.6,100
2025-09-01T14:00,28.3,79,24.2,0.0,0.396,29.2,11.4,996.4,98
2025-09-01T15:00,27.5,84,24.6,0.0,0.395,28.6,12.7,996.7,100
2025-09-01T16:00,27.1,87,24.7,0.0,0.395,28.2,11.9,997.6,98
2025-09-01T17:00,26.8,89,24.7,0.1,0.395,27.8,10.5,998.1,99
2025-09-01T18:00,26.9,88,24.8,0.1,0.395,27.6,11.6,997.9,90
2025-09-01T19:00,26.6,90,24.8,0.1,0.395,27.3,10.7,998.0,100
2025-09-01T20:00,26.3,90,24.6,0.1,0.395,27.2,12.7,997.8,100
2025-09-01T21:00,26.2,90,24.5,0.1,0.395,27.0,12.8,997.1,99
2025-09-01T22:00,25.9,91,24.3,0.0,0.394,26.8,12.2,997.0,87
2025-09-01T23:00,25.4,93,24.2,0.0,0.394,26.6,12.3,997.0,99
2025-09-02T00:00,25.1,94,24.1,0.0,0.393,26.4,11.5,997.4,61
2025-09-02T01:00,25.5,94,24.5,0.0,0.387,27.1,10.4,998.2,19
2025-09-02T02:00,25.9,92,24.6,0.0,0.387,26.9,12.4,998.5,33
2025-09-02T03:00,26.8,88,24.7,0.2,0.388,27.2,13.0,999.1,22
2025-09-02T04:00,28.1,79,24.1,0.1,0.387,28.0,14.4,999.3,20
2025-09-02T05:00,29.5,73,24.0,0.1,0.385,29.1,13.5,999.6,21
2025-09-02T06:00,30.7,66,23.5,0.0,0.381,30.1,13.5,999.3,46
2025-09-02T07:00,31.1,63,23.3,0.0,0.377,30.9,12.0,998.4,56
2025-09-02T08:00,30.6,68,23.9,0.1,0.374,31.4,12.5,997.6,57
2025-09-02T09:00,30.3,69,23.9,0.2,0.372,31.5,10.3,996.8,34
2025-09-02T10:00,30.6,67,23.8,0.3,0.372,31.5,12.6,995.9,43
2025-09-02T11:00,30.4,68,23.8,0.2,0.371,31.2,10.7,995.5,18
2025-09-02T12:00,30.0,71,24.1,0.1,0.371,30.7,8.0,995.5,17
2025-09-02T13:00,28.8,83,25.7,0.0,0.355,30.2,2.7,996.5,79
2025-09-02T14:00,28.0,83,24.8,0.0,0.356,29.4,0.8,997.4,72
2025-09-02T15:00,27.4,84,24.5,0.1,0.357,28.7,4.8,998.5,75
2025-09-02T16:00,27.3,85,24.6,0.0,0.358,28.3,9.4,999.2,86
2025-09-02T17:00,26.6,91,25.0,0.0,0.359,27.9,8.1,999.5,98
2025-09-02T18:00,26.2,94,25.1,0.0,0.359,27.6,9.5,999.7,100
2025-09-02T19:00,26.2,94,25.1,0.0,0.36,27.4,9.6,999.3,100
2025-09-02T20:00,26.0,95,25.0,0.1,0.361,27.3,9.0,998.7,100
2025-09-02T21:00,26.2,92,24.8,0.0,0.361,27.1,11.4,998.0,100
2025-09-02T22:00,26.1,89,24.2,0.0,0.362,27.0,11.0,998.2,100
2025-09-02T23:00,25.6,90,23.9,0.0,0.362,26.8,9.8,998.3,100
2025-09-03T00:00,25.4,91,23.7,0.0,0.363,26.6,9.0,998.8,99
2025-09-03T01:00,25.1,93,23.9,0.0,0.345,27.6,10.1,999.2,34
2025-09-03T02:00,26.1,90,24.2,0.0,0.346,27.2,12.4,999.6,98
2025-09-03T03:00,26.7,87,24.3,0.0,0.346,27.4,11.7,1000.1,87
2025-09-03T04:00,28.2,81,24.7,0.2,0.347,28.2,11.8,1000.3,19
2025-09-03T05:00,29.4,75,24.6,0.0,0.345,29.4,10.1,1000.6,23
2025-09-03T06:00,30.2,72,24.6,0.0,0.343,30.4,8.4,1000.3,37
2025-09-03T07:00,31.0,69,24.5,0.0,0.34,31.4,7.8,999.5,74
2025-09-03T08:00,31.6,66,24.4,0.0,0.336,32.2,9.3,998.3,97
2025-09-03T09:00,30.4,71,24.6,0.3,0.337,31.9,9.4,997.4,96
2025-09-03T10:00,30.0,70,24.0,0.1,0.336,31.7,13.2,996.4,97
2025-09-03T11:00,29.1,74,24.0,0.1,0.335,31.2,10.2,996.1,100
2025-09-03T12:00,28.4,78,24.3,0.1,0.335,30.6,4.1,996.6,99
2025-09-03T13:00,28.6,80,24.7,0.0,0.342,29.9,5.6,997.3,100
2025-09-03T14:00,27.0,86,24.6,2.0,0.367,29.2,9.5,998.6,100
2025-09-03T15:00,25.9,95,25.0,0.6,0.373,28.2,2.7,999.4,100
2025-09-03T16:00,26.0,96,25.3,0.2,0.374,27.7,2.3,999.9,100
2025-09-03T17:00,25.9,97,25.4,0.2,0.377,27.4,2.4,999.9,100
2025-09-03T18:00,25.8,97,25.3,0.1,0.378,27.1,4.0,999.5,100
2025-09-03T19:00,25.7,96,25.1,0.1,0.379,26.9,4.7,998.8,100
2025-09-03T20:00,25.6,97,25.1,0.4,0.384,26.8,4.2,998.2,100
2025-09-03T21:00,25.6,97,25.1,0.5,0.39,26.6,5.6,997.4,100
2025-09-03T22:00,25.6,96,25.0,0.4,0.394,26.5,6.7,997.3,100
2025-09-03T23:00,25.7,92,24.4,0.3,0.396,26.4,11.0,997.7,100
2025-09-04T00:00,25.0,93,23.7,0.3,0.397,26.1,11.2,998.2,100
2025-09-04T01:00,24.5,96,23.8,1.5,0.428,26.0,11.3,998.3,100
2025-09-04T02:00,25.6,93,24.3,0.3,0.424,26.0,13.5,998.5,100
2025-09-04T03:00,26.3,92,24.8,0.3,0.421,26.2,16.5,999.6,100
2025-09-04T04:00,26.5,90,24.7,1.1,0.427,26.4,16.3,999.8,100
2025-09-04T05:00,26.8,88,24.7,0.5,0.425,26.6,15.1,1000.0,100
2025-09-04T06:00,28.2,83,25.0,0.2,0.421,27.4,13.8,999.5,100
2025-09-04T07:00,27.9,83,24.7,1.8,0.437,27.8,16.0,998.8,100
2025-09-04T08:00,26.7,92,25.3,1.4,0.435,27.4,13.9,997.7,100
2025-09-04T09:00,25.7,92,24.4,1.6,0.437,26.9,15.2,997.2,100
2025-09-04T10:00,26.1,94,25.0,1.4,0.437,26.8,14.1,996.6,100
2025-09-04T11:00,26.1,96,25.4,1.3,0.436,26.7,12.3,996.5,100
2025-09-04T12:00,25.7,96,25.0,1.0,0.438,26.5,13.1,996.5,100
2025-09-04T13:00,25.1,96,24.4,3.7,0.436,26.2,9.2,996.7,100
2025-09-04T14:00,24.7,97,24.2,3.4,0.435,25.9,7.7,997.6,100
2025-09-04T15:00,24.6,97,24.1,2.8,0.434,25.7,8.1,998.3,100
2025-09-04T16:00,24.6,96,24.0,3.2,0.434,25.5,11.8,998.8,100
2025-09-04T17:00,24.5,96,23.9,2.8,0.433,25.3,10.7,999.0,100
2025-09-04T18:00,24.5,96,23.9,1.5,0.433,25.2,10.2,998.7,100
2025-09-04T19:00,24.3,97,23.7,3.0,0.432,25.1,9.2,998.4,100
2025-09-04T20:00,24.4,97,23.9,3.5,0.432,25.1,8.2,997.9,100
2025-09-04T21:00,24.3,97,23.9,1.3,0.431,25.0,9.4,997.4,100
2025-09-04T22:00,24.2,98,23.8,1.1,0.431,25.0,8.8,997.5,100
2025-09-04T23:00,24.2,98,23.9,1.4,0.431,24.9,6.9,997.8,100
2025-09-05T00:00,24.2,99,24.0,3.0,0.43,24.9,5.3,998.0,100
2025-09-05T01:00,25.2,97,24.7,1.0,0.43,25.5,10.5,998.3,100
2025-09-05T02:00,25.4,96,24.7,0.3,0.429,25.5,11.5,998.8,100
2025-09-05T03:00,25.7,95,24.9,0.2,0.428,25.7,11.5,999.6,100
2025-09-05T04:00,26.5,91,25.0,0.2,0.426,26.0,14.4,1000.0,100
2025-09-05T05:00,27.5,86,24.9,0.2,0.424,26.6,15.2,1000.0,100
2025-09-05T06:00,29.1,77,24.7,0.2,0.421,27.7,12.6,999.4,100
2025-09-05T07:00,29.8,75,24.9,0.1,0.417,28.5,11.6,998.8,100
2025-09-05T08:00,30.5,74,25.3,0.0,0.412,29.5,12.0,997.8,100
2025-09-05T09:00,30.9,71,25.1,0.0,0.408,30.2,12.8,996.5,100
2025-09-05T10:00,30.8,72,25.2,0.0,0.405,30.3,11.7,995.8,100
2025-09-05T11:00,30.1,75,25.2,0.0,0.403,29.9,10.2,995.4,100
2025-09-05T12:00,30.0,78,25.8,0.0,0.401,29.6,8.1,996.0,100
2025-09-05T13:00,26.5,93,25.3,5.7,0.429,27.9,13.5,997.5,100
2025-09-05T14:00,26.3,94,25.3,0.2,0.427,27.2,7.6,998.4,100
2025-09-05T15:00,25.9,96,25.2,0.8,0.429,26.8,11.3,999.1,100
2025-09-05T16:00,25.5,97,25.0,1.0,0.428,26.4,11.1,999.5,100
2025-09-05T17:00,25.4,97,24.8,0.6,0.427,26.2,12.3,1000.0,100
2025-09-05T18:00,25.5,96,24.9,0.4,0.427,26.0,11.3,999.7,100
2025-09-05T19:00,25.3,97,24.8,1.3,0.427,25.9,13.4,999.2,100
2025-09-05T20:00,25.0,98,24.6,4.6,0.427,25.8,12.5,998.8,100
2025-09-05T21:00,25.2,97,24.7,1.0,0.426,25.7,14.0,998.3,100
2025-09-05T22:00,25.0,98,24.6,2.5,0.426,25.7,11.2,998.3,100
2025-09-05T23:00,24.9,98,24.6,2.2,0.426,25.6,9.5,998.6,100
2025-09-06T00:00,24.7,98,24.4,2.8,0.426,25.5,11.0,998.8,100
2025-09-06T01:00,25.6,97,25.2,1.6,0.426,26.1,10.7,998.5,100
2025-09-06T02:00,25.6,97,25.2,0.7,0.426,26.0,13.3,999.2,100
2025-09-06T03:00,25.6,97,25.1,0.5,0.426,26.0,12.9,999.9,100
2025-09-06T04:00,25.5,97,25.0,0.9,0.425,26.0,13.4,1000.3,100
2025-09-06T05:00,26.0,95,25.0,0.9,0.425,26.2,14.9,1000.4,100
2025-09-06T06:00,27.4,88,25.2,0.6,0.425,26.8,12.6,1000.3,100
2025-09-06T07:00,27.6,89,25.6,0.3,0.424,27.2,11.8,999.5,100
2025-09-06T08:00,27.7,87,25.4,0.5,0.424,27.6,12.1,998.2,100
2025-09-06T09:00,27.7,86,25.2,0.4,0.424,27.7,11.6,997.4,100
2025-09-06T10:00,27.5,84,24.5,1.4,0.426,27.5,12.3,996.8,100
2025-09-06T11:00,26.4,91,24.8,0.3,0.425,27.1,17.3,996.7,100
2025-09-06T12:00,25.0,96,24.4,1.5,0.425,26.6,13.5,997.0,100
2025-09-06T13:00,25.8,94,24.7,0.7,0.428,26.7,14.1,998.4,100
2025-09-06T14:00,25.8,95,24.8,0.5,0.428,26.3,13.5,998.7,100
2025-09-06T15:00,25.8,96,25.0,0.4,0.426,26.1,14.7,999.0,100
2025-09-06T16:00,25.5,96,24.8,0.4,0.426,26.0,15.2,1000.0,100
2025-09-06T17:00,24.8,95,24.0,1.9,0.425,25.7,12.5,1000.5,100
2025-09-06T18:00,24.9,96,24.2,2.5,0.425,25.5,13.5,1000.1,100
2025-09-06T19:00,25.0,95,24.1,1.7,0.424,25.4,13.9,999.5,100
2025-09-06T20:00,24.8,96,24.1,0.8,0.424,25.4,15.2,999.0,100
2025-09-06T21:00,24.7,96,24.0,1.1,0.424,25.2,15.4,998.2,100
2025-09-06T22:00,24.7,96,23.9,1.3,0.424,25.2,15.8,997.8,100
2025-09-06T23:00,24.6,95,23.8,5.4,0.424,25.1,15.3,998.0,100
2025-09-07T00:00,24.7,96,23.9,3.2,0.424,25.0,17.5,998.4,100
2025-09-07T01:00,24.8,95,24.0,1.1,0.424,25.4,12.8,998.7,100
2025-09-07T02:00,25.1,96,24.4,0.3,0.424,25.4,14.5,999.5,100
2025-09-07T03:00,25.3,92,23.9,1.2,0.423,25.4,14.7,1000.4,100
2025-09-07T04:00,25.7,89,23.7,0.4,0.424,25.7,18.8,1000.7,100
2025-09-07T05:00,26.5,86,23.9,0.9,0.424,26.1,14.2,1001.1,100
2025-09-07T06:00,25.3,91,23.8,1.7,0.424,26.2,18.1,1000.8,100
2025-09-07T07:00,25.6,91,24.0,3.7,0.423,26.3,17.7,1000.1,100
2025-09-07T08:00,25.1,94,24.1,4.0,0.423,25.8,17.5,999.2,100
2025-09-07T09:00,25.4,94,24.3,2.7,0.423,25.7,19.4,998.2,100
2025-09-07T10:00,25.4,94,24.4,1.7,0.423,25.8,21.3,997.6,100
2025-09-07T11:00,26.2,90,24.3,0.8,0.423,26.0,20.8,997.3,100
2025-09-07T12:00,26.2,91,24.6,0.4,0.423,26.0,17.4,997.0,100
2025-09-07T13:00,25.5,94,24.5,0.5,0.423,25.9,14.7,998.3,100
2025-09-07T14:00,25.3,94,24.2,0.2,0.422,25.6,13.2,999.0,99
2025-09-07T15:00,25.2,94,24.2,0.0,0.42,25.4,12.0,1000.0,97
2025-09-07T16:00,25.1,95,24.2,0.1,0.418,25.3,14.0,1000.8,57
2025-09-07T17:00,25.0,95,24.1,0.0,0.417,25.2,13.4,1000.9,67
2025-09-07T18:00,24.9,95,24.0,0.0,0.415,25.1,13.7,1000.6,77
2025-09-07T19:00,24.7,95,23.9,0.0,0.413,25.0,15.0,1000.1,24
2025-09-07T20:00,24.6,95,23.8,0.0,0.412,24.9,15.5,999.5,71
2025-09-07T21:00,24.4,95,23.6,0.0,0.41,24.8,16.1,998.8,81
2025-09-07T22:00,24.2,95,23.4,0.0,0.409,24.7,15.5,998.8,100
2025-09-07T23:00,24.4,94,23.4,0.0,0.408,24.7,15.5,999.1,100
2025-09-08T00:00,24.3,95,23.4,0.0,0.407,24.7,15.1,999.2,100
2025-09-08T01:00,24.6,94,23.7,0.0,0.394,25.6,16.0,999.5,100
2025-09-08T02:00,25.1,92,23.8,0.1,0.395,25.5,19.6,1000.0,98
2025-09-08T03:00,25.9,88,23.8,0.3,0.397,25.8,20.2,1000.7,73
2025-09-08T04:00,27.4,81,23.8,0.2,0.396,26.5,20.7,1001.3,90
2025-09-08T05:00,28.7,72,23.1,0.2,0.395,27.5,22.1,1001.3,93
2025-09-08T06:00,29.4,68,22.9,0.5,0.396,28.3,22.5,1001.2,98
2025-09-08T07:00,30.2,64,22.7,0.5,0.397,28.9,22.1,1000.9,96
2025-09-08T08:00,30.7,61,22.5,0.1,0.393,29.5,22.7,1000.1,97
2025-09-08T09:00,31.0,60,22.2,0.0,0.389,30.0,20.8,999.4,91
2025-09-08T10:00,30.4,62,22.2,0.0,0.385,30.1,19.8,999.0,92
2025-09-08T11:00,29.9,65,22.5,0.0,0.382,30.0,19.5,998.6,98
2025-09-08T12:00,28.9,71,23.0,0.0,0.381,29.4,16.9,998.6,40
2025-09-08T13:00,27.8,74,22.6,0.0,0.378,28.7,14.3,1000.0,8
2025-09-08T14:00,26.9,78,22.7,0.0,0.378,27.9,13.7,1000.8,2
2025-09-08T15:00,26.3,82,23.0,0.0,0.378,27.3,13.8,1001.6,1
2025-09-08T16:00,25.8,86,23.3,0.0,0.378,26.9,12.6,1002.9,1
2025-09-08T17:00,25.4,89,23.5,0.0,0.378,26.5,11.1,1003.4,3
2025-09-08T18:00,25.0,92,23.6,0.0,0.379,26.2,10.8,1003.1,6
2025-09-08T19:00,24.8,93,23.5,0.0,0.379,26.0,10.4,1002.9,12
2025-09-08T20:00,24.5,94,23.5,0.0,0.379,25.8,9.9,1002.6,21
2025-09-08T21:00,24.2,96,23.5,0.0,0.38,25.6,9.4,1002.1,30
2025-09-08T22:00,23.9,97,23.4,0.0,0.38,25.4,9.6,1002.0,77
2025-09-08T23:00,24.0,97,23.6,0.0,0.38,25.3,9.4,1002.4,99
2025-09-09T00:00,24.4,96,23.6,0.0,0.38,25.4,9.6,1002.9,100
2025-09-09T01:00,25.0,96,24.2,0.3,0.377,26.5,10.1,1002.8,100
2025-09-09T02:00,25.1,95,24.3,0.3,0.379,26.2,10.9,1003.7,100
2025-09-09T03:00,25.6,93,24.3,0.7,0.386,26.2,13.4,1004.3,31
2025-09-09T04:00,27.0,85,24.2,0.6,0.39,26.8,14.6,1004.8,90
2025-09-09T05:00,28.4,76,23.8,0.2,0.39,27.8,14.5,1004.9,61
2025-09-09T06:00,29.1,71,23.4,0.2,0.388,28.8,13.6,1004.8,74
2025-09-09T07:00,29.6,69,23.2,0.1,0.385,29.6,12.8,1004.0,44
2025-09-09T08:00,30.0,67,23.2,0.4,0.384,30.2,13.3,1003.2,48
2025-09-09T09:00,30.4,66,23.4,0.4,0.384,30.5,12.6,1002.5,42
2025-09-09T10:00,30.4,66,23.4,0.2,0.382,30.6,11.8,1002.2,17
2025-09-09T11:00,30.3,65,23.0,0.0,0.379,30.4,11.5,1001.7,15
2025-09-09T12:00,29.8,68,23.2,0.0,0.377,30.0,10.5,1001.5,8
2025-09-09T13:00,28.2,74,23.1,0.0,0.361,29.2,5.7,1003.1,14
2025-09-09T14:00,27.1,78,23.0,0.0,0.361,28.3,6.5,1003.8,3
2025-09-09T15:00,26.2,83,23.1,0.0,0.362,27.6,6.8,1004.1,0
2025-09-09T16:00,25.4,86,23.0,0.0,0.362,27.0,6.1,1005.0,0
2025-09-09T17:00,24.9,89,23.0,0.0,0.362,26.5,6.3,1005.3,0
2025-09-09T18:00,24.3,93,23.1,0.0,0.363,26.1,5.7,1005.0,3
2025-09-09T19:00,24.2,94,23.2,0.0,0.363,25.8,6.9,1004.6,0
2025-09-09T20:00,24.0,96,23.3,0.0,0.364,25.6,6.5,1004.2,0
2025-09-09T21:00,23.7,97,23.2,0.0,0.364,25.4,6.0,1003.8,3
2025-09-09T22:00,23.5,98,23.2,0.0,0.364,25.2,5.6,1003.7,11
2025-09-09T23:00,23.3,99,23.1,0.0,0.364,25.1,6.0,1003.9,12
2025-09-10T00:00,23.2,99,23.1,0.0,0.365,24.9,5.8,1004.3,100
2025-09-10T01:00,24.4,100,24.4,0.0,0.358,26.7,7.5,1004.9,100
2025-09-10T02:00,24.8,99,24.6,0.0,0.358,26.5,10.2,1005.6,100
2025-09-10T03:00,26.4,89,24.3,0.0,0.358,26.9,9.8,1006.4,39
2025-09-10T04:00,27.7,80,23.9,0.0,0.357,27.8,7.4,1006.7,18
2025-09-10T05:00,28.9,71,23.2,0.0,0.354,28.9,6.6,1006.7,4
2025-09-10T06:00,30.0,65,22.8,0.0,0.351,30.0,8.6,1006.1,31
2025-09-10T07:00,30.4,62,22.3,0.0,0.347,30.7,8.6,1005.5,70
2025-09-10T08:00,30.3,63,22.6,0.1,0.345,31.2,8.0,1004.5,37
2025-09-10T09:00,30.2,63,22.5,0.1,0.343,31.3,9.0,1003.5,28
2025-09-10T10:00,30.3,63,22.4,0.1,0.341,31.3,8.7,1002.8,24
2025-09-10T11:00,30.2,63,22.2,0.0,0.339,31.1,8.8,1002.2,13
2025-09-10T12:00,29.7,65,22.5,0.0,0.338,30.5,5.8,1001.9,7
2025-09-10T13:00,28.6,75,23.8,0.0,0.335,29.5,3.8,1002.5,22
2025-09-10T14:00,27.1,80,23.3,0.0,0.336,28.6,4.5,1003.2,47
2025-09-10T15:00,26.8,83,23.7,0.0,0.337,28.0,3.2,1003.7,20
2025-09-10T16:00,26.0,87,23.6,0.0,0.337,27.4,5.4,1004.5,29
2025-09-10T17:00,25.6,88,23.5,0.0,0.338,27.0,6.8,1004.7,99
2025-09-10T18:00,25.2,90,23.4,0.0,0.338,26.7,8.2,1004.4,88
2025-09-10T19:00,24.8,91,23.3,0.0,0.339,26.4,8.6,1004.0,1
2025-09-10T20:00,24.4,93,23.3,0.0,0.339,26.1,8.3,1003.6,69
2025-09-10T21:00,24.2,95,23.4,0.0,0.34,25.9,8.2,1002.8,2
2025-09-10T22:00,24.2,95,23.4,0.0,0.34,25.7,8.7,1002.7,0
2025-09-10T23:00,24.2,96,23.4,0.0,0.341,25.5,8.8,1002.9,0
2025-09-11T00:00,24.1,96,23.4,0.0,0.341,25.4,7.8,1003.2,0
2025-09-11T01:00,25.0,97,24.5,0.0,0.338,27.1,7.7,1003.5,5
2025-09-11T02:00,25.7,92,24.4,0.0,0.338,26.9,6.0,1004.4,0
2025-09-11T03:00,26.9,85,24.1,0.0,0.338,27.4,6.9,1004.9,0
2025-09-11T04:00,28.3,79,24.4,0.0,0.337,28.4,7.1,1005.3,8
2025-09-11T05:00,29.4,71,23.5,0.1,0.335,29.4,9.2,1005.3,16
2025-09-11T06:00,30.1,66,23.1,0.0,0.333,30.3,9.4,1004.8,16
2025-09-11T07:00,30.8,62,22.7,0.0,0.329,31.1,8.9,1004.4,12
2025-09-11T08:00,31.3,59,22.4,0.0,0.325,31.8,8.5,1003.5,5
2025-09-11T09:00,31.6,57,21.9,0.0,0.321,32.1,8.9,1002.7,8
2025-09-11T10:00,31.4,58,22.1,0.0,0.318,32.1,10.7,1001.8,8
2025-09-11T11:00,30.9,60,22.3,0.0,0.316,31.7,10.3,1001.8,8
2025-09-11T12:00,30.1,67,23.2,0.0,0.314,31.0,7.5,1001.7,23
2025-09-11T13:00,28.6,72,23.1,0.0,0.313,30.0,5.4,1002.6,62
2025-09-11T14:00,27.6,76,22.9,0.0,0.313,29.0,3.6,1003.2,97
2025-09-11T15:00,27.2,77,22.7,0.0,0.314,28.2,1.4,1003.7,100
2025-09-11T16:00,26.4,81,22.9,0.0,0.315,27.6,2.3,1004.5,100
2025-09-11T17:00,25.9,84,23.1,0.0,0.315,27.2,6.4,1004.8,100
2025-09-11T18:00,25.5,83,22.5,0.0,0.316,26.9,8.8,1004.5,100
2025-09-11T19:00,25.0,88,22.9,0.0,0.316,26.6,8.3,1004.0,100
2025-09-11T20:00,24.8,92,23.4,0.0,0.317,26.3,7.3,1003.3,100
2025-09-11T21:00,24.6,94,23.5,0.0,0.318,26.1,7.2,1002.8,90
2025-09-11T22:00,24.4,95,23.6,0.0,0.318,25.9,6.5,1002.6,23
2025-09-11T23:00,24.2,95,23.4,0.0,0.319,25.8,5.4,1002.6,17
2025-09-12T00:00,23.9,95,23.0,0.0,0.319,25.6,4.5,1003.1,34
2025-09-12T01:00,25.1,93,23.9,0.0,0.32,27.3,6.0,1004.0,4
2025-09-12T02:00,25.9,90,24.1,0.0,0.32,27.1,5.0,1004.9,35
2025-09-12T03:00,27.2,85,24.5,0.0,0.32,27.7,6.5,1005.4,6
2025-09-12T04:00,28.4,79,24.3,0.2,0.32,28.5,8.6,1005.8,34
2025-09-12T05:00,29.4,73,24.0,0.2,0.319,29.4,6.9,1005.9,22
2025-09-12T06:00,30.2,69,23.8,0.2,0.318,30.5,5.4,1005.7,74
2025-09-12T07:00,30.3,68,23.7,0.3,0.317,31.2,6.1,1004.8,51
2025-09-12T08:00,30.3,69,23.9,0.4,0.318,31.6,7.2,1003.8,71
2025-09-12T09:00,30.7,69,24.3,0.0,0.315,32.0,6.7,1002.8,65
2025-09-12T10:00,30.6,68,24.0,0.0,0.313,32.0,8.1,1001.9,100
2025-09-12T11:00,30.3,68,23.8,0.1,0.312,31.7,8.9,1001.6,100
2025-09-12T12:00,29.7,70,23.5,0.0,0.311,31.0,6.8,1001.6,100
2025-09-12T13:00,28.9,81,25.4,0.0,0.297,29.9,2.4,1002.8,100
2025-09-12T14:00,28.1,82,24.7,0.0,0.298,29.1,2.1,1003.1,100
2025-09-12T15:00,27.7,83,24.5,0.0,0.298,28.4,1.4,1003.6,100
2025-09-12T16:00,27.3,83,24.3,0.0,0.299,27.9,0.5,1004.4,100
2025-09-12T17:00,26.3,89,24.3,0.0,0.3,27.5,4.9,1004.6,99
2025-09-12T18:00,25.7,91,24.1,0.0,0.3,27.1,8.3,1004.1,100
2025-09-12T19:00,25.3,92,23.9,0.0,0.301,26.8,6.4,1003.8,100
2025-09-12T20:00,25.0,94,23.9,0.0,0.302,26.5,6.5,1003.5,100
2025-09-12T21:00,24.8,95,24.0,0.0,0.302,26.3,5.5,1003.1,99
2025-09-12T22:00,24.6,96,24.0,0.0,0.303,26.1,4.5,1002.8,100
2025-09-12T23:00,24.4,97,24.0,0.0,0.303,25.9,3.9,1002.9,72
2025-09-13T00:00,24.1,98,23.7,0.0,0.304,25.7,3.1,1003.2,28
2025-09-13T01:00,25.5,98,25.1,0.0,0.298,27.5,2.8,1003.8,9
2025-09-13T02:00,26.3,95,25.4,0.0,0.298,27.4,1.9,1004.5,26
2025-09-13T03:00,27.8,87,25.4,0.0,0.298,28.1,4.3,1005.0,43
2025-09-13T04:00,29.0,77,24.6,0.0,0.297,28.9,7.1,1005.5,51
2025-09-13T05:00,30.2,67,23.3,0.0,0.295,29.8,8.2,1005.4,65
2025-09-13T06:00,31.0,62,22.8,0.0,0.292,30.8,6.4,1005.1,95
2025-09-13T07:00,31.5,59,22.6,0.0,0.289,31.5,5.9,1004.4,58
2025-09-13T08:00,31.6,59,22.7,0.2,0.287,32.1,5.6,1003.3,54
2025-09-13T09:00,31.3,62,23.0,0.0,0.285,32.1,7.6,1002.2,97
2025-09-13T10:00,31.4,61,23.0,0.0,0.283,32.2,7.0,1001.2,96
2025-09-13T11:00,31.1,62,22.8,0.0,0.281,31.8,8.4,1000.8,100
2025-09-13T12:00,30.5,68,23.9,0.0,0.28,31.2,5.5,1001.2,100
2025-09-13T13:00,29.5,75,24.7,0.0,0.278,30.4,3.7,1001.8,100
2025-09-13T14:00,28.9,76,24.2,0.0,0.279,29.6,4.4,1001.9,100
2025-09-13T15:00,27.9,80,24.2,0.0,0.279,28.9,4.5,1002.8,100
2025-09-13T16:00,27.4,82,24.2,0.0,0.28,28.4,4.4,1003.8,100
2025-09-13T17:00,27.3,83,24.1,0.0,0.28,28.1,4.5,1003.8,100
2025-09-13T18:00,26.9,83,23.7,0.0,0.28,27.7,4.9,1003.5,100
2025-09-13T19:00,26.9,80,23.2,0.0,0.281,27.4,6.9,1002.9,100
2025-09-13T20:00,26.4,82,23.1,0.0,0.281,27.2,6.2,1002.6,100
2025-09-13T21:00,25.9,85,23.3,0.0,0.282,27.0,6.1,1002.3,100
2025-09-13T22:00,25.4,88,23.3,0.0,0.282,26.7,4.2,1002.4,100
2025-09-13T23:00,25.0,89,23.2,0.0,0.283,26.5,3.4,1002.5,100
2025-09-14T00:00,24.7,88,22.7,0.0,0.283,26.2,4.4,1002.6,99
2025-09-14T01:00,25.2,84,22.4,0.0,0.277,27.2,4.8,1003.3,84
2025-09-14T02:00,26.0,83,22.8,0.0,0.277,27.1,6.9,1003.4,75
2025-09-14T03:00,27.6,78,23.3,0.0,0.276,27.7,5.9,1004.0,84
2025-09-14T04:00,29.1,75,24.2,0.0,0.275,28.7,7.5,1004.6,46
2025-09-14T05:00,30.5,71,24.6,0.0,0.272,30.0,7.7,1004.7,32
2025-09-14T06:00,31.7,62,23.6,0.0,0.269,31.1,8.7,1004.3,33
2025-09-14T07:00,32.3,58,23.0,0.0,0.266,32.0,7.6,1003.4,98
2025-09-14T08:00,32.8,55,22.7,0.1,0.263,32.6,7.8,1002.5,98
2025-09-14T09:00,32.9,55,22.6,0.1,0.26,33.0,8.4,1001.2,100
2025-09-14T10:00,32.4,58,23.0,0.0,0.258,32.8,9.0,1000.5,100
2025-09-14T11:00,32.0,60,23.3,0.0,0.256,32.4,8.8,1000.4,100
2025-09-14T12:00,31.2,67,24.4,0.0,0.255,31.7,6.7,1000.6,100
2025-09-14T13:00,30.0,73,24.6,0.0,0.252,30.8,6.4,1001.7,100
2025-09-14T14:00,29.2,74,24.1,0.0,0.253,30.0,8.3,1002.2,100
2025-09-14T15:00,28.6,75,23.7,0.0,0.253,29.3,7.8,1002.4,100
2025-09-14T16:00,28.1,77,23.7,0.0,0.253,28.8,6.5,1003.3,100
2025-09-14T17:00,27.5,80,23.8,0.0,0.253,28.4,5.4,1003.4,100
2025-09-14T18:00,27.2,81,23.7,0.0,0.253,28.0,5.6,1003.1,100
2025-09-14T19:00,26.6,86,24.0,0.0,0.254,27.7,8.0,1003.0,100
2025-09-14T20:00,26.2,89,24.2,0.0,0.254,27.4,6.8,1002.6,100
2025-09-14T21:00,26.0,88,24.0,0.0,0.254,27.2,8.5,1002.1,100
2025-09-14T22:00,25.8,84,22.9,0.0,0.255,27.0,9.2,1002.0,100
2025-09-14T23:00,25.4,82,22.1,0.0,0.255,26.7,9.0,1002.0,100
2025-09-15T00:00,25.0,82,21.8,0.0,0.255,26.4,8.6,1002.4,95
2025-09-15T01:00,25.7,81,22.2,0.0,0.255,27.6,8.1,1002.3,100
2025-09-15T02:00,26.4,84,23.4,0.0,0.255,27.4,8.6,1002.7,78
2025-09-15T03:00,27.8,82,24.5,0.0,0.255,28.0,9.2,1003.5,92
2025-09-15T04:00,29.1,80,25.3,0.0,0.253,29.0,9.5,1003.8,99
2025-09-15T05:00,30.4,71,24.6,0.1,0.252,30.1,10.5,1003.5,61
2025-09-15T06:00,31.2,66,24.1,0.1,0.25,31.1,8.7,1003.3,86
2025-09-15T07:00,31.8,63,23.9,0.1,0.247,31.9,8.8,1002.1,97
2025-09-15T08:00,32.2,61,23.8,0.1,0.245,32.6,11.0,1000.8,90
2025-09-15T09:00,32.0,62,23.7,0.0,0.242,32.8,12.2,999.5,97
2025-09-15T10:00,31.7,63,23.8,0.1,0.24,32.7,11.6,998.9,100
2025-09-15T11:00,30.6,69,24.3,0.2,0.24,32.1,10.1,998.8,100
2025-09-15T12:00,30.4,70,24.4,0.0,0.239,31.5,8.5,999.2,100
2025-09-15T13:00,29.1,77,24.6,0.0,0.253,30.0,5.2,1000.5,100
2025-09-15T14:00,28.1,83,24.9,0.0,0.253,29.3,4.0,1001.0,100
2025-09-15T15:00,27.9,83,24.6,0.0,0.253,28.7,3.1,1001.5,100
2025-09-15T16:00,27.3,84,24.3,0.0,0.253,28.2,4.0,1002.2,100
2025-09-15T17:00,27.2,83,24.1,0.0,0.253,27.9,7.4,1002.6,100
2025-09-15T18:00,27.1,85,24.3,0.0,0.253,27.7,10.2,1002.5,100
2025-09-15T19:00,26.6,88,24.4,0.0,0.253,27.5,9.0,1002.0,100
2025-09-15T20:00,26.3,90,24.5,0.0,0.254,27.3,7.6,1001.2,100
2025-09-15T21:00,25.8,93,24.7,0.0,0.254,27.1,6.0,1000.8,100
2025-09-15T22:00,25.6,94,24.6,0.0,0.254,26.9,6.0,1000.9,100
2025-09-15T23:00,25.4,91,23.7,0.0,0.254,26.6,7.3,1001.1,79
2025-09-16T00:00,25.0,88,22.8,0.0,0.254,26.4,7.2,1001.3,11
2025-09-16T01:00,25.6,88,23.6,0.0,0.254,28.0,6.6,1001.7,100
2025-09-16T02:00,26.2,88,24.0,0.0,0.255,27.8,5.5,1002.5,62
2025-09-16T03:00,27.4,83,24.3,0.0,0.254,28.1,9.9,1003.0,82
2025-09-16T04:00,28.7,79,24.6,0.1,0.254,28.9,7.6,1003.2,75
2025-09-16T05:00,29.6,74,24.4,0.1,0.253,29.8,6.0,1003.3,45
2025-09-16T06:00,30.5,69,24.3,0.1,0.251,31.1,5.8,1002.9,93
2025-09-16T07:00,30.8,70,24.6,0.2,0.25,31.9,5.2,1002.1,96
2025-09-16T08:00,30.9,69,24.4,0.0,0.247,32.4,7.0,1000.9,100
2025-09-16T09:00,30.6,70,24.4,0.1,0.245,32.4,8.5,999.7,99
2025-09-16T10:00,30.9,68,24.2,0.1,0.243,32.5,8.8,998.9,16
2025-09-16T11:00,31.1,64,23.5,0.0,0.242,32.2,9.1,998.8,45
2025-09-16T12:00,30.7,66,23.7,0.0,0.24,31.6,8.1,999.1,51
2025-09-16T13:00,29.2,79,25.2,0.0,0.229,30.7,3.1,1000.1,99
2025-09-16T14:00,28.5,81,24.8,0.0,0.23,29.9,2.3,1000.7,99
2025-09-16T15:00,27.9,82,24.5,0.0,0.23,29.2,5.7,1001.5,100
2025-09-16T16:00,27.4,81,23.9,0.0,0.23,28.6,9.6,1002.5,98
2025-09-16T17:00,26.8,88,24.5,0.0,0.23,28.2,9.5,1002.8,100
2025-09-16T18:00,26.4,90,24.6,0.0,0.23,27.9,8.8,1002.6,100
2025-09-16T19:00,26.1,92,24.6,0.0,0.23,27.6,8.3,1002.2,100
2025-09-16T20:00,25.8,94,24.7,0.0,0.23,27.3,8.0,1001.8,100
2025-09-16T21:00,25.8,94,24.8,0.0,0.23,27.2,8.2,1001.3,100
2025-09-16T22:00,26.0,93,24.8,0.0,0.231,27.1,8.0,1001.4,100
2025-09-16T23:00,26.1,93,24.9,0.0,0.231,27.1,6.6,1001.4,100
2025-09-17T00:00,26.1,93,24.8,0.0,0.231,27.0,5.1,1002.0,100
2025-09-17T01:00,26.4,92,25.0,0.0,0.23,28.6,3.7,1002.2,100
2025-09-17T02:00,27.0,90,25.2,0.0,0.23,28.3,2.8,1002.8,97
2025-09-17T03:00,28.2,84,25.2,0.0,0.23,28.9,3.7,1003.4,66
2025-09-17T04:00,29.4,75,24.6,0.0,0.229,29.7,6.2,1003.8,18
2025-09-17T05:00,30.2,70,24.2,0.1,0.227,30.6,7.1,1003.7,24
2025-09-17T06:00,30.9,66,23.9,0.0,0.224,31.6,5.3,1003.4,21
2025-09-17T07:00,31.3,64,23.8,0.1,0.222,32.4,2.0,1002.7,45
2025-09-17T08:00,31.1,66,23.9,0.3,0.222,33.0,2.9,1001.5,47
2025-09-17T09:00,31.3,65,23.9,0.1,0.22,33.2,4.5,1000.4,30
2025-09-17T10:00,31.1,65,23.8,0.0,0.218,33.2,5.8,999.4,22
2025-09-17T11:00,31.1,66,24.1,0.0,0.216,32.9,5.2,999.2,19
2025-09-17T12:00,30.0,70,24.0,0.0,0.215,32.2,7.9,999.6,96
2025-09-17T13:00,29.0,77,24.7,0.0,0.203,31.2,6.5,1000.4,96
2025-09-17T14:00,28.3,80,24.5,0.0,0.203,30.2,6.2,1001.0,87
2025-09-17T15:00,27.6,84,24.6,0.0,0.204,29.5,4.7,1001.6,72
2025-09-17T16:00,27.3,86,24.7,0.0,0.204,28.9,8.1,1002.9,49
2025-09-17T17:00,26.6,86,24.0,0.0,0.204,28.4,12.1,1003.1,71
2025-09-17T18:00,26.0,88,23.8,0.0,0.204,28.0,9.4,1002.7,61
2025-09-17T19:00,25.8,91,24.3,0.0,0.204,27.6,8.7,1002.1,99
2025-09-17T20:00,25.7,94,24.6,0.0,0.204,27.4,8.3,1001.7,100
2025-09-17T21:00,25.5,96,24.8,0.0,0.205,27.2,7.8,1001.0,100
2025-09-17T22:00,25.4,96,24.8,0.0,0.205,27.0,6.9,1001.0,93
2025-09-17T23:00,25.2,97,24.7,0.0,0.205,26.8,5.4,1001.4,97
2025-09-18T00:00,25.1,97,24.6,0.0,0.206,26.6,5.1,1001.9,75
2025-09-18T01:00,26.1,96,25.4,0.0,0.205,28.3,5.8,1001.9,100
2025-09-18T02:00,27.0,92,25.6,0.0,0.206,28.2,5.0,1002.6,98
2025-09-18T03:00,28.2,84,25.2,0.0,0.205,28.8,3.6,1003.2,84
2025-09-18T04:00,29.4,79,25.3,0.0,0.204,29.8,3.1,1003.8,34
2025-09-18T05:00,30.7,73,25.2,0.0,0.203,31.0,4.1,1003.8,38
2025-09-18T06:00,31.4,68,24.9,0.0,0.2,32.2,3.8,1003.4,87
2025-09-18T07:00,31.8,66,24.6,0.0,0.198,33.1,3.5,1002.4,99
2025-09-18T08:00,31.7,66,24.4,0.0,0.196,33.4,3.9,1001.0,100
2025-09-18T09:00,31.1,68,24.5,0.1,0.195,33.2,4.0,999.9,100
2025-09-18T10:00,27.5,84,24.5,1.8,0.212,31.6,5.0,999.5,98
2025-09-18T11:00,28.8,79,24.7,0.1,0.212,31.1,6.5,999.4,100
2025-09-18T12:00,28.8,78,24.6,0.0,0.211,30.8,4.9,999.4,99
2025-09-18T13:00,29.4,82,26.1,0.0,0.178,31.8,1.4,1000.2,77
2025-09-18T14:00,28.9,82,25.6,0.0,0.179,30.8,1.1,1000.9,92
2025-09-18T15:00,28.3,84,25.4,0.0,0.179,30.0,4.1,1001.8,98
2025-09-18T16:00,28.0,87,25.6,0.0,0.179,29.5,5.7,1002.5,100
2025-09-18T17:00,27.4,89,25.4,0.0,0.179,29.0,5.5,1002.7,100
2025-09-18T18:00,27.0,88,24.9,0.0,0.179,28.5,6.8,1002.4,100
2025-09-18T19:00,26.7,88,24.6,0.0,0.179,28.2,7.3,1002.3,100
2025-09-18T20:00,26.4,90,24.6,0.0,0.18,27.9,8.1,1002.0,100
2025-09-18T21:00,26.2,91,24.7,0.0,0.18,27.7,8.2,1001.5,100
2025-09-18T22:00,26.0,94,24.9,0.0,0.18,27.5,6.3,1001.5,100
2025-09-18T23:00,25.6,96,25.0,0.0,0.18,27.2,4.6,1001.8,100
2025-09-19T00:00,25.5,97,25.0,0.0,0.181,27.1,4.2,1002.5,99
2025-09-19T01:00,26.7,97,26.2,1.4,0.193,28.5,2.7,1002.9,100
2025-09-19T02:00,27.1,96,26.4,0.0,0.193,28.2,3.1,1003.3,79
2025-09-19T03:00,28.2,92,26.7,0.1,0.194,28.5,4.2,1004.0,96
2025-09-19T04:00,29.3,85,26.5,0.1,0.194,29.4,5.1,1004.5,97
2025-09-19T05:00,30.5,76,25.8,0.0,0.193,30.6,6.1,1004.4,100
2025-09-19T06:00,31.3,71,25.4,0.0,0.191,31.7,5.6,1004.3,100
2025-09-19T07:00,31.9,68,25.1,0.0,0.189,32.7,4.2,1003.3,100
2025-09-19T08:00,32.1,66,24.8,0.0,0.187,33.3,4.8,1001.8,100
2025-09-19T09:00,32.1,66,24.9,0.0,0.185,33.5,6.0,1000.5,98
2025-09-19T10:00,32.1,68,25.3,0.0,0.183,33.5,5.3,1000.2,100
2025-09-19T11:00,30.7,71,24.8,1.4,0.199,33.2,8.1,1000.3,100
2025-09-19T12:00,27.3,88,25.2,0.7,0.205,31.1,7.0,1001.0,100
2025-09-19T13:00,28.9,84,26.0,0.0,0.189,30.7,5.2,1001.0,100
2025-09-19T14:00,28.2,88,25.9,0.0,0.189,29.9,6.3,1001.6,97
2025-09-19T15:00,27.9,88,25.7,0.0,0.19,29.4,6.7,1002.7,100
2025-09-19T16:00,27.8,88,25.6,0.0,0.19,28.9,6.6,1003.6,100
2025-09-19T17:00,27.5,89,25.6,0.0,0.19,28.6,8.8,1003.6,100
2025-09-19T18:00,27.1,91,25.5,0.2,0.191,28.3,10.8,1003.3,100
2025-09-19T19:00,26.7,91,25.1,0.0,0.192,28.0,8.3,1002.9,100
2025-09-19T20:00,26.4,94,25.4,0.0,0.192,27.7,4.7,1002.6,100
2025-09-19T21:00,25.6,99,25.4,0.6,0.198,27.5,1.3,1002.2,99
2025-09-19T22:00,25.8,95,25.0,0.4,0.204,27.2,7.7,1002.1,99
2025-09-19T23:00,25.6,95,24.7,0.0,0.204,26.9,8.6,1002.3,75
2025-09-20T00:00,25.2,96,24.6,0.0,0.204,26.6,7.0,1002.7,83
2025-09-20T01:00,25.0,96,24.3,0.0,0.234,27.3,2.8,1003.3,100
2025-09-20T02:00,25.6,92,24.3,0.2,0.236,27.1,4.1,1003.7,100
2025-09-20T03:00,26.8,89,24.8,0.1,0.237,27.5,4.2,1004.4,99
2025-09-20T04:00,28.3,83,25.1,0.0,0.236,28.5,6.5,1004.9,100
2025-09-20T05:00,29.3,79,25.4,0.0,0.234,29.6,7.0,1004.6,98
2025-09-20T06:00,30.3,75,25.4,0.0,0.232,30.8,6.1,1004.1,96
2025-09-20T07:00,31.4,70,25.3,0.1,0.229,32.0,5.3,1003.3,37
2025-09-20T08:00,31.7,67,24.9,0.1,0.227,32.8,5.1,1002.1,94
2025-09-20T09:00,31.5,68,24.8,0.1,0.225,32.7,5.7,1001.0,100
2025-09-20T10:00,30.1,75,25.2,2.3,0.252,32.1,4.6,1000.1,93
2025-09-20T11:00,30.1,76,25.4,0.5,0.256,31.4,5.4,1000.4,99
2025-09-20T12:00,27.0,90,25.2,3.9,0.305,30.1,8.6,1000.5,98
2025-09-20T13:00,26.4,90,24.7,0.0,0.395,29.7,4.4,1001.6,100
2025-09-20T14:00,26.2,92,24.9,0.0,0.388,28.9,3.5,1002.5,100
2025-09-20T15:00,26.2,93,25.0,0.0,0.383,28.4,2.6,1002.9,100
2025-09-20T16:00,26.1,93,24.8,0.1,0.378,28.0,4.5,1003.8,99
2025-09-20T17:00,26.1,92,24.7,0.0,0.375,27.7,6.3,1004.2,100
2025-09-20T18:00,25.6,95,24.7,0.6,0.376,27.3,8.4,1004.0,100
2025-09-20T19:00,25.5,96,24.8,0.0,0.373,27.0,5.4,1003.6,100
2025-09-20T20:00,25.3,98,24.9,0.0,0.369,26.8,9.2,1003.3,100
2025-09-20T21:00,25.0,97,24.5,0.0,0.366,26.6,6.3,1002.5,99
2025-09-20T22:00,24.8,97,24.3,0.0,0.364,26.4,5.8,1002.2,100
2025-09-20T23:00,24.7,98,24.3,0.1,0.362,26.3,4.6,1002.2,100
2025-09-21T00:00,24.6,99,24.3,0.0,0.36,26.1,4.1,1002.5,56
2025-09-21T01:00,25.1,98,24.8,0.2,0.362,26.9,3.7,1002.6,100
2025-09-21T02:00,25.3,97,24.9,0.2,0.362,26.6,4.4,1003.2,76
2025-09-21T03:00,26.8,90,24.9,0.1,0.361,27.1,4.9,1003.9,98
2025-09-21T04:00,28.0,86,25.3,0.1,0.358,28.0,5.0,1004.2,96
2025-09-21T05:00,28.9,83,25.6,0.1,0.355,29.1,4.0,1004.2,100
2025-09-21T06:00,29.6,79,25.6,0.2,0.352,30.0,4.0,1003.6,100
2025-09-21T07:00,30.6,74,25.4,0.1,0.349,30.9,4.9,1002.5,100
2025-09-21T08:00,30.8,72,25.2,0.1,0.345,31.4,4.8,1001.3,95
2025-09-21T09:00,31.0,72,25.4,0.0,0.341,31.7,3.9,1000.1,90
2025-09-21T10:00,31.2,72,25.6,0.1,0.337,32.0,6.1,999.5,100
2025-09-21T11:00,29.3,79,25.3,4.2,0.388,31.2,7.9,999.8,98
2025-09-21T12:00,27.9,84,25.0,3.8,0.419,29.9,5.4,1000.1,94
2025-09-21T13:00,28.5,86,26.0,0.0,0.385,29.7,3.8,1000.5,96
2025-09-21T14:00,27.7,89,25.8,0.0,0.381,29.0,5.9,1001.6,98
2025-09-21T15:00,27.4,88,25.2,0.0,0.377,28.5,6.8,1002.2,95
2025-09-21T16:00,27.1,88,25.0,0.0,0.374,28.1,6.3,1002.9,99
2025-09-21T17:00,26.9,90,25.1,0.0,0.371,27.9,8.5,1003.4,100
2025-09-21T18:00,26.9,91,25.2,0.0,0.368,27.7,8.5,1003.2,100
2025-09-21T19:00,26.6,91,25.1,0.0,0.365,27.6,9.3,1002.9,100
2025-09-21T20:00,26.2,93,24.9,0.0,0.363,27.4,7.0,1002.6,100
2025-09-21T21:00,25.6,94,24.6,0.0,0.361,27.2,8.5,1002.4,100
2025-09-21T22:00,25.3,95,24.4,0.0,0.359,27.0,8.4,1002.4,100
2025-09-21T23:00,25.0,97,24.5,0.0,0.357,26.8,6.3,1002.4,100
2025-09-22T00:00,24.8,98,24.4,0.0,0.356,26.6,4.8,1002.9,100
2025-09-22T01:00,26.4,96,25.7,0.0,0.353,28.0,2.5,1002.9,99
2025-09-22T02:00,27.0,92,25.6,0.0,0.351,27.8,3.1,1003.4,99
2025-09-22T03:00,27.9,83,24.8,0.0,0.35,28.1,5.2,1003.9,84
2025-09-22T04:00,29.1,78,24.9,0.0,0.347,29.0,4.9,1004.1,64
2025-09-22T05:00,30.5,70,24.4,0.1,0.343,30.2,6.6,1004.2,54
2025-09-22T06:00,31.5,63,23.7,0.0,0.338,31.2,6.2,1003.8,70
2025-09-22T07:00,32.1,60,23.3,0.0,0.333,32.1,6.4,1003.0,20
2025-09-22T08:00,32.4,58,23.2,0.1,0.329,32.7,7.2,1001.8,22
2025-09-22T09:00,32.5,57,22.9,0.1,0.325,32.9,7.1,1001.0,28
2025-09-22T10:00,32.2,58,22.8,0.0,0.321,32.8,9.3,1000.4,25
2025-09-22T11:00,31.5,61,23.1,0.0,0.318,32.2,11.3,1000.3,20
2025-09-22T12:00,30.6,69,24.2,0.0,0.316,31.5,7.2,1000.8,17
2025-09-22T13:00,29.5,74,24.4,0.0,0.303,30.6,7.8,1001.3,33
2025-09-22T14:00,28.6,77,24.2,0.0,0.302,29.9,12.9,1002.0,81
2025-09-22T15:00,27.8,77,23.5,0.0,0.302,29.2,9.5,1002.8,86
2025-09-22T16:00,27.3,81,23.7,0.0,0.301,28.7,9.3,1003.9,100
2025-09-22T17:00,27.0,84,24.2,0.0,0.301,28.3,9.2,1004.2,87
2025-09-22T18:00,26.5,88,24.3,0.0,0.301,27.9,7.3,1004.0,84
2025-09-22T19:00,26.0,91,24.4,0.0,0.3,27.6,5.5,1003.9,98
2025-09-22T20:00,25.8,93,24.6,0.0,0.3,27.4,6.2,1003.4,100
2025-09-22T21:00,25.7,93,24.5,0.0,0.3,27.2,6.4,1002.8,95
2025-09-22T22:00,25.3,94,24.3,0.0,0.3,27.0,5.3,1002.7,100
2025-09-22T23:00,25.1,95,24.3,0.0,0.3,26.8,4.2,1003.0,98
2025-09-23T00:00,25.0,94,24.1,0.0,0.3,26.6,5.6,1003.3,100
2025-09-23T01:00,25.8,96,25.0,0.0,0.283,28.2,6.4,1003.5,100
2025-09-23T02:00,26.4,93,25.2,0.0,0.283,27.8,6.5,1003.9,31
2025-09-23T03:00,27.7,84,24.8,0.0,0.282,28.2,7.8,1004.5,22
2025-09-23T04:00,28.8,78,24.6,0.0,0.281,29.0,8.3,1005.2,12
2025-09-23T05:00,29.9,73,24.5,0.0,0.278,30.1,7.5,1004.9,11
2025-09-23T06:00,30.7,69,24.4,0.0,0.275,31.2,7.3,1004.4,15
2025-09-23T07:00,31.3,68,24.6,0.0,0.271,32.1,8.0,1003.4,16
2025-09-23T08:00,31.5,68,24.9,0.0,0.268,32.7,6.6,1002.3,21
2025-09-23T09:00,31.6,67,24.7,0.0,0.265,33.0,7.3,1001.3,30
2025-09-23T10:00,29.7,72,24.1,1.0,0.271,32.7,7.8,1000.7,70
2025-09-23T11:00,30.1,72,24.6,0.5,0.276,31.7,7.4,1000.4,28
2025-09-23T12:00,26.1,91,24.5,3.2,0.314,30.3,9.1,1001.0,80
2025-09-23T13:00,28.1,81,24.5,0.0,0.263,29.7,5.6,1001.2,14
2025-09-23T14:00,27.5,85,24.7,0.0,0.263,29.1,7.1,1001.7,14
2025-09-23T15:00,27.2,86,24.6,0.0,0.263,28.6,10.7,1002.5,18
2025-09-23T16:00,27.0,85,24.3,0.0,0.263,28.2,12.0,1003.3,2
2025-09-23T17:00,26.5,87,24.2,0.0,0.263,27.9,9.6,1003.6,8
2025-09-23T18:00,26.2,90,24.4,0.0,0.263,27.6,9.1,1003.2,11
2025-09-23T19:00,25.7,93,24.5,0.0,0.262,27.3,5.1,1002.9,30
2025-09-23T20:00,25.5,94,24.5,0.0,0.262,27.1,4.3,1002.5,25
2025-09-23T21:00,25.1,96,24.4,0.0,0.262,26.9,4.0,1001.8,3
2025-09-23T22:00,25.2,91,23.6,0.0,0.262,26.7,7.7,1001.5,1
2025-09-23T23:00,24.9,88,22.8,0.0,0.262,26.4,6.7,1001.6,4
2025-09-24T00:00,24.4,89,22.5,0.0,0.262,26.2,5.2,1001.9,12
2025-09-24T01:00,24.5,94,23.5,0.9,0.371,27.3,7.7,1002.9,76
2025-09-24T02:00,23.8,97,23.2,1.5,0.387,26.4,9.1,1003.3,80
2025-09-24T03:00,24.3,91,22.8,0.6,0.389,26.2,11.4,1004.0,80
2025-09-24T04:00,25.1,88,23.1,0.2,0.386,26.6,8.3,1004.5,58
2025-09-24T05:00,26.7,83,23.6,0.0,0.381,27.5,5.0,1004.1,54
2025-09-24T06:00,28.8,75,24.0,0.0,0.375,29.2,5.0,1003.6,7
2025-09-24T07:00,29.7,70,23.8,0.2,0.37,30.5,5.9,1002.7,37
2025-09-24T08:00,30.1,68,23.7,0.1,0.364,31.1,7.6,1001.5,24
2025-09-24T09:00,30.5,65,23.1,0.0,0.359,31.5,9.2,1000.2,9
2025-09-24T10:00,30.5,66,23.4,0.0,0.354,31.6,8.8,999.7,13
2025-09-24T11:00,29.5,67,22.6,0.2,0.352,31.1,10.3,999.6,78
2025-09-24T12:00,28.9,73,23.5,0.0,0.35,30.2,6.5,999.4,45
2025-09-24T13:00,28.0,79,24.0,0.0,0.326,29.7,3.2,999.9,22
2025-09-24T14:00,26.9,82,23.6,0.0,0.325,28.8,4.6,1000.4,20
2025-09-24T15:00,26.6,81,23.2,0.0,0.325,28.2,8.1,1001.0,53
2025-09-24T16:00,26.1,83,23.0,0.0,0.324,27.7,10.5,1001.5,65
2025-09-24T17:00,25.7,86,23.2,0.0,0.323,27.3,9.9,1001.9,93
2025-09-24T18:00,25.3,88,23.2,0.0,0.323,27.0,8.9,1001.8,99
2025-09-24T19:00,25.0,90,23.2,0.0,0.322,26.7,8.4,1001.5,76
2025-09-24T20:00,24.7,92,23.3,0.0,0.322,26.4,7.8,1001.1,71
2025-09-24T21:00,24.4,93,23.2,0.0,0.321,26.2,6.9,1000.8,51
2025-09-24T22:00,24.2,94,23.2,0.0,0.321,26.0,6.3,1000.9,53
2025-09-24T23:00,24.0,95,23.2,0.0,0.321,25.8,6.1,1001.1,88
2025-09-25T00:00,23.8,96,23.1,0.0,0.32,25.7,5.5,1001.4,73
2025-09-25T01:00,24.2,91,22.7,0.0,0.318,27.4,4.6,1001.8,56
2025-09-25T02:00,25.1,90,23.3,0.0,0.318,27.1,3.9,1002.5,58
2025-09-25T03:00,26.7,85,24.0,0.0,0.316,27.6,3.2,1003.2,100
2025-09-25T04:00,28.2,80,24.3,0.0,0.314,28.6,3.7,1003.8,92
2025-09-25T05:00,29.1,77,24.6,0.0,0.312,29.9,1.5,1003.7,96
2025-09-25T06:00,30.1,72,24.4,0.0,0.308,31.0,2.7,1003.1,99
2025-09-25T07:00,30.6,69,24.2,0.0,0.305,31.9,4.2,1002.0,88
2025-09-25T08:00,30.9,66,23.8,0.0,0.301,32.5,4.5,1000.7,72
2025-09-25T09:00,31.0,64,23.5,0.0,0.297,32.8,5.0,999.8,41
2025-09-25T10:00,30.6,65,23.4,0.0,0.294,32.7,6.7,999.2,19
2025-09-25T11:00,30.1,68,23.6,0.0,0.292,32.1,6.0,999.1,100
2025-09-25T12:00,29.7,70,23.8,0.0,0.291,31.3,5.6,999.3,50
2025-09-25T13:00,28.5,79,24.4,0.0,0.296,30.2,3.5,1000.0,7
2025-09-25T14:00,27.9,80,24.1,0.0,0.296,29.4,3.2,1000.8,12
2025-09-25T15:00,27.2,82,23.8,0.0,0.295,28.7,4.5,1001.6,69
2025-09-25T16:00,26.9,83,23.7,0.0,0.295,28.2,5.9,1002.2,98
2025-09-25T17:00,26.2,83,23.2,0.0,0.295,27.7,7.4,1002.4,3
2025-09-25T18:00,25.6,84,22.6,0.0,0.295,27.3,7.4,1002.2,2
2025-09-25T19:00,25.2,88,23.1,0.0,0.294,27.0,7.6,1002.0,5
2025-09-25T20:00,25.0,92,23.6,0.0,0.294,26.7,7.9,1001.7,1
2025-09-25T21:00,24.9,93,23.8,0.0,0.294,26.5,8.0,1001.4,0
2025-09-25T22:00,24.8,94,23.8,0.0,0.294,26.3,6.9,1001.2,1
2025-09-25T23:00,24.5,96,23.8,0.0,0.294,26.2,4.7,1001.5,1
2025-09-26T00:00,24.4,96,23.8,0.0,0.294,26.0,4.4,1001.8,3
2025-09-26T01:00,25.1,95,24.3,0.0,0.293,27.4,4.1,1002.2,5
2025-09-26T02:00,26.0,92,24.5,0.0,0.293,27.3,2.9,1003.1,68
2025-09-26T03:00,27.2,84,24.3,0.0,0.292,27.8,3.8,1003.6,54
2025-09-26T04:00,28.5,78,24.3,0.0,0.291,28.6,5.4,1003.9,23
2025-09-26T05:00,30.0,72,24.3,0.0,0.288,29.8,6.9,1003.6,34
2025-09-26T06:00,31.2,64,23.6,0.0,0.285,30.8,7.5,1003.0,28
2025-09-26T07:00,32.1,61,23.6,0.0,0.28,31.8,7.1,1002.1,28
2025-09-26T08:00,32.4,61,23.9,0.0,0.276,32.5,7.8,1000.5,8
2025-09-26T09:00,32.8,60,24.1,0.0,0.273,32.9,8.9,999.3,17
2025-09-26T10:00,32.5,61,23.9,0.0,0.269,32.9,10.0,998.7,23
2025-09-26T11:00,32.2,61,23.7,0.0,0.267,32.5,9.6,998.7,91
2025-09-26T12:00,31.4,66,24.3,0.0,0.265,31.9,7.5,999.1,95
2025-09-26T13:00,29.7,75,24.8,0.0,0.264,30.8,4.7,1000.2,98
2025-09-26T14:00,29.3,75,24.3,0.0,0.264,29.9,6.2,1000.8,97
2025-09-26T15:00,29.0,76,24.4,0.0,0.264,29.4,7.4,1002.0,100
2025-09-26T16:00,28.6,78,24.4,0.0,0.264,28.9,8.0,1002.3,76
2025-09-26T17:00,28.3,77,23.9,0.0,0.264,28.6,8.3,1002.2,40
2025-09-26T18:00,27.9,76,23.2,0.0,0.264,28.2,8.5,1002.0,100
2025-09-26T19:00,27.3,77,23.0,0.0,0.264,27.9,7.8,1001.8,100
2025-09-26T20:00,26.7,82,23.3,0.0,0.263,27.6,7.2,1001.5,100
2025-09-26T21:00,26.2,86,23.6,0.0,0.263,27.3,5.6,1001.1,100
2025-09-26T22:00,25.8,87,23.6,0.0,0.264,27.1,5.6,1001.0,99
2025-09-26T23:00,25.4,87,23.1,0.0,0.264,26.8,5.0,1001.1,100
2025-09-27T00:00,25.4,85,22.6,0.0,0.264,26.6,6.4,1001.4,99
2025-09-27T01:00,25.9,85,23.2,0.0,0.264,27.7,5.5,1001.5,100
2025-09-27T02:00,26.6,83,23.5,0.0,0.264,27.5,8.0,1002.1,99
2025-09-27T03:00,28.2,77,23.8,0.0,0.263,28.1,6.7,1002.6,99
2025-09-27T04:00,29.9,71,24.1,0.0,0.261,29.1,6.4,1003.1,16
2025-09-27T05:00,31.5,65,24.2,0.0,0.258,30.4,6.5,1003.2,25
2025-09-27T06:00,32.7,61,24.3,0.0,0.255,31.7,6.6,1002.7,1
2025-09-27T07:00,33.7,58,24.3,0.0,0.251,32.7,8.7,1001.5,14
2025-09-27T08:00,34.1,56,24.1,0.0,0.247,33.4,11.3,1000.0,14
2025-09-27T09:00,34.6,49,22.3,0.0,0.243,33.5,12.8,998.8,14
2025-09-27T10:00,35.1,45,21.5,0.0,0.239,33.5,11.4,997.6,17
2025-09-27T11:00,34.2,56,24.1,0.0,0.237,33.2,9.7,997.4,10
2025-09-27T12:00,32.2,64,24.4,0.0,0.235,32.5,10.3,997.6,53
2025-09-27T13:00,31.3,59,22.3,0.0,0.232,31.5,10.2,998.9,100
2025-09-27T14:00,30.8,55,20.6,0.0,0.232,30.6,11.0,999.1,100
2025-09-27T15:00,29.6,59,20.8,0.0,0.231,29.9,11.9,999.5,100
2025-09-27T16:00,29.2,62,21.3,0.0,0.231,29.3,12.0,999.9,100
2025-09-27T17:00,28.9,65,21.8,0.0,0.231,29.0,6.7,1000.5,100
2025-09-27T18:00,27.5,74,22.5,0.0,0.231,28.6,3.5,999.8,100
2025-09-27T19:00,27.1,80,23.3,0.0,0.231,28.3,6.1,999.7,100
2025-09-27T20:00,26.3,84,23.3,0.0,0.231,28.0,9.7,999.0,100
2025-09-27T21:00,25.7,87,23.4,0.1,0.232,27.7,7.4,998.0,100
2025-09-27T22:00,25.5,88,23.4,0.0,0.232,27.4,4.9,997.4,100
2025-09-27T23:00,25.4,90,23.6,0.0,0.232,27.2,2.3,997.8,100
2025-09-28T00:00,25.3,89,23.4,0.0,0.232,27.0,4.6,998.2,100
2025-09-28T01:00,25.0,89,23.2,7.5,0.331,27.7,14.3,999.0,100
2025-09-28T02:00,24.6,95,23.8,1.7,0.352,26.9,9.4,998.7,100
2025-09-28T03:00,25.3,96,24.5,2.3,0.381,26.8,6.8,999.4,100
2025-09-28T04:00,25.3,94,24.2,0.3,0.38,26.5,6.2,999.6,100
2025-09-28T05:00,26.1,92,24.7,0.3,0.378,26.7,7.6,999.0,100
2025-09-28T06:00,27.5,89,25.5,0.4,0.378,27.4,7.1,998.8,100
2025-09-28T07:00,27.6,91,26.0,1.1,0.386,27.9,6.1,997.7,100
2025-09-28T08:00,27.6,90,25.8,1.4,0.398,28.0,7.6,996.2,100
2025-09-28T09:00,28.9,85,26.2,0.3,0.393,28.7,9.2,995.6,100
2025-09-28T10:00,26.9,93,25.6,8.2,0.416,28.2,9.5,995.2,100
2025-09-28T11:00,27.7,89,25.7,0.3,0.409,28.2,5.9,994.8,100
2025-09-28T12:00,27.6,90,25.9,0.1,0.403,28.0,8.6,995.2,100
2025-09-28T13:00,27.1,93,25.8,1.8,0.403,27.4,12.7,995.7,100
2025-09-28T14:00,26.9,95,25.9,3.2,0.41,27.2,11.4,995.9,100
2025-09-28T15:00,26.9,94,25.8,0.1,0.403,27.0,14.0,995.7,100
2025-09-28T16:00,26.5,94,25.5,0.1,0.397,26.9,11.5,996.2,100
2025-09-28T17:00,26.3,95,25.4,0.0,0.392,26.7,10.0,996.4,100
2025-09-28T18:00,26.2,94,25.2,0.3,0.391,26.6,9.3,996.4,100
2025-09-28T19:00,26.1,95,25.2,0.1,0.388,26.5,11.1,996.2,100
2025-09-28T20:00,26.0,94,24.9,0.0,0.385,26.3,13.6,995.2,100
2025-09-28T21:00,25.8,93,24.6,0.0,0.381,26.2,12.7,994.9,96
2025-09-28T22:00,25.6,93,24.4,0.0,0.379,26.1,11.7,994.7,100
2025-09-28T23:00,25.4,94,24.3,0.0,0.376,26.0,8.4,995.3,100
2025-09-29T00:00,25.0,95,24.2,0.5,0.379,25.8,10.5,995.8,100
2025-09-29T01:00,25.6,94,24.5,0.0,0.364,26.6,13.2,995.9,100
2025-09-29T02:00,26.1,89,24.1,0.0,0.362,26.6,12.2,996.7,97
2025-09-29T03:00,27.2,81,23.7,0.0,0.36,27.0,15.3,997.3,99
2025-09-29T04:00,27.8,76,23.2,0.0,0.357,27.4,20.7,997.7,100
2025-09-29T05:00,28.5,73,23.2,0.0,0.353,27.9,23.3,997.5,100
2025-09-29T06:00,29.0,71,23.3,0.0,0.35,28.5,23.7,997.3,100
2025-09-29T07:00,29.8,68,23.2,0.0,0.346,29.0,23.1,996.6,100
2025-09-29T08:00,28.7,75,23.8,0.0,0.343,29.1,25.2,995.8,100
2025-09-29T09:00,28.7,76,24.0,0.1,0.341,29.3,21.9,995.3,100
2025-09-29T10:00,27.9,81,24.3,0.2,0.339,29.5,26.0,995.2,100
2025-09-29T11:00,27.0,83,23.9,0.2,0.34,28.8,21.2,995.4,97
2025-09-29T12:00,26.7,83,23.6,0.0,0.338,28.3,17.9,995.4,75
2025-09-29T13:00,26.3,85,23.7,0.0,0.351,27.5,17.8,996.5,99
2025-09-29T14:00,26.0,84,23.1,0.0,0.35,27.1,17.3,997.2,100
2025-09-29T15:00,25.6,85,22.8,0.0,0.349,26.7,16.6,998.2,100
2025-09-29T16:00,25.2,86,22.8,0.0,0.348,26.4,16.3,998.8,42
2025-09-29T17:00,24.9,88,22.8,0.0,0.346,26.2,15.1,998.9,96
2025-09-29T18:00,24.7,89,22.9,0.0,0.345,26.0,14.2,998.8,33
2025-09-29T19:00,24.5,91,22.8,0.0,0.344,25.8,14.8,998.6,28
2025-09-29T20:00,24.2,91,22.6,0.0,0.344,25.6,14.6,998.1,34
2025-09-29T21:00,24.1,89,22.2,0.0,0.343,25.5,14.4,998.0,84
2025-09-29T22:00,23.9,90,22.1,0.0,0.342,25.3,14.1,997.9,35
2025-09-29T23:00,23.8,91,22.2,0.0,0.341,25.2,12.6,998.1,53
2025-09-30T00:00,23.9,90,22.2,0.0,0.34,25.1,12.5,998.0,37
2025-09-30T01:00,24.6,91,23.1,0.0,0.34,25.9,11.6,998.4,100
2025-09-30T02:00,25.0,90,23.2,0.0,0.339,25.9,10.9,999.1,63
2025-09-30T03:00,26.3,84,23.4,0.0,0.338,26.3,16.1,999.8,65
2025-09-30T04:00,27.3,79,23.2,0.2,0.337,27.0,14.8,1000.2,86
2025-09-30T05:00,28.3,73,23.0,0.2,0.336,27.8,15.3,999.8,85
2025-09-30T06:00,29.2,68,22.7,0.1,0.333,28.7,17.7,999.5,93
2025-09-30T07:00,29.1,68,22.6,0.1,0.331,29.1,18.7,999.1,99
2025-09-30T08:00,29.6,70,23.5,0.1,0.327,29.7,16.5,998.2,98
2025-09-30T09:00,28.1,72,22.5,0.9,0.332,29.9,19.3,997.8,93
2025-09-30T10:00,27.4,79,23.4,0.7,0.337,28.8,13.7,997.3,67
2025-09-30T11:00,28.3,75,23.5,0.0,0.335,28.7,13.4,997.2,10
2025-09-30T12:00,28.0,77,23.6,0.0,0.333,28.5,14.1,997.2,70
2025-09-30T13:00,27.0,78,22.8,0.1,0.333,27.9,14.1,997.7,33
2025-09-30T14:00,26.5,80,22.7,0.0,0.332,27.3,12.3,998.7,45
2025-09-30T15:00,26.1,81,22.6,0.0,0.332,26.9,11.4,999.7,37
2025-09-30T16:00,25.8,82,22.6,0.0,0.331,26.6,11.7,1000.4,1
2025-09-30T17:00,25.5,83,22.4,0.0,0.33,26.4,11.3,1000.4,13
2025-09-30T18:00,25.2,84,22.4,0.0,0.33,26.2,11.5,1000.4,41
2025-09-30T19:00,25.0,85,22.4,0.0,0.329,26.0,11.9,1000.0,53
2025-09-30T20:00,24.8,87,22.5,0.0,0.329,25.8,11.0,999.5,31
2025-09-30T21:00,24.5,89,22.6,0.0,0.328,25.7,10.5,998.8,79
2025-09-30T22:00,24.3,91,22.7,0.0,0.328,25.6,9.9,998.4,100
2025-09-30T23:00,24.6,90,22.8,0.0,0.327,25.6,10.2,998.0,94
2025-10-01T00:00,24.5,94,23.5,0.0,0.331,26.2,11.9,997.9,30
2025-10-01T01:00,24.5,94,23.4,0.0,0.331,25.7,11.5,998.6,33
2025-10-01T02:00,25.1,91,23.5,0.0,0.331,25.7,13.1,999.3,100
2025-10-01T03:00,26.0,86,23.5,0.1,0.33,26.0,15.9,999.6,48
2025-10-01T04:00,27.2,82,23.9,0.0,0.329,26.8,12.1,1000.1,45
2025-10-01T05:00,28.5,76,23.9,0.0,0.327,27.9,11.1,1000.0,41
2025-10-01T06:00,29.8,70,23.8,0.1,0.324,29.2,13.7,999.6,100
2025-10-01T07:00,30.4,66,23.4,0.0,0.32,29.9,13.6,999.1,66
2025-10-01T08:00,30.7,65,23.3,0.0,0.316,30.5,12.9,998.2,93
2025-10-01T09:00,30.6,66,23.5,0.1,0.314,30.7,10.3,997.0,32
2025-10-01T10:00,28.3,76,23.8,0.6,0.317,30.3,12.6,996.9,60
2025-10-01T11:00,28.7,74,23.5,0.1,0.315,30.0,13.3,997.0,100
2025-10-01T12:00,28.5,78,24.3,0.2,0.34,29.0,6.9,997.9,76
2025-10-01T13:00,27.5,81,23.9,0.0,0.339,28.3,5.6,998.0,48
2025-10-01T14:00,27.0,83,23.8,0.0,0.338,27.7,7.5,999.2,68
2025-10-01T15:00,26.7,83,23.6,0.0,0.338,27.3,9.7,1000.2,100
2025-10-01T16:00,26.5,84,23.6,0.0,0.337,27.0,9.3,1000.9,98
2025-10-01T17:00,25.8,88,23.6,0.0,0.336,26.7,9.6,1000.9,88
2025-10-01T18:00,25.7,88,23.6,0.0,0.332,27.1,9.4,1000.4,95
2025-10-01T19:00,25.7,87,23.3,0.0,0.332,26.7,12.3,999.9,87
2025-10-01T20:00,25.4,87,23.1,0.0,0.331,26.4,13.7,999.4,98
2025-10-01T21:00,25.2,87,22.8,0.0,0.331,26.2,14.0,999.0,100
2025-10-01T22:00,24.8,88,22.6,0.0,0.33,25.9,13.3,999.1,88
2025-10-01T23:00,24.5,89,22.6,0.0,0.329,25.7,10.6,999.5,48
2025-10-02T00:00,24.9,89,23.0,0.0,0.331,26.4,12.0,999.6,86
2025-10-02T01:00,24.8,89,23.0,0.0,0.33,26.1,10.0,1000.5,98
2025-10-02T02:00,25.5,87,23.1,0.0,0.33,26.1,12.1,1001.4,73
2025-10-02T03:00,26.6,82,23.3,0.0,0.329,26.6,14.5,1002.3,34
2025-10-02T04:00,27.7,76,23.1,0.1,0.327,27.3,14.5,1003.0,41
2025-10-02T05:00,28.6,73,23.2,0.2,0.326,28.2,13.9,1002.9,53
2025-10-02T06:00,29.5,69,23.2,0.2,0.324,29.5,13.4,1002.6,61
2025-10-02T07:00,29.8,68,23.2,0.3,0.323,29.9,11.4,1002.0,62
2025-10-02T08:00,30.3,67,23.5,0.5,0.324,30.1,9.6,1001.3,31
2025-10-02T09:00,31.2,65,23.8,0.0,0.321,30.8,8.4,1000.0,34
2025-10-02T10:00,28.1,81,24.4,1.6,0.336,30.2,11.9,1000.3,99
2025-10-02T11:00,27.1,82,23.8,0.1,0.335,29.4,8.9,1000.6,97
2025-10-02T12:00,28.3,74,23.2,0.0,0.3,29.7,9.5,1001.0,81
2025-10-02T13:00,27.3,78,23.2,0.0,0.3,28.9,10.6,1001.8,80
2025-10-02T14:00,26.4,85,23.7,0.4,0.302,28.1,8.7,1002.5,99
2025-10-02T15:00,26.1,88,23.9,0.3,0.305,27.4,6.7,1003.8,100
2025-10-02T16:00,25.7,91,24.0,0.2,0.307,26.8,9.9,1003.7,76
2025-10-02T17:00,25.3,92,23.9,0.1,0.307,26.4,8.1,1003.8,39
2025-10-02T18:00,25.3,92,23.8,0.0,0.3,26.8,7.4,1003.5,33
2025-10-02T19:00,25.0,93,23.8,0.0,0.3,26.4,5.9,1003.6,100
2025-10-02T20:00,24.7,94,23.7,0.0,0.3,26.0,5.3,1003.1,99
2025-10-02T21:00,24.4,96,23.7,0.0,0.3,25.8,3.9,1002.9,100
2025-10-02T22:00,24.3,97,23.8,0.0,0.3,25.6,3.5,1003.0,98
2025-10-02T23:00,24.3,97,23.8,0.0,0.3,25.5,3.8,1003.1,100
2025-10-03T00:00,24.5,97,24.0,0.0,0.31,26.7,5.0,1003.4,95
2025-10-03T01:00,24.7,97,24.2,0.0,0.31,26.2,5.3,1004.5,98
2025-10-03T02:00,25.4,94,24.3,0.0,0.31,26.1,5.9,1005.0,93
2025-10-03T03:00,26.5,89,24.6,0.0,0.31,26.6,7.5,1005.7,91
2025-10-03T04:00,27.8,84,24.8,0.0,0.309,27.6,7.5,1005.5,92
2025-10-03T05:00,29.0,78,24.8,0.0,0.306,28.8,7.1,1005.5,99
2025-10-03T06:00,30.3,69,24.0,0.0,0.303,30.2,6.4,1005.5,96
2025-10-03T07:00,31.3,66,24.2,0.0,0.299,31.3,5.9,1005.1,99
2025-10-03T08:00,31.5,66,24.3,0.0,0.295,31.9,6.4,1004.5,100
2025-10-03T09:00,31.3,67,24.5,0.0,0.292,32.1,6.5,1003.6,40
2025-10-03T10:00,31.2,68,24.5,0.0,0.289,32.2,7.6,1002.8,38
2025-10-03T11:00,29.8,73,24.5,0.2,0.289,31.7,8.2,1002.7,53
2025-10-03T12:00,27.9,77,23.6,0.1,0.297,30.6,8.9,1002.7,95
2025-10-03T13:00,27.2,82,23.9,0.0,0.296,29.5,5.2,1003.5,99
2025-10-03T14:00,27.1,84,24.2,0.0,0.296,28.8,4.5,1004.1,99
2025-10-03T15:00,27.2,85,24.4,0.0,0.295,28.2,8.2,1005.4,57
2025-10-03T16:00,26.9,86,24.4,0.0,0.295,27.8,7.9,1006.3,59
2025-10-03T17:00,26.3,90,24.5,0.0,0.295,27.5,7.1,1006.3,57
2025-10-03T18:00,26.0,95,25.1,0.0,0.281,28.4,4.2,1006.2,95
2025-10-03T19:00,26.2,95,25.3,0.0,0.281,27.9,6.1,1006.1,36
2025-10-03T20:00,25.8,96,25.2,0.0,0.281,27.5,4.6,1005.5,44
2025-10-03T21:00,25.7,96,25.1,0.0,0.281,27.1,5.8,1005.3,95
2025-10-03T22:00,25.4,97,24.9,0.0,0.281,26.8,6.1,1004.5,98
2025-10-03T23:00,25.0,98,24.7,0.0,0.281,26.6,5.3,1004.6,88
2025-10-04T00:00,24.9,98,24.6,0.0,0.291,27.6,6.9,1005.0,27
2025-10-04T01:00,24.7,99,24.5,0.0,0.291,27.0,3.4,1005.8,12
2025-10-04T02:00,25.6,96,24.9,0.0,0.29,26.9,5.5,1006.4,41
2025-10-04T03:00,27.0,87,24.7,0.0,0.29,27.3,5.6,1007.3,24
2025-10-04T04:00,28.3,78,24.2,0.0,0.289,28.3,6.0,1007.4,10
2025-10-04T05:00,29.6,69,23.4,0.0,0.286,29.4,7.8,1007.5,15
2025-10-04T06:00,30.1,68,23.6,0.0,0.283,30.5,8.9,1007.1,11
2025-10-04T07:00,30.6,68,24.1,0.0,0.279,31.4,9.7,1006.2,92
2025-10-04T08:00,31.1,66,24.1,0.0,0.275,32.0,10.5,1005.2,74
2025-10-04T09:00,30.9,67,24.0,0.1,0.272,32.3,10.8,1003.7,100
2025-10-04T10:00,30.6,67,23.9,0.0,0.27,32.0,10.1,1003.0,98
2025-10-04T11:00,30.5,66,23.4,0.0,0.268,31.6,10.5,1002.7,93
2025-10-04T12:00,29.7,70,23.7,0.0,0.263,30.8,8.2,1003.1,96
2025-10-04T13:00,28.5,75,23.7,0.0,0.263,29.9,6.2,1003.8,88
2025-10-04T14:00,27.7,79,23.8,0.0,0.263,29.1,6.6,1004.3,41
2025-10-04T15:00,27.1,82,23.7,0.0,0.263,28.5,7.1,1005.2,31
2025-10-04T16:00,26.5,84,23.6,0.0,0.262,28.0,9.3,1005.7,3
2025-10-04T17:00,26.1,87,23.8,0.0,0.262,27.5,10.2,1005.4,0
2025-10-04T18:00,25.9,89,24.0,0.0,0.262,27.2,10.1,1005.4,0
2025-10-04T19:00,25.6,90,23.9,0.0,0.262,27.0,9.0,1005.1,5
2025-10-04T20:00,25.4,90,23.6,0.0,0.262,26.7,9.3,1004.8,5
2025-10-04T21:00,25.1,90,23.3,0.0,0.262,26.5,9.9,1004.4,40
2025-10-04T22:00,24.8,91,23.2,0.0,0.262,26.3,8.8,1004.3,73
2025-10-04T23:00,24.6,92,23.2,0.0,0.262,26.1,8.5,1004.5,80
2025-10-05T00:00,25.2,94,24.2,0.0,0.261,28.0,8.7,1004.5,25
2025-10-05T01:00,25.2,94,24.1,0.0,0.261,27.4,8.0,1005.0,20
2025-10-05T02:00,26.1,91,24.4,0.0,0.261,27.2,8.7,1005.8,13
2025-10-05T03:00,27.2,86,24.6,0.0,0.26,27.7,7.9,1006.4,20
2025-10-05T04:00,28.3,79,24.4,0.0,0.259,28.5,8.0,1006.9,28
2025-10-05T05:00,29.2,73,23.7,0.0,0.257,29.4,7.5,1006.9,95
2025-10-05T06:00,29.9,70,23.8,0.0,0.255,30.3,7.8,1006.5,38
2025-10-05T07:00,30.5,66,23.6,0.0,0.252,31.3,8.4,1005.4,44
2025-10-05T08:00,30.9,64,23.3,0.0,0.248,32.0,9.7,1004.6,92
2025-10-05T09:00,29.8,67,23.0,0.1,0.247,31.6,10.6,1003.7,85
2025-10-05T10:00,30.0,63,22.3,0.1,0.245,31.3,10.5,1003.0,78
2025-10-05T11:00,30.5,60,21.8,0.0,0.243,31.0,11.5,1002.6,20
2025-10-05T12:00,29.3,66,22.3,0.0,0.24,30.5,10.1,1002.4,2
2025-10-05T13:00,27.9,73,22.6,0.0,0.239,29.5,9.3,1003.1,2
2025-10-05T14:00,27.1,76,22.5,0.0,0.239,28.7,9.9,1004.0,5
2025-10-05T15:00,26.6,79,22.6,0.0,0.239,28.1,11.0,1004.9,9
2025-10-05T16:00,26.2,82,22.9,0.0,0.239,27.6,11.6,1005.6,8
2025-10-05T17:00,26.0,84,23.2,0.0,0.238,27.3,11.2,1005.8,3
2025-10-05T18:00,25.9,86,23.4,0.0,0.238,28.4,11.0,1005.8,24
2025-10-05T19:00,25.7,87,23.5,0.0,0.238,27.8,9.6,1006.1,27
2025-10-05T20:00,25.5,89,23.6,0.0,0.238,27.3,7.3,1005.7,20
2025-10-05T21:00,24.2,92,22.9,0.6,0.244,26.7,10.2,1005.5,75
2025-10-05T22:00,24.3,93,23.1,0.1,0.245,26.1,7.6,1005.0,23
2025-10-05T23:00,23.9,96,23.2,0.0,0.245,25.7,7.1,1004.9,44
2025-10-06T00:00,24.6,94,23.6,0.1,0.24,27.3,4.8,1004.9,9
2025-10-06T01:00,24.6,95,23.7,0.0,0.24,26.6,8.1,1005.4,5
2025-10-06T02:00,25.2,92,23.8,0.0,0.24,26.3,10.3,1006.1,1
2025-10-06T03:00,26.5,86,24.0,0.0,0.24,26.8,10.3,1006.6,3
2025-10-06T04:00,27.8,78,23.6,0.0,0.238,27.8,11.0,1007.1,9
2025-10-06T05:00,29.0,69,22.6,0.0,0.236,28.9,11.7,1007.2,17
2025-10-06T06:00,30.0,60,21.5,0.0,0.234,30.1,13.8,1007.0,37
2025-10-06T07:00,30.3,58,21.3,0.0,0.231,30.7,14.5,1006.3,23
2025-10-06T08:00,31.0,55,20.9,0.0,0.227,31.4,14.0,1005.1,5
2025-10-06T09:00,31.2,53,20.5,0.0,0.224,31.7,14.6,1004.1,12
2025-10-06T10:00,30.6,56,20.9,0.0,0.221,31.6,15.0,1003.4,9
2025-10-06T11:00,30.0,60,21.3,0.0,0.219,31.1,14.0,1003.0,10
2025-10-06T12:00,28.9,67,22.1,0.0,0.217,30.4,11.9,1003.2,12
2025-10-06T13:00,27.6,72,22.2,0.0,0.217,29.4,11.3,1003.8,7
2025-10-06T14:00,26.7,78,22.5,0.0,0.217,28.6,12.4,1004.7,5
2025-10-06T15:00,26.2,82,22.9,0.0,0.217,27.9,12.6,1005.8,18
2025-10-06T16:00,25.7,84,22.8,0.2,0.218,27.4,11.0,1006.5,37
2025-10-06T17:00,25.6,85,22.8,0.0,0.218,27.0,12.8,1006.6,16
2025-10-06T18:00,25.6,88,23.4,0.0,0.213,28.3,8.1,1006.0,45
2025-10-06T19:00,24.8,90,23.1,0.2,0.216,27.4,13.2,1005.7,38
2025-10-06T20:00,23.9,93,22.7,0.4,0.219,26.7,9.4,1005.6,59
2025-10-06T21:00,23.6,95,22.7,0.7,0.227,25.9,9.9,1005.0,26
2025-10-06T22:00,23.2,98,22.8,0.0,0.227,25.4,9.5,1004.9,72
2025-10-06T23:00,22.9,98,22.5,0.0,0.228,25.0,7.5,1004.8,66
2025-10-07T00:00,23.1,96,22.5,0.1,0.228,24.8,7.8,1005.1,63
2025-10-07T01:00,22.9,98,22.5,0.0,0.229,24.6,4.4,1005.8,34
2025-10-07T02:00,23.5,95,22.6,0.0,0.229,24.7,5.3,1006.6,32
2025-10-07T03:00,24.9,86,22.4,0.0,0.229,25.4,3.7,1007.3,41
2025-10-07T04:00,26.3,81,22.9,0.1,0.228,26.5,4.4,1008.0,66
2025-10-07T05:00,28.0,71,22.3,0.0,0.227,27.8,6.3,1008.0,41
2025-10-07T06:00,29.6,62,21.4,0.0,0.249,29.7,7.8,1007.2,17
2025-10-07T07:00,30.4,56,20.6,0.0,0.245,30.6,8.4,1006.4,22
2025-10-07T08:00,30.9,52,20.0,0.0,0.241,31.3,8.4,1005.6,5
2025-10-07T09:00,31.0,51,19.8,0.0,0.238,31.7,8.9,1004.9,10
2025-10-07T10:00,30.8,52,19.8,0.0,0.234,31.6,8.8,1004.4,14
2025-10-07T11:00,30.1,55,20.2,0.0,0.232,31.1,8.8,1004.1,12
2025-10-07T12:00,29.0,65,21.6,0.0,0.231,30.3,6.8,1004.2,6
2025-10-07T13:00,27.3,70,21.3,0.0,0.23,29.2,5.9,1004.6,7
2025-10-07T14:00,26.3,73,21.0,0.0,0.23,28.2,5.3,1005.6,2
2025-10-07T15:00,25.9,74,20.9,0.0,0.23,27.4,6.0,1006.3,2
2025-10-07T16:00,25.5,82,22.2,0.0,0.23,26.9,10.8,1006.9,5
2025-10-07T17:00,24.6,92,23.2,0.0,0.23,26.5,7.4,1007.0,2
2025-10-07T18:00,24.6,89,22.7,0.0,0.225,27.3,6.5,1006.7,16
2025-10-07T19:00,24.0,96,23.3,0.0,0.225,26.7,4.0,1006.7,10
2025-10-07T20:00,23.6,98,23.2,0.0,0.225,26.1,2.4,1006.9,30
2025-10-07T21:00,23.3,99,23.1,0.0,0.225,25.7,2.8,1006.3,29
2025-10-07T22:00,23.5,98,23.2,0.0,0.225,25.4,4.9,1006.1,19
2025-10-07T23:00,23.3,98,22.9,0.0,0.225,25.2,4.8,1006.1,19
2025-10-08T00:00,23.4,94,22.3,0.0,0.224,27.4,5.0,1006.3,9
2025-10-08T01:00,23.5,92,22.1,0.0,0.224,26.5,3.6,1007.0,2
2025-10-08T02:00,24.3,89,22.5,0.0,0.224,26.2,2.6,1007.6,2
2025-10-08T03:00,25.9,85,23.1,0.0,0.224,26.7,3.1,1008.3,0
2025-10-08T04:00,27.5,80,23.8,0.0,0.222,27.9,2.4,1008.6,1
2025-10-08T05:00,29.0,70,23.0,0.1,0.221,29.3,1.8,1008.6,15
2025-10-08T06:00,29.9,61,21.6,0.0,0.219,30.4,2.3,1008.3,20
2025-10-08T07:00,30.6,56,20.8,0.0,0.216,31.4,3.0,1007.2,28
2025-10-08T08:00,30.9,53,20.2,0.0,0.212,32.0,3.9,1006.1,13
2025-10-08T09:00,31.0,50,19.4,0.0,0.209,32.4,3.6,1005.3,22
2025-10-08T10:00,30.9,49,19.1,0.0,0.207,32.3,4.0,1004.7,23
2025-10-08T11:00,30.6,50,19.1,0.0,0.205,31.8,4.1,1004.9,11
2025-10-08T12:00,29.6,59,20.7,0.0,0.202,30.7,3.1,1005.2,4
2025-10-08T13:00,26.9,65,19.8,0.0,0.202,29.2,4.7,1005.6,4
2025-10-08T14:00,25.6,71,20.0,0.0,0.202,28.0,5.4,1006.2,4
2025-10-08T15:00,25.0,73,19.9,0.0,0.202,27.0,4.6,1006.6,3
2025-10-08T16:00,24.9,70,19.1,0.0,0.202,26.2,2.4,1007.4,0
2025-10-08T17:00,24.9,66,18.1,0.0,0.202,25.6,1.7,1007.8,0
2025-10-08T18:00,25.1,70,19.4,0.0,0.206,26.3,0.6,1007.8,0
2025-10-08T19:00,24.8,71,19.2,0.0,0.206,25.7,1.2,1007.7,0
2025-10-08T20:00,23.7,77,19.4,0.0,0.206,25.2,3.5,1007.5,0
2025-10-08T21:00,22.7,81,19.3,0.0,0.206,24.6,4.6,1007.4,0
2025-10-08T22:00,22.0,82,18.9,0.0,0.207,24.2,4.9,1007.5,0
2025-10-08T23:00,21.9,82,18.6,0.0,0.207,23.8,3.4,1007.3,0
2025-10-09T00:00,21.4,85,18.7,0.0,0.203,25.7,5.3,1007.4,0
2025-10-09T01:00,21.6,84,18.9,0.0,0.203,24.8,4.7,1007.9,0
2025-10-09T02:00,23.3,79,19.5,0.0,0.203,24.6,7.4,1008.4,3
2025-10-09T03:00,25.8,74,20.8,0.0,0.202,25.4,4.9,1009.1,0
2025-10-09T04:00,28.1,66,21.3,0.0,0.201,26.8,3.8,1009.6,0
2025-10-09T05:00,30.1,58,20.8,0.0,0.199,28.4,4.6,1009.6,13
2025-10-09T06:00,31.2,43,17.1,0.0,0.196,29.6,4.6,1009.2,20
2025-10-09T07:00,31.8,39,16.3,0.0,0.193,30.7,2.0,1008.4,12
2025-10-09T08:00,32.2,37,15.7,0.0,0.19,31.7,2.8,1007.5,5
2025-10-09T09:00,32.3,36,15.1,0.0,0.187,32.1,5.8,1006.4,2
2025-10-09T10:00,31.8,36,14.8,0.0,0.184,32.0,8.7,1005.8,4
2025-10-09T11:00,30.8,43,17.0,0.0,0.182,31.4,8.1,1005.7,4
2025-10-09T12:00,28.8,56,19.1,0.0,0.182,30.2,5.4,1005.8,2
2025-10-09T13:00,26.9,52,16.3,0.0,0.182,28.7,5.7,1006.0,1
2025-10-09T14:00,25.5,57,16.4,0.0,0.182,27.4,6.9,1006.7,0
2025-10-09T15:00,24.2,64,17.0,0.0,0.182,26.3,6.6,1007.2,0
2025-10-09T16:00,23.3,66,16.7,0.0,0.182,25.4,6.4,1007.5,0
2025-10-09T17:00,22.4,66,15.8,0.0,0.182,24.7,5.8,1007.6,0
2025-10-09T18:00,22.3,69,16.4,0.0,0.181,26.2,6.7,1007.8,0
2025-10-09T19:00,22.4,68,16.2,0.0,0.181,25.1,4.7,1007.3,0
2025-10-09T20:00,21.7,72,16.4,0.0,0.181,24.2,4.1,1007.0,0
2025-10-09T21:00,20.6,75,16.1,0.0,0.182,23.6,5.7,1006.4,0
2025-10-09T22:00,20.5,71,15.1,0.0,0.182,23.0,5.4,1006.3,0
2025-10-09T23:00,19.9,72,14.7,0.0,0.182,22.5,5.7,1006.1,0
2025-10-10T00:00,20.8,72,15.7,0.0,0.182,25.0,8.9,1006.5,0
2025-10-10T01:00,21.4,68,15.2,0.0,0.181,24.1,7.3,1007.0,0
2025-10-10T02:00,21.9,70,16.3,0.0,0.181,23.7,6.7,1007.9,0
2025-10-10T03:00,24.0,69,17.9,0.0,0.181,24.4,4.6,1008.5,0
2025-10-10T04:00,26.6,61,18.4,0.0,0.18,25.7,3.2,1008.8,0
2025-10-10T05:00,29.0,51,17.8,0.0,0.178,27.5,3.9,1008.7,0
2025-10-10T06:00,30.7,43,16.6,0.0,0.176,29.1,4.0,1008.2,0
2025-10-10T07:00,31.7,33,13.6,0.0,0.173,30.5,4.4,1007.3,0
2025-10-10T08:00,32.0,32,13.1,0.0,0.17,31.5,3.1,1006.4,0
2025-10-10T09:00,32.1,31,13.0,0.0,0.167,32.0,5.0,1005.4,0
2025-10-10T10:00,31.6,33,13.2,0.0,0.165,31.9,8.8,1004.9,0
2025-10-10T11:00,30.5,41,15.8,0.0,0.163,31.2,9.2,1004.7,0
2025-10-10T12:00,28.4,49,16.7,0.0,0.162,29.9,8.1,1004.9,0
2025-10-10T13:00,26.3,52,15.6,0.0,0.162,28.4,8.2,1005.1,0
2025-10-10T14:00,25.6,50,14.6,0.0,0.161,27.2,9.8,1005.5,0
2025-10-10T15:00,24.7,52,14.3,0.0,0.161,26.2,8.7,1006.1,0
2025-10-10T16:00,23.9,54,14.1,0.0,0.161,25.3,7.7,1006.1,0
2025-10-10T17:00,22.4,61,14.5,0.0,0.161,24.4,3.9,1006.2,0
2025-10-10T18:00,21.3,71,15.8,0.0,0.168,24.7,5.2,1006.2,0
2025-10-10T19:00,21.2,70,15.6,0.0,0.168,23.8,4.9,1006.1,0
2025-10-10T20:00,21.0,66,14.5,0.0,0.168,23.1,4.2,1005.7,0
2025-10-10T21:00,20.5,67,14.1,0.0,0.168,22.5,3.2,1005.4,0
2025-10-10T22:00,19.1,72,14.0,0.0,0.168,21.9,6.2,1005.7,0
2025-10-10T23:00,18.7,72,13.7,0.0,0.168,21.4,5.7,1005.6,0
2025-10-11T00:00,19.2,81,15.9,0.0,0.162,23.2,7.3,1006.2,0
2025-10-11T01:00,19.5,78,15.5,0.0,0.162,22.5,6.6,1006.9,0
2025-10-11T02:00,21.0,73,16.0,0.0,0.162,22.3,8.1,1007.7,0
2025-10-11T03:00,23.5,69,17.5,0.0,0.161,23.2,6.8,1008.3,0
2025-10-11T04:00,26.2,62,18.2,0.0,0.161,24.8,5.3,1008.7,0
2025-10-11T05:00,28.6,53,18.2,0.0,0.159,26.7,3.9,1008.6,0
2025-10-11T06:00,30.7,44,17.0,0.0,0.157,28.8,5.3,1008.2,0
2025-10-11T07:00,31.9,33,13.5,0.0,0.155,30.3,5.7,1007.4,0
2025-10-11T08:00,32.3,31,13.0,0.0,0.153,31.4,3.6,1006.6,0
2025-10-11T09:00,32.4,31,12.9,0.0,0.151,32.0,5.8,1005.8,1
2025-10-11T10:00,32.0,31,12.6,0.0,0.149,32.0,8.5,1005.3,3
2025-10-11T11:00,31.0,39,15.3,0.0,0.147,31.4,9.1,1005.0,0
2025-10-11T12:00,28.8,47,16.5,0.0,0.146,30.2,9.3,1005.1,0
2025-10-11T13:00,26.7,50,15.3,0.0,0.146,28.7,10.5,1005.3,0
2025-10-11T14:00,25.8,42,12.1,0.0,0.145,27.4,9.0,1005.8,0
2025-10-11T15:00,23.9,45,11.2,0.0,0.145,26.1,7.0,1006.2,0
2025-10-11T16:00,23.3,48,11.7,0.0,0.145,24.9,5.2,1006.3,0
2025-10-11T17:00,22.6,51,12.0,0.0,0.145,24.0,4.0,1006.5,0
2025-10-11T18:00,22.1,56,12.9,0.0,0.147,24.0,3.2,1006.4,0
2025-10-11T19:00,20.9,62,13.4,0.0,0.147,23.2,4.8,1006.2,0
2025-10-11T20:00,20.6,64,13.6,0.0,0.147,22.5,1.6,1006.0,0
2025-10-11T21:00,20.3,66,13.7,0.0,0.148,22.0,1.2,1005.8,0
2025-10-11T22:00,19.6,69,13.8,0.0,0.148,21.5,2.8,1005.8,0
2025-10-11T23:00,18.8,75,14.3,0.0,0.148,21.2,5.2,1006.0,0
2025-10-12T00:00,19.4,80,16.0,0.0,0.146,22.7,5.9,1006.2,0
2025-10-12T01:00,19.5,81,16.1,0.0,0.147,22.1,5.7,1007.0,0
2025-10-12T02:00,21.0,76,16.7,0.0,0.147,22.1,7.4,1007.7,0
2025-10-12T03:00,23.5,70,17.8,0.0,0.146,23.1,4.7,1008.2,0
2025-10-12T04:00,26.5,61,18.4,0.0,0.146,24.8,4.0,1008.3,0
2025-10-12T05:00,29.2,50,17.9,0.0,0.145,26.8,4.7,1008.0,0
2025-10-12T06:00,31.4,37,15.1,0.0,0.143,28.9,7.1,1007.2,0
2025-10-12T07:00,32.2,32,13.5,0.0,0.141,30.5,6.5,1006.4,0
2025-10-12T08:00,32.6,31,13.5,0.0,0.14,31.6,5.6,1005.4,0
2025-10-12T09:00,32.7,32,13.6,0.0,0.138,32.3,6.2,1004.6,0
2025-10-12T10:00,32.5,32,13.7,0.0,0.136,32.4,8.1,1004.1,9
2025-10-12T11:00,31.6,38,15.7,0.0,0.135,31.9,9.8,1004.2,12
2025-10-12T12:00,29.7,45,16.4,0.0,0.129,30.7,11.0,1004.4,0
2025-10-12T13:00,28.2,42,14.2,0.0,0.129,29.3,12.0,1004.9,0
2025-10-12T14:00,26.4,42,12.4,0.0,0.129,28.1,6.6,1005.5,0
2025-10-12T15:00,24.8,48,13.0,0.0,0.129,26.7,5.4,1006.3,0
2025-10-12T16:00,24.3,58,15.4,0.0,0.129,25.7,5.1,1006.7,0
2025-10-12T17:00,24.5,54,14.6,0.0,0.129,24.8,3.9,1006.4,0
2025-10-12T18:00,24.5,55,15.0,0.0,0.13,24.3,1.7,1006.4,0
2025-10-12T19:00,22.5,62,14.9,0.0,0.13,23.7,3.2,1006.4,0
2025-10-12T20:00,21.3,68,15.0,0.0,0.13,23.1,2.0,1006.2,0
2025-10-12T21:00,20.3,70,14.6,0.0,0.13,22.6,4.5,1006.0,0
2025-10-12T22:00,19.7,72,14.6,0.0,0.131,22.2,5.4,1006.2,0
2025-10-12T23:00,19.7,70,14.1,0.0,0.131,21.8,6.4,1006.0,0
2025-10-13T00:00,20.3,74,15.5,0.0,0.133,23.2,6.7,1006.2,0
2025-10-13T01:00,20.2,74,15.5,0.0,0.133,22.6,6.8,1007.2,0
2025-10-13T02:00,21.5,71,16.0,0.0,0.133,22.6,9.6,1007.7,0
2025-10-13T03:00,24.1,66,17.3,0.0,0.133,23.5,7.2,1008.4,0
2025-10-13T04:00,26.9,59,18.3,0.0,0.133,25.2,6.0,1008.6,0
2025-10-13T05:00,29.6,51,18.2,0.0,0.132,27.3,5.6,1008.5,0
2025-10-13T06:00,31.8,42,17.3,0.0,0.131,29.4,6.0,1007.8,0
2025-10-13T07:00,32.9,30,13.2,0.0,0.129,31.1,7.6,1006.9,0
2025-10-13T08:00,33.2,29,12.9,0.0,0.128,32.4,8.5,1006.2,0
2025-10-13T09:00,33.0,30,13.0,0.0,0.127,33.1,10.3,1005.4,0
2025-10-13T10:00,32.7,31,13.2,0.0,0.126,33.2,9.6,1004.7,0
2025-10-13T11:00,31.9,34,14.3,0.0,0.125,32.7,7.9,1004.5,0
2025-10-13T12:00,30.0,44,16.2,0.0,0.122,31.2,8.3,1004.6,0
2025-10-13T13:00,28.4,36,11.8,0.0,0.122,29.9,12.4,1005.0,0
2025-10-13T14:00,27.3,36,11.1,0.0,0.122,28.7,10.6,1005.5,0
2025-10-13T15:00,24.8,49,13.3,0.0,0.122,27.4,5.3,1006.3,0
2025-10-13T16:00,24.2,48,12.7,0.0,0.122,26.3,6.1,1006.5,0
2025-10-13T17:00,24.6,53,14.2,0.0,0.122,25.3,1.2,1006.4,0
2025-10-13T18:00,22.8,57,13.8,0.0,0.141,24.7,4.2,1006.0,0
2025-10-13T19:00,21.6,65,14.7,0.0,0.141,24.0,3.2,1005.5,0
2025-10-13T20:00,20.7,68,14.7,0.0,0.141,23.3,3.6,1005.0,0
2025-10-13T21:00,20.1,70,14.5,0.0,0.141,22.7,4.8,1004.6,0
2025-10-13T22:00,19.8,69,13.9,0.0,0.141,22.2,6.1,1004.4,0
2025-10-13T23:00,19.5,69,13.7,0.0,0.141,21.9,6.0,1004.3,0
2025-10-14T00:00,20.4,74,15.7,0.0,0.134,23.3,7.9,1004.7,0
2025-10-14T01:00,20.7,73,15.6,0.0,0.134,22.8,7.3,1005.3,0
2025-10-14T02:00,21.7,71,16.3,0.0,0.134,22.7,8.1,1005.9,0
2025-10-14T03:00,24.0,67,17.4,0.0,0.134,23.7,5.5,1006.6,1
2025-10-14T04:00,26.5,60,18.1,0.0,0.134,25.3,5.2,1006.9,0
2025-10-14T05:00,29.2,52,18.2,0.0,0.133,27.4,4.9,1006.8,0
2025-10-14T06:00,31.4,45,18.1,0.0,0.133,29.2,5.3,1006.3,1
2025-10-14T07:00,32.8,35,15.4,0.0,0.132,31.0,6.5,1005.0,4
2025-10-14T08:00,33.4,31,14.1,0.0,0.131,32.4,4.2,1004.1,59
2025-10-14T09:00,33.5,30,13.6,0.0,0.129,32.9,6.3,1003.0,76
2025-10-14T10:00,32.4,33,13.9,0.0,0.128,32.9,10.9,1002.9,14
2025-10-14T11:00,31.4,35,14.3,0.0,0.128,32.3,10.5,1003.1,8
2025-10-14T12:00,30.3,55,20.3,0.0,0.124,31.3,2.0,1003.6,8
2025-10-14T13:00,28.2,49,16.4,0.0,0.124,29.7,1.5,1003.4,11
2025-10-14T14:00,26.5,58,17.6,0.0,0.124,28.4,5.1,1004.0,0
2025-10-14T15:00,25.5,64,18.1,0.0,0.125,27.2,4.8,1004.5,0
2025-10-14T16:00,24.6,66,17.8,0.0,0.125,26.2,3.4,1004.5,0
2025-10-14T17:00,23.4,66,16.7,0.0,0.125,25.4,5.6,1004.2,0
2025-10-14T18:00,23.4,62,15.7,0.0,0.13,25.0,9.2,1004.5,0
2025-10-14T19:00,23.0,59,14.5,0.0,0.13,24.5,6.5,1004.0,0
2025-10-14T20:00,21.8,64,14.6,0.0,0.13,23.8,6.0,1003.6,0
2025-10-14T21:00,21.3,68,15.1,0.0,0.13,23.4,6.1,1003.4,0
2025-10-14T22:00,21.0,69,15.2,0.0,0.131,22.9,5.9,1003.2,0
2025-10-14T23:00,20.8,70,15.1,0.0,0.131,22.5,6.1,1003.2,0
2025-10-15T00:00,21.9,68,15.8,0.0,0.143,23.7,10.7,1003.5,0
2025-10-15T01:00,21.7,69,15.8,0.0,0.143,23.3,9.5,1004.1,0
2025-10-15T02:00,22.6,69,16.6,0.0,0.143,23.2,10.2,1005.0,0
2025-10-15T03:00,25.0,67,18.3,0.0,0.143,24.1,7.3,1005.7,0
2025-10-15T04:00,27.6,60,19.1,0.0,0.143,25.7,5.3,1006.1,0
2025-10-15T05:00,30.1,53,19.5,0.0,0.142,27.7,5.1,1005.9,0
2025-10-15T06:00,32.3,41,17.3,0.0,0.146,29.5,7.0,1005.5,0
2025-10-15T07:00,33.2,34,15.2,0.0,0.144,31.0,6.0,1004.6,0
2025-10-15T08:00,33.7,32,14.9,0.0,0.142,32.3,3.6,1003.8,0
2025-10-15T09:00,33.8,32,14.8,0.0,0.14,33.0,1.7,1003.1,0
2025-10-15T10:00,33.7,32,14.9,0.0,0.139,33.2,0.5,1002.8,0
2025-10-15T11:00,32.9,38,16.8,0.0,0.138,32.8,3.1,1002.6,0
2025-10-15T12:00,30.5,51,19.2,0.0,0.121,32.0,7.5,1003.0,0
2025-10-15T13:00,28.5,49,16.6,0.0,0.121,30.6,9.2,1003.0,0
2025-10-15T14:00,27.1,46,14.4,0.0,0.121,29.2,7.4,1003.7,0
2025-10-15T15:00,26.2,47,14.1,0.0,0.121,28.1,8.0,1004.5,0
2025-10-15T16:00,24.8,52,14.2,0.0,0.121,27.1,6.9,1005.0,0
2025-10-15T17:00,23.7,56,14.3,0.0,0.121,26.2,6.1,1004.9,0
2025-10-15T18:00,23.0,62,15.3,0.0,0.135,25.8,5.2,1004.8,0
2025-10-15T19:00,22.3,63,14.9,0.0,0.135,25.0,5.3,1004.3,0
2025-10-15T20:00,22.0,61,14.2,0.0,0.135,24.3,6.4,1003.8,0
2025-10-15T21:00,21.9,60,13.7,0.0,0.135,23.8,7.2,1003.6,0
2025-10-15T22:00,21.7,61,13.8,0.0,0.135,23.4,7.9,1003.5,0
2025-10-15T23:00,21.4,63,14.0,0.0,0.135,23.1,8.1,1003.5,0
2025-10-16T00:00,22.0,67,15.7,0.0,0.133,23.6,9.6,1003.7,0
2025-10-16T01:00,21.9,68,15.8,0.0,0.133,23.3,10.1,1004.5,0
2025-10-16T02:00,22.7,68,16.5,0.0,0.133,23.3,9.3,1005.4,0
2025-10-16T03:00,24.7,66,17.9,0.0,0.133,24.2,6.6,1006.0,0
2025-10-16T04:00,27.2,60,18.8,0.0,0.133,25.9,5.1,1006.5,0
2025-10-16T05:00,29.7,55,19.7,0.0,0.132,27.9,4.0,1006.4,0
2025-10-16T06:00,32.0,49,19.9,0.0,0.133,30.0,4.6,1005.6,0
2025-10-16T07:00,33.3,40,18.1,0.0,0.132,31.8,5.2,1004.7,0
2025-10-16T08:00,34.0,38,17.9,0.0,0.13,33.1,5.0,1003.9,0
2025-10-16T09:00,34.1,38,18.0,0.0,0.129,33.9,5.5,1003.1,0
2025-10-16T10:00,33.9,39,17.9,0.0,0.128,34.1,7.5,1002.7,0
2025-10-16T11:00,33.2,41,18.0,0.0,0.127,33.5,8.6,1002.9,1
2025-10-16T12:00,31.5,49,19.5,0.0,0.119,32.7,10.4,1003.0,3
2025-10-16T13:00,29.9,48,17.5,0.0,0.119,31.4,8.6,1003.6,2
2025-10-16T14:00,28.0,55,18.1,0.0,0.119,30.1,5.6,1004.4,1
2025-10-16T15:00,27.7,56,18.0,0.0,0.119,29.0,2.7,1005.3,0
2025-10-16T16:00,26.9,58,17.9,0.0,0.119,28.0,2.3,1006.1,0
2025-10-16T17:00,25.7,61,17.7,0.0,0.119,27.2,4.7,1006.2,0
2025-10-16T18:00,26.2,62,18.4,0.0,0.124,26.6,2.1,1006.1,0
2025-10-16T19:00,25.4,66,18.6,0.0,0.124,26.0,2.5,1006.0,0
2025-10-16T20:00,24.9,68,18.7,0.0,0.124,25.5,0.6,1005.6,0
2025-10-16T21:00,23.8,75,19.0,0.0,0.125,25.1,2.6,1005.3,7
2025-10-16T22:00,23.2,80,19.6,0.0,0.125,24.7,3.4,1005.6,4
2025-10-16T23:00,23.0,85,20.3,0.0,0.125,24.4,1.7,1005.5,0
2025-10-17T00:00,23.7,75,19.1,0.0,0.118,25.7,7.3,1005.3,0
2025-10-17T01:00,23.6,75,18.8,0.0,0.118,25.2,6.4,1006.0,0
2025-10-17T02:00,24.6,74,19.6,0.0,0.119,25.2,7.3,1006.6,0
2025-10-17T03:00,27.0,69,20.8,0.0,0.119,26.2,3.7,1007.3,0
2025-10-17T04:00,29.5,64,21.8,0.0,0.119,28.0,2.8,1007.7,0
2025-10-17T05:00,31.7,57,22.0,0.0,0.119,30.2,2.9,1007.6,0
2025-10-17T06:00,33.4,47,20.6,0.0,0.119,32.3,3.1,1007.1,29
2025-10-17T07:00,33.8,44,20.0,0.0,0.118,33.9,2.1,1006.2,13
2025-10-17T08:00,34.1,44,20.0,0.0,0.118,35.2,1.5,1005.1,29
2025-10-17T09:00,33.7,44,19.8,0.0,0.118,35.8,6.0,1004.6,27
2025-10-17T10:00,33.3,46,20.1,0.0,0.118,35.7,6.1,1004.3,13
2025-10-17T11:00,33.0,46,19.7,0.0,0.118,35.2,6.2,1004.0,9
2025-10-17T12:00,32.5,49,20.4,0.0,0.108,34.2,3.5,1004.0,5
2025-10-17T13:00,29.8,62,21.6,0.0,0.108,32.7,5.0,1004.4,5
2025-10-17T14:00,28.6,70,22.6,0.0,0.108,31.4,5.8,1005.1,4
2025-10-17T15:00,27.8,67,21.0,0.0,0.109,30.2,6.5,1005.7,4
2025-10-17T16:00,27.2,57,18.0,0.0,0.109,29.3,8.1,1006.4,2
2025-10-17T17:00,26.1,50,15.0,0.0,0.109,28.5,6.0,1006.4,0
2025-10-17T18:00,25.3,56,15.9,0.0,0.131,27.4,5.6,1006.6,0
2025-10-17T19:00,24.1,62,16.4,0.0,0.131,26.6,5.0,1006.2,0
2025-10-17T20:00,23.3,67,16.8,0.0,0.131,25.8,4.9,1005.7,0
2025-10-17T21:00,22.6,69,16.7,0.0,0.131,25.2,5.6,1005.0,0
2025-10-17T22:00,22.1,73,17.1,0.0,0.131,24.7,5.0,1005.0,0
2025-10-17T23:00,21.7,76,17.2,0.0,0.131,24.3,4.6,1005.1,8
2025-10-18T00:00,22.4,81,19.0,0.0,0.115,25.4,4.0,1005.1,0
2025-10-18T01:00,22.3,81,18.9,0.0,0.115,24.8,2.4,1005.8,3
2025-10-18T02:00,23.4,78,19.3,0.0,0.115,24.8,5.1,1006.3,9
2025-10-18T03:00,25.8,70,20.0,0.0,0.115,25.8,3.6,1006.8,16
2025-10-18T04:00,28.2,62,20.4,0.0,0.115,27.6,2.7,1007.2,0
2025-10-18T05:00,30.4,57,21.1,0.0,0.115,29.9,1.9,1007.1,0
2025-10-18T06:00,32.6,50,21.0,0.0,0.114,32.8,1.3,1006.3,8
2025-10-18T07:00,34.2,40,18.8,0.0,0.114,34.7,1.4,1005.2,14
2025-10-18T08:00,34.7,37,17.7,0.0,0.114,36.0,3.4,1004.2,17
2025-10-18T09:00,34.6,36,17.5,0.0,0.115,36.6,6.5,1003.3,27
2025-10-18T10:00,34.1,37,17.4,0.0,0.115,36.4,7.9,1002.8,26
2025-10-18T11:00,33.3,39,17.6,0.0,0.115,35.7,8.0,1002.8,16
2025-10-18T12:00,32.3,45,18.8,0.0,0.11,34.2,6.1,1003.1,11
2025-10-18T13:00,30.9,49,19.0,0.0,0.11,32.6,2.3,1003.4,12
2025-10-18T14:00,29.6,52,18.9,0.0,0.11,31.2,2.3,1003.8,7
2025-10-18T15:00,27.4,61,19.1,0.0,0.111,30.0,5.1,1004.3,0
2025-10-18T16:00,26.5,67,19.8,0.0,0.111,28.9,2.9,1004.4,0
2025-10-18T17:00,25.8,70,19.8,0.0,0.111,27.9,0.5,1004.8,0
2025-10-18T18:00,25.4,72,20.1,0.0,0.123,27.1,1.7,1004.7,0
2025-10-18T19:00,25.2,72,19.8,0.0,0.123,26.5,1.3,1004.4,0
2025-10-18T20:00,24.3,75,19.6,0.0,0.123,25.9,3.3,1004.0,0
2025-10-18T21:00,23.8,72,18.6,0.0,0.123,25.5,6.7,1003.7,0
2025-10-18T22:00,23.1,72,17.8,0.0,0.123,25.1,6.2,1003.4,0
2025-10-18T23:00,22.5,72,17.3,0.0,0.123,24.7,7.1,1003.6,0
2025-10-19T00:00,22.7,77,18.6,0.0,0.123,25.4,7.8,1003.8,0
2025-10-19T01:00,22.5,76,18.0,0.0,0.123,24.9,8.2,1004.5,0
2025-10-19T02:00,23.2,73,18.2,0.0,0.124,24.8,9.6,1005.3,0
2025-10-19T03:00,25.5,69,19.4,0.0,0.123,25.6,6.4,1005.8,0
2025-10-19T04:00,28.3,63,20.6,0.0,0.123,27.3,5.0,1006.2,0
2025-10-19T05:00,31.0,58,21.8,0.0,0.123,29.5,4.3,1006.0,0
2025-10-19T06:00,33.4,46,20.2,0.0,0.125,31.6,4.1,1005.5,20
2025-10-19T07:00,34.5,31,14.9,0.0,0.124,33.2,1.6,1004.5,13
2025-10-19T08:00,34.8,30,14.6,0.0,0.124,34.4,2.7,1003.5,15
2025-10-19T09:00,34.7,30,14.6,0.0,0.123,35.1,6.2,1002.6,19
2025-10-19T10:00,34.1,31,14.4,0.0,0.122,35.0,9.3,1002.0,14
2025-10-19T11:00,33.0,35,15.4,0.0,0.122,34.4,9.1,1002.0,9
2025-10-19T12:00,31.2,36,14.2,0.0,0.116,33.2,11.1,1002.4,9
2025-10-19T13:00,29.1,43,15.2,0.0,0.116,31.7,4.1,1002.8,5
2025-10-19T14:00,28.2,46,15.3,0.0,0.116,30.2,0.6,1003.2,1
2025-10-19T15:00,27.1,49,15.5,0.0,0.116,29.0,4.1,1003.7,2
2025-10-19T16:00,27.2,52,16.6,0.0,0.116,28.0,3.1,1004.1,6
2025-10-19T17:00,26.9,56,17.4,0.0,0.116,27.3,3.1,1004.2,3
2025-10-19T18:00,25.6,61,17.7,0.0,0.128,26.8,3.8,1004.1,0
2025-10-19T19:00,24.3,71,18.8,0.0,0.128,26.1,5.4,1004.0,1
2025-10-19T20:00,23.8,77,19.5,0.0,0.128,25.6,5.0,1003.7,5
2025-10-19T21:00,23.7,77,19.4,0.0,0.128,25.1,1.5,1003.3,6
2025-10-19T22:00,22.7,82,19.5,0.0,0.128,24.7,2.5,1003.0,1
2025-10-19T23:00,22.0,87,19.7,0.0,0.128,24.3,3.9,1003.0,2
2025-10-20T00:00,22.2,80,18.6,0.0,0.125,25.6,7.4,1003.1,7
2025-10-20T01:00,22.8,73,17.7,0.0,0.125,25.0,8.0,1003.8,23
2025-10-20T02:00,23.8,75,19.2,0.0,0.125,24.9,9.6,1005.0,13
2025-10-20T03:00,26.8,73,21.6,0.0,0.125,25.9,5.7,1005.3,2
2025-10-20T04:00,30.1,63,22.4,0.0,0.125,27.7,4.5,1005.8,0
2025-10-20T05:00,32.4,47,19.6,0.0,0.124,29.8,6.9,1005.7,4
2025-10-20T06:00,33.9,35,16.4,0.0,0.137,31.5,6.5,1005.1,41
2025-10-20T07:00,34.0,36,16.8,0.0,0.135,32.6,5.3,1004.4,60
2025-10-20T08:00,33.8,37,17.1,0.0,0.134,33.5,7.7,1003.7,34
2025-10-20T09:00,33.5,39,17.6,0.0,0.133,34.0,8.1,1003.0,11
2025-10-20T10:00,31.5,49,19.6,0.1,0.133,33.6,11.5,1002.8,15
2025-10-20T11:00,31.4,51,20.0,0.0,0.132,33.0,5.6,1002.5,22
2025-10-20T12:00,31.1,50,19.4,0.0,0.112,32.1,8.1,1002.5,9
2025-10-20T13:00,29.0,54,18.9,0.0,0.112,31.0,5.6,1002.6,11
2025-10-20T14:00,28.6,52,17.9,0.0,0.112,30.0,7.2,1003.3,8
2025-10-20T15:00,28.4,52,17.7,0.0,0.112,29.3,9.0,1004.3,5
2025-10-20T16:00,27.3,57,17.9,0.0,0.112,28.6,6.9,1004.8,5
2025-10-20T17:00,26.3,61,18.1,0.0,0.112,28.0,5.6,1005.4,6
2025-10-20T18:00,26.6,67,20.0,0.0,0.121,27.9,4.5,1005.1,12
2025-10-20T19:00,26.1,69,20.1,0.2,0.123,27.4,4.0,1004.9,54
2025-10-20T20:00,26.0,69,19.9,0.0,0.124,26.9,5.5,1004.6,34
2025-10-20T21:00,25.5,72,20.0,0.0,0.124,26.5,5.4,1004.4,4
2025-10-20T22:00,24.9,73,19.8,0.0,0.124,26.1,5.6,1004.5,6
2025-10-20T23:00,24.7,73,19.6,0.0,0.124,25.7,7.8,1004.9,1
2025-10-21T00:00,23.5,83,20.4,0.0,0.119,25.9,4.2,1004.7,0
2025-10-21T01:00,23.2,83,20.1,0.0,0.119,25.3,4.8,1005.2,0
2025-10-21T02:00,24.6,76,20.0,0.0,0.119,25.3,7.6,1006.0,0
2025-10-21T03:00,27.1,67,20.3,0.0,0.119,26.2,6.3,1006.7,0
2025-10-21T04:00,29.6,56,19.8,0.0,0.119,27.9,7.1,1007.1,0
2025-10-21T05:00,31.8,47,19.1,0.0,0.119,30.0,7.6,1007.1,0
2025-10-21T06:00,33.9,38,17.7,0.0,0.119,31.6,8.0,1006.6,0
2025-10-21T07:00,34.6,34,16.3,0.0,0.119,33.5,8.3,1005.4,0
2025-10-21T08:00,35.0,33,16.4,0.0,0.118,34.9,9.0,1004.5,0
2025-10-21T09:00,35.0,33,16.5,0.0,0.118,35.7,9.7,1003.4,0
2025-10-21T10:00,35.0,33,16.4,0.0,0.118,35.8,10.9,1002.8,25
2025-10-21T11:00,33.9,37,17.1,0.0,0.118,35.1,13.5,1002.6,1
2025-10-21T12:00,31.9,44,18.1,0.0,0.115,33.5,13.5,1002.8,0
2025-10-21T13:00,30.2,46,17.3,0.0,0.115,32.2,11.2,1003.5,0
2025-10-21T14:00,29.0,47,16.6,0.0,0.115,31.0,7.7,1004.3,2
2025-10-21T15:00,27.7,52,17.0,0.0,0.115,30.0,5.8,1005.3,2
2025-10-21T16:00,27.0,54,16.8,0.0,0.116,29.0,6.2,1006.0,2
2025-10-21T17:00,27.1,52,16.4,0.0,0.116,28.3,8.0,1006.3,1
2025-10-21T18:00,27.5,53,17.0,0.0,0.13,27.9,11.4,1006.0,5
2025-10-21T19:00,27.0,53,16.8,0.0,0.13,27.4,11.6,1005.5,1
2025-10-21T20:00,26.3,55,16.4,0.0,0.13,27.0,10.0,1005.3,0
2025-10-21T21:00,25.9,55,16.1,0.0,0.13,26.7,9.3,1005.4,0
2025-10-21T22:00,25.4,56,16.0,0.0,0.13,26.3,9.5,1005.6,0
2025-10-21T23:00,24.8,58,15.9,0.0,0.13,25.9,8.7,1005.7,0
2025-10-22T00:00,24.3,66,17.6,0.0,0.135,26.2,8.1,1005.7,0
2025-10-22T01:00,24.0,66,17.3,0.0,0.135,25.7,9.3,1006.2,0
2025-10-22T02:00,24.5,66,17.7,0.0,0.135,25.5,10.3,1007.2,0
2025-10-22T03:00,26.4,63,18.8,0.0,0.135,26.2,9.1,1007.8,0
2025-10-22T04:00,29.0,58,20.0,0.0,0.134,27.6,8.6,1008.0,0
2025-10-22T05:00,31.1,56,21.3,0.0,0.134,29.4,10.2,1007.9,0
2025-10-22T06:00,32.8,52,21.7,0.0,0.138,30.9,12.4,1007.4,23
2025-10-22T07:00,33.2,48,20.7,0.0,0.136,32.1,14.7,1006.4,12
2025-10-22T08:00,33.9,43,19.7,0.0,0.135,33.1,14.7,1005.3,9
2025-10-22T09:00,34.2,42,19.6,0.0,0.134,33.7,15.4,1004.2,13
2025-10-22T10:00,33.8,42,19.2,0.0,0.132,33.8,16.5,1003.2,18
2025-10-22T11:00,33.1,44,19.4,0.0,0.132,33.4,13.0,1003.3,16
2025-10-22T12:00,32.3,48,20.1,0.0,0.124,32.6,8.2,1003.6,25
2025-10-22T13:00,30.5,53,19.7,0.0,0.124,31.5,6.5,1003.9,44
2025-10-22T14:00,29.3,57,19.8,0.0,0.124,30.5,5.4,1004.7,29
2025-10-22T15:00,28.4,62,20.5,0.0,0.124,29.6,5.2,1005.3,13
2025-10-22T16:00,28.0,59,19.2,0.0,0.124,28.9,8.1,1005.7,13
2025-10-22T17:00,27.5,55,17.7,0.0,0.124,28.4,9.7,1005.7,2
2025-10-22T18:00,27.3,52,16.4,0.0,0.13,28.2,11.4,1005.6,2
2025-10-22T19:00,26.7,52,16.0,0.0,0.13,27.7,10.7,1005.5,2
2025-10-22T20:00,26.2,55,16.5,0.0,0.13,27.3,10.2,1005.3,0
2025-10-22T21:00,25.6,59,17.1,0.0,0.13,26.9,9.7,1004.8,2
2025-10-22T22:00,25.2,61,17.1,0.0,0.13,26.5,10.5,1004.8,5
2025-10-22T23:00,24.9,61,16.8,0.0,0.13,26.1,10.2,1004.7,0
2025-10-23T00:00,25.1,69,18.9,0.0,0.13,26.8,11.2,1004.9,2
2025-10-23T01:00,25.3,68,18.9,0.0,0.13,26.4,10.9,1005.7,0
2025-10-23T02:00,26.1,66,19.2,0.0,0.13,26.4,12.5,1006.3,5
2025-10-23T03:00,28.0,62,20.0,0.0,0.129,27.0,10.7,1006.7,8
2025-10-23T04:00,30.0,57,20.6,0.0,0.129,28.4,11.2,1007.0,3
2025-10-23T05:00,31.8,54,21.3,0.0,0.128,30.1,11.5,1006.8,2
2025-10-23T06:00,33.3,51,21.8,0.0,0.134,31.6,12.1,1006.2,68
2025-10-23T07:00,33.6,48,21.2,0.0,0.133,32.8,11.8,1005.1,59
2025-10-23T08:00,34.2,47,21.2,0.0,0.131,33.9,10.5,1003.9,12
2025-10-23T09:00,34.4,45,20.9,0.0,0.13,34.4,9.9,1002.8,15
2025-10-23T10:00,34.3,42,19.5,0.0,0.129,34.4,11.0,1002.1,24
2025-10-23T11:00,33.7,44,19.9,0.0,0.129,33.9,8.9,1001.8,13
2025-10-23T12:00,32.5,51,21.0,0.0,0.127,33.2,8.3,1002.1,12
2025-10-23T13:00,31.0,52,20.1,0.0,0.127,32.0,11.3,1002.4,15
2025-10-23T14:00,30.2,50,18.7,0.0,0.127,31.0,9.3,1003.1,9
2025-10-23T15:00,29.1,52,18.3,0.0,0.127,30.1,7.6,1003.8,5
2025-10-23T16:00,28.7,52,17.8,0.0,0.127,29.3,9.6,1004.3,4
2025-10-23T17:00,28.4,53,17.9,0.0,0.127,28.8,11.3,1004.7,6
2025-10-23T18:00,28.5,57,19.1,0.0,0.141,28.9,10.9,1004.5,20
2025-10-23T19:00,28.2,58,19.2,0.0,0.141,28.4,10.6,1004.3,11
2025-10-23T20:00,27.5,62,19.5,0.0,0.141,28.0,9.6,1004.2,5
2025-10-23T21:00,26.9,63,19.3,0.0,0.141,27.6,11.1,1003.9,5
2025-10-23T22:00,26.7,60,18.3,0.0,0.141,27.3,12.7,1003.9,7
2025-10-23T23:00,26.3,60,17.9,0.0,0.14,26.9,12.4,1004.2,6
2025-10-24T00:00,26.4,65,19.3,0.0,0.126,27.5,13.0,1004.3,4
2025-10-24T01:00,26.1,67,19.5,0.0,0.126,27.2,11.8,1004.9,5
2025-10-24T02:00,26.4,69,20.4,0.0,0.126,27.1,11.3,1005.8,0
2025-10-24T03:00,28.0,67,21.4,0.0,0.126,27.7,9.9,1006.0,0
2025-10-24T04:00,30.1,62,22.1,0.0,0.125,29.1,10.6,1006.2,77
2025-10-24T05:00,32.1,57,22.4,0.0,0.125,30.8,11.0,1006.0,70
2025-10-24T06:00,33.8,48,21.4,0.0,0.125,32.2,12.8,1005.3,34
2025-10-24T07:00,33.9,48,21.2,0.0,0.124,33.4,12.9,1004.4,21
2025-10-24T08:00,34.1,44,20.2,0.0,0.123,34.4,12.7,1003.7,22
2025-10-24T09:00,34.4,42,19.7,0.0,0.123,34.9,11.3,1002.5,24
2025-10-24T10:00,34.3,42,19.5,0.0,0.122,35.1,11.2,1001.6,24
2025-10-24T11:00,33.5,44,19.5,0.0,0.122,34.6,9.8,1001.7,100
2025-10-24T12:00,32.3,50,20.6,0.0,0.129,33.0,6.4,1001.6,47
2025-10-24T13:00,30.5,58,21.3,0.0,0.129,31.7,4.1,1002.3,9
2025-10-24T14:00,29.0,60,20.6,0.0,0.129,30.6,6.4,1003.0,8
2025-10-24T15:00,28.9,57,19.4,0.0,0.129,29.8,7.9,1003.4,39
2025-10-24T16:00,27.9,59,19.0,0.0,0.129,29.0,6.3,1003.7,22
2025-10-24T17:00,27.7,60,19.1,0.0,0.129,28.5,9.2,1003.9,26
2025-10-24T18:00,27.6,60,19.1,0.0,0.129,28.1,9.5,1003.8,4
2025-10-24T19:00,27.0,61,18.9,0.0,0.129,27.7,7.7,1003.4,5
2025-10-24T20:00,26.4,63,18.8,0.0,0.129,27.4,7.7,1002.9,9
2025-10-24T21:00,26.2,63,18.6,0.0,0.129,27.1,9.7,1002.5,5
2025-10-24T22:00,25.8,64,18.6,0.0,0.129,26.8,9.1,1002.3,4
2025-10-24T23:00,25.4,67,18.8,0.0,0.129,26.5,8.3,1002.5,3
2025-10-25T00:00,26.4,72,21.0,0.0,0.142,27.2,10.2,1002.8,2
2025-10-25T01:00,26.0,73,20.7,0.0,0.142,26.9,11.1,1003.6,0
2025-10-25T02:00,26.4,72,21.0,0.0,0.142,26.8,11.9,1004.4,5
2025-10-25T03:00,28.0,69,21.9,0.0,0.141,27.5,10.5,1004.8,0
2025-10-25T04:00,30.1,64,22.6,0.0,0.141,28.8,11.6,1005.0,2
2025-10-25T05:00,31.8,59,22.8,0.0,0.139,30.3,13.2,1005.1,2
2025-10-25T06:00,29.0,68,22.6,0.0,0.143,31.7,17.0,1005.0,73
2025-10-25T07:00,30.8,62,22.6,0.1,0.143,31.9,11.8,1004.3,28
2025-10-25T08:00,31.0,60,22.4,0.2,0.144,32.6,10.9,1003.2,53
2025-10-25T09:00,31.7,59,22.7,0.0,0.143,32.5,10.5,1001.8,20
2025-10-25T10:00,32.5,55,22.2,0.0,0.142,32.8,13.3,1000.9,7
2025-10-25T11:00,32.3,52,21.1,0.0,0.141,32.6,12.6,1001.2,13
2025-10-25T12:00,30.6,60,22.0,0.1,0.137,31.9,9.5,1001.7,55
2025-10-25T13:00,29.7,64,22.0,0.0,0.137,31.0,6.8,1002.2,100
2025-10-25T14:00,29.3,65,22.0,0.0,0.137,30.3,7.8,1002.7,10
2025-10-25T15:00,28.6,68,22.0,0.0,0.136,29.6,8.4,1003.2,42
2025-10-25T16:00,28.4,69,22.2,0.0,0.136,29.1,9.4,1003.6,100
2025-10-25T17:00,28.3,71,22.6,0.0,0.136,28.8,12.5,1003.9,100
2025-10-25T18:00,27.9,75,22.9,0.0,0.136,29.1,11.7,1004.0,99
2025-10-25T19:00,27.9,72,22.4,0.0,0.136,28.8,13.0,1003.9,99
2025-10-25T20:00,27.5,73,22.2,0.0,0.136,28.4,15.0,1003.7,100
2025-10-25T21:00,26.5,77,22.2,0.0,0.136,28.1,14.8,1003.5,100
2025-10-25T22:00,25.4,82,22.0,0.1,0.137,27.6,13.1,1003.5,100
2025-10-25T23:00,24.7,84,21.9,0.1,0.138,27.1,11.0,1003.7,100
2025-10-26T00:00,24.2,89,22.2,0.4,0.142,26.6,11.7,1003.5,100
2025-10-26T01:00,23.7,94,22.6,0.6,0.148,25.9,11.8,1003.7,100
2025-10-26T02:00,23.7,94,22.7,0.6,0.155,25.4,12.3,1004.6,100
2025-10-26T03:00,24.0,94,22.9,1.5,0.176,25.3,12.6,1005.2,100
2025-10-26T04:00,24.2,93,23.0,0.9,0.187,25.3,11.7,1005.6,100
2025-10-26T05:00,25.4,87,23.0,0.1,0.188,25.8,17.9,1005.6,100
2025-10-26T06:00,25.8,85,23.2,0.6,0.193,26.3,15.9,1005.1,100
2025-10-26T07:00,26.6,81,23.2,0.8,0.2,26.9,18.2,1004.1,100
2025-10-26T08:00,27.2,78,23.1,0.6,0.204,27.4,18.1,1003.3,100
2025-10-26T09:00,26.4,84,23.5,0.6,0.208,27.3,14.5,1002.1,100
2025-10-26T10:00,26.3,85,23.6,0.1,0.209,27.2,11.4,1001.4,100
2025-10-26T11:00,26.5,84,23.6,0.2,0.211,27.2,11.8,1001.3,100
2025-10-26T12:00,26.7,90,24.9,0.2,0.233,26.6,9.0,1001.7,100
2025-10-26T13:00,25.5,95,24.7,0.0,0.233,26.4,4.6,1002.4,100
2025-10-26T14:00,25.4,96,24.7,0.0,0.233,26.2,6.4,1002.9,100
2025-10-26T15:00,25.5,93,24.4,0.0,0.233,26.1,8.8,1003.5,100
2025-10-26T16:00,25.6,90,23.7,0.3,0.236,26.0,10.3,1003.9,100
2025-10-26T17:00,24.8,94,23.7,1.6,0.256,25.7,8.5,1004.1,100
2025-10-26T18:00,24.8,93,23.6,4.3,0.316,25.4,12.4,1003.4,100
2025-10-26T19:00,24.3,94,23.3,5.6,0.392,25.2,9.2,1003.2,100
2025-10-26T20:00,24.3,94,23.3,6.5,0.432,25.0,10.8,1002.6,100
2025-10-26T21:00,24.0,96,23.3,7.5,0.438,24.9,12.1,1002.1,100
2025-10-26T22:00,24.0,96,23.3,4.0,0.432,24.8,13.0,1001.8,100
2025-10-26T23:00,24.0,96,23.3,2.6,0.432,24.8,11.7,1001.8,100
2025-10-27T00:00,24.0,96,23.3,2.6,0.432,24.7,10.7,1002.0,100
2025-10-27T01:00,23.8,96,23.2,2.7,0.43,24.6,10.4,1002.5,100
2025-10-27T02:00,23.8,96,23.2,3.2,0.43,24.6,12.3,1003.2,100
2025-10-27T03:00,23.9,96,23.3,4.4,0.439,24.6,12.2,1003.7,100
2025-10-27T04:00,24.3,96,23.7,2.0,0.43,24.8,8.1,1004.4,100
2025-10-27T05:00,25.0,93,23.8,0.5,0.422,25.1,10.6,1004.4,100
2025-10-27T06:00,25.5,94,24.5,1.2,0.408,25.7,9.9,1004.4,100
2025-10-27T07:00,25.8,96,25.1,1.2,0.413,26.0,8.4,1003.6,100
2025-10-27T08:00,27.2,89,25.2,0.4,0.407,26.7,10.5,1002.8,100
2025-10-27T09:00,26.7,91,25.1,0.3,0.403,26.7,11.0,1001.8,100
2025-10-27T10:00,26.4,93,25.3,0.5,0.401,26.6,11.0,1001.0,100
2025-10-27T11:00,26.0,97,25.4,0.4,0.401,26.5,11.5,1001.3,100
2025-10-27T12:00,25.5,93,24.4,0.8,0.397,25.9,15.9,1001.8,100
2025-10-27T13:00,25.2,93,23.9,0.1,0.395,25.6,15.5,1002.5,100
2025-10-27T14:00,24.8,94,23.8,0.2,0.393,25.3,15.8,1002.8,99
2025-10-27T15:00,24.6,95,23.7,0.1,0.391,25.1,15.5,1004.0,100
2025-10-27T16:00,24.5,95,23.6,0.2,0.39,25.0,14.0,1004.3,100
2025-10-27T17:00,24.3,96,23.6,1.0,0.401,24.8,14.3,1003.4,100
2025-10-27T18:00,24.5,96,23.8,0.7,0.401,25.3,11.8,1004.2,100
2025-10-27T19:00,24.2,97,23.7,1.4,0.415,25.0,12.0,1003.7,100
2025-10-27T20:00,24.1,97,23.5,0.8,0.417,24.8,11.0,1003.0,100
2025-10-27T21:00,24.1,97,23.5,0.6,0.417,24.6,8.9,1002.8,100
2025-10-27T22:00,24.0,96,23.4,1.0,0.422,24.5,10.2,1002.4,100
2025-10-27T23:00,23.9,96,23.3,0.6,0.42,24.5,11.1,1002.1,100
2025-10-28T00:00,23.6,96,23.0,0.5,0.425,24.5,12.5,1002.1,100
2025-10-28T01:00,23.5,96,22.9,0.9,0.427,24.3,11.5,1002.8,100
2025-10-28T02:00,23.6,96,22.9,2.1,0.429,24.2,10.3,1003.7,100
2025-10-28T03:00,23.7,97,23.2,1.5,0.433,24.3,9.8,1004.1,100
2025-10-28T04:00,24.9,91,23.4,0.1,0.425,24.6,10.7,1004.4,100
2025-10-28T05:00,27.2,79,23.3,0.0,0.418,25.7,13.1,1004.4,86
2025-10-28T06:00,28.8,76,24.1,0.0,0.42,26.9,7.7,1004.0,98
2025-10-28T07:00,30.0,67,23.2,0.1,0.415,27.8,7.2,1002.7,97
2025-10-28T08:00,29.9,67,23.2,0.0,0.41,28.5,5.2,1001.6,100
2025-10-28T09:00,29.4,72,23.8,0.5,0.411,28.8,7.4,1001.1,100
2025-10-28T10:00,26.7,85,24.0,2.5,0.436,28.3,13.6,1000.7,82
2025-10-28T11:00,25.3,94,24.3,2.2,0.431,27.3,5.1,1001.1,61
2025-10-28T12:00,25.2,93,24.0,0.2,0.414,28.0,13.6,1001.4,36
2025-10-28T13:00,25.3,92,23.9,0.0,0.41,26.9,13.9,1002.3,50
2025-10-28T14:00,24.5,94,23.4,4.0,0.426,26.2,14.4,1003.2,88
2025-10-28T15:00,24.8,91,23.3,0.1,0.42,25.7,15.1,1003.3,43
2025-10-28T16:00,24.8,91,23.2,0.0,0.416,25.4,15.4,1003.8,52
2025-10-28T17:00,24.8,90,23.1,0.0,0.413,25.3,14.6,1003.8,100
2025-10-28T18:00,24.5,89,22.6,0.0,0.41,25.5,14.0,1003.7,100
2025-10-28T19:00,24.5,87,22.1,0.0,0.408,25.3,14.9,1003.8,100
2025-10-28T20:00,24.4,85,21.7,0.0,0.406,25.1,15.1,1003.1,91
2025-10-28T21:00,24.0,86,21.6,0.0,0.404,25.0,14.8,1002.4,99
2025-10-28T22:00,23.8,86,21.4,0.0,0.403,24.8,13.5,1001.7,82
2025-10-28T23:00,23.6,87,21.2,0.0,0.401,24.6,13.9,1001.3,32
2025-10-29T00:00,23.9,85,21.2,0.0,0.399,25.0,13.6,1002.0,100
2025-10-29T01:00,23.8,84,21.0,0.0,0.397,24.8,12.4,1003.0,60
2025-10-29T02:00,24.3,83,21.2,0.0,0.396,24.7,12.6,1003.8,88
2025-10-29T03:00,25.6,80,21.8,0.0,0.394,25.3,11.8,1003.9,96
2025-10-29T04:00,27.0,75,22.2,0.0,0.392,26.2,11.9,1004.0,84
2025-10-29T05:00,28.4,71,22.6,0.0,0.388,27.4,11.7,1004.2,12
2025-10-29T06:00,29.8,65,22.4,0.0,0.396,28.0,15.7,1003.3,45
2025-10-29T07:00,30.3,65,22.9,0.0,0.392,29.0,14.3,1002.6,27
2025-10-29T08:00,30.7,62,22.5,0.0,0.387,29.7,13.8,1001.5,35
2025-10-29T09:00,31.1,60,22.4,0.0,0.384,30.0,13.7,1000.5,37
2025-10-29T10:00,31.0,60,22.4,0.0,0.38,30.0,12.6,1000.2,44
2025-10-29T11:00,30.1,64,22.5,0.0,0.378,29.6,11.1,1000.1,71
2025-10-29T12:00,28.4,72,22.8,0.0,0.378,29.0,8.4,1000.9,99
2025-10-29T13:00,27.9,73,22.5,0.0,0.377,28.3,10.0,1001.0,98
2025-10-29T14:00,27.3,72,21.9,0.0,0.376,27.7,10.7,1001.6,72
2025-10-29T15:00,26.9,72,21.5,0.0,0.376,27.2,12.6,1002.0,72
2025-10-29T16:00,26.8,72,21.3,0.0,0.375,26.8,14.6,1002.0,80
2025-10-29T17:00,26.7,71,21.1,0.0,0.374,26.6,15.0,1001.9,91
2025-10-29T18:00,26.4,71,20.6,0.0,0.373,26.7,16.4,1001.4,100
2025-10-29T19:00,26.0,71,20.4,0.0,0.372,26.4,15.3,1001.7,99
2025-10-29T20:00,25.3,75,20.4,0.0,0.372,26.1,14.1,1001.8,100
2025-10-29T21:00,24.6,78,20.6,0.1,0.372,25.8,12.7,1001.7,100
2025-10-29T22:00,24.5,79,20.7,0.0,0.371,25.6,11.6,1001.4,100
2025-10-29T23:00,24.4,80,20.7,0.0,0.371,25.4,10.9,1001.5,100
2025-10-30T00:00,24.6,79,20.7,0.0,0.382,25.5,12.6,1001.3,100
2025-10-30T01:00,24.9,76,20.3,0.0,0.381,25.4,11.7,1002.0,100
2025-10-30T02:00,24.9,76,20.3,0.0,0.38,25.3,11.6,1002.9,100
2025-10-30T03:00,25.5,75,20.8,0.0,0.378,25.5,10.6,1003.3,100
2025-10-30T04:00,26.2,74,21.2,0.0,0.377,26.0,10.7,1004.0,100
2025-10-30T05:00,25.9,78,21.8,0.2,0.377,26.2,10.7,1004.5,100
2025-10-30T06:00,26.6,79,22.8,0.4,0.385,26.2,13.1,1004.1,100
2025-10-30T07:00,26.7,81,23.1,0.5,0.388,26.8,9.8,1003.5,100
2025-10-30T08:00,26.1,84,23.2,0.5,0.391,26.7,9.5,1002.7,100
2025-10-30T09:00,25.5,90,23.7,0.5,0.394,26.4,8.8,1002.2,100
2025-10-30T10:00,25.6,93,24.3,0.6,0.398,26.3,6.8,1001.8,100
2025-10-30T11:00,25.6,92,24.2,0.8,0.405,26.1,4.9,1001.7,100
2025-10-30T12:00,24.7,93,23.5,0.2,0.415,25.9,8.1,1002.9,100
2025-10-30T13:00,24.2,96,23.4,1.1,0.424,25.4,7.8,1003.0,100
2025-10-30T14:00,24.1,95,23.3,4.5,0.43,25.0,6.6,1003.7,100
2025-10-30T15:00,24.1,96,23.4,2.0,0.438,24.8,4.3,1004.4,100
2025-10-30T16:00,24.0,96,23.4,1.9,0.435,24.7,5.0,1004.6,100
2025-10-30T17:00,23.9,97,23.3,0.3,0.429,24.6,2.9,1004.7,100
2025-10-30T18:00,23.7,96,23.0,0.2,0.423,24.9,5.5,1004.8,100
2025-10-30T19:00,23.7,97,23.2,0.3,0.424,24.7,5.9,1004.7,100
2025-10-30T20:00,23.6,97,23.1,0.2,0.422,24.5,8.6,1003.9,100
2025-10-30T21:00,23.5,96,22.9,0.4,0.424,24.4,9.1,1003.5,98
2025-10-30T22:00,23.4,96,22.7,0.1,0.421,24.2,8.7,1003.2,99
2025-10-30T23:00,23.2,97,22.7,0.0,0.418,24.1,9.1,1003.3,100
2025-10-31T00:00,23.4,97,23.0,0.0,0.415,24.6,9.9,1003.7,100
2025-10-31T01:00,23.4,97,22.9,0.5,0.418,24.4,9.2,1004.4,100
2025-10-31T02:00,23.4,97,22.9,0.7,0.424,24.2,8.4,1005.1,100
2025-10-31T03:00,24.0,95,23.2,0.1,0.42,24.3,7.2,1005.7,100
2025-10-31T04:00,25.2,90,23.4,0.0,0.417,24.9,8.3,1005.8,100
2025-10-31T05:00,25.7,88,23.5,0.0,0.414,25.3,6.7,1005.5,100
2025-10-31T06:00,26.7,82,23.5,0.0,0.416,25.6,5.2,1005.8,100
2025-10-31T07:00,27.2,79,23.2,0.0,0.412,26.3,4.8,1004.6,100
2025-10-31T08:00,27.0,78,22.8,0.6,0.415,26.6,5.4,1004.4,100
2025-10-31T09:00,26.0,88,24.0,1.8,0.432,26.3,2.5,1003.9,100
2025-10-31T10:00,25.8,91,24.1,1.9,0.437,26.1,0.5,1003.4,100
2025-10-31T11:00,25.9,89,24.0,0.5,0.43,26.0,3.7,1003.3,100
2025-10-31T12:00,25.9,91,24.4,0.0,0.425,25.8,6.0,1003.8,100
2025-10-31T13:00,25.4,93,24.2,0.0,0.42,25.6,6.3,1004.2,100
2025-10-31T14:00,25.1,95,24.2,0.0,0.417,25.4,6.6,1004.5,100
2025-10-31T15:00,24.9,94,23.9,0.0,0.415,25.2,6.1,1005.3,100
2025-10-31T16:00,24.7,93,23.5,0.1,0.413,25.1,7.4,1005.5,88
2025-10-31T17:00,24.5,94,23.4,0.0,0.411,24.9,10.2,1005.4,100
2025-10-31T18:00,25.0,94,24.0,0.0,0.403,26.1,9.1,1005.6,98
2025-10-31T19:00,24.9,94,23.8,0.0,0.402,25.6,9.1,1005.1,100
2025-10-31T20:00,24.7,92,23.3,0.0,0.401,25.3,9.4,1004.5,98
2025-10-31T21:00,24.4,91,22.8,0.0,0.4,25.0,7.9,1004.2,100
2025-10-31T22:00,24.6,88,22.5,0.0,0.399,24.9,9.4,1004.3,100
2025-10-31T23:00,24.6,87,22.4,0.0,0.398,24.8,11.6,1004.2,95
2025-11-01T00:00,23.7,95,22.9,0.0,0.412,25.6,6.1,1004.5,98
2025-11-01T01:00,24.0,96,23.3,0.4,0.415,25.0,5.0,1005.2,100
2025-11-01T02:00,23.7,96,23.1,3.0,0.439,24.7,7.5,1006.4,100
2025-11-01T03:00,24.0,96,23.3,2.4,0.434,24.6,7.3,1006.8,100
2025-11-01T04:00,24.9,93,23.6,0.2,0.43,24.9,7.6,1007.2,100
2025-11-01T05:00,26.7,81,23.3,0.1,0.426,26.0,4.0,1007.3,100
2025-11-01T06:00,27.4,79,23.5,0.0,0.44,26.6,7.8,1006.7,59
2025-11-01T07:00,29.3,72,23.7,0.0,0.425,28.1,4.7,1005.6,19
2025-11-01T08:00,30.3,70,24.3,0.0,0.419,29.3,3.4,1004.7,83
2025-11-01T09:00,30.5,69,24.1,0.0,0.415,29.7,3.1,1003.8,88
2025-11-01T10:00,29.5,74,24.4,0.1,0.413,29.6,3.6,1003.4,40
2025-11-01T11:00,29.4,75,24.5,0.1,0.411,29.4,2.7,1003.5,39
2025-11-01T12:00,26.0,90,24.2,0.8,0.422,28.0,5.9,1004.6,17
2025-11-01T13:00,25.3,93,24.2,0.0,0.42,27.1,2.1,1005.1,17
2025-11-01T14:00,24.9,96,24.1,0.0,0.417,26.4,4.0,1005.5,10
2025-11-01T15:00,24.6,96,23.9,0.0,0.416,25.9,4.3,1005.9,72
2025-11-01T16:00,24.7,96,24.0,0.0,0.414,25.6,5.1,1006.5,98
2025-11-01T17:00,24.6,96,24.0,0.0,0.412,25.4,6.2,1006.7,94
2025-11-01T18:00,25.6,95,24.8,0.0,0.411,26.7,9.0,1006.5,100
2025-11-01T19:00,25.6,91,24.1,0.0,0.409,26.2,6.4,1006.2,96
2025-11-01T20:00,25.1,92,23.7,0.0,0.408,25.7,6.0,1005.8,97
2025-11-01T21:00,24.6,94,23.6,0.0,0.407,25.4,5.6,1005.7,83
2025-11-01T22:00,24.6,94,23.6,0.0,0.406,25.2,5.8,1005.4,55
2025-11-01T23:00,24.4,94,23.4,0.0,0.405,25.0,5.4,1005.6,38
2025-11-02T00:00,24.4,99,24.2,0.2,0.397,26.2,2.3,1005.9,31
2025-11-02T01:00,24.1,99,24.0,0.0,0.397,25.7,3.6,1006.8,71
2025-11-02T02:00,24.6,96,23.8,0.4,0.401,25.4,6.7,1007.8,38
2025-11-02T03:00,25.7,90,23.9,0.0,0.4,25.6,8.8,1008.2,63
2025-11-02T04:00,27.4,84,24.4,0.0,0.398,26.5,10.3,1008.6,100
2025-11-02T05:00,28.1,83,24.9,0.0,0.396,27.4,9.2,1008.4,100
2025-11-02T06:00,28.0,81,24.4,0.0,0.397,28.1,10.3,1008.1,97
2025-11-02T07:00,29.1,76,24.4,0.2,0.396,28.6,6.9,1007.0,29
2025-11-02T08:00,30.2,73,24.7,0.1,0.394,29.5,8.9,1006.1,33
2025-11-02T09:00,30.7,70,24.7,0.0,0.39,30.1,8.5,1005.2,29
2025-11-02T10:00,29.2,75,24.2,0.7,0.394,29.9,10.4,1004.9,49
2025-11-02T11:00,29.1,75,24.3,0.0,0.393,29.3,7.6,1004.9,24
2025-11-02T12:00,27.3,85,24.6,0.3,0.405,28.1,3.6,1005.4,17
2025-11-02T13:00,25.9,91,24.3,0.0,0.404,27.3,3.7,1005.9,12
2025-11-02T14:00,25.7,91,24.1,0.0,0.403,26.7,6.0,1006.7,16
2025-11-02T15:00,25.9,91,24.4,0.0,0.402,26.3,9.0,1007.2,13
2025-11-02T16:00,25.6,93,24.4,0.0,0.401,26.1,8.6,1007.7,6
2025-11-02T17:00,25.1,95,24.2,0.0,0.4,25.8,8.7,1007.8,65
2025-11-02T18:00,25.2,98,24.8,0.0,0.383,27.3,7.8,1007.2,44
2025-11-02T19:00,25.2,98,24.8,0.0,0.383,26.6,10.1,1007.0,34
2025-11-02T20:00,24.9,98,24.5,0.0,0.383,26.2,9.2,1006.6,78
2025-11-02T21:00,24.8,98,24.4,0.0,0.384,25.8,9.1,1006.2,23
2025-11-02T22:00,24.5,98,24.2,0.0,0.384,25.6,7.8,1005.9,26
2025-11-02T23:00,24.3,99,24.1,0.0,0.384,25.4,7.7,1005.9,88
2025-11-03T00:00,25.0,99,24.7,0.1,0.385,26.7,9.2,1005.9,100
2025-11-03T01:00,25.2,97,24.7,0.0,0.385,26.3,9.3,1006.5,86
2025-11-03T02:00,25.2,96,24.5,0.0,0.385,26.0,8.5,1007.1,40
2025-11-03T03:00,25.9,91,24.4,0.0,0.385,26.2,10.1,1007.8,31
2025-11-03T04:00,27.6,82,24.3,0.0,0.384,26.9,11.2,1007.8,17
2025-11-03T05:00,29.0,74,23.8,0.0,0.382,28.0,11.8,1008.0,14
2025-11-03T06:00,29.1,77,24.6,0.2,0.38,29.1,12.6,1007.5,29
2025-11-03T07:00,30.0,72,24.4,0.1,0.378,29.7,12.9,1006.4,26
2025-11-03T08:00,30.6,68,24.0,0.0,0.375,30.3,12.4,1005.3,15
2025-11-03T09:00,30.5,66,23.4,0.0,0.372,30.5,12.8,1004.2,20
2025-11-03T10:00,30.5,61,22.2,0.0,0.37,30.4,14.0,1003.7,27
2025-11-03T11:00,29.5,67,22.9,0.0,0.368,29.9,14.0,1003.7,41
2025-11-03T12:00,28.2,76,23.5,0.0,0.359,29.3,11.4,1004.0,86
2025-11-03T13:00,27.2,81,23.6,0.0,0.359,28.3,12.6,1004.5,87
2025-11-03T14:00,26.8,83,23.6,0.0,0.36,27.7,13.6,1005.0,25
2025-11-03T15:00,26.4,85,23.7,0.0,0.36,27.3,12.0,1005.9,5
2025-11-03T16:00,26.0,87,23.7,0.0,0.361,26.9,12.0,1006.3,100
2025-11-03T17:00,26.3,87,24.0,0.0,0.361,26.8,12.6,1006.4,10
2025-11-03T18:00,25.7,91,24.1,0.1,0.364,27.6,14.4,1006.6,94
2025-11-03T19:00,25.1,92,23.7,0.3,0.367,26.7,13.6,1006.3,86
2025-11-03T20:00,24.4,94,23.5,0.0,0.368,26.1,8.9,1005.8,96
2025-11-03T21:00,24.3,96,23.6,0.0,0.368,25.7,8.7,1005.3,73
2025-11-03T22:00,24.3,96,23.6,0.0,0.368,25.4,9.7,1005.2,62
2025-11-03T23:00,24.0,96,23.2,0.0,0.368,25.1,8.9,1005.1,55
2025-11-04T00:00,23.7,95,22.8,0.0,0.356,26.9,7.7,1005.3,88
2025-11-04T01:00,23.7,93,22.5,0.0,0.357,26.1,8.0,1005.8,35
2025-11-04T02:00,24.0,91,22.3,0.0,0.357,25.7,8.2,1006.5,30
2025-11-04T03:00,25.3,84,22.4,0.0,0.357,26.0,6.7,1007.1,29
2025-11-04T04:00,26.5,80,22.7,0.0,0.356,26.8,7.2,1007.8,43
2025-11-04T05:00,27.3,76,22.7,0.1,0.356,27.6,8.5,1008.2,40
2025-11-04T06:00,27.8,74,22.7,0.1,0.353,29.0,6.7,1007.3,44
2025-11-04T07:00,28.8,69,22.5,0.0,0.351,29.5,6.8,1006.4,26
2025-11-04T08:00,29.4,67,22.6,0.1,0.349,30.1,8.7,1005.4,59
2025-11-04T09:00,29.3,65,22.1,0.0,0.346,30.0,9.6,1004.6,75
2025-11-04T10:00,28.9,66,22.0,0.0,0.345,29.7,10.3,1004.0,47
2025-11-04T11:00,28.2,68,21.7,0.3,0.347,29.0,8.7,1004.0,23
2025-11-04T12:00,27.8,78,23.6,0.0,0.334,28.8,3.3,1004.0,10
2025-11-04T13:00,26.6,77,22.2,0.0,0.335,27.8,1.7,1004.1,7
2025-11-04T14:00,25.4,81,22.0,0.0,0.336,27.0,4.6,1004.6,6
2025-11-04T15:00,24.8,83,21.7,0.0,0.337,26.3,6.6,1005.3,0
2025-11-04T16:00,24.1,87,21.8,0.0,0.338,25.8,6.8,1005.9,0
2025-11-04T17:00,23.3,92,22.0,0.0,0.338,25.3,5.7,1006.1,0
2025-11-04T18:00,23.9,95,23.1,0.0,0.329,26.5,7.7,1006.1,0
2025-11-04T19:00,23.8,96,23.2,0.0,0.33,25.9,6.7,1006.1,0
2025-11-04T20:00,23.2,98,22.8,0.0,0.331,25.4,5.2,1005.7,0
2025-11-04T21:00,22.6,98,22.2,0.0,0.332,24.9,4.6,1005.4,88
2025-11-04T22:00,22.3,98,22.1,0.0,0.333,24.6,4.4,1005.1,74
2025-11-04T23:00,21.8,100,21.7,0.0,0.333,24.2,3.2,1005.3,70
2025-11-05T00:00,23.3,99,23.1,0.0,0.335,25.9,6.2,1005.4,100
2025-11-05T01:00,23.1,97,22.6,0.0,0.336,25.4,4.1,1006.0,100
2025-11-05T02:00,23.0,96,22.4,0.0,0.336,25.0,2.3,1006.8,100
2025-11-05T03:00,24.0,91,22.4,0.0,0.337,25.4,2.7,1007.4,98
2025-11-05T04:00,25.3,83,22.2,0.0,0.337,26.0,4.5,1007.9,100
2025-11-05T05:00,26.8,74,21.8,0.0,0.336,27.0,3.4,1008.2,70
2025-11-05T06:00,28.3,69,22.1,0.0,0.333,28.3,2.4,1007.7,19
2025-11-05T07:00,29.5,60,21.0,0.0,0.331,29.4,3.6,1006.8,22
2025-11-05T08:00,30.1,54,19.9,0.0,0.328,30.1,4.5,1005.8,29
2025-11-05T09:00,30.3,52,19.3,0.0,0.325,30.4,4.9,1005.1,86
2025-11-05T10:00,30.2,50,18.7,0.0,0.323,30.2,5.4,1004.7,98
2025-11-05T11:00,29.6,54,19.4,0.0,0.322,29.7,4.6,1004.5,90
2025-11-05T12:00,28.0,64,20.5,0.0,0.323,28.9,2.3,1004.8,82
2025-11-05T13:00,25.9,64,18.6,0.0,0.323,27.5,2.9,1005.3,91
2025-11-05T14:00,24.8,68,18.4,0.0,0.324,26.4,3.9,1005.7,58
2025-11-05T15:00,23.9,71,18.3,0.0,0.325,25.4,4.0,1006.5,23
2025-11-05T16:00,23.5,72,18.2,0.0,0.325,24.7,3.1,1006.9,20
2025-11-05T17:00,22.4,78,18.3,0.0,0.326,24.1,4.3,1007.2,0
2025-11-05T18:00,21.9,83,19.0,0.0,0.326,24.5,4.4,1007.3,0
2025-11-05T19:00,21.7,82,18.5,0.0,0.327,23.8,4.0,1007.1,0
2025-11-05T20:00,21.0,84,18.2,0.0,0.328,23.3,5.4,1006.8,0
2025-11-05T21:00,20.9,85,18.2,0.0,0.328,22.9,6.6,1006.4,0
2025-11-05T22:00,20.8,83,17.8,0.0,0.328,22.5,5.6,1006.3,0
2025-11-05T23:00,20.5,83,17.5,0.0,0.329,22.1,3.8,1006.2,0
2025-11-06T00:00,20.2,93,19.1,0.0,0.32,24.0,3.9,1006.4,0
2025-11-06T01:00,20.6,93,19.5,0.0,0.321,23.3,7.6,1007.2,0
2025-11-06T02:00,21.0,91,19.6,0.0,0.322,23.0,8.0,1007.9,0
2025-11-06T03:00,23.1,85,20.5,0.0,0.322,23.5,5.6,1008.5,0
2025-11-06T04:00,25.7,76,21.1,0.0,0.321,24.8,5.1,1009.0,0
2025-11-06T05:00,27.9,67,21.2,0.0,0.32,26.3,6.1,1009.5,0
2025-11-06T06:00,29.7,53,19.0,0.0,0.317,27.6,8.0,1008.9,0
2025-11-06T07:00,30.7,36,13.9,0.0,0.314,28.5,8.5,1008.2,0
2025-11-06T08:00,30.9,35,13.6,0.0,0.31,29.1,8.0,1007.3,0
2025-11-06T09:00,30.7,36,13.9,0.0,0.307,29.3,7.9,1006.6,0
2025-11-06T10:00,30.3,39,14.7,0.0,0.304,29.2,7.0,1006.0,0
2025-11-06T11:00,29.2,52,18.2,0.0,0.303,28.7,5.7,1006.2,0
2025-11-06T12:00,26.4,60,18.1,0.0,0.305,27.8,7.0,1006.5,0
2025-11-06T13:00,24.4,57,15.4,0.0,0.306,26.4,7.7,1006.9,0
2025-11-06T14:00,22.9,57,14.0,0.0,0.306,25.1,7.7,1007.6,0
2025-11-06T15:00,21.8,57,12.9,0.0,0.306,24.1,7.9,1008.4,0
2025-11-06T16:00,21.5,53,11.5,0.0,0.306,23.3,8.7,1008.6,0
2025-11-06T17:00,21.1,49,10.1,0.0,0.307,22.6,8.5,1008.6,0
2025-11-06T18:00,20.0,57,11.3,0.0,0.307,22.7,7.3,1008.6,0
2025-11-06T19:00,19.3,59,11.1,0.0,0.307,22.0,7.0,1008.4,0
2025-11-06T20:00,18.6,61,11.0,0.0,0.308,21.3,6.8,1007.9,0
2025-11-06T21:00,17.9,64,11.0,0.0,0.308,20.7,6.7,1007.8,0
2025-11-06T22:00,17.4,68,11.3,0.0,0.308,20.2,6.2,1007.8,0
2025-11-06T23:00,17.2,69,11.4,0.0,0.309,19.9,7.0,1008.1,0
2025-11-07T00:00,18.1,75,13.5,0.0,0.309,21.6,9.7,1008.2,0
2025-11-07T01:00,18.2,75,13.6,0.0,0.309,21.0,9.2,1009.1,0
2025-11-07T02:00,18.5,76,14.1,0.0,0.31,20.6,9.8,1009.8,0
2025-11-07T03:00,20.7,73,15.6,0.0,0.31,21.2,8.5,1010.6,0
2025-11-07T04:00,23.3,66,16.6,0.0,0.309,22.4,6.6,1011.2,0
2025-11-07T05:00,25.9,61,17.7,0.0,0.307,24.1,5.8,1011.1,0
2025-11-07T06:00,28.5,49,16.7,0.0,0.305,26.3,7.4,1010.6,0
2025-11-07T07:00,29.6,32,11.3,0.0,0.301,27.2,10.4,1009.8,0
2025-11-07T08:00,29.7,31,10.5,0.0,0.297,27.7,11.0,1009.1,0
2025-11-07T09:00,29.4,31,10.8,0.0,0.294,27.9,11.0,1008.4,0
2025-11-07T10:00,28.8,37,12.9,0.0,0.292,27.7,9.8,1007.8,0
2025-11-07T11:00,27.3,46,14.7,0.0,0.29,27.1,7.8,1007.8,0
2025-11-07T12:00,24.5,54,14.5,0.0,0.289,26.1,7.9,1007.9,0
2025-11-07T13:00,22.9,53,12.7,0.0,0.289,24.6,9.2,1008.6,0
2025-11-07T14:00,21.8,50,10.9,0.0,0.289,23.4,8.9,1009.4,0
2025-11-07T15:00,20.2,53,10.4,0.0,0.289,22.4,7.6,1010.0,0
2025-11-07T16:00,18.9,57,10.2,0.0,0.29,21.5,7.5,1010.2,0
2025-11-07T17:00,18.0,60,10.1,0.0,0.29,20.6,7.3,1010.2,0
2025-11-07T18:00,17.4,66,10.9,0.0,0.291,20.6,6.4,1010.2,0
2025-11-07T19:00,16.6,70,11.0,0.0,0.291,19.9,6.1,1010.1,0
2025-11-07T20:00,16.2,71,11.0,0.0,0.292,19.3,4.4,1010.0,0
2025-11-07T21:00,15.7,74,11.0,0.0,0.292,18.8,5.1,1009.7,0
2025-11-07T22:00,15.1,77,11.1,0.0,0.292,18.3,4.7,1009.9,0
2025-11-07T23:00,14.4,81,11.2,0.0,0.293,18.0,5.7,1010.0,0
2025-11-08T00:00,14.8,88,12.9,0.0,0.293,19.4,5.7,1010.2,0
2025-11-08T01:00,14.8,89,13.1,0.0,0.294,18.8,5.7,1010.9,0
2025-11-08T02:00,16.0,85,13.5,0.0,0.294,18.5,6.5,1011.6,0
2025-11-08T03:00,18.9,77,14.9,0.0,0.294,19.3,5.4,1012.2,0
2025-11-08T04:00,22.2,68,16.1,0.0,0.294,20.9,3.6,1012.6,0
2025-11-08T05:00,25.1,59,16.5,0.0,0.292,22.7,3.5,1012.6,0
2025-11-08T06:00,27.8,45,14.7,0.0,0.29,25.4,3.8,1012.0,0
2025-11-08T07:00,29.0,34,11.7,0.0,0.287,26.5,6.4,1011.2,0
2025-11-08T08:00,29.3,31,10.4,0.0,0.284,27.1,9.0,1010.1,0
2025-11-08T09:00,29.0,32,10.5,0.0,0.281,27.3,10.6,1009.3,0
2025-11-08T10:00,28.4,38,12.6,0.0,0.278,27.1,9.6,1008.9,0
2025-11-08T11:00,27.1,47,14.8,0.0,0.277,26.5,6.8,1008.7,0
2025-11-08T12:00,24.2,57,15.1,0.0,0.27,25.5,7.4,1008.8,0
2025-11-08T13:00,22.8,52,12.3,0.0,0.27,24.0,10.6,1009.0,0
2025-11-08T14:00,21.8,47,10.0,0.0,0.27,22.9,9.7,1009.8,0
2025-11-08T15:00,19.4,55,10.1,0.0,0.27,21.8,7.6,1010.1,0
2025-11-08T16:00,18.0,60,10.2,0.0,0.27,20.8,7.3,1010.4,0
2025-11-08T17:00,17.0,66,10.5,0.0,0.271,19.9,6.9,1010.7,0
2025-11-08T18:00,16.5,71,11.3,0.0,0.271,19.4,6.0,1010.6,0
2025-11-08T19:00,15.7,75,11.3,0.0,0.271,18.8,6.3,1010.1,0
2025-11-08T20:00,15.9,72,10.9,0.0,0.272,18.5,7.3,1010.0,0
2025-11-08T21:00,15.4,73,10.5,0.0,0.272,18.1,6.7,1009.7,0
2025-11-08T22:00,15.3,72,10.2,0.0,0.273,17.8,6.8,1009.4,0
2025-11-08T23:00,15.1,73,10.2,0.0,0.273,17.5,6.7,1009.4,0
2025-11-09T00:00,15.1,79,11.4,0.0,0.274,18.7,6.1,1009.5,0
2025-11-09T01:00,14.8,81,11.6,0.0,0.274,18.1,5.9,1010.3,0
2025-11-09T02:00,16.0,78,12.2,0.0,0.274,17.8,5.7,1011.0,0
2025-11-09T03:00,18.8,72,13.7,0.0,0.275,18.7,5.5,1011.4,0
2025-11-09T04:00,21.9,64,14.8,0.0,0.274,20.2,3.8,1012.0,0
2025-11-09T05:00,24.5,56,15.2,0.0,0.272,22.1,4.0,1011.9,0
2025-11-09T06:00,27.2,46,14.4,0.0,0.271,25.1,3.5,1010.6,0
2025-11-09T07:00,28.6,35,11.8,0.0,0.268,26.2,5.1,1009.6,0
2025-11-09T08:00,29.1,31,10.4,0.0,0.264,26.9,6.5,1008.8,0
2025-11-09T09:00,29.0,32,10.5,0.0,0.261,27.2,7.4,1007.9,0
2025-11-09T10:00,28.4,35,11.7,0.0,0.259,27.0,8.3,1007.4,0
2025-11-09T11:00,27.0,49,15.4,0.0,0.258,26.4,7.5,1007.3,0
2025-11-09T12:00,24.2,58,15.3,0.0,0.254,25.4,6.9,1007.4,0
2025-11-09T13:00,22.1,59,13.7,0.0,0.254,23.9,8.0,1007.4,0
2025-11-09T14:00,21.5,54,11.7,0.0,0.254,22.7,9.3,1008.1,0
2025-11-09T15:00,21.0,46,8.9,0.0,0.254,21.8,9.3,1008.6,0
2025-11-09T16:00,19.5,50,8.9,0.0,0.254,21.0,7.7,1008.8,0
2025-11-09T17:00,18.2,56,9.2,0.0,0.254,20.2,7.4,1008.8,0
2025-11-09T18:00,17.5,61,10.0,0.0,0.255,19.5,6.9,1008.6,0
2025-11-09T19:00,16.8,65,10.1,0.0,0.255,18.9,4.7,1008.2,0
2025-11-09T20:00,16.4,65,9.9,0.0,0.256,18.4,3.8,1008.0,0
2025-11-09T21:00,16.0,67,9.9,0.0,0.256,17.9,4.1,1007.8,0
2025-11-09T22:00,15.5,69,9.9,0.0,0.257,17.5,4.0,1007.7,0
2025-11-09T23:00,14.6,74,10.1,0.0,0.257,17.1,5.0,1007.9,0
2025-11-10T00:00,14.5,83,11.7,0.0,0.258,18.5,6.2,1008.3,0
2025-11-10T01:00,14.7,82,11.6,0.0,0.258,17.8,5.8,1008.7,0
2025-11-10T02:00,15.8,79,12.1,0.0,0.259,17.6,5.9,1009.6,0
2025-11-10T03:00,18.6,73,13.7,0.0,0.259,18.4,5.5,1010.3,0
2025-11-10T04:00,22.0,69,15.9,0.0,0.258,20.1,3.2,1010.9,0
2025-11-10T05:00,24.9,55,15.1,0.0,0.257,21.9,4.5,1010.8,0
2025-11-10T06:00,27.1,47,15.0,0.0,0.255,24.5,3.4,1010.1,0
2025-11-10T07:00,28.8,32,10.6,0.0,0.252,25.9,3.9,1009.1,0
2025-11-10T08:00,29.2,29,9.3,0.0,0.249,26.7,2.3,1008.2,0
2025-11-10T09:00,29.2,29,9.5,0.0,0.247,27.2,0.7,1007.3,0
2025-11-10T10:00,28.9,32,10.3,0.0,0.245,27.2,2.3,1007.1,0
2025-11-10T11:00,28.0,41,13.6,0.0,0.244,26.7,4.3,1007.1,0
2025-11-10T12:00,24.5,65,17.5,0.0,0.237,25.8,5.1,1007.3,0
2025-11-10T13:00,21.7,68,15.6,0.0,0.237,24.1,5.8,1007.5,0
2025-11-10T14:00,20.5,67,14.1,0.0,0.238,22.7,5.1,1008.1,0
2025-11-10T15:00,19.6,65,12.7,0.0,0.238,21.5,5.0,1008.7,0
2025-11-10T16:00,18.8,65,12.2,0.0,0.239,20.6,4.8,1008.9,0
2025-11-10T17:00,18.2,68,12.1,0.0,0.239,19.9,4.5,1009.0,0
2025-11-10T18:00,17.8,73,12.8,0.0,0.24,19.6,6.0,1008.8,0
2025-11-10T19:00,17.0,76,12.7,0.0,0.24,19.0,4.5,1008.8,0
2025-11-10T20:00,16.9,75,12.5,0.0,0.24,18.5,2.6,1008.5,0
2025-11-10T21:00,16.2,78,12.3,0.0,0.241,18.1,3.7,1008.3,0
2025-11-10T22:00,15.2,83,12.3,0.0,0.241,17.7,4.5,1008.4,0
2025-11-10T23:00,14.7,85,12.1,0.0,0.242,17.3,5.7,1008.6,0
2025-11-11T00:00,15.2,82,12.2,0.0,0.242,18.3,7.1,1008.8,0
2025-11-11T01:00,15.3,79,11.7,0.0,0.242,17.8,7.3,1009.5,0
2025-11-11T02:00,16.1,76,11.8,0.0,0.243,17.6,7.8,1010.4,0
2025-11-11T03:00,18.9,70,13.4,0.0,0.243,18.4,6.8,1011.0,0
2025-11-11T04:00,22.2,67,15.8,0.0,0.242,20.0,3.6,1011.7,0
2025-11-11T05:00,25.0,57,15.9,0.0,0.241,22.0,4.2,1011.7,0
2025-11-11T06:00,27.3,46,14.8,0.0,0.239,24.4,3.2,1011.1,0
2025-11-11T07:00,28.8,35,11.7,0.0,0.236,25.8,2.5,1010.2,0
2025-11-11T08:00,29.1,32,10.9,0.0,0.234,26.8,1.6,1009.2,0
2025-11-11T09:00,29.2,32,10.9,0.0,0.231,27.3,1.1,1008.4,0
2025-11-11T10:00,28.8,35,11.7,0.0,0.229,27.3,3.6,1008.0,0
2025-11-11T11:00,27.4,50,16.1,0.0,0.228,26.7,5.6,1008.0,0
2025-11-11T12:00,24.4,64,17.3,0.0,0.228,25.7,5.9,1008.1,0
2025-11-11T13:00,22.1,61,14.3,0.0,0.228,24.1,6.8,1008.7,0
2025-11-11T14:00,21.4,57,12.7,0.0,0.229,22.7,5.1,1009.3,0
2025-11-11T15:00,20.3,61,12.4,0.0,0.229,21.7,6.1,1009.9,0
2025-11-11T16:00,19.3,65,12.5,0.0,0.229,20.8,5.8,1010.0,0
2025-11-11T17:00,18.3,69,12.6,0.0,0.229,20.1,5.1,1010.2,0
2025-11-11T18:00,17.6,74,13.0,0.0,0.23,20.0,5.7,1010.3,0
2025-11-11T19:00,17.2,76,12.9,0.0,0.23,19.4,5.9,1009.7,0
2025-11-11T20:00,17.1,75,12.7,0.0,0.231,18.9,4.6,1009.6,0
2025-11-11T21:00,16.9,75,12.5,0.0,0.231,18.5,5.1,1009.5,0
2025-11-11T22:00,16.3,78,12.5,0.0,0.231,18.1,6.7,1009.3,0
2025-11-11T23:00,16.2,79,12.5,0.0,0.232,17.9,6.9,1009.4,0
2025-11-12T00:00,15.9,84,13.2,0.0,0.235,18.6,6.5,1009.7,0
2025-11-12T01:00,15.4,84,12.8,0.0,0.236,18.1,6.1,1010.4,0
2025-11-12T02:00,16.5,79,12.8,0.0,0.236,17.9,6.8,1011.3,0
2025-11-12T03:00,19.1,73,14.1,0.0,0.236,18.7,7.4,1011.8,0
2025-11-12T04:00,22.3,66,15.8,0.0,0.236,20.3,5.3,1012.4,0
2025-11-12T05:00,25.3,58,16.5,0.0,0.235,22.2,5.3,1012.4,0
2025-11-12T06:00,27.8,47,15.4,0.0,0.233,24.4,5.2,1011.8,0
2025-11-12T07:00,29.1,37,12.8,0.0,0.23,25.8,5.2,1011.0,0
2025-11-12T08:00,29.5,34,12.0,0.0,0.228,26.7,4.9,1010.2,0
2025-11-12T09:00,29.5,34,12.0,0.0,0.226,27.2,5.1,1009.4,0
2025-11-12T10:00,29.1,36,12.6,0.0,0.224,27.2,6.2,1009.1,0
2025-11-12T11:00,27.7,51,16.6,0.0,0.223,26.7,5.9,1009.2,0
2025-11-12T12:00,24.8,63,17.4,0.0,0.22,25.8,6.1,1009.3,0
2025-11-12T13:00,22.8,63,15.4,0.0,0.22,24.3,7.6,1009.6,0
2025-11-12T14:00,21.2,65,14.4,0.0,0.22,23.1,7.0,1010.2,0
2025-11-12T15:00,20.5,65,13.8,0.0,0.221,22.1,7.3,1010.9,0
2025-11-12T16:00,19.6,64,12.6,0.0,0.221,21.2,6.6,1011.2,0
2025-11-12T17:00,18.8,65,12.1,0.0,0.222,20.4,7.0,1011.2,0
2025-11-12T18:00,18.8,65,12.1,0.0,0.222,19.6,6.9,1011.2,0
2025-11-12T19:00,17.9,68,11.9,0.0,0.222,19.1,6.2,1010.9,0
2025-11-12T20:00,17.2,69,11.6,0.0,0.223,18.7,6.1,1010.6,0
2025-11-12T21:00,16.6,72,11.5,0.0,0.223,18.2,5.5,1010.6,0
2025-11-12T22:00,15.8,74,11.3,0.0,0.224,17.8,5.4,1010.4,0
2025-11-12T23:00,15.1,77,11.2,0.0,0.224,17.5,5.8,1010.4,0
2025-11-13T00:00,15.4,82,12.3,0.0,0.225,18.4,6.7,1011.1,0
2025-11-13T01:00,15.0,84,12.3,0.0,0.226,17.9,6.0,1011.6,0
2025-11-13T02:00,15.9,81,12.6,0.0,0.226,17.7,6.3,1012.7,0
2025-11-13T03:00,18.6,75,14.1,0.0,0.226,18.4,6.6,1013.3,0
2025-11-13T04:00,21.7,66,15.1,0.0,0.226,20.0,4.7,1013.8,0
2025-11-13T05:00,24.6,56,15.2,0.0,0.225,21.8,5.1,1013.8,0
2025-11-13T06:00,27.3,49,15.7,0.0,0.223,24.5,5.5,1013.1,0
2025-11-13T07:00,28.9,40,14.1,0.0,0.221,25.9,6.6,1012.1,0
2025-11-13T08:00,29.5,34,11.9,0.0,0.218,26.7,8.6,1011.0,0
2025-11-13T09:00,29.5,34,11.8,0.0,0.216,27.1,9.2,1010.0,0
2025-11-13T10:00,29.1,37,12.8,0.0,0.214,27.0,8.3,1009.5,0
2025-11-13T11:00,27.9,49,16.0,0.0,0.213,26.5,6.1,1009.4,0
2025-11-13T12:00,24.8,60,16.4,0.0,0.206,25.6,6.7,1009.6,0
2025-11-13T13:00,22.8,61,14.8,0.0,0.206,24.1,8.2,1010.0,0
2025-11-13T14:00,21.4,58,12.9,0.0,0.206,22.9,7.6,1010.6,0
2025-11-13T15:00,20.0,60,12.1,0.0,0.207,21.8,6.9,1011.1,0
2025-11-13T16:00,19.4,63,12.1,0.0,0.207,20.8,6.7,1011.3,0
2025-11-13T17:00,18.8,63,11.7,0.0,0.207,20.1,7.0,1011.0,0
2025-11-13T18:00,18.3,66,11.8,0.0,0.208,19.5,7.0,1010.9,0
2025-11-13T19:00,17.6,67,11.4,0.0,0.208,18.9,6.1,1010.4,0
2025-11-13T20:00,16.9,69,11.2,0.0,0.208,18.4,5.9,1010.2,0
2025-11-13T21:00,16.3,71,11.1,0.0,0.209,18.0,5.6,1009.9,0
2025-11-13T22:00,15.7,74,11.0,0.0,0.209,17.6,5.8,1009.9,0
2025-11-13T23:00,15.1,77,11.0,0.0,0.21,17.3,5.5,1009.9,0
2025-11-14T00:00,15.4,82,12.3,0.0,0.21,18.2,6.2,1010.5,0
2025-11-14T01:00,15.7,79,12.1,0.0,0.21,17.8,6.8,1011.1,0
2025-11-14T02:00,16.7,74,12.1,0.0,0.21,17.6,7.4,1011.9,0
2025-11-14T03:00,19.6,66,13.1,0.0,0.21,18.4,9.0,1012.4,0
2025-11-14T04:00,22.7,57,13.7,0.0,0.21,20.0,7.3,1012.7,0
2025-11-14T05:00,25.4,51,14.7,0.0,0.209,21.8,7.9,1012.5,0
2025-11-14T06:00,28.1,43,14.2,0.0,0.207,24.4,9.8,1012.0,0
2025-11-14T07:00,29.4,32,10.9,0.0,0.204,25.6,11.0,1011.0,0
2025-11-14T08:00,29.7,31,10.7,0.0,0.202,26.5,9.9,1010.0,0
2025-11-14T09:00,29.6,31,10.7,0.0,0.199,26.9,8.8,1009.1,0
2025-11-14T10:00,29.3,34,11.8,0.0,0.198,26.9,7.3,1008.6,0
2025-11-14T11:00,28.0,46,15.3,0.0,0.197,26.5,4.8,1008.7,0
2025-11-14T12:00,25.3,56,16.0,0.0,0.18,25.7,5.4,1008.6,0
2025-11-14T13:00,22.5,61,14.5,0.0,0.18,24.0,7.0,1009.1,0
2025-11-14T14:00,21.8,58,13.2,0.0,0.18,22.9,8.3,1010.0,0
2025-11-14T15:00,21.1,52,11.0,0.0,0.18,21.9,8.6,1010.6,0
2025-11-14T16:00,20.5,53,10.6,0.0,0.18,21.2,8.6,1010.9,0
2025-11-14T17:00,19.8,55,10.5,0.0,0.18,20.5,8.0,1010.7,0
2025-11-14T18:00,19.1,59,10.9,0.0,0.18,19.7,7.5,1010.6,0
2025-11-14T19:00,18.9,58,10.5,0.0,0.18,19.3,8.5,1010.4,0
2025-11-14T20:00,17.8,62,10.4,0.0,0.18,19.0,7.4,1010.3,0
2025-11-14T21:00,17.4,63,10.4,0.0,0.18,18.6,7.9,1010.1,0
2025-11-14T22:00,17.5,64,10.5,0.0,0.181,18.4,9.4,1010.1,0
2025-11-14T23:00,17.2,64,10.3,0.0,0.181,18.1,8.1,1010.2,0
2025-11-15T00:00,16.7,70,11.2,0.0,0.181,18.4,7.5,1010.6,0
2025-11-15T01:00,16.7,69,10.9,0.0,0.181,18.1,9.0,1011.2,0
2025-11-15T02:00,17.0,69,11.3,0.0,0.181,17.9,9.2,1012.0,0
2025-11-15T03:00,19.5,66,13.0,0.0,0.181,18.6,10.1,1012.5,0
2025-11-15T04:00,22.8,59,14.2,0.0,0.181,20.2,7.9,1012.8,0
2025-11-15T05:00,25.5,53,15.1,0.0,0.18,22.0,8.8,1012.8,0
2025-11-15T06:00,28.0,44,14.6,0.0,0.178,24.4,9.9,1012.5,0
2025-11-15T07:00,29.3,33,11.6,0.0,0.176,25.8,10.4,1011.7,0
2025-11-15T08:00,29.6,32,11.2,0.0,0.174,26.8,9.6,1010.7,0
2025-11-15T09:00,29.7,33,11.6,0.0,0.172,27.3,9.1,1009.9,0
2025-11-15T10:00,29.3,35,12.2,0.0,0.171,27.3,8.0,1009.5,0
2025-11-15T11:00,28.2,46,15.4,0.0,0.17,26.9,4.8,1009.5,0
2025-11-15T12:00,26.2,54,16.1,0.0,0.162,26.1,2.3,1009.7,0
2025-11-15T13:00,23.5,61,15.5,0.0,0.162,24.5,2.7,1010.2,0
2025-11-15T14:00,21.3,67,15.0,0.0,0.162,23.1,5.8,1011.1,0
2025-11-15T15:00,20.4,66,13.9,0.0,0.163,22.1,7.0,1011.9,0
2025-11-15T16:00,19.6,63,12.3,0.0,0.163,21.3,7.2,1012.3,0
2025-11-15T17:00,19.1,61,11.4,0.0,0.163,20.6,7.5,1012.4,0
2025-11-15T18:00,18.1,67,11.9,0.0,0.165,20.1,6.8,1012.3,0
2025-11-15T19:00,17.6,68,11.6,0.0,0.165,19.5,6.8,1011.8,0
2025-11-15T20:00,17.1,68,11.3,0.0,0.165,19.0,6.8,1011.9,0
2025-11-15T21:00,16.8,67,10.7,0.0,0.165,18.6,7.1,1011.8,0
2025-11-15T22:00,16.6,66,10.3,0.0,0.166,18.2,7.4,1011.7,0
2025-11-15T23:00,16.8,63,9.7,0.0,0.166,17.9,8.8,1011.8,0
2025-11-16T00:00,16.4,65,9.9,0.0,0.168,17.9,8.9,1012.3,0
2025-11-16T01:00,16.1,64,9.3,0.0,0.168,17.6,9.2,1013.2,0
2025-11-16T02:00,16.4,63,9.3,0.0,0.168,17.5,9.9,1014.2,0
2025-11-16T03:00,18.5,62,11.1,0.0,0.168,18.1,10.1,1014.8,0
2025-11-16T04:00,21.4,53,11.3,0.0,0.168,19.6,7.8,1015.5,0
2025-11-16T05:00,24.3,47,12.2,0.0,0.167,21.4,7.8,1015.6,0
2025-11-16T06:00,27.0,41,12.7,0.0,0.165,24.0,8.2,1014.7,0
2025-11-16T07:00,28.7,30,9.2,0.0,0.163,25.4,11.4,1013.6,0
2025-11-16T08:00,29.0,28,8.4,0.0,0.161,26.4,12.8,1012.7,0
2025-11-16T09:00,28.9,28,8.6,0.0,0.159,26.9,11.8,1012.0,0
2025-11-16T10:00,28.5,30,9.3,0.0,0.158,26.9,10.0,1011.5,0
2025-11-16T11:00,27.3,37,11.2,0.0,0.157,26.4,6.9,1011.5,0
2025-11-16T12:00,24.4,40,9.8,0.0,0.149,25.5,7.6,1011.6,0
2025-11-16T13:00,22.6,40,8.4,0.0,0.148,23.8,7.6,1012.1,0
2025-11-16T14:00,21.4,44,8.7,0.0,0.148,22.4,6.9,1012.7,0
2025-11-16T15:00,20.0,49,9.1,0.0,0.149,21.3,6.8,1013.2,0
2025-11-16T16:00,19.4,50,8.9,0.0,0.149,20.3,5.7,1013.4,0
2025-11-16T17:00,18.1,54,8.7,0.0,0.149,19.4,5.8,1013.5,0
2025-11-16T18:00,16.9,63,9.9,0.0,0.151,18.1,6.5,1013.6,0
2025-11-16T19:00,15.9,66,9.5,0.0,0.152,17.7,7.2,1012.9,0
2025-11-16T20:00,16.5,60,8.7,0.0,0.152,17.4,8.9,1012.7,0
2025-11-16T21:00,16.5,57,8.0,0.0,0.152,17.3,8.7,1012.4,0
2025-11-16T22:00,16.0,59,7.9,0.0,0.152,17.1,8.2,1012.1,0
2025-11-16T23:00,15.6,60,7.9,0.0,0.153,16.8,8.9,1012.3,0
2025-11-17T00:00,15.4,65,8.8,0.0,0.152,17.1,8.8,1012.5,0
2025-11-17T01:00,15.3,65,8.8,0.0,0.152,16.8,8.9,1013.2,0
2025-11-17T02:00,15.8,65,9.2,0.0,0.153,16.7,9.1,1013.9,0
2025-11-17T03:00,18.2,63,11.2,0.0,0.153,17.5,9.4,1014.2,0
2025-11-17T04:00,21.2,56,12.1,0.0,0.153,19.1,7.7,1014.4,0
2025-11-17T05:00,23.8,50,12.8,0.0,0.152,21.0,7.9,1014.6,0
2025-11-17T06:00,26.4,43,12.8,0.0,0.151,23.9,8.8,1013.7,0
2025-11-17T07:00,27.8,34,10.6,0.0,0.15,25.3,10.9,1012.9,0
2025-11-17T08:00,28.5,31,9.5,0.0,0.148,26.4,10.4,1012.0,0
2025-11-17T09:00,28.7,28,8.5,0.0,0.147,26.9,10.2,1011.2,0
2025-11-17T10:00,28.5,27,7.8,0.0,0.146,27.0,9.6,1010.6,0
2025-11-17T11:00,27.2,33,9.6,0.0,0.146,26.4,7.2,1010.5,0
2025-11-17T12:00,24.7,42,10.9,0.0,0.13,25.4,5.2,1010.6,0
2025-11-17T13:00,22.7,38,7.6,0.0,0.13,23.5,4.5,1011.2,0
2025-11-17T14:00,21.5,38,6.7,0.0,0.13,22.0,5.6,1011.9,0
2025-11-17T15:00,20.2,41,6.7,0.0,0.131,20.9,6.2,1012.4,0
2025-11-17T16:00,19.1,45,6.8,0.0,0.131,19.8,5.9,1012.6,0
2025-11-17T17:00,17.7,50,7.1,0.0,0.131,19.0,5.9,1012.7,0
2025-11-17T18:00,16.5,58,8.3,0.0,0.149,17.8,6.1,1012.4,0
2025-11-17T19:00,15.3,63,8.3,0.0,0.149,17.3,6.6,1012.0,0
2025-11-17T20:00,15.1,64,8.3,0.0,0.149,16.8,6.7,1011.6,0
2025-11-17T21:00,14.9,64,8.2,0.0,0.15,16.4,6.5,1011.1,0
2025-11-17T22:00,14.4,67,8.2,0.0,0.15,16.0,6.2,1010.8,0
2025-11-17T23:00,14.0,67,8.0,0.0,0.151,15.6,6.3,1010.7,0
2025-11-18T00:00,13.6,71,8.4,0.0,0.133,15.5,6.4,1011.0,0
2025-11-18T01:00,13.1,72,8.2,0.0,0.134,15.1,6.5,1011.5,0
2025-11-18T02:00,14.2,69,8.7,0.0,0.134,15.0,6.9,1012.1,0
2025-11-18T03:00,17.3,63,10.3,0.0,0.134,16.1,9.0,1012.7,0
2025-11-18T04:00,20.6,56,11.6,0.0,0.134,18.0,7.6,1013.1,0
2025-11-18T05:00,23.4,50,12.4,0.0,0.134,20.2,7.8,1013.1,0
2025-11-18T06:00,26.5,42,12.7,0.0,0.134,23.3,8.8,1011.7,0
2025-11-18T07:00,27.9,34,10.4,0.0,0.133,25.0,10.1,1010.9,0
2025-11-18T08:00,28.6,30,9.2,0.0,0.132,26.3,9.7,1009.5,0
2025-11-18T09:00,28.8,29,8.9,0.0,0.132,27.1,9.2,1008.8,0
2025-11-18T10:00,28.6,31,9.6,0.0,0.131,27.3,8.5,1008.3,0
2025-11-18T11:00,27.4,39,12.4,0.0,0.131,26.8,6.2,1008.1,0
2025-11-18T12:00,24.7,56,15.3,0.0,0.125,25.9,5.3,1008.1,0
2025-11-18T13:00,22.0,61,14.1,0.0,0.125,24.2,6.6,1008.4,0
2025-11-18T14:00,20.8,62,13.1,0.0,0.125,22.9,7.0,1009.1,0
2025-11-18T15:00,19.9,57,11.3,0.0,0.125,21.8,7.3,1009.6,0
2025-11-18T16:00,18.9,57,10.3,0.0,0.126,20.8,7.1,1009.9,0
2025-11-18T17:00,18.1,59,9.9,0.0,0.126,20.0,6.9,1009.7,0
2025-11-18T18:00,17.4,62,10.1,0.0,0.132,18.5,6.5,1009.5,0
2025-11-18T19:00,16.1,66,9.8,0.0,0.132,17.9,6.4,1009.3,0
2025-11-18T20:00,15.3,69,9.7,0.0,0.133,17.4,6.4,1009.2,0
2025-11-18T21:00,15.2,69,9.5,0.0,0.133,17.1,6.8,1008.8,0
2025-11-18T22:00,14.8,70,9.5,0.0,0.133,16.7,6.8,1008.8,0
2025-11-18T23:00,14.4,72,9.5,0.0,0.134,16.4,6.4,1009.0,0
2025-11-19T00:00,14.0,74,9.4,0.0,0.134,16.0,6.1,1009.3,0
2025-11-19T01:00,13.8,74,9.3,0.0,0.135,15.7,6.6,1010.2,0
2025-11-19T02:00,14.8,71,9.5,0.0,0.135,15.7,7.4,1011.2,0
2025-11-19T03:00,17.5,65,10.9,0.0,0.135,16.6,7.8,1012.2,0
2025-11-19T04:00,20.8,57,12.1,0.0,0.135,18.5,6.2,1012.6,0
2025-11-19T05:00,23.7,52,13.2,0.0,0.135,20.7,6.4,1012.6,0
2025-11-19T06:00,26.7,44,13.4,0.0,0.13,23.8,6.7,1011.8,0
2025-11-19T07:00,28.0,37,12.1,0.0,0.129,25.6,5.4,1011.0,0
2025-11-19T08:00,28.6,35,11.8,0.0,0.129,27.1,4.5,1009.9,0
2025-11-19T09:00,28.9,34,11.6,0.0,0.128,27.9,4.9,1008.8,0
2025-11-19T10:00,28.8,36,12.1,0.0,0.128,28.1,5.2,1008.4,0
2025-11-19T11:00,27.8,44,14.5,0.0,0.127,27.6,4.4,1008.3,0
2025-11-19T12:00,25.1,57,16.0,0.0,0.118,26.7,5.3,1008.3,0
2025-11-19T13:00,22.4,61,14.6,0.0,0.119,25.0,6.4,1008.8,0
2025-11-19T14:00,21.5,62,13.8,0.0,0.119,23.6,7.6,1009.5,0
2025-11-19T15:00,21.3,51,10.8,0.0,0.119,22.6,9.5,1009.8,0
2025-11-19T16:00,20.6,49,9.5,0.0,0.119,21.8,10.6,1010.1,0
2025-11-19T17:00,20.0,51,9.5,0.0,0.12,21.2,10.0,1010.1,0
2025-11-19T18:00,19.3,56,10.3,0.0,0.13,19.5,8.7,1010.1,0
2025-11-19T19:00,17.6,64,10.6,0.0,0.131,19.1,7.3,1009.8,0
2025-11-19T20:00,17.2,65,10.6,0.0,0.131,18.7,8.0,1009.7,0
2025-11-19T21:00,16.7,67,10.6,0.0,0.131,18.3,7.6,1009.8,0
2025-11-19T22:00,16.1,70,10.7,0.0,0.132,18.0,7.7,1009.6,0
2025-11-19T23:00,15.7,73,10.9,0.0,0.132,17.7,7.4,1009.7,0
2025-11-20T00:00,15.6,74,11.0,0.0,0.125,17.9,7.5,1010.2,0
2025-11-20T01:00,15.3,76,11.0,0.0,0.125,17.5,6.9,1010.8,0
2025-11-20T02:00,15.8,74,11.1,0.0,0.126,17.3,7.0,1011.8,0
2025-11-20T03:00,18.6,66,12.2,0.0,0.126,18.0,8.3,1012.4,0
2025-11-20T04:00,21.8,58,13.1,0.0,0.126,19.7,7.0,1013.0,0
2025-11-20T05:00,24.5,52,14.1,0.0,0.126,21.8,7.6,1013.0,0
2025-11-20T06:00,27.1,45,14.2,0.0,0.126,24.3,7.9,1012.3,0
2025-11-20T07:00,28.5,37,12.6,0.0,0.126,26.1,7.5,1011.1,0
2025-11-20T08:00,29.2,34,11.9,0.0,0.125,27.5,7.2,1010.0,0
2025-11-20T09:00,29.5,34,12.0,0.0,0.125,28.3,6.7,1009.1,0
2025-11-20T10:00,29.3,35,12.1,0.0,0.125,28.5,7.3,1008.4,0
2025-11-20T11:00,28.3,42,14.0,0.0,0.125,28.0,5.8,1008.3,0
2025-11-20T12:00,25.8,56,16.5,0.0,0.124,27.0,4.9,1008.5,0
2025-11-20T13:00,22.9,63,15.5,0.0,0.125,25.2,6.3,1009.0,0
2025-11-20T14:00,21.8,65,15.0,0.0,0.125,23.9,6.7,1009.6,0
2025-11-20T15:00,21.2,60,13.1,0.0,0.125,22.9,7.7,1010.3,0
2025-11-20T16:00,20.8,57,12.1,0.0,0.125,22.0,8.3,1010.9,0
2025-11-20T17:00,20.2,59,12.0,0.0,0.125,21.4,8.0,1011.0,0
2025-11-20T18:00,19.8,63,12.6,0.0,0.126,20.3,8.3,1011.1,0
2025-11-20T19:00,18.6,68,12.6,0.0,0.126,19.9,7.4,1010.6,0
2025-11-20T20:00,17.8,71,12.6,0.0,0.127,19.4,6.9,1010.6,0
2025-11-20T21:00,17.6,72,12.6,0.0,0.127,19.1,7.8,1010.4,0
2025-11-20T22:00,16.6,79,12.8,0.0,0.127,18.7,6.0,1010.7,0
2025-11-20T23:00,16.0,82,12.9,0.0,0.128,18.3,5.8,1010.7,0
2025-11-21T00:00,16.1,83,13.2,0.0,0.128,18.5,6.2,1011.0,0
2025-11-21T01:00,16.4,81,13.1,0.0,0.128,18.1,6.8,1011.4,0
2025-11-21T02:00,17.8,73,12.9,0.0,0.129,18.0,8.2,1012.2,0
2025-11-21T03:00,20.6,66,14.0,0.0,0.129,18.9,9.4,1012.9,0
2025-11-21T04:00,23.1,59,14.7,0.0,0.129,20.5,7.4,1013.4,0
2025-11-21T05:00,25.7,54,15.7,0.0,0.129,22.6,7.0,1013.4,0
2025-11-21T06:00,28.0,47,15.5,0.0,0.128,24.8,6.7,1013.1,0
2025-11-21T07:00,29.2,41,14.6,0.0,0.128,26.7,5.3,1012.1,0
2025-11-21T08:00,29.8,39,14.2,0.0,0.127,28.1,4.4,1010.9,0
2025-11-21T09:00,30.0,38,14.0,0.0,0.127,29.0,4.5,1009.8,0
2025-11-21T10:00,29.9,38,14.0,0.0,0.126,29.1,5.4,1009.5,0
2025-11-21T11:00,29.0,46,16.0,0.0,0.126,28.6,4.5,1009.4,0
2025-11-21T12:00,26.4,60,17.9,0.0,0.124,27.5,4.6,1009.6,0
2025-11-21T13:00,23.7,66,16.9,0.0,0.125,25.8,6.4,1010.2,0
2025-11-21T14:00,22.3,71,16.7,0.0,0.125,24.5,6.2,1010.8,0
2025-11-21T15:00,22.0,64,14.9,0.0,0.125,23.5,7.6,1011.3,0
2025-11-21T16:00,22.1,55,12.6,0.0,0.125,22.7,10.1,1011.2,0
2025-11-21T17:00,21.7,54,12.0,0.0,0.125,22.2,10.3,1011.1,0
2025-11-21T18:00,20.8,60,12.7,0.0,0.135,20.9,8.7,1011.3,0
2025-11-21T19:00,19.1,67,12.8,0.0,0.135,20.4,7.0,1010.6,0
2025-11-21T20:00,18.1,72,12.9,0.0,0.135,19.9,6.4,1010.3,0
2025-11-21T21:00,17.3,75,12.9,0.0,0.136,19.4,6.2,1010.0,0
2025-11-21T22:00,16.7,78,12.8,0.0,0.136,19.0,6.2,1009.9,0
2025-11-21T23:00,16.3,79,12.7,0.0,0.136,18.6,6.5,1009.9,0
2025-11-22T00:00,16.1,82,13.0,0.0,0.135,19.3,6.0,1009.8,0
2025-11-22T01:00,16.1,82,13.0,0.0,0.135,18.7,6.3,1010.1,0
2025-11-22T02:00,16.8,80,13.3,0.0,0.135,18.4,7.3,1011.0,0
2025-11-22T03:00,19.3,74,14.5,0.0,0.135,19.1,8.4,1011.7,0
2025-11-22T04:00,22.5,64,15.4,0.0,0.135,20.6,6.7,1012.1,0
2025-11-22T05:00,25.5,56,16.0,0.0,0.135,22.7,7.0,1012.0,0
2025-11-22T06:00,27.9,50,16.5,0.0,0.135,24.6,6.9,1011.4,0
2025-11-22T07:00,29.4,44,15.9,0.0,0.134,26.5,5.6,1010.3,0
2025-11-22T08:00,30.3,38,14.5,0.0,0.133,28.0,4.5,1009.2,0
2025-11-22T09:00,30.6,36,13.7,0.0,0.132,28.8,3.1,1008.2,0
2025-11-22T10:00,30.5,36,13.7,0.0,0.132,29.1,2.9,1007.8,0
2025-11-22T11:00,29.4,48,17.2,0.0,0.131,28.6,3.9,1007.8,0
2025-11-22T12:00,26.1,60,17.6,0.0,0.133,27.3,6.0,1007.8,1
2025-11-22T13:00,23.6,65,16.5,0.0,0.134,25.7,7.0,1008.0,0
2025-11-22T14:00,22.4,63,15.0,0.0,0.134,24.3,7.2,1008.8,0
2025-11-22T15:00,21.6,62,13.9,0.0,0.134,23.2,7.2,1009.6,0
2025-11-22T16:00,20.7,61,13.0,0.0,0.134,22.3,7.0,1009.9,1
2025-11-22T17:00,20.0,60,12.1,0.0,0.134,21.6,7.2,1010.0,0
2025-11-22T18:00,19.8,62,12.3,0.0,0.136,20.0,7.8,1010.0,0
2025-11-22T19:00,19.1,64,12.1,0.0,0.137,19.7,8.4,1009.6,0
2025-11-22T20:00,18.6,65,11.9,0.0,0.137,19.5,7.3,1009.5,0
2025-11-22T21:00,17.7,69,11.9,0.0,0.137,19.2,6.6,1009.0,0
2025-11-22T22:00,17.0,72,11.8,0.0,0.137,18.8,6.3,1009.0,0
2025-11-22T23:00,16.6,73,11.7,0.0,0.138,18.5,6.4,1009.2,0
2025-11-23T00:00,16.2,81,13.0,0.0,0.16,18.9,5.6,1009.2,0
2025-11-23T01:00,16.0,83,13.1,0.0,0.16,18.5,5.6,1009.9,0
2025-11-23T02:00,16.6,82,13.4,0.0,0.161,18.3,7.6,1010.5,7
2025-11-23T03:00,18.9,78,14.9,0.0,0.161,19.0,8.6,1011.0,35
2025-11-23T04:00,22.0,70,16.2,0.0,0.161,20.4,6.2,1011.5,23
2025-11-23T05:00,25.0,61,17.0,0.0,0.16,22.3,6.5,1011.5,65
2025-11-23T06:00,27.4,56,17.8,0.0,0.162,24.0,5.6,1011.1,97
2025-11-23T07:00,28.9,52,17.9,0.0,0.161,25.8,6.2,1010.1,56
2025-11-23T08:00,29.7,47,17.4,0.0,0.16,27.1,7.0,1008.8,14
2025-11-23T09:00,30.0,45,16.7,0.0,0.158,27.9,7.2,1007.8,0
2025-11-23T10:00,29.7,45,16.5,0.0,0.157,28.0,8.0,1007.4,0
2025-11-23T11:00,28.5,52,17.7,0.0,0.157,27.6,7.8,1007.3,0
2025-11-23T12:00,25.9,62,18.1,0.0,0.15,26.7,6.4,1007.6,1
2025-11-23T13:00,23.6,68,17.3,0.0,0.15,25.2,6.5,1007.9,0
2025-11-23T14:00,22.5,68,16.4,0.0,0.15,23.9,7.0,1008.6,0
2025-11-23T15:00,21.6,68,15.6,0.0,0.15,23.0,6.9,1009.1,0
2025-11-23T16:00,20.3,73,15.3,0.0,0.151,22.1,6.3,1009.3,0
2025-11-23T17:00,19.5,75,15.0,0.0,0.151,21.4,6.2,1009.5,0
2025-11-23T18:00,18.9,79,15.3,0.0,0.171,20.3,6.0,1009.6,0
2025-11-23T19:00,18.0,80,14.5,0.0,0.171,19.8,6.0,1009.3,9
2025-11-23T20:00,17.7,79,13.9,0.0,0.171,19.4,4.8,1009.4,62
2025-11-23T21:00,17.3,78,13.4,0.0,0.172,19.0,6.8,1009.2,82
2025-11-23T22:00,17.1,76,12.8,0.0,0.172,18.8,7.6,1008.9,26
2025-11-23T23:00,16.8,74,12.1,0.0,0.173,18.5,7.9,1009.1,0
2025-11-24T00:00,16.5,80,13.0,0.0,0.169,19.2,5.9,1009.2,0
2025-11-24T01:00,16.5,81,13.2,0.0,0.169,18.7,6.2,1009.7,0
2025-11-24T02:00,17.0,84,14.2,0.0,0.17,18.5,6.5,1010.4,0
2025-11-24T03:00,19.7,82,16.5,0.0,0.17,19.3,6.9,1011.0,0
2025-11-24T04:00,23.0,76,18.6,0.0,0.17,20.9,5.6,1011.3,0
2025-11-24T05:00,25.6,68,19.3,0.0,0.17,22.8,5.0,1011.3,0
2025-11-24T06:00,27.5,65,20.2,0.0,0.172,24.3,3.5,1010.8,0
2025-11-24T07:00,28.9,61,20.5,0.0,0.171,26.1,3.1,1009.8,0
2025-11-24T08:00,29.7,56,20.0,0.0,0.17,27.5,3.7,1008.8,0
2025-11-24T09:00,30.0,53,19.3,0.0,0.168,28.2,5.1,1007.9,0
2025-11-24T10:00,29.7,52,18.9,0.0,0.167,28.4,6.5,1007.8,0
2025-11-24T11:00,28.8,58,19.6,0.0,0.167,27.9,7.0,1007.9,0
2025-11-24T12:00,26.2,68,19.9,0.0,0.163,27.0,6.0,1008.0,0
2025-11-24T13:00,24.3,72,18.9,0.0,0.163,25.6,6.8,1008.3,0
2025-11-24T14:00,22.9,74,18.0,0.0,0.163,24.5,6.4,1009.1,0
2025-11-24T15:00,22.0,76,17.6,0.0,0.164,23.4,5.9,1009.9,0
2025-11-24T16:00,21.3,77,17.2,0.0,0.164,22.6,5.6,1010.4,0
2025-11-24T17:00,20.6,79,16.8,0.0,0.165,22.0,5.8,1010.6,0
2025-11-24T18:00,20.0,83,17.0,0.0,0.172,21.8,6.2,1010.4,26
2025-11-24T19:00,20.0,77,15.8,0.0,0.172,21.3,6.2,1010.1,2
2025-11-24T20:00,19.8,73,14.9,0.0,0.173,20.9,6.8,1009.9,0
2025-11-24T21:00,19.4,75,14.8,0.0,0.173,20.6,6.6,1009.5,0
2025-11-24T22:00,19.1,76,14.9,0.0,0.173,20.3,6.9,1009.3,0
2025-11-24T23:00,18.9,78,15.0,0.0,0.174,20.1,6.8,1009.4,0
2025-11-25T00:00,19.0,82,15.9,0.0,0.172,20.4,7.3,1009.3,9
2025-11-25T01:00,19.3,84,16.5,0.0,0.172,20.2,8.2,1009.6,7
2025-11-25T02:00,19.9,86,17.4,0.0,0.173,20.2,9.0,1010.3,61
2025-11-25T03:00,22.1,81,18.6,0.0,0.173,20.9,9.0,1010.9,31
2025-11-25T04:00,24.5,74,19.5,0.0,0.173,22.3,8.0,1011.5,87
2025-11-25T05:00,26.8,67,20.3,0.0,0.172,23.9,7.5,1011.4,1
2025-11-25T06:00,28.2,63,20.6,0.0,0.174,24.8,5.4,1010.4,23
2025-11-25T07:00,29.4,60,20.9,0.0,0.173,26.6,3.1,1009.5,3
2025-11-25T08:00,30.1,57,20.7,0.0,0.172,27.9,2.2,1008.3,13
2025-11-25T09:00,30.3,56,20.5,0.0,0.171,28.7,2.8,1007.4,11
2025-11-25T10:00,30.1,57,20.5,0.0,0.17,28.8,4.5,1007.1,8
2025-11-25T11:00,29.3,61,20.9,0.0,0.169,28.4,6.4,1007.0,13
2025-11-25T12:00,27.3,71,21.5,0.0,0.169,27.6,6.8,1007.2,8
2025-11-25T13:00,25.6,74,20.7,0.0,0.17,26.4,6.6,1007.8,3
2025-11-25T14:00,24.4,77,20.2,0.0,0.17,25.4,6.2,1008.2,1
2025-11-25T15:00,24.1,76,19.7,0.0,0.17,24.6,7.4,1008.8,0
2025-11-25T16:00,23.9,70,18.2,0.0,0.171,24.0,8.3,1008.7,0
2025-11-25T17:00,23.4,69,17.5,0.0,0.171,23.5,8.4,1008.5,0
2025-11-25T18:00,22.6,71,17.1,0.0,0.175,22.9,8.5,1008.4,0
2025-11-25T19:00,21.5,76,17.2,0.0,0.175,22.4,5.8,1008.1,0
2025-11-25T20:00,20.9,79,17.2,0.0,0.175,22.0,5.2,1007.9,0
2025-11-25T21:00,20.6,82,17.3,0.0,0.176,21.6,5.6,1007.7,0
2025-11-25T22:00,20.4,83,17.4,0.0,0.176,21.3,5.2,1007.5,3
2025-11-25T23:00,20.3,84,17.6,0.0,0.177,21.0,5.1,1007.7,28
2025-11-26T00:00,20.3,84,17.6,0.0,0.174,20.9,5.2,1008.0,41
2025-11-26T01:00,20.4,84,17.7,0.0,0.174,20.9,5.0,1008.5,24
2025-11-26T02:00,20.7,84,17.9,0.0,0.174,20.9,4.9,1009.4,14
2025-11-26T03:00,22.9,78,18.8,0.0,0.175,21.6,6.1,1010.1,3
2025-11-26T04:00,25.1,70,19.3,0.0,0.174,23.0,4.6,1010.5,3
2025-11-26T05:00,27.2,64,19.8,0.0,0.174,24.6,3.4,1010.6,0
2025-11-26T06:00,28.5,59,19.7,0.0,0.177,25.9,1.5,1009.9,0
2025-11-26T07:00,29.8,55,19.9,0.0,0.175,27.5,1.4,1009.0,0
2025-11-26T08:00,30.4,53,19.8,0.0,0.174,28.7,3.7,1008.3,17
2025-11-26T09:00,30.4,53,19.8,0.0,0.172,29.2,5.8,1007.5,24
2025-11-26T10:00,29.9,57,20.4,0.0,0.171,29.0,6.5,1007.5,19
2025-11-26T11:00,29.2,62,21.2,0.0,0.171,28.6,6.2,1007.7,6
2025-11-26T12:00,27.6,72,22.1,0.0,0.174,27.7,5.5,1008.3,7
2025-11-26T13:00,26.1,75,21.4,0.0,0.174,26.7,6.0,1008.8,5
2025-11-26T14:00,24.9,80,21.2,0.0,0.174,25.8,5.6,1009.3,9
2025-11-26T15:00,24.3,81,20.8,0.0,0.175,25.1,5.9,1009.7,27
2025-11-26T16:00,24.0,79,20.1,0.0,0.175,24.5,5.8,1010.0,34
2025-11-26T17:00,23.6,79,19.7,0.0,0.175,24.0,5.5,1010.3,23
2025-11-26T18:00,23.2,77,19.0,0.0,0.173,23.8,6.6,1010.1,2
2025-11-26T19:00,22.7,77,18.4,0.0,0.173,23.3,6.4,1009.8,6
2025-11-26T20:00,21.9,78,17.9,0.0,0.173,22.9,5.5,1009.5,2
2025-11-26T21:00,21.4,79,17.6,0.0,0.174,22.5,4.6,1009.0,14
2025-11-26T22:00,21.2,79,17.3,0.0,0.174,22.1,5.6,1008.8,19
2025-11-26T23:00,21.0,79,17.2,0.0,0.174,21.9,6.1,1008.7,16
2025-11-27T00:00,20.6,82,17.5,0.0,0.176,21.8,5.4,1009.1,2
2025-11-27T01:00,20.3,83,17.3,0.0,0.176,21.5,5.0,1009.7,1
2025-11-27T02:00,20.8,82,17.7,0.0,0.177,21.3,4.2,1010.6,6
2025-11-27T03:00,23.1,74,18.3,0.0,0.177,22.0,4.3,1011.4,11
2025-11-27T04:00,25.4,66,18.7,0.0,0.176,23.3,4.7,1012.0,14
2025-11-27T05:00,27.6,60,19.1,0.0,0.176,24.9,4.9,1012.2,22
2025-11-27T06:00,28.9,55,18.9,0.0,0.185,26.0,3.2,1011.3,41
2025-11-27T07:00,29.9,51,18.7,0.0,0.183,27.4,2.3,1010.5,28
2025-11-27T08:00,30.5,48,18.3,0.0,0.182,28.4,1.7,1009.4,8
2025-11-27T09:00,30.9,45,17.5,0.0,0.18,29.2,2.3,1008.6,12
2025-11-27T10:00,30.7,44,17.2,0.0,0.179,29.2,3.8,1008.4,14
2025-11-27T11:00,29.8,58,20.7,0.0,0.178,28.8,2.1,1008.5,7
2025-11-27T12:00,28.1,64,20.7,0.0,0.178,28.3,4.2,1008.6,14
2025-11-27T13:00,26.0,70,20.2,0.0,0.178,27.0,4.9,1009.3,8
2025-11-27T14:00,25.0,74,20.0,0.0,0.178,26.0,8.1,1009.9,4
2025-11-27T15:00,24.4,72,19.0,0.0,0.178,25.2,6.2,1010.4,3
2025-11-27T16:00,23.5,75,18.8,0.0,0.179,24.4,6.0,1010.4,2
2025-11-27T17:00,22.8,78,18.8,0.0,0.179,23.8,5.7,1010.5,2
2025-11-27T18:00,22.4,80,18.8,0.0,0.179,23.8,6.3,1010.6,2
2025-11-27T19:00,22.3,79,18.5,0.0,0.179,23.2,5.0,1010.1,1
2025-11-27T20:00,22.0,79,18.2,0.0,0.18,22.7,3.5,1010.0,0
2025-11-27T21:00,21.3,81,17.9,0.0,0.18,22.2,4.0,1009.5,0
2025-11-27T22:00,20.9,81,17.5,0.0,0.18,21.8,3.8,1009.2,0
2025-11-27T23:00,20.7,81,17.3,0.0,0.181,21.4,3.0,1009.5,0
2025-11-28T00:00,21.1,79,17.3,0.0,0.183,21.9,4.0,1009.7,0
2025-11-28T01:00,21.1,79,17.3,0.0,0.183,21.5,4.5,1010.4,0
2025-11-28T02:00,21.2,80,17.7,0.0,0.184,21.3,5.4,1011.1,0
2025-11-28T03:00,23.4,75,18.6,0.0,0.184,21.9,6.7,1011.7,0
2025-11-28T04:00,25.5,67,18.9,0.0,0.184,23.2,6.5,1012.1,0
2025-11-28T05:00,27.6,61,19.4,0.0,0.183,24.8,6.7,1011.9,0
2025-11-28T06:00,29.3,56,19.6,0.0,0.184,25.5,5.1,1011.4,2
2025-11-28T07:00,30.4,49,18.5,0.0,0.182,27.2,3.9,1010.4,13
2025-11-28T08:00,30.7,47,18.0,0.0,0.181,28.4,2.3,1009.3,20
2025-11-28T09:00,30.8,47,18.2,0.0,0.179,29.1,2.2,1008.4,28
2025-11-28T10:00,30.6,48,18.2,0.0,0.178,29.2,2.7,1008.0,31
2025-11-28T11:00,29.8,54,19.5,0.0,0.177,28.7,3.3,1008.0,17
2025-11-28T12:00,27.7,59,19.0,0.0,0.19,27.7,8.5,1008.0,23
2025-11-28T13:00,26.0,63,18.5,0.0,0.19,26.6,6.4,1008.6,10
2025-11-28T14:00,24.4,70,18.6,0.0,0.19,25.5,6.0,1009.0,4
2025-11-28T15:00,23.6,74,18.7,0.0,0.19,24.6,6.5,1009.5,0
2025-11-28T16:00,22.7,77,18.6,0.0,0.191,24.0,6.1,1009.8,2
2025-11-28T17:00,22.3,79,18.4,0.0,0.191,23.3,4.6,1009.7,2
2025-11-28T18:00,21.9,80,18.3,0.0,0.199,22.9,4.0,1009.7,1
2025-11-28T19:00,21.6,79,17.8,0.0,0.2,22.4,3.1,1009.2,0
2025-11-28T20:00,21.3,78,17.3,0.0,0.2,22.0,4.4,1009.0,0
2025-11-28T21:00,20.8,78,16.8,0.0,0.201,21.6,5.4,1008.6,0
2025-11-28T22:00,20.0,81,16.6,0.0,0.201,21.2,5.9,1008.5,0
2025-11-28T23:00,19.5,83,16.5,0.0,0.201,20.9,6.4,1008.5,0
2025-11-29T00:00,19.6,82,16.5,0.0,0.204,21.2,9.2,1008.9,0
2025-11-29T01:00,19.6,80,16.0,0.0,0.204,20.9,9.4,1009.5,1
2025-11-29T02:00,19.7,78,15.8,0.0,0.204,20.7,9.6,1010.4,0
2025-11-29T03:00,21.5,74,16.6,0.0,0.204,21.1,9.7,1011.2,0
2025-11-29T04:00,23.7,62,16.1,0.0,0.204,22.2,9.8,1011.7,0
2025-11-29T05:00,25.7,55,15.9,0.0,0.202,23.6,10.0,1011.6,0
2025-11-29T06:00,27.9,45,15.0,0.0,0.206,25.0,10.9,1011.1,0
2025-11-29T07:00,29.1,41,14.5,0.0,0.203,26.2,10.3,1010.0,0
2025-11-29T08:00,29.7,40,14.6,0.0,0.201,27.2,10.0,1008.8,0
2025-11-29T09:00,29.8,40,14.9,0.0,0.199,27.7,9.5,1007.8,0
2025-11-29T10:00,29.7,42,15.5,0.0,0.197,27.8,7.6,1007.6,0
2025-11-29T11:00,29.0,52,18.2,0.0,0.196,27.5,3.1,1007.3,0
2025-11-29T12:00,27.4,59,18.6,0.0,0.191,26.9,0.6,1007.4,0
2025-11-29T13:00,25.2,62,17.4,0.0,0.192,25.6,0.8,1007.7,0
2025-11-29T14:00,23.4,74,18.5,0.0,0.192,24.5,3.6,1008.4,0
2025-11-29T15:00,22.2,79,18.5,0.0,0.193,23.5,2.9,1008.8,0
2025-11-29T16:00,21.6,80,18.0,0.0,0.193,22.8,2.8,1008.9,0
2025-11-29T17:00,20.9,80,17.3,0.0,0.194,22.1,3.4,1009.0,0
2025-11-29T18:00,20.6,79,16.8,0.0,0.207,21.4,4.2,1009.2,0
2025-11-29T19:00,19.9,78,16.0,0.0,0.208,20.9,5.5,1008.8,0
2025-11-29T20:00,19.6,77,15.6,0.0,0.208,20.5,5.2,1008.3,16
2025-11-29T21:00,19.0,80,15.5,0.0,0.208,20.1,6.1,1008.0,1
2025-11-29T22:00,18.6,81,15.3,0.0,0.209,19.8,6.3,1007.8,0
2025-11-29T23:00,18.5,80,15.0,0.0,0.209,19.6,6.7,1008.1,0
2025-11-30T00:00,17.5,87,15.4,0.0,0.216,19.8,5.5,1008.4,0
2025-11-30T01:00,16.9,89,15.0,0.0,0.216,19.3,5.8,1009.1,0
2025-11-30T02:00,17.6,84,14.9,0.0,0.216,19.1,7.6,1009.7,0
2025-11-30T03:00,20.0,76,15.7,0.0,0.216,19.7,8.1,1010.6,0
2025-11-30T04:00,22.6,66,16.0,0.0,0.216,21.0,7.2,1011.2,0
2025-11-30T05:00,24.9,57,15.9,0.0,0.215,22.6,6.6,1011.0,0
2025-11-30T06:00,27.1,52,16.3,0.0,0.219,24.0,5.9,1010.5,0
2025-11-30T07:00,28.5,47,16.3,0.0,0.217,25.5,5.9,1009.4,0
2025-11-30T08:00,29.4,42,15.1,0.0,0.215,26.7,7.7,1008.4,28
2025-11-30T09:00,29.6,40,14.4,0.0,0.212,27.2,8.9,1007.4,1
2025-11-30T10:00,29.3,41,14.6,0.0,0.211,27.2,9.0,1006.9,36
2025-11-30T11:00,28.2,50,17.0,0.0,0.209,26.8,7.3,1006.9,32
2025-11-30T12:00,25.5,63,17.9,0.0,0.198,26.1,6.1,1007.1,1
2025-11-30T13:00,23.6,69,17.6,0.0,0.198,24.7,3.2,1007.7,10
2025-11-30T14:00,22.7,70,17.0,0.0,0.198,23.6,3.8,1008.5,0
2025-11-30T15:00,22.1,65,15.2,0.0,0.199,22.6,4.0,1009.0,0
2025-11-30T16:00,21.3,65,14.5,0.0,0.199,21.8,3.3,1009.0,1
2025-11-30T17:00,20.0,69,14.0,0.0,0.199,21.0,4.4,1009.1,2
2025-11-30T18:00,19.7,66,13.3,0.0,0.213,20.1,3.8,1009.1,8
2025-11-30T19:00,18.9,67,12.6,0.0,0.213,19.6,3.8,1008.8,5
2025-11-30T20:00,18.0,69,12.2,0.0,0.214,19.2,4.9,1008.4,0
2025-11-30T21:00,17.9,68,12.0,0.0,0.214,18.8,4.0,1008.0,0
2025-11-30T22:00,17.4,70,11.8,0.0,0.214,18.5,5.7,1007.9,0
2025-11-30T23:00,17.1,72,12.0,0.0,0.215,18.2,6.1,1008.1,0
2025-12-01T00:00,16.6,80,13.1,0.0,0.213,18.6,6.2,1008.3,0
2025-12-01T01:00,16.1,82,13.1,0.0,0.214,18.2,6.4,1009.0,0
2025-12-01T02:00,16.5,80,13.1,0.0,0.214,18.0,7.0,1009.9,0
2025-12-01T03:00,19.2,71,13.7,0.0,0.214,18.6,8.6,1010.6,2
2025-12-01T04:00,22.0,63,14.7,0.0,0.213,20.0,6.8,1011.0,7
2025-12-01T05:00,24.5,55,15.0,0.0,0.212,21.7,6.6,1011.0,0
2025-12-01T06:00,26.9,49,15.3,0.0,0.208,24.1,6.0,1010.4,0
2025-12-01T07:00,28.4,41,14.0,0.0,0.206,25.5,7.3,1009.3,0
2025-12-01T08:00,28.9,38,13.1,0.0,0.204,26.4,8.3,1008.1,0
2025-12-01T09:00,28.9,38,13.3,0.0,0.202,26.8,7.7,1006.9,0
2025-12-01T10:00,28.7,40,13.8,0.0,0.2,26.9,6.6,1006.6,0
2025-12-01T11:00,27.6,52,16.8,0.0,0.199,26.5,4.1,1006.2,0
2025-12-01T12:00,24.6,66,17.8,0.0,0.198,25.7,5.4,1006.4,0
2025-12-01T13:00,22.4,70,16.6,0.0,0.198,24.2,6.4,1007.2,0
2025-12-01T14:00,21.5,69,15.5,0.0,0.198,23.0,5.0,1008.1,0
2025-12-01T15:00,20.6,70,15.0,0.0,0.198,22.0,4.5,1008.9,0
2025-12-01T16:00,19.8,73,14.7,0.0,0.199,21.2,4.7,1009.2,0
2025-12-01T17:00,19.2,73,14.3,0.0,0.199,20.4,5.3,1008.9,0
2025-12-01T18:00,18.4,76,14.0,0.0,0.2,19.7,5.0,1008.8,0
2025-12-01T19:00,17.6,77,13.5,0.0,0.2,19.1,4.9,1008.7,0
2025-12-01T20:00,17.3,76,13.0,0.0,0.2,18.7,4.2,1008.5,0
2025-12-01T21:00,17.2,74,12.5,0.0,0.201,18.3,2.6,1008.3,0
2025-12-01T22:00,16.6,76,12.3,0.0,0.201,17.9,2.3,1008.5,0
2025-12-01T23:00,15.7,80,12.4,0.0,0.202,17.6,3.3,1008.5,0
2025-12-02T00:00,15.1,89,13.3,0.0,0.213,18.1,5.0,1008.7,0
2025-12-02T01:00,15.1,89,13.2,0.0,0.213,17.7,5.6,1009.0,0
2025-12-02T02:00,15.4,87,13.3,0.0,0.213,17.5,5.7,1010.0,0
2025-12-02T03:00,18.1,76,13.8,0.0,0.213,18.1,6.5,1010.7,0
2025-12-02T04:00,21.3,70,15.6,0.0,0.213,19.6,4.5,1011.2,0
2025-12-02T05:00,24.2,58,15.4,0.0,0.212,21.4,5.1,1011.0,0
2025-12-02T06:00,26.6,53,16.2,0.0,0.211,23.6,5.1,1010.4,0
2025-12-02T07:00,28.0,44,14.6,0.0,0.209,25.0,6.8,1009.4,0
2025-12-02T08:00,28.5,41,14.0,0.0,0.207,26.0,7.2,1007.9,0
2025-12-02T09:00,28.6,40,13.8,0.0,0.205,26.5,7.0,1007.0,0
2025-12-02T10:00,28.3,42,14.0,0.0,0.203,26.6,7.8,1006.4,0
2025-12-02T11:00,27.1,51,16.2,0.0,0.202,26.1,8.2,1006.5,0
2025-12-02T12:00,24.4,61,16.4,0.0,0.198,25.3,7.5,1006.6,0
2025-12-02T13:00,22.3,64,15.2,0.0,0.198,23.9,6.7,1007.1,0
2025-12-02T14:00,20.7,71,15.3,0.0,0.199,22.6,6.7,1007.9,0
2025-12-02T15:00,19.8,74,15.0,0.0,0.199,21.6,6.0,1008.7,0
2025-12-02T16:00,19.2,71,13.9,0.0,0.199,20.8,6.2,1009.1,0
2025-12-02T17:00,18.9,68,12.8,0.0,0.199,20.1,7.0,1009.1,0
2025-12-02T18:00,18.8,68,12.7,0.0,0.2,19.0,7.3,1009.2,0
2025-12-02T19:00,18.0,70,12.6,0.0,0.2,18.7,5.6,1008.9,0
2025-12-02T20:00,17.8,71,12.5,0.0,0.2,18.3,4.5,1009.0,0
2025-12-02T21:00,16.9,76,12.6,0.0,0.201,18.0,5.3,1008.6,0
2025-12-02T22:00,16.1,79,12.6,0.0,0.201,17.7,5.4,1008.6,0
2025-12-02T23:00,15.6,83,12.7,0.0,0.201,17.5,5.9,1008.9,0
2025-12-03T00:00,15.6,85,13.1,0.0,0.21,17.8,5.9,1009.0,0
2025-12-03T01:00,15.3,87,13.2,0.0,0.21,17.5,6.1,1009.9,0
2025-12-03T02:00,15.5,87,13.4,0.0,0.21,17.2,6.0,1010.9,0
2025-12-03T03:00,18.1,78,14.3,0.0,0.21,17.9,7.7,1011.9,0
2025-12-03T04:00,21.1,69,15.1,0.0,0.21,19.3,6.8,1012.9,0
2025-12-03T05:00,23.9,61,15.8,0.0,0.209,21.0,7.2,1012.8,2
2025-12-03T06:00,26.5,55,16.6,0.0,0.209,22.9,8.3,1012.3,13
2025-12-03T07:00,28.1,41,13.5,0.0,0.207,24.4,11.0,1011.4,0
2025-12-03T08:00,28.7,36,12.0,0.0,0.204,25.4,11.6,1010.1,0
2025-12-03T09:00,28.7,35,11.7,0.0,0.202,26.0,10.9,1009.4,0
2025-12-03T10:00,28.4,37,12.1,0.0,0.2,26.0,9.5,1008.9,0
2025-12-03T11:00,27.2,43,13.7,0.0,0.199,25.6,6.6,1008.9,0
2025-12-03T12:00,25.0,50,14.0,0.0,0.196,24.8,6.1,1009.1,0
2025-12-03T13:00,23.5,47,11.4,0.0,0.196,23.2,6.0,1009.6,0
2025-12-03T14:00,21.9,52,11.5,0.0,0.197,22.0,6.0,1010.3,0
2025-12-03T15:00,20.3,60,12.2,0.0,0.197,21.0,6.6,1010.9,0
2025-12-03T16:00,19.6,62,12.1,0.0,0.197,20.3,7.4,1011.4,0
2025-12-03T17:00,19.5,63,12.2,0.0,0.197,19.7,7.4,1011.3,0
2025-12-03T18:00,18.9,67,12.7,0.0,0.197,19.2,7.3,1011.2,0
2025-12-03T19:00,18.3,69,12.5,0.0,0.198,18.8,7.4,1011.0,0
2025-12-03T20:00,18.0,69,12.3,0.0,0.198,18.5,7.8,1010.8,0
2025-12-03T21:00,18.3,67,12.0,0.0,0.198,18.3,8.6,1010.5,0
2025-12-03T22:00,18.4,64,11.5,0.0,0.198,18.2,9.7,1010.2,0
2025-12-03T23:00,18.2,64,11.2,0.0,0.198,18.1,9.4,1010.3,0
2025-12-04T00:00,17.8,66,11.4,0.0,0.204,18.3,8.7,1010.7,0
2025-12-04T01:00,17.3,68,11.4,0.0,0.204,18.0,8.7,1011.5,0
2025-12-04T02:00,17.1,70,11.6,0.0,0.204,17.8,9.1,1012.4,0
2025-12-04T03:00,18.8,68,12.9,0.0,0.204,18.3,10.6,1013.5,0
2025-12-04T04:00,21.2,63,14.0,0.0,0.203,19.4,9.6,1014.2,0
2025-12-04T05:00,23.6,57,14.5,0.0,0.202,21.0,10.3,1014.1,0
2025-12-04T06:00,26.0,52,15.4,0.0,0.199,23.1,10.2,1013.6,0
2025-12-04T07:00,27.6,45,14.6,0.0,0.197,24.5,10.4,1012.3,0
2025-12-04T08:00,28.5,38,12.9,0.0,0.195,25.5,9.8,1011.1,0
2025-12-04T09:00,28.6,37,12.6,0.0,0.193,26.1,9.1,1010.1,0
2025-12-04T10:00,28.3,38,12.7,0.0,0.191,26.2,8.6,1009.5,0
2025-12-04T11:00,27.2,47,15.0,0.0,0.19,25.8,5.7,1009.5,0
2025-12-04T12:00,24.4,63,16.9,0.0,0.189,25.0,5.0,1010.1,0
2025-12-04T13:00,21.8,70,16.1,0.0,0.189,23.5,5.8,1010.9,0
2025-12-04T14:00,20.7,71,15.3,0.0,0.19,22.3,6.7,1011.6,0
2025-12-04T15:00,19.9,67,13.5,0.0,0.19,21.3,7.1,1012.2,0
2025-12-04T16:00,19.0,66,12.5,0.0,0.19,20.5,6.9,1012.6,0
2025-12-04T17:00,18.2,69,12.4,0.0,0.19,19.8,6.6,1012.8,0
2025-12-04T18:00,17.6,73,12.8,0.0,0.19,19.3,6.7,1012.8,0
2025-12-04T19:00,16.9,77,12.8,0.0,0.19,18.7,6.5,1012.4,0
2025-12-04T20:00,16.9,77,12.9,0.0,0.191,18.3,7.0,1012.1,0
2025-12-04T21:00,17.0,75,12.6,0.0,0.191,18.0,7.3,1011.7,0
2025-12-04T22:00,17.3,72,12.2,0.0,0.191,17.8,8.1,1011.5,0
2025-12-04T23:00,17.2,70,11.6,0.0,0.191,17.6,8.2,1011.9,0
2025-12-05T00:00,17.4,69,11.7,0.0,0.206,17.6,9.8,1012.2,0
2025-12-05T01:00,17.2,69,11.4,0.0,0.206,17.5,9.2,1012.6,0
2025-12-05T02:00,17.2,69,11.5,0.0,0.206,17.4,9.4,1013.5,0
2025-12-05T03:00,19.1,66,12.5,0.0,0.206,18.0,10.8,1014.2,0
2025-12-05T04:00,21.4,61,13.6,0.0,0.205,19.3,9.9,1014.7,0
2025-12-05T05:00,23.7,57,14.6,0.0,0.204,20.9,9.9,1014.7,0
2025-12-05T06:00,26.1,51,15.3,0.0,0.204,22.8,10.9,1014.2,0
2025-12-05T07:00,27.7,44,14.5,0.0,0.202,24.2,11.6,1013.1,0
2025-12-05T08:00,28.5,40,13.7,0.0,0.2,25.3,11.0,1012.3,0
2025-12-05T09:00,28.6,39,13.5,0.0,0.198,25.9,10.7,1011.5,0
2025-12-05T10:00,28.3,41,13.7,0.0,0.196,26.1,9.9,1011.2,0
2025-12-05T11:00,27.3,48,15.4,0.0,0.195,25.7,6.6,1011.2,0
2025-12-05T12:00,24.6,62,16.9,0.0,0.189,25.0,5.7,1011.3,0
2025-12-05T13:00,22.5,65,15.5,0.0,0.189,23.6,7.3,1011.9,0
2025-12-05T14:00,22.1,59,13.7,0.0,0.19,22.5,8.7,1012.3,0
2025-12-05T15:00,21.4,57,12.5,0.0,0.19,21.7,9.8,1013.1,0
2025-12-05T16:00,20.7,58,12.2,0.0,0.19,21.1,10.1,1013.1,0
2025-12-05T17:00,20.1,60,12.0,0.0,0.19,20.5,9.4,1013.2,0
2025-12-05T18:00,19.9,59,11.6,0.0,0.19,20.1,9.4,1013.4,0
2025-12-05T19:00,19.4,59,11.3,0.0,0.19,19.7,9.1,1013.1,0
2025-12-05T20:00,18.4,63,11.2,0.0,0.19,19.2,7.6,1013.2,0
2025-12-05T21:00,17.8,65,11.1,0.0,0.19,18.8,7.9,1013.0,0
2025-12-05T22:00,17.4,66,11.0,0.0,0.19,18.4,8.4,1012.9,0
2025-12-05T23:00,17.0,68,10.9,0.0,0.19,18.1,8.5,1012.8,0
2025-12-06T00:00,16.7,68,10.8,0.0,0.19,18.0,9.5,1012.7,0
2025-12-06T01:00,16.5,68,10.5,0.0,0.19,17.7,9.7,1013.1,0
2025-12-06T02:00,16.5,68,10.6,0.0,0.19,17.4,9.5,1013.7,0
2025-12-06T03:00,18.3,65,11.7,0.0,0.19,17.9,10.5,1014.5,0
2025-12-06T04:00,20.7,61,12.9,0.0,0.19,19.1,9.6,1015.0,0
2025-12-06T05:00,23.1,55,13.5,0.0,0.189,20.7,10.2,1015.1,0
2025-12-06T06:00,25.7,49,14.1,0.0,0.188,22.9,10.4,1014.5,0
2025-12-06T07:00,27.2,41,12.7,0.0,0.186,24.3,10.0,1013.4,0
2025-12-06T08:00,28.0,37,11.9,0.0,0.184,25.4,9.8,1012.2,55
2025-12-06T09:00,28.2,36,11.7,0.0,0.182,26.0,9.2,1011.4,75
2025-12-06T10:00,28.0,37,12.0,0.0,0.18,26.1,8.9,1011.2,100
2025-12-06T11:00,26.7,45,13.7,0.0,0.179,25.6,6.8,1011.0,100
2025-12-06T12:00,24.2,55,14.6,0.0,0.179,24.7,5.1,1011.2,98
2025-12-06T13:00,21.9,59,13.4,0.0,0.179,23.1,4.3,1011.7,88
2025-12-06T14:00,20.2,65,13.5,0.0,0.18,21.8,6.1,1012.2,100
2025-12-06T15:00,19.4,64,12.3,0.0,0.18,20.8,7.1,1012.5,100
2025-12-06T16:00,19.4,60,11.5,0.0,0.18,20.1,7.6,1012.6,100
2025-12-06T17:00,19.2,60,11.4,0.0,0.18,19.6,7.3,1012.7,100
2025-12-06T18:00,18.9,64,11.8,0.0,0.18,18.7,7.7,1012.6,100
2025-12-06T19:00,18.2,65,11.5,0.0,0.18,18.5,7.3,1012.3,100
2025-12-06T20:00,17.3,67,11.0,0.0,0.18,18.1,7.1,1012.4,100
2025-12-06T21:00,17.0,66,10.6,0.0,0.181,17.8,7.6,1012.1,100
2025-12-06T22:00,16.4,67,10.2,0.0,0.181,17.5,7.9,1012.1,99
2025-12-06T23:00,16.2,68,10.2,0.0,0.181,17.2,8.4,1012.3,88
2025-12-07T00:00,15.9,68,10.0,0.0,0.19,17.4,8.7,1012.4,5
2025-12-07T01:00,15.4,69,9.7,0.0,0.19,17.0,8.2,1012.9,0
2025-12-07T02:00,15.5,69,9.7,0.0,0.19,16.7,9.3,1013.5,0
2025-12-07T03:00,17.6,65,10.8,0.0,0.19,17.1,10.6,1014.1,0
2025-12-07T04:00,20.3,60,12.2,0.0,0.189,18.4,8.7,1014.7,0
2025-12-07T05:00,22.8,55,13.2,0.0,0.188,20.1,7.9,1014.8,0
2025-12-07T06:00,25.6,48,13.9,0.0,0.182,22.8,9.1,1013.9,0
2025-12-07T07:00,27.4,41,13.1,0.0,0.18,24.3,8.3,1012.9,0
2025-12-07T08:00,28.5,36,12.2,0.0,0.178,25.4,7.5,1011.5,0
2025-12-07T09:00,29.0,34,11.7,0.0,0.176,26.1,7.6,1010.5,0
2025-12-07T10:00,29.0,35,12.1,0.0,0.175,26.3,6.7,1010.0,0
2025-12-07T11:00,27.5,48,15.5,0.0,0.174,25.9,4.6,1009.9,0
2025-12-07T12:00,24.9,54,14.8,0.0,0.173,25.0,5.3,1009.8,0
2025-12-07T13:00,22.6,53,12.6,0.0,0.173,23.3,5.9,1010.5,0
2025-12-07T14:00,21.2,53,11.3,0.0,0.173,21.9,8.4,1011.3,0
2025-12-07T15:00,21.5,48,10.1,0.0,0.173,21.1,8.6,1011.9,0
2025-12-07T16:00,20.5,52,10.3,0.0,0.173,20.4,8.3,1012.2,0
2025-12-07T17:00,20.2,53,10.5,0.0,0.173,19.9,9.0,1012.2,0
2025-12-07T18:00,19.4,55,10.2,0.0,0.173,18.7,8.7,1012.1,0
2025-12-07T19:00,17.9,60,10.0,0.0,0.173,18.3,7.6,1011.9,0
2025-12-07T20:00,17.7,59,9.7,0.0,0.173,18.0,8.0,1011.6,0
2025-12-07T21:00,17.9,58,9.5,0.0,0.173,17.8,8.7,1011.1,0
2025-12-07T22:00,17.5,59,9.3,0.0,0.173,17.6,8.7,1010.9,0
2025-12-07T23:00,17.3,58,9.1,0.0,0.173,17.4,9.1,1011.1,0
2025-12-08T00:00,16.7,59,8.7,0.0,0.174,17.2,8.8,1011.3,0
2025-12-08T01:00,15.9,61,8.5,0.0,0.174,16.9,7.7,1012.1,0
2025-12-08T02:00,15.4,65,9.0,0.0,0.174,16.5,7.4,1013.2,0
2025-12-08T03:00,18.2,61,10.6,0.0,0.174,17.0,9.3,1013.7,0
2025-12-08T04:00,21.2,58,12.5,0.0,0.174,18.5,7.9,1014.3,0
2025-12-08T05:00,23.8,53,13.5,0.0,0.173,20.3,7.2,1014.5,0
2025-12-08T06:00,26.6,48,14.6,0.0,0.172,23.0,8.0,1014.0,0
2025-12-08T07:00,28.2,42,14.1,0.0,0.17,24.5,8.8,1013.1,0
2025-12-08T08:00,29.4,34,12.1,0.0,0.168,25.6,9.7,1011.8,0
2025-12-08T09:00,29.7,30,10.1,0.0,0.167,26.3,9.9,1011.0,0
2025-12-08T10:00,29.4,32,10.8,0.0,0.165,26.4,8.7,1010.5,0
2025-12-08T11:00,27.8,45,14.9,0.0,0.164,26.0,6.6,1010.6,0
2025-12-08T12:00,24.3,57,15.2,0.0,0.164,25.1,6.0,1010.6,0
2025-12-08T13:00,21.9,58,13.1,0.0,0.164,23.4,6.7,1011.1,0
2025-12-08T14:00,20.6,55,11.2,0.0,0.165,22.0,7.1,1012.0,0
2025-12-08T15:00,19.4,55,10.2,0.0,0.165,20.8,7.3,1012.4,0
2025-12-08T16:00,18.5,57,9.7,0.0,0.165,19.9,7.4,1012.7,0
2025-12-08T17:00,17.7,59,9.5,0.0,0.165,19.1,7.3,1012.5,0
2025-12-08T18:00,17.5,60,9.5,0.0,0.165,17.8,7.6,1012.1,0
2025-12-08T19:00,16.8,60,8.9,0.0,0.165,17.3,7.7,1011.8,0
2025-12-08T20:00,16.4,60,8.5,0.0,0.165,16.9,7.2,1011.6,0
2025-12-08T21:00,15.8,62,8.4,0.0,0.166,16.6,6.9,1011.6,0
2025-12-08T22:00,15.1,64,8.3,0.0,0.166,16.2,7.0,1011.4,0
2025-12-08T23:00,15.0,64,8.3,0.0,0.166,16.0,7.5,1011.4,0
2025-12-09T00:00,15.0,68,9.2,0.0,0.166,16.4,8.2,1011.8,0
2025-12-09T01:00,14.8,68,9.0,0.0,0.167,16.2,7.5,1012.3,0
2025-12-09T02:00,14.9,68,9.0,0.0,0.167,15.9,7.5,1012.7,0
2025-12-09T03:00,17.7,60,10.0,0.0,0.167,16.5,9.5,1013.3,0
2025-12-09T04:00,20.9,58,12.2,0.0,0.167,18.0,7.3,1013.9,0
2025-12-09T05:00,23.8,51,13.1,0.0,0.166,20.0,6.8,1013.8,0
2025-12-09T06:00,27.1,45,14.1,0.0,0.165,23.0,7.4,1013.1,0
2025-12-09T07:00,28.6,40,13.8,0.0,0.163,24.6,8.1,1012.3,0
2025-12-09T08:00,29.6,34,12.3,0.0,0.161,25.8,8.5,1011.3,0
2025-12-09T09:00,30.1,30,10.7,0.0,0.16,26.5,8.5,1010.4,0
2025-12-09T10:00,29.8,32,11.4,0.0,0.158,26.6,7.5,1010.1,0
2025-12-09T11:00,28.3,49,16.6,0.0,0.158,26.3,4.7,1010.4,0
2025-12-09T12:00,24.5,66,17.7,0.0,0.158,25.5,6.2,1010.5,0
2025-12-09T13:00,22.0,69,16.1,0.0,0.158,23.7,7.0,1011.4,0
2025-12-09T14:00,21.2,61,13.5,0.0,0.158,22.4,7.7,1012.2,0
2025-12-09T15:00,20.7,57,11.8,0.0,0.158,21.4,8.1,1012.4,0
2025-12-09T16:00,19.9,56,10.9,0.0,0.158,20.5,8.0,1012.6,0
2025-12-09T17:00,19.1,58,10.6,0.0,0.158,19.8,7.8,1012.4,0
2025-12-09T18:00,18.3,62,10.9,0.0,0.159,18.8,7.1,1012.4,0
2025-12-09T19:00,17.4,64,10.6,0.0,0.159,18.2,7.4,1012.2,0
2025-12-09T20:00,17.1,65,10.5,0.0,0.159,17.8,7.4,1012.0,0
2025-12-09T21:00,16.6,67,10.4,0.0,0.159,17.3,7.4,1011.7,0
2025-12-09T22:00,16.3,66,10.0,0.0,0.159,16.9,7.1,1011.6,0
2025-12-09T23:00,15.7,68,9.8,0.0,0.16,16.5,6.5,1011.6,0
2025-12-10T00:00,15.6,70,10.0,0.0,0.16,16.2,6.7,1011.6,0
2025-12-10T01:00,14.6,73,9.9,0.0,0.16,15.8,6.8,1012.3,0
2025-12-10T02:00,14.7,74,10.1,0.0,0.16,15.6,6.7,1013.2,0
2025-12-10T03:00,17.8,66,11.3,0.0,0.161,16.3,8.6,1013.9,0
2025-12-10T04:00,20.8,61,13.1,0.0,0.16,17.9,6.4,1014.5,0
2025-12-10T05:00,23.7,55,14.0,0.0,0.16,19.9,5.4,1014.7,0
2025-12-10T06:00,26.9,49,15.2,0.0,0.159,23.2,5.5,1014.2,0
2025-12-10T07:00,28.4,44,15.1,0.0,0.157,24.8,5.8,1013.0,0
2025-12-10T08:00,29.4,35,12.5,0.0,0.156,26.0,6.2,1011.9,0
2025-12-10T09:00,29.8,32,11.2,0.0,0.155,26.7,5.5,1010.9,0
2025-12-10T10:00,29.5,33,11.4,0.0,0.154,26.9,6.0,1010.5,0
2025-12-10T11:00,27.8,47,15.6,0.0,0.153,26.4,7.7,1010.7,0
2025-12-10T12:00,24.8,56,15.3,0.0,0.153,25.7,8.5,1010.6,0
2025-12-10T13:00,22.2,57,13.3,0.0,0.153,24.1,7.2,1011.0,0
2025-12-10T14:00,21.0,57,12.3,0.0,0.153,22.5,6.6,1011.7,0
2025-12-10T15:00,19.7,59,11.5,0.0,0.153,21.3,7.7,1012.2,0
2025-12-10T16:00,19.4,55,10.1,0.0,0.153,20.4,8.1,1012.6,0
2025-12-10T17:00,17.9,59,9.7,0.0,0.153,19.6,7.0,1012.7,0
2025-12-10T18:00,17.0,63,9.9,0.0,0.153,17.7,6.7,1012.8,0
2025-12-10T19:00,15.8,67,9.6,0.0,0.154,17.2,6.8,1012.5,0
2025-12-10T20:00,15.2,68,9.4,0.0,0.154,16.8,7.0,1012.2,0
2025-12-10T21:00,14.8,69,9.1,0.0,0.154,16.5,7.0,1011.5,0
2025-12-10T22:00,14.0,72,9.0,0.0,0.154,16.1,6.2,1011.1,0
2025-12-10T23:00,13.2,76,9.1,0.0,0.154,15.7,5.9,1011.2,0
2025-12-11T00:00,13.1,81,10.0,0.0,0.155,15.5,6.0,1011.5,0
2025-12-11T01:00,12.8,82,9.8,0.0,0.155,15.1,6.3,1011.9,0
2025-12-11T02:00,13.0,80,9.6,0.0,0.156,14.9,6.3,1012.7,0
2025-12-11T03:00,16.2,67,10.1,0.0,0.156,15.6,8.1,1013.5,0
2025-12-11T04:00,19.5,60,11.6,0.0,0.155,17.2,5.1,1013.7,0
2025-12-11T05:00,22.6,53,12.5,0.0,0.155,19.3,4.1,1013.8,0
2025-12-11T06:00,26.1,47,13.9,0.0,0.154,22.5,3.6,1013.3,0
2025-12-11T07:00,28.0,41,13.4,0.0,0.153,24.3,4.1,1012.4,0
2025-12-11T08:00,28.9,33,11.1,0.0,0.151,25.6,5.1,1011.0,0
2025-12-11T09:00,29.2,32,10.8,0.0,0.15,26.4,5.5,1009.9,0
2025-12-11T10:00,28.8,34,11.2,0.0,0.149,26.5,6.5,1009.3,0
2025-12-11T11:00,27.3,47,15.1,0.0,0.148,26.1,6.7,1009.3,0
2025-12-11T12:00,24.0,59,15.6,0.0,0.148,25.2,6.5,1009.3,0
2025-12-11T13:00,21.7,61,13.8,0.0,0.148,23.6,7.1,1009.7,0
2025-12-11T14:00,20.3,62,12.7,0.0,0.149,22.1,7.3,1010.4,0
2025-12-11T15:00,19.2,62,11.7,0.0,0.149,21.0,7.2,1010.8,0
2025-12-11T16:00,18.3,61,10.5,0.0,0.149,20.0,7.3,1011.2,0
2025-12-11T17:00,17.4,62,10.2,0.0,0.149,19.1,6.4,1011.1,0
2025-12-11T18:00,16.8,66,10.3,0.0,0.149,17.6,5.6,1010.9,0
2025-12-11T19:00,15.8,69,10.1,0.0,0.149,17.0,4.4,1010.3,0
2025-12-11T20:00,15.2,71,10.0,0.0,0.15,16.5,3.1,1010.3,0
2025-12-11T21:00,14.4,74,9.9,0.0,0.15,16.0,2.4,1009.9,0
2025-12-11T22:00,13.3,80,9.9,0.0,0.15,15.6,4.4,1009.6,0
2025-12-11T23:00,12.6,83,9.8,0.0,0.15,15.2,5.6,1009.8,0
2025-12-12T00:00,12.9,86,10.6,0.0,0.151,15.8,6.2,1010.1,0
2025-12-12T01:00,12.8,87,10.7,0.0,0.151,15.4,6.2,1010.5,0
2025-12-12T02:00,12.7,88,10.7,0.0,0.151,15.1,5.6,1011.1,0
2025-12-12T03:00,15.6,77,11.6,0.0,0.151,15.7,6.3,1011.9,0
2025-12-12T04:00,19.2,70,13.5,0.0,0.151,17.3,3.3,1012.3,0
2025-12-12T05:00,22.8,59,14.3,0.0,0.151,19.5,3.2,1012.5,0
2025-12-12T06:00,26.1,47,14.1,0.0,0.15,22.2,4.6,1011.7,0
2025-12-12T07:00,28.1,37,12.2,0.0,0.149,24.0,6.8,1010.5,0
2025-12-12T08:00,29.1,31,10.3,0.0,0.148,25.4,7.5,1009.5,0
2025-12-12T09:00,29.4,30,10.0,0.0,0.146,26.2,6.8,1008.5,0
2025-12-12T10:00,29.2,31,10.6,0.0,0.146,26.5,5.9,1008.1,0
2025-12-12T11:00,27.9,48,15.9,0.0,0.145,26.1,3.6,1008.2,0
2025-12-12T12:00,25.4,53,15.0,0.0,0.145,25.2,3.5,1008.2,0
2025-12-12T13:00,23.2,54,13.4,0.0,0.145,23.4,2.4,1008.7,0
2025-12-12T14:00,21.5,58,13.0,0.0,0.145,21.9,2.8,1009.7,0
2025-12-12T15:00,19.6,67,13.2,0.0,0.146,20.8,4.4,1010.2,0
2025-12-12T16:00,18.5,68,12.5,0.0,0.146,19.7,3.6,1010.4,0
2025-12-12T17:00,18.1,64,11.1,0.0,0.146,18.8,2.5,1010.3,0
2025-12-12T18:00,18.2,61,10.5,0.0,0.146,16.5,1.3,1010.3,0
2025-12-12T19:00,16.0,67,9.9,0.0,0.146,16.2,2.7,1009.9,0
2025-12-12T20:00,15.4,68,9.5,0.0,0.147,15.8,2.7,1009.7,0
2025-12-12T21:00,14.2,73,9.5,0.0,0.147,15.5,4.7,1009.2,0
2025-12-12T22:00,13.2,79,9.6,0.0,0.147,15.2,5.8,1008.8,0
2025-12-12T23:00,12.7,83,9.8,0.0,0.147,15.0,5.5,1008.7,0
2025-12-13T00:00,12.5,87,10.4,0.0,0.148,14.7,5.2,1008.8,0
2025-12-13T01:00,12.2,87,10.1,0.0,0.148,14.4,5.4,1009.4,0
2025-12-13T02:00,12.2,88,10.4,0.0,0.148,14.2,5.6,1010.2,0
2025-12-13T03:00,15.4,77,11.4,0.0,0.148,15.0,7.1,1011.1,0
2025-12-13T04:00,18.9,69,13.1,0.0,0.148,16.6,4.7,1011.9,0
2025-12-13T05:00,22.3,58,13.7,0.0,0.148,18.9,4.5,1012.1,0
2025-12-13T06:00,25.6,50,14.5,0.0,0.147,22.0,3.6,1011.4,0
2025-12-13T07:00,27.5,46,14.7,0.0,0.146,23.9,3.0,1010.7,0
2025-12-13T08:00,28.6,42,14.3,0.0,0.145,25.5,2.6,1009.5,0
2025-12-13T09:00,29.0,40,14.2,0.0,0.144,26.4,3.8,1008.7,0
2025-12-13T10:00,28.9,41,14.3,0.0,0.143,26.7,5.6,1008.2,0
2025-12-13T11:00,27.6,53,17.1,0.0,0.143,26.3,6.4,1008.3,0
2025-12-13T12:00,24.5,64,17.3,0.0,0.143,25.4,6.0,1008.3,0
2025-12-13T13:00,22.0,67,15.7,0.0,0.143,23.7,6.9,1008.9,0
2025-12-13T14:00,20.8,67,14.3,0.0,0.143,22.4,7.2,1010.0,0
2025-12-13T15:00,19.9,62,12.4,0.0,0.143,21.3,7.8,1010.4,0
2025-12-13T16:00,19.0,61,11.2,0.0,0.143,20.3,7.3,1010.7,0
2025-12-13T17:00,17.7,65,11.2,0.0,0.143,19.4,6.0,1010.8,0
2025-12-13T18:00,17.1,69,11.4,0.0,0.143,17.6,5.9,1010.6,0
2025-12-13T19:00,16.1,72,11.0,0.0,0.143,17.1,5.2,1010.2,0
2025-12-13T20:00,15.4,75,10.9,0.0,0.144,16.6,5.2,1009.9,0
2025-12-13T21:00,14.9,76,10.8,0.0,0.144,16.2,5.0,1009.6,0
2025-12-13T22:00,14.5,77,10.6,0.0,0.144,15.8,5.8,1009.3,0
2025-12-13T23:00,14.3,78,10.6,0.0,0.144,15.6,6.6,1009.2,0
2025-12-14T00:00,15.2,76,11.0,0.0,0.145,15.5,7.5,1009.5,0
2025-12-14T01:00,15.0,75,10.7,0.0,0.145,15.3,7.2,1010.3,0
2025-12-14T02:00,15.2,74,10.5,0.0,0.145,15.2,6.8,1011.3,0
2025-12-14T03:00,18.3,65,11.5,0.0,0.145,15.9,7.5,1012.1,0
2025-12-14T04:00,21.0,59,12.7,0.0,0.145,17.6,5.4,1012.9,0
2025-12-14T05:00,23.6,53,13.6,0.0,0.145,19.8,4.0,1013.0,0
2025-12-14T06:00,26.0,49,14.3,0.0,0.144,22.3,1.4,1012.3,0
2025-12-14T07:00,27.6,45,14.6,0.0,0.143,24.3,1.8,1011.4,0
2025-12-14T08:00,28.4,43,14.8,0.0,0.142,25.8,4.0,1010.3,0
2025-12-14T09:00,28.6,42,14.4,0.0,0.141,26.6,6.5,1009.4,0
2025-12-14T10:00,28.4,41,13.8,0.0,0.14,26.8,7.7,1009.1,0
2025-12-14T11:00,27.2,49,15.7,0.0,0.14,26.4,6.6,1009.2,0
2025-12-14T12:00,24.5,64,17.1,0.0,0.139,25.5,5.7,1009.2,0
2025-12-14T13:00,22.1,68,16.0,0.0,0.14,23.8,7.2,1010.0,0
2025-12-14T14:00,20.9,71,15.4,0.0,0.14,22.5,6.4,1010.7,0
2025-12-14T15:00,19.8,73,14.9,0.0,0.14,21.3,6.9,1011.1,26
2025-12-14T16:00,19.4,72,14.3,0.0,0.14,20.5,7.4,1011.5,24
2025-12-14T17:00,19.3,66,12.8,0.0,0.14,19.9,8.4,1011.4,0
2025-12-14T18:00,19.2,63,12.1,0.0,0.14,18.8,9.1,1011.2,0
2025-12-14T19:00,17.9,68,11.9,0.0,0.14,18.4,7.7,1010.9,0
2025-12-14T20:00,17.0,71,11.6,0.0,0.14,18.0,7.3,1010.8,0
2025-12-14T21:00,16.4,71,11.1,0.0,0.141,17.6,7.2,1010.5,0
2025-12-14T22:00,16.2,71,10.9,0.0,0.141,17.2,7.3,1010.2,0
2025-12-14T23:00,16.2,71,10.9,0.0,0.141,17.0,7.5,1009.9,0
2025-12-15T00:00,16.2,74,11.5,0.0,0.141,16.5,7.8,1010.5,0
2025-12-15T01:00,15.6,76,11.3,0.0,0.141,16.3,7.6,1011.2,0
2025-12-15T02:00,15.6,74,11.0,0.0,0.141,16.2,7.9,1012.0,0
2025-12-15T03:00,17.8,67,11.5,0.0,0.142,16.7,10.4,1012.9,0
2025-12-15T04:00,20.8,60,12.7,0.0,0.141,18.2,7.6,1013.7,0
2025-12-15T05:00,23.7,53,13.6,0.0,0.141,20.2,6.7,1014.0,0
2025-12-15T06:00,26.4,48,14.6,0.0,0.14,22.9,5.9,1013.5,0
2025-12-15T07:00,28.0,42,13.8,0.0,0.139,24.7,6.0,1012.5,0
2025-12-15T08:00,29.0,36,12.3,0.0,0.138,26.1,6.0,1011.2,0
2025-12-15T09:00,29.3,34,11.8,0.0,0.137,27.0,6.1,1010.1,0
2025-12-15T10:00,29.2,34,11.8,0.0,0.136,27.2,6.5,1009.2,0
2025-12-15T11:00,28.1,46,15.3,0.0,0.136,26.8,4.1,1009.0,0
2025-12-15T12:00,25.3,58,16.4,0.0,0.136,26.0,4.2,1009.1,0
2025-12-15T13:00,22.3,66,15.5,0.0,0.136,24.2,5.4,1009.8,0
2025-12-15T14:00,20.9,66,14.3,0.0,0.136,22.8,6.8,1010.6,0
2025-12-15T15:00,20.0,61,12.2,0.0,0.136,21.7,7.1,1011.1,0
2025-12-15T16:00,19.4,59,11.1,0.0,0.136,20.7,8.3,1011.3,0
2025-12-15T17:00,19.0,59,10.8,0.0,0.136,20.0,8.7,1011.4,0
2025-12-15T18:00,18.4,61,10.7,0.0,0.136,18.9,9.1,1011.3,0
2025-12-15T19:00,17.5,62,10.1,0.0,0.136,18.5,8.6,1010.9,0
2025-12-15T20:00,17.1,62,9.6,0.0,0.136,18.0,8.7,1010.5,0
2025-12-15T21:00,16.8,62,9.5,0.0,0.136,17.6,8.4,1010.3,0
2025-12-15T22:00,16.2,64,9.4,0.0,0.137,17.3,8.3,1010.1,0
2025-12-15T23:00,15.6,65,8.9,0.0,0.137,16.9,8.2,1010.0,0
