farm_id,crop_type,area_ha,npix_full,npix_core,ring_frac,no_interior,buffer_level,health_index,health_core_only,health_matched_random,level_ring_minus_core_db,cv_full,cv_core,on_attention_list,stays_core_only
1,Rice,0.2842602108358393,66,35,0.4696969696969697,False,0,39.63,44.6,48.18,0.295,0.4537487116829755,0.39429952971118787,False,False
2,Rice,0.2215418251883499,55,27,0.509090909090909,False,0,45.61,37.1,46.95,0.298,0.5061886110627373,0.511151592314848,False,False
3,Rice,0.5008628882666493,148,103,0.30405405405405406,False,0,52.08,44.35,48.21,0.22,0.4430547575329234,0.4423684652879541,False,False
4,Maize,0.033637670655093,1,0,1.0,True,1,71.84,72.47,69.78,0.0,,,False,False
5,Groundnut,0.5675288112319056,165,111,0.32727272727272727,False,0,27.09,29.76,25.72,0.49,0.6094732119227708,0.5606330118679883,False,False
6,Cotton,0.8378502189360072,259,191,0.2625482625482626,False,0,44.6,43.05,42.45,0.068,0.5367944204391129,0.5269028458887737,False,False
7,Bajra,0.1950720911999547,46,22,0.5217391304347826,False,0,43.64,41.97,52.65,0.345,0.3550975775439384,0.33419733390016915,False,False
8,Groundnut,0.8917320682281362,283,221,0.21908127208480566,False,0,53.14,53.93,49.95,-0.153,0.4977434577533662,0.47182526535807506,False,False
9,Cotton,0.4170669829003039,117,78,0.33333333333333337,False,0,48.01,40.44,49.38,-0.425,0.5139752729707735,0.5636514809173225,False,False
10,Cotton,0.3860355851925647,92,48,0.4782608695652174,False,0,45.55,40.51,40.3,0.233,0.5454692463566535,0.5523655858766837,False,False
11,Cotton,0.4430542916703957,130,89,0.3153846153846154,False,0,32.56,34.85,32.67,0.144,0.5350897237193019,0.5020593808133429,False,False
12,Cotton,0.5516646220761335,127,68,0.4645669291338582,False,0,48.29,43.75,51.55,-0.006,0.5344658939598727,0.547482167748294,False,False
13,Rice,0.4815186925147954,125,69,0.44799999999999995,False,0,68.55,76.12,73.3,-0.381,0.4469712758605669,0.3935331921992678,False,False
14,Cotton,0.2896841758437599,67,30,0.5522388059701493,False,0,53.92,75.25,82.07,0.045,0.9224359838649951,0.5206918132813826,False,False
15,Cotton,2.257871362413479e-07,40,0,1.0,True,2,34.13,32.37,32.25,0.0,0.5339595373978335,0.5339595373978335,False,False
16,Groundnut,1.198032268621871e-07,26,0,1.0,True,2,30.97,28.85,31.6,0.0,0.5691809860947544,0.5691809860947544,False,False
17,Cotton,8.170756718469804e-09,5,0,1.0,True,2,63.94,59.17,58.53,0.0,0.3808250909149386,0.3808250909149386,False,False
18,Cotton,5.084064626714735e-09,6,0,1.0,True,2,16.72,16.81,17.51,0.0,0.6965421008232733,0.6965421008232733,True,True
19,Bajra,4.845720711671931e-09,10,0,1.0,True,2,56.23,52.17,52.41,0.0,0.3444108064587324,0.3444108064587324,False,False
20,Rice,0.3876135438595965,79,35,0.5569620253164558,False,0,63.65,77.61,77.91,1.418,0.5640583027341034,0.37223753111194796,False,False
21,Rice,0.5725174781550666,162,106,0.345679012345679,False,0,73.76,71.68,70.02,0.037,0.4195176094307307,0.4175009396948636,False,False
22,Cotton,0.3980899814218664,108,66,0.38888888888888884,False,0,14.09,26.17,15.69,-1.406,0.7084353684540867,0.6078637068886421,True,False
23,Bajra,1.1280382993849755e-09,5,0,1.0,True,2,4.1,4.16,4.0,0.0,0.445231863500837,0.445231863500837,True,True
24,Rice,0.256617417728398,58,28,0.5172413793103448,False,0,39.93,46.65,59.68,-0.088,0.6275887428856377,0.5300849858158923,False,False
25,Cotton,0.1020199392891068,16,3,0.8125,False,0,56.66,60.88,50.31,1.425,0.4717335966939671,0.3282241630166803,False,False
26,Rice,0.4838093252761882,133,82,0.3834586466165414,False,0,79.63,77.62,78.64,-0.393,0.4105858892976903,0.40937218168872314,False,False
27,Rice,0.5415105264041837,154,104,0.3246753246753247,False,0,67.37,60.32,65.62,0.432,0.4977653719608239,0.4949658990444997,False,False
28,Cotton,0.259927890220491,61,31,0.4918032786885246,False,0,48.54,42.85,44.65,-0.264,0.4048283424341484,0.415908112450207,False,False
29,Rice,0.5681262967499147,162,110,0.32098765432098764,False,0,64.18,60.23,62.68,-0.218,0.4582252550465446,0.4604485727894229,False,False
30,Cotton,0.3338709047267693,82,40,0.5121951219512195,False,0,81.96,72.25,69.6,0.611,0.5674592068028016,0.603235086949088,False,False
31,Maize,0.5907185134228785,172,109,0.36627906976744184,False,0,69.01,69.84,68.35,-0.698,0.4357230378963231,0.43956839017903826,False,False
32,Rice,0.1085043476881907,21,7,0.6666666666666667,False,0,47.1,42.86,37.47,3.199,0.5800999343808937,0.33081232156958,False,False
33,Cotton,0.6522243259691243,194,138,0.28865979381443296,False,0,49.36,48.89,48.02,-0.7,0.6631998324103626,0.6465749223626902,False,False
34,Rice,0.4679714340427883,135,83,0.3851851851851852,False,0,81.78,80.34,84.39,0.215,0.4723640508677978,0.46825133797324503,False,False
35,Rice,0.992270754998336,313,243,0.22364217252396168,False,0,66.23,69.35,66.24,0.408,0.5290775954759834,0.4792249090350351,False,False
36,Maize,0.902129946251072,289,225,0.22145328719723179,False,0,33.74,29.72,30.41,-0.029,0.5328222612024137,0.5188777961433388,False,False
37,Rice,0.5266487272851875,151,100,0.3377483443708609,False,0,68.91,71.73,68.18,-0.295,0.4966092771951517,0.4715916179654403,False,False
38,Rice,0.492507854010358,137,86,0.3722627737226277,False,0,61.14,65.96,59.28,-0.079,0.5127268068238888,0.46130461784282445,False,False
39,Cotton,0.6675339882764417,188,118,0.37234042553191493,False,0,23.15,25.64,28.9,-0.264,0.6370263780289878,0.6148346463144247,True,True
40,Cotton,0.5319990846374182,158,113,0.28481012658227844,False,0,50.1,44.61,45.52,0.237,0.4118223336517738,0.4226453640239647,False,False
41,Cotton,0.944772147474751,302,236,0.2185430463576159,False,0,81.32,81.28,78.18,-0.185,0.5340779777495364,0.4794780794004428,False,False
42,Cotton,1.3556459123480105,438,349,0.20319634703196343,False,0,90.4,88.5,90.07,-1.23,0.5383699320529282,0.5073333783981899,False,False
43,Cotton,0.6459871347636221,194,140,0.27835051546391754,False,0,40.25,39.26,36.97,0.918,0.4732478073880348,0.4513304404138095,False,False
44,Cotton,0.3342891034507806,92,57,0.3804347826086957,False,0,50.42,49.3,46.62,0.405,0.520119269254828,0.471769338845696,False,False
45,Cotton,0.4164261151889281,116,76,0.3448275862068966,False,0,53.14,48.76,55.9,0.6,0.4746964481216948,0.4421757909469905,False,False
46,Cotton,2.8816279759477605e-12,9,0,1.0,True,2,53.16,48.76,49.72,0.0,0.5164609684189809,0.5164609684189809,False,False
47,Cotton,0.9941431838624308,326,259,0.20552147239263807,False,0,62.64,56.16,58.23,0.9,0.5125645080041079,0.4990405285865137,False,False
48,Cotton,0.5443159741193601,161,115,0.2857142857142857,False,0,33.73,37.56,36.66,0.327,0.616315552677808,0.5436177618288168,False,False
49,Rice,1.4403908240645713,464,364,0.2155172413793104,False,0,68.41,70.72,68.02,0.242,0.4970657564129708,0.4552416518068196,False,False
50,Cotton,1.308755997789612e-07,25,0,1.0,True,2,78.33,72.07,74.37,0.0,0.5416020760546373,0.5416020760546373,False,False
51,Cotton,0.021906183441864,2,0,1.0,True,1,67.03,68.15,63.62,0.0,0.0154150388046944,0.0154150388046944,False,False
52,Cotton,7.831776115873674e-09,16,0,1.0,True,2,36.57,33.64,36.23,0.0,0.7069082252955531,0.7069082252955531,False,False
53,Cotton,0.2259368620071783,47,15,0.6808510638297872,False,0,61.45,58.62,61.51,0.129,0.434233973558597,0.4018486480539051,False,False
54,Maize,0.1833500946954329,40,18,0.55,False,0,68.47,67.45,70.95,0.019,0.3969070901593637,0.3721374561400544,False,False
55,Maize,0.2351931151356756,52,24,0.5384615384615384,False,0,87.35,82.25,89.9,0.353,0.4609431991217586,0.47224458767865096,False,False
56,Rice,0.3370215314449604,100,64,0.36,False,0,57.85,67.39,65.95,-0.045,0.4901392110367096,0.41313518669633187,False,False
57,Maize,8.545364638340783e-16,1,0,1.0,True,2,48.49,47.55,47.45,0.0,,,False,False
58,Cotton,0.096016580764782,13,0,1.0,True,1,69.04,63.7,64.2,0.0,0.4545201643300068,0.4545201643300068,False,False
59,Cotton,0.8144783422308708,255,195,0.23529411764705888,False,0,50.36,43.05,50.28,0.115,0.5970007603533152,0.6145933058658475,False,False
60,Groundnut,0.2806386983997658,71,38,0.46478873239436624,False,0,55.98,56.91,59.14,0.322,0.4534128553900711,0.399818141820091,False,False
61,Cotton,0.3749607207946541,103,67,0.3495145631067961,False,0,26.93,26.05,24.09,-0.666,0.5954707640340362,0.6067059992423224,False,False
62,Cotton,0.4876136060365847,136,86,0.36764705882352944,False,0,32.72,29.47,32.25,-0.646,0.7591794867894093,0.8375051703270545,False,False
63,Rice,0.7577981760913929,230,168,0.26956521739130435,False,0,66.0,66.16,63.34,0.049,0.4569396483498121,0.4339416161050192,False,False
64,Cotton,0.9613098902533448,305,237,0.22295081967213115,False,0,31.75,34.91,30.46,-0.274,0.6202669868705947,0.5761106432780774,False,False
65,Rice,1.1754314082487507,246,188,0.2357723577235772,False,0,65.67,58.75,65.98,-0.349,0.4576219431284581,0.47771719846565763,False,False
66,Rice,0.4845022201146881,136,87,0.3602941176470589,False,0,62.46,67.55,59.39,-0.155,0.4118966005252711,0.3630546116598508,False,False
67,Cotton,0.9000453815698743,287,224,0.2195121951219512,False,0,77.35,71.13,75.09,-0.463,0.5098728563479974,0.5086332747016078,False,False
68,Cotton,0.5116644737487964,150,105,0.30000000000000004,False,0,33.79,35.67,31.14,-0.585,0.5260357489217286,0.5120085409370633,False,False
69,Cotton,1.0442634460811326,309,215,0.3042071197411004,False,0,83.58,84.34,83.81,-1.19,0.6367924029165948,0.5870735454164,False,False
70,Cotton,1.121296032217443,361,285,0.21052631578947367,False,0,46.93,44.89,47.52,-0.252,0.8102801071741242,0.8040861949606982,False,False
71,Groundnut,0.5035004939765695,147,106,0.2789115646258503,False,0,77.94,73.29,73.36,-0.202,0.4397770132798212,0.4387085100973328,False,False
72,Maize,0.3691253187355509,90,50,0.4444444444444444,False,0,50.77,36.08,48.08,0.527,0.4168373015831786,0.461147191996231,False,False
73,Maize,0.3509148390410827,85,50,0.4117647058823529,False,0,23.49,38.7,15.83,1.881,0.7202775529850853,0.4698029256706741,True,False
74,Cotton,0.9351467283416492,295,228,0.22711864406779658,False,0,76.68,77.76,72.94,-1.502,0.5880674622492483,0.5202138821043168,False,False
75,Cotton,1.1755913536809968,389,316,0.1876606683804627,False,0,24.69,27.46,21.92,0.947,0.5923918669327306,0.5360749785413662,True,False
76,Cotton,1.311939657480852,434,353,0.18663594470046085,False,0,24.92,25.67,24.59,-0.339,0.6300215372542458,0.6168818648395092,True,True
77,Cotton,0.9373809699681762,310,245,0.20967741935483875,False,0,18.8,16.86,24.53,0.3,0.6472138209128484,0.6722884375382843,True,True
78,Rice,0.4008839929677567,108,67,0.37962962962962965,False,0,57.95,68.53,44.51,0.19,0.5506934362324711,0.4594411636860415,False,False
79,Rice,0.5705266848847619,169,115,0.3195266272189349,False,0,51.8,51.39,61.35,-0.2,0.5251946248631096,0.5016707939358666,False,False
80,Rice,1.3581766549317962,446,357,0.19955156950672648,False,0,48.29,44.84,47.39,0.371,0.478744834812189,0.46690331880982017,False,False
81,Maize,1.496181459322255,492,404,0.17886178861788615,False,0,67.66,63.2,64.11,-0.145,0.4565118100990933,0.4681694863329938,False,False
82,Maize,1.064641333179936,347,276,0.20461095100864557,False,0,36.76,30.8,34.09,0.252,0.45692232818362,0.4559909359865996,False,False
83,Cotton,0.490880855487086,134,87,0.35074626865671643,False,0,18.66,23.54,15.8,0.408,0.6510643924377434,0.5753299594985121,True,True
84,Cotton,0.16524761421084,37,14,0.6216216216216216,False,0,59.27,62.71,55.85,0.144,0.4554949692823682,0.4400566898732403,False,False
85,Cotton,1.280637977935705,410,319,0.2219512195121951,False,0,84.85,79.15,81.62,-0.331,0.4887243404349878,0.4933028803289032,False,False
86,Cotton,2.734616647205324,944,810,0.14194915254237284,False,0,85.62,82.9,84.22,-0.969,0.5277589203649794,0.5069198770253509,False,False
87,Cotton,0.777248708882525,235,173,0.2638297872340426,False,0,51.26,50.4,47.4,1.493,0.5637017560400313,0.4966121485022345,False,False
88,Rice,0.260868006603177,68,39,0.42647058823529416,False,0,55.66,45.17,63.32,0.307,0.4747726869234718,0.5031666776109899,False,False
89,Rice,0.7261771928709487,226,170,0.24778761061946908,False,0,49.21,42.03,50.1,0.102,0.5558090849481612,0.5657329609111357,False,False
90,Cotton,0.3848799608978606,101,57,0.4356435643564357,False,0,45.55,41.47,44.06,0.305,0.5045960466952686,0.49509617386214766,False,False
91,Cotton,0.2342812214481492,50,15,0.7,False,0,44.51,33.79,54.46,-0.052,0.5341850310697123,0.6305198825066296,False,False
92,Cotton,0.2264409709599675,54,23,0.5740740740740741,False,0,41.78,54.93,54.31,0.403,0.5331043054356336,0.3291056620738017,False,False
93,Cotton,0.1393293747212762,28,10,0.6428571428571428,False,0,44.29,48.84,34.14,-0.638,0.4755978586061041,0.4622694366752976,False,False
94,Cotton,0.2785054924750704,68,34,0.5,False,0,46.97,39.48,50.98,-0.305,0.4808068117884297,0.5227052121352345,False,False
95,Cotton,0.2840433751677662,69,30,0.5652173913043479,False,0,71.32,66.58,49.67,-0.054,0.5227084302537526,0.5135651273001072,False,False
96,Cotton,1.1554552082194167,381,309,0.1889763779527559,False,0,63.2,58.44,58.7,0.261,0.4291156354448913,0.4251719001807214,False,False
97,Cotton,0.5991694971966668,178,127,0.2865168539325843,False,0,37.92,41.23,38.67,1.358,0.6159805668628866,0.5279022507209358,False,False
98,Cotton,0.2332142299587677,57,31,0.45614035087719296,False,0,71.95,75.36,64.84,-1.351,0.512333118972067,0.4985931263829289,False,False
99,Cotton,0.0758460241113632,12,2,0.8333333333333334,False,0,68.28,96.07,96.9,-3.893,0.5985327645352775,0.33767764995017935,False,False
100,Maize,1.038304978411163,329,251,0.2370820668693009,False,0,59.05,53.78,55.91,0.041,0.4777502264284766,0.481403476886566,False,False
101,Cotton,0.863408252802758,270,207,0.23333333333333328,False,0,53.56,51.7,55.29,-0.295,0.5652717259895231,0.5622179296589522,False,False
102,Cotton,0.8774275405357334,274,204,0.25547445255474455,False,0,50.46,52.89,43.92,0.873,0.5340025114442777,0.45228664309802846,False,False
103,Cotton,0.8204243197416506,253,184,0.2727272727272727,False,0,97.67,96.3,96.79,-0.633,0.4435946511248932,0.43218318077212775,False,False
104,Groundnut,1.2056742022049345,401,323,0.19451371571072318,False,0,67.24,62.57,63.1,0.718,0.4750359629480942,0.4581973034599472,False,False
105,Cotton,0.8695715446656979,274,213,0.22262773722627738,False,0,92.78,90.23,90.85,-0.179,0.4812687311796925,0.45163323067782296,False,False
106,Cotton,1.232768008182174,410,337,0.17804878048780493,False,0,87.04,84.2,85.25,-0.611,0.4920900557066039,0.47092194369009255,False,False
107,Cotton,0.345415721487276,92,55,0.40217391304347827,False,0,26.76,32.82,21.54,0.665,0.7096647348607775,0.6267811031639637,False,False
108,Cotton,1.440513439912615,492,413,0.16056910569105687,False,0,85.58,82.41,82.08,-1.371,0.4802275772227517,0.46487625202384925,False,False
109,Cotton,0.3839817922403229,105,66,0.37142857142857144,False,0,18.68,13.2,26.97,0.466,0.6555984464763475,0.723750401362974,True,True
110,Cotton,0.902733476203221,283,213,0.24734982332155475,False,0,81.36,78.18,76.34,0.133,0.5276308095124717,0.507313924273317,False,False
111,Groundnut,1.7360962439700336,592,501,0.15371621621621623,False,0,49.19,53.54,45.57,0.774,0.520577327146738,0.46235408255633287,False,False
112,Maize,0.4228356993263947,120,79,0.3416666666666667,False,0,61.59,56.19,53.38,0.38,0.4167703330131746,0.41262987779340843,False,False
113,Rice,0.4519441090941869,122,78,0.360655737704918,False,0,45.04,36.49,43.24,0.713,0.4459740402616379,0.45511747193693863,False,False
114,Groundnut,2.7160552186196507,925,778,0.15891891891891896,False,0,14.56,10.35,21.22,-0.033,0.7266617107642601,0.7670463609998431,True,True
115,Cotton,1.1777386518729067,372,291,0.217741935483871,False,0,42.21,40.26,37.07,-0.454,0.4447341893432007,0.44879508145404445,False,False
116,Groundnut,1.4371211218304338,468,376,0.19658119658119655,False,0,50.43,50.9,49.32,0.665,0.4917998986426614,0.45832615541953436,False,False
117,Cotton,0.5394947723443138,164,118,0.2804878048780488,False,0,74.18,68.15,73.22,-0.451,0.562580203859985,0.5721058930155439,False,False
118,Rice,0.973816937519818,310,244,0.2129032258064516,False,0,57.62,65.03,54.51,1.148,0.514530981898765,0.4241878263345457,False,False
119,Cotton,0.5508221864634812,150,84,0.43999999999999995,False,0,78.38,66.67,82.14,0.457,0.6205763249626545,0.6784812030330933,False,False
120,Cotton,1.090826826352455,351,276,0.2136752136752137,False,0,75.67,72.97,74.19,-0.169,0.5332149703493697,0.5133954343212119,False,False
121,Cotton,1.3062825103304567,416,319,0.23317307692307687,False,0,76.25,80.34,72.22,-0.259,0.5969921422218148,0.48327751541315156,False,False
122,Groundnut,0.8742570352409497,267,193,0.27715355805243447,False,0,66.78,67.22,65.88,0.412,0.4890770976740655,0.4601938993532517,False,False
123,Cotton,0.6430006209264557,196,144,0.26530612244897955,False,0,43.38,38.39,42.41,0.28,0.4724616283338618,0.4747320594514439,False,False
124,Groundnut,0.7598516798762366,240,184,0.23333333333333328,False,0,20.97,24.86,23.06,1.088,0.7405768883943334,0.683623164850328,True,True
125,Groundnut,1.0225539443500316,333,264,0.2072072072072072,False,0,55.44,47.82,56.86,0.666,0.479161225956603,0.48452710205129085,False,False
126,Groundnut,0.7150948808813716,217,158,0.27188940092165903,False,0,28.14,27.57,27.4,0.085,0.5154226843592766,0.5206640646488266,False,False
127,Groundnut,0.5040409155123979,136,82,0.3970588235294118,False,0,61.38,54.77,58.09,0.581,0.4337496246008399,0.4354401810280237,False,False
128,Groundnut,0.2558524131024084,61,33,0.4590163934426229,False,0,85.07,63.3,79.64,0.954,0.4396636115528419,0.48842974227976726,False,False
129,Groundnut,0.2873982682578124,67,30,0.5522388059701493,False,0,69.59,75.0,57.64,-0.248,0.3924734878536172,0.3488396322561787,False,False
130,Cotton,1.129894981372383,375,311,0.17066666666666663,False,0,45.03,45.41,43.72,-0.123,0.4705095153665327,0.4437951482409231,False,False
131,Groundnut,0.3506813898908201,95,62,0.34736842105263155,False,0,68.54,64.47,60.66,-0.038,0.4485246849456573,0.4459549810335123,False,False
132,Bajra,0.2254981623826314,56,27,0.5178571428571428,False,0,55.98,61.77,66.77,-0.07,0.4089180202544158,0.3566141795081692,False,False
133,Groundnut,0.2754255023970374,68,37,0.4558823529411765,False,0,71.16,69.98,64.45,-0.509,0.400102940982049,0.37612272630917815,False,False
134,Groundnut,0.5424562315593663,162,118,0.2716049382716049,False,0,38.88,34.34,34.34,0.887,0.53162577719793,0.5265724312642721,False,False
135,Cotton,2.340303052373448,803,686,0.14570361145703614,False,0,15.84,42.24,15.89,2.389,3.0572234111271763,0.46334482401185517,True,False
136,Cotton,0.6784272025058703,173,111,0.35838150289017345,False,0,60.99,62.9,55.16,1.057,0.5239606972585967,0.4110226729711317,False,False
137,Cotton,1.780815864649631,601,502,0.16472545757071544,False,0,92.1,89.08,89.06,-0.616,0.4720927823946761,0.4525100807937694,False,False
138,Cotton,0.8420534802994826,273,212,0.22344322344322343,False,0,95.16,92.06,94.04,0.398,0.4515086442085259,0.45158258136879614,False,False
139,Groundnut,0.9984049705209734,327,262,0.19877675840978593,False,0,49.88,44.6,48.26,0.146,0.474081101051364,0.47378743232697357,False,False
140,Cotton,0.2669220443432319,65,33,0.49230769230769234,False,0,30.53,32.83,26.97,-0.153,0.4181517204815331,0.40587758757114084,False,False
141,Maize,0.4840316854581701,134,90,0.32835820895522383,False,0,57.86,54.43,56.86,-0.134,0.431458856945184,0.4375068535077617,False,False
142,Groundnut,1.945272622124535,652,536,0.17791411042944782,False,0,73.9,66.55,69.75,0.125,0.505507541438549,0.5169769585151338,False,False
143,Cotton,0.6452601611646481,199,148,0.2562814070351759,False,0,44.33,40.91,40.96,0.124,0.4815138511946438,0.4805545941410011,False,False
144,Groundnut,2.464586531116192,859,737,0.14202561117578583,False,0,76.78,74.73,74.35,0.166,0.4874908596566479,0.4611809727678618,False,False
145,Groundnut,1.280297201865029,415,336,0.19036144578313252,False,0,76.2,73.65,72.63,1.003,0.4682599767337816,0.43149806996626733,False,False
146,Cotton,0.6950063945810191,210,147,0.30000000000000004,False,0,29.91,26.64,32.95,0.236,0.5294364917068096,0.5351295682730213,False,False
147,Cotton,0.6208175701277161,183,125,0.31693989071038253,False,0,77.97,74.07,71.67,-0.195,0.4720470674754672,0.4559049072078958,False,False
148,Cotton,0.2687311528820438,71,42,0.4084507042253521,False,0,37.32,31.53,37.71,0.049,0.4366720729202449,0.47875463385885664,False,False
149,Maize,1.1391172504945166,371,299,0.19407008086253374,False,0,38.6,34.19,34.09,-0.358,0.4658240514531356,0.4590007906918427,False,False
150,Cotton,0.7710070888383248,240,178,0.2583333333333333,False,0,30.87,33.9,34.54,0.443,0.5969475901814313,0.5480811748551873,False,False
151,Cotton,0.4696501216122695,139,96,0.3093525179856115,False,0,79.81,76.23,72.78,0.248,0.3703016721233584,0.3262285252320467,False,False
152,Groundnut,0.3038206362764897,85,51,0.4,False,0,56.4,52.52,52.99,-0.173,0.4936754101926419,0.500992764176501,False,False
153,Cotton,0.2807673441173454,71,40,0.43661971830985913,False,0,52.02,49.81,50.39,0.602,0.4637915263689569,0.4644999450800127,False,False
154,Cotton,0.723847460353637,213,151,0.29107981220657275,False,0,94.26,91.87,92.92,-0.845,0.4643172784271194,0.45223111287308126,False,False
155,Bajra,0.4358413456392997,129,85,0.3410852713178295,False,0,43.26,46.56,46.19,0.508,0.4775319883582745,0.42267643317975706,False,False
156,Groundnut,0.8466172172870067,268,206,0.23134328358208955,False,0,72.02,67.65,68.06,0.164,0.4152828990097689,0.40439892622888424,False,False
157,Groundnut,0.4224371561524075,120,75,0.375,False,0,54.8,50.65,56.42,0.713,0.4880682645579577,0.46947639431721433,False,False
158,Maize,0.4537630693477505,125,77,0.384,False,0,33.23,28.68,35.53,0.235,0.5956985052469224,0.5587063146308268,False,False
159,Cotton,0.6722226892039258,211,152,0.2796208530805687,False,0,41.27,39.24,38.24,0.459,0.5843518243404265,0.5619729595857309,False,False
160,Cotton,0.702019525588388,209,154,0.26315789473684215,False,0,9.78,11.38,10.68,-1.252,0.7722004744421019,0.7976665011701932,True,True
161,Cotton,0.5002484352402639,139,93,0.3309352517985612,False,0,27.45,31.75,27.56,-0.198,0.5325686498104049,0.4770175306107747,False,False
162,Cotton,0.3072359700729527,71,30,0.5774647887323944,False,0,49.07,52.74,44.18,0.037,0.491729193867689,0.44757046101629006,False,False
163,Cotton,0.980347962241822,297,212,0.2861952861952862,False,0,86.85,84.27,82.83,-0.66,0.5132020590933964,0.4795582198311179,False,False
164,Cotton,0.906192737167293,290,226,0.2206896551724138,False,0,25.91,20.2,22.22,2.145,0.963221463055797,0.940767592424456,False,True
165,Groundnut,0.7514389364106688,238,180,0.24369747899159666,False,0,58.48,62.08,55.64,0.752,0.5309171811083824,0.4642898942871827,False,False
166,Groundnut,1.1973765742523796,403,330,0.18114143920595538,False,0,59.19,57.86,58.03,0.601,0.5012108296205534,0.46797828404523534,False,False
167,Groundnut,0.7704174140296096,244,186,0.23770491803278693,False,0,38.79,43.75,32.35,0.787,0.4996292242179177,0.4419706256779969,False,False
168,Groundnut,0.7724193757020149,234,167,0.2863247863247863,False,0,56.69,48.14,61.73,0.211,0.5262514883316285,0.5440323787592191,False,False
169,Maize,1.2283106611993748,402,322,0.1990049751243781,False,0,75.17,74.82,72.0,-0.814,0.5578876993321328,0.5563816628199145,False,False
170,Groundnut,0.5500544157715738,164,118,0.2804878048780488,False,0,31.94,31.51,30.66,0.424,0.5079337253916418,0.4908662438222673,False,False
171,Cotton,0.3239565531048635,76,36,0.5263157894736843,False,0,26.49,23.36,24.27,-0.635,0.5379965291569944,0.572046826295162,False,True
172,Groundnut,0.7412361949080405,221,164,0.25791855203619907,False,0,92.92,94.91,89.06,0.278,0.478444160623302,0.4479473342146896,False,False
173,Cotton,1.0505682467249404,341,272,0.20234604105571852,False,0,71.2,65.13,69.41,-1.139,0.6326330084518772,0.621128981309203,False,False
174,Cotton,0.9525668214601076,304,243,0.20065789473684215,False,0,38.39,38.46,45.48,-0.009,0.686312444706482,0.6729985983625899,False,False
175,Cotton,0.1686314783880216,38,17,0.5526315789473684,False,0,48.08,66.42,34.72,-1.333,0.3901494743380462,0.2968263576405805,False,False
176,Cotton,0.1731525057273974,38,18,0.5263157894736843,False,0,15.77,5.65,13.41,0.941,0.6380899831007663,0.8464713616340996,True,True
177,Cotton,0.417016906292713,114,72,0.368421052631579,False,0,29.89,24.02,25.7,0.05,0.5153406923408251,0.5455030968984746,False,True
178,Cotton,0.2664482686812132,68,38,0.4411764705882353,False,0,46.05,48.8,38.32,0.635,0.5489400074219172,0.49489478857610875,False,False
179,Cotton,0.2934827487748793,76,45,0.4078947368421053,False,0,19.8,23.01,22.59,-0.063,0.71204872803008,0.662724163139355,True,True
180,Bajra,0.5213027996045472,152,106,0.3026315789473685,False,0,40.78,39.96,40.02,0.661,0.4965744247491869,0.46262559431535566,False,False
181,Rice,0.3170852062888362,86,55,0.36046511627906974,False,0,40.16,34.56,49.58,1.547,0.4863151913766433,0.4281584837806598,False,False
182,Rice,0.4785180004657791,140,101,0.2785714285714286,False,0,29.18,24.51,26.17,-0.126,0.5255876086208481,0.5119789003480044,False,True
183,Rice,0.3600646109439386,98,61,0.37755102040816324,False,0,35.92,53.84,33.32,-0.266,0.5723441732296675,0.43593695790767634,False,False
184,Rice,0.8761300156238778,271,195,0.28044280442804426,False,0,49.31,47.76,46.34,0.641,0.4553790173861854,0.4121444691293546,False,False
185,Cotton,0.4617213093585915,119,65,0.45378151260504207,False,0,50.36,48.52,43.14,-0.551,0.4223942967556707,0.4273693961448798,False,False
186,Cotton,0.7721688846969385,230,168,0.26956521739130435,False,0,9.98,26.03,10.55,1.488,0.7811172543741343,0.5416207099660605,True,False
187,Cotton,0.2648420259177794,65,36,0.4461538461538461,False,0,51.93,50.72,49.57,-0.275,0.4387665550371852,0.44674380932848096,False,False
188,Cotton,0.7572062780518057,232,171,0.2629310344827587,False,0,32.37,34.74,34.0,0.157,0.6223120713271235,0.5843591073753799,False,False
189,Cotton,0.4966935727849175,143,92,0.35664335664335667,False,0,58.55,53.51,56.51,0.204,0.3759226111047912,0.38739579566584,False,False
190,Groundnut,0.6007625556064117,182,133,0.2692307692307693,False,0,60.28,54.37,54.85,0.047,0.4145657344840321,0.411420842051158,False,False
191,Cotton,0.181773638670406,41,18,0.5609756097560976,False,0,59.76,53.87,57.69,0.417,0.4145925837294674,0.377982832233487,False,False
192,Bajra,0.5115188564422274,147,101,0.3129251700680272,False,0,45.67,44.38,45.67,0.555,0.4332058915183095,0.3935753358882018,False,False
193,Groundnut,1.1708722939039171,363,265,0.26997245179063356,False,0,59.69,54.31,56.46,-0.169,0.4375100445858579,0.4486628279581679,False,False
194,Rice,0.5905895150811981,178,128,0.2808988764044944,False,0,54.04,47.09,49.27,-0.239,0.4703375370862571,0.4849085579063596,False,False
195,Groundnut,0.2704750222983429,70,38,0.4571428571428572,False,0,37.84,44.34,41.23,-0.731,0.4329937759327509,0.4121592489780089,False,False
196,Groundnut,0.2478605627610821,59,29,0.5084745762711864,False,0,67.38,69.55,58.57,-0.308,0.4458704700086539,0.41822016212824586,False,False
197,Bajra,0.2251970800390402,53,24,0.5471698113207547,False,0,76.18,64.9,55.08,0.664,0.4027621296040923,0.38114678805978813,False,False
198,Groundnut,0.1275051537003932,27,8,0.7037037037037037,False,0,63.22,56.66,35.54,-0.865,0.4825236608163796,0.5393379748181516,False,False
199,Cotton,2.2064500138134653,760,648,0.1473684210526316,False,0,52.79,49.74,50.0,-0.602,0.556810911893295,0.5581954120916924,False,False
200,Cotton,0.9396453164725428,278,195,0.2985611510791367,False,0,68.97,72.32,64.63,-1.332,0.5961079463507473,0.5282432490545005,False,False
201,Groundnut,1.0044624331766328,322,253,0.2142857142857143,False,0,51.79,50.21,49.12,0.529,0.5009209340307618,0.4765692827844824,False,False
202,Rice,0.7478270702787766,232,170,0.26724137931034486,False,0,9.2,8.92,10.0,1.918,0.8070795267927929,0.6925545304307125,True,True
203,Rice,0.6296053964305492,184,128,0.30434782608695654,False,0,32.44,19.91,38.0,0.637,0.5936417957969338,0.6190002692908395,False,True
204,Groundnut,1.0112498838353696,313,234,0.25239616613418525,False,0,74.55,67.66,67.67,0.164,0.4049512559868292,0.4123027878407975,False,False
205,Cotton,0.6349802383745021,192,139,0.27604166666666663,False,0,65.36,63.18,59.55,-0.305,0.5096524263444787,0.4583944750820668,False,False
206,Cotton,0.784311710682565,247,191,0.22672064777327938,False,0,52.11,46.65,50.33,-0.584,0.4766676491005764,0.4911487892005272,False,False
207,Cotton,0.6967410053794851,215,156,0.27441860465116275,False,0,20.47,31.05,17.72,1.37,0.6422278449954874,0.4930032624124868,True,False
208,Groundnut,0.4266130349569345,119,78,0.3445378151260504,False,0,55.2,54.42,57.07,0.197,0.4791776452241668,0.4517379373982034,False,False
209,Cotton,0.1582519835685695,38,15,0.6052631578947368,False,0,69.52,61.54,60.99,0.454,0.3970660724832165,0.37900524904185284,False,False
210,Cotton,0.3129597991705544,76,41,0.4605263157894737,False,0,9.76,26.85,10.14,-0.166,0.7765790385032447,0.5875814579850906,True,False
211,Cotton,0.1802465149020178,37,12,0.6756756756756757,False,0,70.04,59.77,80.38,-0.763,0.4030027471370607,0.44237489633230415,False,False
212,Rice,0.4319206022836689,122,82,0.3278688524590164,False,0,58.37,50.99,56.49,0.575,0.4722184384845697,0.480625411061922,False,False
213,Cotton,0.3845928018852836,91,41,0.5494505494505495,False,0,76.5,75.16,67.36,-0.428,0.4665952712933771,0.4157071384143732,False,False
214,Groundnut,0.5767319613707624,165,107,0.35151515151515156,False,0,32.42,40.06,28.18,0.268,0.6689030118013939,0.5800301844897274,False,False
215,Groundnut,0.368371320561087,94,49,0.4787234042553191,False,0,67.92,61.56,62.67,-0.317,0.4332910604582107,0.4629638320812029,False,False
216,Cotton,2.257866105104644,747,607,0.18741633199464525,False,0,77.98,74.25,76.49,-0.768,0.5116437437948756,0.49707144926680064,False,False
217,Cotton,1.618538722957794,542,451,0.16789667896678961,False,0,30.01,33.46,29.5,0.942,0.5852694158101205,0.5220004989171619,False,False
218,Cotton,0.5209821847620844,157,110,0.2993630573248408,False,0,78.72,75.02,77.82,-0.966,0.5529649695740101,0.5278421693450451,False,False
219,Cotton,0.4809575378341605,139,95,0.3165467625899281,False,0,78.26,74.56,74.01,-0.557,0.4585455506841109,0.4524114292640658,False,False
220,Rice,0.6791941181350513,207,151,0.27053140096618356,False,0,79.31,79.76,79.47,0.564,0.4460166152294618,0.4159113265014771,False,False
221,Rice,0.4398077316451554,120,75,0.375,False,0,63.33,58.1,53.72,0.338,0.403590724755446,0.4117851843027173,False,False
222,Rice,0.31199362653037,75,38,0.4933333333333333,False,0,27.5,34.59,22.47,-0.317,0.6027921661615425,0.5330152731079159,False,False
223,Rice,0.7449046251333464,230,172,0.25217391304347825,False,0,63.35,53.77,65.4,0.737,0.4437239331486334,0.46256102672610433,False,False
224,Rice,0.4594212551855331,133,90,0.32330827067669177,False,0,50.74,53.09,46.37,0.975,0.5616648533351064,0.49999415626546584,False,False
225,Rice,0.4347827927627647,124,82,0.33870967741935487,False,0,24.68,59.9,21.42,0.917,0.6772369124884984,0.39159998546501307,True,False
226,Rice,0.980848019215926,311,238,0.23472668810289388,False,0,49.37,48.63,43.11,-0.1,0.4675068156898536,0.4385506690960399,False,False
227,Rice,1.6989458802815125,569,476,0.16344463971880496,False,0,53.15,50.63,54.98,0.84,0.5017688773244087,0.4738323422669494,False,False
228,Maize,0.4754910576842381,137,101,0.26277372262773724,False,0,31.49,27.36,24.99,0.89,0.5678661509939587,0.5260018546148792,False,False
229,Groundnut,0.7804683459311321,247,200,0.19028340080971662,False,0,35.68,31.33,33.97,0.794,0.4622252046382836,0.4505631889103221,False,False
230,Cotton,1.6167286085644208,548,463,0.1551094890510949,False,0,76.45,73.8,73.31,-0.989,0.4996448277519097,0.4792925689894287,False,False
231,Groundnut,0.9411568183957834,281,203,0.2775800711743772,False,0,57.34,57.46,53.87,0.903,0.491683926662406,0.433638226248863,False,False
232,Cotton,0.2671883684737131,66,36,0.4545454545454546,False,0,32.63,31.06,29.05,0.174,0.52399518462968,0.508959894792456,False,False
233,Rice,1.4462685345625117,478,387,0.19037656903765687,False,0,32.02,22.83,30.05,-0.054,0.6442659563325773,0.663031540562335,False,True
234,Groundnut,0.7494096865565114,235,178,0.24255319148936172,False,0,47.99,53.39,50.14,0.091,0.5162990516317916,0.4644171112477764,False,False
235,Cotton,0.988305653914853,320,255,0.203125,False,0,86.24,84.55,85.23,-1.41,0.546857929043402,0.5185731276609277,False,False
236,Groundnut,0.9385149634883032,300,238,0.20666666666666667,False,0,42.22,57.6,39.29,0.928,0.5558679089018231,0.4327828268471528,False,False
237,Cotton,0.5468197505470982,157,108,0.3121019108280255,False,0,21.35,22.69,27.97,0.536,0.6420471152328985,0.6207072420381453,True,True
238,Cotton,0.2241986851892471,55,32,0.4181818181818182,False,0,28.25,38.62,31.11,-0.513,0.5774707976814855,0.5087099385425775,False,False
239,Groundnut,0.6230334578875042,189,136,0.28042328042328046,False,0,59.46,54.45,55.11,1.218,0.4774697098843801,0.44786082694120943,False,False
240,Cotton,0.647745570913258,199,145,0.27135678391959794,False,0,43.02,45.91,35.75,-0.248,0.530797201036025,0.4812119554746444,False,False
241,Groundnut,1.2201418833926574,400,320,0.19999999999999996,False,0,38.54,48.41,37.43,1.248,0.5378972054375435,0.43821052143267203,False,False
242,Bajra,0.2829378630772339,73,44,0.3972602739726028,False,0,36.66,45.54,24.42,1.254,0.5258380971841893,0.4020648641770705,False,False
243,Maize,0.3109161381294359,79,43,0.45569620253164556,False,0,24.6,38.05,21.66,1.693,0.6271600040909113,0.39662184347516827,True,False
244,Cotton,0.8506963185502399,263,191,0.2737642585551331,False,0,28.95,27.11,30.41,0.642,0.5269611998461114,0.5092988605129485,False,False
245,Rice,0.3606361674570256,100,60,0.4,False,0,51.22,55.82,47.53,0.925,0.4865731674749481,0.3791484094718514,False,False
246,Cotton,1.3289544930386472,436,357,0.18119266055045868,False,0,72.1,69.39,74.26,-1.401,0.5916759623411291,0.5705260545975744,False,False
247,Cotton,0.3614106724607678,103,62,0.3980582524271845,False,0,26.99,44.58,41.54,-1.12,0.6431024975619885,0.5025688978181604,False,False
248,Cotton,0.5567778905520895,163,114,0.3006134969325154,False,0,81.76,76.14,84.21,-0.379,0.4734375521053456,0.47812683050113025,False,False
249,Groundnut,0.3292725539449389,84,48,0.4285714285714286,False,0,28.12,30.21,22.33,0.767,0.537700713176172,0.4880217259883954,False,False
250,Cotton,0.511454514602527,139,88,0.36690647482014394,False,0,50.49,47.74,46.7,0.268,0.4410231213958137,0.43991116703974614,False,False
251,Groundnut,0.5215320846717192,157,110,0.2993630573248408,False,0,58.31,57.63,57.03,0.99,0.497034356425479,0.4426144860883591,False,False
252,Groundnut,1.0573110816609477,341,269,0.2111436950146628,False,0,48.08,42.49,51.57,0.159,0.5125204893295521,0.5265229859254501,False,False
253,Cotton,0.7286031622944441,225,168,0.2533333333333333,False,0,85.56,82.4,81.72,0.011,0.4646767538418914,0.4413156090512318,False,False
254,Groundnut,2.1852211968278685,757,652,0.13870541611624831,False,0,27.55,31.29,27.83,0.61,0.5242751732653758,0.4813589452618503,False,False
255,Bajra,0.3891005307635708,109,71,0.3486238532110092,False,0,57.42,53.3,54.47,0.704,0.4689257757705697,0.4598525155568411,False,False
256,Cotton,0.3326938893618243,90,54,0.4,False,0,34.26,29.47,32.78,1.407,0.5346610258610636,0.4869026934813731,False,False
257,Cotton,0.2645702222467116,69,40,0.42028985507246375,False,0,26.37,23.81,29.94,-0.447,0.5687150174358429,0.6053875770128333,False,True
258,Groundnut,0.6946125446866311,211,156,0.26066350710900477,False,0,30.26,32.23,42.91,0.38,0.6108898351008455,0.5719222897539634,False,False
259,Rice,0.7847632123812942,233,168,0.27896995708154504,False,0,36.49,38.67,29.93,1.042,0.5413850487188314,0.46212128630244387,False,False
260,Groundnut,1.8687723631176507,625,519,0.16959999999999997,False,0,36.8,45.2,35.66,0.969,0.523960984896845,0.44245894839804534,False,False
261,Groundnut,0.8134373561379661,257,196,0.23735408560311289,False,0,89.94,87.07,84.51,1.051,0.4263533696409705,0.3943121060394234,False,False
262,Groundnut,1.2893564361958316,424,340,0.19811320754716977,False,0,49.03,49.27,48.23,-0.3,0.4475172346989386,0.4248554471247281,False,False
263,Maize,0.828263028546942,266,204,0.23308270676691734,False,0,56.41,56.98,53.33,0.735,0.5086528279403856,0.46027135729246216,False,False
264,Cotton,0.6158419783830043,184,129,0.29891304347826086,False,0,22.75,21.58,24.07,0.733,0.5646879031293668,0.553220788878506,True,True
265,Cotton,0.2161711378282018,51,26,0.4901960784313726,False,0,36.02,41.45,40.95,0.051,0.521739715941722,0.438808130415855,False,False
266,Groundnut,0.60773561308754,182,125,0.3131868131868132,False,0,50.77,51.39,55.4,-0.005,0.4922998202956588,0.46321108653874365,False,False
267,Cotton,2.1551723531181226,744,631,0.1518817204301075,False,0,70.51,66.63,66.78,-0.309,0.5034115241037475,0.4889871402593999,False,False
268,Cotton,0.6035998364536282,175,121,0.3085714285714286,False,0,75.95,74.65,70.91,-1.08,0.4916092850544624,0.4722775707859712,False,False
269,Cotton,0.6948285958534068,216,159,0.26388888888888884,False,0,30.65,28.82,35.91,0.508,0.5326918986211082,0.5176347431338102,False,False
270,Maize,1.471214069823128,492,406,0.17479674796747968,False,0,33.4,29.03,29.86,-0.068,0.5364686694092233,0.5278640318590915,False,False
271,Groundnut,0.5089799478166456,141,92,0.34751773049645385,False,0,46.22,54.85,37.38,0.65,0.4861821836991262,0.3927343249161711,False,False
272,Groundnut,0.9326545888768212,304,243,0.20065789473684215,False,0,36.79,39.73,35.53,0.744,0.525078764366851,0.4797510446102254,False,False
273,Rice,1.1231173649206252,366,295,0.19398907103825136,False,0,57.08,55.19,51.66,0.632,0.4945452903070047,0.4608431490933005,False,False
274,Maize,1.126366025944325,365,291,0.20273972602739732,False,0,54.79,50.35,53.99,0.012,0.5073651686192716,0.5015412617835745,False,False
275,Cotton,0.352751469778999,84,38,0.5476190476190477,False,0,42.86,37.18,36.98,0.661,0.5142111938971181,0.46410619819556476,False,False
276,Bajra,1.6402277577174762,550,453,0.1763636363636364,False,0,32.56,30.84,35.19,0.257,0.4857078082437782,0.4679894532227222,False,False
277,Groundnut,0.4988411236106482,136,83,0.3897058823529411,False,0,49.67,50.1,48.87,0.746,0.4782272255926574,0.4197167189694391,False,False
278,Cotton,0.4856704379137245,137,89,0.35036496350364965,False,0,35.97,29.25,34.45,0.063,0.491018182678385,0.540918524751528,False,False
279,Groundnut,1.4053171179877608,457,363,0.20568927789934355,False,0,50.0,48.34,48.34,0.361,0.4729897706776102,0.4592813015693777,False,False
280,Groundnut,1.4554634121873091,465,358,0.23010752688172043,False,0,37.68,35.36,39.0,1.146,0.5818653026883461,0.5519764568396119,False,False
281,Groundnut,0.6996678405121893,216,159,0.26388888888888884,False,0,34.74,32.32,32.57,0.86,0.4524631159579643,0.4403560112520106,False,False
282,Groundnut,0.5657004419728286,171,123,0.2807017543859649,False,0,33.97,35.04,29.36,0.064,0.3999694909759477,0.3830507104976825,False,False
283,Groundnut,0.3010912574216349,80,49,0.38749999999999996,False,0,70.4,66.36,71.56,-0.052,0.4130660020676994,0.4070686407934154,False,False
284,Groundnut,0.435011895227568,116,68,0.4137931034482759,False,0,27.33,16.92,25.66,0.394,0.5881658060587379,0.6320759277879164,False,True
285,Groundnut,0.858566318658825,249,163,0.34538152610441764,False,0,39.05,33.85,39.6,0.448,0.5963310957395801,0.5801552060770068,False,False
286,Cotton,1.626564128640391,553,465,0.15913200723327303,False,0,22.4,21.63,20.58,-0.351,0.5955019053554608,0.6014624245319488,True,True
287,Cotton,1.5955433868042292,538,453,0.1579925650557621,False,0,84.88,81.56,81.56,-0.629,0.4657967949223048,0.4508162382283109,False,False
288,Cotton,0.4017942140985259,112,73,0.3482142857142857,False,0,43.88,35.8,48.48,-0.262,0.6006965187811777,0.6362490701184381,False,False
289,Cotton,0.443959441511126,121,70,0.42148760330578516,False,0,49.83,61.21,51.56,0.25,0.6105865821412211,0.4677489936899712,False,False
290,Cotton,1.3059679812627736,436,358,0.17889908256880738,False,0,86.44,81.7,84.17,0.134,0.4776039561977811,0.47162417304489085,False,False
291,Cotton,1.1546305771591698,379,306,0.19261213720316628,False,0,42.18,39.82,41.29,0.247,0.5232643371517555,0.5155247320074687,False,False
292,Cotton,1.230624620457207,410,336,0.18048780487804883,False,0,85.67,83.22,83.96,-1.199,0.4577442005287662,0.43653791098060774,False,False
293,Groundnut,0.5258274788244242,152,102,0.32894736842105265,False,0,64.6,55.45,65.77,0.629,0.4361587144253649,0.4434005915572723,False,False
294,Cotton,0.6740944677624838,209,155,0.2583732057416268,False,0,80.62,73.74,75.53,-0.05,0.5492483425899244,0.558046179112094,False,False
295,Groundnut,1.5282217972556655,508,415,0.1830708661417323,False,0,59.18,58.27,53.32,0.694,0.4565211824433942,0.4190075442993548,False,False
296,Cotton,0.8112287225926186,256,196,0.234375,False,0,44.02,47.39,48.14,-0.195,0.5609458428804831,0.5081192381245133,False,False
297,Groundnut,0.9764188898337998,315,250,0.2063492063492064,False,0,62.99,55.27,56.95,0.317,0.4586936097743327,0.46547875234587843,False,False
298,Rice,0.4933137875261112,141,98,0.3049645390070922,False,0,55.66,50.86,46.0,0.303,0.4347558826558846,0.43878295240664283,False,False
299,Cotton,0.8369142643465202,263,202,0.23193916349809884,False,0,14.03,14.51,13.14,0.493,0.78435737833777,0.8134745558330624,True,True
300,Cotton,0.8367580792825227,267,204,0.2359550561797753,False,0,28.97,32.67,29.81,-1.527,1.3448032104149543,1.4037384390899055,False,False
301,Rice,0.5822234450337958,177,128,0.2768361581920904,False,0,56.77,61.25,63.08,0.438,0.4886467045588277,0.44207949849357686,False,False
302,Bajra,0.5615611998131312,169,121,0.28402366863905326,False,0,48.27,48.57,47.43,0.12,0.4791209793072652,0.44450894939073615,False,False
303,Cotton,0.1821619080194837,38,17,0.5526315789473684,False,0,52.4,54.42,48.57,0.434,0.4741839122704413,0.402932738548768,False,False
304,Cotton,0.8909633496069183,266,178,0.3308270676691729,False,0,15.37,21.84,23.29,0.967,0.6591703406586646,0.5480106153238735,True,True
305,Rice,0.5634341572768592,162,114,0.2962962962962963,False,0,23.85,25.82,21.78,0.117,0.6973247406060566,0.6245211535668023,True,True
306,Cotton,0.4512150156524247,129,86,0.33333333333333337,False,0,51.46,53.64,52.27,0.668,0.5401300168310446,0.4656690442678336,False,False
307,Groundnut,0.4510876346187722,129,85,0.3410852713178295,False,0,21.04,21.33,26.5,0.192,0.7087034753696941,0.6905576832250225,True,True
308,Groundnut,0.5172944069572172,154,109,0.29220779220779225,False,0,53.83,47.41,57.98,0.852,0.4572503298038292,0.4485527542531401,False,False
309,Groundnut,0.6354701603562977,186,126,0.32258064516129037,False,0,57.91,57.02,52.17,0.565,0.458834768640523,0.42370241927801566,False,False
310,Rice,0.6493259123802336,198,147,0.25757575757575757,False,0,49.95,49.77,52.76,0.579,0.4922735650031625,0.4535792589354515,False,False
311,Cotton,0.3711406347239452,101,64,0.36633663366336633,False,0,64.29,63.13,62.76,0.447,0.4504636333074504,0.41474426026450373,False,False
312,Bajra,0.8207014904318839,255,195,0.23529411764705888,False,0,72.91,77.19,71.05,-0.04,0.4298032046496999,0.3965590575733665,False,False
313,Cotton,0.6891098008111272,209,144,0.3110047846889952,False,0,25.35,29.66,22.32,1.296,0.5967746257275782,0.5031529297898699,False,False
314,Cotton,1.414908514548959,445,335,0.2471910112359551,False,0,35.96,39.73,36.59,-1.58,2.860852940041154,3.0362805828588173,False,False
315,Groundnut,0.8642603734586705,189,137,0.2751322751322751,False,0,26.8,31.89,30.03,1.024,0.5438283668667069,0.4662721385139857,False,False
316,Cotton,0.3335159108252412,87,47,0.45977011494252873,False,0,58.54,64.76,50.48,-0.922,0.4577334136437403,0.4030333263162835,False,False
317,Groundnut,0.5913584048082562,172,123,0.2848837209302325,False,0,54.82,51.06,50.85,0.083,0.4044377207956028,0.4021099758639431,False,False
318,Maize,0.8234512741447568,234,153,0.34615384615384615,False,0,54.06,48.35,51.9,-0.123,0.5075651528602315,0.5249570497413968,False,False
319,Cotton,0.6058604186114857,186,137,0.26344086021505375,False,0,27.75,37.58,26.4,1.06,0.6593825703828932,0.5158272770416235,False,False
320,Cotton,0.9906345080041588,319,253,0.2068965517241379,False,0,85.89,83.43,82.46,-0.674,0.4800646824421877,0.4498752257119415,False,False
321,Cotton,0.3564729567549488,96,61,0.36458333333333337,False,0,48.88,42.07,50.0,0.991,0.5572258840729676,0.5469291038163363,False,False
322,Cotton,0.3236797028551916,88,55,0.375,False,0,13.62,15.54,19.61,0.716,0.6799154991181445,0.6317290944592401,True,True
323,Bajra,1.5116467373384224,510,425,0.16666666666666663,False,0,45.71,40.56,40.98,0.161,0.4358377196332584,0.4395505227521728,False,False
324,Maize,1.7102559925899008,579,486,0.1606217616580311,False,0,63.91,61.99,63.2,0.058,0.4787399113747624,0.47327736995121594,False,False
325,Cotton,0.8448201543654581,269,207,0.23048327137546465,False,0,52.28,50.19,46.61,0.637,0.5017693330672812,0.48602098347900813,False,False
326,Maize,0.8775631379416673,276,213,0.2282608695652174,False,0,70.11,72.23,69.1,0.564,0.4982142098622216,0.4463689582596568,False,False
327,Groundnut,1.2682139293909993,401,308,0.23192019950124687,False,0,44.5,42.27,42.13,-0.001,0.4253929036269812,0.4185251225231964,False,False
328,Rice,0.7612845343969405,236,176,0.2542372881355932,False,0,53.23,45.42,49.9,0.091,0.4032514851648088,0.41413656128987925,False,False
329,Bajra,0.8387973812945769,260,195,0.25,False,0,47.14,44.84,48.23,-0.105,0.4581621311125202,0.4580783243254603,False,False
330,Groundnut,2.2141617505692937,749,626,0.16421895861148195,False,0,66.49,64.93,64.53,1.163,0.4859229710900892,0.4523086302339578,False,False
331,Groundnut,0.9905587198819932,320,254,0.20625000000000004,False,0,62.54,59.8,61.09,-0.01,0.4532788749670097,0.45379950872388386,False,False
332,Bajra,0.6593476155756809,204,151,0.2598039215686274,False,0,71.6,70.18,72.76,0.557,0.5028881527925946,0.4964154593432458,False,False
333,Bajra,0.8405281011079051,267,205,0.23220973782771537,False,0,66.71,67.42,67.87,-0.054,0.465294816576084,0.44534871348553295,False,False
334,Cotton,0.5230689440835916,154,107,0.30519480519480524,False,0,27.9,35.57,21.69,0.928,0.5801255526812086,0.47259383435721813,False,False
335,Rice,0.8936061282675993,281,215,0.23487544483985767,False,0,55.63,50.01,55.69,0.201,0.4923092946582224,0.4914078156959456,False,False
336,Groundnut,0.5467712647381995,159,107,0.32704402515723274,False,0,8.65,45.45,11.05,1.937,0.8598338614273521,0.42847539710564553,True,False
337,Groundnut,0.4080617585056155,112,72,0.3571428571428571,False,0,23.99,26.47,26.3,0.74,0.5361314358150083,0.4886246175022938,True,False
338,Groundnut,0.8287246764590369,261,199,0.23754789272030652,False,0,30.93,29.36,29.31,-0.083,0.4972871617671388,0.4992200977647927,False,False
339,Groundnut,1.5960100105300083,528,428,0.18939393939393945,False,0,14.91,9.94,14.65,0.211,0.7027016522778231,0.7522344347066404,True,True
340,Rice,0.8538129886400763,262,197,0.24809160305343514,False,0,54.41,58.52,46.45,0.019,0.4517415520385802,0.41321718645948347,False,False
341,Groundnut,1.4042032565193134,473,392,0.17124735729386897,False,0,39.24,36.49,39.31,0.721,0.5771685746629406,0.5617881202969623,False,False
342,Cotton,0.3523437320829827,91,52,0.4285714285714286,False,0,33.87,38.58,32.91,0.631,0.5425357780986387,0.4693838287522489,False,False
343,Groundnut,0.4519907706112032,125,78,0.376,False,0,36.46,36.21,36.8,0.607,0.5609671034770931,0.5282364936696293,False,False
344,Cotton,0.765893171710428,233,168,0.27896995708154504,False,0,76.36,75.96,74.93,-0.278,0.5459017982846485,0.4896033525690548,False,False
345,Bajra,1.068248846807722,343,267,0.22157434402332365,False,0,51.47,56.35,55.19,1.153,0.5418859758416584,0.47923488269308784,False,False
346,Bajra,0.9825367848894824,321,253,0.21183800623052962,False,0,77.03,73.93,77.78,0.337,0.4754567802298567,0.4583438864776088,False,False
347,Groundnut,1.2277659917656358,396,315,0.20454545454545459,False,0,25.69,20.63,25.87,0.118,0.6099945635106032,0.6244706347675846,False,True
348,Bajra,0.5345383746943924,155,106,0.31612903225806455,False,0,44.87,55.07,50.0,0.585,0.5174880038403278,0.4520138250086759,False,False
349,Rice,1.1666711468102835,385,315,0.18181818181818177,False,0,54.12,46.26,59.68,0.196,0.5508738892051549,0.5589813725554325,False,False
350,Groundnut,0.4777295948184044,134,88,0.34328358208955223,False,0,68.17,62.63,61.41,-0.342,0.4846752292307297,0.49843007646851517,False,False
351,Cotton,1.390780801866487,461,378,0.18004338394793928,False,0,18.14,15.66,19.36,1.223,0.6851019116864357,0.692666643053706,True,True
352,Groundnut,0.3683717190155463,106,68,0.3584905660377359,False,0,24.51,27.48,22.36,0.254,0.4534432843773194,0.43428224272881466,True,False
353,Groundnut,0.7154449728476883,207,140,0.32367149758454106,False,0,52.75,48.81,48.81,0.885,0.4773393654812883,0.44468524350276833,False,False
354,Bajra,0.1942681709057613,45,23,0.48888888888888893,False,0,12.2,25.07,18.69,-0.487,0.549298963005583,0.46821155783304463,True,True
355,Groundnut,0.6405699028036437,186,132,0.29032258064516125,False,0,24.7,25.73,34.98,-0.742,0.545190262120943,0.5583277808532782,True,True
356,Groundnut,3.4870211523025763,1223,1070,0.12510220768601799,False,0,53.78,50.42,50.72,0.071,0.4764379036387993,0.4705160100564625,False,False
357,Groundnut,1.773973407142243,610,517,0.15245901639344261,False,0,54.85,52.03,52.86,0.742,0.4843538317587352,0.46488696825801124,False,False
358,Groundnut,1.0030560652810323,316,249,0.21202531645569622,False,0,56.74,48.19,56.36,0.436,0.4965956650146934,0.5018204654394027,False,False
359,Groundnut,1.1243145242197328,371,303,0.18328840970350402,False,0,37.02,32.18,33.3,0.529,0.4467156665644045,0.45675522501236,False,False
360,Cotton,0.3577856720256962,96,57,0.40625,False,0,12.5,14.22,16.03,0.242,0.7139955368294436,0.6887274460222319,True,True
361,Groundnut,1.0700679113211724,351,280,0.20227920227920226,False,0,46.85,47.02,45.9,0.363,0.4636778367727874,0.4375496070122471,False,False
362,Groundnut,0.8972080155162842,276,208,0.24637681159420288,False,0,40.76,42.42,41.15,0.728,0.4817233683150677,0.4534344598277862,False,False
363,Cotton,0.5148690725528019,150,106,0.29333333333333333,False,0,38.94,37.96,37.35,1.109,0.5651634643079655,0.49952135828540484,False,False
364,Groundnut,0.3985669466216266,111,69,0.3783783783783784,False,0,68.46,67.62,75.58,0.616,0.4319623048919107,0.3864165067602705,False,False
365,Bajra,0.4625124653439409,134,91,0.32089552238805974,False,0,39.92,32.42,37.95,0.895,0.5094531441908184,0.4931395541870274,False,False
366,Groundnut,0.6305903969406799,180,119,0.3388888888888889,False,0,32.15,29.6,30.78,0.181,0.5470362145787446,0.5481413435102779,False,False
367,Bajra,0.2021444470803958,47,21,0.5531914893617021,False,0,51.66,18.14,47.62,1.304,0.4836777845966156,0.5891572024769595,False,True
368,Groundnut,0.968417767219628,298,220,0.261744966442953,False,0,37.44,38.0,35.23,0.432,0.5238963894862511,0.4908439305541649,False,False
369,Cotton,0.2506905736298268,62,36,0.4193548387096774,False,0,28.15,26.34,21.2,2.885,0.6509949060211746,0.5113499020826272,False,False
370,Cotton,0.2355886103566377,60,34,0.43333333333333335,False,0,21.02,18.2,18.41,-0.828,0.658331104604148,0.7014033120190447,True,True
371,Cotton,0.7369441444436556,229,174,0.24017467248908297,False,0,37.24,33.97,32.83,0.683,0.5120429412588602,0.5091718275029261,False,False
372,Cotton,0.4214209698728999,120,83,0.30833333333333335,False,0,14.59,15.14,18.98,0.245,0.6736770915083222,0.6462148624884627,True,True
373,Groundnut,1.7138235892495668,584,499,0.14554794520547942,False,0,54.95,51.32,51.78,0.435,0.4510732009121478,0.44741572877347696,False,False
374,Groundnut,2.819943391078925,974,839,0.1386036960985626,False,0,58.61,56.75,56.27,0.998,0.5092045020782108,0.47822930281830806,False,False
375,Rice,0.7496783738599766,236,180,0.23728813559322037,False,0,32.7,24.29,33.31,1.056,0.5673693064861068,0.5605896346969671,False,True
376,Cotton,0.4036799134390735,111,69,0.3783783783783784,False,0,9.68,12.93,9.81,-1.385,0.926798686806077,0.9628128973305029,True,True
377,Rice,0.5670231911252412,168,117,0.3035714285714286,False,0,21.65,14.6,34.73,-0.073,0.6687069135995459,0.6863585183859844,True,True
378,Cotton,0.9978975444577148,323,255,0.21052631578947367,False,0,64.95,58.86,60.86,-0.034,0.4872347341058335,0.5026262876296652,False,False
379,Cotton,0.1725464974076412,36,11,0.6944444444444444,False,0,33.24,19.74,55.12,-0.459,0.4922487039284539,0.5958787095620117,False,True
380,Cotton,0.2385056719887044,56,27,0.5178571428571428,False,0,59.41,64.27,59.95,-0.051,0.4606723081797945,0.3876684695407278,False,False
381,Groundnut,0.4308311902793345,122,79,0.35245901639344257,False,0,27.82,39.52,31.15,-0.217,0.5141570238394763,0.42438265331165553,False,False
382,Cotton,0.1987242048391292,47,23,0.5106382978723405,False,0,19.15,34.43,24.51,0.304,0.5992970420411662,0.41632326196352565,True,False
383,Cotton,0.1022631011815819,18,6,0.6666666666666667,False,0,57.74,55.45,55.7,,,,False,False
384,Cotton,0.1395918366313292,33,18,0.4545454545454546,False,0,57.74,55.45,55.7,,,,False,False
385,Cotton,0.0677907865748431,10,2,0.8,False,0,57.74,55.45,55.7,,,,False,False
386,Rice,0.2192110577475543,49,19,0.6122448979591837,False,0,10.71,7.64,12.38,-1.122,1.2267067881451794,1.3358338780029098,True,True
387,Rice,0.2020509404142093,43,14,0.6744186046511628,False,0,2.93,2.28,12.11,6.196,1.971946141047893,2.0000000103303663,True,True
388,Cotton,0.0909549608202883,14,3,0.7857142857142857,False,0,17.41,15.95,56.25,,,,True,True
389,Cotton,0.1741471641977431,39,16,0.5897435897435898,False,0,57.74,55.45,55.7,,,,False,False
390,Cotton,0.2231943275792059,54,27,0.5,False,0,57.74,55.45,55.7,,,,False,False
391,Cotton,0.2027115518899628,48,22,0.5416666666666667,False,0,57.74,55.45,55.7,,,,False,False
392,Cotton,0.1358435637914478,24,4,0.8333333333333334,False,0,57.74,55.45,55.7,,,,False,False
393,Cotton,0.1270314314274379,24,2,0.9166666666666666,False,0,57.74,55.45,55.7,,,,False,False
394,Cotton,0.0578884432963519,6,0,1.0,True,0,57.74,55.45,55.7,,,,False,False
395,Cotton,0.0748161587044376,10,0,1.0,True,0,57.74,55.45,55.7,,,,False,False
396,Cotton,0.1352313505241906,28,11,0.6071428571428572,False,0,57.74,55.45,55.7,,,,False,False
397,Cotton,0.1874663135430153,44,22,0.5,False,0,57.74,55.45,55.7,,,,False,False
398,Cotton,0.0895022850057635,14,0,1.0,True,0,57.74,55.45,55.7,,,,False,False
399,Cotton,0.0663007984793627,7,0,1.0,True,0,57.74,55.45,55.7,,,,False,False
400,Cotton,0.0665568876974908,9,0,1.0,True,0,57.74,55.45,55.7,,,,False,False
401,Cotton,0.075503484120892,10,0,1.0,True,0,57.74,55.45,55.7,,,,False,False
402,Cotton,0.1147239548183838,20,1,0.95,False,0,57.74,55.45,55.7,,,,False,False
403,Cotton,0.1138478329458833,21,5,0.7619047619047619,False,0,57.74,55.45,55.7,,,,False,False
404,Cotton,0.139267666591027,24,6,0.75,False,0,57.74,55.45,55.7,,,,False,False
405,Cotton,0.0494787589120025,5,0,1.0,True,0,57.74,55.45,55.7,,,,False,False
406,Cotton,0.1228598942750505,24,6,0.75,False,0,57.74,55.45,55.7,,,,False,False
407,Cotton,0.1773483031430975,38,14,0.631578947368421,False,0,57.74,55.45,55.7,,,,False,False
408,Cotton,0.1758786606699972,37,14,0.6216216216216216,False,0,57.74,55.45,55.7,,,,False,False
409,Cotton,0.0896289367019814,19,6,0.6842105263157895,False,0,57.74,55.45,55.7,,,,False,False
410,Cotton,0.1209058739095106,24,8,0.6666666666666667,False,0,4.9,5.28,4.07,5.131,1.9014092876171,2.6457513595622455,True,True
411,Cotton,0.0998596373453189,11,0,1.0,True,0,57.74,55.45,55.7,,,,False,False
412,Cotton,0.1512283896605371,31,12,0.6129032258064516,False,0,57.74,55.45,55.7,,,,False,False
413,Cotton,0.1146565708858193,19,1,0.9473684210526316,False,0,57.74,55.45,55.7,,,,False,False
414,Cotton,0.0840443904075514,8,0,1.0,True,0,57.74,55.45,55.7,,,,False,False
415,Maize,0.0900858260800494,10,0,1.0,True,0,66.19,68.75,67.14,,,,False,False
416,Cotton,0.1069232413880061,21,5,0.7619047619047619,False,0,57.74,55.45,55.7,,,,False,False
417,Cotton,0.0933179088006988,16,4,0.75,False,0,57.74,55.45,55.7,,,,False,False
418,Rice,0.0780034485237215,12,0,1.0,True,0,59.21,52.9,53.14,0.0,0.3584407410129035,0.3584407410129035,False,False
419,Cotton,0.187999441704919,44,22,0.5,False,0,42.54,39.44,47.86,1.247,0.5637805622800848,0.49928604469642596,False,False
420,Maize,0.1190419878866117,24,9,0.625,False,0,37.76,29.88,33.92,-0.003,0.5020645728657356,0.5020999438546514,False,False
421,Groundnut,0.1307876963301807,28,11,0.6071428571428572,False,0,24.79,8.11,39.56,0.252,0.5515030454589528,0.6692691259227846,True,True
422,Bajra,0.2617540848663456,66,37,0.43939393939393945,False,0,63.2,63.39,60.07,0.494,0.4270997106968253,0.37857408625693206,False,False
423,Maize,0.1273410501554589,22,2,0.9090909090909091,False,0,47.29,57.32,39.34,-1.393,0.4897837493897013,0.5021716154741662,False,False
424,Groundnut,0.1231783903473832,21,0,1.0,True,0,51.63,47.56,49.16,0.0,0.4665471839350866,0.4665471839350866,False,False
425,Cotton,0.1831811562379054,43,20,0.5348837209302326,False,0,54.49,40.77,52.44,0.36,0.4477594019538354,0.5058849535468374,False,False
426,Groundnut,0.0972574889193448,18,4,0.7777777777777778,False,0,73.82,62.02,77.04,1.572,0.3889932089095758,0.2901993124647197,False,False
427,Groundnut,0.1821130129321728,43,21,0.5116279069767442,False,0,56.4,64.11,59.57,-1.093,0.4087999234948408,0.4081623633749898,False,False
428,Groundnut,0.1724722811208963,40,19,0.525,False,0,54.77,27.84,66.35,0.577,0.3834881064571078,0.4864789801714696,False,False
429,Cotton,0.1065567867081176,18,0,1.0,True,0,63.63,58.58,58.27,0.0,0.4187395004799731,0.4187395004799731,False,False
430,Cotton,0.0989364261380969,13,0,1.0,True,0,50.47,47.64,44.33,0.0,0.3306293942104397,0.3306293942104397,False,False
431,Cotton,0.1410992926610027,27,7,0.7407407407407407,False,0,31.85,37.14,36.0,0.676,0.5185973800043351,0.4162974513271901,False,False
432,Bajra,0.1131706324664488,21,6,0.7142857142857143,False,0,68.05,42.91,66.7,-0.433,0.2979212044624832,0.3260152520121445,False,False
433,Groundnut,0.1352923248489435,28,9,0.6785714285714286,False,0,35.84,14.6,67.49,0.525,0.5133882519646431,0.5795339274651276,False,True
434,Cotton,0.1227351169267869,25,9,0.64,False,0,53.04,62.9,57.08,0.996,0.4358564303954322,0.32770976615629455,False,False
435,Bajra,0.0741918320125327,10,0,1.0,True,0,84.55,80.34,81.19,0.0,0.3073980981420364,0.3073980981420364,False,False
436,Cotton,0.1186127164251362,21,3,0.8571428571428572,False,0,33.02,70.62,45.7,1.465,0.5601728661252429,0.21574463688199427,False,False
437,Cotton,0.1306669443564322,25,6,0.76,False,0,49.48,57.4,51.79,1.403,0.4528619292791963,0.2898941897415125,False,False
438,Cotton,0.1448332909927037,28,8,0.7142857142857143,False,0,61.47,58.25,70.42,-0.105,0.3412052595965687,0.3457598654502229,False,False
439,Maize,0.1010327358234228,18,5,0.7222222222222222,False,0,70.16,42.44,96.55,0.75,0.4275551498576944,0.5626502106327298,False,False
440,Cotton,0.1513593903421214,32,15,0.53125,False,0,30.9,44.06,30.0,-2.088,0.5707075635356215,0.520911133742196,False,False
441,Groundnut,0.0752466385374019,11,1,0.9090909090909091,False,0,81.75,76.61,74.88,0.073,0.3102986743596354,0.3102986743596354,False,False
442,Groundnut,0.145268003031462,30,11,0.6333333333333333,False,0,48.74,71.61,50.0,0.1,0.491047972808978,0.327111746485583,False,False
443,Bajra,0.2685436355180668,67,37,0.4477611940298507,False,0,60.9,57.53,50.14,-0.314,0.381778026896624,0.40664046282471894,False,False
444,Rice,0.4904839466247684,143,102,0.28671328671328666,False,0,2.43,2.28,2.28,4.014,2.2210248617043837,3.2026429850497857,True,True
445,Rice,0.3252314726123673,87,56,0.3563218390804598,False,0,24.94,57.68,17.53,0.773,0.6486824054927082,0.41725829416428845,False,False
446,Cotton,0.3153823649757301,84,52,0.38095238095238093,False,0,4.9,5.28,5.89,1.525,2.3120375177866648,2.121475505291102,True,True
447,Cotton,0.1706812611493622,37,13,0.6486486486486487,False,0,38.92,55.45,55.7,,,,False,False
448,Cotton,0.121957644637218,23,4,0.8260869565217391,False,0,57.74,55.45,55.7,,,,False,False
449,Cotton,0.0889376568097096,11,0,1.0,True,0,57.74,55.45,55.7,,,,False,False
450,Cotton,0.1030874091253543,15,0,1.0,True,0,57.74,55.45,55.7,,,,False,False
451,Cotton,0.1712863025543503,41,18,0.5609756097560976,False,0,57.74,55.45,55.7,,,,False,False
452,Rice,0.1099288989404731,16,0,1.0,True,0,5.84,3.29,4.96,0.0,1.3327538601176143,1.3327538601176143,True,True
453,Cotton,0.1167168704508762,21,2,0.9047619047619048,False,0,3.77,33.99,65.91,,1.419025638399175,,True,False
454,Bajra,0.3054868557778105,80,49,0.38749999999999996,False,0,44.96,43.89,41.79,1.143,0.4616062132032549,0.39576054454320675,False,False
455,Bajra,0.1099937996052906,21,6,0.7142857142857143,False,0,50.26,49.17,96.71,0.468,0.3900834430275279,0.37830073100966954,False,False
456,Cotton,0.1227482566561767,25,8,0.6799999999999999,False,0,39.34,34.75,61.26,0.205,0.6018741229629747,0.6039962906114689,False,False
457,Cotton,0.1016183650017705,16,0,1.0,True,0,31.19,29.5,30.25,0.0,0.5890872285422741,0.5890872285422741,False,False
458,Cotton,0.1062084710291445,19,1,0.9473684210526316,False,0,33.27,31.93,30.8,-0.122,0.4793875013336388,0.4793875013336388,False,False
459,Rice,0.1706364841076529,31,2,0.935483870967742,False,0,30.49,49.99,95.94,-1.62,0.4304555631572348,0.39213697317956325,False,False
460,Groundnut,0.0800586046246009,10,0,1.0,True,0,86.28,81.08,81.16,0.0,0.3446356200721245,0.3446356200721245,False,False
461,Rice,0.1745334382426218,38,17,0.5526315789473684,False,0,59.01,67.9,53.61,-1.308,0.4612280796366504,0.4282761469018269,False,False
462,Maize,0.177026733048418,41,20,0.5121951219512195,False,0,60.3,50.0,50.2,,,,False,False
463,Rice,0.0913840449500568,16,2,0.875,False,0,2.28,55.43,55.08,,1.8247214097140323,,True,False
464,Cotton,0.256712414809108,64,35,0.453125,False,0,57.74,55.45,55.7,,,,False,False
465,Cotton,0.2917391167715356,75,44,0.41333333333333333,False,0,57.74,55.45,55.7,,,,False,False
466,Bajra,0.2698876320493243,66,35,0.4696969696969697,False,0,53.56,45.5,51.57,0.886,0.4350900947011547,0.40376374054283504,False,False
467,Groundnut,0.2922226121952749,80,49,0.38749999999999996,False,0,49.86,48.09,53.08,0.396,0.4472369330049673,0.426881786093829,False,False
468,Rice,0.0911195235807055,15,3,0.8,False,0,45.84,72.1,91.06,2.533,0.4864673424777452,0.20283809472016812,False,False
469,Cotton,0.2402989172515131,63,35,0.4444444444444444,False,0,50.95,56.98,50.67,-0.556,0.4081973084937484,0.362117917522049,False,False
470,Cotton,0.1606899894870283,35,15,0.5714285714285714,False,0,55.81,53.05,48.18,0.226,0.3927565287209072,0.3975531044330647,False,False
471,Cotton,0.1856188783839298,42,19,0.5476190476190477,False,0,62.02,75.93,56.42,-1.245,0.4940302929605984,0.3759859353547247,False,False
472,Cotton,0.18878809722125,45,22,0.5111111111111111,False,0,40.1,41.52,51.5,-0.881,0.5384549416113289,0.5465725603267302,False,False
473,Bajra,0.1430337150801233,23,3,0.8695652173913043,False,0,68.74,87.54,41.51,0.4,0.3742040814614353,0.17179395362565622,False,False
474,Cotton,0.0963185488537208,16,3,0.8125,False,0,16.22,44.13,46.23,-0.899,0.7336985573563337,0.637649772578775,True,False
475,Rice,0.0917433134354056,16,2,0.875,False,0,9.43,66.42,32.14,1.014,0.7053406968272714,0.1549160262920096,True,False
476,Groundnut,0.0867593207062643,13,0,1.0,True,0,52.99,48.11,51.42,0.0,0.5007700791769557,0.5007700791769557,False,False
477,Bajra,0.0795514990984142,12,0,1.0,True,0,3.13,3.06,3.2,0.0,0.5595822570181456,0.5595822570181456,True,True
478,Bajra,0.0839916335803564,12,0,1.0,True,0,66.07,60.06,65.99,0.0,0.4743885768749111,0.4743885768749111,False,False
479,Bajra,0.1380084472045846,26,5,0.8076923076923077,False,0,54.82,65.13,66.25,0.083,0.4089188131490165,0.4177427728628426,False,False
480,Groundnut,0.1001175208381452,18,2,0.8888888888888888,False,0,58.98,80.34,67.74,0.854,0.4189526604832037,0.18789525352851744,False,False
481,Bajra,0.2403069130365946,60,33,0.44999999999999996,False,0,52.85,44.12,47.51,1.2,0.4916358845765201,0.45455177987584455,False,False
482,Cotton,0.044650843468584,5,0,1.0,True,0,59.9,55.22,55.0,-0.0,0.4786661323155097,0.4786661323155097,False,False
483,Maize,0.0432005622432614,4,0,1.0,True,0,34.17,27.55,32.85,0.0,0.6388035793681092,0.6388035793681092,False,False
484,Cotton,0.1930456949426987,45,22,0.5111111111111111,False,0,40.54,45.28,40.3,-0.938,0.5326042898935192,0.4786141938601769,False,False
485,Cotton,0.2791231881668802,63,26,0.5873015873015873,False,0,30.48,28.81,29.81,-0.405,0.5383383794719353,0.543424483767889,False,False
486,Rice,0.1676648984824417,38,16,0.5789473684210527,False,0,66.87,46.4,50.3,0.114,0.4207024977965734,0.44552018325499854,False,False
487,Bajra,0.1412971222008638,31,13,0.5806451612903225,False,0,20.72,7.31,32.55,1.39,0.5580411068223267,0.6206075951272877,True,True
488,Groundnut,0.096307335907597,16,3,0.8125,False,0,45.54,20.58,65.66,-0.331,0.4970118950368131,0.6085042659120271,False,True
489,Bajra,0.0804609686412166,14,3,0.7857142857142857,False,0,49.47,20.99,55.64,1.769,0.4246123815459364,0.41960109761705394,False,True
490,Groundnut,0.0923559261789525,16,2,0.875,False,0,55.62,85.65,47.23,-0.639,0.3390416939480419,0.019650921395493254,False,False
491,Bajra,0.1762386218897898,38,15,0.6052631578947368,False,0,66.29,76.84,66.07,-0.556,0.3431458610545495,0.29673483820743224,False,False
492,Cotton,0.1181822677593686,21,7,0.6666666666666667,False,0,46.95,28.46,60.87,0.424,0.4779110307053715,0.5817196786329168,False,False
493,Cotton,0.1160567113296273,24,9,0.625,False,0,62.14,55.03,51.51,-0.442,0.383773956129652,0.4467615694511019,False,False
494,Cotton,0.1644427004074185,35,14,0.6,False,0,36.8,36.81,40.58,0.066,0.4688359315494496,0.46506436567020215,False,False
495,Bajra,0.1089236851216604,21,8,0.6190476190476191,False,0,27.58,67.04,30.73,-1.485,0.537092327173493,0.34768057124786955,False,False
496,Cotton,0.1629603049676952,36,15,0.5833333333333333,False,0,38.93,34.88,40.38,1.306,0.5059249274949527,0.5184840969751315,False,False
497,Cotton,0.1806301414067923,41,20,0.5121951219512195,False,0,53.28,49.4,51.82,0.256,0.3735933930925516,0.3338385363161793,False,False
498,Bajra,0.1602551624910886,36,16,0.5555555555555556,False,0,79.12,75.43,85.83,-0.163,0.367880741891608,0.3449648563826958,False,False
499,Bajra,0.1336757797223952,27,10,0.6296296296296297,False,0,36.33,51.45,74.61,0.358,0.3963742165631931,0.2847275549196421,False,False
500,Groundnut,0.1377554802401774,29,11,0.6206896551724138,False,0,79.22,64.84,72.91,0.945,0.4125174748292399,0.4160444495564913,False,False
501,Cotton,0.1471149749475219,31,12,0.6129032258064516,False,0,44.51,41.0,42.82,0.584,0.4534624461021676,0.45749867515677534,False,False
502,Cotton,0.1344802344217112,29,10,0.6551724137931034,False,0,24.37,33.84,26.54,-0.749,0.5143382375301757,0.4855870567485118,True,False
503,Bajra,0.2026347051363618,48,23,0.5208333333333333,False,0,50.0,53.46,54.09,-0.732,0.5617084540398474,0.5780253866099965,False,False
504,Cotton,0.1511967240891229,33,13,0.6060606060606061,False,0,33.65,57.37,38.22,-0.565,0.5283691659003243,0.3352552190832986,False,False
505,Bajra,0.1015830987330794,18,5,0.7222222222222222,False,0,62.69,84.04,41.54,-0.409,0.3199604398019381,0.1574154083595964,False,False
506,Bajra,0.1007333501969106,20,7,0.65,False,0,33.98,60.5,52.52,-2.324,0.5030944168045456,0.3885529830436011,False,False
507,Bajra,0.1492172537858076,26,2,0.9230769230769231,False,0,40.92,97.72,2.28,-0.166,0.5080211966908869,0.03146061191309712,False,False
508,Bajra,0.2176167412887505,52,25,0.5192307692307692,False,0,43.62,54.0,38.2,-0.95,0.442321728907447,0.41608023623433726,False,False
509,Bajra,0.1657768055223072,37,16,0.5675675675675675,False,0,53.66,54.15,59.95,0.739,0.4234707078068861,0.3458580217390165,False,False
510,Cotton,0.1223672355262345,24,7,0.7083333333333333,False,0,52.75,54.22,64.02,0.64,0.3578922902407271,0.2643153956965516,False,False
511,Maize,0.3306555545046636,92,59,0.3586956521739131,False,0,47.93,42.96,44.34,-0.435,0.5195993219323841,0.5268918610670635,False,False
512,Cotton,0.2586701865126444,67,39,0.417910447761194,False,0,28.7,29.83,24.34,1.438,0.5741401556392777,0.47923945516946637,False,False
513,Bajra,0.195207576854954,46,21,0.5434782608695652,False,0,30.08,48.66,44.2,0.364,0.5496762937650389,0.41265975643796604,False,False
514,Groundnut,0.1849479099757573,42,19,0.5476190476190477,False,0,27.11,19.43,26.35,0.581,0.6147766071211457,0.6273536225364,False,True
515,Cotton,0.1123791051336908,17,0,1.0,True,0,21.65,21.4,21.05,0.0,0.5832349859118001,0.5832349859118001,True,True
516,Bajra,0.2840670729549926,73,42,0.4246575342465754,False,0,39.4,44.35,48.63,-0.213,0.4300637008217461,0.3861687122458433,False,False
517,Cotton,0.0792446906230123,14,3,0.7857142857142857,False,0,67.64,74.53,59.92,-0.886,0.4719698762061559,0.33768241174218755,False,False
518,Bajra,0.0656999065572408,10,0,1.0,True,0,82.63,78.43,80.0,0.0,0.3145268770611031,0.3145268770611031,False,False
519,Cotton,0.5447215477813234,159,117,0.26415094339622647,False,0,33.77,37.49,31.34,0.889,0.5985449682425231,0.5250271312378224,False,False
520,Cotton,0.8513127096240398,273,214,0.21611721611721613,False,0,37.54,35.63,34.83,0.331,0.4515265303500562,0.4503249682593993,False,False
521,Cotton,0.2473291007450734,63,37,0.4126984126984127,False,0,38.06,34.95,41.15,-0.496,0.4664077336250499,0.49107160489326396,False,False
522,Cotton,0.2516121697178553,65,39,0.4,False,0,30.94,29.06,32.09,0.826,0.5061326195866186,0.49729448021507844,False,False
523,Cotton,0.1652413273952201,24,0,1.0,True,0,35.56,34.06,32.13,0.0,0.504329625560277,0.504329625560277,False,False
524,Groundnut,0.8612989626456616,254,178,0.2992125984251969,False,0,42.22,37.66,41.56,0.58,0.4962094359793573,0.48455894349477074,False,False
525,Bajra,0.2599311903897489,67,38,0.4328358208955224,False,0,88.18,91.65,87.24,-0.203,0.4068799799315621,0.36187562988127425,False,False
526,Groundnut,0.2431002338182946,61,33,0.4590163934426229,False,0,51.29,57.08,49.13,-0.447,0.4344679987195675,0.40560929496490017,False,False
527,Groundnut,2.500848576841335,879,773,0.12059158134243464,False,0,31.62,31.15,29.75,0.788,0.45904268908111,0.44265963723680546,False,False
528,Groundnut,0.9825433740373588,316,248,0.21518987341772156,False,0,23.3,39.65,22.34,0.814,0.5871614103984166,0.45752080072590695,True,False
529,Cotton,0.4940634585001887,147,103,0.29931972789115646,False,0,37.22,35.45,32.86,0.308,0.4726101381210137,0.46634477819219766,False,False
530,Groundnut,0.3696380340553226,104,70,0.32692307692307687,False,0,6.01,32.78,8.27,1.174,0.9363115319294965,0.5040091516813069,True,False
531,Groundnut,0.1038161631747896,18,5,0.7222222222222222,False,0,70.4,82.96,43.61,0.231,0.4457105850479513,0.24305930651069046,False,False
532,Maize,0.1329832284225276,25,8,0.6799999999999999,False,0,56.66,81.17,58.76,-2.057,0.5213484866476754,0.43079209420345,False,False
533,Cotton,0.2415115627003901,60,33,0.44999999999999996,False,0,64.27,54.97,59.9,-0.144,0.4385428270732536,0.4714696955481365,False,False
534,Bajra,0.1886608496676608,45,23,0.48888888888888893,False,0,45.37,44.06,43.72,0.14,0.4448837688659366,0.41799817323475263,False,False
535,Cotton,0.1765557253714162,35,9,0.7428571428571429,False,0,29.38,38.66,32.94,0.499,0.4905629451913633,0.348201830464748,False,False
536,Groundnut,0.0404355468667854,3,0,1.0,True,0,91.3,87.01,85.51,0.0,0.278953315054165,0.278953315054165,False,False
537,Groundnut,0.0439521715472426,5,0,1.0,True,0,20.61,20.69,20.43,0.0,0.4701889613083139,0.4701889613083139,True,True
538,Bajra,0.0413056002289738,4,0,1.0,True,0,58.33,54.73,53.49,0.0,0.2839220245580794,0.2839220245580794,False,False
539,Cotton,0.0563783451973083,6,0,1.0,True,0,39.74,37.33,36.4,0.0,0.4831925105942326,0.4831925105942326,False,False
540,Cotton,0.0841851915694515,15,3,0.8,False,0,70.92,84.51,55.1,-1.082,0.3869681722835357,0.25631885856943426,False,False
541,Cotton,0.0900955213287215,15,2,0.8666666666666667,False,0,35.94,49.25,6.97,-2.151,0.4656954108575287,0.5459392634143557,False,False
542,Cotton,0.0975509091155648,17,1,0.9411764705882353,False,0,47.93,44.67,44.01,0.155,0.4470351105875006,0.4470351105875006,False,False
543,Cotton,0.1044356316650902,19,7,0.631578947368421,False,0,38.56,63.32,45.58,-1.905,0.5105364170536443,0.40717230318723296,False,False
544,Groundnut,1.0644223343721928,346,280,0.19075144508670516,False,0,64.43,60.15,62.08,0.066,0.4523046403982596,0.4403199885422771,False,False
545,Maize,1.2379552197366972,408,340,0.16666666666666663,False,0,48.79,46.36,45.16,-0.167,0.4619842097931501,0.455315641799423,False,False
546,Cotton,1.2141040129704344,402,332,0.17412935323383083,False,0,82.12,77.14,77.97,0.052,0.4833999814007514,0.47953698943452483,False,False
547,Groundnut,0.6823035464666509,208,148,0.28846153846153844,False,0,48.9,44.4,48.32,0.139,0.4435187303230552,0.44755389916273525,False,False
548,Groundnut,0.7533470024140454,230,167,0.27391304347826084,False,0,40.17,39.75,38.38,-0.469,0.5151637051429131,0.5142405029964058,False,False
549,Cotton,0.3137235905644036,73,36,0.5068493150684932,False,0,38.79,37.69,37.3,-0.15,0.4463961981476952,0.46124708942753123,False,False
550,Rice,0.4606338196593138,124,79,0.3629032258064516,False,0,38.03,21.79,34.44,0.178,0.48897713538771,0.5453895645057732,False,True
551,Bajra,0.1696009172845742,36,14,0.6111111111111112,False,0,70.96,61.53,55.7,0.093,0.3589455203372676,0.3661770259880814,False,False
552,Bajra,0.2494268841373508,62,33,0.467741935483871,False,0,38.37,33.61,37.37,1.216,0.3708047431957794,0.3329315783768719,False,False
553,Bajra,0.1284406975733947,26,9,0.6538461538461539,False,0,67.93,70.1,50.46,-0.358,0.3975170935140056,0.42386277716191123,False,False
554,Bajra,0.4613383867075512,128,83,0.3515625,False,0,50.06,41.53,51.62,0.646,0.4619405499571373,0.4388291243193128,False,False
555,Groundnut,1.1271496322792165,379,302,0.20316622691292874,False,0,40.75,37.28,38.2,0.105,0.4568630215197339,0.4589879611392187,False,False
556,Cotton,0.4233013390986516,124,83,0.3306451612903226,False,0,70.16,64.35,69.21,0.336,0.574227866415072,0.5707437556297231,False,False
557,Cotton,0.2987337725504171,82,50,0.3902439024390244,False,0,77.19,70.76,73.51,-0.611,0.4843557964647141,0.49662925796237706,False,False
558,Bajra,0.9442326829983092,307,242,0.21172638436482083,False,0,56.13,57.4,54.58,-0.339,0.42861340733938,0.4054318506141938,False,False
559,Maize,0.4174512297340512,110,72,0.34545454545454546,False,0,68.71,68.72,66.25,1.014,0.6004985378415687,0.5252262782686387,False,False
560,Bajra,0.6725763753459075,208,152,0.2692307692307693,False,0,52.69,50.0,44.17,0.165,0.4201623108811692,0.40442462766933185,False,False
561,Cotton,0.4397974925726421,130,88,0.32307692307692304,False,0,50.55,46.69,55.96,-0.252,0.6933514615606232,0.7026864568020069,False,False
562,Cotton,0.2438421813596782,57,30,0.4736842105263158,False,0,70.23,59.97,55.66,0.243,0.4900835798093785,0.5279396953680409,False,False
563,Cotton,0.2196439918163695,56,30,0.4642857142857143,False,0,37.17,47.8,27.39,-0.714,0.6302922693706933,0.5611762225875517,False,False
564,Cotton,0.4751739944836876,139,95,0.3165467625899281,False,0,33.85,38.67,30.35,-0.014,0.5171405784779118,0.45822776456829506,False,False
565,Cotton,0.1140550917385265,24,8,0.6666666666666667,False,0,43.75,29.3,43.91,0.251,0.4674948621387896,0.5638217984201226,False,False
566,Cotton,0.2808860739766131,72,41,0.4305555555555556,False,0,36.47,38.36,32.23,0.987,0.52990487422736,0.4229381871347818,False,False
567,Cotton,0.4230612460997342,112,71,0.3660714285714286,False,0,20.11,19.15,21.96,-1.433,0.6474082994358551,0.6731177372416836,True,True
568,Cotton,0.1505242195589567,28,7,0.75,False,0,52.38,57.67,24.24,-0.969,0.5291073969729141,0.5291713990995763,False,False
569,Groundnut,0.5757768329702583,161,105,0.34782608695652173,False,0,21.21,36.78,17.32,1.035,0.5923670022165041,0.44695363136822835,True,False
570,Cotton,1.6120899250143288,535,443,0.17196261682242986,False,0,79.38,76.98,74.21,-0.617,0.4775856133769667,0.4521867843243858,False,False
571,Groundnut,0.6626345621976223,201,144,0.28358208955223885,False,0,85.76,81.19,79.9,-0.053,0.4034497989325188,0.4079674693834445,False,False
572,Cotton,0.6223063217066931,185,126,0.3189189189189189,False,0,54.81,50.54,52.81,0.379,0.438988141193976,0.4165665689006577,False,False
573,Groundnut,1.273891552877008,414,334,0.19323671497584538,False,0,67.21,61.76,61.7,0.496,0.4673657764429831,0.4618112728968007,False,False
574,Cotton,0.7135218324367294,223,168,0.24663677130044848,False,0,46.61,43.52,42.56,0.74,0.5422626378044177,0.5205784277115943,False,False
575,Groundnut,0.7889566409347055,252,193,0.23412698412698407,False,0,49.37,44.95,52.77,1.088,0.5597599281676624,0.5268777904802715,False,False
576,Groundnut,0.1748646271367337,35,8,0.7714285714285715,False,0,28.79,50.04,46.54,1.098,0.6671928754818899,0.4553588251681254,False,False
577,Cotton,0.1507729260125211,28,3,0.8928571428571429,False,0,38.56,36.55,72.65,0.086,0.5534878617581771,0.5195321006875268,False,False
578,Cotton,0.282146896543282,80,48,0.4,False,0,56.18,57.83,53.24,-0.324,0.5356431324208257,0.48558894387655827,False,False
579,Cotton,0.4596120191386753,133,90,0.32330827067669177,False,0,79.52,76.05,71.14,0.063,0.5363537549443568,0.5100034542894148,False,False
580,Cotton,0.1585226202588837,26,0,1.0,True,0,52.69,49.08,47.72,0.0,0.4117588054232827,0.4117588054232827,False,False
581,Cotton,0.3381779372622051,91,55,0.39560439560439564,False,0,40.65,39.09,46.81,-0.204,0.4321654355281282,0.4282471591605464,False,False
582,Cotton,0.3330963064426387,87,50,0.4252873563218391,False,0,48.45,35.39,49.4,-0.167,0.6157155770630277,0.6879428961632571,False,False
583,Groundnut,0.7334427895405267,211,138,0.3459715639810427,False,0,34.65,35.72,36.53,0.534,0.462833752506006,0.42158661480027204,False,False
584,Maize,0.8413062359421699,265,205,0.2264150943396226,False,0,63.6,63.41,57.19,-0.715,0.5230079620187884,0.5119479994755189,False,False
585,Cotton,0.3410882309356329,88,47,0.46590909090909094,False,0,66.0,67.28,57.93,-0.477,0.5004388437679053,0.4806292619839499,False,False
586,Bajra,0.1400604314572162,27,9,0.6666666666666667,False,0,64.98,44.57,60.48,0.241,0.2385718710026107,0.29867334521590927,False,False
587,Cotton,0.1656896793481617,36,15,0.5833333333333333,False,0,38.07,17.8,27.91,0.205,0.5693544842348046,0.6826355992573219,False,True
588,Bajra,0.1688590269462622,39,18,0.5384615384615384,False,0,64.86,54.03,49.94,0.677,0.3534621995072692,0.37364435047697436,False,False
589,Bajra,0.0352974566787609,2,0,1.0,True,0,72.19,67.33,71.72,0.0,0.3703159078458182,0.3703159078458182,False,False
590,Cotton,0.1412877818025019,29,11,0.6206896551724138,False,0,28.1,16.85,17.75,1.356,0.5345274982513584,0.5128410329604359,False,True
591,Cotton,0.1776757317516739,36,9,0.75,False,0,22.75,43.52,45.03,-0.121,0.5607734969979222,0.38128779919705375,True,False
592,Cotton,0.6900126625425295,214,159,0.2570093457943925,False,0,47.09,46.99,42.98,0.105,0.4979715747567829,0.4756073854569584,False,False
593,Groundnut,1.0611812859193357,340,274,0.1941176470588235,False,0,85.37,79.64,82.66,0.878,0.4758685857265798,0.4624916644879221,False,False
594,Cotton,1.4630833591899588,468,366,0.21794871794871795,False,0,75.29,72.66,71.42,-0.673,0.522065132422876,0.49303757284253663,False,False
595,Cotton,1.0994954291794508,359,288,0.1977715877437326,False,0,73.52,67.3,67.6,-0.354,0.5002666851673827,0.4883543183608952,False,False
596,Groundnut,0.5211644070332737,149,104,0.30201342281879195,False,0,49.13,56.13,49.79,1.187,0.5801931505648374,0.47128292425788426,False,False
597,Cotton,0.5359766470809272,150,93,0.38,False,0,14.48,46.1,17.79,1.351,1.5100841492996937,0.4247768222473397,True,False
598,Cotton,0.1790612843389417,42,20,0.5238095238095238,False,0,35.6,30.42,28.52,0.7,0.479634083266715,0.4814763104870713,False,False
599,Cotton,0.5188792626184952,124,54,0.564516129032258,False,0,28.53,34.6,47.41,-0.363,0.6130273849666525,0.5455811257510202,False,False
600,Cotton,0.2615006475105891,66,37,0.43939393939393945,False,0,23.18,31.94,20.42,0.118,0.6048392230750544,0.5171854433131265,True,False
601,Bajra,0.136808104476643,30,12,0.6,False,0,42.5,36.8,28.48,0.601,0.4625162921644044,0.43750218223073434,False,False
602,Cotton,0.0649705906902342,9,0,1.0,True,0,50.0,46.1,45.91,0.0,0.4935526178376311,0.4935526178376311,False,False
603,Cotton,0.1271090851437495,10,0,1.0,True,1,12.9,13.31,13.6,0.0,0.6762792435819077,0.6762792435819077,True,True
604,Cotton,0.2496248677190488,63,35,0.4444444444444444,False,0,30.75,40.57,36.24,-1.213,0.5439864221475305,0.5160125450936177,False,False
605,Cotton,0.2729362031979411,57,21,0.631578947368421,False,0,13.57,30.97,26.64,0.291,1.0438193090708008,0.5777838632673381,True,False
606,Bajra,0.3093999391629928,78,41,0.47435897435897434,False,0,26.47,14.54,24.94,0.858,0.464824329457226,0.5052277570633086,False,True
607,Groundnut,0.1635198306333619,37,16,0.5675675675675675,False,0,22.26,11.38,19.45,0.134,0.5590215229137385,0.5898373769903593,True,True
608,Cotton,0.1847434776541969,44,21,0.5227272727272727,False,0,71.96,80.17,78.44,-0.06,0.4142948874005094,0.3123786927695715,False,False
609,Groundnut,0.0977520205102335,15,1,0.9333333333333333,False,0,30.56,28.37,31.46,0.199,0.5910968871603132,0.5910968871603132,False,False
610,Cotton,0.0761286606322558,13,1,0.9230769230769231,False,0,30.84,29.37,29.41,-0.052,0.5815277911325831,0.5815277911325831,False,False
611,Maize,0.0381415659647135,4,0,1.0,True,0,43.23,38.03,40.26,0.0,0.4449611059826433,0.4449611059826433,False,False
612,Cotton,0.1296107003729204,24,3,0.875,False,0,18.37,54.34,40.96,-0.855,0.6711161114993728,0.3339364591333951,True,False
613,Cotton,0.3561961983703638,95,59,0.3789473684210526,False,0,24.63,26.81,34.0,0.333,0.585734812942214,0.5387741541741229,True,False
614,Cotton,0.3176998439686013,84,48,0.4285714285714286,False,0,28.11,31.48,34.07,0.522,0.6094146882062612,0.5378395189022934,False,False
615,Cotton,0.9694127001378698,306,237,0.22549019607843135,False,0,74.94,70.96,72.11,-0.836,0.5304107068594632,0.5330713391270681,False,False
616,Groundnut,2.0207724197379453,675,548,0.18814814814814818,False,0,27.01,36.55,28.51,1.067,0.5622706228920635,0.47207040035451037,False,False
617,Cotton,0.4148327578341932,118,78,0.3389830508474576,False,0,41.15,40.83,36.56,0.314,0.472106750088655,0.44590983669978546,False,False
618,Groundnut,0.5883358547679751,177,129,0.27118644067796616,False,0,47.45,47.34,46.76,0.668,0.5071042998679264,0.4693622179257574,False,False
619,Cotton,0.2525174549179244,66,35,0.4696969696969697,False,0,39.86,41.54,40.8,-0.513,0.5085726768480262,0.4885918300130948,False,False
620,Bajra,0.2314803634074955,55,27,0.509090909090909,False,0,33.11,24.89,37.23,0.857,0.5274130332908249,0.5173764108988175,False,True
621,Cotton,0.314551513871161,81,42,0.4814814814814815,False,0,46.47,43.52,53.65,1.104,0.484712886047872,0.44632859808735037,False,False
622,Groundnut,0.4141647075943391,112,72,0.3571428571428571,False,0,55.28,43.03,54.27,0.344,0.465673479563888,0.49132928730705716,False,False
623,Bajra,0.3914576054397236,111,72,0.3513513513513513,False,0,55.86,57.45,52.45,-0.749,0.4281996533273591,0.41754210290580906,False,False
624,Groundnut,1.2622739737476427,408,321,0.21323529411764708,False,0,51.82,50.0,47.26,0.614,0.433827963100978,0.41978624908050094,False,False
625,Cotton,0.1818096702632076,43,21,0.5116279069767442,False,0,46.15,53.5,54.97,-0.776,0.5083741487205655,0.4444615261964727,False,False
626,Cotton,0.21123205847329,49,25,0.4897959183673469,False,0,42.16,40.65,46.96,0.289,0.4775230211250826,0.43630404032940867,False,False
627,Groundnut,0.3735009143820065,103,67,0.3495145631067961,False,0,20.54,11.31,35.53,0.41,0.6017082200012318,0.6710748202531243,True,True
628,Cotton,0.2715327049878658,67,32,0.5223880597014925,False,0,44.12,47.04,36.37,0.76,0.4733918974015883,0.40871206207480665,False,False
629,Maize,0.3564377251458184,96,58,0.39583333333333337,False,0,46.5,57.25,48.34,0.247,0.4627639839503116,0.3536607568270944,False,False
630,Cotton,0.2108067180698888,50,24,0.52,False,0,40.08,50.74,36.43,-0.837,0.4544916076284359,0.40429106917697605,False,False
631,Cotton,0.7572088323478815,241,181,0.24896265560165975,False,0,33.61,31.43,33.24,-0.01,0.5467415367115119,0.5390275617212125,False,False
632,Bajra,0.3033733211523419,82,48,0.41463414634146345,False,0,57.66,57.47,74.07,0.357,0.4537595355952962,0.39792901519256535,False,False
633,Bajra,0.4459277197697974,126,84,0.33333333333333337,False,0,42.63,35.69,43.19,0.061,0.4203607465475941,0.4173668505320571,False,False
634,Bajra,0.2654615691753482,69,39,0.4347826086956522,False,0,36.33,32.93,33.77,-0.614,0.443775515526043,0.45802815010068126,False,False
635,Bajra,0.0617118900058861,5,0,1.0,True,0,91.13,87.78,89.11,0.0,0.2888806540336718,0.2888806540336718,False,False
636,Cotton,0.0627127265695569,9,0,1.0,True,0,31.46,30.9,27.61,0.0,0.3968649883183531,0.3968649883183531,False,False
637,Bajra,0.0767571898437906,14,2,0.8571428571428572,False,0,39.98,60.33,87.57,2.039,0.470195177036966,0.21675920127243817,False,False
638,Bajra,0.1231491296264476,24,8,0.6666666666666667,False,0,28.67,67.32,19.21,0.634,0.4759969947625092,0.22716040505149024,False,False
639,Groundnut,0.1661254008683303,37,17,0.5405405405405406,False,0,12.47,64.76,65.04,1.353,0.7631657491997065,0.37918372053686283,True,False
640,Bajra,0.2640639096629293,70,40,0.4285714285714286,False,0,23.25,13.99,21.71,0.596,0.5309697036607195,0.5492174523774856,True,True
641,Groundnut,0.3451692209353151,85,48,0.43529411764705883,False,0,54.15,60.64,57.77,0.206,0.4726184032972433,0.41664936378754,False,False
642,Groundnut,0.0715947223737647,6,0,1.0,True,0,67.8,63.2,60.05,0.0,0.3467605151660644,0.3467605151660644,False,False
643,Rice,0.2309750544674736,48,14,0.7083333333333333,False,0,39.37,25.23,36.18,-1.215,0.5334910010005308,0.6043925554204059,False,True
644,Bajra,0.1829256187328611,39,16,0.5897435897435898,False,0,40.47,49.42,22.44,0.532,0.4387756666462876,0.3322517206455199,False,False
645,Cotton,0.8413529327727436,265,204,0.23018867924528297,False,0,73.6,71.2,68.33,-0.126,0.4925448332650119,0.46600620676546456,False,False
646,Bajra,0.1542534907138744,35,14,0.6,False,0,34.86,46.62,61.7,1.221,0.5331655754305592,0.4011255499279921,False,False
647,Cotton,0.1495128193345922,30,11,0.6333333333333333,False,0,30.85,56.99,54.15,0.092,0.6103513667936046,0.39548930873636223,False,False
648,Cotton,0.1165808565481153,22,5,0.7727272727272727,False,0,54.01,72.65,28.46,-0.165,0.5479215864941644,0.3194674212700319,False,False
649,Cotton,0.1497805394511784,33,13,0.6060606060606061,False,0,60.78,49.59,57.42,-0.085,0.3557320105654386,0.38291695072402654,False,False
650,Groundnut,0.1832858234389917,45,21,0.5333333333333333,False,0,48.62,48.24,43.69,-0.607,0.387620746071205,0.39386839351375263,False,False
651,Bajra,0.2722980272380524,66,32,0.5151515151515151,False,0,29.03,35.58,33.64,-0.252,0.4481856248354765,0.4065083934206602,False,False
652,Cotton,0.1275554934542464,21,5,0.7619047619047619,False,0,34.51,50.0,82.04,-0.127,0.5224059173673922,0.43639749585611937,False,False
653,Cotton,0.430364101659034,124,78,0.3709677419354839,False,0,28.71,31.73,26.33,1.312,0.5841384364668173,0.5037965784923641,False,False
654,Bajra,0.3507205833227034,92,54,0.4130434782608695,False,0,67.48,55.93,61.06,-0.256,0.3833265508073633,0.41130647888518973,False,False
655,Groundnut,0.8153355646759126,257,198,0.22957198443579763,False,0,50.66,45.99,50.64,0.295,0.4390269286835283,0.43446454119873185,False,False
656,Bajra,0.2308187273673437,51,21,0.5882352941176471,False,0,73.87,79.51,79.46,-0.175,0.4150090419726618,0.38882029765475146,False,False
657,Bajra,0.2684605996387411,70,37,0.4714285714285714,False,0,52.96,54.27,55.29,-0.277,0.3802655494554121,0.3567253140905002,False,False
658,Bajra,0.496982340961713,137,92,0.3284671532846716,False,0,48.69,53.56,51.87,-0.217,0.4151125731152886,0.38307682224797057,False,False
659,Cotton,0.5056482184126999,155,107,0.3096774193548387,False,0,30.86,30.42,29.01,1.019,0.5545485917637946,0.5031315620116691,False,False
660,Maize,0.2245651541189817,55,27,0.509090909090909,False,0,27.79,14.56,33.96,0.785,0.5443132513291279,0.5792398273088187,False,True
661,Cotton,0.3331439861912955,97,62,0.3608247422680413,False,0,68.6,63.2,63.95,-0.206,0.3819984525992703,0.38914628659084183,False,False
662,Cotton,0.8278971292041478,257,194,0.24513618677042803,False,0,78.1,76.17,76.06,-0.9,0.4855921038131016,0.4542758631499161,False,False
663,Cotton,0.3663479916809415,102,67,0.3431372549019608,False,0,30.83,24.54,28.66,0.653,0.5246459308976336,0.5304765556739044,False,True
664,Groundnut,0.779507829120733,246,187,0.23983739837398377,False,0,26.19,41.6,38.43,0.875,0.562424448876958,0.4274001084723357,False,False
665,Cotton,0.5788826608019269,173,125,0.2774566473988439,False,0,47.6,42.51,45.57,0.664,0.4737410137020299,0.48348333762695483,False,False
666,Cotton,1.3449905483952955,447,363,0.18791946308724827,False,0,85.11,81.09,79.61,-0.603,0.4526927554451008,0.44607858181818655,False,False
667,Cotton,0.2817057673189999,74,40,0.45945945945945943,False,0,52.28,55.9,44.43,-0.281,0.416865568355917,0.35793510934479444,False,False
668,Groundnut,0.1093828424349963,23,8,0.6521739130434783,False,0,60.4,74.3,74.78,0.079,0.452325686229383,0.3403460543528374,False,False
669,Bajra,0.1333703524786225,27,11,0.5925925925925926,False,0,61.41,78.38,76.34,0.766,0.402017488385014,0.20205618787907265,False,False
670,Bajra,0.2629297764179536,72,41,0.4305555555555556,False,0,35.18,38.28,41.53,0.006,0.401719328373151,0.3763679337418175,False,False
671,Cotton,0.1230057599182047,21,1,0.9523809523809523,False,0,71.35,65.76,67.79,0.04,0.4655581840749134,0.4655581840749134,False,False
672,Groundnut,0.0984739360361196,17,4,0.7647058823529411,False,0,14.92,58.41,29.65,0.89,0.5986540134985571,0.29790962930572723,True,False
673,Cotton,0.0823679800475533,14,3,0.7857142857142857,False,0,15.68,14.48,39.84,2.119,0.59688190429261,0.43109007993622084,True,True
674,Bajra,0.3606421232832901,100,64,0.36,False,0,81.29,81.78,76.72,-0.074,0.4130562469399197,0.41200307058233643,False,False
675,Groundnut,0.1688705489980921,39,18,0.5384615384615384,False,0,64.91,49.15,63.97,1.068,0.418318261935076,0.48301896716179343,False,False
676,Groundnut,0.0823973471243068,13,0,1.0,True,0,62.1,57.84,56.53,-0.0,0.3367246874365659,0.3367246874365659,False,False
677,Groundnut,0.0781781114560615,11,0,1.0,True,0,37.41,34.68,37.35,0.0,0.5316296435693035,0.5316296435693035,False,False
678,Maize,0.5203760098108207,144,92,0.36111111111111116,False,0,42.39,31.72,40.32,0.678,0.5826364899034004,0.6061770131187366,False,False
679,Cotton,0.146255786282629,33,13,0.6060606060606061,False,0,80.85,84.51,73.44,-0.602,0.3947435728456995,0.3281375947636467,False,False
680,Cotton,0.2797926690962611,74,45,0.3918918918918919,False,0,53.63,55.3,55.66,-0.133,0.4804473170864459,0.4264028439552629,False,False
681,Cotton,0.2574471920305934,64,35,0.453125,False,0,51.48,55.07,37.89,0.204,0.5220761939866059,0.47419391393891225,False,False
682,Cotton,0.1765061332287585,41,21,0.4878048780487805,False,0,21.92,67.0,29.0,1.24,0.9262501037386912,0.3084552591266229,True,False
683,Cotton,0.2236431876776515,54,29,0.4629629629629629,False,0,48.66,45.73,40.5,-0.141,0.4373522591657949,0.42907775955892313,False,False
684,Cotton,0.1365979334447161,26,3,0.8846153846153846,False,0,57.29,32.51,69.58,0.217,0.3330209777113008,0.3995498567439474,False,False
685,Groundnut,0.2463288821902645,56,24,0.5714285714285714,False,0,23.03,22.22,21.37,-0.726,0.5667821846487977,0.6026548941658038,True,True
686,Groundnut,0.2091292843886036,48,19,0.6041666666666667,False,0,41.81,52.85,72.47,-1.423,0.5758491399768578,0.5817270424207973,False,False
687,Cotton,0.2109250582922887,47,22,0.5319148936170213,False,0,22.04,23.65,25.12,0.239,0.5173824299660029,0.47238816464045935,True,True
688,Groundnut,1.0836690567189309,356,291,0.1825842696629213,False,0,52.66,47.14,49.19,0.142,0.4461330421301427,0.45517472761548894,False,False
689,Rice,0.7231682935968384,217,161,0.25806451612903225,False,0,40.48,35.81,38.6,0.102,0.4287290538701245,0.422244263474554,False,False
690,Rice,0.7804438702457662,247,191,0.22672064777327938,False,0,36.92,27.38,38.93,0.481,0.539639967850663,0.5498620666620747,False,False
691,Rice,1.6789870870146013,572,489,0.1451048951048951,False,0,26.52,25.22,26.37,1.13,0.5835642007436371,0.5373077005746617,False,True
692,Bajra,0.1801973150132869,41,21,0.4878048780487805,False,0,29.14,33.71,28.6,-0.06,0.4838010742741435,0.43689411421249064,False,False
693,Cotton,0.1698161849481193,38,18,0.5263157894736843,False,0,48.43,32.37,54.61,0.075,0.4956595276718724,0.6193176717530531,False,False
694,Cotton,1.39099111287217,466,388,0.1673819742489271,False,0,74.5,70.52,71.85,-1.18,0.5288120782537115,0.5084059686911352,False,False
695,Groundnut,0.1247118946882877,24,6,0.75,False,0,82.95,80.92,84.79,1.107,0.3108560480432712,0.29800691975285887,False,False
696,Cotton,0.1429197539846879,28,9,0.6785714285714286,False,0,52.98,67.08,63.92,-0.306,0.4965567994574904,0.3683415052066107,False,False
697,Cotton,0.1231097309083733,22,2,0.9090909090909091,False,0,48.26,87.57,87.36,0.98,0.5402387077267552,0.054851815552504735,False,False
698,Cotton,0.1517668535939515,33,13,0.6060606060606061,False,0,40.42,30.65,58.51,0.882,0.6264841697551231,0.6060023629089766,False,False
699,Groundnut,0.2522032177381246,65,37,0.4307692307692308,False,0,32.68,62.24,35.55,0.64,0.5992539209532141,0.41041460982956113,False,False
700,Bajra,0.2239086471287021,54,28,0.4814814814814815,False,0,58.98,81.15,60.68,-1.185,0.3745976461500547,0.3115645029564442,False,False
701,Bajra,0.2260426438016324,55,29,0.4727272727272728,False,0,34.67,28.44,41.9,-0.428,0.4640636790825067,0.4911516644125694,False,False
702,Groundnut,0.2801620640821437,75,46,0.3866666666666667,False,0,41.6,34.1,38.95,-0.172,0.4663493238818562,0.48963270525760555,False,False
703,Cotton,0.3428586849446337,95,62,0.34736842105263155,False,0,38.03,58.16,31.45,-2.172,0.6048927385528174,0.5039697253554697,False,False
704,Bajra,1.8944393029421955,642,544,0.15264797507788164,False,0,25.84,28.67,25.21,0.76,0.4776464845100456,0.4328212434886515,False,False
705,Cotton,0.2229181417682573,55,30,0.4545454545454546,False,0,82.29,78.46,76.23,-0.336,0.4313151980317803,0.4005947566365406,False,False
706,Bajra,0.2453023069452371,60,33,0.44999999999999996,False,0,48.26,39.74,37.24,-0.393,0.4629473880439395,0.46658083859225674,False,False
707,Cotton,1.4115818472587105,472,393,0.1673728813559322,False,0,45.47,42.7,43.08,0.598,0.4594673885455264,0.4498050907456946,False,False
708,Groundnut,0.9871610624684668,312,241,0.22756410256410253,False,0,40.52,38.4,40.41,0.273,0.528595933133441,0.5162389032503175,False,False
709,Groundnut,0.8481016978266469,269,210,0.2193308550185874,False,0,46.28,39.8,42.62,-0.07,0.5005314876553612,0.5174609642207894,False,False
710,Cotton,0.3834866554124757,99,54,0.4545454545454546,False,0,78.29,76.27,68.73,0.272,0.4767673277080661,0.4476967824451205,False,False
711,Cotton,0.2435224128519745,62,33,0.467741935483871,False,0,46.38,58.46,43.38,-0.31,0.4827259468575393,0.3481456489525739,False,False
712,Cotton,0.1901934856010554,45,22,0.5111111111111111,False,0,47.09,51.37,60.7,1.359,0.5006479665990903,0.34592824456724874,False,False
713,Cotton,0.1895580570161833,43,20,0.5348837209302326,False,0,56.98,46.97,51.01,0.545,0.4692119371487401,0.487894902676176,False,False
714,Rice,0.155343746258268,33,13,0.6060606060606061,False,0,52.29,69.1,51.83,0.413,0.4821578065577473,0.35462482209469853,False,False
715,Cotton,0.1700582679178164,37,15,0.5945945945945945,False,0,81.12,85.0,80.91,-0.402,0.4571965876286646,0.42481994362002984,False,False
716,Groundnut,0.1936965349530155,45,20,0.5555555555555556,False,0,33.47,58.65,25.83,0.822,0.6212687035932284,0.3628099388594435,False,False
717,Cotton,0.4645281499649691,110,50,0.5454545454545454,False,0,54.97,53.63,54.9,-0.002,0.4675550957105756,0.46408554584918255,False,False
718,Bajra,0.2041704412449317,50,24,0.52,False,0,42.45,45.41,35.35,-0.59,0.4754589057489241,0.457110539215603,False,False
719,Cotton,0.5814242488531355,172,123,0.2848837209302325,False,0,64.53,60.54,63.83,-0.19,0.5126867975165099,0.5029577373195684,False,False
720,Maize,0.2270188182349037,17,0,1.0,True,1,63.2,59.62,59.25,0.0,0.4587208602726047,0.4587208602726047,False,False
721,Cotton,0.4610461902529916,129,84,0.34883720930232553,False,0,61.13,49.25,61.92,0.598,0.5659378029377699,0.6028410377889478,False,False
722,Cotton,1.1017437941646242,347,256,0.26224783861671475,False,0,76.97,72.83,73.7,-0.427,0.5018524837625595,0.4911864817517308,False,False
723,Cotton,1.154694399908888,368,278,0.24456521739130432,False,0,70.64,65.18,69.65,-0.55,0.5133202231179361,0.5185966089270265,False,False
724,Cotton,0.7672931522856246,220,144,0.34545454545454546,False,0,26.27,17.48,32.32,-0.007,0.6940031813454837,0.7624410039165189,False,True
725,Groundnut,1.111107436481167,353,273,0.22662889518413598,False,0,62.93,55.22,61.3,0.531,0.4563668897323077,0.46388969644007766,False,False
726,Cotton,0.3541569000242758,96,61,0.36458333333333337,False,0,47.34,51.61,36.8,0.02,0.5045141484644625,0.44737209870494543,False,False
727,Groundnut,1.2313378230403542,402,325,0.1915422885572139,False,0,49.37,46.71,44.18,0.198,0.426862247863548,0.42578779207258893,False,False
728,Bajra,0.902977754585911,289,227,0.2145328719723183,False,0,28.17,30.51,27.27,0.957,0.5152566778095241,0.46398650423156956,False,False
729,Cotton,1.0388574481235149,339,272,0.1976401179941003,False,0,31.75,30.25,31.91,0.229,0.6317377864974066,0.6273284374448999,False,False
730,Cotton,1.4641090342420395,483,396,0.18012422360248448,False,0,63.4,60.72,59.82,-0.389,0.546249489144272,0.5282567282211519,False,False
731,Groundnut,0.2058149877665178,45,16,0.6444444444444444,False,0,76.93,88.77,54.42,0.192,0.4406332886709648,0.25473590436819027,False,False
732,Cotton,0.2718581929545149,66,32,0.5151515151515151,False,0,64.5,71.42,54.57,-0.934,0.4573148303910587,0.3991737531630887,False,False
733,Cotton,2.0441827894040534,686,572,0.16618075801749266,False,0,75.31,71.17,70.28,-0.652,0.5035399389279459,0.49583602125411286,False,False
734,Maize,0.1343507531623019,29,11,0.6206896551724138,False,0,71.12,74.75,73.11,-1.407,0.4709882853560754,0.4793216794001666,False,False
735,Cotton,0.15095782865775,33,13,0.6060606060606061,False,0,72.82,81.76,75.78,-1.93,0.480409008669892,0.3932659868418651,False,False
736,Cotton,0.1226928559678582,25,10,0.6,False,0,56.24,47.51,72.72,1.1,0.3720944699100002,0.2663900050750329,False,False
737,Cotton,0.1667354735492448,37,17,0.5405405405405406,False,0,60.03,71.71,41.28,-0.364,0.3901123344489938,0.2539054802656477,False,False
738,Cotton,0.4379255015595223,124,83,0.3306451612903226,False,0,31.47,31.38,31.87,1.401,0.5374015789904015,0.47520861988024565,False,False
739,Cotton,1.0873402446401723,357,288,0.19327731092436973,False,0,51.0,51.76,46.88,-0.802,0.4467772616939943,0.42293645133241053,False,False
740,Cotton,0.2318923795238772,52,22,0.5769230769230769,False,0,30.6,31.1,23.96,1.009,0.5584736727547828,0.4886067443890843,False,False
741,Rice,0.271422116324136,71,38,0.46478873239436624,False,0,63.05,60.44,53.87,0.429,0.4214488351078989,0.40373764627604286,False,False
742,Cotton,0.4649353581810703,131,88,0.3282442748091603,False,0,5.58,6.11,4.57,0.357,2.4848075139660275,2.2051073034816153,True,True
743,Groundnut,0.2658589181971164,64,32,0.5,False,0,72.81,68.46,69.07,0.36,0.4558758003810342,0.46705307628141773,False,False
744,Bajra,0.7113912405889645,221,166,0.248868778280543,False,0,47.37,41.02,56.7,-0.018,0.4421318529703777,0.43732914355534486,False,False
745,Rice,0.1747802257475218,33,4,0.8787878787878788,False,0,2.28,2.82,3.95,0.316,0.847456665960239,0.6825863505334697,True,True
746,Rice,0.3915603846145015,112,75,0.3303571428571429,False,0,2.28,2.28,2.28,-1.958,0.9370234258166992,0.917956141422745,True,True
747,Rice,0.1920327852826328,47,24,0.4893617021276596,False,0,68.74,60.44,73.21,0.212,0.4766607122998629,0.4663653229419827,False,False
748,Groundnut,0.186767860375407,41,18,0.5609756097560976,False,0,78.68,70.72,70.52,-0.033,0.3516863871787105,0.38111061397733825,False,False
749,Groundnut,0.193599475804038,45,20,0.5555555555555556,False,0,30.65,54.09,20.65,-0.234,0.5028467686615242,0.3612997498925068,False,False
750,Groundnut,0.1837497208873704,40,18,0.55,False,0,55.47,56.15,49.9,-0.301,0.4089160637751201,0.3974696465791789,False,False
751,Groundnut,0.193199249959713,49,24,0.5102040816326531,False,0,73.79,68.03,60.06,0.044,0.363135380029481,0.37613452839714895,False,False
752,Cotton,0.1591541202333353,32,11,0.65625,False,0,52.24,66.88,63.06,-0.952,0.4612929843171768,0.34160095543632824,False,False
753,Cotton,0.1573579060004123,38,15,0.6052631578947368,False,0,63.08,63.99,55.47,-0.04,0.3520709064228617,0.3046683956664793,False,False
754,Cotton,0.2625498992608947,61,30,0.5081967213114754,False,0,69.85,63.97,61.2,-0.236,0.3749901222855859,0.42577727281339145,False,False
755,Cotton,0.3314774007741577,92,57,0.3804347826086957,False,0,40.92,41.33,68.83,-1.104,1.3611296928076564,1.5360697591050239,False,False
756,Cotton,0.3479509361392837,96,60,0.375,False,0,59.36,54.19,50.06,0.851,0.4763890693150174,0.42775934014302425,False,False
757,Groundnut,0.2645903261324129,70,40,0.4285714285714286,False,0,65.28,73.51,74.09,0.179,0.4775244925808508,0.3895832735637767,False,False
758,Cotton,0.1315961008697458,24,8,0.6666666666666667,False,0,69.16,78.92,76.67,-1.332,0.3778667382378999,0.35847191461108324,False,False
759,Groundnut,0.218144531998689,53,27,0.49056603773584906,False,0,71.57,52.34,67.17,0.569,0.4034973592867358,0.46369375437838256,False,False
760,Bajra,0.1202864730341352,25,6,0.76,False,0,67.93,78.36,81.71,0.668,0.4123961882064038,0.23930452274556926,False,False
761,Groundnut,0.1546037054153339,33,13,0.6060606060606061,False,0,75.71,81.69,87.05,1.722,0.4333393823021899,0.25638254981500364,False,False
762,Bajra,0.2630388674465399,72,42,0.41666666666666663,False,0,47.65,47.46,43.77,0.197,0.403917294671673,0.3931540553215409,False,False
763,Maize,0.3570899188674475,98,62,0.36734693877551017,False,0,55.69,53.9,55.58,0.477,0.4720602548347611,0.4445754461947335,False,False
764,Groundnut,0.1885797174670458,43,20,0.5348837209302326,False,0,43.71,29.55,60.26,1.582,0.5033892975612101,0.5030286081023405,False,False
765,Groundnut,0.2219111016544424,53,24,0.5471698113207547,False,0,58.41,65.02,64.8,-0.751,0.449505279121994,0.46544711489094304,False,False
766,Cotton,0.2154535132991453,50,24,0.52,False,0,48.6,47.04,37.53,-0.259,0.4602748824015599,0.41386604270614274,False,False
767,Groundnut,0.2871848561492959,75,44,0.41333333333333333,False,0,20.89,48.33,33.85,1.61,0.6437270928340225,0.3994646884127554,True,False
768,Bajra,0.2440177351191787,59,31,0.47457627118644063,False,0,57.28,44.24,61.07,0.213,0.416609008630561,0.45841313660421534,False,False
769,Cotton,0.1765142880428612,36,11,0.6944444444444444,False,0,30.7,24.43,14.74,0.728,0.5137668034322749,0.5093456176370591,False,True
770,Cotton,0.2219246708934913,52,25,0.5192307692307692,False,0,32.38,40.18,32.66,-0.494,0.5390102772550308,0.44042019639059976,False,False
771,Cotton,0.1772280492169337,38,15,0.6052631578947368,False,0,16.28,27.37,31.96,1.175,0.6406899309309027,0.438392631584257,True,False
772,Cotton,0.1670032164235432,34,9,0.7352941176470589,False,0,28.6,33.18,18.7,-1.211,0.6111213476616583,0.6224118971440205,False,False
773,Cotton,0.1415697472055743,30,8,0.7333333333333334,False,0,25.99,40.82,24.63,1.608,0.5736385813295174,0.3499169032018347,False,False
774,Maize,0.1543313422773751,30,12,0.6,False,0,29.53,38.77,25.92,-0.722,0.5530741101070323,0.4928815836485963,False,False
775,Groundnut,0.1158006612651432,25,9,0.64,False,0,47.33,27.88,66.01,0.365,0.4101161196483698,0.4984585739407336,False,False
776,Bajra,0.2341469614871554,56,28,0.5,False,0,24.83,11.71,28.41,0.737,0.4946450269489754,0.5003286870186893,True,True
777,Bajra,0.2263347944121557,56,29,0.4821428571428571,False,0,36.61,15.63,31.47,0.877,0.5178318077186761,0.6014786463083773,False,True
778,Bajra,0.3480382868425286,90,52,0.4222222222222223,False,0,51.47,57.64,43.05,0.652,0.4594538738903747,0.3632651001582659,False,False
779,Bajra,0.3548921999555734,96,59,0.38541666666666663,False,0,18.93,16.09,22.15,-0.669,0.5624879561246819,0.5662785958701388,True,True
780,Bajra,0.2658093017686072,69,36,0.4782608695652174,False,0,39.71,29.63,34.47,0.235,0.5040719022809038,0.5024371463128331,False,False
781,Groundnut,0.4003466553310766,108,71,0.34259259259259256,False,0,11.89,30.26,12.84,0.307,0.6162306095970336,0.4634303746196488,True,False
782,Groundnut,0.4575363878219974,125,81,0.352,False,0,42.99,42.69,48.55,-0.235,0.5098676298697894,0.5122244600582908,False,False
783,Cotton,0.1956508385449216,47,24,0.4893617021276596,False,0,46.32,42.57,45.75,-0.4,0.3939917812337449,0.4378818712721688,False,False
784,Maize,0.632636127373582,196,144,0.26530612244897955,False,0,31.87,28.91,35.28,0.274,0.5809486287725806,0.5417146746360632,False,False
785,Groundnut,0.7169532565048772,220,163,0.25909090909090904,False,0,30.55,43.52,39.4,1.431,0.5550387343497583,0.4236166716079046,False,False
786,Groundnut,0.6570106428248202,201,149,0.2587064676616916,False,0,26.82,23.57,28.38,1.448,0.5550190442423856,0.5157905779694317,False,True
787,Bajra,0.2807751401590921,74,43,0.41891891891891897,False,0,44.36,43.33,38.19,0.73,0.4153574032087934,0.3942352757062222,False,False
788,Bajra,0.123385311733817,27,10,0.6296296296296297,False,0,35.57,43.3,42.43,0.281,0.4065822274451124,0.4240589216135861,False,False
789,Cotton,0.1396939485543957,25,8,0.6799999999999999,False,0,25.86,22.57,46.25,0.798,0.59648434720313,0.5265274786805411,False,True
790,Groundnut,0.1914082893579437,43,17,0.6046511627906976,False,0,36.61,26.0,49.56,-0.594,0.5305464312502487,0.6161747426202169,False,False
791,Groundnut,0.083947166842118,18,4,0.7777777777777778,False,0,93.28,87.74,80.67,0.886,0.2930863476398657,0.27021227441087065,False,False
792,Bajra,0.0942932942934957,18,4,0.7777777777777778,False,0,65.07,76.7,43.61,-1.717,0.4151672369288653,0.4652806161709034,False,False
793,Bajra,0.3246256692770097,85,48,0.43529411764705883,False,0,40.78,42.3,39.08,-0.237,0.4996502720213286,0.46295639992323095,False,False
794,Bajra,0.1129063263213495,18,0,1.0,True,0,48.02,43.6,46.02,0.0,0.4358556875489594,0.4358556875489594,False,False
795,Maize,0.2239105267904143,58,31,0.4655172413793104,False,0,60.0,58.51,58.67,0.178,0.4393050736545698,0.42255573478860764,False,False
796,Cotton,0.1142518769337623,21,5,0.7619047619047619,False,0,51.13,47.93,42.71,-0.219,0.3744538390751489,0.4062369784060753,False,False
797,Cotton,0.1208214046674961,21,5,0.7619047619047619,False,0,54.91,59.97,95.5,-0.104,0.5361099101215987,0.4259664144598859,False,False
798,Cotton,0.1127391158777546,21,5,0.7619047619047619,False,0,65.1,59.66,57.41,0.467,0.416837707022557,0.44229363928718834,False,False
799,Cotton,0.1107441011746814,21,4,0.8095238095238095,False,0,12.1,27.3,17.06,1.984,0.6630734470234699,0.2838783588653495,True,False
800,Maize,0.1360234059671712,28,10,0.6428571428571428,False,0,43.85,39.84,50.0,-0.684,0.5618263449137838,0.5734044702646852,False,False
801,Groundnut,0.1094261529535914,19,3,0.8421052631578947,False,0,45.98,85.47,68.91,-1.626,0.5161829294363962,0.2868784786859384,False,False
802,Maize,0.0797966917113752,13,1,0.9230769230769231,False,0,63.12,59.68,59.36,0.013,0.3959243433302848,0.3959243433302848,False,False
803,Bajra,0.1515646512014633,29,5,0.8275862068965517,False,0,64.77,86.35,87.38,-0.86,0.4039446607206918,0.3628929559825333,False,False
804,Bajra,0.0537714236416745,6,0,1.0,True,0,76.78,72.07,74.01,0.0,0.3308965859283883,0.3308965859283883,False,False
805,Bajra,0.0635074404904297,9,1,0.8888888888888888,False,0,76.9,73.18,71.63,0.109,0.2216617900307312,0.2216617900307312,False,False
806,Bajra,0.0431711042055543,4,0,1.0,True,0,82.34,78.24,79.6,0.0,0.2732146481276458,0.2732146481276458,False,False
807,Groundnut,0.0759200580353774,10,0,1.0,True,0,85.95,81.18,79.16,0.0,0.3061456258363651,0.3061456258363651,False,False
808,Groundnut,0.131258609600215,28,10,0.6428571428571428,False,0,79.47,76.2,74.31,0.914,0.3750585660673297,0.308034080704201,False,False
809,Maize,0.1159715025310717,20,6,0.7,False,0,26.12,29.07,39.57,-0.844,0.5693533884585992,0.5327673480500861,False,False
810,Cotton,0.1211496772019296,25,8,0.6799999999999999,False,0,46.73,59.8,26.06,-0.341,0.4158584100596753,0.27591382088115834,False,False
811,Bajra,0.297742258464595,78,47,0.39743589743589747,False,0,57.38,53.29,48.84,0.21,0.4148125944702605,0.37538764250292245,False,False
812,Cotton,0.2442111402427939,56,28,0.5,False,0,55.24,42.95,44.08,0.388,0.3916401302292499,0.4438945393721211,False,False
813,Cotton,0.2298768091679858,56,29,0.4821428571428571,False,0,54.76,52.12,48.06,-0.056,0.4779271684681708,0.4494788468341149,False,False
814,Cotton,0.0978368239047849,21,6,0.7142857142857143,False,0,83.15,69.51,88.98,1.958,0.3659942782920038,0.2734908956083203,False,False
815,Bajra,0.0971503526011767,15,3,0.8,False,0,85.27,97.72,91.81,-1.063,0.3429886100613757,0.21637117653441987,False,False
816,Bajra,0.1071625126011947,23,8,0.6521739130434783,False,0,46.0,59.48,38.67,0.389,0.4111529423516255,0.3291762533093136,False,False
817,Cotton,0.1094311560835911,18,4,0.7777777777777778,False,0,19.96,12.85,52.98,-0.268,0.6058495370150209,0.7543323902132839,True,True
818,Groundnut,0.103830948142288,20,6,0.7,False,0,31.42,51.93,80.5,-2.056,0.5757758654072473,0.5046380393820007,False,False
819,Bajra,0.1141998230352523,30,12,0.6,False,0,64.12,37.96,77.57,1.129,0.4025576188819875,0.46789019027637807,False,False
820,Groundnut,0.1003981066865996,20,6,0.7,False,0,50.35,29.09,91.22,0.543,0.5111528577216045,0.532248397058195,False,False
821,Bajra,0.1065405460617113,20,6,0.7,False,0,57.29,72.69,36.8,-1.094,0.4612051058557246,0.3296553215539919,False,False
822,Bajra,0.0740734463765256,15,3,0.8,False,0,26.1,26.08,19.12,0.807,0.3366787772519379,0.06561731680705717,False,False
823,Groundnut,0.0583921157578373,6,0,1.0,True,0,86.92,82.66,80.65,0.0,0.2087407937754495,0.2087407937754495,False,False
824,Cotton,0.1387819923936704,33,14,0.5757575757575757,False,0,57.74,55.45,55.7,,,,False,False
825,Cotton,0.1475317688724449,28,10,0.6428571428571428,False,0,57.74,55.45,55.7,,,,False,False
826,Cotton,0.1827191352929136,39,20,0.4871794871794872,False,0,57.74,55.45,55.7,,,,False,False
827,Cotton,0.0996550657841638,14,1,0.9285714285714286,False,0,57.74,55.45,55.7,,,,False,False
828,Cotton,0.0949227479867554,11,0,1.0,True,0,57.74,55.45,55.7,,,,False,False
829,Groundnut,0.1199940978419802,25,9,0.64,False,0,64.16,86.02,60.03,0.194,0.4573404789229275,0.24321670993177671,False,False
830,Cotton,0.2759170239354558,62,31,0.5,False,0,43.57,46.34,49.97,-0.679,0.4868105674025558,0.46935189550962814,False,False
831,Bajra,0.1552055292175185,35,15,0.5714285714285714,False,0,72.24,84.78,83.15,-0.298,0.3830898634202252,0.29443991695579724,False,False
832,Cotton,0.1907426589463837,42,20,0.5238095238095238,False,0,26.32,20.19,32.77,0.22,0.6042710688203421,0.6322421484055244,False,True
833,Cotton,0.1761717647857651,43,20,0.5348837209302326,False,0,33.58,26.65,40.76,0.272,0.531585519355838,0.5559273766353452,False,False
834,Cotton,0.2295308197255028,58,31,0.4655172413793104,False,0,39.52,40.52,28.55,0.245,0.5178687214991192,0.48767293802961326,False,False
835,Maize,0.2177995484788423,51,21,0.5882352941176471,False,0,33.62,33.82,36.77,-0.118,0.5013944175883523,0.49350068272568953,False,False
836,Groundnut,0.2235762389395554,58,31,0.4655172413793104,False,0,48.18,59.58,56.99,1.192,0.5605813263736155,0.41861782596312186,False,False
837,Bajra,0.0835616443476218,13,3,0.7692307692307692,False,0,80.73,83.33,93.73,-0.34,0.3619257240127342,0.3818310837078497,False,False
838,Bajra,0.172346785243643,40,19,0.525,False,0,36.49,12.93,45.62,1.279,0.5485033730834943,0.6181325546959291,False,True
839,Cotton,0.2522914812459447,65,37,0.4307692307692308,False,0,45.52,46.7,42.15,0.338,0.4562534561724605,0.40103064685863704,False,False
840,Cotton,0.377211274716872,105,70,0.33333333333333337,False,0,37.55,32.49,38.79,0.144,0.5194001221331234,0.5246867954547777,False,False
841,Cotton,0.1391359948060955,28,9,0.6785714285714286,False,0,62.56,59.57,58.69,0.504,0.3747213795221126,0.346984411542965,False,False
842,Cotton,0.110793449073212,19,2,0.8947368421052632,False,0,47.71,83.63,75.6,-0.067,0.4778839855320604,0.13329164218304,False,False
843,Bajra,0.1070242638186277,18,2,0.8888888888888888,False,0,68.31,90.9,70.99,0.782,0.3855393278355403,0.016015494479457566,False,False
844,Groundnut,1.2317487681529955,397,315,0.20654911838790935,False,0,40.72,36.9,42.72,0.981,0.4954214153625493,0.4821266072527195,False,False
845,Cotton,0.96710747267844,308,237,0.23051948051948057,False,0,61.29,58.67,56.48,0.249,0.472659188895662,0.4338091282779109,False,False
846,Bajra,1.099017665409186,359,283,0.21169916434540392,False,0,32.04,37.99,29.72,0.243,0.4412370593994769,0.39263395559123,False,False
847,Cotton,0.4381955625558037,121,76,0.371900826446281,False,0,29.34,25.84,36.79,0.24,0.6101871620050409,0.642018673329535,False,False
848,Rice,1.5358885159158298,509,416,0.18271119842829076,False,0,50.05,49.12,52.68,1.074,0.4873590530312446,0.44153709765274635,False,False
849,Groundnut,2.03901545558419,681,561,0.17621145374449343,False,0,61.18,55.45,62.27,0.497,0.5075448428630173,0.5035137792557363,False,False
850,Cotton,0.2160738294679637,53,27,0.49056603773584906,False,0,62.55,63.36,56.96,0.017,0.4156592199432694,0.38220282490368246,False,False
851,Bajra,0.1723727727382348,38,15,0.6052631578947368,False,0,53.78,25.3,60.67,-0.228,0.4693299703611638,0.5577016839503569,False,True
852,Rice,0.2023717315828386,48,24,0.5,False,0,24.83,13.99,36.65,-0.619,0.5193930035594271,0.5771347333367635,True,True
853,Rice,0.1769559924810128,41,19,0.5365853658536586,False,0,47.48,56.05,53.61,0.869,0.4278127299508496,0.32867319438429443,False,False
854,Groundnut,0.1548547591093758,33,13,0.6060606060606061,False,0,50.31,39.41,51.12,-0.071,0.3866654655059028,0.42883631186361104,False,False
855,Bajra,0.0850496792683054,11,0,1.0,True,0,57.35,53.0,53.16,0.0,0.3524893135195736,0.3524893135195736,False,False
856,Bajra,0.0958608547615176,16,1,0.9375,False,0,49.17,44.02,47.95,-0.108,0.4698240057026598,0.4698240057026598,False,False
857,Cotton,0.1381011761068543,28,11,0.6071428571428572,False,0,37.47,35.14,41.04,-1.043,0.4844241092622947,0.5313486281074447,False,False
858,Bajra,0.1427771999474367,29,10,0.6551724137931034,False,0,37.26,29.2,71.62,-0.505,0.4590324640833482,0.5023400977016288,False,False
859,Bajra,0.3577326280991809,95,60,0.368421052631579,False,0,51.89,56.01,46.43,0.117,0.4558188842673843,0.4237991675704538,False,False
860,Bajra,0.1652701677622877,38,17,0.5526315789473684,False,0,42.44,54.54,41.08,-0.629,0.3752729490864278,0.36115716249169855,False,False
861,Cotton,0.2813159238431733,74,44,0.4054054054054054,False,0,62.7,58.08,54.24,-0.493,0.4101178867799128,0.42921263539834037,False,False
862,Cotton,0.0445838206628545,3,0,1.0,True,0,78.47,72.94,71.53,0.0,0.321075278634488,0.321075278634488,False,False
863,Cotton,0.0540851186411419,2,0,1.0,True,0,67.25,67.81,63.56,0.0,0.1055030820358193,0.1055030820358193,False,False
864,Bajra,0.2108669190976667,48,22,0.5416666666666667,False,0,24.92,25.38,25.95,-0.773,0.4179408330825748,0.4496649032026184,True,True
865,Bajra,0.1791520649677305,41,18,0.5609756097560976,False,0,62.1,71.34,54.28,-0.88,0.4018448949650558,0.36435951558594876,False,False
866,Cotton,0.1765165936370752,40,18,0.55,False,0,59.34,54.13,73.47,-1.226,0.5498810948128443,0.5948538076260099,False,False
867,Cotton,0.3015272102139709,81,48,0.40740740740740744,False,0,51.38,54.94,43.01,-1.152,0.4180514786645892,0.3836994398699593,False,False
868,Bajra,0.1845603474599867,43,22,0.4883720930232558,False,0,79.58,79.66,82.75,-0.463,0.3310898127019663,0.32524833576328505,False,False
869,Bajra,0.2184641327689296,52,27,0.4807692307692307,False,0,61.24,58.01,53.54,0.29,0.3954413910945522,0.3782426357257648,False,False
870,Cotton,0.3066656538975378,80,46,0.42500000000000004,False,0,62.75,61.02,61.07,0.133,0.435840800675303,0.40634913330363004,False,False
871,Maize,0.1029649260945853,15,0,1.0,True,0,49.03,43.91,46.32,0.0,0.4838939243105201,0.4838939243105201,False,False
872,Groundnut,0.1095806230143543,16,0,1.0,True,0,72.05,66.79,66.17,0.0,0.3753724062815211,0.3753724062815211,False,False
873,Cotton,0.0843428088528327,11,0,1.0,True,0,50.78,47.23,46.19,-0.0,0.4311404238214505,0.4311404238214505,False,False
874,Maize,1.5232166940498553,506,418,0.17391304347826086,False,0,46.19,41.14,42.84,0.132,0.4523788503752621,0.45721873384539163,False,False
875,Cotton,0.1411224451019989,28,9,0.6785714285714286,False,0,58.44,65.22,41.27,0.554,0.4777567527647738,0.3618718718988021,False,False
876,Groundnut,0.1752761834009421,32,6,0.8125,False,0,73.21,78.53,72.49,0.471,0.410652263966259,0.33973621923354214,False,False
877,Groundnut,0.1609711485552293,34,14,0.5882352941176471,False,0,37.1,34.69,37.42,0.491,0.4004552586324649,0.3347870473619169,False,False
878,Cotton,0.3386949417892075,90,56,0.37777777777777777,False,0,46.85,49.83,47.65,0.534,0.4764127129217486,0.4212104953308255,False,False
879,Bajra,0.2128233059311567,55,29,0.4727272727272728,False,0,43.29,43.51,34.7,0.183,0.4213599148267013,0.3908474931554801,False,False
880,Bajra,0.1798301668974448,43,20,0.5348837209302326,False,0,45.48,31.25,44.67,-0.477,0.3871037373416871,0.4240432344551873,False,False
881,Groundnut,0.1944991369526784,44,21,0.5227272727272727,False,0,66.13,67.5,70.31,-0.021,0.3899607244274492,0.3970244780520421,False,False
882,Groundnut,0.2305598226740441,54,27,0.5,False,0,47.41,37.78,44.84,-0.469,0.5200930206441022,0.583439555020766,False,False
883,Groundnut,0.3264672261626599,83,49,0.40963855421686746,False,0,56.16,54.54,54.16,1.13,0.508242087867027,0.4619615379333995,False,False
884,Cotton,0.2097962149432962,49,22,0.5510204081632653,False,0,24.42,28.4,14.86,1.232,0.6430805525272907,0.45237015555471316,True,False
885,Groundnut,0.1019735320460361,19,4,0.7894736842105263,False,0,54.23,47.57,5.83,0.521,0.3820998380621328,0.42430760824835095,False,False
886,Groundnut,0.1144058863614181,25,10,0.6,False,0,46.47,31.05,44.83,0.736,0.3684673191122728,0.37613084584647627,False,False
887,Bajra,0.1179508966583617,19,1,0.9473684210526316,False,0,63.47,58.53,61.09,0.006,0.3630157557973898,0.3630157557973898,False,False
888,Bajra,0.314468620786398,86,53,0.38372093023255816,False,0,64.72,62.9,71.89,-0.161,0.4312722051199549,0.40726917462010115,False,False
889,Groundnut,0.1055282470738449,15,0,1.0,True,0,40.4,37.77,39.26,0.0,0.4543258034181561,0.4543258034181561,False,False
890,Bajra,0.2696928758258272,67,37,0.4477611940298507,False,0,36.52,25.73,34.6,1.477,0.4639236002002133,0.4412886651000848,False,True
891,Bajra,0.3149322307546805,85,51,0.4,False,0,27.7,16.52,35.09,-0.328,0.546307862673427,0.6040560558954833,False,True
892,Groundnut,0.1271827683605767,23,3,0.8695652173913043,False,0,48.56,76.38,76.74,0.363,0.3942839700666769,0.2766915809426436,False,False
893,Cotton,0.1298502627666687,25,8,0.6799999999999999,False,0,59.32,77.43,63.95,0.211,0.54674627352056,0.338207735166793,False,False
894,Bajra,0.0792063962143296,12,2,0.8333333333333334,False,0,9.74,11.39,2.28,0.958,0.5613747278614137,0.5793473701044007,True,True
895,Cotton,0.0572175419787768,8,1,0.875,False,0,44.79,41.35,42.01,-0.34,0.5257240181214425,0.5257240181214425,False,False
896,Bajra,0.2586774676009768,65,37,0.4307692307692308,False,0,61.38,69.02,60.96,-0.235,0.4548139199686898,0.40137495381366134,False,False
897,Cotton,0.1810302913238106,48,24,0.5,False,0,43.55,41.96,40.83,-0.348,0.4028452024295088,0.40137645237065017,False,False
898,Cotton,0.1162428115362525,24,9,0.625,False,0,46.56,52.48,52.42,-0.594,0.513119482612724,0.5040710344953664,False,False
899,Cotton,0.1171610808001504,22,7,0.6818181818181819,False,0,46.66,74.0,79.72,-2.065,0.4316757516772116,0.23971301722609725,False,False
900,Maize,0.1358093396786282,29,12,0.5862068965517242,False,0,37.72,47.52,28.99,0.194,0.6175093524433619,0.4647151016736967,False,False
901,Cotton,0.075706859002092,11,2,0.8181818181818181,False,0,30.03,51.45,64.29,0.876,0.7623601328873137,0.45337133194570345,False,False
902,Cotton,0.0952646321428098,19,5,0.736842105263158,False,0,40.32,41.9,35.98,0.627,0.5245965465643555,0.34047778393660205,False,False
903,Groundnut,0.0892527853089992,18,5,0.7222222222222222,False,0,66.98,94.09,83.68,0.281,0.3786483395975293,0.1245652926044741,False,False
904,Rice,0.0723672564810679,9,1,0.8888888888888888,False,0,32.39,26.74,31.39,0.194,0.4970125627746466,0.4970125627746466,False,False
905,Cotton,0.1458658579830193,31,14,0.5483870967741935,False,0,46.72,35.73,51.94,0.431,0.5041189388834516,0.5058306056236392,False,False
906,Cotton,0.1279777800665164,26,10,0.6153846153846154,False,0,50.5,51.52,59.29,0.735,0.4372269501877726,0.3434602587609684,False,False
907,Bajra,0.2555723780231709,65,36,0.4461538461538461,False,0,40.09,29.65,36.49,-0.448,0.5690066276419583,0.6102362568149539,False,False
908,Cotton,0.2628129174717634,68,38,0.4411764705882353,False,0,62.49,56.84,46.64,0.688,0.4589298199858613,0.4548819818684693,False,False
909,Cotton,0.3282170765911494,90,55,0.38888888888888884,False,0,48.23,44.96,48.06,0.225,0.5770570494798046,0.5725029975072201,False,False
910,Cotton,0.1143935455680247,19,1,0.9473684210526316,False,0,46.35,42.8,43.11,-0.076,0.5152358798723055,0.5152358798723055,False,False
911,Cotton,0.1301020646859798,25,6,0.76,False,0,46.82,52.57,61.23,-0.321,0.3994539189001992,0.34506663388562103,False,False
912,Cotton,0.0945117623795066,12,0,1.0,True,0,69.4,64.45,62.9,0.0,0.3166424321484094,0.3166424321484094,False,False
913,Bajra,0.3779617053493314,98,62,0.36734693877551017,False,0,31.58,41.08,22.15,0.426,0.5057629262655345,0.42468736133492174,False,False
914,Groundnut,1.1399690165045444,378,295,0.21957671957671954,False,0,27.36,31.52,30.41,1.265,0.5688001930727999,0.4964962552616007,False,False
915,Bajra,0.1066133551049159,21,7,0.6666666666666667,False,0,54.31,43.63,74.52,1.611,0.3838253967214455,0.30241237319099323,False,False
916,Cotton,0.2145564857986854,51,25,0.5098039215686274,False,0,36.93,27.3,46.44,0.202,0.4815319726299726,0.5259192567006342,False,False
917,Groundnut,0.3287995156658739,89,54,0.3932584269662921,False,0,73.12,76.12,63.94,0.198,0.4712475867872422,0.3990270168931301,False,False
918,Groundnut,0.1680511670318878,33,9,0.7272727272727273,False,0,50.39,36.31,44.65,-0.967,0.509395935880198,0.5971634514176092,False,False
919,Cotton,0.1895262229941397,44,21,0.5227272727272727,False,0,57.74,55.45,55.7,,,,False,False
920,Cotton,0.1831528089789255,42,19,0.5476190476190477,False,0,57.74,55.45,55.7,,,,False,False
921,Bajra,0.1540439114371215,34,15,0.5588235294117647,False,0,44.32,60.57,77.79,-2.042,0.5037063934406174,0.4642634346661104,False,False
922,Cotton,0.0640930030766061,4,0,1.0,True,0,74.02,69.18,67.04,0.0,0.2827776286131288,0.2827776286131288,False,False
923,Bajra,0.0494887662557629,6,0,1.0,True,0,94.22,91.65,92.38,0.0,0.2512229577617073,0.2512229577617073,False,False
924,Maize,0.0496604856604014,6,0,1.0,True,0,79.7,79.25,73.89,0.0,0.2052533848139034,0.2052533848139034,False,False
925,Maize,0.1072210698309332,18,2,0.8888888888888888,False,0,50.0,71.17,49.54,1.409,0.4934980185960737,0.07246520548120854,False,False
926,Cotton,0.1939525270225895,46,23,0.5,False,0,77.89,76.38,70.78,-0.645,0.4534778004121056,0.4376389286950313,False,False
927,Groundnut,0.2237883747382338,54,24,0.5555555555555556,False,0,62.44,58.5,50.21,0.007,0.4482981187515952,0.46445490594092076,False,False
928,Bajra,0.242754563762465,58,27,0.5344827586206897,False,0,52.09,68.42,54.58,0.092,0.4118573762145778,0.3244542702573339,False,False
929,Cotton,0.106818048212991,20,5,0.75,False,0,59.91,83.92,30.18,-1.171,0.4738647870018336,0.37654435937259334,False,False
930,Groundnut,0.171696067060587,36,16,0.5555555555555556,False,0,37.88,48.69,35.68,0.814,0.5137385250833271,0.38652946382475484,False,False
931,Rice,0.2475881094052968,64,37,0.421875,False,0,71.95,55.91,66.29,0.616,0.4293326994957877,0.4553242674493478,False,False
932,Cotton,0.1692190018351312,42,19,0.5476190476190477,False,0,44.63,36.88,40.6,1.304,0.4967580330926325,0.45797546236436515,False,False
933,Cotton,0.092900275003397,12,0,1.0,True,0,52.72,48.81,48.29,0.0,0.4232547995557467,0.4232547995557467,False,False
934,Cotton,0.1529436955651186,36,16,0.5555555555555556,False,0,57.73,48.87,43.58,-0.056,0.4245652596657814,0.44842697272398097,False,False
935,Rice,0.1428861233922938,31,12,0.6129032258064516,False,0,43.91,38.24,51.3,0.062,0.5483512291579268,0.5634634577370468,False,False
936,Maize,0.1377366889078163,29,10,0.6551724137931034,False,0,45.33,51.3,58.61,0.856,0.4864590364111062,0.3976798430783238,False,False
937,Cotton,0.3464536140290312,96,56,0.41666666666666663,False,0,45.83,45.03,46.58,0.301,0.4686080689097302,0.4267647171715212,False,False
938,Bajra,0.1336748175705457,24,6,0.75,False,0,32.17,69.67,29.47,1.142,0.5177353270596905,0.2546103835158403,False,False
939,Cotton,0.1779265209567096,40,18,0.55,False,0,63.5,71.18,63.07,0.195,0.4500923522014557,0.3267125542285608,False,False
940,Groundnut,0.219683468521454,53,29,0.4528301886792453,False,0,39.88,32.82,42.12,0.219,0.5080988963299335,0.5355768090085168,False,False
941,Cotton,0.123144348245238,24,9,0.625,False,0,69.13,65.53,67.81,-0.123,0.4511620280286331,0.4566347320617773,False,False
942,Groundnut,0.0647328678826952,10,1,0.9,False,0,22.18,21.8,22.11,-0.116,0.4937943544181007,0.4937943544181007,True,True
943,Groundnut,0.1824430019990338,38,14,0.631578947368421,False,0,45.82,41.32,65.09,-0.731,0.5313239294787832,0.5697819529046527,False,False
944,Cotton,0.1608983748175893,30,7,0.7666666666666666,False,0,58.71,47.89,40.28,1.66,0.3884477689270362,0.37801766145221044,False,False
945,Cotton,0.228613453307838,55,29,0.4727272727272728,False,0,33.69,33.68,34.85,0.793,0.516415209893169,0.4639605006248884,False,False
946,Cotton,0.2019408294766841,45,19,0.5777777777777777,False,0,26.92,29.09,15.66,-0.41,0.5340366738102014,0.5190277316097603,False,False
947,Groundnut,0.3391261218718195,96,61,0.36458333333333337,False,0,54.38,61.4,52.57,0.081,0.5174233298330457,0.44398627205553715,False,False
948,Bajra,0.2396940611079569,61,34,0.4426229508196722,False,0,50.1,41.93,47.83,0.512,0.3873335514011596,0.3613208750282608,False,False
949,Cotton,0.2458454973487787,63,36,0.4285714285714286,False,0,56.0,56.88,51.45,-0.289,0.4839833497783692,0.4402378949120871,False,False
950,Groundnut,0.1190642979792507,26,9,0.6538461538461539,False,0,54.22,57.07,58.0,1.268,0.4375490986036109,0.3106073214729346,False,False
951,Bajra,0.1117156758446639,13,0,1.0,True,0,67.55,62.26,65.27,0.0,0.4033004872798735,0.4033004872798735,False,False
952,Bajra,0.1426694677978951,29,7,0.7586206896551724,False,0,38.19,46.25,10.21,-0.235,0.3982822417570376,0.3447559644894092,False,False
953,Bajra,0.1112147414359093,24,8,0.6666666666666667,False,0,66.91,40.86,50.46,0.584,0.3884991292071104,0.5153523369190804,False,False
954,Groundnut,0.1189156378709653,22,6,0.7272727272727273,False,0,59.05,63.87,74.36,0.275,0.4913648129378981,0.33890810071682814,False,False
955,Groundnut,0.1598716600319468,36,14,0.6111111111111112,False,0,51.08,46.61,36.76,0.055,0.4567348675198917,0.4201527982739986,False,False
956,Groundnut,0.2369409254204545,60,32,0.4666666666666667,False,0,31.2,32.04,21.7,0.337,0.4777666457451024,0.46430415039431355,False,False
957,Cotton,0.1368249967058088,30,13,0.5666666666666667,False,0,65.58,66.72,74.16,0.205,0.3593361414461776,0.2913995891566397,False,False
958,Bajra,0.2280371225756999,57,29,0.49122807017543857,False,0,48.1,49.62,66.83,0.778,0.4482383310761446,0.41632068323822996,False,False
959,Cotton,0.1804921380158735,36,8,0.7777777777777778,False,0,43.51,71.47,66.22,-1.595,0.5522367315564483,0.43662621718904526,False,False
960,Groundnut,0.2464361085988086,60,33,0.44999999999999996,False,0,2.28,18.77,2.28,,2.1750632691799607,,True,True
961,Cotton,0.3766997190558057,96,57,0.40625,False,0,57.74,55.45,55.7,,,,False,False
962,Cotton,0.225381916555041,52,22,0.5769230769230769,False,0,57.74,55.45,55.7,,,,False,False
963,Cotton,0.2290561819742954,58,32,0.4482758620689655,False,0,57.74,55.45,55.7,,,,False,False
964,Cotton,0.1752785405928226,38,13,0.6578947368421053,False,0,57.74,55.45,55.7,,,,False,False
965,Cotton,0.2092750658404556,46,19,0.5869565217391304,False,0,57.74,55.45,55.7,,,,False,False
966,Rice,0.7919911341656249,244,186,0.23770491803278693,False,0,7.19,3.71,6.44,-0.366,0.9207677352341112,0.9660758524586325,True,True
