farm_id,vv_20250519,npix_20250519,vh_20250519,vv_20250531,npix_20250531,vh_20250531,vv_20250612,npix_20250612,vh_20250612,vv_20250624,npix_20250624,vh_20250624,vv_20250706,npix_20250706,vh_20250706,vv_20250718,npix_20250718,vh_20250718,vv_20250730,npix_20250730,vh_20250730,vv_20250823,npix_20250823,vh_20250823,vv_20250904,npix_20250904,vh_20250904,vv_20250916,npix_20250916,vh_20250916,vv_20250928,npix_20250928,vh_20250928,vv_20251010,npix_20251010,vh_20251010,vv_20251022,npix_20251022,vh_20251022,vv_20251103,npix_20251103,vh_20251103,vv_20251115,npix_20251115,vh_20251115,vv_20251127,npix_20251127,vh_20251127
1,-10.986189582798973,28,-17.11706337126785,-9.103205025463344,28,-16.08213837998854,-10.183139985559407,28,-17.94988757816049,-5.566109897990533,28,-16.144247406354083,-6.723706961298457,28,-13.032236842206004,-7.749816521158353,28,-14.266495956385256,-3.84169643395383,28,-13.470382898622157,-8.06254402890019,28,-16.13225606788058,-9.830462512187832,28,-14.584874221814419,-9.539942669669879,28,-17.06889948598967,-6.788085135827298,28,-19.211530646938538,-6.188501819867137,28,-18.4996582452899,-9.118801856522913,28,-18.11696148803939,-5.418600801425402,28,-13.590757790192207,-9.401842773307411,28,-15.8622060517387,-5.5027370845456405,28,-14.89789712007574
2,-11.114724473104111,21,-16.49466005702558,-9.659430395620065,21,-15.704316981334204,-9.312971003959138,21,-15.394275818344331,-7.924089390636629,21,-17.312429167541616,-8.116191462412694,21,-15.940075756254057,-10.059860033207231,21,-15.656218135102897,-6.768152804713568,21,-14.8244378376459,-8.111258641124934,21,-14.654314074411257,-9.618224683567135,21,-15.358696049617674,-9.293062633310868,21,-15.548483946936525,-9.250774901029,21,-17.68663975952818,-7.04426197573865,21,-15.368266471232165,-9.40835430049878,21,-18.162397140650206,-4.772711719049911,21,-13.984931148318942,-7.583223309080028,21,-14.964415042589572,-7.1466141925274895,21,-14.271999545454827
3,-7.738366018789024,50,-14.787374889473334,-7.0610475667185835,50,-15.82480217759908,-7.69087597745065,50,-17.857605932772966,-8.424211122020385,50,-17.019792162215047,-9.552242159960937,50,-17.241087245635786,-8.005292393749157,50,-15.548896633682638,-4.357975583223192,50,-11.817744404056471,-8.035633796445826,50,-17.089914679812424,-8.827997132359153,50,-16.02463828315237,-10.022837574118332,50,-16.526390197700735,-8.892571846841031,50,-16.949635873223468,-6.167924053618721,50,-15.777370999955789,-6.659442548786951,50,-16.074469096754633,-5.2082634157375765,50,-12.430993166009483,-5.430542257737651,50,-13.268646105588806,-4.027975731480274,50,-12.483667758182207
4,-11.359022396381622,4,-18.77374883383763,-10.196055955793177,4,-15.273223021100598,-8.900104374671994,4,-18.68526117654297,-8.442577407011813,4,-14.61727749254556,-8.255419704841788,4,-15.351769810858148,-7.694241752164038,4,-13.89921554466174,-7.856993548448389,4,-15.382402740437897,-8.60959334257439,4,-17.154382195561624,-9.864028786644157,4,-16.545570342237955,-10.381309018120614,4,-16.97282115402136,-10.268926605508483,4,-17.430968527780912,-11.01161686527286,4,-15.134542485502589,-10.716660371084982,4,-15.767030185691471,-7.08866799218395,4,-14.804001186969451,-7.594333212892343,4,-15.655146090357126,-8.454735763759523,4,-13.217862067378158
5,-7.8271960751799705,55,-13.982955986661882,-7.783256133757687,55,-14.074366177434655,-7.852801871847998,55,-13.587734242513301,-8.389664018854626,55,-13.786710065650624,-5.9988427736193275,55,-14.182230093837251,-9.259665274949578,55,-11.91892283640482,-5.378105838620573,55,-12.493493308697058,-6.7585683542603,55,-13.201185142348432,-7.845066043823831,55,-12.275811281265891,-8.01367836385258,55,-13.396921128704815,-8.699444332470701,55,-12.485156937551574,-6.814825710545235,55,-13.729317865131328,-6.639153570221268,55,-13.673903025217234,-6.412852091625102,55,-12.030284034457683,-5.651018261718896,55,-13.559304158063515,-5.944150193911934,55,-13.44606715719176
6,-8.70133298337923,87,-15.926311338135392,-8.751594799609553,87,-16.01599513685237,-8.372582309296869,87,-16.82236125326935,-6.915330122698299,87,-14.277766713364091,-8.16873069383744,87,-13.849104641152612,-7.925009568093911,87,-11.951871458560252,-4.783750534142993,87,-12.329348709023076,-4.529330514729168,87,-14.387105382480945,-6.952844439584279,87,-13.851813362627613,-9.245475703043669,87,-15.366265219415743,-9.764955864284147,87,-16.374788184754298,-8.117451945956255,87,-15.617879279695824,-6.746704667686849,87,-15.005839485197306,-6.529315385799173,87,-15.268502201748904,-8.113608883937546,87,-14.91095448348945,-7.455208605585289,87,-14.172449717130304
7,-9.102475273823266,17,-16.290412887108584,-9.455494413056702,17,-14.386658432657152,-8.290727887717965,17,-17.913240027246914,-6.75332680750349,17,-14.839813226764207,-7.7476843997181,17,-14.51384599575997,-7.071740759384738,17,-12.324545550273989,-5.860944059625499,17,-12.525428782626228,-5.299210488422311,17,-15.836414455856895,-8.219149195873703,17,-18.23956107743357,-9.871125377050339,17,-16.310428704693287,-11.086870139405974,17,-17.371453815952417,-9.03914643679553,17,-16.36283148379179,-8.299368430696674,17,-18.141563651945383,-6.633541893042283,17,-13.515192768910513,-9.150816340898192,17,-15.116959587061068,-6.887352887205616,17,-16.386269283852993
8,-9.797178781286211,91,-14.823910666122488,-9.119723651845005,91,-13.606399848977729,-9.291926912483863,91,-15.667860703459375,-6.847296349465224,91,-13.436060512291956,-7.314178067835723,91,-12.801526298814698,-7.452315667266087,91,-13.50336139127371,-5.406372550624317,91,-13.019172310353115,-3.7109991203607477,91,-15.754877591468656,-6.172199932298465,91,-14.971084235068147,-8.357135665277301,91,-15.454902202550652,-8.014787854870441,91,-16.043984754293213,-8.061683050874862,91,-14.771331514673891,-8.228669122521403,91,-15.208290001658273,-5.183442152418586,91,-13.39807165074128,-5.6447474583435895,91,-13.625338569204885,-6.096223004837574,91,-12.614840151875033
9,-10.953721559681842,43,-16.396677015770443,-9.675115554301165,43,-15.644536402995904,-10.736232399762635,43,-15.60988881816666,-8.488322756967595,43,-13.009466981669002,-9.074466406225316,43,-13.225200657548646,-8.061966441450208,43,-12.61059079667312,-7.849436777117931,43,-12.656120857359024,-6.550814941366888,43,-12.4567721075082,-7.273916513533976,43,-11.613695576157317,-6.710997586822955,43,-13.665051483808972,-8.03510854583144,43,-12.219447687532085,-8.143221333872283,43,-12.568905823728533,-7.5229481521366015,43,-13.888727053823622,-8.081480576744752,43,-13.413463047122372,-7.822191026922618,43,-13.298265304691162,-8.15960673292394,43,-14.677997020631823
10,-11.52450513936364,36,-17.3641638071158,-10.53088328139429,36,-15.880486518344805,-11.045287105511106,36,-16.92102911533563,-7.0410458096564765,36,-12.236265500415513,-7.166544425909951,36,-11.582788224686148,-7.73205993970815,36,-11.877462814550313,-5.620381639167098,36,-14.616701735254997,-5.896695347288631,36,-14.68923663053802,-5.738877755823801,36,-13.004395174966008,-8.699773834103755,36,-15.703119770483402,-10.42348543730273,36,-17.001543803603358,-7.4164456047923615,36,-16.67220300244204,-8.599834439652302,36,-15.09222264221441,-4.875745628850378,36,-13.202170171379098,-7.214333663108878,36,-14.993758921950029,-7.264217698863175,36,-14.029563023924927
11,-8.475496126670873,48,-16.187457008961164,-9.90958082377599,48,-14.40816464312769,-9.914225648318668,48,-15.849066385592348,-7.544129941975363,48,-13.1858648779052,-7.910546675284539,48,-12.545094556349216,-7.100628180192166,48,-11.92218537891063,-5.656511499130058,48,-13.68854482870826,-6.296277051077186,48,-11.133918622180383,-6.464124217277577,48,-13.156203327731683,-6.9903853131592975,48,-13.956261936957436,-8.215333750780625,48,-15.81045002089039,-7.712704673729412,48,-15.280607375461086,-9.858957574891052,48,-15.033277488777584,-5.518505961997731,48,-12.69979655212383,-9.439253892679734,48,-12.760657160761525,-8.095620861554066,48,-15.331885755159472
12,-10.620618986867099,56,-18.631207596419237,-8.799071629443878,56,-17.147263411390423,-9.580107323895234,56,-17.765988933267685,-6.338262387554261,56,-12.233436499759073,-7.74175834927937,56,-13.529083497885633,-7.233751881582223,56,-13.25481974533327,-7.965586966688704,56,-12.833590897308856,-7.02666072047456,56,-11.143097757870645,-7.620391292553643,56,-11.77085704484702,-8.221493781778175,56,-15.889317393517677,-11.556183751869309,56,-18.1523449370405,-7.667490376630899,56,-16.194503496245698,-8.078415869703,56,-16.25665928577677,-6.434904797923363,56,-12.887740357077394,-7.468304046536909,56,-14.50362741354774,-7.989742185484371,56,-15.227316752695268
13,-7.77296411418796,49,-14.885914032439837,-7.2055432132634625,49,-15.190549819088373,-8.084031541901336,49,-13.974681452100747,-7.84280556806626,49,-14.389796540296736,-7.47939673166549,49,-13.725250620440058,-8.928225066610105,49,-16.382586145603437,-4.143531387328635,49,-13.224533594975203,-9.565979047690039,49,-14.720519676379912,-7.895843135739456,49,-15.870279751213799,-8.144486370491114,49,-15.281709432370105,-9.544689458422518,49,-16.164334603931493,-8.046900655591303,49,-15.591220720733482,-8.367208538517493,49,-16.226092077366975,-5.99969123093763,49,-13.202982634623073,-6.556281337509066,49,-13.977506282072659,-6.029968409047408,49,-13.858718673328358
14,-2.356957954051602,29,-9.920208778077303,-3.1961778395209612,29,-10.488191941842066,-1.1478325742550701,29,-8.763256426154703,-3.053586499987232,29,-10.28220169913572,-3.045302943046595,29,-10.516348758708974,-2.3963301983388954,29,-11.814935696711412,-2.7566461345758624,29,-10.54384291246089,-5.2376292625448775,29,-11.583161450279963,-3.9816434447321387,29,-13.145172498948972,-4.909127597887442,29,-11.911662303280512,-4.910614506964214,29,-12.874468456086046,-7.569945635025055,29,-14.345791425016646,-9.908542378557987,29,-17.394226117386157,-6.761899468720874,29,-14.104788836920658,-9.204776617209783,29,-18.76150177955529,-10.138123387736167,29,-17.335426526233995
15,,0,,,0,,,0,,,0,,,0,,,0,,,0,,,0,,,0,,,0,,,0,,,0,,,0,,,0,,,0,,,0,
16,,0,,,0,,,0,,,0,,,0,,,0,,,0,,,0,,,0,,,0,,,0,,,0,,,0,,,0,,,0,,,0,
17,,0,,,0,,,0,,,0,,,0,,,0,,,0,,,0,,,0,,,0,,,0,,,0,,,0,,,0,,,0,,,0,
18,,0,,,0,,,0,,,0,,,0,,,0,,,0,,,0,,,0,,,0,,,0,,,0,,,0,,,0,,,0,,,0,
19,,0,,,0,,,0,,,0,,,0,,,0,,,0,,,0,,,0,,,0,,,0,,,0,,,0,,,0,,,0,,,0,
20,-9.28316349249219,39,-18.285321941624105,-9.292229012147558,39,-16.998832730269598,-10.071371512646332,39,-16.644404488144332,-6.917830268605009,39,-15.144566464678588,-8.886353386357456,39,-15.266464045979745,-8.697310563070227,39,-15.700885956780725,-6.542213251025091,39,-14.328645217601322,-8.894947515075359,39,-17.047745589001806,-11.129581072003132,39,-16.74349115069613,-9.515621338228463,39,-16.67720825796173,-10.314077755360707,39,-20.204389202555184,-6.629415475915855,39,-15.225298373471388,-6.00254634550157,39,-12.662084551529206,-4.566316324000773,39,-11.148777141184286,-5.503207491987498,39,-13.47422062983883,-6.047220077316702,39,-13.030791828180902
21,-9.458406042310079,58,-17.283642195789845,-8.994520345988677,58,-18.250329958954826,-8.838203264218278,58,-18.023690601380054,-6.299297306344837,58,-15.351639771709847,-8.014944218858663,58,-16.471605710780704,-9.30504108879725,58,-16.268484829278677,-7.440542105497303,58,-15.789709467921917,-10.120977683288618,58,-17.959718210392886,-12.889267531711281,58,-18.896683009102105,-9.729415790730382,58,-17.534577858413797,-9.610874468232527,58,-17.803133631214884,-7.545525510665447,58,-15.501673786589787,-9.241517118368428,58,-14.99998896726657,-5.433412330826165,58,-12.21599406732632,-7.646483110429997,58,-14.774003971147705,-5.9484419460365325,58,-12.611348648571305
22,-10.493656633812252,41,-18.380172228464787,-8.560934836316639,41,-17.66628895737569,-8.680194146048235,41,-17.553861128207984,-7.371208766361718,41,-17.387377765236405,-9.397393650981837,41,-16.29635855756813,-11.248733298490425,41,-17.732531095591796,-6.84610760825238,41,-15.257237052923989,-8.918188296965358,41,-17.066968165437324,-9.50801498277465,41,-16.39312585130569,-9.600294446883579,41,-15.733062573925915,-10.103757832349416,41,-16.597903070123582,-9.274340645812646,41,-16.85622131607136,-8.789130063554651,41,-15.309912547403489,-5.960815197791146,41,-11.631063382128318,-9.858903908115462,41,-17.35953644583867,-6.5499188848912615,41,-16.31468449451881
23,,0,,,0,,,0,,,0,,,0,,,0,,,0,,,0,,,0,,,0,,,0,,,0,,,0,,,0,,,0,,,0,
24,-10.536377593185195,26,-15.915845099478583,-8.27762887784642,26,-12.741657572127593,-9.40191357058547,26,-17.63420181546643,-9.478426545104458,26,-15.269991343323499,-8.926398855921828,26,-16.58047098110564,-9.973898759468469,26,-15.784311414213636,-5.6122386711190755,26,-13.153995904904116,-8.917130474480023,26,-17.274052923717925,-9.156218096947986,26,-14.809529132015362,-10.243556919732189,26,-17.102424090982783,-9.900943029611016,26,-18.35426250443386,-9.428740271952346,26,-14.411649130837791,-9.03320031295776,26,-16.760313676834674,-9.305615587087882,26,-16.274487113239545,-10.166297743537445,26,-19.831743132560295,-10.05600899213083,26,-18.518289781656087
25,-8.822853686366976,11,-18.99960726610572,-6.360603577656539,11,-11.984972667011931,-8.615404624728676,11,-16.978822308479042,-9.140162078041259,11,-16.100560009632044,-8.99072029468726,11,-16.302368032056012,-8.118496882929026,11,-13.767135164761267,-6.22569940940949,11,-12.582542971000617,-7.56972271196961,11,-17.682202650708238,-11.099224313319995,11,-18.766204495914955,-8.99533750631609,11,-18.04122267196264,-8.559671616258393,11,-15.691007289001233,-7.876235584253653,11,-13.780983439963311,-7.312422473132965,11,-15.341836192295482,-5.074920436533339,11,-11.843709861776164,-5.402884410099322,11,-12.635793257593061,-5.990603749844473,11,-14.11108797084509
26,-8.647851424263681,50,-16.401987177620107,-8.669639562962605,50,-15.097621380987217,-8.26788924591414,50,-15.359068916039185,-6.741239663543213,50,-17.466033003220257,-7.809576778369326,50,-16.91198753837984,-8.479241219114755,50,-12.934123271864513,-3.9865786070785756,50,-13.030935389658323,-5.0520049347952,50,-16.989259579543845,-6.7897270446496085,50,-17.39707759992614,-8.31483382470125,50,-16.15023464833943,-10.040595338572828,50,-17.881566941038663,-4.9124534046218145,50,-14.796861692384635,-9.432977593536272,50,-16.282942028139168,-4.9404150111927185,50,-12.749007098328613,-6.478171074051239,50,-13.491893289992593,-4.666523477501169,50,-12.222858718214919
27,-9.6877277038442,53,-17.60643185772154,-8.779036964712448,53,-17.413054388835064,-8.232130333313828,53,-17.437283246163528,-8.23302668052182,53,-16.092693437927494,-9.200217027389654,53,-17.019164177732613,-7.71968937335092,53,-13.172867963880996,-5.169788604608778,53,-13.508873191753711,-7.353116441965232,53,-15.98756414093085,-9.520059171336051,53,-16.92411681191188,-8.819202572246331,53,-16.650798475275344,-9.028695323565358,53,-15.777051798768744,-6.986954885499291,53,-14.959839862896413,-9.615770296307474,53,-15.337299302687288,-7.7630236317961625,53,-12.837865511476618,-6.619872067021699,53,-13.724990915740491,-6.915880520260332,53,-13.537992841376656
28,-9.316629998781398,26,-16.996857839527163,-8.387143605124145,26,-13.555389855928713,-10.864305031767557,26,-16.78978431600146,-8.71949073594815,26,-15.22967421926058,-7.378490629867968,26,-14.582724447735664,-9.043430140504356,26,-12.927800303937786,-7.804156249311712,26,-13.92767902786699,-6.288474886304152,26,-13.69857845229368,-8.899975188013485,26,-15.124487237939281,-10.544040847333111,26,-16.167950044383254,-8.085817444236673,26,-13.666106129449885,-8.593031624777385,26,-13.78414828542073,-9.86015949059347,26,-16.77749294111356,-5.991601215300983,26,-12.502216494552716,-8.763851712528208,26,-15.947457919886043,-7.8855419422083415,26,-14.392207663991623
29,-10.00611372526057,57,-18.476108792307848,-9.055592789421599,57,-15.705449750942895,-10.146710729981995,57,-17.530827747551008,-9.925291738435039,57,-15.799126166151254,-7.998389084408787,57,-12.711599032201057,-5.882414650694276,57,-11.164141774999432,-6.140901087041518,57,-10.695220720623183,-6.740968847729326,57,-14.312755299429213,-6.292808878199852,57,-15.405187973072618,-9.955514038453835,57,-16.91079321522183,-9.05912999692531,57,-14.92622622244533,-6.747762595060596,57,-15.08130076275015,-8.976187286108614,57,-17.123410225699402,-6.385977178794954,57,-13.383070166640145,-8.906194112934356,57,-16.610338277873346,-8.077284025950492,57,-15.73121504057281
30,-6.262029291704643,31,-11.908229720788906,-5.673291754586922,31,-12.470824013821154,-5.779451413418984,31,-11.282752082792113,-2.615240778385412,31,-11.777715521877248,-3.092686848167877,31,-11.123554871646906,-1.7965720202016757,31,-10.264283596763855,-1.2123342176619962,31,-9.021571490666028,-1.2266805331565396,31,-8.601923436757874,-3.5750602411502603,31,-10.349366362006414,-3.3296284228401345,31,-9.351819987213528,-3.6569525128442804,31,-11.298776966713566,-1.249505246258966,31,-8.207523877063313,-2.3333647185972555,31,-10.846077217928208,-1.7981540323764604,31,-10.630750823690153,-2.222638712840027,31,-9.866936029336749,-3.2947652842548507,31,-11.507251897579751
31,-9.13029229702779,56,-16.075118682778776,-11.189016350382438,56,-17.2620060102307,-8.900893994551929,56,-16.518028807370996,-9.566555560035114,56,-16.856345647568304,-4.935006639437846,56,-12.455404733775257,-5.03088857967812,56,-10.480723447614395,-5.197653050852464,56,-11.433148451154144,-8.85029206814033,56,-15.611980081921732,-6.779565195273799,56,-13.389441181715718,-8.479939233658886,56,-16.446840143585106,-9.515496546676461,56,-15.67728856611043,-6.602662350639799,56,-14.814393046974658,-9.32783985465245,56,-16.07635071808035,-7.012452695323076,56,-14.671426262195471,-9.543060156850222,56,-16.137612944842218,-7.886860766672354,56,-16.511369200490414
32,-12.017292646847231,12,-17.83119647822869,-11.899111994766116,12,-18.20194780232503,-8.608788438264309,12,-15.783970789948576,-5.723088798939058,12,-11.325680802534539,-7.005326673414737,12,-11.384963951263014,-4.138395415579683,12,-10.68276165233934,-3.147723580863469,12,-14.13563881064717,-7.7862133178980155,12,-12.596084752297326,-9.048295865171243,12,-11.348553304709476,-10.01187116353158,12,-15.419456832086027,-8.754342295705552,12,-16.308871950899942,-6.3048799562108915,12,-17.005932459063953,-11.779810296125055,12,-20.214944563133386,-10.253699453137063,12,-17.987733073087412,-8.625461035051455,12,-19.294033219632404,-5.127243412853658,12,-16.688592987225643
33,-10.48659530001081,64,-17.480881448697602,-8.963821832106484,64,-18.203848764143643,-8.270154989187695,64,-17.742574383916434,-5.999851145867704,64,-16.383479516318523,-7.056809073085905,64,-15.134319255815885,-8.422534799900289,64,-14.336473627983308,-4.3771246473359655,64,-14.682268628451416,-9.084995804071655,64,-17.57051152722767,-11.768234120959029,64,-18.712470091813504,-9.687071188262795,64,-16.52359302848072,-8.586327320855137,64,-17.238482785538768,-6.918862437695685,64,-16.108097506275495,-9.620873054651124,64,-15.687216444740875,-4.269527554564197,64,-13.799267460960177,-4.169589263569194,64,-11.503955387875891,-5.151979461753497,64,-11.8122769904374
34,-7.773958161252251,43,-14.334497862335953,-7.349609425657682,43,-14.742487417530956,-7.232040674687678,43,-14.46831485596153,-5.006609547617698,43,-13.217504360729501,-5.73152787065489,43,-13.708390883982144,-6.278357443399769,43,-11.575129936659083,-5.739170067634742,43,-12.584019531173894,-5.353895376811574,43,-12.895640276393898,-4.589439346147375,43,-13.097178138510284,-7.019996445390823,43,-12.985107064975747,-6.600903370641504,43,-12.88944819317361,-5.81891796806023,43,-13.164016126629472,-6.745825334070719,43,-13.672062938369876,-5.737763810076024,43,-13.412540499683951,-5.513178093198702,43,-12.642390466477899,-6.973112921971164,43,-12.799611318994128
35,-11.300980265952544,99,-18.932085156294477,-10.45579822886795,99,-18.276476073121323,-11.440175017403982,99,-19.048472249854335,-6.946820203971111,99,-14.432465481606748,-6.291041588108258,99,-12.403553668393636,-7.346875680786211,99,-11.732503349679561,-6.303814918905141,99,-12.880240382344157,-8.96103717218835,99,-15.676920717408716,-9.544349483514564,99,-16.94044952081461,-9.173361956260567,99,-16.333429367994565,-9.130065599550942,99,-18.881748567772505,-9.046963965485794,99,-17.020440442553287,-9.15211540399168,99,-17.22004447461359,-6.692692301551899,99,-14.02253183662297,-8.609328900627201,99,-16.98243626403415,-9.219084769385248,99,-14.562835910534835
36,-10.869934563715915,90,-18.388181811867373,-9.553625423477847,90,-16.59857914753608,-11.255288779855695,90,-18.408312492557183,-9.679738430177164,90,-15.764418502267109,-6.834856433405103,90,-13.793892201972351,-7.075443631671323,90,-13.07609257318719,-7.913060296247,90,-14.745781377046933,-9.831085950638258,90,-16.061208122797282,-7.839199023162026,90,-16.014937731057024,-9.375253840801744,90,-15.795144272290715,-9.231090394097471,90,-17.087474415768,-8.843601956487472,90,-16.665247280366092,-9.190166470348888,90,-16.880513714823767,-6.257879882922843,90,-13.921914255600958,-9.120427982976917,90,-15.86640452779302,-7.570190808834292,90,-14.590883231186458
37,-9.565886842755427,53,-17.55262487431606,-8.65840158434422,53,-15.925023492119607,-9.817566675030623,53,-17.653937177715438,-8.519857341926064,53,-16.828127774297318,-8.493790069649146,53,-14.71770212592874,-9.34012283211921,53,-14.563845732552352,-5.947361440023603,53,-13.573863146879265,-8.290804075880986,53,-16.158665201798286,-9.213668947784281,53,-17.561267006085345,-9.465096073759002,53,-14.993087278015087,-5.996190370348814,53,-18.37080909810786,-7.939458249425075,53,-16.829369766833345,-8.77339837668875,53,-16.38108003282779,-4.934054939634656,53,-11.842302493421782,-6.934259136556705,53,-15.198611548728865,-4.886661252418602,53,-12.781753822478276
38,-8.429703823048559,50,-15.898676263441738,-7.238203870510741,50,-16.46969057610097,-9.3925216743382,50,-16.802469198648495,-7.61738699466708,50,-16.015577938976076,-7.1299687366870845,50,-14.046754066682807,-5.946736633623133,50,-13.641793049247951,-4.937029297666308,50,-13.473590112024997,-7.656264055839818,50,-14.142737526460182,-8.078071521647358,50,-15.107759248858754,-8.823564352033713,50,-13.863035311997393,-7.037530819681615,50,-16.813210584636124,-6.466478950158354,50,-14.23659968607333,-7.0377006768785755,50,-13.957271884231401,-4.699265324856091,50,-12.639316126510725,-6.755311388477092,50,-14.647062726713195,-5.6214254638739245,50,-13.670655595478598
39,-11.349300711723071,63,-17.706895316351943,-8.91109156000314,63,-15.541839840733275,-10.696213236261302,63,-15.984115280748943,-6.66371174192038,63,-14.922263415098968,-7.0727499357740005,63,-13.715193813899758,-7.086237696372563,63,-15.138000417785511,-6.889529352319862,63,-14.210597741651172,-9.340253581172165,63,-15.536092547659774,-8.49715950222498,63,-14.929159882101018,-10.3866797782245,63,-15.667766195114279,-9.386614986475749,63,-15.979409160787942,-9.096124155317245,63,-14.3484231491352,-8.624566164958093,63,-15.417143149114565,-8.429474014530667,63,-13.633315627145935,-8.83457809833656,63,-15.942698292894054,-8.455064796224411,63,-14.90525287543121
40,-10.49545749437942,53,-17.514357297608136,-7.921155095183909,53,-16.007410729105935,-10.33919457710783,53,-16.697327344422327,-7.40800511105924,53,-15.892914139350795,-6.428264574865076,53,-11.14219281081785,-6.9550999223757115,53,-11.717129244847797,-3.5826455846716696,53,-11.75680745856827,-9.29926558332128,53,-17.223848774568097,-7.090148652014837,53,-12.770287518802308,-8.681672409365852,53,-15.679868956800044,-8.938781504988157,53,-15.714450615042296,-6.96351257181183,53,-14.576162600833062,-8.297402351455167,53,-16.582705180227602,-5.6422638927644115,53,-13.190043261826986,-7.993589408710786,53,-14.955733721473095,-7.981204779949343,53,-14.621846313559733
41,-3.627345672871713,98,-10.78262812594781,-3.904492968008289,98,-10.946951840081557,-3.6282053599982693,98,-11.204374624413486,-3.5615990107157125,98,-9.75296592923041,-3.5409669304525986,98,-9.465771312822238,-3.4186976899734023,98,-9.29564059453191,-2.5531372364892895,98,-9.247137124210964,-2.7156941095203084,98,-9.139456213500448,-2.9895493761119933,98,-10.125534025247036,-2.9131914517294994,98,-9.608566817565459,-4.065446564083876,98,-11.144648168403464,-2.2606657203036513,98,-9.743175777346263,-3.4772111174201745,98,-10.306638397128749,-2.9490475380962904,98,-11.15563916243563,-3.961624142568751,98,-11.162395830220513,-6.956644257435553,98,-13.547656931987698
42,-7.228751431873523,137,-14.155163347947855,-7.675184657842788,137,-13.696878273863913,-8.723711690229411,137,-14.437166634277238,-7.097330530733032,137,-13.097769692624022,-6.270438246872808,137,-13.0525772382562,-6.2998771335233075,137,-13.095797270134899,-4.594489457252238,137,-11.271045385510114,-3.3626907119658793,137,-10.507602186033516,-3.3138117712561783,137,-10.406710533541768,-3.1059803668500203,137,-10.669347463803597,-3.6159098502327347,137,-10.918547813330397,-2.8054936184397783,137,-9.210250496339466,-3.765116103367342,137,-10.396744982335523,-2.687452721254853,137,-8.848848978488476,-2.4559012812175576,137,-9.790438640398703,-1.9252061162758607,137,-10.461471829011861
43,-7.192885872835379,59,-13.148672409888682,-6.058632186568262,59,-11.878538327568112,-6.236562711255086,59,-12.769952777198402,-6.671943062564237,59,-12.687548144209213,-7.206896912672174,59,-12.129178427957592,-5.244286227612872,59,-12.205429983822329,-4.72378346156461,59,-12.207728579383133,-5.540476635223623,59,-13.032766713508884,-6.13500052186385,59,-13.18304834577614,-6.634398729794471,59,-12.736558141595143,-7.171733374380873,59,-12.894050421319019,-5.421998838695278,59,-12.340535630984995,-6.666795384992902,59,-11.843270709844587,-4.715687226523747,59,-11.634291768245262,-6.155154924132312,59,-13.350198274504434,-6.975992369283638,59,-14.886660411283776
44,-10.517783852988195,35,-17.399199772356155,-8.499317001957579,35,-17.217721481507695,-7.431873961009133,35,-16.19530527279632,-10.551965336166496,35,-17.682270357342208,-9.063053376183658,35,-16.23561348140289,-7.101436631997578,35,-14.240819039494673,-4.030541518150666,35,-15.45572268736704,-6.6938585177494865,35,-17.002932181444226,-8.846736061661378,35,-15.91655186604796,-8.594314087385014,35,-15.65905311886359,-9.108634652980777,35,-16.975335202145104,-5.912137200555264,35,-13.70141456669433,-7.478117733714813,35,-14.539614674855883,-6.5956459036224535,35,-12.831795972180817,-7.42355261769284,35,-15.393286933373284,-5.4394664059759945,35,-13.715031688316344
45,-9.032865531387111,45,-14.346267118813874,-8.905559118295162,45,-14.527302339050019,-10.24531932728253,45,-17.484640948189952,-10.420908425270914,45,-15.97096362104186,-9.9674760219835,45,-15.336141867228275,-7.499331610505311,45,-14.581568544348777,-6.198576064594046,45,-12.329647380795452,-6.09674838148997,45,-11.643398392185356,-5.084496839096949,45,-12.871424953657666,-6.605122578419509,45,-11.967970442361528,-7.0357711194212955,45,-13.171124483635122,-5.339816573731209,45,-11.18975134397634,-6.042167647418144,45,-12.62577782995455,-3.5393206585842076,45,-10.730270365086678,-4.229919897156006,45,-13.127843510794055,-5.193438897800073,45,-10.751410800333643
46,,0,,,0,,,0,,,0,,,0,,,0,,,0,,,0,,,0,,,0,,,0,,,0,,,0,,,0,,,0,,,0,
47,-7.907520299806276,96,-15.690302979560604,-7.82039756841308,96,-15.187336408954874,-8.81340694633162,96,-16.110473427950446,-9.44630459927872,96,-15.108339249780736,-7.553454221943191,96,-13.85012245803107,-6.157362964186271,96,-13.746297535587239,-6.308835694430424,96,-12.435835186171104,-5.895014401536601,96,-12.774914986473028,-4.867319404329988,96,-11.47862517294572,-4.135518490028424,96,-11.810344721219936,-4.977878275100784,96,-10.714637075047564,-4.583616798143427,96,-11.231214985918282,-5.162322914242189,96,-13.421601712357262,-4.948303036851611,96,-10.892078489848673,-3.4765358630724474,96,-11.338387916776911,-3.7638015800469105,96,-10.727832279282802
48,-7.899807556454488,56,-15.56744975094012,-9.156826781081737,56,-13.596678911829187,-8.239922594195091,56,-15.449074444629682,-7.137225090258983,56,-15.27754209787548,-7.904564736697413,56,-12.892456804827859,-6.945155689086443,56,-13.481466588996858,-6.010584227076454,56,-12.126595609568817,-7.350644764475413,56,-11.874126918334655,-7.740432842382608,56,-13.481441352930894,-7.978431919158405,56,-12.989737111777554,-7.542086435746996,56,-14.091952186788028,-7.329028460417058,56,-13.847287657084292,-7.477743522673847,56,-15.167248288578536,-6.640797523906144,56,-13.657847304371206,-9.49609371620986,56,-14.172152301010561,-8.846399286842004,56,-13.436919123602262
49,-10.169507221621835,144,-16.336809422628193,-8.745973597560559,144,-14.566166459205496,-8.696757226011165,144,-16.049613275916293,-7.621436168925263,144,-14.896445525762264,-7.9234558035613025,144,-15.554257287821795,-7.678265971730562,144,-13.140978766024292,-4.816160719026701,144,-12.34261690227398,-8.112955547182889,144,-15.809800714348487,-9.100254110915252,144,-16.24636786752994,-10.034593660290927,144,-17.05424392741603,-9.800506144188132,144,-17.00844400860692,-7.449883619704728,144,-16.385310662109937,-9.445802136884671,144,-17.24459673603139,-6.963916926145708,144,-15.149911541250596,-7.130190436811442,144,-15.69908254657152,-5.139786941097235,144,-14.810576498497372
50,,0,,,0,,,0,,,0,,,0,,,0,,,0,,,0,,,0,,,0,,,0,,,0,,,0,,,0,,,0,,,0,
51,-10.005540476515629,2,-17.73943147384194,-10.118967019418069,2,-13.41617069246491,-7.218329643412666,2,-16.26414874432062,-7.95029394277151,2,-16.490081961607434,-7.022445586680112,2,-13.449721677357665,-7.192618474715818,2,-14.633418244882996,-7.795646956514361,2,-13.876510734485574,-5.101735460107816,2,-14.819527385619073,-8.068360054864858,2,-17.288860963140557,-7.11769449143013,2,-16.915362106844565,-8.893095270151889,2,-14.524976500023874,-6.098390716661043,2,-17.450410447091926,-12.449064275888542,2,-20.811961500470968,-9.021827390241732,2,-11.228453912327634,-6.340387230045198,2,-13.909440982021835,-7.172101815644439,2,-11.082722819008142
52,,0,,,0,,,0,,,0,,,0,,,0,,,0,,,0,,,0,,,0,,,0,,,0,,,0,,,0,,,0,,,0,
53,-8.639261071559524,23,-16.120437727491495,-7.36509422534937,23,-14.743414201232971,-9.670131496945075,23,-16.282656523385786,-7.267411481632932,23,-14.6674475328109,-6.066473415571176,23,-11.341654801233398,-5.650169185738514,23,-13.618211212688108,-5.194799237537566,23,-13.918129854362531,-5.054508783871228,23,-12.977200034667128,-5.979242006137612,23,-12.31196783182992,-8.486919345725259,23,-11.846911758057146,-8.330864812596028,23,-14.872729015338548,-7.193903620214077,23,-13.853639632300819,-8.536199694717318,23,-14.078846643806244,-6.301795969409038,23,-13.243614633501267,-7.663581669869613,23,-15.023755079077294,-8.146020429598575,23,-12.812768156207753
54,-11.71129832088341,19,-20.15949119488962,-9.318365988771408,19,-16.510678299320396,-8.589383048769415,19,-15.93167264037169,-9.74505593354595,19,-14.996740952773207,-10.14766212316774,19,-13.507198733187336,-8.032642527818505,19,-14.571846153237944,-6.522320240491352,19,-12.652679578771913,-7.908271797834344,19,-12.499462386043644,-6.709646240989154,19,-13.203013074666003,-12.0203431178808,19,-15.145166405491452,-11.574534526175619,19,-18.585495756475964,-9.797456009514184,19,-18.013934442894573,-9.981750822356583,19,-17.452281778114997,-5.47051254874396,19,-14.021814829500007,-10.070218391478251,19,-20.132599893687804,-10.553018533699166,19,-19.277988352399284
55,-12.434107515663147,24,-18.159471992794902,-9.31739442184394,24,-17.125197069277366,-10.636214754863069,24,-19.761777539782848,-12.023804571839015,24,-18.332584912014273,-12.035496633719934,24,-17.684387095586125,-10.767830047661056,24,-16.387204140532674,-8.95219442085603,24,-15.404083782049813,-9.29425581223015,24,-14.41115030308044,-7.073136724081746,24,-11.82695996406663,-10.701533189280756,24,-16.839535314746882,-10.745015660242625,24,-16.423660694717185,-10.690020568677594,24,-15.983850036647418,-9.779134918911973,24,-16.66946821595205,-8.173000545135693,24,-16.348538610749927,-10.56306375104885,24,-19.90360522894788,-9.788423649635986,24,-17.86515713667996
56,-11.293439152005185,34,-17.660149460990176,-7.713295885381434,34,-16.936571203621018,-9.580390051001963,34,-17.04621500780632,-4.745204388537009,34,-10.886988954886593,-5.762724693837516,34,-11.386976279412274,-6.068872839740331,34,-12.246755207311729,-5.771794399184001,34,-14.677534940243358,-8.671294634256174,34,-14.595992331451095,-9.929752451925296,34,-15.518865088719139,-7.888662116503317,34,-14.943152137735813,-9.841724365703683,34,-16.106532041884115,-8.940415822050573,34,-16.578684751115706,-7.1371343386986865,34,-16.740131425280154,-8.514259850332047,34,-14.827439068844706,-8.391463609094714,34,-17.24438436329127,-7.297011504174149,34,-14.827753210073997
57,,0,,,0,,,0,,,0,,,0,,,0,,,0,,,0,,,0,,,0,,,0,,,0,,,0,,,0,,,0,,,0,
58,-8.594298339011736,8,-13.135273393861,-5.709619101890704,8,-12.867648030669613,-5.5992694821324385,8,-11.658027474683571,-6.470362120008957,8,-11.617618769425004,-5.8712943792136105,8,-12.340033313609041,-5.5059643526051865,8,-11.413018275319098,-5.191982905339824,8,-12.72138122580963,-5.150756498354063,8,-11.160375876782986,-6.841465363270672,8,-12.431871209210964,-8.050597189324916,8,-12.033056314664602,-7.867364798730097,8,-12.632809532221426,-6.908202493337685,8,-13.589037504516446,-9.067865914749685,8,-10.386268353965304,-5.165776583213714,8,-11.12629392205326,-8.435728707006957,8,-14.513060443027042,-6.739428912802653,8,-12.828146820620676
59,-8.603204112800189,81,-14.035942471577803,-6.755009341423075,81,-13.153324752890157,-6.913136177943789,81,-12.451879920344286,-6.791238153059224,81,-12.212128921490313,-6.254052037571175,81,-13.44739066768183,-6.212518062303566,81,-12.631333425796152,-5.523830306272178,81,-12.863653946359268,-6.0909598681206845,81,-11.843694349141497,-7.548915359782383,81,-12.295079753663513,-7.150399621812439,81,-12.145309017784667,-7.828881796620024,81,-13.015664886886915,-6.528493551009015,81,-13.818126045003405,-7.865802259929696,81,-12.72008836188537,-6.378297521312545,81,-11.92256038933024,-7.6962226771071105,81,-13.533375994740265,-6.974101480758406,81,-13.545773656653793
60,-8.030131819105584,26,-14.572976069847662,-8.720008374279512,26,-14.009085460082309,-9.94184431950412,26,-14.346897656103831,-6.866629227560218,26,-13.279436549787766,-8.239805208670411,26,-11.621681844834264,-6.890091714092808,26,-12.491615084584193,-7.259919075664007,26,-13.511047723458988,-7.1373609414830455,26,-11.512974072645054,-5.9921950000221536,26,-12.141327677461353,-6.472485695798237,26,-14.458564492354522,-8.84272504735759,26,-15.072344983196277,-6.857165092960549,26,-12.55622211845614,-8.191863884867796,26,-15.955222734613994,-5.212542834286201,26,-11.808104595639435,-9.901715625140664,26,-15.656998702234654,-10.019331751856868,26,-13.11126162699943
61,-10.12923235626116,38,-15.409294998949044,-7.6017245335870935,38,-14.021993685940659,-9.17395081011362,38,-13.513045176951957,-6.455558196445273,38,-12.991971768521966,-7.930411486624019,38,-12.632662751081018,-7.653148277474089,38,-12.1231440243739,-8.05519173848142,38,-13.443937768194745,-5.129175474641387,38,-12.910119079692059,-5.86157619343402,38,-12.00722641508066,-6.433437335222624,38,-14.363127524442449,-8.400763818250702,38,-14.834770246926274,-7.687561845914448,38,-14.053438782757532,-9.034131429585093,38,-15.686037063098814,-6.649918224183025,38,-12.615634849862786,-10.484096257845748,38,-15.973417058373487,-7.237499520505493,38,-15.45237761477869
62,-9.675576612598972,48,-15.221548108335245,-7.837344758601255,48,-14.12862782014326,-9.487552390451334,48,-15.530806155495856,-8.243301544641957,48,-12.503067018595743,-6.794436748804397,48,-13.569326623878004,-6.835667449350025,48,-10.627855850314203,-7.590315239362143,48,-11.524304947523074,-6.332336358506417,48,-13.505833720381187,-7.291042748610304,48,-11.134778605667748,-8.151927513655226,48,-13.714710693669204,-9.916989544027624,48,-13.665683772331265,-7.0734526986864825,48,-14.10916314316742,-8.219078897452848,48,-16.686930858019526,-6.062582978047147,48,-13.579796859154488,-8.434490197128778,48,-17.308716250858808,-9.374110966953227,48,-16.228291081301627
63,-9.36821303442103,76,-18.03842393465218,-10.038701966913838,76,-17.252749440633664,-8.63411855219714,76,-17.500341081752982,-13.372121985213905,76,-17.79261645149408,-8.25046838099605,76,-15.559274141937205,-7.897693018520048,76,-16.667168546896,-7.445181443515562,76,-14.760126690767185,-7.198638334720711,76,-14.076600553944417,-7.468303542911617,76,-12.99128835992706,-7.195181651901521,76,-14.25436227772278,-7.9455268713536995,76,-14.830407032130605,-8.48712989403427,76,-16.224395033022713,-9.696854934355962,76,-16.48634525453531,-6.102945472710103,76,-14.469541891459617,-7.883682563792604,76,-15.921201051065907,-8.222966020658234,76,-15.736846156906994
64,-8.251072046555525,96,-13.708171038504469,-7.955764388217625,96,-13.371841627601741,-7.541325881555058,96,-13.677835334548636,-8.128497408894692,96,-14.079555209425168,-7.067905197551831,96,-12.819704619002454,-6.004990293964113,96,-12.787223025027599,-5.426862717177209,96,-12.008294955594588,-7.316022015782375,96,-12.979569138709653,-6.832660892410268,96,-12.91796298100641,-6.2634655695236425,96,-11.952237868409059,-6.967966295528548,96,-11.80675881602121,-6.831734492335704,96,-13.121805456563777,-7.252033507041757,96,-16.262066097363142,-4.478417164499982,96,-11.894026397226867,-7.839402334145719,96,-15.696823465407274,-6.7620300361240515,96,-14.516099210938414
65,-9.752413314116358,70,-15.65091155129223,-9.147106878612064,70,-16.560198072381535,-9.468845666749841,70,-15.671703151402657,-10.21875376332211,70,-16.17497578091831,-7.822028412163185,70,-15.505220778805867,-6.072506091338994,70,-14.75684773362492,-5.482197938917665,70,-12.12492743229383,-7.413445791153242,70,-14.057210137253339,-6.077486754757265,70,-12.893573308352481,-8.269500646154606,70,-13.722477428596715,-8.05198006447587,70,-14.879302167900768,-8.405586700502024,70,-16.05659935408599,-8.945158625522058,70,-16.798160370831198,-5.167721891983539,70,-13.339442506938294,-9.24954652351426,70,-15.967057939421421,-9.806119467333275,70,-16.93556486723153
66,-10.131935048470279,52,-17.177040650781887,-10.357760051701227,52,-17.528847132839786,-8.345567266753699,52,-17.54674041717426,-11.498940743169863,52,-16.693897271801237,-8.355817629338269,52,-15.428531753137516,-8.310165727597273,52,-14.308247644661336,-6.249967777561437,52,-13.847676535510242,-6.847344687211214,52,-14.668446910271136,-7.828383380691456,52,-15.181317273662202,-9.510258283901322,52,-16.814392765153013,-8.444268917605255,52,-15.627310349103606,-8.09948459514172,52,-16.365791294548444,-9.717440334863635,52,-15.862661791561994,-7.969186513225902,52,-14.248915190043714,-8.608182557953448,52,-17.371004483000185,-10.33853081810445,52,-17.02319657673143
67,-4.049747069696585,90,-9.844081770062662,-3.1977845399619715,90,-10.808504609232683,-3.363014275102427,90,-10.40276798271676,-1.8792208413640563,90,-9.203254383762967,-4.030967557607253,90,-9.196331044679894,-3.576930126890156,90,-9.959988515549338,-3.2266230790763535,90,-10.257629847450819,-2.675735744054278,90,-10.882657594978289,-4.3643226638752655,90,-10.565945948099088,-4.681173182462864,90,-11.602397840969502,-4.4266564699206254,90,-12.282556434179915,-5.027547107170262,90,-11.547118311140174,-6.670472663940098,90,-15.263063590200904,-4.595298622955654,90,-12.086830402437712,-8.082756719079974,90,-15.31319075097901,-6.558386792473753,90,-14.330384889753551
68,-8.82375968126174,51,-14.801295245423375,-7.970574167770873,51,-15.340875077687485,-8.71165149316232,51,-14.870120752286182,-6.664194085543599,51,-12.631668551756363,-5.887536888932016,51,-14.341825382564961,-7.276765116511626,51,-13.113416598222011,-5.743237683943533,51,-11.081248677209372,-5.124357127965475,51,-11.964797178183035,-5.6878108478666025,51,-12.713875641214917,-7.039874450764643,51,-15.076750256500006,-7.711609015776602,51,-12.784673282706027,-7.934477980465759,51,-12.135950432001854,-7.972337908175183,51,-15.624523282190996,-6.676716040753155,51,-12.618519267314376,-8.606261937542477,51,-15.91893219345889,-8.043732392301948,51,-14.419884620657887
69,-6.392091107625593,105,-12.504999320516813,-5.583086657057363,105,-13.172515060010655,-6.796103705129367,105,-13.003148017965703,-5.85915048892581,105,-11.88061667726005,-5.267946172180097,105,-11.780213431110742,-5.820790934037005,105,-12.049492197218385,-4.405853962765251,105,-11.862880090365604,-5.127111030543876,105,-11.588935879933203,-4.54298385103719,105,-11.523488336734676,-6.60350507888422,105,-13.557697221992628,-9.04459202795341,105,-15.49856646690685,-6.8414768540393815,105,-14.459547681323308,-8.98961354440391,105,-16.06324078907494,-7.155542897241427,105,-13.790676347618282,-9.293720099886752,105,-15.562610145215965,-6.754404029343388,105,-14.31831246317489
70,-7.438280956309118,112,-14.177049674140036,-7.726198606916771,112,-13.575859115098423,-7.949124333143857,112,-14.47305053538769,-6.949511683579216,112,-12.208054500452887,-7.5889583013617745,112,-12.351298922920238,-6.172042639793,112,-12.728172198729798,-5.324739253342879,112,-12.086210615611591,-5.386594529219408,112,-9.89407381398375,-5.102254529021942,112,-11.312950668560157,-7.305527057079852,112,-14.194642967159066,-9.69558855606488,112,-16.275890121175184,-8.74786044667675,112,-16.796519936032304,-9.359046537792931,112,-16.353604709190023,-6.874536909403317,112,-13.24175294699659,-9.139300529652024,112,-16.23933659010324,-7.23114741375375,112,-15.388063626186383
71,-8.866842266360525,51,-14.350619873181216,-7.885960083967514,51,-16.39123844079611,-8.51955126465629,51,-15.576812204300914,-7.613159956299123,51,-13.303066912408958,-7.390395851537811,51,-12.641724632494771,-5.920227845055866,51,-13.759242797195055,-5.345461848647038,51,-12.91882075052763,-5.938399723664966,51,-14.15424496514479,-7.408921034582105,51,-13.638882083590149,-7.401280294574039,51,-15.374914581497926,-9.187452055481392,51,-17.56246911040663,-7.853381025094163,51,-15.53416199967707,-9.011755657878815,51,-16.51473512839904,-7.156620359751128,51,-13.554006462856321,-7.835396108770601,51,-15.520458014467593,-9.04615297795408,51,-14.005501162951688
72,-10.57147692444641,41,-15.2517860687249,-8.685051903476651,41,-13.122833102355017,-9.308460606224699,41,-16.094161811038433,-7.456217301300375,41,-12.846701445724749,-7.2114178411988,41,-12.759622239271932,-6.46339549677169,41,-12.325501156286245,-7.204515375639486,41,-13.686948599544387,-7.626323377563792,41,-14.215359777149077,-7.387493944624529,41,-12.224647274146939,-9.185818399530344,41,-14.841200703334627,-9.35529891942506,41,-14.37306209672532,-8.613561245678333,41,-14.047658455664727,-8.662878509005994,41,-15.543108228522332,-8.45055897098239,41,-13.95920906077456,-8.70573585392148,41,-14.634741874242845,-8.707217299583261,41,-15.713548578606973
73,-10.25451157834165,35,-15.58161706476924,-8.73628794144252,35,-14.877201761740526,-10.825470896766834,35,-15.233829896267217,-8.555402448296881,35,-12.781162779847481,-7.938738987238624,35,-12.225050752454914,-7.554749457810082,35,-14.097994855844803,-7.014076389769962,35,-13.011772012912285,-7.654211958051036,35,-13.623754484254437,-8.336281236690109,35,-14.749216613866395,-10.119738415320361,35,-16.485103881652257,-10.252306960570898,35,-16.278514397634645,-10.127641195372215,35,-16.035815683476415,-8.688038790507767,35,-16.38520570137886,-6.677858307632963,35,-13.420733967306159,-8.441100266056047,35,-15.06444255308628,-9.748451003514127,35,-15.477953202164903
74,-6.0512193805960255,91,-14.37608110552118,-5.386833363185212,91,-12.47513305719047,-4.871796317575785,91,-12.966412929006232,-4.792646884563977,91,-11.51232421918698,-4.061905847046316,91,-11.340277506379575,-3.8958925968594187,91,-10.040021015304905,-3.7122593577799714,91,-10.51584870404673,-3.2189435837721634,91,-11.096905413441041,-3.3720332232577785,91,-11.416073967846682,-2.802392265990912,91,-11.179265090708677,-4.854870131395204,91,-11.819713094823305,-2.764272530268497,91,-11.321304655414453,-4.1230693811871975,91,-11.932390517412127,-2.8926328003806563,91,-11.73667970179266,-4.669820833080339,91,-12.365178709974769,-3.0834644987507525,91,-11.790066649148335
75,-8.050715316066828,121,-15.173392958292833,-7.916722916732994,121,-14.549772536017137,-8.489307821091842,121,-14.800728866399869,-6.307097958882327,121,-13.27248968987652,-6.508534033912542,121,-12.864167151523366,-6.5054917913879375,121,-11.696519110976183,-4.494631629478728,121,-12.021677924231323,-6.486787376283986,121,-13.138291609586794,-6.427328466861488,121,-12.97841850422882,-6.895729219582768,121,-13.16214807089812,-6.225438149944498,121,-14.065227407789946,-6.660341187271518,121,-14.260933281843844,-7.219428431576651,121,-15.019714234718215,-5.838317302244401,121,-12.952901060014156,-6.350383231745369,121,-13.30456367976202,-6.690294811214605,121,-14.341236534725365
76,-10.008874102951859,134,-15.931898738204602,-8.00841597856663,134,-13.6052306894938,-8.080917089318609,134,-16.10924329823408,-6.64444039204508,134,-13.415813378665058,-5.773177878973847,134,-12.998746131732311,-6.619523504334948,134,-12.496099249118437,-5.5729811678170105,134,-12.950118331935379,-6.21749836593338,134,-13.603838008108937,-6.9670224232443845,134,-13.041997435754986,-8.598854256901387,134,-13.782354039280001,-8.34584237497914,134,-15.503810219064842,-6.5586598205352376,134,-14.285839457663078,-7.003995611274515,134,-14.224870660228648,-5.67525668828206,134,-11.748698366230192,-7.666866520046235,134,-13.200049879226945,-6.4769045898094015,134,-15.013256749227189
77,-10.585400947321432,95,-16.69562754436878,-9.410275427997018,95,-15.093446864439642,-9.946744761378367,95,-16.351960036991514,-7.987937026767133,95,-13.701902016218153,-8.673370199625568,95,-12.362488045144946,-7.821525753936402,95,-13.300687480605708,-6.1125016292122725,95,-12.906036749615966,-5.637151869106618,95,-16.436418711185688,-6.369267393238475,95,-15.17516875257906,-9.0864407433992,95,-17.951997506894102,-8.141806031541076,95,-18.423239409574062,-7.931595604483799,95,-18.05616077483336,-4.598240998235149,95,-16.944681337465862,-5.158755921434187,95,-14.6216855276652,-5.953457408457617,95,-14.575191168001908,-5.548217505715442,95,-14.67046664253596
78,-9.272532586977789,41,-14.887615130425269,-6.9817420709473055,41,-13.73657907140456,-9.116856622266003,41,-13.516497892298613,-7.0811282591818125,41,-13.300969157333855,-7.154909414095218,41,-14.90791419551603,-8.190406770332384,41,-13.1429664395281,-5.2211292116797345,41,-12.566626532135832,-6.724635398320851,41,-12.653183470248283,-8.206094458600765,41,-12.910686140830395,-8.159294993956937,41,-15.40840052199112,-8.471201787735508,41,-13.70031785647683,-7.014852210176223,41,-14.205450630981527,-5.725592362212897,41,-12.517872482685043,-5.434992168657469,41,-12.742284767499267,-5.515122858028251,41,-12.095442161119973,-5.2915519680501095,41,-12.12512112732939
79,-10.398267396164474,57,-15.901562913253379,-9.247632653358677,57,-15.650385069597446,-9.70979500528661,57,-17.09922594393301,-6.399774572106241,57,-14.278851354128664,-6.969103931410698,57,-13.904444879124316,-7.720984752384345,57,-15.374983812972005,-3.9377227602690534,57,-13.256929071793248,-8.812947965511682,57,-16.250602264821346,-7.561074156647106,57,-13.982105032869585,-9.86689487048775,57,-15.836936291233158,-8.769624865300655,57,-15.155047221199,-7.613273358371813,57,-15.771480851739499,-8.579939722390748,57,-15.770877293726656,-6.4558188743368365,57,-12.386117713943054,-8.473720568531519,57,-16.70982418364229,-7.780913625568235,57,-14.653147779260557
80,-11.77243543154177,139,-18.369051064634515,-11.130449759617509,139,-17.245381656469895,-10.850546825856686,139,-18.741736610905644,-7.201871564719977,139,-15.05958900355651,-6.577996377780995,139,-14.252995505902838,-9.548575835110896,139,-15.552474750788539,-5.211605295877167,139,-12.873358725248076,-10.264692097318623,139,-16.12370114158326,-8.60301800739656,139,-15.54507368008565,-9.590171098933475,139,-16.97387273554894,-11.940146280376727,139,-17.72146571197162,-8.805903710425905,139,-16.26214184303377,-9.8201508791717,139,-17.949739302453278,-6.932257886733315,139,-13.562458926686977,-9.091045611994144,139,-17.192444094672236,-8.575414615496724,139,-16.27460241841837
81,-12.19014070944872,152,-19.52158021371829,-10.872463211536418,152,-17.226277922859023,-11.279502252193733,152,-18.73565244399466,-7.887856418458615,152,-13.997060997890326,-7.901076749098172,152,-13.855669939919908,-10.931449553257382,152,-17.742418519250986,-5.26213754307209,152,-14.661635892956635,-8.182812969030962,152,-13.273966623321884,-7.766604305677721,152,-13.634154336640904,-9.12816541914048,152,-14.800865515726402,-10.486110689043368,152,-17.948986921864545,-9.432403666389998,152,-15.515156722205516,-10.596631444292415,152,-18.541039071513843,-7.992294814185277,152,-15.035042429723795,-9.114578785087456,152,-17.63467349394172,-8.907535398657064,152,-15.873819780289706
82,-9.330892460295896,102,-14.900797485759403,-7.913523196247918,102,-15.456503401624278,-9.350417492905507,102,-15.605348517795845,-6.692538321770157,102,-12.302373774300861,-6.495336774070783,102,-13.375038110310541,-7.890825033418726,102,-13.203022571157554,-5.98569702869114,102,-12.63287211181945,-6.927586935487317,102,-13.346651076954501,-6.782731992000512,102,-13.442241525001947,-9.743825406454457,102,-16.255165084878342,-9.292754851890127,102,-14.556989593246827,-8.906397875494418,102,-14.298790835761473,-10.154876739627731,102,-15.56999011840033,-8.466194403670348,102,-14.38520376822266,-9.945967702765081,102,-15.331000782938508,-9.644159876765965,102,-17.430866173907468
83,-9.634376584624757,48,-15.64819209775574,-9.462959427832473,48,-14.277459473480192,-7.420175986273413,48,-16.49576793759582,-6.777089886105374,48,-13.078986437649489,-6.685110874065262,48,-12.47331499957678,-7.787087580347603,48,-13.974482944992541,-3.7309723724518657,48,-13.217144126759292,-5.193494192172748,48,-14.202634462045713,-7.653926165414636,48,-15.152137316897264,-8.31718650987333,48,-15.465089320277905,-8.492407327185603,48,-14.807863619046131,-7.518720616316776,48,-13.764643255989192,-8.794958909426555,48,-15.558451340864309,-6.668712649890835,48,-13.602702966929742,-8.177164517740824,48,-15.315063290243318,-7.487108321930657,48,-15.660173488180734
84,-10.207762530311182,18,-16.6475292733459,-9.099648187612377,18,-17.394913639062203,-8.834835153187719,18,-16.180700641295893,-8.622821042033541,18,-15.188588901342115,-8.068761013692693,18,-15.225286169162642,-6.15521608298656,18,-15.437807724838418,-5.362588243434766,18,-14.286500634200985,-8.016096031292921,18,-13.434505485517846,-8.909346849548875,18,-13.412604516264594,-9.70965405952237,18,-13.370853353858577,-9.858945795968511,18,-17.29099307965384,-5.052348396640102,18,-14.060572267295493,-9.436477527724481,18,-15.483656399940406,-6.28679528846928,18,-12.593706099565964,-7.611854722455053,18,-15.262944324808478,-7.766269852472453,18,-14.866193731162936
85,-5.997055588971307,131,-12.570955032795279,-5.05065044685745,131,-12.457559234029036,-4.728428704968982,131,-11.947403374115789,-4.08733495316731,131,-10.702460149769266,-4.527796619027752,131,-10.968986182879766,-3.6431225721584375,131,-10.471315702766425,-3.2882948752927623,131,-10.557652099440574,-3.7642989460949803,131,-10.627080351782647,-2.9235926730094124,131,-10.162821706362594,-3.0395167687639306,131,-11.153372776684742,-3.503145696814049,131,-11.230060602609797,-2.2813280937732863,131,-10.419337402146008,-4.053008333615704,131,-10.425181657543074,-2.908035050677886,131,-11.46084153299597,-3.6135666415429286,131,-12.383196177812954,-3.4314084042852215,131,-11.325448418035904
86,-4.480810324226286,271,-10.800817195542294,-3.904944373600568,271,-10.642136164052815,-3.7274711159963108,271,-10.41332792154548,-3.210082524507953,271,-9.496505705048204,-3.404554158337789,271,-10.467258520403483,-3.2183980577325633,271,-9.808758509294188,-3.135136130901121,271,-9.531400721474624,-2.3738002502125015,271,-9.822301850204756,-2.1210214352747387,271,-9.254335284492775,-2.4117180102119384,271,-9.421789311624428,-2.0786962773183735,271,-9.60318809462242,-1.16705615137835,271,-9.122392229069206,-1.8341249147281418,271,-9.655099312767481,-2.4953974617225043,271,-9.661196360907264,-2.5138811133761556,271,-10.234386915468841,-2.11826687853537,271,-10.128225264697516
87,-9.596052485596267,77,-15.98075637478226,-8.432698227446012,77,-14.671168863039668,-9.48862447707196,77,-16.54502162678375,-6.98068069059673,77,-13.012170195432212,-6.496820322153808,77,-12.159342454898773,-6.991158201197568,77,-12.824627199919496,-5.7534798570853205,77,-12.688399222845085,-5.616235818302168,77,-13.187604218123944,-7.572947165334666,77,-14.331413312143638,-8.49670329296438,77,-14.768749116016197,-7.980833514818137,77,-16.073116013027875,-6.4412366925156705,77,-14.265363609697904,-8.475576347422262,77,-13.725873395808176,-5.64735097636587,77,-13.314605706425626,-5.364330927971438,77,-13.071150107513079,-6.483149978396511,77,-13.96182150655197
88,-9.029376230265601,27,-15.634801869095583,-9.71628939538859,27,-14.409402339972058,-9.6430031383224,27,-16.577326044972676,-8.258103382313976,27,-15.353051867318374,-6.05964962615394,27,-14.568263277725233,-6.823469333664006,27,-14.534392420213694,-5.036195667624826,27,-14.121614269050413,-8.70859270878754,27,-14.878140807538422,-8.27216087641775,27,-15.000198105988645,-9.701982486327061,27,-16.669100427715623,-9.049722269139298,27,-16.342024899763317,-7.4553233346740395,27,-13.240511319752269,-9.310165189330302,27,-15.798859158881013,-5.888798305617256,27,-12.55727543151666,-8.755294502004725,27,-15.066894485833389,-8.122362747935542,27,-16.057206518544994
89,-10.127547438011195,78,-14.654832949905241,-8.729924536437219,78,-14.81428318492526,-8.920438704501345,78,-15.152249548338672,-6.368077799166044,78,-12.473869676041653,-7.422209395232928,78,-13.191985009772054,-8.360888139203519,78,-13.314530836340994,-4.063855703293723,78,-13.290992548210737,-7.616048472412378,78,-15.555211852878386,-7.55247445525354,78,-14.584533933955253,-7.928329824317054,78,-16.792348620620782,-9.414366524664906,78,-15.679154657887997,-6.8279861011631295,78,-14.506148695039139,-8.894091703231531,78,-15.52771940017493,-6.447931045607768,78,-13.583142685750296,-8.21001224849954,78,-15.184824681299084,-7.5092632849782435,78,-14.57403929932751
90,-9.688513040812234,36,-14.683448272664577,-8.228244944542503,36,-16.625077451635832,-7.7915915941712015,36,-17.20676327721851,-7.936798277375248,36,-14.832291875778939,-7.404340964824313,36,-14.872511500332205,-7.212566085703735,36,-13.70432367723332,-6.520108793731676,36,-13.776535977622792,-8.450293368758405,36,-13.561470533566602,-6.964993396351815,36,-13.33501781018847,-8.40050356047001,36,-15.655734915800458,-7.428692788546302,36,-14.634295309488154,-5.435017247836521,36,-12.519373347510292,-7.87637170693878,36,-13.053598746097252,-6.051570005466935,36,-12.788497814350537,-7.58541899903649,36,-14.810040136209231,-6.826978189456428,36,-11.966054906837137
91,-9.74655288964552,29,-16.356845098857402,-8.073355593422463,29,-16.23366625527942,-7.972297718700823,29,-15.049407223882705,-7.465747410139193,29,-13.139793743984303,-5.443572993628102,29,-14.34995897707443,-5.340953647601489,29,-12.893754130056045,-6.4213923770886705,29,-14.69905471822456,-6.867884989300803,29,-14.033234075589874,-7.339079590020452,29,-13.66978309209146,-8.00991143587021,29,-14.561934489096238,-8.176222714813923,29,-14.63640262482619,-6.36373730639248,29,-13.174898680684615,-7.598609241782819,29,-13.809023740896844,-4.845406331639706,29,-12.351363588004851,-6.811918702842126,29,-13.799979629156491,-7.365104238961009,29,-12.119021377681795
92,-8.846935123057957,21,-15.009688066526557,-7.341829864417537,21,-15.316684530052813,-8.742487900370449,21,-15.6014869707767,-5.3224724127586365,21,-14.329720947960759,-7.1147971184129135,21,-11.65432973049139,-5.789180953610985,21,-13.963522498467833,-7.574846158328449,21,-14.842101469878763,-6.598847527692431,21,-14.352040056582425,-6.006344941686896,21,-13.674957622428213,-9.572440457255158,21,-14.399839623547834,-8.670172143047811,21,-15.109558354913586,-5.6084276566123,21,-13.116173234256294,-9.40270882223316,21,-13.171549480535711,-7.152454124666653,21,-12.27972510047618,-8.44511497828074,21,-14.023243895138478,-6.322593544327844,21,-13.140171603127138
93,-10.927999782973188,13,-15.005215101370874,-9.972337727379278,13,-17.366298141553816,-8.962548496596245,13,-18.972912159680135,-10.282923267234448,13,-18.076163896379192,-6.699744049881255,13,-13.19284764130165,-7.30330696638293,13,-12.92096617032284,-6.384536706820897,13,-14.478824140169948,-6.733851120135585,13,-14.539186625930867,-9.357295610820561,13,-15.644301356066936,-9.780949767768089,13,-16.55556198785987,-9.315599508539398,13,-15.690477590932819,-6.3257458074426545,13,-12.052986734395887,-10.17894066590877,13,-14.254794223898868,-5.195747265603891,13,-13.394968277385345,-7.416562086177061,13,-13.381848189141966,-6.672718062441687,13,-14.202723341824385
94,-8.953065905036583,29,-13.7413182276865,-8.712107685981174,29,-14.135054615004686,-9.837985529963767,29,-16.584141307613322,-7.746526323946229,29,-15.107410723918724,-7.6896428677390585,29,-13.615676079753207,-7.84911213536204,29,-12.471525485088673,-6.795456267417226,29,-12.186445578280761,-5.524673429672332,29,-13.454253251340365,-8.839714760034113,29,-16.788627892650506,-9.585149453281343,29,-16.38119012499063,-7.768282884769704,29,-16.2337476665315,-7.3150177134479355,29,-13.277677494570595,-7.70748628461793,29,-14.987340153218716,-6.47216429691661,29,-13.834855977313829,-7.150970551022889,29,-14.985748799690114,-7.359470827188892,29,-15.006709387752634
95,-8.088922070505737,25,-14.156457952979814,-7.462798330659654,25,-13.321370338477399,-8.749009494720683,25,-14.734431044417246,-7.463732580471788,25,-12.431156024484126,-8.527234484038607,25,-12.00038237561412,-7.34840291691272,25,-12.194277005353628,-6.309932751181801,25,-11.88925273556714,-6.245857280335382,25,-13.156416152972275,-6.579373904365892,25,-13.022508732056702,-8.628521584366034,25,-12.6152805380484,-7.327452985540352,25,-15.089176349092243,-7.587979527468044,25,-13.565698843830516,-7.22744168670501,25,-13.669438498813085,-5.948453878271645,25,-11.224355200895646,-6.18434497126575,25,-14.817755159945701,-7.318574485266045,25,-14.065254031788054
96,-10.0288437161754,121,-16.50847255940558,-10.093309155710244,121,-14.057908327907855,-9.009027601973685,121,-15.742985938749317,-7.4224759135000085,121,-12.92048166336992,-8.417057158699995,121,-13.158633595092644,-8.597283201399145,121,-14.225804480871675,-7.338062238954279,121,-12.784222575892993,-6.474845538412338,121,-12.027690645447176,-6.812750189367531,121,-12.28879842558229,-8.569044121558766,121,-14.396357379485064,-8.790102592190035,121,-14.997286389303037,-6.943113580801059,121,-14.280464141277953,-9.064606909788926,121,-15.292721922046066,-7.346028820171576,121,-13.500328745823623,-8.260545690667517,121,-14.692867393776211,-9.430170940748784,121,-15.674121372232527
97,-9.939423296945177,57,-15.21944297131963,-7.304313975448412,57,-13.371336757072076,-9.041348193990506,57,-14.467708103695045,-7.434126157862496,57,-13.145106837866647,-7.004775625788238,57,-12.84612658549938,-6.854432935551693,57,-13.545838433734424,-6.363294797266743,57,-12.740432397871697,-4.99619383921616,57,-13.51583963387068,-6.463331921470212,57,-14.155555982859674,-9.19447300663683,57,-14.736366774194288,-8.126239052543514,57,-14.481823788303458,-7.828792379527324,57,-14.192961143218717,-8.128619749425862,57,-15.430129834780221,-7.39796008709873,57,-13.243916377277449,-8.505919008066872,57,-14.491941832877002,-7.234099728257316,57,-14.848529978200855
98,-6.397604299189865,22,-13.677496541074774,-6.6018179702885424,22,-13.731735542318713,-11.295319300169325,22,-17.406829865178718,-7.893916344573109,22,-14.217313974051056,-8.601057137537577,22,-15.585667070066997,-8.106981537060662,22,-13.497543696599353,-5.080113382785438,22,-14.076022124320108,-1.524977464503978,22,-14.067527461338901,-6.102200111865017,22,-15.286472396364987,-10.553867751069587,22,-17.216607096228355,-8.1677702020248,22,-17.183931320058143,-9.133013968179721,22,-14.865288704196526,-8.213265117591973,22,-18.06996694825185,-3.774051904553848,22,-12.48871211979572,-7.363329371935637,22,-15.451749894815132,-5.350456699525095,22,-13.990570023138979
99,-10.30240332391378,8,-16.604547170074714,-8.052254328765969,8,-14.847224295121674,-11.828398931120997,8,-15.617036629040815,-5.94078384306397,8,-13.120214549402665,-7.531444639283143,8,-16.012383855206505,-7.69761603213592,8,-13.83212516179303,-5.48441159922605,8,-12.447551201518115,-6.393854615497129,8,-14.444873279894475,-9.271329253462175,8,-14.632108072330938,-13.124495209328854,8,-15.875925260440972,-7.505681432259302,8,-17.78684701007826,-6.587731699913232,8,-13.27254131713438,-6.902255289853958,8,-15.48197923686952,-5.4047815125940835,8,-12.05999930632239,-5.426356989808902,8,-12.431505085552168,-7.910190169822721,8,-15.775093764620376
100,-9.98459941471479,109,-17.331588109277092,-8.177309431837472,109,-14.17294270211731,-10.018350880437655,109,-15.780716719687373,-7.76898767644688,109,-13.24098657764576,-6.93999835901291,109,-12.904184675671376,-7.629270940742493,109,-12.367342085534014,-6.28670765174466,109,-13.087843186584449,-6.7903397818480515,109,-12.391591707827862,-7.529395570256167,109,-12.553295188464206,-10.853050584099059,109,-17.00765499723439,-10.295978826158525,109,-17.30756679922109,-8.830586049368009,109,-15.70735581718833,-10.125869623434944,109,-16.54277823459927,-7.316917042078339,109,-13.774178596019219,-10.38997461675364,109,-18.05298730857482,-8.965465171080178,109,-16.4609431430806
101,-9.261124471899038,87,-16.26404895727186,-7.601077049697854,87,-14.946167016810348,-9.298851055633605,87,-16.075565297075517,-8.944053987848868,87,-13.925366366076277,-7.742610937643666,87,-14.587931837749712,-6.882535524455022,87,-14.190862241910908,-6.403903059602736,87,-13.061336521936155,-6.609887918713779,87,-12.465485650138366,-6.823501858249794,87,-12.639109618456763,-9.124321772718588,87,-14.260656878802688,-8.310848157886015,87,-15.492676664113992,-7.528680379024286,87,-14.209985648163805,-7.660370181588912,87,-13.866797254998753,-5.9503566462401665,87,-13.31820088515901,-8.0864674432176,87,-14.577351306711163,-8.84838450139745,87,-14.73713189030703
102,-10.606994573577884,90,-17.377623703450467,-9.078481541129232,90,-15.35727937404326,-8.165387465542967,90,-15.764562564289282,-8.290037693604308,90,-14.589008402111624,-6.992730445375851,90,-13.428678084266918,-7.78989235346091,90,-13.657438287203272,-8.224287668803726,90,-13.477182865088311,-5.976519002074662,90,-13.311019462828632,-5.883255998780531,90,-13.693090091743663,-9.284502522908092,90,-14.14964941777207,-7.595896863092352,90,-14.75635511495672,-6.063079098886622,90,-13.112599859356903,-6.871144943172749,90,-13.790972302377902,-6.2314118753648255,90,-12.923087122556856,-7.119976214812822,90,-13.824981156482181,-8.09625871929349,90,-14.323391637795746
103,-10.190397762024826,75,-17.633830943259856,-9.007177161767778,75,-17.89369300796218,-9.4206143705277,75,-18.314278089385624,-8.959580459526165,75,-16.35608595712094,-8.598384308499107,75,-16.20730284397578,-7.152531343848723,75,-14.177894848125487,-4.138073411519834,75,-13.411795445794812,-3.9923569630088016,75,-11.024424308779334,-3.766600990083936,75,-11.744069952640006,-4.30261281596268,75,-11.805669772211836,-3.3204333832250272,75,-11.281080312699011,-1.7963097246638884,75,-8.848076594711126,-4.180821968876936,75,-9.469796008215008,-1.037185562652253,75,-9.458248480205308,-2.3463712634854033,75,-9.138649603797903,-1.356576198986997,75,-9.063731657324837
104,-9.045883425014619,123,-15.82718659759103,-6.92182539397765,123,-16.594506313707836,-9.820458831955799,123,-17.543046257906166,-7.943738637121735,123,-14.886523504824662,-6.945192285075635,123,-13.624531636820102,-7.12576227978769,123,-13.080940864031787,-6.394829476342912,123,-13.655277242510632,-6.473493183542588,123,-13.058724442827172,-7.837910318093622,123,-14.544803851109036,-10.609480881255527,123,-15.779212868153758,-9.372238601690965,123,-16.246602337104246,-7.83406646572515,123,-13.880134847784603,-7.8267884762860405,123,-15.328296730752708,-5.912303007818501,123,-12.394139149968684,-6.614270956700224,123,-15.477748237913167,-6.300255677461777,123,-13.596346417028842
105,-4.9311548703249946,84,-10.669524302747934,-4.74377532715791,84,-11.374188513886242,-5.183790349234512,84,-11.069791146498309,-4.32568227253771,84,-9.483001620600316,-3.5727974556579714,84,-10.375638876166985,-4.068281874995909,84,-10.563026522836994,-3.88819390243202,84,-11.055978382672338,-4.923571391047945,84,-10.862943639726977,-4.339145465069588,84,-9.945382488223826,-3.657720371718886,84,-11.877018224523908,-5.910932922384193,84,-13.724590473795217,-4.953557568521926,84,-11.61087974550194,-5.146069762625077,84,-11.835695542016179,-4.406327622531695,84,-10.859981571780445,-4.409712945324939,84,-11.8132650558639,-3.5611870090094526,84,-11.577589639209735
106,-3.3296212580551074,123,-11.101671999696048,-4.021004730833918,123,-9.972700466248227,-3.6817221914542038,123,-10.317911828049608,-1.9166889869650414,123,-8.82283634269387,-2.9301035321622,123,-10.098909110134109,-2.075563053956434,123,-9.012846093163967,-2.5593106184448873,123,-9.184535761518749,-1.594759803203483,123,-9.851834825945863,-2.067138420606556,123,-9.193750289213211,-2.3729187174277024,123,-9.606481806270962,-2.7346016103645403,123,-9.345617760763341,-1.1193004392045796,123,-9.456146104519638,-1.6397600093295335,123,-10.022462195802015,-1.7571223609946953,123,-10.201925325245135,-2.31202128975816,123,-9.706733170542046,-2.769088856893178,123,-10.920787517408497
107,-8.277984363636726,36,-15.219062031362501,-8.311087615847248,36,-14.376516449778805,-11.030093273730987,36,-15.974903130034022,-7.971646608475275,36,-13.918096758250545,-7.9990878856371985,36,-14.16847693650579,-7.676998556531513,36,-12.932276033803555,-7.529386406212951,36,-12.35178463876066,-7.32376838656913,36,-13.893860087468877,-8.663431220746812,36,-12.65028805433092,-9.199541822062473,36,-14.470812413843339,-8.420144527847608,36,-13.99835682215987,-8.358675210382629,36,-14.433545291734568,-9.224118925621752,36,-15.692972077336574,-7.6819585081887745,36,-14.892455783423802,-10.112035639011774,36,-15.352986064491752,-9.030771703909975,36,-15.041156970052826
108,-4.2452046681263935,144,-11.78217654764856,-4.277000072093464,144,-11.55548062770623,-4.071695671146511,144,-10.970444334828288,-2.8604540404386003,144,-9.495069023885616,-3.566889056313039,144,-10.383770312167847,-2.6328370742343776,144,-9.951241054110646,-2.2556179504680114,144,-10.004952079966888,-2.4978745502356734,144,-10.608806204380596,-2.8194579106558075,144,-9.510447507406067,-2.2153391156880256,144,-9.803204209064397,-1.8985601038921416,144,-10.094756082928624,-2.021020382051682,144,-10.029499213628197,-3.465229305507706,144,-10.987155833729265,-2.527790234254363,144,-11.053884757266983,-3.637320792960261,144,-11.224413383012886,-3.532190755727327,144,-11.95598130073317
109,-6.949460428605807,40,-13.460230158885098,-5.03666717524513,40,-12.938444706424999,-5.717931503936448,40,-12.685420436255733,-4.667510987198063,40,-11.734925989397988,-5.631065886904682,40,-12.815551286814017,-5.635428145547419,40,-12.848246277969011,-3.4134928387280734,40,-12.78206665786489,-4.249381219824721,40,-13.073353351753553,-4.357585905270724,40,-11.60678323490436,-4.464374858064061,40,-13.150728701905264,-5.099972926083578,40,-12.573844156382975,-3.4201362911044484,40,-12.244741663263968,-4.399700266693797,40,-12.464156315507136,-4.527204353890407,40,-12.52599437139425,-4.94442147371728,40,-11.902044797983692,-5.5395965557725635,40,-13.236945922752714
110,-4.615596459353474,93,-11.582681223381346,-4.130881992073741,93,-11.624193482579274,-3.82269184826377,93,-11.998853079286778,-3.9153443008305198,93,-10.564274615159256,-4.434829176642095,93,-9.501887907320747,-4.444475404296623,93,-11.361725580222009,-4.065168164396119,93,-10.396662989235246,-2.168723523086401,93,-10.697784565232759,-2.8840749283155755,93,-10.651219116769768,-3.2751777816143046,93,-11.190275219093682,-4.590074048149116,93,-11.642579063393088,-3.885507065986581,93,-11.804729495049017,-4.480530467297157,93,-11.485859207573728,-3.346253685760155,93,-10.733231697473906,-3.808730605714671,93,-11.489286908842459,-4.091347039681897,93,-12.876954377657732
111,-9.784084865162097,175,-16.864046857172003,-9.09679920994654,175,-16.20783702836738,-9.275425249677982,175,-16.31175218420961,-8.978477016162188,175,-14.520189435584399,-8.443920529558397,175,-14.404959505302106,-8.401791034555098,175,-15.281812423403547,-5.6805494383952855,175,-13.587564733807099,-4.039453555658107,175,-14.575494315866667,-7.6719060107813295,175,-14.97326348000821,-7.593802127737193,175,-16.08067134979085,-5.162412068819765,175,-14.366517261471987,-5.2079180978019055,175,-12.99960366737795,-5.994798560157681,175,-12.090090910236412,-4.631028819991325,175,-12.142294194675209,-5.630868861809157,175,-12.550377660044582,-6.120239306236881,175,-13.04126225317598
112,-9.645335017572807,42,-18.421108278459673,-7.52067194950177,42,-17.580027668484977,-9.80090717917455,42,-15.844890085889237,-6.769165028969515,42,-14.032175285304248,-9.026186836794963,42,-13.098436689118122,-8.959424891910883,42,-13.077006335952339,-7.271732648357673,42,-13.16022661821278,-5.728481765594495,42,-12.609546939521216,-7.462644182175298,42,-13.534051387753177,-8.924287520000519,42,-16.416708448496983,-8.446923451293918,42,-16.98751896717686,-7.734155687908537,42,-17.316892463805843,-8.380445221411298,42,-17.00293926578795,-6.1652521914103,42,-13.456705897557129,-8.943498199893504,42,-16.397061475235216,-9.124106517839808,42,-17.279080823403852
113,-7.4828333796472615,46,-15.345256785579624,-6.981066857307284,46,-14.493821836085974,-7.847926262854333,46,-14.76520865637028,-5.746169139540658,46,-12.417428048098792,-5.1131617042424,46,-12.433791260147181,-5.76632692624277,46,-11.764038723670893,-5.26039522373215,46,-12.626795896893277,-5.659881608976265,46,-12.732761180721575,-6.151092154702028,46,-14.147992768974518,-6.645659741621378,46,-14.427684149629878,-7.492159547506809,46,-12.83923852603248,-6.0720882633439635,46,-13.368131384787159,-6.73379303675846,46,-14.207149722097896,-6.094834963355494,46,-13.361929889368984,-6.73754312653426,46,-16.506811785871662,-8.463101099728581,46,-15.63236857749711
114,-10.751176888761611,274,-18.39892839269845,-9.115039831284237,274,-18.556367205909773,-9.156150198413398,274,-17.162355357585554,-7.64068548188841,274,-17.071126367375978,-8.829896962441415,274,-16.915796282632627,-8.437894289545131,274,-15.144651206100296,-5.067429580692437,274,-14.179941580408295,-8.608049609473795,274,-14.798737883280742,-10.517792899398044,274,-15.775493339560494,-9.647868768806953,274,-16.08979869545431,-9.918221144390934,274,-16.423814440833247,-7.6201616044492395,274,-15.51267904437702,-9.010672381450807,274,-16.27348908700339,-6.409408536899864,274,-13.79334112224019,-7.239401550352048,274,-15.250228207285668,-7.568606379952026,274,-13.713287196243481
115,-9.340581151573254,116,-15.406601403862037,-9.618718720166001,116,-15.753737890886843,-8.705586478223603,116,-16.033790844478865,-7.118550861156403,116,-14.028848845959978,-6.781109352040322,116,-12.904220231799446,-8.205739638188202,116,-14.16686702880863,-7.415358870855275,116,-13.67848828939964,-5.748046507751525,116,-11.743599614507037,-6.181303308627034,116,-11.401186726014114,-7.548472192945158,116,-12.400740982968033,-7.326511977812775,116,-13.404031619989729,-7.410196095889486,116,-12.281880004434502,-8.412040951464665,116,-14.771073456068661,-6.021956374657421,116,-13.429767058085982,-7.783255600193192,116,-15.773217563406202,-8.343003322006771,116,-15.822154293024873
116,-8.980114367285184,145,-15.87316748518852,-8.193410335701532,145,-16.032714938683952,-8.628251503688565,145,-16.133562293550057,-5.954708410528341,145,-14.610570864116209,-7.701149604288889,145,-15.923670609319775,-6.690851014055755,145,-14.254758034161366,-6.299382834055514,145,-13.583485271396734,-7.05450629617537,145,-14.857164457533187,-9.172140214965065,145,-14.829765274943046,-8.038689193754966,145,-15.147235777300168,-9.135634732446736,145,-15.41388755957357,-7.325252158318132,145,-14.54780411730348,-8.141996735753699,145,-14.541615165381556,-6.492936235180072,145,-13.19118360131544,-7.362108773172774,145,-14.698133642791571,-6.233817052107543,145,-13.26704130917898
117,-5.684543200733939,56,-12.338258195041114,-3.1432522201765867,56,-11.26834932353262,-5.069227507185813,56,-10.780459683788855,-3.785692336709677,56,-11.746901471600333,-3.968345220514941,56,-10.595760444658174,-4.606447504879051,56,-10.860360408637248,-2.819786803719764,56,-11.919013009446381,-3.0568826132805196,56,-12.069980423778741,-4.090719326226663,56,-11.061096768642493,-3.943130549563956,56,-11.914073475008824,-5.963050479570978,56,-13.452878327580521,-5.0381354059660035,56,-14.146709190730329,-8.907356980415956,56,-17.172605720221558,-6.751671564179956,56,-12.687255110900097,-9.125778841456022,56,-15.18659316223065,-8.450801632897848,56,-15.697867033334203
118,-8.318261704360847,98,-15.297335936354152,-7.618190870631344,98,-17.025749319588186,-8.527343283871216,98,-16.768436733753035,-6.789337773422847,98,-12.860019569639007,-5.894390271590213,98,-12.128388417602814,-6.198272042244427,98,-11.538055750493214,-6.08787819360853,98,-12.610495882475227,-6.626728777923486,98,-14.838951307870287,-7.889016929594815,98,-13.715276487331678,-8.094345231726965,98,-15.464972436786324,-9.633424285720249,98,-15.660760827701047,-7.799506976179519,98,-15.765991821581594,-9.33523795483983,98,-16.018330239848733,-7.539217891795467,98,-14.551546254709276,-9.567572330409478,98,-13.722585148708205,-9.589663882477385,98,-15.206669414551161
119,-1.993002756011438,63,-8.990205334134007,-2.428601467800226,63,-8.172427434767753,-1.9428013401039532,63,-9.657845005393854,-2.72870271535386,63,-8.698991870848067,-2.1278288261140696,63,-8.05624601381523,-1.8543897578825805,63,-8.728906568869268,-2.9769876176395016,63,-8.48373940825631,-2.669676326364246,63,-9.709566151566825,-2.745238180740184,63,-9.178727892984437,-3.752291167098206,63,-9.949051626409451,-3.06551418464264,63,-10.302615695182254,-5.559570656822573,63,-13.308365285962868,-7.390577660301817,63,-15.868634326511673,-6.287723898935859,63,-14.026295517909057,-7.4938223828220085,63,-15.379373581231723,-7.263160884034107,63,-15.283603380558715
120,-6.09194523856548,108,-13.67518966050807,-7.2699413284166745,108,-14.473786410577913,-5.4567464278485955,108,-13.37335272441354,-5.814547212315961,108,-12.040982571420818,-6.382727711437417,108,-12.737716124684761,-6.163365541418684,108,-13.97653673570039,-5.229056484657102,108,-13.176791771621456,-6.082576541215859,108,-13.537771279664685,-5.895794629199582,108,-13.929720078603546,-6.147004834985941,108,-13.483940579664742,-6.654734129824009,108,-13.704297270509064,-5.23516519914828,108,-12.763156974260454,-6.312703738776446,108,-14.586618390520055,-4.208018968496884,108,-11.772446495224543,-5.571635914522321,108,-12.83988246991563,-3.5300624967168286,108,-12.087335153298941
121,-5.057804417597055,133,-12.098391382425266,-3.9212190431247693,133,-10.389637672553922,-4.475086219577164,133,-10.89051329495642,-3.6781460036667415,133,-9.94709554185693,-3.6080857799372117,133,-10.821539380872675,-4.105532683185577,133,-10.982422861175316,-4.017494443992506,133,-10.1523151146325,-4.3782564198837495,133,-10.792944343227159,-4.683265869211712,133,-11.33813278375735,-6.167144806561025,133,-13.314014344847427,-6.1682472473903776,133,-12.112598133035382,-4.41825305109224,133,-12.59249267022275,-4.854201226347216,133,-13.536633727345617,-4.619881137114035,133,-11.83561006476042,-4.237836350466202,133,-11.933898389202254,-3.5816670531124553,133,-12.133468347446119
122,-10.204243601842023,87,-17.33544175623276,-8.601287714896438,87,-17.909669338139476,-9.988083446039674,87,-17.119268433194815,-9.938490319242456,87,-15.67028397801581,-9.351837363891955,87,-16.506302180721374,-9.55767311023762,87,-16.887558746602057,-8.147448910591992,87,-15.493342775882555,-7.7503392671404105,87,-14.958463023420931,-9.383395815396932,87,-17.00563129906533,-10.711200155686509,87,-15.686068658915636,-9.242688868779771,87,-15.31487436798656,-6.524919649200346,87,-16.278514768973444,-7.697715361547556,87,-15.825950108581438,-5.82169432853116,87,-12.871102773482017,-5.937810395140119,87,-13.94258304249172,-5.61397518753652,87,-12.895324747064283
123,-9.629993110861555,62,-16.131920582997314,-10.152726624998367,62,-14.963956776647422,-10.179451431735092,62,-17.089320871601657,-9.766895923463933,62,-15.343095053597679,-8.097797318768441,62,-14.437849257573172,-8.697856474757659,62,-15.292642477338983,-8.96329679033031,62,-15.193607537750518,-7.638734381180972,62,-14.016838226175246,-9.247426715817365,62,-13.89108688605996,-8.435860812009466,62,-14.903129376950277,-7.683508922272237,62,-14.98667105326221,-7.9121090923091755,62,-13.997009687428381,-7.064355601334614,62,-13.770409074619323,-6.297756955002245,62,-11.75526458600087,-7.242590675003459,62,-14.169513859625473,-6.581925455200633,62,-12.651929740785446
124,-8.834425549992185,77,-14.15896704104793,-8.805558238146073,77,-15.352532918531539,-10.52603630911393,77,-17.35230415461555,-6.531914018755327,77,-14.844944992618338,-7.524056383151399,77,-14.98552118723099,-7.213024736650294,77,-14.77161951427712,-5.878573733954364,77,-13.675529199499412,-7.148315265983608,77,-16.177684003872894,-8.14243277987315,77,-15.461741778643312,-8.709441876344613,77,-15.260297146103552,-8.516367220493356,77,-15.221518443262756,-6.058535937380009,77,-15.438130392665695,-7.290578508451033,77,-15.395945738042041,-5.689256211773316,77,-13.38364378921389,-7.011913111261028,77,-14.437965076435752,-7.430554898183611,77,-14.341394220487162
125,-9.457930633029195,106,-16.586077627097623,-8.4541252015887,106,-15.890409266224268,-9.280775054136335,106,-16.72901556913097,-6.474096728814553,106,-12.257962535900216,-6.405523031563677,106,-12.8231322965211,-6.56136348312017,106,-12.904812748292617,-4.724875598223721,106,-12.871919527011393,-6.791603658385713,106,-14.513874029586578,-8.795038330842322,106,-13.97865688195543,-10.73301568514253,106,-16.38363730227133,-8.506870713839563,106,-15.555373813267884,-7.430574766898413,106,-16.99752261642779,-8.859902336457898,106,-15.04039197562506,-6.121213696553566,106,-13.167218531884195,-7.775823804805197,106,-15.497024101958871,-8.494973354580642,106,-14.719382891560537
126,-9.821386746178959,72,-15.922107065573863,-11.209866095749062,72,-15.685173747174161,-10.465572027305434,72,-16.930077877124845,-7.034128358518537,72,-13.352631527305377,-6.922894062634505,72,-12.205218247247924,-8.394344515620357,72,-11.926877203249635,-7.732686303962736,72,-11.728548129833598,-6.731068343287764,72,-14.104710366760266,-8.453404626132576,72,-14.648139703435296,-9.93315494348247,72,-15.960104775309299,-9.54093701943341,72,-16.061135282059343,-7.300277480002025,72,-12.132787144904514,-8.673616291512197,72,-14.891735132701465,-7.9054487013790755,72,-13.646322775441146,-9.819913015980578,72,-14.856325289988748,-9.565324991505276,72,-16.20110208261415
127,-8.45267665982008,49,-13.789764123633379,-7.768093371096304,49,-13.957457875968677,-8.835365076444754,49,-15.108948253762996,-5.388487254802175,49,-13.13565380474065,-6.493636522316489,49,-12.534153935156132,-7.043728193636632,49,-12.97151912896263,-6.773610468085601,49,-10.966039386337968,-7.588830867012193,49,-12.462271562836527,-6.008757947107491,49,-12.55354044675849,-6.7528157314170905,49,-12.484163690751696,-8.292728548015848,49,-13.315250743292848,-7.226085398437144,49,-12.882284770062824,-7.120427766291449,49,-13.11219198657082,-6.34791213805879,49,-12.740554850047134,-8.592318382197206,49,-13.547222099481706,-8.358642155694913,49,-12.455156049041584
128,-10.236990571032754,24,-17.021914821348552,-10.25061054324915,24,-15.374442779581512,-10.748760037357146,24,-17.40843164851133,-7.884314094719556,24,-16.6905621584856,-8.506990466996095,24,-15.0119299701012,-8.84482929093523,24,-13.117182811290789,-6.166883810811637,24,-16.741137902537005,-7.161369230450068,24,-15.852851058168834,-9.199798937389241,24,-15.179569286013745,-7.61603299884872,24,-15.550504988514346,-6.849343193530679,24,-15.764415674719983,-7.601577245413139,24,-16.149860670724628,-8.015339161741462,24,-16.730531915844875,-6.0422674881087275,24,-14.349003015915425,-4.510935393434544,24,-13.46957166056944,-8.177017025522055,24,-15.342933491215003
129,-10.19191720625533,27,-17.370477589586063,-6.526648780567869,27,-12.415338805637397,-9.949689953479409,27,-17.31276187403254,-10.073868434753027,27,-16.735158004188225,-8.90375622089168,27,-16.623728134673996,-9.398312302367243,27,-14.258660717083298,-6.310656912451497,27,-15.636758384910427,-6.130876732755856,27,-13.022014913379206,-7.2256969343909745,27,-12.38451787545555,-9.222375329343025,27,-17.018445390701686,-8.92612532187121,27,-18.430110436712766,-7.6691762995879955,27,-15.708475806321134,-10.339699737231719,27,-16.746047386923024,-8.016258831781482,27,-16.198802907056045,-9.488713298370996,27,-18.69296187392763,-8.962080731276526,27,-18.834051447218854
130,-9.29637118498463,114,-14.776102791846405,-7.482490954814014,114,-13.06924057966928,-10.403358595725898,114,-15.347699038837415,-7.828254141002534,114,-14.120190779526974,-8.721774054940763,114,-13.922492605487422,-6.561004468864216,114,-13.14481280067296,-5.556762867899051,114,-13.326460652997419,-6.32053815516061,114,-12.310520112893519,-7.313631566689075,114,-11.974840141538783,-9.66203349996925,114,-14.66413471104847,-8.707721507349689,114,-16.40087054974826,-6.761238908616962,114,-12.95492771131433,-9.102529967577782,114,-16.25831240221793,-7.262896426208647,114,-14.010633752712867,-10.243723619542918,114,-15.20992770242098,-8.906789963327403,114,-15.714509846174845
131,-9.935606123953301,36,-15.007119736975888,-6.6705786721006675,36,-12.568078292971297,-8.195280560309847,36,-14.546382124785776,-7.096571879162213,36,-13.400747319027923,-6.95853907799536,36,-13.052664475237652,-7.241850591195372,36,-13.33269510304952,-6.752523537989463,36,-14.599774449339627,-5.362101357985907,36,-14.789695834574413,-7.060021039281381,36,-13.84974796848734,-9.391570317068163,36,-14.886331990410433,-7.818147790645589,36,-14.053919238183084,-8.096924533094441,36,-12.819685484131234,-7.507536868011902,36,-13.52832490879245,-7.182077033304285,36,-13.170466324176198,-8.24301365945981,36,-12.293919524020428,-8.063057479543698,36,-14.69424853185294
132,-9.568806149505228,22,-16.587793650722695,-5.7304419672473115,22,-13.111902741271184,-9.49817086290407,22,-15.504719738997679,-7.141641366470384,22,-14.592663327559617,-7.186325523426094,22,-15.779835018393754,-7.2545290053773535,22,-14.963157804587501,-2.7473159293724536,22,-14.66856418128853,-6.8947768958867055,22,-15.162062214781384,-7.396467603603756,22,-13.095711565752081,-8.739907244381778,22,-14.929359174525128,-8.847164392828981,22,-15.82625886389722,-7.047807894404717,22,-16.07223132283799,-7.863160603811137,22,-14.793594347688344,-6.6646640187248085,22,-14.140420372922513,-6.651235608910387,22,-14.888628267805522,-7.360175561502153,22,-11.515584438130968
133,-10.101088011943965,27,-17.047340058764174,-8.396648536495782,27,-14.23957465290588,-9.487648674126575,27,-15.039657017147107,-7.744157014766077,27,-16.04645264823312,-5.667307055156745,27,-14.575747030394945,-7.172759419582503,27,-13.745033205130138,-6.764442131672136,27,-12.345501647620312,-7.4508863714301174,27,-13.424219339347648,-8.999622423037671,27,-14.568770115011,-9.879304631709843,27,-15.2427970886663,-8.33782049980506,27,-15.089913792180816,-7.580599697124971,27,-13.600394972244503,-8.859597398733332,27,-14.906108370636893,-7.248145276129545,27,-12.260599723404981,-8.47673556802161,27,-17.106834424097464,-10.069618045763091,27,-16.520559845242552
134,-9.675921873447672,55,-14.385355269199902,-7.078010015405529,55,-12.775041453587137,-8.387574765365658,55,-15.40915825114176,-7.050783876404011,55,-12.105824105859861,-7.425773904423353,55,-12.86233866504289,-7.457135881040886,55,-12.196996158900397,-6.6303243445123385,55,-13.695703785684355,-6.668886872585576,55,-13.380575662168281,-7.813655127999999,55,-11.604024078291337,-8.074102156175305,55,-13.02772561735586,-8.78387697913173,55,-14.243166247397026,-7.5991603402641426,55,-13.15492711564704,-8.06650375062942,55,-14.721623507302848,-6.175296966331754,55,-12.965025112763872,-6.593114939970215,55,-12.094126176914175,-7.681246286674918,55,-14.798018902536098
135,-8.913052867708398,234,-15.231334476996047,-8.232482932843721,234,-13.820421461264687,-8.889602334400031,234,-15.366226106263925,-7.382438937764375,234,-13.932369982685879,-7.756164302600986,234,-13.464044089816177,-7.404370698317647,234,-13.146540031048312,-5.02527691578047,234,-12.256259770139033,-6.635773571594367,234,-12.941002196109812,-7.542381812929266,234,-14.27308381910751,-8.485398841221453,234,-15.327988517443154,-8.504637673394264,234,-14.800420626856216,-7.770272098282399,234,-14.071493524256136,-7.882103605933707,234,-14.100851770291458,-7.12702205478891,234,-12.764371851481611,-8.607754880574877,234,-14.759853358020138,-8.179079556820529,234,-13.666003850143154
136,-7.556948797347469,72,-15.926573590022027,-6.63119288122698,72,-14.663829424126178,-7.795660470587547,72,-13.73144834888182,-6.7706461744444795,72,-12.637264133079157,-7.666448374453446,72,-12.190156775462132,-6.32104954144846,72,-13.488665497165755,-4.367094112285429,72,-12.78009527464911,-4.669084371210335,72,-11.314413290151496,-2.3594204896088784,72,-11.03424296757293,-5.323671849793269,72,-11.500073097320325,-4.21689315346574,72,-11.437709780158897,-4.01588316499655,72,-11.31808837642314,-3.99233221174855,72,-11.363208397260676,-2.644707742506747,72,-11.574157203000453,-3.9590914713267296,72,-11.773455964455886,-2.5505125245958578,72,-12.364990456622134
137,-9.361547058196503,177,-17.317613092102608,-8.48438905333634,177,-17.085636451043644,-10.454912265868092,177,-17.53090424811399,-8.256699822145618,177,-15.78480833824109,-8.035460833199062,177,-15.621205941515816,-9.161245330284762,177,-17.23800072696153,-8.921005815567018,177,-16.235127745152013,-6.6967630375609035,177,-14.846222474323694,-5.18717178269965,177,-13.333195523302383,-5.195146362666887,177,-14.174998246223542,-5.196734568233551,177,-12.417674079820474,-2.909970824312854,177,-11.039863292999783,-4.344321628939452,177,-11.987447303094058,-3.5890217878500454,177,-11.003250710552956,-1.9443798152732223,177,-10.361497466070857,-2.94854074793718,177,-9.70486992755646
138,-7.437963203479832,83,-16.438233528088073,-7.7735004107585866,83,-14.521651292970008,-6.879167804669128,83,-14.488166761493579,-4.639925458311524,83,-14.14284844200825,-5.98059050663884,83,-14.79725528578092,-7.954743162647773,83,-15.297485181003825,-7.2811241504934365,83,-15.646605204925535,-4.96545934919877,83,-13.791747509174328,-4.388095508255125,83,-11.622570794351613,-6.62215925112942,83,-13.342542818471557,-5.096692295103454,83,-13.029898906705743,-3.8487404393612157,83,-10.742725578173168,-5.276148869004416,83,-11.983673609821855,-3.739317026418914,83,-10.643411030865979,-2.8636309912250018,83,-9.867159927480367,-3.285037699315199,83,-11.49570149515618
139,-9.366619401251222,102,-18.231558031538796,-9.217679978663352,102,-20.06216803792531,-10.40040438227511,102,-17.895519702435802,-6.669369106435571,102,-12.66440838342449,-5.998588671687975,102,-12.912867248927702,-9.193736213744184,102,-16.92525531288514,-7.142766929041313,102,-15.42028042989754,-8.870855330155113,102,-16.67836471943078,-7.2226377353509195,102,-14.911019423219338,-7.999374670151818,102,-16.063886022452568,-5.842262238399246,102,-14.246396828438556,-4.908090918982793,102,-13.572425579889636,-6.241184896793374,102,-13.646698347385236,-5.934470593669326,102,-12.700182256233495,-6.078658274917288,102,-13.680638059118218,-5.103296382648778,102,-14.864199388653631
140,-9.854376562637647,25,-19.985243692023083,-10.560871230600906,25,-19.057874537256374,-10.552909656700386,25,-17.79738609451748,-7.9936003548866665,25,-15.21372350725274,-6.879408546627504,25,-14.411375008103239,-10.986198673398203,25,-17.09784326202125,-8.11098801577052,25,-17.144011003018054,-8.21904458970098,25,-16.79380227163176,-5.894143821433621,25,-14.629634563839955,-6.645719731041961,25,-15.140205546821417,-4.4767610543767224,25,-14.07939223983634,-4.645377199853747,25,-11.761949774238884,-5.930838120611233,25,-12.126890377408714,-6.780082994714935,25,-12.083619412158338,-7.973029991115222,25,-13.418990410122042,-4.341721316010604,25,-11.934162111752457
141,-9.18625024143076,49,-18.21948636453406,-8.671798896379524,49,-19.88303899988644,-9.42886215906296,49,-17.988507567136264,-8.980700835324136,49,-15.24302630203608,-7.212261271647186,49,-14.689274319083108,-7.425409634029615,49,-14.264069495046908,-6.74715722710916,49,-16.10911913994483,-7.7858063436750635,49,-16.944016404487126,-9.973629404830078,49,-17.088553209081255,-8.918203509389905,49,-16.758114695521165,-8.626860024596425,49,-16.99191049041543,-6.699522461229252,49,-14.955835269296799,-8.972526566411341,49,-15.556689459804735,-7.770899093658121,49,-13.904531714066831,-8.410691516367038,49,-17.60293693229936,-8.706185992096525,49,-15.11334743606424
142,-9.709670281014692,200,-17.900494889256073,-10.663357248117771,200,-18.093914620729876,-9.891649214205763,200,-17.679843412326814,-10.20798213382158,200,-18.31089633462764,-10.437875242909673,200,-17.896671269221315,-7.633408677374383,200,-14.971201462031107,-9.760197397562193,200,-17.431242408784893,-9.73885188006715,200,-18.75868697348214,-11.816774537113101,200,-18.566662858712153,-8.799375866793115,200,-17.678077148811234,-9.459345024331498,200,-17.24837371178528,-7.164581172875112,200,-14.863911282329546,-8.442848339795143,200,-15.598332428290856,-7.316315828802339,200,-14.546931610432761,-8.69572874387478,200,-15.969476222782696,-8.104439098220729,200,-15.33698951508731
143,-9.943723132684703,63,-15.92514164982823,-9.338821252051973,63,-15.555006837022187,-11.469557539024901,63,-17.644865217688544,-8.631022924284311,63,-13.371051224424214,-8.274836604355414,63,-13.183365504907012,-7.0539522779659425,63,-14.00458329548645,-6.592244037118683,63,-13.577089820569629,-7.858509861621812,63,-13.6778508565805,-8.45522573471047,63,-14.238742075261804,-8.691203181057253,63,-14.742193222265579,-10.15827638647675,63,-16.40537079916676,-8.178321524107416,63,-13.640966595086315,-7.247108970413741,63,-14.127341530549524,-5.54769428998577,63,-12.79647632351828,-8.166925088726257,63,-14.17665081662473,-9.765197080759743,63,-17.03180670053566
144,-9.312001349434059,242,-17.844317925842642,-9.729662417218506,242,-18.64319297270223,-11.353864477723821,242,-19.308328566579814,-9.20353388415449,242,-17.687023208028243,-9.556934588515801,242,-17.202947327644313,-12.053911482098831,242,-18.54469986965257,-7.073979056549837,242,-16.780306858167766,-7.690595650648941,242,-16.125408801186463,-8.493296016957327,242,-16.282074179446894,-7.189587310091188,242,-14.696820151937665,-8.011189789693601,242,-15.32451441401122,-5.324779780495361,242,-12.73200458215461,-6.034796385911756,242,-11.879978037766538,-4.687277849537531,242,-12.280351559707775,-5.364255636558014,242,-13.201978369912686,-7.729933334111372,242,-14.141856426646893
145,-10.452530502790419,123,-17.697629749524936,-8.960532837082553,123,-16.765300251384346,-9.684864300313542,123,-16.955780485278606,-9.400250877382003,123,-16.309787394705083,-9.18620383295429,123,-15.022520510483535,-7.630822657917008,123,-13.969207638895377,-4.73508576423969,123,-12.753565546552965,-6.802602687007284,123,-14.751948371641605,-9.601698590995758,123,-15.754615774550324,-10.143374864116604,123,-17.50022920014876,-10.287125108823354,123,-18.216064951754984,-8.422708157138505,123,-14.44974156627098,-9.437262792525429,123,-16.80697076397586,-6.6958174201698615,123,-13.56476444030821,-9.437066687457015,123,-15.18760634468472,-7.2807445122478835,123,-15.228516663237938
146,-9.006358207675998,67,-16.98458571195447,-8.282394626668655,67,-14.197113379113105,-7.392434230864383,67,-14.333171809483167,-8.595857913426968,67,-14.753224327227208,-7.625207706126387,67,-12.005988743289805,-5.9720773955453685,67,-12.931449142419755,-5.4643254451379955,67,-12.303018416046008,-6.707255797481855,67,-14.06123292323943,-7.534010581952332,67,-13.210278911776783,-8.085795842656413,67,-15.282983052402608,-7.981719153704797,67,-15.460966654426098,-6.965988542700156,67,-14.047050472250707,-7.909374912916729,67,-14.176584109089534,-6.942092495732192,67,-11.92269299021552,-6.922375605868039,67,-14.087229741975943,-7.1742137373105574,67,-15.999301738604396
147,-10.777611149445931,63,-19.252973398742043,-9.111586312189527,63,-16.531269340093655,-10.068768834092804,63,-17.72983330470282,-7.723615847250981,63,-15.38110320990918,-8.33895245080868,63,-15.165447496867177,-6.966064382533633,63,-13.02927593416219,-6.725690642629836,63,-13.044314980580198,-4.526736732530047,63,-14.36970821431947,-6.897115798464527,63,-15.037500977397464,-10.440266564928578,63,-15.877598274952167,-9.030977097078226,63,-16.610734649271613,-8.44220650320696,63,-15.546777659461736,-8.402325326496129,63,-16.850631465749938,-6.480840609643558,63,-13.106010297298509,-8.964808056592107,63,-16.805332295640426,-8.073188048847568,63,-16.673915929383053
148,-10.674677977161375,26,-18.185480818991536,-8.762188801833306,26,-15.81490592487339,-8.835225192545174,26,-18.84769056077828,-8.110173286275195,26,-14.580567273560606,-7.106855655440417,26,-14.627743563225364,-6.392614073229383,26,-13.409721918063887,-5.188940187838722,26,-13.47813281217088,-7.50118928570927,26,-14.46781911093814,-6.0183369542378795,26,-15.163500545951257,-7.253206340502664,26,-15.413423984601337,-7.864014122338401,26,-14.548390643204389,-5.867344684010954,26,-12.979726588486617,-7.496898040312291,26,-15.517538764351535,-7.427283144168156,26,-11.487809296643302,-7.829163852061992,26,-14.309080590517965,-6.936091786249948,26,-15.815832674025923
149,-11.816920841846141,112,-18.28908627819391,-8.819769551212339,112,-17.62568238820305,-9.675500931207296,112,-18.57158202797143,-6.654971884139302,112,-13.684743508884758,-6.620230427136271,112,-12.672899622552356,-7.91196846992872,112,-12.844684688582095,-6.036715939707731,112,-13.280593117604344,-5.791528273050214,112,-12.693488369653137,-6.762771373493184,112,-13.289793334849714,-8.974748833900145,112,-14.849537513419698,-9.703663099294081,112,-16.65660166671976,-7.911583733256181,112,-14.607919602335448,-10.014888679260494,112,-17.48995446868624,-6.474574640611525,112,-13.416568145508489,-8.859258432876079,112,-15.64000043805744,-9.751204156309136,112,-16.37854193459628
150,-7.054968263843699,78,-15.2392507153571,-5.784604193013641,78,-14.678347852208162,-8.414649387940969,78,-16.104920814261764,-8.620399514138146,78,-14.129599802153782,-5.76628673202211,78,-14.14894493123128,-6.851728785210085,78,-14.296217674018623,-4.634502290655277,78,-13.724596921177952,-3.200135199843402,78,-13.9365058481964,-4.755925568078817,78,-14.57331454478968,-7.728042438763306,78,-14.054361808270784,-8.022476714678392,78,-17.11977563948266,-8.03353596329831,78,-15.023596554395693,-9.19960854585364,78,-16.137801732288292,-6.076342193303632,78,-13.025451866314183,-7.986083512413238,78,-14.629718805127421,-8.344062607531585,78,-14.057395815435305
151,-9.160089546607157,48,-15.437570280341134,-9.114473113942463,48,-15.098840416752306,-10.126017240418557,48,-16.790254313357167,-8.068894788658387,48,-13.74420749987052,-8.951714108307016,48,-13.29435766050051,-7.1535549539662115,48,-13.90302096907794,-7.54117292317889,48,-12.54886719242014,-7.319705418758719,48,-13.387321771228901,-7.741148303441884,48,-12.82638336391668,-8.790391273649677,48,-13.945463029993878,-9.561782386500845,48,-13.515378917344202,-8.598465328098165,48,-12.951718573266302,-8.754255977193692,48,-14.910478753393674,-6.829496917639821,48,-13.793864085062705,-9.599427530592479,48,-16.44846336582663,-9.547307597756458,48,-15.815510317558601
152,-8.958027362386435,28,-15.730226696008911,-9.078619041472042,28,-17.712611851840293,-8.78729243157987,28,-17.278272953125313,-10.093289803954608,28,-16.938080644944446,-5.771917843864708,28,-13.954411488961455,-5.342857820504917,28,-12.170898487939336,-5.722541382777035,28,-11.848657984761141,-7.716991607497295,28,-14.523904364794909,-8.692023319925523,28,-15.918128689963623,-12.123120993855188,28,-17.981062942809054,-10.397616736794934,28,-17.25332023774334,-7.654536389774899,28,-14.401507249446402,-9.005671556813088,28,-14.06591906553542,-5.807559175958788,28,-10.906334025203662,-7.3481164851893475,28,-13.772372398913038,-6.8148193077799,28,-11.435227130547272
153,-10.356772082115507,24,-16.565258365857765,-7.806030348048658,24,-16.600950633882817,-12.032330363834125,24,-17.165234041502956,-7.2826365034570895,24,-16.20854393762131,-7.1986629605785595,24,-14.418240482123878,-7.262423374791682,24,-12.004616629690943,-4.949032702577277,24,-12.362068650007487,-7.331308473152985,24,-14.598547746273008,-8.48922195206892,24,-15.193196952225813,-8.810147396356932,24,-17.824239543465502,-8.990096073473573,24,-17.37325763293602,-9.586088382434879,24,-14.539711665911799,-7.798374748803335,24,-13.212561489169193,-5.787539919546967,24,-12.921457813544546,-7.362148725029711,24,-14.844768914187911,-7.9118345135429635,24,-15.054791509046758
154,-10.140821993216356,70,-17.722592077284517,-7.6197707250656785,70,-15.20782923626447,-8.860330682073716,70,-18.171156391956373,-6.967174750033548,70,-12.859771580210275,-6.633183369088943,70,-11.73341755111929,-4.165944252535855,70,-12.89348601437169,-5.132623448157859,70,-11.460656337837898,-4.174308230474028,70,-10.207620171646383,-4.120275790027442,70,-10.45820157692136,-5.4110161483697885,70,-13.030076008521842,-4.227938463303383,70,-11.117494841439264,-1.5243419394629711,70,-11.390725062409262,-2.7524450549057238,70,-11.654024361045703,-3.859765692315655,70,-10.371232933128375,-4.977226710679458,70,-12.080940522563385,-5.374649736415838,70,-11.937875926217172
155,-9.350431440032496,45,-17.878820129491494,-7.620499187332666,45,-14.321427157735936,-7.973867373970585,45,-16.448082501362173,-6.477262320921565,45,-13.043859045684194,-5.88004856223886,45,-13.400964441588659,-6.597457552675017,45,-12.99195812032461,-5.079084477144282,45,-13.405524631541967,-6.194357464533952,45,-14.937108817989397,-6.074015866679811,45,-14.375625480958007,-7.298553659737813,45,-17.742812636268862,-7.256824023008298,45,-17.790353824711293,-7.364784874068755,45,-16.968796586644167,-8.87824113023331,45,-17.704009097643613,-6.749813335833935,45,-14.43868373463573,-7.899744967314346,45,-16.13511292966249,-7.36543241865541,45,-16.175057841899644
156,-10.388130838181887,81,-17.092133185011594,-9.491901447483315,81,-14.37718756675427,-10.375692805691788,81,-17.254299923652386,-7.869889465455543,81,-13.52637824873305,-7.117895815789243,81,-11.918114333405473,-6.428632654513903,81,-13.33521673147682,-7.378562950870866,81,-13.375274885873122,-6.522218524108446,81,-13.852095726240899,-5.699272078357877,81,-12.370607995999446,-9.024965113591985,81,-16.260725612696064,-10.102266868925751,81,-18.1523199311328,-8.563196654595085,81,-15.002727056096845,-10.902270781725782,81,-17.33808190071638,-6.942637259409581,81,-14.132905209444793,-9.70489522560196,81,-16.850486215266617,-10.06008006058708,81,-17.123411253037496
157,-10.270104909394572,47,-18.085115918641318,-8.443269132571173,47,-17.959934210311964,-10.234150206809664,47,-18.001283280834176,-10.198665345632634,47,-16.332987917663672,-10.066117189763053,47,-15.571254661891192,-8.508786369445513,47,-14.186284764124487,-10.816114421280849,47,-16.618868338827173,-10.122670364677376,47,-17.070958791424832,-11.227757304736258,47,-16.291830565442083,-9.65060745124666,47,-17.79140067918853,-9.030978763632135,47,-14.628531099880465,-8.453674794017926,47,-13.432263676654294,-10.310601456532977,47,-16.49916958788659,-8.428587545062875,47,-15.111593634546718,-10.90411184368676,47,-18.37351162283926,-9.264863426826883,47,-15.513823666651444
158,-11.279771964838295,50,-16.249750504595394,-8.664119621747083,50,-17.164685995079818,-10.2483532731981,50,-18.239678245625836,-8.307288572176644,50,-14.545932221507446,-6.963973323841656,50,-11.604868395770824,-7.6004883878726694,50,-13.469077104696193,-7.041680036310122,50,-12.05423111823374,-7.737914331543946,50,-12.978701355925427,-6.341242993488519,50,-15.114540223595313,-10.267194089407356,50,-15.212011736466206,-8.294559832868106,50,-16.49432542305101,-8.049451703748678,50,-14.995243714722877,-11.8266356006408,50,-18.143341356351797,-7.6727045775587825,50,-15.559298712455236,-11.40854445582969,50,-17.63021838396226,-9.563857180160028,50,-16.822862896219256
159,-7.250052417186207,62,-15.195719123240217,-7.836809782907918,62,-15.258671100135693,-7.465617488129058,62,-16.40483961552486,-8.38447004765761,62,-14.032421815166732,-5.888993599964002,62,-12.918370128553816,-7.230366271593464,62,-12.610224692488268,-4.7961231870097745,62,-12.852829352837887,-6.682044304000722,62,-13.769506361974617,-5.576765601986375,62,-12.048773475441445,-8.61303108134208,62,-14.634796837105966,-8.649159355397488,62,-15.642935213907718,-7.983969122840621,62,-13.88663831305875,-10.245991777235538,62,-17.09577249430106,-7.462861034601545,62,-15.310265512147268,-8.102357683237996,62,-15.184854625425842,-8.425405782175403,62,-15.899450812220746
160,-8.557962560329347,74,-15.243863579399953,-7.79160682234629,74,-15.769993702683196,-8.550757518749727,74,-14.865220000924555,-7.736501029963641,74,-13.463382136729653,-7.385454842713306,74,-13.134859107226344,-6.763304825757359,74,-11.855293784923528,-3.5859213539052397,74,-12.28021434701931,-7.351168385258385,74,-13.53285016524044,-5.927921368331688,74,-12.277055478749821,-8.678618883158158,74,-14.666099072129192,-11.003184538542381,74,-16.33336764647441,-7.645605069532923,74,-15.491679520462736,-9.39243495666062,74,-17.024875766636857,-6.681566611933002,74,-14.676218795886108,-7.027256205896593,74,-16.873662017730823,-7.12469337596251,74,-16.753594544426818
161,-6.05801581207579,57,-14.6924045658027,-5.219328550409487,57,-14.094107130090478,-6.639847995572453,57,-15.54032462623108,-6.674900831430071,57,-13.974785273036401,-6.385802737177877,57,-13.676119437213627,-6.086446715067301,57,-12.446897462772423,-5.626719296252335,57,-13.20850024795064,-4.747036923757227,57,-14.858253807984665,-6.954109985796722,57,-13.372434558510804,-8.139561195341003,57,-14.637536238102085,-6.510380895996612,57,-15.234365488367258,-4.590371935268114,57,-13.054048427059486,-5.272786525224877,57,-14.480579672808231,-5.415121732549299,57,-11.952332696524198,-5.170049867864213,57,-13.690134777681376,-7.726346134215529,57,-15.231986911823405
162,-5.708960493141188,31,-13.547860285371641,-5.830992353729913,31,-13.158072801057905,-6.317792309246844,31,-12.597196860644548,-6.327762339668675,31,-12.948775171058902,-5.310955312079736,31,-11.888983155319899,-6.131946894037413,31,-13.091431964902817,-4.000088494312839,31,-12.351453828294561,-6.357267692900294,31,-14.032582558310203,-7.033531763141357,31,-14.649680286456485,-5.481816068020082,31,-14.613559692326405,-8.463022451197114,31,-15.145104018527624,-8.271442425650347,31,-14.59571200291375,-8.273946351960653,31,-12.10466265778301,-7.047918494606426,31,-12.355926255325603,-6.2381960576435,31,-14.209130859729399,-5.276358405820365,31,-13.984156065303955
163,-4.599715715453097,98,-10.629117795017953,-3.0309286297115228,98,-9.534148736243894,-2.417131354854037,98,-9.537620312732306,-3.0203850299187525,98,-10.22212269697744,-2.3495987055995635,98,-9.057886423589757,-3.220200245334197,98,-9.363469579802668,-4.618202652598482,98,-10.146392381069408,-4.022943652471605,98,-9.843853923842302,-3.848340013716676,98,-10.245930207279791,-3.5026645700497494,98,-10.986957729193126,-3.7690057207532126,98,-11.46527779567774,-3.380846097550293,98,-11.410117714178137,-4.680902545602569,98,-10.19351764673621,-3.2012746672844923,98,-10.16923080220272,-4.454357859623183,98,-12.650674938855646,-4.698728554626164,98,-11.393175558607895
164,-10.03807929638636,94,-17.499978874926025,-7.76861009036999,94,-17.25571804400352,-6.480586182033363,94,-14.752485761913004,-6.72120384165968,94,-13.407493383238634,-8.359170749153456,94,-13.416495205320562,-8.607658686155633,94,-13.595102030321467,-8.149582679952132,94,-13.052317706429754,-4.851902407774066,94,-11.92992475222536,-5.469712549946283,94,-11.926429027922449,-7.689386382719824,94,-14.883921552864754,-8.29004544387417,94,-15.30588045370128,-8.298115445285003,94,-16.326541077722716,-7.544774393594064,94,-15.017080545889813,-6.1668155536801725,94,-15.586197279842944,-8.372347177893676,94,-15.579846777897933,-7.717595180350597,94,-13.677315015460557
165,-10.294791516694787,70,-17.18745642302423,-9.781494918431385,70,-16.204967282340476,-7.041369834993974,70,-14.191671175129567,-7.178370571424554,70,-12.559454396952193,-7.507361937760788,70,-13.997437605617346,-8.341891640871346,70,-14.566105029912462,-8.44267034146472,70,-13.552756251474861,-6.372696632087072,70,-13.337403682248464,-6.747976534695975,70,-13.600048852921516,-8.294408262535653,70,-15.18073683277497,-9.068582583213667,70,-15.867320445992352,-7.699558928408429,70,-15.380756042036001,-7.058408418324937,70,-14.418468055337838,-7.30671309726589,70,-13.43935212343337,-8.514683688860126,70,-14.565145416014218,-7.479986610550138,70,-14.351447080116719
166,-9.583162852675612,117,-18.059134372308367,-11.198676222465886,117,-17.109717261487855,-7.757931846129598,117,-14.739402857626164,-5.187529450334363,117,-13.137050236023226,-7.465010615227115,117,-13.329521103822117,-8.054508854748828,117,-14.056067524149977,-8.112862400143083,117,-13.02579592552005,-6.002361947713572,117,-12.88619449219114,-6.616727588157251,117,-13.416251282359594,-8.56474494202237,117,-15.228964446694198,-9.031508160867423,117,-16.14970753078065,-8.456364378067057,117,-16.042032570315634,-6.267592404675696,117,-12.87865508707603,-5.364695355395385,117,-12.484955513463294,-6.212536542716571,117,-15.124969578771053,-6.928615598534572,117,-13.22511795863289
167,-10.33500053440777,82,-19.09840551148069,-8.160654198244027,82,-17.762200503643935,-9.020759142167003,82,-17.16343019456517,-8.136281907379656,82,-16.642108558592653,-8.419950384204748,82,-15.440760717776756,-8.844855593724533,82,-14.905110780852217,-5.256117789205462,82,-14.00298128958214,-4.356953270443659,82,-16.310903408154452,-8.715547956900064,82,-17.436757706790942,-8.836831508937596,82,-17.021336404104236,-10.835000538793997,82,-18.06384648575706,-6.5845668342981245,82,-15.865659945203653,-7.880698958877282,82,-14.976339434512527,-4.40581479735814,82,-12.927380012684,-5.30750877864852,82,-13.893402446154733,-4.821583753744077,82,-12.44634811360919
168,-8.302314310742855,76,-16.283894748002076,-8.082968116596206,76,-16.741364747845488,-8.879913927390522,76,-16.67570037569311,-8.895321772676697,76,-15.144652604312878,-7.80038771703431,76,-14.501779718368642,-10.324449679128698,76,-15.201257004754902,-6.90574467293049,76,-14.939098480924924,-6.321215904338606,76,-14.44754771690204,-8.875896460100837,76,-15.083235726612402,-10.22957463517656,76,-16.734083573169162,-9.29274354677791,76,-15.538001340720625,-7.818156925777084,76,-16.64833593693407,-7.7481451830894175,76,-16.26249624097931,-5.007446980498097,76,-14.368061611935667,-6.288424152082016,76,-13.774029990697372,-4.432690455030017,76,-13.415940388546485
169,-4.487800831144935,123,-10.746374633215138,-3.8615324792184853,123,-10.917416942814917,-5.204319521907237,123,-12.096209367193762,-4.532306218583683,123,-10.638103007756328,-3.920796116903804,123,-11.457679773986431,-4.317406872600586,123,-11.47326686028846,-3.991076260593054,123,-10.408326245354942,-4.003568087574068,123,-11.74269980614824,-5.425113452531427,123,-11.380290306083554,-8.518823358417805,123,-14.345790414344354,-8.949631852736358,123,-16.720057550148827,-10.046918101409261,123,-17.30317433535912,-8.099600683028084,123,-16.349379069986323,-8.764400605821127,123,-15.782831678232297,-8.30440339861868,123,-16.88835750551876,-7.580741884626319,123,-14.860115367995363
170,-8.70509780436416,56,-17.64504420059565,-8.018166714235122,56,-16.246161510021945,-10.927363500717252,56,-18.399605344724602,-11.230777609301635,56,-17.18968048525976,-9.831661873669468,56,-17.251308627944617,-7.951761494688133,56,-13.107574541020748,-3.0654738477086187,56,-14.466366842913065,-8.562106527131384,56,-15.721938652067278,-7.1790381716331675,56,-14.739262267008877,-8.904459739705311,56,-16.101753014035673,-10.762806419574007,56,-16.54034863079793,-7.232022772071995,56,-15.248132690069339,-9.189265021303402,56,-15.9451258784797,-7.469636620479222,56,-14.234334835804326,-10.799466305429652,56,-16.041858767810716,-9.280671419282246,56,-15.380968315581512
171,-10.864410907919615,32,-18.656029401666157,-8.464342258893119,32,-17.319604690114808,-10.113118392307392,32,-17.63491648208816,-10.008996288580265,32,-18.532025273082475,-9.599918799525133,32,-17.81172642266109,-8.779885321574328,32,-16.153084983674816,-7.188548188409323,32,-15.91745824823526,-8.78594156780533,32,-18.139862556053448,-11.141523717283873,32,-18.117238586212647,-8.866410341109166,32,-18.09875103002235,-10.504174314427788,32,-18.005868129534093,-9.762527936097271,32,-16.684648766333424,-9.005940596294792,32,-18.274200589337724,-9.147968672733512,32,-15.210918471471741,-11.553560608444863,32,-18.24512512918103,-10.305109428655923,32,-17.147550169422622
172,-8.953482924223758,73,-16.373454620232366,2.738495173983414,73,-11.815894367637483,-6.546213429373962,73,-16.819871289563835,-8.744034064063149,73,-15.547462850229765,-9.69264043303422,73,-15.799575941894942,-3.3885351380126765,73,-12.857682188863322,-6.883967639084281,73,-13.951977949073331,-6.908662293072901,73,-15.046025316466139,-4.166099374393385,73,-14.40035799012783,-7.833281538734468,73,-15.98223406779558,-8.269586835388624,73,-13.107987038797862,-6.462188896376152,73,-13.169276060370311,-8.148754918865889,73,-15.55924632792024,-7.3860074914659535,73,-13.94051493780587,-8.081876232155423,73,-13.73045856937363,-4.788344405341577,73,-13.974626928317894
173,-4.502113096683087,106,-10.527813598538842,-3.637374578308417,106,-11.528608175780132,-4.23706702684966,106,-10.516208242825833,-2.7089561078387714,106,-9.812564551090786,-2.7748853574019208,106,-9.393006257408997,-3.0936336563341458,106,-11.64006511751618,-3.3027696498743833,106,-10.097623357494808,-4.155438841689228,106,-10.274914820475917,-4.4200700679139135,106,-10.385694578086822,-4.404852571562603,106,-10.994476502192562,-3.72399734260082,106,-11.486545631232882,-3.4999029273100257,106,-11.084766641927429,-4.568507733871026,106,-12.041608840455265,-4.268367873765733,106,-11.150233244253434,-3.8339920378957304,106,-11.753905931606074,-6.5323639326841265,106,-13.747155962636448
174,-8.089194825846603,97,-15.375132855819997,-7.838238579465498,97,-14.389903767694532,-8.232226706454382,97,-15.636307414766268,-7.41148563614768,97,-14.197002092243702,-8.002682381272445,97,-13.177499646083845,-9.049658755055901,97,-15.541646872465497,-5.816407902682409,97,-12.056124227328212,-6.566287015656593,97,-12.438097766118808,-5.6498531451539415,97,-10.6232372082329,-8.054990090452247,97,-16.03154275077092,-8.227321391340823,97,-14.948872709983265,-8.345182380102171,97,-15.057552986765435,-9.691216854891273,97,-15.504313125585474,-8.151460896797722,97,-16.19814327024351,-9.809347200785455,97,-16.706893503499995,-8.542037498099354,97,-15.462229313753914
175,-6.752488845138608,16,-15.386673690145953,-8.189002871130322,16,-13.686034851569463,-8.310351910574317,16,-14.377561906281521,-5.11897698300649,16,-11.421594990975045,-7.37240978853478,16,-14.500319247862736,-6.900416722991701,16,-11.308204911092854,-6.767528110268437,16,-11.856787907698942,-5.368844401618722,16,-11.32596280550162,-7.466703636830325,16,-12.825178855284594,-9.392752537040053,16,-13.34677034164617,-7.9167723892846436,16,-11.582555175934008,-4.726265028846663,16,-14.57085936987868,-6.936717197673865,16,-12.813518796082011,-6.912137265586028,16,-11.21121802218245,-5.663614991437148,16,-14.842718796597026,-9.306553832812398,16,-12.333819434104194
176,-9.408400210257708,17,-14.672497880711452,-7.281005898392035,17,-14.532432107240375,-8.322963322211805,17,-15.721555142916774,-6.132028861972408,17,-14.050775887879832,-6.466304520350866,17,-12.196863635541193,-7.515976018527528,17,-11.392831242584407,-7.073612369717946,17,-12.848326643004315,-6.544695818919902,17,-13.477485107123384,-8.463885324916756,17,-12.480422551629253,-9.252030605759627,17,-14.53659066271756,-8.142993037096252,17,-13.234432503751366,-6.5368149993518765,17,-14.333044025386199,-9.049853380663338,17,-13.574211924101354,-7.334740874524709,17,-13.31020349362503,-8.851945478438749,17,-14.09741532345655,-9.418791782958776,17,-14.702884583638355
177,-9.76168420036709,43,-13.853202324109022,-8.668017904595352,43,-13.190778643309729,-9.054037211213968,43,-14.112895671291332,-6.389555563189921,43,-13.647147833089328,-7.906995570131709,43,-11.850808534547074,-8.414658313629737,43,-13.255047441706417,-6.834277072626051,43,-13.701338868270643,-7.926921176653795,43,-13.01266547885455,-5.703310914072871,43,-12.096437890430277,-7.909828564440497,43,-14.921373957419522,-6.87113190513858,43,-12.922428262841233,-7.864046404519249,43,-14.447442517362745,-7.500538141399161,43,-13.865161779833057,-6.096151740562989,43,-13.178437861918724,-8.826803760991872,43,-14.890045329146043,-7.650211236220236,43,-12.727481037750625
178,-7.618689021432051,26,-14.067061806164851,-8.685829967689683,26,-14.662920852337693,-8.77847575125013,26,-14.561941319055197,-8.332882296754011,26,-13.697273024493999,-7.0755504488053695,26,-11.764172082739066,-8.332917454830234,26,-14.05197625041061,-7.1233667834242675,26,-12.343729765529465,-6.425507456601654,26,-13.381663733005947,-7.8407551851508686,26,-14.423849646319105,-8.31010137058281,26,-16.005423309688158,-8.395480244484506,26,-16.709895912822105,-8.66800263794476,26,-17.352409177190083,-9.735376397246986,26,-16.233252930860928,-6.412831004537436,26,-12.525945330225596,-8.69160626054516,26,-16.886142230307513,-7.919585688599071,26,-14.657059422140243
179,-8.768569709427847,28,-17.59877183668585,-7.537116685443415,28,-15.09465001396454,-9.318715488134492,28,-15.386495711348108,-7.791704700624379,28,-13.186214551583697,-6.379520407716985,28,-12.51882870620732,-6.829333597264094,28,-12.589690537005165,-7.165306159197609,28,-14.216936676545242,-7.069966436611854,28,-13.52454309920022,-6.771233503268093,28,-12.107153826971825,-7.29069746068967,28,-14.868963581034365,-7.826247402762699,28,-14.457202448738908,-7.201646155222719,28,-14.119861822653386,-9.670904256623327,28,-14.386714330477641,-6.7882098655979775,28,-13.44578242364218,-8.796508306743338,28,-15.282441346117974,-9.222042179932398,28,-14.713977107397165
180,-8.815947372828449,50,-15.103609043032122,-8.596705061537774,50,-15.353005378009348,-8.40706851620167,50,-15.160003685890127,-7.183167723365504,50,-13.697587520980166,-7.543930588093099,50,-13.846394074470936,-8.033561250413868,50,-14.828013549890064,-7.69996060374139,50,-14.72394127473692,-8.083723027130358,50,-15.126280706437964,-8.491614679206021,50,-13.879805446308442,-9.05498441323684,50,-15.741270481810881,-10.57934829831594,50,-16.96808060979327,-8.493203641499857,50,-15.196500822844655,-10.880581877929874,50,-15.328119787639075,-8.932701758713371,50,-13.41948271036876,-9.819800136376092,50,-17.875429363803782,-8.715040737217342,50,-15.825705513858734
181,-7.336539116722256,32,-13.541163077946754,-10.269827301843243,32,-14.901957354951962,-9.417735980475339,32,-15.163588050057244,-6.894619115595477,32,-12.117795805272841,-7.758983670753365,32,-11.424115412143877,-7.295835264937366,32,-13.150887644907796,-8.5132759601952,32,-12.670405488515915,-8.390355641375464,32,-15.92687082537525,-9.087126826613739,32,-13.508644378468697,-8.785125436715477,32,-14.999131793880998,-9.235730954301278,32,-15.735178265888472,-8.552560259547157,32,-15.650642819962853,-9.13555604624283,32,-14.036101559721741,-7.620172309938661,32,-13.15868026395294,-9.019264604149626,32,-15.160126141949972,-9.854078010774648,32,-15.695949040172767
182,-7.509143426788522,48,-13.470168641551812,-7.969980327875423,48,-14.446726144419092,-7.963162502072104,48,-12.641812120864069,-7.257881118585569,48,-12.566433521533128,-6.403565913450549,48,-12.343576140850605,-7.457566636048501,48,-13.462720672383604,-7.496664195427941,48,-14.49544057208688,-6.889350675362596,48,-13.125974448201806,-6.604546863164761,48,-14.388270603697137,-8.079796690489776,48,-15.724121010734375,-7.445175191271476,48,-14.690352446012888,-8.259627900948585,48,-13.533943695410658,-8.593242354904064,48,-14.732564765953509,-6.599208379615441,48,-13.487997971223553,-8.806628352327124,48,-12.982121592268118,-10.466181953692566,48,-15.176467040107767
183,-8.50822298758466,36,-14.848082225952819,-6.9457884737238125,36,-13.876722425953394,-7.930270226418948,36,-15.25138987142486,-6.129376282106041,36,-14.10850906490776,-6.929453641016597,36,-13.646359349274167,-8.19116926909543,36,-13.256102130883678,-3.4735638536473563,36,-12.676665288268861,-6.079610182972836,36,-14.868111412359866,-5.974136122130536,36,-13.345479273143985,-7.312899511587324,36,-14.800742376329588,-8.36692083765777,36,-15.002531927277449,-6.740606773565213,36,-14.736048452541873,-8.125492983980195,36,-15.819883149502163,-6.892354853404459,36,-13.117467492812445,-7.941654251190755,36,-15.312543694760576,-7.081572023020813,36,-14.021843614009663
184,-9.630731953801295,90,-14.5465573575928,-8.811348475831352,90,-16.23322816627524,-9.052163053202875,90,-15.530531439908682,-6.381841447597546,90,-13.271026889083046,-6.648107059507728,90,-12.302879957244583,-6.5116538266100665,90,-13.047856846767099,-4.8283204249354785,90,-12.701690027501336,-7.339852190633437,90,-14.568948088904959,-8.590690786736142,90,-15.611779377172624,-9.300544389478194,90,-16.255348492581902,-9.092896338635818,90,-16.425692769859495,-8.015637209246067,90,-15.276885467459635,-9.029376547976296,90,-15.185660395521861,-6.324506525493193,90,-12.37130969294826,-8.925747681403106,90,-15.803993284394828,-7.099822412829547,90,-14.571686970471454
185,-6.6369266289669335,48,-13.98231055374409,-7.989102425455288,48,-13.698184706222952,-6.991847307231591,48,-14.862972675229306,-7.066839286902252,48,-13.228128119766584,-7.507830505924006,48,-13.03346313815486,-7.318366269272775,48,-12.66852619148956,-7.198847428695224,48,-13.501669035992867,-7.410773380937664,48,-13.768891288549378,-8.525682971005526,48,-14.185113931553806,-7.7504589816067355,48,-15.186450890701906,-9.383419808076571,48,-15.704584906217178,-8.046373629910287,48,-13.020198991431734,-7.572472691723741,48,-12.872886368035172,-6.327752237219757,48,-11.87864117664713,-7.455442017377868,48,-14.447049794516841,-5.165108390571085,48,-13.369739675014022
186,-8.470787888508843,75,-13.991363072131247,-8.719727926666481,75,-15.219287274522475,-9.675662517173556,75,-15.481295559104684,-6.217662484445356,75,-12.999146443673972,-6.887103729635706,75,-13.026535383384054,-7.87520234108775,75,-13.190261162191895,-6.189225624560857,75,-13.801591380656046,-7.417952476313959,75,-13.966702156371952,-7.35190580257333,75,-13.86417140780388,-10.119212534976024,75,-15.406654527826122,-9.132860349920666,75,-17.050582874297422,-7.665090840519869,75,-15.004220142739072,-8.282198092972203,75,-16.055363398243184,-7.271909659680062,75,-12.626384824393792,-8.118281539991054,75,-15.146059811716446,-8.390254885644323,75,-14.346063321365033
187,-8.390832799579714,27,-13.522561627893586,-6.937602510078368,27,-13.34487580251848,-7.857892853155118,27,-15.003176329973414,-7.907514157230295,27,-13.157895496251335,-5.6635348980863345,27,-12.161758798609714,-8.663272246494685,27,-12.215168631720632,-7.945393925950106,27,-12.156542917864833,-7.008317713600532,27,-14.33292048036689,-7.597186705978921,27,-14.761843502657786,-9.444491912829756,27,-13.687097964024886,-7.106268381874864,27,-15.828538926142814,-8.106603886270568,27,-14.331664308419139,-8.588115966852422,27,-14.213884766139945,-6.853710227412737,27,-11.61070658302891,-8.834413581869638,27,-14.912793453588762,-9.20643223961196,27,-15.549166399244532
188,-7.729452443779259,76,-15.731010286968633,-10.78038031815122,76,-15.8852903058667,-8.519214638291619,76,-16.345838009843334,-8.86122168023358,76,-16.017979257235435,-7.981109942986948,76,-15.321800428117186,-7.9207285233284495,76,-15.300905062602103,-5.909206659848194,76,-13.260638495811188,-8.830730306055225,76,-15.797382436338497,-9.683371569593321,76,-15.964337473481823,-9.314315179034175,76,-16.004714937650316,-8.725319056846956,76,-16.86354392112312,-8.159037032107417,76,-15.136989897003225,-8.451237906104783,76,-15.47919288779321,-4.291625379618506,76,-12.63513275618951,-5.7900482928632035,76,-13.201960283117826,-5.012131408072602,76,-11.475284689473693
189,-8.811019075354663,51,-15.086011706714741,-8.532979939428806,51,-16.309260471481853,-8.015655931960152,51,-14.178977170187778,-7.984901274605056,51,-12.754594575290588,-6.098551762127295,51,-12.515645115349042,-5.678803602697787,51,-11.469187438580963,-7.045339680342765,51,-13.131506098555011,-5.7280413445687355,51,-13.799817752690695,-7.5651334718777274,51,-14.587164191461696,-9.12200163422852,51,-15.149133605130928,-8.581519046353097,51,-14.357974983424826,-8.130035699511556,51,-13.535350797236223,-9.47291498783192,51,-14.64650041753621,-6.0071921796847425,51,-12.042414857994137,-8.333066987844507,51,-16.81731361248093,-8.559882602257716,51,-15.218315636858744
190,-9.01247357202299,59,-14.723059183942148,-7.196268816719406,59,-13.248718784093434,-8.46283327799257,59,-15.118044556606574,-5.813482515366073,59,-14.09454068110943,-6.439695896661547,59,-13.845907817515752,-6.1696082831793495,59,-13.381048690094584,-4.844177747532754,59,-13.68759835534519,-5.6150753713822095,59,-14.069528226848846,-4.979903503744898,59,-14.699479422683355,-8.233823914691488,59,-14.896288709947093,-8.037736896255902,59,-14.54276332883505,-7.488548470218017,59,-13.753061060064514,-8.12287158594486,59,-15.367758443909185,-6.15337834791002,59,-14.01313652003152,-7.805355702149407,59,-14.391723381396854,-7.7955997165882795,59,-14.963205168493133
191,-6.598167424921212,17,-15.897292463127599,-7.011130990936825,17,-14.976559251937374,-9.018677240406927,17,-13.566472312836984,-7.752616997842497,17,-14.097690734918288,-7.627830003121452,17,-13.348860802782616,-6.922394525101786,17,-14.718000947258748,-5.608522436135375,17,-11.66225432168252,-4.311438373547898,17,-11.19098230885908,-5.869841942585462,17,-15.01918960631359,-7.047208151933699,17,-14.682049446514807,-8.093829018608016,17,-17.53569897702451,-6.8253169407751795,17,-15.478457647269055,-8.313239748429051,17,-13.435361797820946,-8.201729153497332,17,-13.850088387224913,-6.932327077472403,17,-14.840091729743449,-6.783421463427928,17,-16.094989883408296
192,-8.918763579870934,51,-16.198897437029007,-8.587558461409788,51,-14.524803810386855,-10.963030558774339,51,-15.102608980292231,-8.281538737752726,51,-12.1394760167262,-8.4833808494111,51,-12.607450545279109,-8.125912208675475,51,-14.189745123904965,-6.325106242960158,51,-13.127116038936208,-6.860805489630019,51,-14.577864031810446,-7.8416628452960175,51,-15.716645886661107,-8.261252483131292,51,-15.594757843092026,-8.079886898292978,51,-17.60325811081539,-8.220531982239393,51,-15.041975837710346,-7.98213945876341,51,-15.35114465325994,-8.913995569236523,51,-13.961912139243662,-6.969253831218528,51,-15.064900385877111,-7.986592390785546,51,-15.497620869158693
193,-9.965693371820901,116,-16.646044241354982,-8.685115385183558,116,-15.200578685687685,-10.083423386932015,116,-16.114753264724886,-7.424307746388341,116,-12.842133898450282,-7.9028354949143855,116,-13.661549997821814,-7.916989073599167,116,-14.871327161454209,-4.927096860944648,116,-12.900379427850517,-6.553680896222751,116,-15.717490544894954,-7.505886423495226,116,-15.69778696087858,-10.471631883366504,116,-16.849686525371816,-8.93142158699275,116,-16.16112452597333,-8.14293167617452,116,-15.215499620900987,-8.758747569888225,116,-16.558960929112597,-5.502057502186791,116,-13.717811101278318,-8.732351817944256,116,-15.213481871618157,-6.258534271706575,116,-14.602444288051164
194,-10.369762856579058,60,-15.342551165554017,-8.126865859488074,60,-14.169934215206418,-8.964249242371125,60,-17.58535155577824,-6.350808693191836,60,-13.810675814035424,-8.441237276110176,60,-14.832621984708723,-6.577412968273643,60,-14.212648245829921,-6.27620737889918,60,-13.226548532989543,-6.488768839781515,60,-14.215224141129525,-6.649064399750914,60,-14.763441452040205,-10.420434523175391,60,-15.855362967672917,-8.566012172439754,60,-15.683371477865045,-7.451395121836574,60,-15.42939262369732,-8.077496695069566,60,-15.573525536592488,-5.588434823284516,60,-13.357681746673071,-8.519284204648976,60,-15.705550124118894,-6.293732286738765,60,-14.60363368228547
195,-11.949386663626154,26,-18.625704162059165,-9.963496297432515,26,-15.542309439914284,-9.454767210322178,26,-17.56890136952507,-6.4747601474895315,26,-14.066939326677382,-8.52359394783199,26,-13.653875460059268,-8.668043720993769,26,-13.758328571456913,-6.9683522662652955,26,-12.665651722316621,-5.528407622951056,26,-15.053445499730456,-7.744174340374452,26,-14.631139018610828,-9.054154917236477,26,-16.120509504645902,-9.079266497867202,26,-16.65382866314047,-9.957172150386514,26,-16.695447603653093,-9.565748474635377,26,-15.355278813609024,-6.66400853035069,26,-12.845518284375405,-7.908097376286395,26,-15.959791824826182,-6.305253021664006,26,-14.190806679117564
196,-10.29312327478852,23,-19.510412953528736,-7.919837991537211,23,-15.981308960983228,-11.623712405993633,23,-18.63309648022958,-7.8143437525079555,23,-14.119741126972398,-8.313195261363656,23,-15.450660313763667,-8.902097914543265,23,-14.799560233186995,-6.010411552559102,23,-11.56683131895347,-6.3245757868902786,23,-14.40463340631232,-6.221701585973525,23,-15.321800721172261,-10.233412097786154,23,-17.211564073246,-10.946267388497393,23,-17.161084973592928,-8.989729433244237,23,-15.557063100016016,-8.234717352501177,23,-15.068938777764515,-6.1113150538872905,23,-12.655154176774964,-8.184261808986781,23,-14.083522664078842,-4.831168516616906,23,-14.763189507709164
197,-9.771114918818824,23,-16.23206546027744,-7.380110229629489,23,-15.532303555860263,-9.902785116523088,23,-17.44686204593821,-8.345468290368125,23,-13.623021224352126,-7.756442854266069,23,-13.442499962400792,-7.318673778556751,23,-13.267081101231721,-6.673834646201019,23,-13.13795684717996,-5.3075371042729955,23,-13.401298624243914,-6.221699699865186,23,-14.978412790540723,-7.853378421069781,23,-16.020084403714627,-9.219915939349917,23,-16.53790259394073,-7.293054257613853,23,-15.278678216906718,-9.341952852379121,23,-16.33411101723644,-5.958520566064074,23,-13.428210928984655,-8.535811944008977,23,-15.297748514056924,-6.336247707475982,23,-13.801001786612044
198,-8.24104854169548,11,-18.449602482895937,-7.552214000889651,11,-13.717168776481747,-9.489407382363067,11,-17.889830771192518,-8.579674838613245,11,-16.115628228292515,-7.192567601806898,11,-14.500337575182783,-9.100023388285821,11,-14.1048350854601,-8.081722079723248,11,-13.190342001959316,-7.539662409029963,11,-13.74590864442368,-7.901436599779407,11,-14.425041371145948,-8.673678910124718,11,-16.27310562242647,-8.271484279625058,11,-15.479431575237612,-8.041331639345135,11,-17.798843566259983,-8.07581130254287,11,-14.97370943797409,-5.90102421031944,11,-13.452532778729509,-8.604502150438405,11,-15.328865140766727,-5.4655759476132895,11,-13.47587303540906
199,-8.792050876768743,220,-16.21005961793619,-7.079937642992016,220,-13.385498170256021,-7.749991373995249,220,-14.371117421805852,-5.963827484866286,220,-12.231043937929972,-5.635893674026958,220,-12.788271578402085,-7.410237563286572,220,-15.131875597992225,-4.929664787963212,220,-13.457264903556478,-7.691459130468871,220,-14.194302456260706,-7.389702534058927,220,-14.087253537647591,-8.81881006179288,220,-15.647469944791979,-8.42248448653149,220,-15.933959560668843,-7.218514336849834,220,-14.089702691503751,-7.43443494511502,220,-14.509330086643427,-5.733053623200885,220,-13.22230753335618,-5.553497758159914,220,-13.468134307415102,-5.692599234064149,220,-12.784095570145144
200,-4.479345151389254,100,-12.093193399575968,-4.968973858587717,100,-11.129818184370714,-4.906202119381773,100,-10.873791503750699,-4.279764813892065,100,-10.544425973878065,-3.507998670014769,100,-11.020586714139176,-2.537888717181983,100,-11.640802221294448,-3.9255302739609697,100,-12.12850982885332,-3.909868588204659,100,-11.451791351580923,-4.424287152241053,100,-10.926091889976057,-5.369104829297074,100,-11.547762963603237,-4.184502022051911,100,-13.223632205747613,-4.390912399279103,100,-11.499639554254946,-4.219605436350096,100,-13.063377125606177,-4.065336104808994,100,-11.966237545375925,-5.344398181831096,100,-12.126120583786989,-5.3770297368899325,100,-12.40576801726693
201,-6.807427704263565,103,-14.28536349910993,-5.462453594284904,103,-13.002628063057585,-5.947188215322145,103,-13.546305698468926,-4.845647198832722,103,-11.208382696461594,-5.430884558505999,103,-10.564419017607756,-3.8582225012923037,103,-10.974798221788156,-5.436858319121727,103,-12.143559184990849,-6.027379240203543,103,-12.71753867816313,-6.164517114035641,103,-11.633241115963823,-5.858677207936607,103,-12.204384974380208,-7.200873788729018,103,-14.175887918889384,-5.473589806542229,103,-13.469160859601052,-8.642855514588737,103,-16.247946650371112,-6.477810364771485,103,-14.52456890414803,-8.138522599951003,103,-15.88742089313125,-8.525839479963743,103,-16.489421583537755
202,-10.181849110926692,73,-16.723205023485654,-8.498106016788293,73,-16.24944333025664,-9.312960802049552,73,-15.744861891162795,-6.475885726412676,73,-12.583279961807136,-6.559572408116434,73,-11.84892514884734,-8.29260128561051,73,-14.79000490582273,-4.638299130167241,73,-15.614010493340587,-8.707208251807973,73,-16.526302674630756,-8.090094262743593,73,-14.740474060911497,-8.347754479380926,73,-16.87700194442868,-7.9195508242257615,73,-14.931145723249346,-7.918692147352301,73,-15.257717741972703,-8.46900555255888,73,-16.243498166598094,-8.757080288450977,73,-16.33013303638562,-8.207515198002568,73,-15.499352774284183,-7.328247574879775,73,-12.416745768583077
203,-10.707949743886394,59,-15.176077249977382,-8.843367075137799,59,-16.129758028718527,-8.582374047922464,59,-15.33511908941527,-5.099718507183888,59,-12.823239283462334,-6.8849414765754355,59,-12.459934827900463,-8.43469409883628,59,-14.013904664360021,-5.697106319673013,59,-15.308468750840872,-9.467121872351266,59,-14.928028197058383,-7.427815974047501,59,-15.43882926312528,-8.82592039426471,59,-15.048875221499268,-9.268680925603967,59,-15.53653001972378,-7.179503194948312,59,-16.047140057734943,-7.609262446120283,59,-14.593170683002693,-7.759391434339155,59,-15.312878083452633,-7.221227888183764,59,-15.55713847537347,-5.745233461084476,59,-13.575012132496989
204,-8.881060828866177,98,-15.26271791350166,-7.07486681826542,98,-14.291138788584298,-7.6630980260230475,98,-13.780102675541704,-4.925852041782359,98,-11.44979220437618,-5.967228984639751,98,-11.89854377349265,-5.835208033644438,98,-12.407566819617115,-4.707078544259952,98,-12.933617731143912,-7.007799320951669,98,-15.255328245113827,-7.1461215487332455,98,-14.822619245153216,-7.842802302069723,98,-14.724745893215028,-8.145665154829418,98,-16.01648543850183,-7.054556531295642,98,-14.177149444494413,-6.469487194743358,98,-14.568243380813792,-5.298588891077647,98,-12.707228560104493,-6.317197031318659,98,-14.108120013938771,-4.795190470426166,98,-12.456673380882625
205,-4.886481868347506,62,-12.552484489958813,-5.275112484494098,62,-10.880659326943734,-4.609949893690939,62,-9.746301052948912,-4.041718289590416,62,-10.850273285179242,-4.1645610872146674,62,-10.351398326839247,-3.2596515743074326,62,-10.25726308231809,-3.79273693841839,62,-11.180963892779,-4.591022455912407,62,-11.85660001230956,-5.235135303239015,62,-11.115078355359024,-4.1125966395422555,62,-11.998470068676149,-6.9812035764723746,62,-13.622148997410735,-5.94694113324082,62,-12.40781659114517,-7.63585662382861,62,-15.00894088911365,-4.470617210228027,62,-13.687957492364687,-6.961413503550501,62,-14.218929564210857,-6.669492573463513,62,-14.88199151630523
206,-6.832724212006479,81,-13.706922955611171,-5.957754085909612,81,-13.610535652200689,-6.094373304592732,81,-11.95488795145745,-5.208571662421412,81,-12.72017849254851,-4.3190125160477875,81,-10.996649698853853,-5.262138719025032,81,-12.289717449329691,-5.676085343988334,81,-11.382803207700968,-5.344594798603206,81,-12.162320373881654,-5.880841607139674,81,-12.600668035263844,-6.336101749433231,81,-12.329772132239963,-6.282366171398719,81,-12.582542757911737,-5.487710213437205,81,-12.379815956026526,-8.493892590611068,81,-14.022927719497266,-5.827459062183679,81,-12.693190322176074,-10.4384387664202,81,-16.912969789187006,-9.752712521061301,81,-18.017088592575238
207,-7.367175492752141,68,-15.176888852130366,-6.813131651343792,68,-13.309515433269555,-7.262504967428586,68,-14.058807534935474,-6.363979040822272,68,-12.417490839737237,-7.194990484248784,68,-12.952192501975443,-5.493097375357366,68,-12.422799484521953,-5.600736869758012,68,-13.699169887480862,-6.3410903504887886,68,-15.77676923330831,-6.352688879405884,68,-13.96736150899766,-7.344949752623696,68,-16.115900660290013,-8.787337053152127,68,-16.376590557878036,-7.131909545216031,68,-16.09850359481254,-6.98213189747035,68,-14.152076916653936,-5.04356983981223,68,-12.568703777217777,-7.783748561148624,68,-15.490737058292732,-5.855942913042506,68,-14.603039413086229
208,-6.7459231821746055,43,-13.893846650279256,-7.667517224919908,43,-12.630254854340068,-9.202186960453552,43,-13.134210906701515,-6.15475893196026,43,-11.94451469667742,-6.044064791134497,43,-12.962720575371968,-6.4235767042425715,43,-13.245488486965549,-6.6710712298576125,43,-12.701457600631898,-4.352911021204438,43,-13.041789194475573,-5.333187646220305,43,-12.210940687533668,-6.907259825677665,43,-13.300560362400367,-8.003143002412642,43,-13.252196209856539,-6.333086798897125,43,-12.20007203165725,-7.688978041725968,43,-13.12758123132441,-5.927454360893493,43,-12.702842844663763,-6.610134399263777,43,-14.174480206215712,-7.126796815901701,43,-13.710636385807875
209,-7.936315767441632,14,-12.074986124511089,-5.879078433141095,14,-13.272526426932378,-7.309274718384108,14,-14.181579541501254,-6.6387327480126395,14,-10.871096567723606,-6.15740859228596,14,-10.555286882930417,-6.049702432828674,14,-14.395112187767708,-6.77502477676922,14,-11.984865763915804,-5.937356470474198,14,-10.812736768885408,-7.599041460445658,14,-11.290590754499332,-5.580988361595843,14,-11.407203041933233,-7.353222502625851,14,-13.612303523212146,-6.5800666505145315,14,-12.83561601984024,-9.382566423952476,14,-13.478983320102127,-8.08211132090599,14,-12.518575203731686,-10.071514781454372,14,-16.59096974101508,-8.443353862291218,14,-16.014512328259556
210,-9.699939154839587,32,-16.90195887331032,-6.2408252179689105,32,-14.512590264287859,-7.8730964094977605,32,-15.035284777663097,-5.986737968910996,32,-11.170677199559574,-6.417384103726028,32,-12.501525990274464,-5.318857987342355,32,-14.19070584160394,-5.934214183829852,32,-14.144424699544695,-4.897815252374716,32,-14.079510232594806,-7.197223667824821,32,-13.317236111175912,-7.157625438554293,32,-14.522486808509878,-7.835435661506423,32,-15.81544760269933,-8.059450343679963,32,-15.016702430568108,-5.659402516249788,32,-15.121208071653445,-5.054349305227007,32,-14.142131086435974,-7.413347468190613,32,-15.742678791797587,-4.14333803912967,32,-16.374019214582685
211,-6.88100419559424,21,-14.259764007499323,-7.207237463261644,21,-13.014359190476272,-8.245889054765485,21,-14.227927254755704,-5.145455961425993,21,-12.61583046812329,-5.057971035307668,21,-14.200809811330082,-7.724886013409671,21,-14.507472373792595,-4.9681812693888165,21,-11.64098515674609,-5.640483601919355,21,-10.555010375292778,-6.1038260770590105,21,-11.846460470895956,-5.9665730809731246,21,-12.480997768825759,-6.665674891817282,21,-12.771545209182118,-5.249345694694859,21,-13.138778029130604,-7.685260957828103,21,-11.6740560977467,-4.6550949806657655,21,-12.741418561591658,-7.086589496313761,21,-13.777217637405776,-6.460067356077377,21,-13.220436405762575
212,-8.857973430405648,43,-15.255829972533073,-6.745592453921966,43,-14.302199951596059,-7.330959210630086,43,-15.39452023928819,-6.321652958812386,43,-13.490487589630373,-6.528589093425734,43,-12.578077234858679,-6.115907802785139,43,-12.532288328534227,-4.692440885119077,43,-12.494078171332479,-7.1661414548771685,43,-14.026724238222034,-7.6127450022940915,43,-13.56788654372731,-7.268710791084195,43,-16.154549478017366,-8.364187818306807,43,-14.89963988710593,-6.349369478507661,43,-13.823617700353442,-7.376308740483687,43,-13.95608653898165,-5.985071310084536,43,-13.472502933817951,-8.587741702466067,43,-15.348885205799952,-5.526469316735765,43,-14.155315173866445
213,-5.508686029980806,36,-10.902017537675375,-3.8074774038587296,36,-12.406963085929615,-2.7572357656465907,36,-11.345606995894302,-4.2813644034354175,36,-10.716058071033348,-4.286345685701259,36,-10.255556433311074,-2.844759264519805,36,-10.589328505272249,-2.4766344150984474,36,-11.219281427321828,-3.732452409678648,36,-11.28658396514469,-3.240884732250473,36,-10.36305717122005,-4.2771323813403646,36,-10.888049964597128,-4.348248937558826,36,-10.105949170587662,-3.4646622710401376,36,-10.653825496374678,-6.994321828531239,36,-14.937440749921077,-5.718794909597431,36,-14.036016136329724,-8.61222033867863,36,-16.26502093729933,-9.204343560472449,36,-16.004404394977986
214,-7.375927634243157,57,-14.281666430780792,-6.455304508782113,57,-13.868674538625118,-7.821674220170288,57,-15.224760168843138,-5.263169384009706,57,-11.933471530324312,-5.632051226954459,57,-12.424323883187858,-6.235798172168545,57,-12.940328747718278,-4.742687974014162,57,-12.762274771660028,-6.871634610067022,57,-14.147845099208096,-7.555120222601,57,-13.882004739972093,-7.469001460989508,57,-14.388618976977316,-8.115468234165814,57,-14.396532436422858,-7.177456472998067,57,-13.602093362905464,-8.32870564493172,57,-14.851680027658304,-5.9849073427961885,57,-12.609265915470843,-6.711280287442891,57,-14.120584261995212,-8.29420471000812,57,-13.66805960187089
215,-6.742385886878247,35,-14.379451061581127,-6.12579730344024,35,-13.727357874392005,-7.576155813121136,35,-14.918885536159973,-5.282806539907608,35,-11.321184542821703,-6.351463801058394,35,-12.263964423739498,-5.825941157806471,35,-12.152402091245118,-4.539625134891257,35,-11.819867012414562,-8.770367016534056,35,-14.470571523360187,-7.390564959702455,35,-14.055505684144403,-7.74757890039293,35,-15.058778360673301,-6.726622621708735,35,-15.258110379749539,-7.1277494395830505,35,-15.781828045579685,-9.266905180555003,35,-15.159087295984033,-5.2471287930250154,35,-12.94595455121021,-6.343298687986144,35,-14.871727787901655,-8.320917755795387,35,-13.25967800662729
216,-3.5554344163688603,224,-10.728257329576218,-3.2972723027096573,224,-10.702070940590122,-3.3169914882373774,224,-10.182364837797564,-3.3216374467728,224,-9.486759892004738,-3.713452666421004,224,-9.68124660285538,-3.3985067600092327,224,-9.697708826766767,-3.0891213576448857,224,-9.538477763153523,-3.4541753657816194,224,-10.112090521729005,-3.1544874655210817,224,-10.003316328065779,-3.1410822394120874,224,-10.610405705475683,-4.493590877294516,224,-10.86133357648369,-3.362774197165679,224,-10.664661123882732,-8.062787503083333,224,-15.715486404463682,-7.165984843661384,224,-14.74773482832308,-7.589070670972627,224,-15.69873519403684,-9.11078004450034,224,-17.132280710618748
217,-8.420805131940828,156,-15.268200080741067,-8.452230837252902,156,-14.383602609663175,-8.597842816472333,156,-15.010072843239843,-6.66676037743488,156,-13.324881448974907,-6.1166243188059,156,-13.72079019352968,-5.871078574324798,156,-12.540518629519752,-6.579178536021104,156,-13.175663100664766,-6.631997040809572,156,-12.648793360603797,-6.304530182089412,156,-12.68390980650273,-7.48617563321435,156,-13.36534343762112,-7.544047226252907,156,-14.069633119079729,-6.802884837475098,156,-13.422792998689077,-8.823361876578486,156,-15.297702358649447,-8.025956461025899,156,-15.18175784634392,-10.256698255479408,156,-15.570789989400833,-10.529178751072683,156,-15.36000235000019
218,-3.650137012378934,57,-9.158283877918818,-2.4697425747758848,57,-9.917768508422418,-2.5976725426110385,57,-9.545436944007372,-2.131677584675904,57,-9.046464693090554,-3.887620986699983,57,-9.04717166179297,-2.479816940667576,57,-9.609728740551384,-3.393204379761619,57,-10.251973715114538,-3.579818144523725,57,-9.2264848670325,-2.2901016000628873,57,-9.696815721773033,-4.364675457992399,57,-10.369682012537584,-3.7620043606988887,57,-11.067441525916452,-3.31547230640226,57,-11.35333401046243,-8.992948048760866,57,-15.922611594738743,-9.381158401976231,57,-15.359779818320137,-6.832773440187668,57,-16.582645987773418,-9.828383358168493,57,-16.726686697822032
219,-4.344731197407614,45,-12.69565827779022,-3.8372912002186044,45,-10.501852581951027,-4.130677299690223,45,-10.99318244293247,-3.0162952946181134,45,-8.749741839051934,-3.933479891084073,45,-9.965139316484397,-2.629528011652699,45,-10.173158974164538,-3.542310972445696,45,-10.426504044543313,-3.514343210628213,45,-9.696476050112777,-4.154735279934294,45,-11.426330513256588,-4.014037871788509,45,-13.101497804092903,-4.678579199208896,45,-13.14424345833444,-3.83507836317015,45,-11.867026238250203,-7.354712115304155,45,-14.929775372061865,-7.85750599539978,45,-13.780677935469827,-6.018211059673156,45,-14.818912369064032,-8.825704525377716,45,-15.109509885352544
220,-9.86946244287713,68,-17.17541928428987,-8.306315958752553,68,-16.781930251010703,-7.389842449668374,68,-16.41405786539857,-7.345886914601781,68,-15.279250703656706,-6.875004016671208,68,-11.901226768743365,-6.179091884566443,68,-11.984452269391305,-3.7704039183102362,68,-12.475834300837384,-7.848742761660911,68,-14.657780160546361,-8.538417461765876,68,-15.055881413263993,-9.014287835645693,68,-16.993865331967047,-9.256727255764076,68,-16.324691793648807,-7.888920603892987,68,-16.781924086087688,-6.026640694635603,68,-14.633767907443488,-7.046938226702344,68,-14.348073345871487,-4.878964392027004,68,-15.505696782934226,-7.40047189881164,68,-15.570738378431479
221,-10.80095590577151,49,-16.29771546105991,-8.100239891142184,49,-15.095125738208244,-8.497952529164131,49,-18.206527436592147,-6.236781083067759,49,-13.870872929347751,-6.054724531626037,49,-12.995245457142886,-8.108832955631668,49,-12.551473774994227,-5.189260079645889,49,-13.147418946994717,-5.25509359520826,49,-15.521445945794405,-8.350677642767332,49,-17.135960234447744,-7.975485610225387,49,-16.02363680922494,-8.21344391827018,49,-16.095214271345824,-7.662227606918042,49,-16.230242446820064,-8.803307767521837,49,-14.564351745003293,-4.663635676959401,49,-13.02784485647755,-6.4093827181185326,49,-12.952049629120019,-6.288913248250109,49,-14.148031499145672
222,-11.885919035648175,28,-16.9980267802561,-9.414287522146775,28,-18.753076000144727,-6.971054730642235,28,-15.571222429794254,-7.170030474570735,28,-13.658236431519594,-5.702172320642493,28,-11.975338238287785,-8.516639282127649,28,-12.767146748650525,-4.370429524759338,28,-14.074694921080948,-7.258200353637164,28,-14.6711312430341,-8.527069628113376,28,-14.911604591765355,-9.510636027836428,28,-18.133108227093004,-7.428540040031794,28,-16.073199550697417,-7.7183998062574055,28,-16.007860916561942,-6.772535440564916,28,-14.601431176629836,-3.8273527378932664,28,-12.524258141847891,-5.732110014981837,28,-13.946366174973353,-5.42379067589546,28,-13.944686533392154
223,-9.11434515712759,75,-18.090036378350806,-8.887074033996997,75,-16.61022466111,-8.587097156576391,75,-16.71233439039479,-7.232717382607099,75,-14.473929623411856,-7.6544228709639786,75,-13.091256991742934,-7.826703882854618,75,-12.819235478589361,-5.383797639427483,75,-12.804706546067377,-6.822836757763339,75,-16.54397234428522,-9.336617859760795,75,-15.354461486975941,-10.766601745887911,75,-18.135521748140402,-8.82146731335423,75,-17.272129168095983,-8.764254797752933,75,-16.35409308566704,-7.9698659011542885,75,-15.863693734017058,-5.91653015479981,75,-13.771428008228572,-7.295194581364904,75,-15.19508662588229,-5.988107534995103,75,-14.681661918247471
224,-9.512465343333359,48,-18.56251952887985,-9.180554650414992,48,-18.370381333690315,-8.595146937559882,48,-17.82862292762245,-7.778626233238617,48,-15.91043577739589,-5.220533399640641,48,-13.600382074853703,-7.284392654561353,48,-10.77537243126794,-3.9432955269605605,48,-12.648467794392717,-8.079187736717252,48,-17.44449885726311,-9.442618034749032,48,-15.651636477730662,-9.697757610191097,48,-16.975159014801157,-9.490033956626096,48,-18.67150748745724,-8.934113561842196,48,-17.606566658811687,-10.427430958226672,48,-17.945975750083132,-6.493714986013373,48,-16.669850949865953,-7.817422031378777,48,-16.778042708326634,-6.8904891386231455,48,-15.958087767168443
225,-8.464804715899321,44,-17.060803210160266,-9.04946276600805,44,-18.138803824324054,-9.607815192857903,44,-18.194511646803097,-11.199272121497316,44,-17.68593610154343,-8.519884111183439,44,-14.293681859105192,-7.1228644142678945,44,-13.201777500172904,-4.8256218376866205,44,-11.890259242674734,-8.063391472589416,44,-15.284481328523666,-9.593660302763947,44,-17.157096005964615,-8.942759678175301,44,-17.21111438833458,-9.50315491338353,44,-17.798888331886253,-9.374939390434365,44,-18.05938645714536,-11.141539477647447,44,-17.607728625227733,-7.975187267518517,44,-18.63256950148546,-10.552161843387385,44,-17.932369022306187,-6.8266836758260805,44,-16.15392293377225
226,-8.607543434974355,103,-14.464932444901095,-8.384080168269914,103,-14.619139280694295,-8.743899753468522,103,-15.20914362265247,-6.9818352010196,103,-13.7176567978834,-6.540404337749965,103,-12.999892338817197,-6.236243643396046,103,-12.297164633339472,-5.311248558672794,103,-11.644968630514247,-6.5432619688853775,103,-13.978116121615653,-7.592990886983174,103,-14.836515020678744,-8.53676578701585,103,-15.378458406317337,-8.479354509658481,103,-14.774603609133116,-6.7774504233753055,103,-14.540200744869045,-7.460587667305864,103,-15.129651030898064,-5.164411744365742,103,-15.043705522559346,-6.394337506862674,103,-15.110062707924943,-7.648124202814247,103,-15.595596332799689
227,-9.049839857373218,171,-13.917210424247754,-7.973747912317501,171,-13.072974171469369,-8.467854442655986,171,-13.72122573952598,-6.685372697741783,171,-12.970085346634994,-7.039221626029331,171,-12.698612258979647,-7.182463915440296,171,-13.268954782065085,-6.473706610058912,171,-13.258370168825639,-7.74704924058282,171,-14.122967824648963,-8.326859576472916,171,-14.315579614549767,-9.171945453382428,171,-15.91058480855146,-9.42365871999525,171,-15.89991387498668,-6.532597652203268,171,-12.058649407618653,-7.851934503651733,171,-14.08221563109504,-6.366714435174767,171,-13.338176255036219,-7.920017245960073,171,-15.927384432741928,-7.529042851403808,171,-14.614554196215074
228,-11.375915049012688,46,-16.195144706197365,-8.681872402810699,46,-15.293207970616645,-7.798437606635982,46,-16.834828096656167,-8.854001658889946,46,-16.404864087732296,-8.722887021481359,46,-16.17933674668759,-8.240700893596637,46,-13.341912099463118,-6.342756235594002,46,-12.945922257266123,-8.151027070492278,46,-14.688995038871616,-6.638079206583535,46,-13.804118536464458,-9.146114381839235,46,-16.709027458333644,-10.131389756005069,46,-17.32873595663218,-9.258951789942415,46,-15.12249575829432,-6.290496173877439,46,-15.0840917778076,-8.29557856873233,46,-14.973750029373305,-7.0076173584285515,46,-16.088980557126515,-8.310948737259139,46,-14.987544973052207
229,-10.522905268672371,77,-15.167570737530284,-8.15930162805756,77,-13.940125352677939,-9.754687561453878,77,-15.827575559363725,-8.35930276817713,77,-14.04210995055621,-7.525654723614955,77,-13.377217059948421,-7.668393058307163,77,-13.058130888170083,-6.910956513476929,77,-12.722424099764517,-7.098401035859736,77,-14.212006961672152,-7.882335325172553,77,-14.16680211573743,-8.487666180890258,77,-15.26620318837519,-10.312041388512743,77,-16.533390334930907,-8.18726399849186,77,-14.602348431922481,-9.265938210194584,77,-15.73193193506479,-7.482561916395227,77,-15.743940465221176,-10.089510569476763,77,-17.945083705724677,-8.267575453611727,77,-15.88301860432181
230,-3.8070156809428553,160,-10.215162792575114,-2.844180829003185,160,-9.295922239294567,-2.9049056923125196,160,-9.948133580720647,-2.2619695855714124,160,-9.368130714824671,-2.363114521168079,160,-8.6915337160647,-2.483522809560411,160,-8.679174342077397,-2.5896192807332423,160,-9.654446335928839,-2.862161717080644,160,-10.017104716507248,-2.4503803346762347,160,-9.898187880692863,-2.843373102236737,160,-10.377828542475127,-4.514144931736671,160,-11.601475101667056,-4.800538509640125,160,-12.179374429438965,-6.56060850305548,160,-13.256341105008453,-4.600511852128984,160,-11.731601994395405,-8.036072836007168,160,-14.662978956427414,-8.868440087181542,160,-16.335471130218473
231,-0.6266583748514855,95,-14.977596364616616,-0.7066007518775392,95,-14.782512110089494,-0.250111850026088,95,-15.593185844000377,3.8706953899051753,95,-12.25622463793027,3.8838478221316484,95,-11.802093991105076,-1.4817330326494287,95,-13.005901690837598,3.6714722849217747,95,-12.835066416963958,3.899565255305463,95,-13.306167302832634,3.8806379368670463,95,-12.916564355992366,-1.4128115946233137,95,-14.240430818604413,-1.3889013464618114,95,-14.593532013530295,-1.755320760222157,95,-13.805538006569748,-0.4860964547360857,95,-16.174224545752644,-0.3878310646186361,95,-13.673467901664232,-0.8383122443923925,95,-15.396165028858347,-0.9130470400584688,95,-15.708652300400614
232,-8.777152705657635,26,-15.56683549230197,-7.4335228521849315,26,-13.913746935397436,-7.012853220454519,26,-14.92622097634283,-6.013495568564417,26,-13.930455753918533,-5.379404192038577,26,-13.634432882250758,-7.0693405929797,26,-11.517319346698244,-5.304420242657423,26,-15.303396677408042,-7.088503713823951,26,-13.828945216414574,-6.428987174163781,26,-12.308568144408909,-9.021745305033203,26,-15.647554357362342,-8.28036864034485,26,-14.608271126913433,-8.16553600468203,26,-13.723227340928172,-7.724470934335516,26,-14.294480291671869,-8.310745987390668,26,-11.883348645520964,-8.477394265818155,26,-13.86055107395492,-8.51132265755852,26,-15.979543783690477
233,-7.7881249259073915,143,-13.734886077860612,-6.339315668772128,143,-13.45086408454463,-6.804868070101469,143,-12.985042217463219,-5.058564308330378,143,-13.153080704239466,-6.4295934467700135,143,-14.043015624010177,-6.565057413826667,143,-12.529414044366408,-4.930049255104409,143,-11.616139487602812,-6.3251412609571736,143,-14.599942815826342,-6.68565754522249,143,-14.251495662637264,-8.355612726432396,143,-14.58274673413223,-8.97117018275427,143,-15.226779046448506,-7.584341513976291,143,-15.077193980908575,-8.82350787644391,143,-14.837488387832966,-6.417329570554512,143,-13.43475321867136,-8.467482175372858,143,-15.327487923184364,-8.261784722519202,143,-14.651076625983174
234,-7.120856128700415,74,-15.598170233519271,-7.0084435931792015,74,-14.231283784592454,-8.109044650148759,74,-14.603274016039764,-4.83941768712504,74,-12.858443723806436,-7.339998138118322,74,-11.994089103418917,-7.09921345716321,74,-12.297055063200217,-6.331191972008599,74,-12.369217671311784,-4.948711187702385,74,-14.539685792858448,-5.977554029113351,74,-14.04364202049084,-8.645815090889347,74,-15.672484869697938,-8.912522981471975,74,-17.27713229322389,-8.486627251412802,74,-14.869872801729095,-9.25362239710161,74,-17.356382122149967,-5.545408796259503,74,-14.180434534345354,-8.048411456150186,74,-16.413605380151807,-5.6090701687934015,74,-13.832021538225387
235,-3.8914982313472013,99,-10.45924566805284,-2.463038837457161,99,-9.532808163472712,-3.303809916496267,99,-9.605746093281237,-2.8356996325015746,99,-8.694653270686041,-3.000918859417614,99,-8.96577456500669,-1.9751277070702644,99,-9.627486950760934,-3.1448468663615925,99,-10.109365922429273,-3.52889927953034,99,-11.078741538592674,-4.003273477707771,99,-10.22760877413759,-5.330316837415506,99,-12.440314789811012,-7.535820567173285,99,-14.964199824879307,-7.990702175888858,99,-14.164972919086305,-8.977548144842336,99,-16.219100180426988,-5.457259535848303,99,-13.458972536431808,-9.027149760268934,99,-16.32586609326372,-7.719849761724474,99,-15.37365038951938
236,-8.082381459383765,95,-13.852416774291303,-9.381715489885012,95,-15.048120687663504,-9.609073957892116,95,-15.139415619157894,-8.423841609201428,95,-13.246069677233887,-6.429673749691473,95,-12.04224445236738,-7.011377422198733,95,-12.932300147395308,-5.5148924887461215,95,-12.400493692668803,-7.461313237604039,95,-14.775244352030166,-9.077584830360113,95,-14.111425900335728,-8.994347066179563,95,-15.751740172926791,-9.627422961027083,95,-16.40808566555648,-7.738925175267185,95,-15.223467548889591,-9.560123362458889,95,-15.907749010765194,-6.877961992095106,95,-13.18913325421321,-6.900208884978122,95,-14.337317264470922,-6.4179947368632515,95,-13.864823206344681
237,-9.744558774896277,56,-17.25464974388246,-8.95505383145164,56,-17.419379718479494,-10.177024548873968,56,-18.26851590790595,-8.549361885075765,56,-12.855043082170297,-6.090316732605122,56,-12.62942685822174,-7.927732787894004,56,-12.719831271341937,-6.253186199853601,56,-12.841158343819952,-8.539800719255044,56,-14.933009163281861,-8.155856784844817,56,-13.658805155966473,-9.540415611280569,56,-15.652517339494098,-10.326701943484196,56,-16.828282329858343,-8.963338985516168,56,-15.757553484900683,-9.638706146217222,56,-16.802345427760695,-7.7138890564849305,56,-12.94824263299913,-9.663456702521312,56,-15.324861674377914,-6.862489421251889,56,-14.021986852968762
238,-7.866998599370354,24,-12.708758421488524,-7.521642468444946,24,-11.665311375690624,-8.156678154503616,24,-13.33504226252198,-6.500951289831977,24,-12.649441165219386,-5.802485966137313,24,-13.345025666603014,-4.878418507562775,24,-12.827139762608633,-6.7253735888576385,24,-13.210951901455006,-7.394840563302151,24,-12.766876459422072,-9.681669331805821,24,-12.903092040839827,-8.284073125602267,24,-13.775419485371357,-10.523960533492449,24,-15.591203254441467,-6.410508508242119,24,-13.930147888805681,-10.08370059720502,24,-14.711947031453086,-6.283097274569131,24,-12.290263366573802,-8.286817640742273,24,-14.607481448820101,-7.443644453972849,24,-14.765093706788598
239,-8.535646623226544,63,-15.977126223935354,-8.095797955231031,63,-14.498149345978122,-9.33977046543643,63,-17.046414045879516,-8.309156237547612,63,-14.084260930895967,-7.114826636653761,63,-15.3405547197584,-7.63756768558671,63,-14.140832031655536,-6.154628389143801,63,-13.643207284518589,-7.3767634930249395,63,-16.096962170657562,-8.131480086837632,63,-13.417830533640933,-9.923718786981693,63,-15.6177826465386,-8.771377487447097,63,-16.301641271639923,-6.814957748423451,63,-14.527413089646142,-5.967691859639668,63,-15.141222822184208,-5.56196079395876,63,-11.6362515202721,-5.901413530864756,63,-12.567489374513322,-7.795890679661788,63,-14.077473655925681
240,-8.753771324112394,65,-15.447852131629897,-7.627258544380826,65,-14.141729481113803,-8.964214232722401,65,-15.134278255430662,-7.782511867466123,65,-13.562954977596451,-6.153041770392688,65,-11.733551978620936,-8.172757844975289,65,-12.889003970179338,-6.524898781128533,65,-12.668342842292278,-6.446673431201316,65,-13.013686476830475,-5.206961587036323,65,-12.335430290813834,-7.809313420455565,65,-14.700293804776353,-8.916666093872987,65,-14.757448232962386,-7.7516648966839306,65,-13.824119995450644,-9.015574158401167,65,-14.72524382555986,-7.803061800495272,65,-12.54304117651712,-7.969707780186926,65,-14.788823439586622,-9.225291040779343,65,-15.826062160346543
241,-9.182552657995519,121,-15.956378733432517,-8.936720854262806,121,-16.07386891071512,-7.566543851756801,121,-15.79916897384686,-5.68754254369159,121,-12.784550431061765,-5.894782463207584,121,-11.927520447896198,-8.003992566818905,121,-14.121744790177564,-4.954738973995347,121,-13.66588022858746,-6.583657301197858,121,-14.164915505485968,-7.5105559935134645,121,-14.251460489552892,-6.587509126504284,121,-15.304208976830145,-7.303738349387933,121,-15.160749041093272,-6.121972378510686,121,-12.679080717957858,-8.558045296656898,121,-15.48944355738341,-7.271690728265893,121,-15.15279548467165,-6.921452779406927,121,-15.363570508721768,-7.872142517398169,121,-15.952948346982685
242,-7.554059002802722,28,-12.693743727837038,-8.04806829267121,28,-11.976651490480991,-7.754611845330058,28,-14.22378004336202,-6.796868557959781,28,-11.57376461155106,-7.046165091189041,28,-14.070444875023696,-6.519243436587891,28,-11.575704851288863,-5.463130102028809,28,-13.578260889766156,-6.645852273684518,28,-13.251458100716691,-6.480237384825731,28,-11.855150664479215,-7.385441976450277,28,-12.743070419760468,-9.37303101311208,28,-12.830844806041856,-7.6027508892085915,28,-14.400759883954057,-7.998172531930846,28,-13.288595551552227,-6.86680485461146,28,-13.644287152655286,-7.046144936833246,28,-11.14887191635696,-7.620300941736337,28,-12.723037183233748
243,-6.785618373057786,33,-15.142583216887841,-6.738353630668127,33,-14.867998976381063,-7.9806253822774265,33,-15.25135046495016,-6.09467481368611,33,-11.970557702743637,-4.956267137722865,33,-10.248366847316055,-5.15653395572142,33,-12.408146049862497,-5.062240959642246,33,-13.630175641186977,-7.0969877094242655,33,-13.077963896045663,-7.366483453144345,33,-13.905971077488202,-8.855388960521934,33,-14.906442864692943,-6.16564292156038,33,-14.838922929349899,-7.860948701877003,33,-13.464433366904515,-8.829644464519008,33,-15.922661915382532,-6.913650241346165,33,-13.394160756181396,-7.431596415820104,33,-15.492119627606542,-7.039458211421993,33,-12.658451240414635
244,-9.040166139687898,82,-16.00808871635405,-7.675478350986172,82,-13.109294516355384,-9.94176165827018,82,-14.509775385167131,-6.165093434644246,82,-11.465908992848586,-6.307028099897867,82,-11.223653820805401,-8.12051981530628,82,-11.50179251139029,-6.93477865802143,82,-12.455851920679464,-6.279610738320864,82,-13.589996471874997,-8.131405130671542,82,-14.925973251783454,-10.72137097313026,82,-16.182412779830294,-7.827578643721668,82,-16.30020615232076,-6.434773933646261,82,-12.15620946064135,-8.838261051597346,82,-15.565967704687957,-6.911206685946861,82,-14.508150420952,-7.904649277179239,82,-14.920756657742839,-7.467184462659759,82,-15.359536475409506
245,-9.998934465500895,35,-17.202621447593422,-9.662106321082206,35,-15.173902800603472,-8.922632753875494,35,-16.39546373133272,-7.194532539667765,35,-13.638753244736435,-7.525481580554656,35,-14.012107246757813,-7.2853627876769025,35,-14.046678608740486,-4.839828965297998,35,-12.716370295594787,-9.063627271463492,35,-15.92461001323894,-9.875129558880527,35,-16.178685851928556,-10.475285818675221,35,-17.043256397247944,-8.195195833250501,35,-16.91603272897558,-7.143095718901277,35,-14.724068177596983,-8.99748544447367,35,-16.13132374768073,-7.952929754485128,35,-14.012933487941206,-7.966942859427331,35,-15.812210860425463,-7.34358810110395,35,-15.159278342606315
246,-2.7606678987905786,135,-10.19064981869125,-3.1530600516478597,135,-10.633038478860238,-3.5560001094381057,135,-9.652549835729484,-3.737471984814788,135,-9.106813065373625,-4.069040015631297,135,-9.980848851252436,-4.2816945465353164,135,-10.426320568748384,-3.7183507167517327,135,-10.308934543757161,-3.5040672463328226,135,-9.821921857808647,-3.6047857856249426,135,-11.080624377680643,-3.542522837392197,135,-11.146253517844546,-3.8751351026270524,135,-10.179867958182715,-1.8110572179347129,135,-9.576377362024381,-2.6298538698000957,135,-10.553116394003183,-2.0686535967834367,135,-9.908190031661864,-2.413409801491556,135,-9.231877483661359,-2.661597205032859,135,-9.276979361278121
247,-8.134629554715819,36,-16.149772505165352,-6.473720079121053,36,-13.174683740748938,-7.24043032635421,36,-13.421623223098383,-6.952748235436012,36,-12.93923178900047,-5.248754279131115,36,-12.3837641694202,-7.4994789566944196,36,-12.430601744386799,-6.57717783793193,36,-13.110234758025657,-7.392692701526697,36,-15.387841529193961,-6.928515494378802,36,-13.201905294068068,-7.6441352140640975,36,-15.55460590748375,-8.188887930990266,36,-13.97843188798674,-6.446405884887945,36,-13.72533442157355,-6.393083778976774,36,-14.01488746710822,-6.284049351990209,36,-11.79528281275276,-7.227235282906803,36,-13.88379370407218,-5.8189512053729455,36,-14.431165839957782
248,-5.686508444827487,59,-11.602010677426373,-3.1539599066616484,59,-10.860510803638192,-3.3731558302806675,59,-10.484682620055882,-4.266604271920762,59,-9.643102965513105,-2.2852386458674148,59,-9.811738382818854,-3.705706554360051,59,-9.772320671126339,-3.2983621920172075,59,-9.89345624612608,-1.825920388172628,59,-9.906426522623269,-3.875651842510177,59,-10.004517004084363,-4.503128529099082,59,-11.113950854144981,-4.809100625163706,59,-12.446229215466806,-3.5778430081791104,59,-11.195863174450922,-5.451305561989623,59,-12.875390100419155,-4.317621198274175,59,-11.65746249340289,-6.449651669625974,59,-13.239073601313505,-7.599648953518312,59,-13.918804723120914
249,-8.396382159952715,33,-18.32785094113623,-8.465649415107908,33,-16.358243205138056,-8.422379878979593,33,-15.166867583487049,-6.091611165405545,33,-11.662086731125488,-5.968044616779836,33,-10.432320969611306,-7.191155937792702,33,-11.334322837821723,-4.789984430480198,33,-13.642956596120204,-7.692334725440007,33,-15.477580715265313,-8.922766405202298,33,-14.319660275331723,-8.454667689581953,33,-17.804186951014493,-9.423323967425251,33,-17.56471571760627,-8.345081373840957,33,-15.000475784061253,-6.972243787594886,33,-13.72125686511891,-5.9232314560570645,33,-11.632683985987821,-7.972168623460144,33,-14.151812866554238,-7.227690121238872,33,-14.635313006493526
250,-9.270606465764894,55,-17.707531485715716,-7.5374618872910375,55,-16.203514730339684,-9.370974521269385,55,-16.356679540797373,-8.106450364498757,55,-14.642393221849412,-6.391838520916626,55,-11.791677336794844,-9.394663840082195,55,-12.855453211974456,-5.683494534014621,55,-13.563095983724882,-8.221743019287262,55,-14.906011347538147,-8.389530386217896,55,-14.084917555145815,-8.717538801038646,55,-16.254356652317888,-8.964451296667459,55,-17.567496702282035,-8.056863574893265,55,-13.872679581483245,-7.480169191213452,55,-14.91375817396763,-5.871317440134252,55,-12.254963510957475,-7.198028451913505,55,-13.126667939761138,-7.892267680194789,55,-14.612067395679526
251,-9.299106891787602,48,-17.427974303645918,-8.137311182884671,48,-15.291807195184097,-8.01785371126562,48,-15.40926042883129,-5.9226511299398945,48,-12.376294619682863,-5.854155207000696,48,-12.86213984055895,-7.496629769147617,48,-12.023687018695313,-4.913206285701694,48,-13.36116024069067,-6.404893609445665,48,-16.14314477590411,-8.583391553233048,48,-17.019833589376383,-9.346843168653173,48,-16.18662080484281,-8.687358928207692,48,-15.782614156461712,-6.978261317117438,48,-15.974977741653625,-8.402446371294815,48,-15.333279994469942,-6.215790538902458,48,-12.214590346984064,-4.700269414977334,48,-12.309786655895522,-7.617755245511869,48,-14.037045953243446
252,-7.519497727208259,107,-16.863924506422602,-6.493944107161987,107,-14.24099595553612,-7.037764544353557,107,-15.091097803374966,-5.447849961460685,107,-12.622677865640382,-6.1499694700356535,107,-12.114561632991572,-6.941131775799214,107,-11.970891705807304,-4.643235275504046,107,-13.271072084212658,-5.3998731524281505,107,-15.942896076469783,-6.6391219339910235,107,-15.55605022457743,-8.622451357105723,107,-15.954510291312262,-8.079220054870836,107,-16.38358206216991,-6.175774202522264,107,-14.48617385003776,-7.761541041400291,107,-14.544887862681009,-4.764488110763966,107,-12.502515271090092,-6.235212831067188,107,-13.035820891911118,-6.668286479918705,107,-13.59201535300684
253,-3.2337200527905234,74,-10.795079575968105,-3.15278365900677,74,-10.585865237808354,-4.08480233175224,74,-12.140887338236823,-2.6349905780383693,74,-10.662125465739997,-4.061306100375676,74,-10.474079817193601,-3.2430065695938044,74,-11.319571367503363,-3.1148918051946812,74,-11.326245144017463,-2.9788140500745137,74,-10.77191048247654,-2.708118803754289,74,-9.314580614502685,-3.696774897001241,74,-10.856143981257686,-4.513836849949759,74,-10.59925754665356,-2.375910868455519,74,-10.886883857468526,-2.9369635704713537,74,-11.553296417813517,-2.0585274282651533,74,-11.179367520867366,-2.064013996008992,74,-10.901136109841845,-2.5967046501847166,74,-11.469709227262504
254,-8.700231590548109,216,-14.779580217797875,-7.812157153793317,216,-15.451267034102028,-8.297313283031421,216,-15.066215625060464,-6.564640366479497,216,-14.756655635885172,-7.017541756465752,216,-14.97773729983718,-7.463017890134291,216,-14.38630786474796,-5.33346825434146,216,-13.948732742483285,-5.45879941738738,216,-14.394077407937276,-6.78694044063148,216,-14.639152681435295,-7.742150222245574,216,-15.304949581765197,-8.083925359549575,216,-13.881088188590967,-3.9819222475364953,216,-12.341295494739676,-5.863818071678634,216,-12.693241055843439,-4.66253043073034,216,-11.63606524773893,-4.507025938830891,216,-12.080905033749026,-5.460876319551949,216,-11.843188429735472
255,-11.191297302320644,39,-17.18693528378093,-9.190683173346304,39,-16.112278892425497,-8.565003360095666,39,-16.38630571337503,-7.467613861774015,39,-14.605462713735724,-8.014462861851348,39,-14.939314892107479,-9.08491424259405,39,-13.582847430120577,-5.22245252591789,39,-14.05905944471158,-10.004400588294205,39,-16.52514038038676,-8.94974092863985,39,-13.403644351273174,-8.89474234362867,39,-15.695631576499645,-9.952969677955839,39,-15.955697669034981,-9.804007174834734,39,-16.852339534880862,-5.886359282792627,39,-14.831737816098364,-6.023801433374702,39,-14.434027914105679,-8.175586238893676,39,-16.699267860458512,-7.014650362338294,39,-16.00409815719351
256,-5.536594723786081,34,-14.732070522785394,-7.417887033776232,34,-12.573880561406565,-7.789508568048062,34,-13.838111626381881,-6.564328692578398,34,-11.167085896394013,-6.107654685851227,34,-12.339675998406294,-7.359165458057469,34,-13.541872899729686,-6.215420574273534,34,-13.865055642945618,-7.93015122468547,34,-13.710506580496935,-7.4874688898868635,34,-14.188190602823648,-7.997125633734715,34,-14.576196982128348,-8.720469396942633,34,-13.828393940468981,-7.531830679855521,34,-13.880560491750572,-7.349609221759273,34,-15.358559627907812,-7.354822457541516,34,-14.59704499730523,-9.340650959038078,34,-16.368462742318126,-8.865702491273996,34,-13.557395501034238
257,-8.33540974892234,27,-16.20167173296518,-6.903375995737131,27,-16.931193155697176,-8.724837672113757,27,-15.914965968344102,-3.6180956134635407,27,-14.235091298254831,-3.716151865713158,27,-16.284476411327557,-5.658009053825788,27,-13.510274726752048,-5.78411564034,27,-13.882539226138986,-7.986956906100822,27,-13.6793081338923,-7.448951389472108,27,-13.6195244521735,-6.779937642045212,27,-16.17962530534854,-8.884412323033859,27,-14.436604619761457,-7.030105934825065,27,-14.873412517874137,-6.472021502674215,27,-16.502983333553786,-5.645723836512058,27,-13.275856854893863,-7.236549291686137,27,-15.050653677288945,-5.003608089482099,27,-14.966964998163624
258,-7.286768423057693,69,-17.586435705213187,-6.323488942021096,69,-14.920069015838262,-8.16344872771779,69,-14.716873444949037,-6.657380571569769,69,-13.006127463311053,-6.347583678960726,69,-14.086557305440744,-6.315644092459371,69,-14.415176813259801,-5.3375236674478135,69,-14.470052120235335,-8.539582083570089,69,-15.49442809420012,-8.634619955548446,69,-13.888758629689544,-10.307562846833612,69,-16.49093308760737,-9.00974027159079,69,-16.918828080348906,-5.6441822937421415,69,-17.068450896115394,-5.513694840389324,69,-17.065494890461967,-4.776410727330037,69,-14.96840022969938,-5.359067552627357,69,-13.967116285758081,-5.242157313997417,69,-15.58217179469273
259,-8.294341702936554,76,-14.195180151871345,-7.445047163013607,76,-13.427605103935331,-8.628068686499677,76,-14.839792688222964,-5.344664833299295,76,-14.043900028547466,-7.245174140059788,76,-12.765926675701584,-6.618163871971189,76,-14.264340325712904,-4.8106962170576,76,-12.413927837564028,-6.909331896817732,76,-15.313871715772574,-8.25501111287496,76,-15.057145286275562,-7.331200250568064,76,-15.246216630427945,-8.697305979850386,76,-14.738978322795512,-7.304252228953222,76,-13.820793956582571,-8.975550106601132,76,-15.424804981003232,-6.733980848955783,76,-14.233775833248295,-8.559601274870417,76,-15.488880131190264,-6.944740695628308,76,-14.648157554896022
260,-8.851510968645117,184,-15.761512495140975,-8.133870126402647,184,-13.807798680667409,-9.812606532719657,184,-16.627836692250074,-8.184405614738672,184,-14.688801579456163,-6.798233121814725,184,-13.417131501236902,-7.387637828206511,184,-12.86394949906239,-5.539023292655179,184,-12.760659209045933,-8.216155934686984,184,-14.795678628818118,-8.887677929743209,184,-15.51159964080422,-10.16101560885822,184,-15.79552748320506,-9.66147708556812,184,-16.01453028316982,-7.9548066938824995,184,-14.731918400823174,-8.181127094928701,184,-14.572831834748268,-6.007151681517316,184,-12.831738508301678,-7.065794267022721,184,-14.487708156676442,-6.459020546002726,184,-13.952444895197956
261,-9.869378554318121,88,-17.469240345354734,-9.829014569893758,88,-16.331858551779014,-10.0379421536033,88,-17.384403795726225,-8.025296570178677,88,-15.198835585053118,-7.16220988117425,88,-15.205293842204652,-9.08428606467476,88,-15.560398937437316,-5.712018013496883,88,-12.965106639438346,-8.556006230798143,88,-14.352582514856051,-8.18499837992963,88,-15.321476569553843,-8.438294096829729,88,-15.881926628734675,-8.536294380231404,88,-15.59771018311665,-6.035684881612741,88,-14.546111853017427,-7.053057082436274,88,-14.766167194989597,-5.265431682896541,88,-12.502441084298543,-4.043936149777718,88,-12.841842225788787,-4.497659345773565,88,-12.788373364079211
262,-10.333903995212863,131,-16.603160278532513,-8.75243902855695,131,-15.770296041007512,-9.31195994184134,131,-17.260037565968503,-8.135599645726513,131,-16.073498169761848,-6.267117947804895,131,-14.485374741866476,-7.374611340028968,131,-12.99812106616219,-5.63573290542304,131,-13.183267824477385,-7.204561871263518,131,-13.97653116457114,-8.394498505778671,131,-12.363121388599447,-9.094096031195235,131,-16.40683572013413,-11.024709884089019,131,-17.79934795685901,-9.441999242812884,131,-16.626132132496675,-8.573448490254565,131,-16.78335784500423,-7.956490609915301,131,-15.223015046418986,-7.412107105699467,131,-15.502457192036038,-8.796286464856179,131,-16.06455653663307
263,-9.256599927168603,83,-15.96287042343719,-9.482611514838798,83,-17.40686200185061,-9.0623810014299,83,-15.42749474382436,-6.659295601364933,83,-15.544523489088458,-5.096176420227754,83,-16.24389753338072,-10.0938003884629,83,-16.997113418179644,-6.813744009258143,83,-13.288726059771506,-7.093560161065713,83,-12.070619645450545,-6.8357267021793335,83,-11.102250123350698,-8.016137990275313,83,-16.32356956360752,-10.320481895431149,83,-16.57988822318423,-8.391580161655073,83,-15.817317216329807,-7.389594170032626,83,-15.557550310189452,-6.496376789040483,83,-15.772087871156293,-8.161257565567317,83,-15.466724173601857,-7.935742369807811,83,-15.53571197206772
264,-8.444324393674968,64,-14.899511220212666,-6.9272814520705595,64,-13.505599161158292,-7.6742719039335805,64,-13.496409208435756,-6.620739970114204,64,-12.16729619171672,-6.187580462889677,64,-12.232020423783595,-8.251943416526055,64,-13.511239253498799,-4.880334513533857,64,-12.206393168640915,-7.430098967902063,64,-13.507434441313526,-6.569277647056437,64,-12.582300759965557,-8.706588287797008,64,-14.860538198585534,-7.89365877881202,64,-16.25169895965221,-8.460324036752098,64,-13.817261394854437,-8.20535114441161,64,-14.019032732437513,-6.386190928623447,64,-14.288143070334222,-7.622251700643798,64,-14.92158129455066,-8.425248867083502,64,-15.038317922168558
265,-7.432841760670808,20,-14.313632301803253,-7.984422068992114,20,-14.79558044261851,-9.350791890334344,20,-15.714160692818472,-5.854328892653536,20,-11.39946122035739,-5.501089063617572,20,-10.475854564023809,-7.618890501424564,20,-13.646800534247346,-4.801180123893678,20,-13.01478768184711,-7.1041213569264965,20,-12.277818890009202,-8.371443738782496,20,-14.241339659764183,-9.154515058155628,20,-18.17404151603059,-6.31541206126866,20,-15.285748525507065,-7.065085903552717,20,-15.122828401098916,-7.107034421063178,20,-14.409155582407902,-5.347796230980448,20,-13.266616782175012,-6.607593504707539,20,-15.397223465339675,-7.670521699629261,20,-14.052743982653729
266,-7.79342278539806,61,-15.177724066660762,-6.64208204775043,61,-14.120781938330554,-8.128777703580678,61,-13.970639348578782,-4.974634829000355,61,-11.74030550621141,-6.301935755467883,61,-10.536332600261114,-5.962037393803442,61,-13.11211201341483,-5.584490938825743,61,-12.760467793125017,-8.462258164404865,61,-13.999444759523952,-7.91824218677564,61,-14.201148365886704,-8.904962942172679,61,-15.168521907630236,-7.364804582893494,61,-14.802637417920701,-7.704015912347596,61,-13.48466211205762,-7.854999227844974,61,-14.398278808622504,-7.17285845692222,61,-13.064226163870135,-7.935802817404229,61,-14.850283853579587,-6.766995973744075,61,-14.659678050988695
267,-9.733679009864582,219,-16.720727064205228,-7.66006210040141,219,-14.198820724503543,-8.638121170700964,219,-14.708641036384298,-6.816642915756168,219,-11.569685687619604,-6.375994708482782,219,-12.27815758920292,-9.30837779304812,219,-14.897455696968919,-6.57390089768779,219,-13.261681020857875,-5.838434089575698,219,-12.439512031538316,-5.042516595341441,219,-12.046722178739715,-5.36804422843545,219,-12.525598994064872,-5.147879415855955,219,-11.557019923363514,-2.731995747979052,219,-10.885977494539315,-3.6579064313484504,219,-11.00841139807642,-2.9939149903298725,219,-10.150300082756425,-3.2902239098944595,219,-10.382287596339854,-2.862023280776802,219,-10.880600591904834
268,-5.72357600311082,55,-12.285501233236054,-3.9960099567717213,55,-11.263219591418927,-5.891700911407705,55,-11.790582421868201,-3.8300003241253404,55,-10.807434637055021,-3.7668379431853176,55,-9.98267276031896,-4.551216400534756,55,-11.548608696778812,-2.2903176600106585,55,-10.74584405866019,-4.086079954936645,55,-10.181946434167253,-3.0616084291688224,55,-10.658592760418891,-4.091999577808428,55,-10.140964898312191,-4.348730888082048,55,-11.486410395949129,-3.8546208215339552,55,-10.500764443290597,-4.9833579152704885,55,-12.436690627088598,-4.255288818583886,55,-10.773552240952071,-5.511882360995931,55,-12.326141162919313,-6.1753669865576395,55,-12.616266876300502
269,-4.977592588155674,73,-12.669222749261362,-5.851160244048748,73,-12.523043657668111,-4.931709777875258,73,-11.978384164574848,-7.3862301927717215,73,-12.194851002897027,-4.259907028048639,73,-11.336962285059496,-7.093034052325201,73,-12.988058727514652,-5.3444703804561104,73,-11.426442534953622,-5.3098635005994,73,-11.386217527105062,-6.052692956516057,73,-12.104110725038232,-5.173345236466822,73,-12.4199689523278,-6.851502662938489,73,-14.328669374671154,-6.093163950334101,73,-13.502355131802073,-7.401302774463531,73,-14.34314711493082,-6.62123737400397,73,-12.82008506272735,-8.622791496867745,73,-16.1352215881886,-9.818186745375716,73,-16.452691568964667
270,-9.939927624215754,146,-16.674511860113753,-8.542599840096795,146,-15.243223709818803,-8.67264623611832,146,-16.705962412316598,-8.386848760487153,146,-15.040033452784861,-8.057995285679349,146,-15.444405046345022,-8.165375744604003,146,-14.761498619253807,-5.072693340605806,146,-13.573925386893222,-6.838582156457162,146,-12.87175504988795,-6.353845329074551,146,-11.161892514959852,-7.788193159163504,146,-16.015176708215602,-8.083512055827192,146,-15.910294128965887,-7.318393310857747,146,-15.137139725030057,-8.07987017602057,146,-14.159273656392262,-6.0716454029217015,146,-12.50986577903678,-7.892084094088993,146,-13.919037471375049,-6.515235652671704,146,-13.319110275466993
271,-8.37867115927834,52,-14.5860419546337,-7.955233841007082,52,-14.413974680352675,-8.223559036862662,52,-14.376459129871906,-7.408413395261753,52,-13.956597398756315,-7.436973102027689,52,-14.37356231280706,-7.219983379933733,52,-12.469075833553582,-8.22135783601979,52,-15.276741241404162,-6.223589484841351,52,-13.334419263260603,-8.65669004414325,52,-15.682387669739743,-8.796967180913317,52,-15.514131473827803,-7.126859110054112,52,-14.401865408956159,-5.3942326479146825,52,-12.426832516243207,-8.00369034571483,52,-14.420043613614341,-7.5630263782482965,52,-13.170893528615888,-8.158097608724827,52,-15.184739567490336,-7.304068049245687,52,-14.747138116413224
272,-10.806782392668948,89,-16.62894404290257,-8.447778646345931,89,-14.093550762433281,-10.181521135021587,89,-15.16337813667267,-7.3364931000339535,89,-12.442452623481476,-7.601327551547903,89,-12.150930036972593,-6.7890463116163815,89,-12.927213350014073,-6.092843420559031,89,-13.156124540607902,-6.752551435590176,89,-15.586509956595691,-7.774124275205133,89,-14.77461253704476,-8.740329198703783,89,-16.261988225153726,-9.242556402589276,89,-16.147295284237195,-9.054322091456653,89,-16.118072021904187,-8.866479770742213,89,-16.57688195825569,-7.458429589121822,89,-13.751157094276644,-7.754373491491248,89,-15.315867026009759,-8.617940137210129,89,-15.238935688503666
273,-9.511325077015991,112,-17.705237645854417,-8.567676331840136,112,-16.014332064180024,-8.90996341429209,112,-15.763980122473967,-8.885216481771632,112,-14.164730235388499,-7.994166942540298,112,-12.823185081162727,-7.09221991009095,112,-12.860976441651497,-5.448184987497834,112,-13.786934813898338,-7.470634711292076,112,-16.000744391528894,-9.387656485978662,112,-15.825706443640712,-8.808217850648074,112,-16.52477439602595,-9.38713997910165,112,-17.890689992050596,-8.226971867637431,112,-16.255924214307843,-10.297112499619738,112,-17.268436358738402,-7.954686174674375,112,-13.447962584164463,-8.50972007361735,112,-17.131290350208268,-6.778485959684052,112,-15.898728872595782
274,-8.627476697211586,114,-15.70708059447515,-7.56996057270163,114,-15.719162995294376,-8.233590621357829,114,-16.058526296568253,-6.752497152208752,114,-11.814146573945001,-6.649088550376437,114,-12.361562801191859,-6.8963500668498865,114,-10.522542807902154,-5.4658006102986345,114,-11.360053032734543,-7.807775652686986,114,-12.895124313632365,-5.301976615790606,114,-10.538074195956632,-9.025397240483098,114,-16.234336919511144,-9.673060723764829,114,-16.620108383457456,-7.296480350911644,114,-14.567451576893726,-8.32054089977771,114,-16.195381467687987,-6.49258574173765,114,-13.595438402952947,-9.06712687641799,114,-15.54211796348525,-8.820370076310565,114,-16.498635541836155
275,-9.005465351753944,35,-16.088299542749677,-8.025102955232672,35,-13.9320400495639,-10.104288321456734,35,-17.045047347655917,-8.111494110033709,35,-11.419092378029758,-9.398461454845442,35,-14.158628880681386,-7.982523723654228,35,-13.494456669442531,-6.890116472444968,35,-14.08273870449483,-5.800697059386755,35,-12.83269388058876,-8.794521410471605,35,-12.453022916105358,-9.655871895149929,35,-14.703003583147309,-7.5449473374484075,35,-15.668221870735614,-9.204128591774067,35,-14.282256793961768,-7.974649852149863,35,-15.801017787874681,-6.299604325641587,35,-14.153668509963717,-8.559000686492768,35,-14.724474513232373,-6.273117223706313,35,-14.711787766201603
276,-8.755579664905525,167,-15.812938872414556,-8.36342213977266,167,-14.230161562252599,-9.96452139546096,167,-16.112235476619063,-7.734382788443654,167,-12.951714335144224,-7.793068521914744,167,-12.762895966466697,-8.127869918985505,167,-13.370250402617698,-7.728363073534236,167,-13.35075508244509,-6.385373685830908,167,-14.157595840448858,-8.421675181474969,167,-14.217893540002988,-9.190392964976802,167,-15.92733108415106,-9.238028100989585,167,-15.764440292607109,-8.36529791701905,167,-15.145566452067968,-8.691319120720175,167,-15.958301725599572,-5.772138309687502,167,-14.661517355279667,-7.482836127355663,167,-15.88665074411584,-7.8377385437217715,167,-14.936016635253605
277,-8.728991498628918,53,-15.42447910505452,-7.504745309244063,53,-13.78507068423967,-8.671715067048742,53,-14.346170134509425,-7.193403326194156,53,-12.987929226004356,-6.940674913532665,53,-12.352790927560964,-7.565205531250144,53,-13.776876194522728,-5.821178927254261,53,-12.768865044881991,-6.222437188753411,53,-15.882523635272982,-7.440955221364167,53,-14.220869986280073,-8.405197364737527,53,-15.553057898926976,-7.73655131959015,53,-15.820003688299725,-7.06199962667557,53,-14.582159547284652,-8.489978767444835,53,-15.009078753897924,-5.389245452105104,53,-13.850912172265026,-7.509109405355872,53,-14.930112519665983,-7.493404580218725,53,-15.243262474796719
278,-6.848516520326582,42,-13.60460648169525,-7.975829135283135,42,-12.343656059068932,-8.08939913214543,42,-14.46170237141516,-7.509815861641208,42,-11.716326249300025,-6.65450445529579,42,-13.491669514053202,-6.783293693927089,42,-12.654847474037354,-6.265206171086623,42,-12.082504561367497,-7.352138480866593,42,-11.901272038272708,-7.353810207384521,42,-12.275306681306654,-7.395892670046896,42,-13.58855152726678,-7.561750234817515,42,-12.713846079029432,-7.64659994239456,42,-12.014212478007293,-7.893176720152688,42,-13.440628609651801,-6.091241170675651,42,-12.527476113533439,-7.046551817713386,42,-12.339978588734029,-6.798036914961606,42,-12.779904886135242
279,-10.422994850695858,139,-17.310630071217183,-9.593998674041472,139,-15.812089079817815,-7.854223164040924,139,-14.76727026656751,-7.5200843238800665,139,-11.596329935335525,-5.957431270022772,139,-11.195314697615304,-7.344006573716905,139,-12.804450982663605,-6.747495834713383,139,-13.599362063103467,-3.9367538426685917,139,-15.1478517906564,-7.295391944490627,139,-15.050493898337656,-8.623208474333223,139,-16.116961212292253,-9.842245487704169,139,-15.610421519646373,-8.068495647121699,139,-14.473400565405996,-8.24092928445232,139,-17.57907538206865,-5.842733035079169,139,-14.767599477090364,-8.64576039425485,139,-16.757764733231312,-5.696160232931634,139,-13.905619597700543
280,-9.442969913517551,142,-17.7733247628341,-7.144482631521981,142,-15.072277426589615,-9.414548952927975,142,-16.40212620960998,-7.396736951729458,142,-14.215064653378178,-7.50118634777996,142,-14.237527679625554,-10.17023803094782,142,-15.658071235905329,-5.951653136355564,142,-12.191000259088769,-7.609311846423598,142,-15.739099029321055,-10.035374865565853,142,-16.986603558935517,-8.85407893263152,142,-17.60871952052611,-9.586065106415507,142,-17.41986604965693,-8.199531147764102,142,-16.692596556682567,-10.000059954230567,142,-17.918863932162893,-6.089037426386953,142,-14.234920183594449,-6.843750046428644,142,-16.000477417611116,-7.886107254513424,142,-17.429617188865013
281,-8.341603618522393,72,-15.827274274304662,-8.007319950617518,72,-12.6235078093114,-9.042451794290118,72,-15.265285097152166,-6.952401488789998,72,-12.525086181278176,-6.972442925237058,72,-13.474259010086529,-7.383624976352182,72,-12.88398650066313,-6.90942976833186,72,-11.362631353809379,-6.596471182585689,72,-13.475253331677628,-9.428604245613778,72,-15.11699828030158,-9.4879235084988,72,-17.612590549859696,-10.411780229757246,72,-18.55796420712951,-8.75505376200807,72,-12.228928184300853,-9.698941567926408,72,-17.049419844419493,-5.814609171247761,72,-16.20015945789786,-8.15702236458144,72,-17.308330821193238,-8.65927996228152,72,-17.576937263450716
282,-9.90132831240563,58,-16.549803687521496,-7.98182255999667,58,-12.216801550571581,-8.644814276611203,58,-15.376408594761305,-7.918991191072947,58,-14.087702078512812,-7.1268262125516335,58,-12.639189620883844,-8.240657240468984,58,-13.103858909336441,-7.161940889407967,58,-11.788669443917147,-6.467460072355532,58,-14.255831886175756,-7.131563412230616,58,-14.847169008127691,-10.03101334903377,58,-15.492332428794791,-9.231125244601587,58,-16.451508489390346,-8.225056178592332,58,-13.787827860288864,-9.136850917822517,58,-17.673962244113003,-5.745948507062783,58,-14.242077273854829,-4.514835778273227,58,-15.878223745813107,-7.9047314025655595,58,-17.06152462806513
283,-9.056047653509756,29,-15.920552860594064,-11.079713756866774,29,-14.447702945278575,-9.142147397451692,29,-15.050947322513528,-8.209160253714472,29,-11.569096643588296,-7.997436491218676,29,-11.78673211272117,-7.501578434724002,29,-14.5284090897417,-6.2686664711477995,29,-13.752297244779898,-6.315870805686523,29,-14.667289113117295,-8.38557744503274,29,-13.981841096383645,-10.37078015477745,29,-15.964387925445207,-9.286316374220693,29,-17.433840656292578,-7.822656606014588,29,-15.77962886110258,-8.641379309294026,29,-15.345976681022675,-6.227320324961363,29,-13.706612496377101,-8.484154242617546,29,-14.680858608646245,-7.888356174751996,29,-16.011556807521742
284,-10.410020229154625,42,-16.97303286599558,-10.232250683799426,42,-16.837022270048266,-8.765604671754309,42,-14.609507988553538,-5.760222366808967,42,-12.083098205160352,-6.752260911775659,42,-11.359047822259228,-6.801665004150985,42,-11.293765882519038,-5.166656884695955,42,-12.379085823385871,-7.793995310347809,42,-15.105668088653504,-9.777411345841461,42,-14.071148405252803,-8.613247469870117,42,-17.36777980650421,-10.177875217912844,42,-17.799318087339092,-10.602301942359219,42,-15.31308624893228,-10.55035660347919,42,-16.83894532637962,-8.985543088070893,42,-15.512030038462543,-8.299578527508473,42,-17.617993086975215,-8.48545887071446,42,-16.513950490117352
285,-7.430538444242832,84,-13.260857345951784,-6.726719707708197,84,-12.399929583615382,-7.341704084127771,84,-12.98080510103047,-6.61379296321112,84,-11.832788159599637,-5.538423719655944,84,-11.536695358956457,-5.938012873284214,84,-11.197855674338566,-6.096438072882887,84,-11.697355229604492,-6.498238536504726,84,-13.055373193725256,-7.406353206863865,84,-12.696950419548255,-7.595735043574935,84,-14.388205944359203,-9.29934867222801,84,-15.91396393568942,-10.02584176957384,84,-15.107995483623329,-11.210667206395993,84,-18.056579144422006,-8.39465237957167,84,-15.411432357471007,-7.611848434444707,84,-17.125015510057406,-7.707708749217846,84,-15.135064756735888
286,-6.864248384620872,161,-13.602327449152046,-6.035535437113949,161,-12.868840882952153,-7.572787604319592,161,-14.382532296829282,-5.858808512182731,161,-12.49906677335748,-7.473120329459739,161,-12.531343773653262,-6.711181293486516,161,-12.316576259240062,-5.9159817857285635,161,-12.253558818951117,-5.702601083359928,161,-12.478919874941719,-7.087791339902907,161,-12.495540714474034,-7.443044733229447,161,-14.403850133777922,-8.070178257721587,161,-14.46096164817719,-8.551595357290422,161,-14.556433632723802,-9.77203290217509,161,-16.637802101618572,-7.557215593877307,161,-15.265293904032301,-9.635405049814175,161,-16.832591054573346,-8.98602319547339,161,-15.979697766598072
287,-3.617802966708582,159,-9.691640970785613,-3.130728704001612,159,-9.83643925703269,-3.0507915715213163,159,-10.345069251159494,-2.071077838801887,159,-10.021055460045403,-3.4956748269652644,159,-9.18767200234335,-3.1696689714375275,159,-9.74623647875843,-2.513412153183492,159,-9.681740636176501,-3.319273292673463,159,-10.296179091063584,-3.9719252481451224,159,-11.432624277283011,-4.407609107228109,159,-11.301622266733883,-5.392928421020004,159,-11.375559621269232,-6.677799509833821,159,-12.99813013919903,-10.938675578746942,159,-17.73870383335254,-6.707614871508954,159,-14.875246731548595,-9.57272888478939,159,-15.873776369551887,-9.095751003456567,159,-17.039231683716988
288,-7.1760104989613795,43,-12.919923558071487,-6.0296114568869,43,-12.395296038545494,-7.198845299094447,43,-12.599314365712349,-4.353919891020539,43,-12.4712272023757,-5.664065240630353,43,-12.319713212641435,-5.564666733041602,43,-11.80566038236974,-4.136638553098618,43,-11.841729255389954,-6.665563520094424,43,-12.908494723675625,-6.414027197501468,43,-11.73068729287557,-7.307927364385902,43,-13.790425616640356,-7.833011952623323,43,-14.379077166159536,-7.181166871998979,43,-13.782474103583226,-8.72722077255737,43,-15.28481668086213,-6.791857618312188,43,-15.201158088719502,-7.846893115686314,43,-15.447440408434648,-8.245544317709694,43,-14.257919257662726
289,-8.57677865561418,45,-12.54120307449623,-7.852099301101733,45,-14.371271242347154,-7.282390364413777,45,-14.138582026212418,-5.762103637502321,45,-12.708331130954258,-5.244824650630521,45,-10.631519620946026,-7.016023483848629,45,-12.777505962930785,-6.492672656898634,45,-11.785632911475679,-5.558801413334486,45,-12.024185903398955,-5.825592616885384,45,-11.793984503871842,-7.304232707911079,45,-13.343918083107667,-6.63103081145012,45,-14.262059523050876,-6.0680704007471515,45,-12.176415467091502,-7.114092193199016,45,-13.320118640687031,-5.845213846937898,45,-11.789314011127969,-6.191255287876817,45,-13.24917041258583,-8.492209938632259,45,-12.411948224115365
290,-3.2001604824650647,130,-9.638831690288761,-3.5447501338818426,130,-10.516324359927957,-2.9791627346461076,130,-9.435522827212546,-2.6456731306429413,130,-9.283579115838512,-2.953040734727553,130,-9.718607206105421,-3.124118892861315,130,-9.581306147870826,-2.4503068332334808,130,-9.813641967348621,-2.243453014833709,130,-9.806087487626554,-3.8704106748958065,130,-9.350514270555374,-3.5147303163407813,130,-11.169723671528228,-6.638249869563063,130,-12.468522160887368,-3.254281270126234,130,-12.054041595527226,-5.0859513217064425,130,-11.91857449430392,-3.6295531520722077,130,-10.532037278203529,-3.9066136440954606,130,-10.763591286135817,-3.790599199457965,130,-10.81166222938936
291,-8.951162880276017,116,-14.289532377861674,-7.124980606136122,116,-14.398466981208697,-7.654375502438162,116,-14.312931857903742,-7.947392331503769,116,-13.514694984122912,-7.460658880030823,116,-12.496819384361675,-7.307072979914459,116,-12.30924646356095,-5.556906200280092,116,-11.957794320929136,-5.881033379992502,116,-11.841870387830307,-6.334449485849527,116,-12.265296082859134,-7.3517677558882175,116,-13.255356346662818,-8.941282438614156,116,-13.83393323573437,-7.187698299844046,116,-14.04719756749245,-7.540092756834891,116,-13.734855265853376,-5.406059334056797,116,-12.124112033045565,-7.002333106933745,116,-13.455178092747925,-7.334475423043445,116,-14.082537266891578
292,-5.2360466346156365,124,-11.692616858311663,-4.314485236691242,124,-11.349037796513326,-3.886600613584659,124,-11.22393271153789,-3.5664906546401793,124,-10.409801415956775,-3.5169683420908298,124,-9.87385833287408,-3.701296653093628,124,-9.638659002195594,-2.8739703898762774,124,-10.269340312786973,-1.2203306512154826,124,-10.854261748448241,-2.0717667194427642,124,-9.332196326972138,-2.195724603736569,124,-10.454256722810449,-2.0498461365811123,124,-9.878072280518154,-1.5142343700486225,124,-8.74187114546354,-2.241662091461355,124,-10.529030565875477,-1.886074920388638,124,-10.258876080285331,-1.6538384155253025,124,-9.498452535900853,-2.6770965206131474,124,-11.424536679293066
293,-10.888719214953985,48,-17.324519144966413,-7.8224126050170595,48,-15.303411755685383,-10.32270673003875,48,-16.35225015806448,-7.617722235417041,48,-13.910076851926313,-6.837325132157407,48,-13.72684128520789,-8.688731738273788,48,-13.830314318557955,-5.513713236524635,48,-13.237171153254232,-6.062957566576886,48,-12.615884206826522,-7.247387560808613,48,-12.066352060450566,-10.711179460073275,48,-16.043972879232815,-9.890352102240957,48,-16.02452711278221,-8.878042134087378,48,-15.142505483335107,-10.128278506815327,48,-16.53321977159356,-7.717703601815619,48,-14.613555894776516,-9.705974521223597,48,-15.99354094428223,-10.5052531589257,48,-16.987526006329652
294,-5.707216445543441,69,-11.476002141194117,-5.415986661839646,69,-11.697930284646816,-4.099448582891005,69,-11.891149684788044,-3.6940778198302056,69,-11.96603420229307,-3.2696656906193406,69,-11.915929505564852,-4.968339582678662,69,-10.684066281277243,-1.8799753234900651,69,-11.85938064543022,-3.020682243777263,69,-9.8888067151612,-3.6653162160719543,69,-10.708553042415463,-2.954516682256247,69,-11.613458608413023,-4.8103905082589336,69,-11.339565361583583,-2.0841510122584785,69,-10.828182646932882,-4.55530974859497,69,-11.682955905036659,-3.8706625335459965,69,-11.6711278965657,-4.8337181268942455,69,-11.270756986764798,-4.066228920581355,69,-11.828371544523012
295,-8.253299073262415,153,-15.871786810542389,-6.974570693842443,153,-13.259381622115548,-6.6171149574524835,153,-13.672007150101283,-5.481627004768253,153,-11.094795077076911,-5.190337849203872,153,-12.010778928674366,-6.093473716275328,153,-11.983858999911,-5.384206475176567,153,-11.976858263025917,-6.972683879433568,153,-13.059623351882761,-6.186014170447787,153,-13.412428871596145,-7.947020188442288,153,-14.866523173048291,-7.941202551411578,153,-15.051206165879004,-6.686402004173354,153,-14.146291419361205,-7.3167649712777365,153,-13.839024224806549,-5.991163683308342,153,-12.368836739400031,-7.298478158351215,153,-14.874387175298121,-7.111482636134408,153,-13.468992189722693
296,-10.35672412993027,80,-16.998083404134793,-8.7944152931071,80,-14.412782107493454,-9.066893646252332,80,-13.714388661182376,-6.744249564195758,80,-10.599363085747042,-6.2962968943642945,80,-12.193624091897776,-8.129447964005884,80,-14.465085872868947,0.20220596860617443,80,-12.507768008866194,-7.145404556478181,80,-14.576106051850326,-6.50320065731268,80,-14.72900858459839,-8.278653660043446,80,-17.222609214953536,-8.288105770159731,80,-15.304112688272685,-5.44978595740216,80,-14.360807679005214,-7.880578799525038,80,-13.83992192855921,-4.884895601408754,80,-11.850221043347158,-7.2074004508492715,80,-14.467002256087769,-6.703766522693579,80,-15.035714079607496
297,-8.067825671956236,98,-13.982492180133555,-6.2843420183416745,98,-13.103921413135087,-6.380410029082136,98,-13.965795982686785,-4.175601039297429,98,-12.027177342197897,-6.966600590253627,98,-12.113447135026371,-5.887929094862525,98,-11.25329829093822,-6.0549001592801055,98,-11.829024799657805,-5.388469552084114,98,-12.795749602314112,-6.254062600612595,98,-14.632936532076823,-6.811578601777349,98,-15.735330239807283,-6.284581908025024,98,-15.881748152712337,-5.446423143363269,98,-13.971497333044896,-6.859085731887439,98,-14.861808103697049,-4.958727603320591,98,-13.56543315440252,-6.490009526772554,98,-15.255778693748212,-7.063623484398516,98,-13.938447664031655
298,-10.084040420787728,50,-16.234407173966567,-8.947237447479388,50,-13.279180135853544,-8.165374854540158,50,-14.94229147197612,-7.184498078323923,50,-12.010292759767996,-7.087786752714701,50,-12.695601206925616,-8.240451658911375,50,-13.033590022921738,-5.205120504292335,50,-12.844367099000591,-7.8569100375894205,50,-14.630297524955331,-7.169646360961335,50,-15.110447276828577,-10.18273197009654,50,-16.533229086074147,-8.976494043257942,50,-15.687249122446943,-7.345469287133474,50,-15.36036896033856,-8.506994181668414,50,-15.009641838502198,-7.4399697484543115,50,-14.559297491076551,-8.112338278378637,50,-15.295715923120138,-7.517091046027731,50,-15.367228950002083
299,-9.695634653638692,82,-17.312319538730716,-9.026648687802384,82,-16.101908209917323,-9.021656568815475,82,-16.32173183443705,-7.668544461051267,82,-13.585943022362867,-9.03698351648331,82,-13.678494252627729,-7.408676054374048,82,-15.866383110240822,-2.4972508281331236,82,-13.654900806728827,-6.782782342849941,82,-15.547098922350672,-8.881494289309321,82,-15.226791749659053,-8.970663702483753,82,-16.086873582145348,-9.758357176743992,82,-16.5082409547668,-5.145520719672842,82,-14.34965784690855,-8.580566976918135,82,-14.9186890936165,-7.448244501890041,82,-13.889584432705329,-8.012440920762556,82,-14.407328958350112,-7.7925624772055855,82,-13.755544768568013
300,-6.688512536850201,83,-15.865972723273593,-6.3686782926026755,83,-15.37318751432615,-6.460736365224759,83,-15.205483074043133,-5.460944340041408,83,-12.888136862963277,-4.958469659990735,83,-13.122911272365481,-4.757489422740887,83,-12.527319188794676,-4.931248687654354,83,-11.789843435396566,-5.253800634373843,83,-12.745717228804136,-4.326618747073468,83,-12.334238254980958,-7.391619083545681,83,-14.02395781719025,-6.921081701736219,83,-15.124233034904917,-5.9625768602835265,83,-14.079230817534185,-6.519116051261974,83,-14.675400682353256,-5.571123041591455,83,-12.493143322081826,-7.539038401573316,83,-14.605908060592377,-6.276924009339961,83,-13.946955052097996
301,-9.419335062767848,58,-17.142756971291195,-7.122973625678313,58,-15.480294328141738,-9.225915571207441,58,-16.916920560171864,-7.208610108560246,58,-14.005627330950292,-7.8400628189080805,58,-12.694793430455345,-7.974496442562961,58,-14.536263077665874,-5.13256721624661,58,-13.49848429968156,-3.9363466208382585,58,-14.186794029146219,-7.819464016479449,58,-16.372925506183453,-9.005966162596902,58,-17.27054776385081,-6.463521607671887,58,-18.523047498849042,-6.349607405744236,58,-17.07989407741719,-8.625945039643467,58,-16.962006687628637,-5.584846504046858,58,-13.708900570859663,-7.858760180530684,58,-15.877757294008607,-6.751312409643874,58,-13.854862719774585
302,-10.433550492151806,56,-17.257224713664133,-9.500088899441703,56,-15.734004501355376,-10.011688697080912,56,-16.78186384777989,-7.865278960928275,56,-14.50590362662953,-7.824246593322634,56,-13.960551194901376,-9.066286093849143,56,-14.249837542402073,-7.321589682086234,56,-13.10733000696805,-6.501813684817127,56,-16.031071322429174,-8.212991653511416,56,-14.88984750281915,-8.785640958724697,56,-17.43359675473838,-8.49356116810272,56,-18.25487867952774,-7.706970834175491,56,-17.75942962733247,-9.500522438738713,56,-18.005145387898406,-6.3782302056012234,56,-15.295029986708162,-8.432326135199077,56,-16.13249836459011,-9.002985224383638,56,-16.046821957979432
303,-8.917848242007983,17,-14.946491576444675,-8.697444325829666,17,-17.3892861289428,-10.758380019664731,17,-17.292720401645635,-7.324593789336951,17,-13.310701926228392,-5.700204912144552,17,-12.660884545499666,-8.932639369546246,17,-13.577629700734752,-4.745050632834739,17,-14.490077339713201,-6.985065181355784,17,-12.335528839749017,-7.865295308649785,17,-13.70379153051452,-9.909372395688731,17,-15.843039045667924,-9.899240017894869,17,-14.565456344660026,-6.889693177047964,17,-14.138623777843451,-8.360530032643378,17,-15.679647846619195,-5.247779266635981,17,-11.953114645609224,-6.886068353628043,17,-14.775681490477876,-9.184296775025105,17,-16.875215370158323
304,-8.412044371328278,93,-15.525676497259315,-8.163112470812756,93,-14.91095691557259,-8.537384398228822,93,-16.33810411010066,-7.727862486604424,93,-14.20014189503034,-6.55605018546256,93,-12.226481317009553,-6.690116058770437,93,-14.17917214364343,-6.8410833272682146,93,-13.183694192591489,-8.896004223092268,93,-14.620745242499753,-8.570762923095268,93,-15.256794515660317,-8.504194623463688,93,-14.886309777299982,-7.606206232425464,93,-15.12664114543816,-7.448624411002724,93,-14.49275592481163,-9.533716182579715,93,-15.867092233223621,-8.084360802616427,93,-14.355036100270075,-8.424596661468266,93,-15.323436458140467,-9.005388514853651,93,-15.110827143832319
305,-8.999820792324245,58,-16.285687881264533,-9.292472780952478,58,-15.598268701145518,-9.69926334235636,58,-15.587449344671358,-8.339511632751908,58,-13.503035684661398,-7.1611234106525785,58,-13.399323795803966,-6.181837457824857,58,-13.595088074705421,-6.290736508729694,58,-13.19831311686775,-8.035628785678067,58,-13.15680710589474,-6.91621649224113,58,-14.540424174653507,-10.173773730727723,58,-15.441925732704746,-9.301067080908755,58,-15.3405889522149,-6.67891102358214,58,-15.174739713525152,-9.367034045853405,58,-14.456591782594288,-7.540369920579546,58,-13.635948467860592,-10.237146086490444,58,-17.33014524926977,-9.202999881237115,58,-16.132176892582386
306,-9.73612752226617,45,-15.25305991205025,-8.142045111911191,45,-12.784666141872778,-8.779081972470234,45,-13.348540738427824,-8.144647088689599,45,-13.065449200354866,-5.744882078291376,45,-11.973421431882393,-6.564410590027929,45,-13.458136375581004,-5.386597041904878,45,-12.355977075195934,-7.119924382815947,45,-12.09713073344733,-6.689350560245705,45,-8.405222059632004,-7.7322315401590185,45,-12.745918371350648,-10.265517960168216,45,-14.649677742990079,-7.77814861380829,45,-12.930856713025996,-8.934797651516009,45,-14.239460528496263,-6.766228638812063,45,-9.328248068935517,-8.962335605264267,45,-13.018631252249133,-8.475192267726184,45,-14.823165145945733
307,-8.134615275081362,47,-16.103098943412515,-8.967304330873418,47,-14.485395454730174,-8.42931111802068,47,-13.460722055438954,-6.721891741406068,47,-12.004478509908619,-6.628583341119042,47,-12.655727238545985,-6.765505783696444,47,-12.861079827217681,-4.1146699460213645,47,-12.648380460256698,-6.664573734060676,47,-13.510567394142182,-6.7467257383957,47,-13.523714979013143,-8.394140067392886,47,-15.41700614554615,-8.830388272092936,47,-14.40922844035092,-8.820385186610643,47,-14.369149992506964,-8.089182182166269,47,-15.140125680057306,-7.2850762345211635,47,-13.165579541659987,-9.595907964787372,47,-15.502388653682061,-8.230191589993739,47,-14.677185549385474
308,-9.749821650937664,52,-16.999247085498315,-9.259606378228224,52,-13.920072267424601,-11.766145815360595,52,-15.526207680146278,-6.37232012197075,52,-13.019116722885652,-7.261346572361781,52,-13.058750636362102,-9.338612478189933,52,-13.13765172928052,-8.053462495675452,52,-14.478092312057484,-7.6384831830624735,52,-13.574016792507411,-6.692790648028108,52,-13.566713967247779,-9.175090929348565,52,-14.13186441294779,-8.300566379698976,52,-15.010482525455025,-7.417322305715536,52,-13.834981320411275,-9.38930147322676,52,-14.546382270655497,-8.103579766185353,52,-13.703071731415777,-8.150832162070515,52,-14.851277191065613,-8.074557534508305,52,-15.266821553595985
309,-10.557355754626203,61,-17.542882573539696,-8.916675553283046,61,-15.849817868983857,-8.607331670753242,61,-16.157024605292797,-9.20016247306395,61,-16.211997277073575,-8.818767956081796,61,-15.168965867583687,-8.570420067411753,61,-15.652087373807962,-6.641138410204589,61,-14.79230178435268,-9.023706869978964,61,-15.895455784724753,-8.172502706209446,61,-15.2533113576046,-7.9732107117919595,61,-15.55972014034272,-8.206231541827544,61,-17.536178601288583,-8.57939824010052,61,-14.41069795180107,-7.6057193182094585,61,-15.09685485799546,-6.376042006612926,61,-13.48800552811943,-7.086216270159104,61,-14.725163483799534,-7.6498194214833335,61,-14.922318903707087
310,-8.5139028055255,66,-15.596516478406599,-8.254154823979283,66,-13.579904499279996,-9.355138265763571,66,-15.137648484657264,-6.652649753945634,66,-13.014136425472092,-6.300399505935137,66,-13.195917109332001,-8.037899008188935,66,-14.179658098787506,-5.753926714884603,66,-12.650307555310171,-7.125164151992307,66,-13.622190013139958,-5.880713356537255,66,-12.876616336087608,-8.843860547081846,66,-12.961812238315167,-7.518686379721182,66,-14.045355415619307,-8.08550011009238,66,-13.153484886323156,-8.546886003841237,66,-14.655770293379637,-8.192266700700833,66,-12.503595290310919,-7.452243869765017,66,-13.679212297444646,-8.127695756556493,66,-12.792603496069301
311,-9.758218783965095,37,-15.872881027283256,-7.7131498769704745,37,-13.930808967702657,-8.681632128309344,37,-15.504946698935449,-7.7565482561575365,37,-13.416215951527262,-7.536892330799873,37,-12.510117443430929,-8.615599725371029,37,-13.889494333126951,-6.723467363109768,37,-11.820285830384885,-7.6868207468958305,37,-14.601893390327723,-8.347384789526549,37,-13.423997861393682,-9.188444826076276,37,-15.52257693885569,-8.820460012083126,37,-14.665199256221037,-9.014283358514334,37,-13.549746338774893,-8.89030180846974,37,-15.791422503399705,-7.799289867923584,37,-15.03094050807517,-8.461364140244672,37,-15.098890484759533,-8.18922785531151,37,-15.099942596105041
312,-10.013311927742816,80,-16.605519873974494,-8.995258358137123,80,-16.629437915814066,-9.371308568381298,80,-17.446234079323812,-8.851452286308811,80,-15.599821732279022,-6.992801443143283,80,-14.824442516484613,-6.605237945469567,80,-12.811828527259255,-6.266281789152598,80,-13.79029851871861,-7.530001152770794,80,-13.79898266637037,-7.202548208869379,80,-12.50089162725017,-7.5395899649637075,80,-14.185228680638602,-8.923660265797363,80,-15.571153781388675,-8.505542531733813,80,-16.382753365770416,-7.479582558318942,80,-14.930814362016317,-7.7116368078572295,80,-13.643655643171769,-9.144336287092719,80,-15.026439635337507,-8.359418035728911,80,-17.235532429720653
313,-8.813783212357896,73,-16.28614122183871,-8.09237367145489,73,-13.842452961691185,-8.510470505459326,73,-15.078089628740809,-7.377227665247012,73,-13.687942249737645,-5.543669325774912,73,-12.889293855446958,-5.750825778893757,73,-12.321217550477535,-4.214940090732399,73,-12.121913704596697,-6.297551513204372,73,-13.86443354319552,-7.329729818637625,73,-15.025483356620983,-8.299163222596361,73,-15.011518282018322,-7.851415798842111,73,-16.584331079213307,-6.934939750812149,73,-14.710247941250724,-8.010590279656304,73,-17.203548210556228,-6.075451729287888,73,-14.367329636248893,-7.830980101624741,73,-14.53383683370588,-7.890620741959058,73,-15.63562754527631
314,-5.078044447610194,141,-14.453580052045037,-5.449209546704892,141,-13.0819767819171,-5.452407104664991,141,-15.31754047112756,-4.323799691575662,141,-12.513229557137876,-4.202817891107509,141,-12.629268913784525,-4.064558917894009,141,-12.325892037054702,-4.5471153571139515,141,-13.378001815826291,-4.814094533307004,141,-13.501588781265312,-4.583457548205578,141,-12.97148213754477,-4.433785126464936,141,-14.65034195428974,-4.843953765413961,141,-14.55959224750747,-5.031462306000757,141,-15.642882136060702,-4.107393926781169,141,-15.673032715230761,-4.564839497758138,141,-14.52707961074539,-4.296662071133518,141,-15.500815522093472,-5.272669729755441,141,-15.319208123056736
315,-7.947294392949419,54,-15.474671990614535,-8.566781820069718,54,-12.947619151774141,-9.072020375514544,54,-15.247928514000948,-5.86904323218977,54,-12.25607122982298,-6.5920622455335645,54,-12.048776716526614,-7.661853055291678,54,-12.978115572070125,-6.8068070497805415,54,-11.76060590029876,-5.747120669366073,54,-12.637305260697765,-7.900110921053437,54,-12.289422426456138,-7.980055306831762,54,-14.731496731209965,-8.350538579841073,54,-13.53699065610915,-7.392975113929133,54,-12.609033539693506,-8.769879119079473,54,-15.287344036587438,-4.5287867479649915,54,-11.441403286500432,-8.320588840420607,54,-15.06532323279279,-8.679539065847964,54,-13.899457313104776
316,-5.817026897419682,36,-12.88223904065224,-5.40977166058568,36,-12.102506467600625,-6.468499886275323,36,-15.483999221878953,-4.1001284330345875,36,-12.232752754073514,-3.94129298304349,36,-12.502816464388847,-5.024069276458704,36,-13.12853403682934,-5.258816146927211,36,-12.359718886633672,-5.133110424268264,36,-12.49514067982905,-4.819825750842593,36,-9.821678934495896,-6.140443106462282,36,-13.698949906954931,-6.106848936302582,36,-11.701017201057521,-5.091227820519667,36,-13.352221635449661,-5.968518933040812,36,-13.72647974129479,-3.850038996162786,36,-10.61572656048417,-5.622758084549656,36,-13.7236855654635,-6.860636744403862,36,-14.482651790681038
317,-10.777435771324361,60,-16.448708318006993,-8.9111897349375,60,-16.629587643127625,-9.59795910441386,60,-17.151142161613706,-7.918696797702863,60,-12.488704634375228,-8.429789240058218,60,-12.857323460577438,-8.4965656436843,60,-12.481734478074877,-4.781220319276255,60,-13.655739706478,-7.97833059939495,60,-15.080518615072618,-9.474469016492627,60,-15.814984495011426,-9.757554137783254,60,-16.717464203374103,-8.765011969959712,60,-18.05273035353811,-8.632360534417034,60,-15.851556701031086,-9.634963229038759,60,-16.65592684631716,-6.562051153677294,60,-14.114601141538511,-7.490702074147113,60,-16.283518031283542,-8.149143621799935,60,-14.754897948993799
318,-8.435755212660043,82,-15.248914412899104,-9.354666913807332,82,-14.85296533239776,-7.776370082005265,82,-14.225078676954247,-7.651423161766137,82,-13.701996497617717,-6.67577836701086,82,-12.98846224025726,-7.915445568163544,82,-13.572396599493235,-7.550029737812267,82,-14.192127754339543,-6.603807813783588,82,-12.869743849461573,-8.068113767071518,82,-13.818249551902689,-8.567675729287416,82,-15.18977366023682,-9.798908799743444,82,-15.018760172978972,-8.332929970944127,82,-14.797510903222744,-9.556699481034286,82,-16.84608162055827,-6.51185183187668,82,-14.289816416748003,-8.85405499164201,82,-16.433216178484436,-8.742748397276731,82,-16.098963625727436
319,-7.798587269746131,60,-12.97988107845216,-8.065517283673586,60,-13.6348119604714,-9.519683476663767,60,-15.97726424229361,-7.8323624401554195,60,-13.816032321018419,-6.839021827116158,60,-14.57387792786683,-7.874725065931783,60,-12.93070789783156,-5.520508350015766,60,-12.90010032724414,-5.875367328161359,60,-12.72182428229976,-6.847329692134883,60,-11.826137336514469,-8.329940207362874,60,-13.097313911896023,-8.574293237875768,60,-14.233596559556947,-6.545695911274743,60,-15.331342141576393,-5.924807740445583,60,-14.080035032195141,-6.250592469037097,60,-12.645319101554486,-5.300535345137827,60,-14.107049925094373,-6.448217849625849,60,-13.764013474518823
320,-4.464788208179465,99,-11.7401792342517,-3.7637115263725103,99,-10.694806719191865,-3.6851961212195623,99,-10.77527154333266,-3.693317381275836,99,-9.884047933050052,-3.510071396628012,99,-9.984955410701371,-3.7227142595925122,99,-10.366695961247515,-3.9136201748931616,99,-10.578258499577968,-3.8048176042242243,99,-10.336235932138877,-3.8419791847311173,99,-9.97630200135476,-3.4438039700440766,99,-12.004171560796383,-4.4711433159408145,99,-12.01987261058421,-3.8209418339843344,99,-10.940755345821119,-5.450555965626273,99,-11.960743897919794,-4.79226777898835,99,-11.572996332273256,-3.7698439186412207,99,-12.023467173998892,-4.6202638680570125,99,-11.870233502551436
321,-10.49993138362728,36,-15.270273003483402,-9.770710006333397,36,-16.25956891448054,-8.962916563834254,36,-15.513343815836421,-7.692688802248755,36,-14.4437212199322,-7.20832113971161,36,-13.266295800403165,-7.549012780080716,36,-13.143743747598949,-5.949858769979287,36,-12.251275621236715,-7.162418296573132,36,-12.912271724975632,-6.681536920312855,36,-12.290153727601542,-6.887814904515237,36,-13.153805995521274,-9.223028529101192,36,-12.970459868621472,-6.159465044087904,36,-12.116877725417435,-7.761406883392439,36,-12.56005251702371,-7.186783643327294,36,-14.893805293245448,-7.970793268718383,36,-13.912483394376949,-8.284649235619977,36,-15.668723658272512
322,-9.662591789921246,30,-15.177120853243311,-9.161053595561379,30,-16.58311196223994,-9.181260821655457,30,-15.454352226178376,-7.815708807374891,30,-13.583657313595992,-5.989477752697949,30,-10.675769707067172,-8.09921653351924,30,-12.496557422081256,-7.075441549754778,30,-11.37858709034351,-7.0722913976755475,30,-11.600795615913244,-7.144530992210123,30,-12.569028280736612,-6.9222097382472905,30,-14.935447467188299,-8.424961231354148,30,-13.988475498696689,-6.7291761121648985,30,-13.480583514483492,-6.921763919931243,30,-13.750999366376123,-7.280780690727424,30,-12.206235271443816,-8.471299811586839,30,-14.72390336240739,-8.232903686880833,30,-13.953971807718919
323,-6.571049176249199,152,-14.120182543310476,-6.2683428827634335,152,-14.633540700319262,-7.060351908401889,152,-14.433104108753149,-5.410279060450431,152,-11.934526133345184,-5.5959961568324985,152,-10.609101440095863,-5.041586767713117,152,-11.848154543812326,-5.888163144924884,152,-12.273116223209241,-5.618788335541104,152,-12.053339537236473,-6.94095430815549,152,-13.414057455832314,-7.252088346225767,152,-13.270105302340351,-7.587700618124079,152,-14.997685485367501,-5.32845621136458,152,-12.447805719715326,-8.97147650728362,152,-14.568325977382601,-6.88627947602639,152,-14.008447307392126,-4.898301512372146,152,-14.059023212387187,-7.718960290949371,152,-14.112643051674231
324,-7.189715019475317,169,-14.303042825664487,-5.375446214959609,169,-12.57210522581471,-6.568170126434425,169,-14.675765927065484,-5.202528917638098,169,-13.28269377307656,-5.4407918393181065,169,-12.735791781740781,-4.7995149807843,169,-11.865466107196546,-4.16482614835397,169,-12.223855342126562,-4.852273664159222,169,-10.90202592465518,-5.00852376941841,169,-10.828116444119683,-6.4555900757107585,169,-14.475257794845124,-8.149861568757467,169,-15.731312254711355,-6.7887297801877065,169,-14.620356024731185,-7.572888793899539,169,-15.05271375720402,-5.829877665999355,169,-14.19962440175291,-6.998946738043993,169,-13.78431375788547,-6.403955225546004,169,-14.516071573817609
325,-11.78283540555229,85,-19.28236992011798,-11.584061719145126,85,-19.767012033927408,-10.941712682233398,85,-19.72606523397254,-9.634635962029858,85,-16.908414340833257,-7.707438783811648,85,-16.27935664117395,-10.22737027808291,85,-15.504129039271442,-6.931108199436497,85,-14.647982029893631,-8.861717345325745,85,-16.443261002689507,-8.090765498580668,85,-15.32672703971555,-7.0654931774303344,85,-15.658618588253738,-6.251744661101454,85,-14.185762783597655,-6.986255120168393,85,-13.106770580344536,-6.201239893009563,85,-14.07546557466959,-5.403650223792135,85,-13.084464776116523,-5.523870951819473,85,-12.676883587111165,-5.17674170389791,85,-12.316865486576143
326,-7.753872905700572,90,-14.956225587489707,-6.556585560912339,90,-14.368017301972277,-6.7674501874462525,90,-13.28764514845006,-6.87807826661865,90,-13.049540986398005,-5.185215472697423,90,-12.883001103095237,-6.67431036688797,90,-12.640938877771186,-4.8962423125297265,90,-11.32803274061126,-5.419324842416761,90,-12.255097881229036,-5.6913848065459085,90,-12.860798411571135,-5.391719524297887,90,-13.973333159398141,-4.288868712176717,90,-13.085340291262016,-6.243525788467627,90,-12.746431050437742,-4.551743247275461,90,-12.951093986450356,-5.514678049942582,90,-13.009065246098054,-6.007919603041337,90,-14.603923270640149,-5.936220068415025,90,-14.371763593850865
327,-9.942868825938442,127,-18.59227206644689,-10.355739404232443,127,-15.996286889356748,-10.053962767661407,127,-18.20911536835887,-6.358734044940445,127,-13.641499323965595,-5.4921744706206574,127,-13.30199579922767,-5.436208265766197,127,-11.775341544375241,-5.814136637665655,127,-13.89882618749553,-7.671709419190461,127,-16.27134150170089,-9.799424727028933,127,-16.548679934515498,-9.680123448605425,127,-18.10675112376788,-9.432788218929415,127,-18.358578783293265,-6.678854695135598,127,-15.549891997407393,-8.89829830751015,127,-16.750368505787122,-6.495084519726025,127,-14.098309721930633,-6.91227088227167,127,-15.487375045778322,-6.599530475791201,127,-15.029475714366292
328,-9.843053013749522,74,-18.035151545129366,-8.30417628780321,74,-16.60842265999188,-9.084389919994969,74,-17.499372157118877,-6.819600513268206,74,-13.388132774777269,-5.950690431052617,74,-12.928933836802852,-6.9483568174221855,74,-14.230217951723619,-6.286188016918642,74,-14.3043424821521,-8.109423291199164,74,-13.96715756494536,-8.145300062283642,74,-14.671182841389324,-10.017703467330065,74,-18.091569623135264,-9.218423325958252,74,-18.595401309644096,-6.981698367115006,74,-14.443861644351859,-10.970433370576647,74,-17.558563769878074,-6.125052263407884,74,-14.763371804212056,-9.451068511580127,74,-17.439790508016934,-7.196193457263028,74,-15.000522893537893
329,-11.219658117536476,87,-16.998422270385603,-9.000434911225382,87,-15.283447509800874,-9.444894272056443,87,-16.20615128112478,-6.592240727017477,87,-11.763310127751227,-5.237630104808101,87,-11.917343288398396,-7.3271012175466135,87,-12.434831071811313,-5.9065459417172566,87,-12.79637193461227,-7.657629915497939,87,-13.674058161578138,-7.4997359856713555,87,-13.639371326267657,-9.774419444200838,87,-14.961143136051474,-9.541550705317961,87,-18.25790063419194,-9.159551074180895,87,-16.19249614853705,-9.574091099915055,87,-17.106681170790907,-7.016718075169189,87,-13.560780062663625,-6.897526239150794,87,-15.117879171358513,-8.126284134756233,87,-14.930925093478669
330,-9.0820264246968,218,-16.17140450030916,-10.78346752984058,218,-17.462911480363612,-9.738235131214237,218,-17.58923321154939,-8.538609030573657,218,-15.983399105817217,-8.854123102346678,218,-15.629261510009911,-8.15091935165241,218,-15.034326714934036,-7.20423498732713,218,-14.784728528153707,-7.722671810425368,218,-17.38563106470037,-11.74122367470105,218,-18.696004217937855,-9.7616096872832,218,-17.862676025130217,-9.500318531676422,218,-19.13091993813888,-7.114192686572807,218,-15.49241403317852,-8.977542119913656,218,-16.539344638474848,-5.301729572321589,218,-12.94232899650921,-4.507441116445296,218,-13.298823288317534,-5.305838370547536,218,-12.239931231199048
331,-10.392243258764175,97,-17.859577260710363,-10.078910861158484,97,-15.285959680959401,-9.666142934623538,97,-16.138587512569515,-9.1663234924921,97,-13.833188430393562,-6.231585974633603,97,-13.096501486306853,-7.381458673000889,97,-13.239138626770824,-6.951512275569645,97,-12.392026190484355,-7.863561215379907,97,-13.987418797179332,-9.931259950954923,97,-15.075936479296512,-10.85711148427668,97,-18.137089973742547,-11.091246124749022,97,-18.349324021851373,-7.462427736925521,97,-13.293949729198474,-10.241541587787593,97,-16.06801928207045,-7.9441676196192645,97,-13.80547610119332,-7.062477448357418,97,-14.374158140239647,-6.467258528229793,97,-14.631235748001162
332,-9.088666974511748,62,-17.60346197014648,-7.224336412090424,62,-17.029447349278147,-9.761401058345012,62,-18.647350821981032,-8.436292289573194,62,-15.846957853859445,-8.696963666861055,62,-15.594579085982119,-11.369142395570801,62,-18.48194239099945,-5.519837930863465,62,-13.884868842371205,-10.744633967860954,62,-17.065213856390354,-9.694083226251628,62,-15.9335822926483,-6.766392255146853,62,-15.705021560270282,-7.110164347571964,62,-14.399114970658669,-5.671304205962962,62,-13.21815308964467,-10.299324963550312,62,-19.325363731307576,-6.928680570672596,62,-16.55147368440585,-6.474385930404032,62,-17.24881750667323,-11.553909679900672,62,-19.479141983808614
333,-7.534380918948135,88,-13.693876917925296,-6.103391534383427,88,-14.317420731336547,-7.11623544219575,88,-14.050589740784027,-4.949205804041485,88,-13.125581948322127,-5.70383814092701,88,-13.905253434655606,-7.078880850995591,88,-15.378378448648085,-5.763184508181637,88,-13.743154348361434,-8.315534924553045,88,-14.578161846296807,-8.47025794284877,88,-15.033409124876481,-7.701356163695422,88,-13.76461724014412,-8.965218182091704,88,-14.600055372777982,-8.944329473022188,88,-15.42155414918399,-9.305761181662866,88,-16.975977287951473,-8.348126612825498,88,-16.16381950534511,-6.400200134514218,88,-15.67220893560454,-10.225942955796244,88,-16.789893275062187
334,-7.966086113941491,63,-16.189832039659706,-6.611926317733213,63,-15.56176911889089,-8.346247230174647,63,-16.453067097500615,-7.377819097403094,63,-15.02455820197338,-7.387081782414416,63,-15.309261356532158,-10.248134562843031,63,-16.579066686580084,-6.470762352741132,63,-14.334157028307992,-9.755285155418159,63,-17.34848623820796,-9.082996341400559,63,-16.69414937472564,-9.158999494920586,63,-16.900041291933377,-7.4701540356764,63,-15.129417659843234,-6.274158649458716,63,-14.117321702448882,-9.631983349512232,63,-17.54582018811923,-8.23875597418007,63,-16.695871450055634,-6.190967496917683,63,-16.064932879570378,-10.064709004614622,63,-17.622284594513104
335,-5.619894142032106,84,-12.50426773874835,-4.222326447214972,84,-10.315894584947408,-3.997665850453706,84,-11.021281733331422,-3.8452922939166783,84,-10.684051036280717,-4.01767564354336,84,-10.683539892987426,-5.417486651272486,84,-12.779589529764976,-4.876095334051743,84,-11.397099709393954,-5.710568710860565,84,-13.978608955846308,-7.121965659230672,84,-14.154283847562994,-8.715468564769958,84,-15.255353535229206,-8.541970895174636,84,-15.6496406701696,-8.515174418953332,84,-15.374728886223235,-9.388465325220261,84,-15.817272344355224,-8.343977868452052,84,-15.59387910702805,-5.163824078732581,84,-15.056429258103698,-8.42520425221858,84,-16.244318713945272
336,-8.444941533679604,51,-16.052323243743285,-6.784871767142181,51,-15.261903907974663,-6.907400206308386,51,-15.853841970866622,-6.200916101249003,51,-14.812673800027616,-6.597997653148012,51,-13.661784721106763,-7.812895593649919,51,-15.140309026906616,-6.190818182030235,51,-13.959426808629702,-8.024219885283328,51,-14.983174333792103,-8.809947057577391,51,-14.619714169567334,-9.421760175377386,51,-15.786545186321009,-7.279873814477252,51,-15.447253922685611,-8.165094053784728,51,-12.681923224257545,-9.098627762746496,51,-17.053247997735216,-7.075158582757199,51,-15.803337043897736,-7.127947899965532,51,-15.735384862207255,-7.969557261789992,51,-16.7137841504153
337,-10.343462804337413,43,-16.178014234360564,-9.71344034648874,43,-17.22077515496914,-10.852925947020136,43,-18.322683854560722,-8.215448678156624,43,-14.739116455556152,-7.295103224650637,43,-13.304688403394952,-8.804261535904851,43,-13.384140650252174,-5.039630010418572,43,-12.060749951676655,-8.013030629189458,43,-15.082421180237727,-9.2751750999984,43,-15.656686355331361,-9.089004182026816,43,-15.028194944857521,-10.082280681764232,43,-16.818034428871385,-6.126810979187118,43,-12.346748242092263,-8.577976584685654,43,-15.915201648328587,-7.348211773791258,43,-14.416488200219106,-8.939690301139407,43,-16.63941456673753,-8.883883463957302,43,-15.30725054015922
338,-9.034376615026252,82,-16.01711797992059,-9.271027188953202,82,-16.52398433281267,-9.494416289143615,82,-16.197192453324046,-6.5443852161359395,82,-14.28695629658237,-7.092224566347559,82,-15.204447620740867,-8.294476523198384,82,-15.516457211555668,-5.051757790626789,82,-11.280063938617118,-7.696243571166431,82,-14.16308870587134,-8.659631209130652,82,-16.491784788993225,-9.127073329234216,82,-16.782615465679985,-8.473267033943214,82,-15.704477407697555,-8.036440189166514,82,-14.540384320664161,-8.40918347678231,82,-15.355605359002386,-7.489482483342574,82,-15.230517959882,-8.482547198081814,82,-14.959320696581742,-8.310523033736912,82,-15.789919240800725
339,-9.695200528920862,159,-16.188595036615084,-7.680453385817736,159,-13.715938245126857,-8.659848405105123,159,-13.471202503326099,-6.857443908618489,159,-12.062898953506991,-6.776184585924012,159,-12.678303871725578,-7.080743646501787,159,-12.633816715561036,-6.22220493736616,159,-13.179183372985655,-4.070537078758002,159,-14.250187420673054,-6.989776402957388,159,-14.793656062077837,-8.052665916865005,159,-15.58621482784953,-9.056529488720313,159,-16.319424512992896,-6.0651718959398995,159,-14.51410049514109,-7.033956600354001,159,-14.263711700423805,-5.310171915259011,159,-13.191063871512625,-6.329339758388887,159,-13.307004572715522,-6.515547591083841,159,-13.569659243375462
340,-8.506617064382448,86,-15.05258206589859,-8.305059273597195,86,-13.795060550281825,-9.145611626507463,86,-15.256833577159387,-5.499791672169407,86,-12.760637339174687,-5.914136936843946,86,-13.329030079076624,-6.755275440166332,86,-13.037808481210856,-5.4362930875403705,86,-12.46937715839623,-6.740261017893994,86,-13.776692288238515,-8.221146958569623,86,-13.841546712477887,-8.451570542489442,86,-14.744613701460702,-9.26101288489719,86,-15.095891584312785,-8.01097055845015,86,-16.593012838178044,-7.341900332767208,86,-14.615698698785826,-7.025309372921724,86,-13.07651008196765,-8.264754195063725,86,-14.002920687782598,-7.951113830291189,86,-12.606105490899214
341,-9.248910873851035,137,-17.145030396104413,-8.626413072298098,137,-15.232639627800292,-8.621913881517237,137,-15.639534981626644,-7.7391085044170085,137,-13.342488178161926,-6.814485274816643,137,-13.289617609359887,-6.503291293274191,137,-13.806548975265612,-5.253221127849589,137,-12.88893409413743,-8.371598152142846,137,-15.839741567164985,-7.666969031335535,137,-15.066725271825533,-9.060416099552494,137,-15.991208108994686,-9.470256158305592,137,-16.262057807383236,-8.613355661213376,137,-15.753578915015357,-8.347085764152434,137,-16.67344142950332,-7.876747160720953,137,-14.933864269003914,-8.441361381346434,137,-15.692946744492462,-7.338797143658811,137,-14.378469875926855
342,-9.018723144523202,36,-13.782517082017335,-8.80708851067751,36,-13.36683112689564,-9.200198449656781,36,-15.542848108807952,-5.561853786721094,36,-13.242255599720353,-7.507893286784444,36,-12.841374515369282,-6.383232674848607,36,-14.676566225709697,-5.7628815638216455,36,-13.380751927760684,-6.161422955501359,36,-12.242611361791052,-8.460966430060283,36,-15.11452446319755,-9.740857185615216,36,-16.448514933871813,-8.288300678869495,36,-15.137936602535614,-7.432804570687814,36,-17.306322240126647,-8.159225795022891,36,-16.249335164294834,-4.838363255234309,36,-12.754132376655239,-7.294932815689613,36,-14.662661399834178,-7.537371273866941,36,-13.92451475730278
343,-8.634185681279273,45,-15.85914970025554,-6.970607482916797,45,-14.930460771521908,-7.538932629920467,45,-14.515437130306017,-5.617219988124747,45,-12.08769095258907,-5.0161615867195835,45,-11.99859321664292,-6.8085543433292255,45,-13.933573467048152,-5.06702571022394,45,-12.272907671782471,-6.490972953013543,45,-13.775479719152612,-5.851883459717654,45,-13.376162678557609,-7.696622621737692,45,-12.466882589285317,-6.144187486509976,45,-15.276083892224722,-8.121282506555453,45,-13.1963390825414,-8.995644335299694,45,-16.050872538545423,-6.433124483184352,45,-13.050883923275702,-7.454699458370465,45,-15.663249320523555,-8.36745762006064,45,-13.920570430979852
344,-5.316461916547354,74,-12.439812023337549,-5.2789184604060395,74,-12.998670580419883,-6.083834774793571,74,-13.116662626898222,-3.8630210573715735,74,-11.800118696473788,-5.525675509151393,74,-10.868827996694069,-6.223832729582045,74,-12.237434006672716,-4.205149025247312,74,-11.177324994848645,-4.530966636204336,74,-12.120542529897818,-3.6235386988245715,74,-12.214045593888624,-4.387252442851947,74,-11.438972931038995,-6.032291246521709,74,-11.162738567229848,-2.856527623860663,74,-11.842086351835437,-5.623595926543205,74,-13.015512546483276,-4.755438634421409,74,-12.157131022657117,-3.9314576443742095,74,-13.12618041579537,-6.434027661306697,74,-13.062884187093719
345,-5.624044360916807,101,-12.21212509866508,-6.63928918587572,101,-12.904996156944248,-6.455934335978169,101,-14.20365972843574,-5.347418430830544,101,-12.052520800266599,-5.3189944720474465,101,-11.911463928011973,-6.477875867315117,101,-12.584030100310535,-4.6852770540631585,101,-11.61748526277532,-5.536856148172077,101,-13.133351508769152,-5.790424189308996,101,-13.165954621634695,-5.637415011308494,101,-13.636078679593817,-6.390290876057694,101,-13.290932700339004,-5.680043460900652,101,-14.126209235430764,-5.921576270462177,101,-14.484884982498281,-5.121524331328105,101,-13.368568178624482,-6.12617921957208,101,-13.311719251034265,-7.426524258392818,101,-14.103293055838062
346,-7.639461758146972,97,-15.200113853513948,-8.1761371876033,97,-15.194696554493149,-9.690950701358823,97,-16.270576210987834,-6.214672738596981,97,-14.305260468485885,-6.467860842225049,97,-14.429869152274692,-8.418760700452285,97,-15.902982468760094,-5.158175212609022,97,-13.135627362096304,-6.85440424672228,97,-15.299307920309133,-8.204352385854097,97,-15.47285612725953,-8.531896752740643,97,-16.18818522916959,-7.747973773559103,97,-16.90120807826262,-8.527166931444597,97,-16.363295098265816,-8.310569897975862,97,-17.60777288231743,-8.73532824055932,97,-16.066174647350415,-7.33652208798401,97,-17.071432807520722,-9.22246955116185,97,-16.926663264565658
347,-9.352350213783303,121,-18.015242517365657,-10.202499300685325,121,-17.04608297621068,-10.093696159552266,121,-17.11715012723709,-7.457356083526591,121,-15.512210090293792,-7.3341157111661825,121,-14.163831606371966,-9.55633001169964,121,-15.651122684647007,-5.125609501526094,121,-14.022068463181672,-6.619794992732738,121,-16.253791281771164,-9.035271865138187,121,-16.739106655003933,-10.539399824228878,121,-17.497706469392945,-10.34359753913322,121,-16.868843030797894,-8.082403750160363,121,-14.999879738221066,-9.055666458044199,121,-15.02594273518965,-7.684358546729583,121,-13.361268303510345,-10.303912917667855,121,-18.367350989217933,-9.511743998031397,121,-17.923994672718248
348,-9.484957915017104,55,-16.681851933301683,-8.332263670004771,55,-16.25036399778886,-10.678241834754218,55,-17.55073763741587,-8.531079765831793,55,-15.200645373270511,-7.509100444644097,55,-14.743718224943743,-9.745403689704688,55,-18.690245802881208,-6.747339546277472,55,-13.163619506960039,-9.293869880602514,55,-15.942184183592538,-9.650396789831033,55,-16.4377674278419,-10.371846313485381,55,-17.871165997965196,-9.063755420908777,55,-18.634847329685645,-10.210548483897007,55,-17.47544243841094,-10.880052780346949,55,-18.280009914405127,-9.329174222115448,55,-17.450546385334324,-9.32619181632009,55,-17.060669892912056,-9.141842616404352,55,-19.14575911357697
349,-10.27011640412394,117,-14.931636326664123,-8.569894590742297,117,-17.784018900107235,-9.350136501946244,117,-17.411477117555357,-9.003711649676536,117,-15.136692417589941,-7.984646564557192,117,-15.9745844755229,-10.01649453012879,117,-17.237212635910765,-6.628884821826306,117,-14.757908351933189,-8.69301280320281,117,-16.630415051137902,-9.651536396790998,117,-16.53386831270996,-10.20529020694882,117,-18.001188932957724,-9.308808285105174,117,-18.00455498722217,-8.053263616858638,117,-16.496760176861265,-7.916662210427781,117,-15.794920059087506,-5.086773871682465,117,-12.528703472509946,-5.0328274810533555,117,-13.692723404638693,-5.865243527497201,117,-13.776591247446294
350,-8.961747611088878,49,-16.0422456631784,-8.326088680694891,49,-13.9427001152103,-9.216537599060612,49,-15.768466828297553,-7.052001828328639,49,-14.246070116386026,-6.67615865155772,49,-14.306785052935496,-8.495737966695202,49,-13.902682895157835,-6.0567667350842,49,-12.444514580709436,-6.2055932487915575,49,-12.402337680675688,-5.97429738099822,49,-11.314423495973658,-6.048456328609784,49,-13.66317214008571,-7.425214243851399,49,-13.2132086644802,-6.070216047841383,49,-12.94932115243629,-6.687464951298713,49,-12.914034045593265,-6.773375990026162,49,-11.903809580324324,-7.691447860919663,49,-13.858261083875602,-7.099136495971303,49,-13.89835543453853
351,-8.68146512859679,138,-15.606294083570084,-8.862895161472418,138,-15.933940965118623,-9.596842367472329,138,-15.987384660340442,-6.646298711118984,138,-13.095301871021059,-7.139449323034029,138,-13.243476621172794,-6.695312787944347,138,-12.970424555856335,-4.594884174357582,138,-13.00564499651908,-4.519823608453802,138,-14.002160540011147,-6.47795003716565,138,-13.282554029151559,-8.657677653378634,138,-14.748256374191621,-8.505505741198164,138,-15.944811001779675,-7.215093946480126,138,-14.60343421613193,-7.1146628945045585,138,-14.670768882440706,-5.287589526416815,138,-12.478928789237404,-5.539764136061302,138,-13.796466714908826,-6.582408775383431,138,-12.769595534548444
352,-9.82084553454015,38,-15.4544637274486,-8.938604024650083,38,-13.731570213486679,-8.061872131233827,38,-14.242908769907856,-6.539344616497749,38,-13.914451675147664,-6.286574134303518,38,-12.126787013940088,-7.243690183466062,38,-13.191896713730543,-6.949785123592569,38,-13.641139284592184,-4.363322088367338,38,-12.129472175629743,-7.810878841048501,38,-13.595145972650393,-8.014581669815453,38,-13.890262133382782,-8.57469345734913,38,-15.1934942951695,-6.155112544032636,38,-14.221243125697239,-8.493628625135981,38,-13.884818343269153,-6.0091402320719345,38,-11.536078893260179,-7.562491043905185,38,-14.240040445105869,-7.9483563146690495,38,-14.170025432052798
353,-9.998401773102351,72,-15.531543118202379,-8.50577962663523,72,-12.704895084158423,-8.726595748525286,72,-14.067125080936425,-7.876142215428771,72,-11.78341151955351,-7.091071457485334,72,-11.896997696165787,-6.5745980100030685,72,-12.868046535111032,-5.298114922238555,72,-12.861132122925284,-3.624587599170156,72,-13.249648894848505,-6.472340969905411,72,-14.560984674996838,-8.833333965770597,72,-15.757671018776234,-10.013691048210827,72,-15.54877015423939,-6.575966441040948,72,-13.570946586540618,-8.345612337182807,72,-14.584170919013307,-6.505853457591094,72,-12.415515325998204,-6.66901097895323,72,-13.858577194112211,-7.158016385528715,72,-15.103868033195848
354,-11.375957216497687,19,-15.407658758656419,-9.750378883233367,19,-14.445874011879653,-7.880885452898104,19,-15.69482971568442,-9.282371863613896,19,-17.62126274973808,-10.102669720842052,19,-15.759167025271,-9.36957611891928,19,-16.236481462747975,-5.260138651352047,19,-14.97870239893423,-7.367146608790397,19,-13.946588340462762,-10.727757632802952,19,-16.055045032477583,-9.374959189335133,19,-17.532032970898136,-11.838831933106292,19,-16.962314960466443,-8.326361512045466,19,-15.667233145868956,-8.944990785517884,19,-14.080407424641052,-7.1577921101082715,19,-13.595542093679374,-9.099662740134985,19,-17.867516297740675,-9.798495331872644,19,-16.17758823975937
355,-8.665425226626983,66,-15.612424536289025,-8.15140093562736,66,-16.421448022889482,-8.811991617321969,66,-16.406703808303227,-9.114785820246635,66,-13.614317498317032,-8.362249320968477,66,-13.10468711829422,-10.012733057353278,66,-16.11357844563686,-7.806285882862819,66,-14.845542544941628,-7.12416019120335,66,-14.68985861929719,-7.95752940270066,66,-13.512874739660221,-9.25900731506352,66,-15.030145110388183,-7.966345665510958,66,-14.525555036676192,-6.635446110955742,66,-13.50436315794344,-7.246645859816111,66,-12.35671079229716,-6.340628956797292,66,-11.662908718521637,-6.591316679321546,66,-12.32449553719226,-7.259878155550988,66,-12.688211299121917
356,-9.170603522290262,348,-15.978182381610571,-8.020075709408339,348,-13.85368932125268,-10.069800256218706,348,-15.710090733279605,-7.4214370566355425,348,-12.560540871889883,-7.1969056243264,348,-12.637627120328606,-8.280882797427138,348,-13.441091164629789,-7.413422374176387,348,-13.035906663305079,-7.18681188722075,348,-12.669582925552877,-7.538562031721412,348,-12.217591278295604,-9.244964216206576,348,-14.832045143458616,-9.405451310997917,348,-14.611979902299762,-8.451635450663417,348,-14.30710497306686,-10.223733911992174,348,-15.63954691136316,-8.574499392738172,348,-14.394274254873924,-9.618826556977965,348,-15.527154027575376,-9.804840690696286,348,-15.865950607501185
357,-10.083491802666034,175,-15.557762473151017,-7.874577046729825,175,-13.843683407157677,-9.792600254297732,175,-15.660706748964085,-8.146190500609105,175,-12.664179299821864,-7.245336718179299,175,-13.260027562907581,-8.020318620470693,175,-13.78813208733032,-7.9228063427515,175,-13.21064332918649,-6.856084567465436,175,-13.268742634422308,-8.040982964211585,175,-12.74635982970099,-8.982641975321222,175,-14.739879433965937,-9.947936710626045,175,-15.22622674893951,-9.746591277114241,175,-14.29189197137568,-9.913051681125255,175,-16.118962056839283,-8.484995638048,175,-13.62407956506856,-10.980530583994438,175,-16.33820040753917,-10.898810146861958,175,-17.138076869733943
358,-9.262743408164946,101,-14.14968381825847,-8.28079559991121,101,-14.128024459993807,-9.482399763451726,101,-15.225019611407538,-7.674646397924924,101,-12.991385771729092,-6.849442164735607,101,-12.875175017614922,-8.289399342056445,101,-13.27612025603915,-7.755913715605879,101,-13.38132545476081,-6.865506152517945,101,-12.140083404917064,-6.485125399216588,101,-12.496798387136415,-7.687577663868337,101,-14.08788753655373,-8.57288060403788,101,-14.411299254095983,-9.013684278370812,101,-14.961737254390673,-9.047610104047097,101,-15.00521065953366,-6.939439184866201,101,-12.974055375301424,-9.220387763358374,101,-14.440249228851306,-9.23585373385966,101,-15.21224393891793
359,-8.64350905842662,113,-16.151067989833262,-8.626031405540855,113,-17.61547365237893,-9.536007821963,113,-17.440769135238135,-7.942842080677426,113,-16.309492480194255,-8.867012938403679,113,-15.798113423896133,-9.944610002488321,113,-17.377814165336186,-7.324873072832803,113,-14.381133744522847,-8.292502849333562,113,-14.645290267373648,-6.744209014099441,113,-12.351080304702107,-7.2073333975731195,113,-15.931800896284054,-7.582251243987216,113,-13.992031514438333,-5.379780175754777,113,-12.69273807612314,-5.615768488189263,113,-13.929390568355661,-6.042214455162222,113,-12.913300714448123,-6.271759487882259,113,-12.968583533698775,-5.351476676300674,113,-12.43039194870306
360,-6.761476858411385,36,-14.723000805821309,-9.559286133416387,36,-14.035330300195554,-8.87585396366767,36,-16.99459999456296,-7.764162908537964,36,-12.961390861550067,-7.013763533149123,36,-12.329430799950586,-6.965639739979759,36,-12.187788680014105,-6.14465443432587,36,-12.092141666413003,-8.111149657415186,36,-13.308047145089823,-6.563578564827751,36,-15.128986847520924,-6.6851862484850795,36,-15.955566515892963,-8.575451311672747,36,-14.517463771774953,-6.478087294036376,36,-13.560779077388613,-7.564465968533582,36,-13.166086955806955,-3.9770742064479414,36,-11.9910117178168,-6.673781953798226,36,-13.59583140194162,-7.495853651462767,36,-12.457023208621319
361,-8.931662186561454,108,-15.670089064850625,-7.891638443828837,108,-14.535467476278033,-8.23013793084865,108,-16.42696862074198,-7.0714761109049356,108,-14.643627319518375,-6.55157438442468,108,-13.475123046795911,-7.963379540970601,108,-12.83593543111172,-8.54579079768069,108,-13.166463857647893,-7.684529431426261,108,-13.785353520020001,-7.1137622954968185,108,-14.083297656371595,-8.865934993937135,108,-15.704892251928868,-8.394109400796188,108,-16.096149640537583,-7.275753644352868,108,-15.113149613726565,-8.006943159603846,108,-15.121181524118082,-5.148561703511102,108,-12.830154826753633,-8.259718821183457,108,-14.741918952221402,-6.966800682634078,108,-14.79237044013888
362,-8.755810249458998,89,-14.353845327331756,-6.1996804328604425,89,-14.265414574256255,-8.75315205874483,89,-15.187363432058529,-6.794758976212413,89,-11.241066467398914,-5.846662969431052,89,-12.428948312387277,-7.558044579251898,89,-13.748135458082109,-7.233529560668574,89,-13.573676813569229,-4.866398769854881,89,-14.145683574648679,-7.231570573872982,89,-13.572699182079788,-7.7255172008144415,89,-13.799007624736767,-7.795029492884421,89,-15.286073512888251,-8.280402593963833,89,-14.984304208942834,-7.782518565446157,89,-15.250883674166397,-6.096861329120299,89,-14.090092587127007,-7.516856528566587,89,-15.82300482905514,-6.124307917903801,89,-14.648533556637842
363,-8.342797016218785,51,-14.166203117109895,-7.837144128382359,51,-14.030276931481463,-9.25642462852924,51,-14.508180971716314,-7.658935962221889,51,-11.78665438327532,-7.018215738356773,51,-12.717592221181821,-6.953131305365973,51,-13.279010716046765,-8.674671237020002,51,-12.699771573997396,-7.132040268867409,51,-12.152494142802377,-6.1810595394757195,51,-13.035511072902734,-9.59499054012563,51,-14.628103523970271,-10.028590322267759,51,-16.295597020241942,-9.35118650512517,51,-15.123123993470662,-10.102419527181038,51,-15.65048169803789,-7.7684971658023905,51,-13.04434628901821,-9.964605487415144,51,-15.892207173735418,-6.931889283500661,51,-15.062703963590675
364,-9.926166495138611,39,-15.18075483117374,-6.334501799643824,39,-12.306550835307098,-7.755135314790395,39,-14.091183977812058,-5.6927710464982395,39,-11.903855384412545,-5.194851223842203,39,-10.641321900538895,-7.2170440289067725,39,-12.607493134627514,-6.166296607641667,39,-12.927564792759238,-6.6309947416211,39,-13.796031134564968,-8.213891018324995,39,-13.989489147609394,-8.88384630654045,39,-14.869969676119354,-9.615291258581678,39,-15.670528179735202,-7.361816099457665,39,-14.760111398689713,-6.704775156380331,39,-15.348660801515807,-8.559162966615883,39,-15.784524029908347,-9.498969253213769,39,-14.119138444858457,-9.462289742132352,39,-15.417258584724562
365,-10.149881397476282,47,-14.35357977927104,-7.489667794566163,47,-12.607436504965587,-10.088522149690831,47,-14.43968607974666,-6.741004546068132,47,-12.808750314890114,-7.585540898730855,47,-12.060336725740413,-7.690715101923232,47,-12.605128971728892,-8.473328544343621,47,-13.748037807398132,-8.703339217573191,47,-12.734732881207634,-6.381501432665687,47,-13.441306704610748,-8.598050906409751,47,-15.207127893324301,-8.576319913322804,47,-14.015047050252182,-9.043012526059984,47,-14.237889485534378,-9.310206446144083,47,-14.26593406475497,-8.509010618420694,47,-14.216888497403236,-10.417901457841129,47,-15.672816912719973,-9.413244434562735,47,-14.387622876432077
366,-9.226708195557654,63,-13.856593165682398,-7.702224125149748,63,-15.156219365738286,-10.436482535410303,63,-16.311028024841235,-8.05288874933489,63,-13.243665189902046,-7.044424238169796,63,-12.970174554309285,-7.052575192592373,63,-13.767469908800201,-5.5642697279158435,63,-13.68013187135478,-7.249860942146721,63,-15.432585491529288,-9.075805274653112,63,-13.167175236966294,-7.6947234651637775,63,-16.453118382639524,-9.51208724045994,63,-16.166040795179327,-8.628289796562566,63,-15.686766359484977,-8.917502788639561,63,-15.201671124049573,-6.646665418407127,63,-13.937635007707584,-8.329507502797128,63,-14.952441011764687,-7.242761568478187,63,-13.203849357659962
367,-8.145081699784205,20,-16.497536872540365,-7.798600770503081,20,-15.167328934458373,-8.67863286628883,20,-16.07000403678122,-6.0296963397751115,20,-13.627534972722081,-5.480006054086612,20,-11.235368733232553,-6.603383367053963,20,-12.772039458939595,-4.5265824952923115,20,-13.952942421920696,-9.776851331635765,20,-13.59099233926438,-10.855476647113516,20,-15.372078550899673,-8.287372497813275,20,-14.674369428043798,-9.172555955721446,20,-14.653450096719848,-7.6315043161459055,20,-12.464086351120375,-6.667601590877998,20,-16.04535859344645,-7.022105785619327,20,-12.858946100755562,-8.874384896889737,20,-15.819376466917491,-9.034113183474195,20,-17.042934315523016
368,-8.426267893856858,96,-14.865887674030827,-7.5553206671554305,96,-12.463189147189205,-7.844310176065971,96,-13.30150950363022,-6.003090357682801,96,-12.827580051504208,-5.510871297298262,96,-11.570381211033919,-6.156701427100564,96,-11.2711946564595,-6.668048630881984,96,-13.202882627151016,-5.425794077654654,96,-12.559687616670448,-6.706279724219177,96,-12.08940114635512,-7.892174838150274,96,-14.062561103247413,-8.234398235259544,96,-13.754131982645095,-6.6160870049838385,96,-13.1634867208476,-8.113106713974913,96,-13.983134997623068,-6.556181843164916,96,-12.577533371945941,-7.414507867245291,96,-14.004275344292395,-7.756105628707257,96,-13.585083810286198
369,-10.584496108490097,25,-15.53264743621022,-8.759638357610266,25,-14.140088341227255,-9.69468098124885,25,-13.546569918895301,-5.655358318015491,25,-15.137999323457594,-6.666616738088475,25,-14.089432295233053,-7.530611147173884,25,-13.113375519935746,-4.2818647089059745,25,-13.498353040019007,-8.52455771952348,25,-12.798111540048609,-8.517985624051496,25,-14.774470704378974,-10.054602075011623,25,-15.263067792255661,-8.425045693173223,25,-14.057950934749305,-7.576174013537276,25,-14.178447096675546,-6.601450484284484,25,-16.607838495762365,-6.065534800377211,25,-13.061753519157284,-7.260823856678973,25,-13.269451668700277,-8.530342421504503,25,-15.189546462938129
370,-9.402145499873876,24,-16.331712179255344,-7.960286574924127,24,-12.698619589995545,-10.094642613140445,24,-15.061405740727334,-6.313021525856683,24,-14.185705879251456,-7.577416752719,24,-13.742110421307181,-6.231251366341832,24,-14.05991769435473,-6.579846066859011,24,-14.221091498139709,-7.358227508507241,24,-13.798223150245361,-7.517784835990529,24,-14.41964262568918,-10.090090823917201,24,-14.389078780812188,-7.1295022780966555,24,-15.918734652989492,-7.198502913239793,24,-12.71058513303065,-7.514858688472142,24,-14.86470545672998,-7.112200989329417,24,-13.2444406720277,-8.32440699584757,24,-13.022486534059798,-6.955551947639317,24,-13.689378357865277
371,-8.518536879082419,74,-13.633254903256269,-6.991946121196074,74,-13.36240850734358,-7.952089071801092,74,-13.43027886851496,-6.785538267222954,74,-13.75879278792107,-7.063116917129724,74,-12.323848790364657,-5.351382342250934,74,-12.269974918238107,-5.972679274342428,74,-13.309174403517288,-6.778585817299026,74,-12.677173679473366,-7.542497545581065,74,-13.060780129448247,-8.258095752811572,74,-14.819225557580646,-8.887743827715296,74,-15.145468222039254,-8.240873438545908,74,-13.620216542087695,-9.162198312870258,74,-14.97694420418592,-7.34544127296266,74,-14.13251367762719,-7.519594383594051,74,-14.715030019810587,-6.940604994344218,74,-14.179130541563572
372,-8.509432822516773,42,-11.68644797360267,-7.055138304905141,42,-12.561510693373366,-9.323936886766687,42,-13.759574293184775,-4.857736798834545,42,-12.931759729533008,-8.831780811572685,42,-11.244735393925911,-6.663508699215951,42,-12.688880837056647,-8.091764000670542,42,-12.473293127723533,-6.469343303302769,42,-14.12376590935173,-6.1564884298764175,42,-12.479157944918516,-8.438100601741281,42,-15.20159614387419,-8.646032444311004,42,-14.180308980570071,-5.886092588117333,42,-14.21501860368087,-8.206108198652274,42,-13.233485217672404,-8.065226046263449,42,-12.055088093447521,-7.36010173288217,42,-12.318670185912229,-7.324682097188222,42,-14.292041551903491
373,-9.097779529086388,169,-16.09092553708661,-8.91674428515164,169,-15.323238362680891,-10.760161302788745,169,-17.486724125831334,-7.5668651679693655,169,-15.41948345251633,-7.854236438380453,169,-16.175978930216083,-8.617172990166443,169,-16.398087682914987,-6.40955079050067,169,-14.344908992515787,-8.230161392759971,169,-16.03318040891736,-9.846103141147415,169,-16.050351013651124,-11.45941276091952,169,-17.53239085538002,-9.093026350542031,169,-16.366303777361423,-8.13382583261531,169,-14.632785342254309,-8.257977811493673,169,-15.616659819998635,-6.795939156729164,169,-13.515824724129752,-6.914470440571319,169,-12.033209200961263,-7.134679820057871,169,-14.01410676276916
374,-8.637174064064252,279,-16.476402088174776,-8.406952577265876,279,-15.918696692524563,-9.443618454240575,279,-16.54793974277748,-9.629147149589063,279,-15.633587006662458,-8.818960308761532,279,-15.208533828858108,-10.338942359480313,279,-15.273285318503738,-6.7823751695681525,279,-14.702153804307015,-8.50938978640148,279,-16.453795454173957,-7.9997252037628765,279,-15.61275894974277,-9.749930398979705,279,-17.440464821406735,-9.258497849666737,279,-15.594022672691052,-8.712124826517517,279,-15.523286019168046,-8.167252015666994,279,-15.289432039371938,-5.747514150287028,279,-12.877149777690175,-6.064287961932566,279,-13.741980800832533,-5.5716829929572675,279,-12.857196131918709
375,-9.577641667537108,74,-16.433659180977802,-8.967191210890432,74,-15.984734407651686,-9.562148017828333,74,-15.278441969405455,-5.96370918758839,74,-12.30609370010063,-5.760662821921124,74,-11.232223566931033,-6.108170498624977,74,-12.489384782462569,-5.905318221990827,74,-12.135098828121972,-6.7219582599700525,74,-15.64657756362839,-8.43564495482915,74,-16.30391900762216,-10.829672858678467,74,-17.146411421477787,-9.487809580795146,74,-16.080396523505584,-8.140742407540724,74,-16.074112451651228,-8.854735249709794,74,-16.665166233189524,-6.946006217631656,74,-14.480813604598502,-8.249249925663518,74,-16.948012920647805,-9.030701572187803,74,-16.59109327889885
376,-9.752338186692127,41,-16.97920984233896,-8.511418078837202,41,-16.951396963327742,-8.55269305011398,41,-16.736909368137056,-7.535528877633383,41,-12.762730413633253,-6.133846615481549,41,-11.501423930586562,-5.087126931673518,41,-13.276304459889271,-4.852334416202634,41,-13.828720011304139,-7.894957636309627,41,-15.715319880965268,-9.561993757338072,41,-17.527177629701317,-8.698353220526396,41,-18.829480993771735,-10.181628544659594,41,-16.949546484171663,-4.479765457323575,41,-15.01246274569885,-8.886016952144589,41,-16.4335856226522,-5.607964926904633,41,-13.516170921943477,-7.451818548201684,41,-14.830097411990604,-7.505310267239374,41,-15.714727929825846
377,-9.157724859681771,57,-14.857413945591329,-9.503664902531902,57,-16.585869470852483,-10.083793522066893,57,-16.64653103710327,-6.675632644038129,57,-13.338298259857734,-6.066182643224321,57,-12.991448871245897,-6.986980412360589,57,-14.465237622428953,-6.501418853973418,57,-13.111657453290771,-6.745343936125931,57,-14.56900404480636,-6.4115715924919305,57,-14.186645867041651,-7.440642979087474,57,-15.161410158033174,-6.715312145945379,57,-13.512152037157104,-5.23181120725738,57,-12.956469715087861,-5.596709781594723,57,-13.137343643398644,-5.48570354631515,57,-11.810336529404662,-5.247162077465455,57,-11.512292254870037,-5.2111307450056366,57,-10.610683906910804
378,-9.512409355549046,98,-17.941716331630126,-9.397404756682162,98,-16.769958618078235,-9.439832129602403,98,-14.801820221836604,-6.644280295728134,98,-14.125573587890383,-7.780034786990472,98,-14.1924228185239,-9.4868327898882,98,-15.899034645542747,-7.456955229913044,98,-15.025261046599388,-7.272945947244994,98,-13.832100444210173,-6.0057777480932675,98,-12.839360820318408,-5.789236838723434,98,-13.16976425068433,-4.844484295457397,98,-11.84179578481027,-4.4747419854108195,98,-11.89941931186425,-4.478846156807251,98,-11.356901944889149,-3.042385219379442,98,-10.55438022739126,-3.4318385937652884,98,-10.00620929558172,-3.1655676028131126,98,-9.112541332740346
379,-8.282383519983597,19,-14.906877818254184,-8.975959905493662,19,-13.613026899513383,-8.39058534771864,19,-14.621468023613495,-8.772768054167742,19,-13.205405053132688,-5.711852551489801,19,-12.941091543778484,-8.557786119195615,19,-13.580605978825965,-6.653198487852717,19,-14.485514501703623,-6.680119794419742,19,-12.501964344486733,-7.004000032859047,19,-13.186641896565487,-10.074033120179678,19,-13.70055242743447,-8.618902904162878,19,-13.556797831441669,-6.655840022102511,19,-13.428988474584449,-8.841230560101893,19,-14.97856720459035,-6.228033654812057,19,-12.673219760496892,-7.817550770576015,19,-14.5225990366084,-8.398268275478536,19,-14.043995844187624
380,-9.474205695578297,24,-15.322164655205349,-7.177760315754423,24,-14.528499219808124,-6.708199005721714,24,-15.623443656384975,-7.2845341608362215,24,-14.404135094301962,-6.879514419424533,24,-12.290215343974928,-7.97670411378247,24,-14.254907075119936,-6.718986937458587,24,-13.042750845788593,-4.797993267783193,24,-11.573369626661666,-6.667822533533826,24,-14.092748214100526,-7.7580499541062,24,-13.833417599018532,-9.081747323565859,24,-15.981924733312576,-8.498391124035406,24,-14.932866797585387,-8.201859136800024,24,-15.152774855420724,-5.88531901912285,24,-13.962689453082582,-6.792937343852907,24,-15.699713358498698,-8.489138967287541,24,-13.486744414518647
381,-6.44819202775158,43,-13.242532810436447,-6.8301604039011234,43,-12.13100248983545,-5.648892871753082,43,-12.648067176798152,-5.237780551084848,43,-11.986442892293594,-5.025822360870999,43,-11.445734057539223,-6.340341607877855,43,-11.298726368706225,-5.56671707950623,43,-11.791794424947067,-7.25311000743069,43,-14.00818600633108,-9.425516506433913,43,-15.688106983059756,-10.722913593353,43,-17.516266043186647,-9.387040731285751,43,-16.278873090308544,-8.02368050842192,43,-14.309500291234485,-10.12869201393032,43,-15.818647357194449,-7.368224887337589,43,-14.146549028797681,-8.424062332307617,43,-15.355359800232334,-8.982002672446365,43,-14.628129774654383
382,-7.770089967315866,20,-13.482320312926554,-7.772932832055874,20,-13.960577451744747,-6.853380911576944,20,-13.879552068459958,-6.535050514829016,20,-13.395080910592014,-5.237202883474677,20,-12.802705000217166,-5.830686098452756,20,-14.419915356034616,-7.093400674929587,20,-13.469470295368016,-6.9491825517704715,20,-11.621997319809253,-7.059642245456882,20,-12.554056958889323,-8.515957092575086,20,-13.918360163036867,-8.355728600117777,20,-15.209498108302377,-8.073536128985632,20,-14.230581590321114,-8.640876580323251,20,-15.020827456361765,-6.138470445051244,20,-12.078063408194282,-7.918488833195409,20,-14.44692224642089,-6.810321040040557,20,-12.182669341966296
383,-8.410428915895722,11,-12.820339098610338,-7.784775743925348,11,-14.460515796156768,-9.122397193054748,11,-13.579975805275224,-8.225002288633382,11,-11.973543569076647,-8.675920884093628,11,-12.351206938790373,-9.355445210903726,11,-11.028267893242145,-6.897790989468162,11,-13.790670942712659,-8.111336885875476,11,-12.878950924735497,-7.087612057743852,11,-10.842921138740444,-7.133471979000101,11,-14.187759949251191,-9.042110289867843,11,-14.255505893222661,-9.689445803694989,11,-13.376575823276866,-7.477657204459582,11,-12.89129185468272,-7.345570385923511,11,-13.673940089051758,-7.6116378708670585,11,-13.598733229643722,-6.396226465881817,11,-11.993149289755337
384,-10.937424297129837,12,-13.446701682626463,-10.396380624196384,12,-17.53596874312376,-11.956187785586504,12,-17.70171273868804,-7.459004797322443,12,-13.99872484105687,-9.881091351500102,12,-12.607682728050442,-10.43124815639601,12,-13.897619074761016,-7.842706298004907,12,-15.41084546209757,-8.005852446413188,12,-15.693006047038804,-8.871832880282051,12,-16.254364698037442,-10.083936887672316,12,-18.68415840701653,-11.520158203925295,12,-17.808498464298985,-9.48139713342907,12,-15.281372664207902,-11.637943968450337,12,-18.184735002807827,-7.607748556716956,12,-15.093252170938774,-11.470828451813016,12,-17.450652879089365,-10.890679776449364,12,-17.45013737359541
385,-8.910394438955198,6,-15.820425211356685,-8.082943738892048,6,-14.308143779569043,-6.0558223769264465,6,-17.06258827226233,-5.494463368925841,6,-13.488662376345799,-6.101264672459051,6,-12.220194515059399,-6.840822116994575,6,-14.300169010038744,-8.214387219563434,6,-12.860457809991267,-6.487935484596296,6,-16.852506833880533,-3.4304264077399917,6,-14.583204580582008,-5.855108352837185,6,-12.18568813537797,-5.522527482822403,6,-17.651418304515516,-6.820788188178436,6,-10.297225718228438,-8.644316550923577,6,-15.500549962301832,-4.816935658513376,6,-11.884960410976191,-10.326545023983629,6,-11.75715785272401,-8.898010813553466,6,-18.29826590966341
386,-8.335226903284642,22,-15.331592310881394,-8.468071705932372,22,-15.701620693691282,-7.603473229114597,22,-15.118271391275108,-6.549857942221506,22,-12.941585932157142,-6.694075286053863,22,-10.480559195130162,-7.444424153862325,22,-10.204938410162786,-5.10627246959093,22,-13.254052051203374,-6.298561574215585,22,-11.712227435050497,-6.547064630164623,22,-12.923961773860634,-6.63016505436425,22,-13.746033148007683,-9.110841916911593,22,-13.223329860788407,-7.45827175711193,22,-13.214036713075966,-9.470915853083081,22,-15.07559579720841,-7.412744380103371,22,-14.663317295645363,-10.596244202127687,22,-14.683511186195236,-9.97183289588303,22,-15.484914109122094
387,-11.254861800773032,19,-16.70879550821979,-9.06853256456599,19,-17.068776825455004,-10.066304462072452,19,-17.40615872243701,-8.69951876944786,19,-15.83673796003364,-8.857497502207448,19,-13.702427994563205,-9.103245118472973,19,-13.474919500692595,-8.09396559979783,19,-13.682953732431633,-8.662624682003543,19,-13.099171468040591,-8.436746541484375,19,-13.967974830311052,-10.019028454398992,19,-16.483501167570186,-10.950427076545669,19,-15.681962717201285,-9.25199569427506,19,-14.820995791871333,-8.459209993266995,19,-16.51057983155813,-6.579292748521572,19,-13.595473850732748,-10.778812622555776,19,-16.289591595086556,-10.211398373349523,19,-16.96634403589225
388,-9.265234743569655,11,-14.42477076277588,-8.134903196629185,11,-14.469013125436527,-11.75869343731086,11,-16.678057217715363,-9.8659037942036,11,-13.540009378344081,-5.869748853618902,11,-12.568597790549214,-7.967935171334414,11,-15.685151610903716,-8.321914343015292,11,-13.591591673470331,-5.812246445256159,11,-15.11899407597324,-7.077483268911205,11,-11.465783074591723,-9.913688902323289,11,-15.778075260582629,-9.346845038053894,11,-15.653203649188917,-9.059157380918974,11,-13.74524865732745,-9.377647136604601,11,-14.706065762998655,-6.874809226442188,11,-13.709046763883293,-8.245870261805088,11,-14.540238070188513,-7.548695312898407,11,-14.332750481914802
389,-11.327042400348091,17,-13.216376239262841,-10.52193921852496,17,-15.788610338025624,-11.3222281304403,17,-19.204562788422162,-10.368301287576493,17,-15.964909225911303,-7.512559024386868,17,-15.314384850418666,-8.214161004720888,17,-16.53850991647139,-8.632618186162816,17,-15.847935242114238,-7.212915520128355,17,-13.23505516986658,-9.189901396774188,17,-13.943024019296368,-10.635870082080043,17,-14.742187102690831,-13.227524449215405,17,-17.099724442024314,-9.606310744092564,17,-14.730758993263482,-10.20446349674071,17,-16.40134704690626,-8.418201982987163,17,-15.041603593203732,-8.028406898694783,17,-18.606001226261363,-11.564923371520822,17,-16.375154420113255
390,-10.037836162094969,21,-14.708591698248469,-8.193945447949213,21,-12.915731338334353,-7.764325850599413,21,-14.438041105378641,-6.845109252277698,21,-12.642137002005745,-7.380989603465294,21,-10.97895992414431,-8.430377994220628,21,-15.460248910336,-7.1762836905492975,21,-12.099667411016133,-6.5835432560106,21,-12.687809682180864,-6.980428875952103,21,-12.68884036566037,-8.161527981046408,21,-13.858516347719931,-8.673456066609562,21,-13.377433448374543,-7.013365633782774,21,-14.380405802374641,-9.50647879327541,21,-15.751429745667584,-6.61380368491148,21,-14.400041424188291,-8.164165602433744,21,-15.188426121611233,-7.575016941536435,21,-14.413882506584937
391,-12.175622818143836,22,-18.826943696542465,-9.071769309896561,22,-17.180768906187925,-9.816145480996108,22,-18.31187329720319,-10.382125097633706,22,-15.353043503218434,-8.906557742532698,22,-16.172546437988572,-9.274786457172752,22,-14.552255386124223,-7.08447276581942,22,-13.908467634186582,-10.571787403353321,22,-15.631849559599154,-9.606651554444117,22,-15.814243718821963,-9.601994177774866,22,-17.582473420738296,-9.898569175247182,22,-18.382080074383282,-9.170496160312272,22,-16.144070916959663,-11.233029157675631,22,-17.02110320506994,-7.876169675843667,22,-14.137360544678884,-7.912660065342073,22,-12.28691899102428,-7.333539395727978,22,-12.50173752615195
392,-9.284837390331775,13,-13.54205047788267,-7.038220512624354,13,-13.206095391004123,-7.683479683910753,13,-15.392595497242457,-7.233743845802739,13,-12.693444914708296,-5.1590418340506075,13,-13.479411342638503,-10.076035353014772,13,-13.547007892629914,-6.8952468557310445,13,-12.204460133047172,-6.644556015347756,13,-11.823513200916665,-6.78484115907057,13,-13.8387935659551,-7.413011806736721,13,-15.348763001235316,-9.657760764471,13,-14.726766181433108,-9.099571616611383,13,-13.78431637841788,-9.786436600406844,13,-12.693990070291509,-7.380062955945053,13,-12.433773200872483,-6.19225190985397,13,-13.93181360891541,-8.796902286982775,13,-14.860047023863762
393,-10.001796698711207,12,-15.004092342362503,-9.700703991230224,12,-15.375080161178381,-8.969711592509727,12,-16.69989660641141,-7.3539262975699735,12,-12.12984097142154,-5.183852142846257,12,-12.4994146612723,-8.882634664234848,12,-15.928651036521469,-5.053430874269399,12,-11.41621717086158,-8.112888677412792,12,-12.695125032668486,-9.740802820066195,12,-14.2283084718494,-10.14247925077592,12,-14.370607399502124,-10.695160650762006,12,-15.569846801410886,-7.842559117971844,12,-14.179446542821609,-8.281329998868364,12,-13.158979994735478,-6.14963252362013,12,-13.161724852174011,-7.572793888991455,12,-14.502470005595054,-8.430023121094507,12,-14.384056308555067
394,-10.172679055615008,8,-12.86537440445466,-9.225343901300024,8,-16.48770348828183,-9.592488969501705,8,-13.062752482746491,-7.544355243266595,8,-12.083298617658416,-6.887178312088713,8,-14.445523794406018,-7.023343385339736,8,-12.922131941755541,-6.403562844729956,8,-13.93216552264098,-6.34051890676105,8,-13.849488276297246,-4.6766633172125385,8,-13.783719913430437,-7.9077773308354065,8,-13.146963271837853,-8.047206685706593,8,-11.531785526110118,-8.104187732691354,8,-12.746402893144662,-6.178341949523518,8,-11.898521238599432,-5.47162927592611,8,-11.334938027949445,-7.248320865576799,8,-12.483862011309482,-9.098325315602303,8,-14.715513322428224
395,-9.40644237189945,8,-14.63936766478028,-9.246783078549814,8,-13.122060378748714,-8.436560803494558,8,-13.1755483775095,-6.386567857553144,8,-12.166261123965139,-8.48647103670935,8,-12.482769331368386,-7.000745277144736,8,-13.351464285188278,-6.567051384685245,8,-13.351457897357385,-6.0388586790451635,8,-13.684918805761153,-3.107207168139878,8,-13.41596970174072,-8.60026453312178,8,-14.171060344228653,-8.44377039963933,8,-13.773294977914514,-7.776475953207852,8,-14.69623029164055,-6.252571156904963,8,-13.431981972936423,-6.924582521516917,8,-12.327423076910494,-7.521864567800951,8,-12.621692967281305,-8.248750560243293,8,-14.70219380126504
396,-8.329129641241419,13,-14.039659555368969,-7.790151532137002,13,-15.91421820490718,-5.959687758332888,13,-14.831067540156553,-5.686513549477898,13,-13.334915534115508,-5.211479262381796,13,-12.93500550269055,-7.957295753639425,13,-12.290140604135482,-4.292706196075652,13,-11.350987644070154,-7.2424223962884895,13,-14.138491722791535,-8.591013435356842,13,-13.426767695388243,-7.098456410350051,13,-14.198172220251784,-7.370189983018599,13,-14.916493101645072,-6.495833888404229,13,-11.842430736993627,-7.635828279625777,13,-14.263614216783216,-5.514357664790053,13,-11.422799104687114,-7.302956701306574,13,-15.746763456707749,-8.876378551173119,13,-14.866062362103508
397,-8.251275182045518,20,-12.888115015878798,-5.6989408308541645,20,-13.0119305690926,-8.183831161941663,20,-11.673297007362331,-6.067739580849146,20,-12.37039736991591,-6.931011378299438,20,-12.448386726395404,-6.920700483475898,20,-12.533589989396429,-5.519039912147392,20,-12.74413050768451,-6.023775275987315,20,-11.663100557981348,-6.22303602930565,20,-13.184612926108194,-7.465481311599195,20,-10.678527636155765,-7.918060111897681,20,-12.304810529992569,-9.310604620960413,20,-14.041211121221586,-7.253870933215129,20,-11.395579322540181,-6.3687693162822,20,-11.186021931950325,-7.877129358646356,20,-12.849048809337607,-8.175851350012195,20,-13.739764922991046
398,-9.210285116221852,9,-14.121371604257256,-7.546681960606703,9,-12.141721085016368,-7.215614722762496,9,-15.908457448189923,-5.062817804571509,9,-13.668103385259078,-5.648988936602176,9,-12.165614666959057,-6.805235640895954,9,-13.692671127104205,-6.965202375355741,9,-9.695950266193881,-4.1203174781242495,9,-13.942914465484456,-6.574659885512557,9,-10.952916588743511,-8.660764357851887,9,-13.365634025361746,-6.602425600284091,9,-14.722873426728508,-5.095817105277192,9,-12.690448407851795,-7.243100642977339,9,-13.017047815010814,-6.933175655298287,9,-13.708943556511686,-6.36149380562347,9,-14.398818054228036,-8.647814257385443,9,-10.850995335128797
399,-9.564612030783518,4,-15.30180373928501,-8.473543239556555,4,-14.801609705446904,-7.788060569269763,4,-16.242410836799696,-6.128980300598576,4,-15.357145425519722,-7.575025027745257,4,-12.161238422734911,-8.309287232542228,4,-14.77102812976664,-5.70167349001193,4,-12.925102354634088,-4.743660097356126,4,-13.306357826057585,-6.3443919455736975,4,-11.657330189660113,-8.370182493318374,4,-12.87915338889146,-9.169260813174168,4,-12.34635654577328,-8.27189538672324,4,-14.769701955174668,-7.5060413329142435,4,-15.232241194190891,-6.861819699659341,4,-14.062746519711098,-5.95083880466299,4,-15.84351822320982,-9.944300321011966,4,-14.437117644331757
400,-10.062269582265056,8,-16.578037402832464,-8.680127478066916,8,-13.35317649697557,-8.843188563450909,8,-16.148038218780357,-7.4541435369798315,8,-13.475688986276072,-8.664312960227722,8,-12.43437992625025,-7.5731709526628475,8,-13.951807103404887,-4.710368942704049,8,-14.243352502436505,-7.830151644954164,8,-13.958709327792336,-7.243415783766499,8,-13.187570819946536,-8.128332487796161,8,-13.419473361363341,-9.868695852092117,8,-13.062281984001851,-7.726304975221074,8,-12.601916409102824,-9.032906042752685,8,-15.478856723090653,-6.098867681021424,8,-13.293277491564243,-7.305118514029404,8,-16.585015444172154,-9.036031493247407,8,-17.080741730199552
401,-9.352108091977886,5,-15.282782022745318,-7.952629437396384,5,-14.154759423015353,-8.886246770806828,5,-17.63113615511851,-5.936990393008514,5,-12.168800001083879,-8.6415809482034,5,-12.29983314873779,-8.656224876130178,5,-14.738714112214764,-6.786066096404949,5,-15.55588426380925,-6.855098392120463,5,-12.724374975583704,-7.501548935392394,5,-13.975144876691983,-6.30667477148468,5,-13.746627734075803,-8.871237486283254,5,-13.96023272784836,-5.560395463350487,5,-12.29212381845208,-10.085651811667029,5,-14.4307178911479,-6.575869053283138,5,-12.35403401773603,-7.678950779710279,5,-13.286916009044221,-6.73939544651224,5,-15.190428667384207
402,-10.669429118024025,11,-15.184029412797289,-8.946559544482525,11,-14.722490462867215,-9.541271307092154,11,-14.661298692855524,-8.790421564928327,11,-12.288632935218933,-8.42965969128744,11,-14.421652212118882,-9.100946517604967,11,-15.65557875442817,-8.865870025238445,11,-15.52937618587533,-6.22625150101778,11,-13.828550554897038,-8.091815773210264,11,-13.63754217537139,-10.53323484240343,11,-16.331507400798966,-10.172487470233794,11,-16.771317672575442,-10.561275296748217,11,-18.19591624158378,-10.562016242826445,11,-16.619010629720425,-11.848178831410268,11,-14.409964124232449,-9.925355875891595,11,-15.541150130875984,-10.642593951913575,11,-14.634574801322689
403,-10.25041875561859,9,-15.0928253905058,-8.261814029109802,9,-14.868943602042847,-11.325008557779405,9,-12.76082675434414,-7.868174270613563,9,-12.8712701602686,-10.079209404698597,9,-14.186462195330252,-8.479531741910835,9,-16.16802489585408,-8.478514668648735,9,-15.902445326049621,-8.573787312316721,9,-12.978970292242673,-8.188919413225793,9,-14.427827209584414,-8.178063213086897,9,-15.250242040474689,-8.738643254959321,9,-14.595038505286926,-11.546558826096485,9,-17.055772076317027,-9.661597807572239,9,-14.480697210421308,-8.484754448593197,9,-13.512688130117,-6.774502591851225,9,-17.45641789609664,-9.69471120178237,9,-14.093418677198422
404,-9.590955086483627,15,-16.705357147895047,-10.01804571465765,15,-14.500847713474892,-7.742544283688606,15,-15.320141544853382,-8.118138267394887,15,-14.683558583692895,-7.057284475767864,15,-12.940264348093496,-7.996395211789221,15,-13.51790740060299,-7.64931637910529,15,-12.70869690328847,-7.170924103336997,15,-14.475642168659665,-5.492819559829413,15,-12.520244594755018,-6.374485314112333,15,-13.327098369408564,-7.128803274112078,15,-13.745396274072426,-7.936021783496294,15,-13.997718002409005,-7.031112741308263,15,-12.909360785347195,-5.017026796203396,15,-14.530571525922051,-6.938093034568519,15,-15.771876658015355,-8.501054894954565,15,-14.685231411826107
405,-10.252701448093834,5,-17.194569012454973,-6.666956741663901,5,-15.342665836996863,-8.691741563881953,5,-14.000095456861409,-6.246432240580311,5,-13.616969959228186,-8.393130101612524,5,-12.320477585710396,-8.276574357653319,5,-12.03937488686975,-8.36514895462464,5,-11.233861567073944,-2.7153585181532387,5,-12.68102999188531,-4.367122116462971,5,-10.46720455502308,-6.96986762520163,5,-14.189605599720693,-5.468782823167632,5,-14.316051392490643,-7.06944222506869,5,-15.843141472122646,-9.624044969622059,5,-14.552676226755088,-8.669140325953261,5,-16.85364090504071,-8.094702283292989,5,-15.500698995727953,-10.749175725893743,5,-14.664312734881337
406,-7.382681869997452,15,-12.661800472862163,-5.843147984781066,15,-13.648405417729348,-6.908901101655748,15,-14.103464790519586,-8.62294262691652,15,-11.765442991002766,-3.410267537113421,15,-12.656754929937291,-8.354378157802872,15,-10.630574532698455,-6.959422938861458,15,-12.73835695978848,-5.5806590298242655,15,-9.871941500960537,-4.771353763921214,15,-14.005843849128158,-8.364600447472908,15,-15.713122900360174,-7.486378618854218,15,-12.964956732014388,-6.941947472387604,15,-15.083684689127166,-9.13482382418077,15,-13.563949171064136,-6.881789391188558,15,-13.243055687712044,-8.870717002412622,15,-15.868450499338591,-7.750845105703878,15,-13.434083886576069
407,-9.143625368170857,16,-17.071482851050703,-10.793982282976955,16,-19.111085173853695,-9.567538109217118,16,-17.466972428737126,-8.328040230348474,16,-15.394543898495268,-7.804965040916832,16,-13.997987160268604,-11.497581785505659,16,-16.601262748385246,-5.240279501040282,16,-14.094214923318065,-5.525129835718076,16,-13.889865657786897,-7.943289405774534,16,-16.52601915333686,-9.802816285001573,16,-16.977449722408743,-9.643385992916851,16,-15.820152940345311,-8.261733640911299,16,-15.202831215971383,-6.806228556413352,16,-14.622576821676205,-7.593032397142685,16,-12.946747226476234,-10.046282552095766,16,-15.658951009976906,-9.701137691255632,16,-15.295247801820162
408,-10.491037128214124,16,-15.727202704765173,-7.667232974060212,16,-15.912904646993331,-8.009107987349596,16,-15.682546229390883,-6.373642243437059,16,-12.705996564720518,-5.548052519694236,16,-13.833014431805346,-10.34683188039488,16,-14.895393851462046,-7.819811915640472,16,-13.265663131450108,-6.2942670979789686,16,-11.76334735631136,-7.602143016802739,16,-13.295614567805487,-7.358275933156868,16,-15.151619829832137,-9.39017420344556,16,-14.110962509795659,-8.991657415688417,16,-11.762432191833554,-8.324555631014448,16,-14.154777029087152,-7.832374580035442,16,-12.335276772480494,-8.716988052790407,16,-16.31111883247592,-6.60761245453547,16,-13.6367543997296
409,-7.4796536869999395,9,-15.007434040333285,-6.582029311282137,9,-12.856798864775904,-6.894664603726497,9,-13.223352693787598,-5.333727683909726,9,-10.511691439839232,-5.411259841039898,9,-10.42716574223502,-7.727219361753415,9,-14.336610352390412,-1.5237445505731138,9,-12.469714146664595,-5.6975411628631605,9,-10.446717886294223,-9.221916383077943,9,-12.108727384731182,-8.225786586272946,9,-14.707518750780304,-7.316216830603123,9,-12.479229368980118,-5.20969982074106,9,-13.08197642768321,-9.07628040854687,9,-15.121876197287488,-8.567376483881603,9,-12.592245690237476,-10.336071335086764,9,-14.336979564940918,-6.737100100999504,9,-14.383924020927168
410,-8.120545407017483,11,-15.03301158064955,-4.4329277093363535,11,-15.417760194951658,-7.721844586520347,11,-15.654182304169918,-3.682047212394941,11,-14.186160467891536,-7.132054136596153,11,-13.749546278548486,-8.290112961367731,11,-13.032941936238965,-5.771594384442213,11,-13.188992255028966,-4.933608441997203,11,-12.711910984223527,-5.829209038566843,11,-12.597351450267881,-7.934099996966813,11,-12.637258279643229,-5.897695405691206,11,-13.479340364492787,-5.394266075561962,11,-13.2201622032116,-8.488664536601396,11,-15.44408993359146,-5.906662316310244,11,-13.473289358476741,-11.298746678966706,11,-15.703785934946266,-7.110767148077453,11,-13.19871808246216
411,-10.370386846124653,9,-17.147655166041538,-7.767375352910971,9,-15.52161816204867,-8.3306350105755,9,-15.49606425771767,-5.985905411830451,9,-13.037599794103725,-8.329634126621078,9,-16.253053438025205,-9.016169073534321,9,-16.03363289014655,-6.228244519542763,9,-14.178552841085336,-7.794865643789168,9,-14.894046309759243,-7.485146025987187,9,-15.215991367295667,-8.586006852390533,9,-15.676898254284726,-7.720324130712423,9,-14.51762760934864,-6.475250101472605,9,-14.892799661540735,-4.551333554806416,9,-14.119370212328612,-6.883654994101631,9,-11.880899943392533,-7.8113479362902165,9,-13.053792568642145,-6.913585233920495,9,-11.257619057837662
412,-11.760851163386171,16,-16.208091744411504,-6.683523425764044,16,-16.06072856703586,-10.6708972654764,16,-18.20766996805538,-8.000038414019969,16,-15.397852863841146,-8.250846378761413,16,-14.949528729832265,-9.587261202547674,16,-15.393873830009559,-7.5908721228127085,16,-14.119683963435339,-8.051862595932187,16,-14.478485798419165,-8.317785587107732,16,-14.553654914657734,-10.56238074476508,16,-16.121900905431392,-9.917526323218462,16,-16.19862293910012,-8.346499191358877,16,-15.865522079703279,-8.098885598989082,16,-14.384259987523137,-9.864374594408979,16,-12.73849858991797,-8.050625771364102,16,-15.794607781734564,-8.160132102256208,16,-13.740554534700731
413,-11.666025335376656,11,-16.938255595581065,-8.16317727985377,11,-15.166276369256407,-10.851811437710632,11,-18.14459904983879,-8.355498634573085,11,-15.513104150112385,-9.616643942491525,11,-17.221828524770828,-9.696982340516193,11,-15.77220716299401,-7.854129321236104,11,-13.928696556065308,-7.88994621595994,11,-15.41351159603879,-8.185716814973883,11,-16.07494336072581,-8.892097426333379,11,-14.392156722587915,-11.064689494350466,11,-15.496439408669193,-9.516277421267226,11,-14.46569444432404,-8.24278672058316,11,-14.815814617212311,-10.383220711539416,11,-15.533972247429395,-8.99184720918664,11,-15.073589697348035,-11.185672449830758,11,-15.583131050969666
414,-9.282981401691885,7,-16.74006776721585,-9.298406212006112,7,-15.285408493709499,-7.784645586249369,7,-13.063171105705429,-4.6197969634008444,7,-12.380933811766957,-6.396362316078479,7,-14.783559886162214,-8.139152323972741,7,-11.621782946456594,-7.046767201067458,7,-15.753429852393444,-6.56943114250259,7,-12.534473324235837,-6.936854388651408,7,-12.65474858647988,-8.433140661894372,7,-9.60757626774459,-10.39055945459378,7,-15.598141412568879,-6.029718400155847,7,-14.49057887946138,-8.88940602309092,7,-15.791351825482614,-9.95168790759855,7,-13.467400961221234,-5.514815140254955,7,-11.27767835950825,-7.483501785044954,7,-14.428805178449913
415,-6.426678666092,8,-13.08220616152335,-5.877307252473259,8,-13.323708983445579,-5.286267277932858,8,-10.797502508473077,-2.267916288202471,8,-11.311922002590705,-2.1697119537997613,8,-12.655167154359187,-5.975901743305241,8,-12.301379454884042,-5.187369266686544,8,-14.352618145857052,-4.3651566957111285,8,-10.756210490655704,-5.0627738424199995,8,-11.9338234961974,-7.51433568818814,8,-10.51749061134878,-9.649858976430995,8,-14.15637042534858,-6.190077540288602,8,-12.655496213936406,-8.715342041956767,8,-15.055399021570297,-5.15674116755121,8,-11.625269033906127,-4.339564026304879,8,-9.664608665154194,-5.1179611926574715,8,-11.906076084729659
416,-11.267455519118151,11,-12.21575025496184,-7.710887322271219,11,-12.89648633374933,-8.00980595995241,11,-13.834206489750295,-6.7845392814401055,11,-13.080261675836764,-6.40546439133192,11,-13.843748291195809,-6.587576890440097,11,-12.508747470779355,-9.256609268974838,11,-11.11817115918958,-6.520373569631094,11,-14.499996158473536,-6.410162222329418,11,-14.28459171219837,-8.418543430224162,11,-14.46544599628249,-8.9147437110199,11,-15.358568357100102,-8.005068595421543,11,-14.54706431228349,-8.596272125079409,11,-14.77604457938125,-6.057253302489444,11,-12.964193848781493,-8.51571231625994,11,-12.622700833687064,-8.286124883983893,11,-15.15468941060625
417,-10.98777228114604,10,-15.748491700727849,-8.61327685166218,10,-14.296928437830307,-9.042626966821958,10,-16.511421018348823,-8.917246942072197,10,-14.637083714370851,-6.396642869842864,10,-14.239488799273229,-9.858097541732876,10,-14.63559552914573,-8.397214431632158,10,-13.233291862933427,-9.178728347220087,10,-14.535773906143119,-9.57632819189688,10,-18.913810590237347,-10.080366548918162,10,-16.169797293738522,-8.879380055776663,10,-15.875504828864443,-8.302560707943252,10,-16.229282050241302,-11.659007192427026,10,-15.976247671430912,-8.451752262110423,10,-14.467928083936926,-10.107659651353773,10,-14.771343782949483,-10.545200370628994,10,-15.213489855165736
418,-8.407603993997117,8,-14.392954225170804,-7.0856416264269795,8,-15.848752855381232,-10.715868946302207,8,-16.641009531000908,-8.379833456749285,8,-13.867373174925056,-9.27784979890674,8,-13.183378819099364,-12.208361562004658,8,-16.382250978937723,-7.479974568489043,8,-14.670297224180445,-9.065422996594817,8,-14.35873047184927,-8.246243237847064,8,-16.259373737314213,-8.962887326453602,8,-15.597337336023116,-10.889642806335765,8,-18.23157161187537,-9.688099135018092,8,-15.194549700802158,-9.273983246840078,8,-12.760291926307783,-4.595754784929786,8,-13.262882716172129,-8.393374064281904,8,-15.949072156189818,-11.722586195570344,8,-14.211041553095603
419,-9.087313393126761,19,-15.561712795855096,-7.761927950659729,19,-15.976594257622743,-8.843199636215301,19,-16.175146868111586,-8.600129994705641,19,-15.150597508460432,-6.829533076673847,19,-16.0384560578104,-11.447163925181012,19,-16.474490221977327,-8.425971450643694,19,-14.313066612106002,-9.206614007983642,19,-15.83526657345001,-8.919447876401243,19,-13.967300632659068,-11.75094798230753,19,-15.207272575312487,-9.011845773566645,19,-18.209582373195975,-9.29960386542205,19,-16.351697775684656,-8.469657879630372,19,-13.318974483102753,-6.378619699101607,19,-14.67802263313456,-8.87132532069816,19,-15.107763498583163,-9.516820361029488,19,-14.453799082266718
420,-6.87133699852207,13,-14.266985272817676,-7.8798188636795885,13,-14.470792442151136,-9.082662966503314,13,-14.276191637292712,-7.726339879969403,13,-13.801318532186148,-7.630556263073149,13,-12.764045141837428,-6.0597761898292735,13,-13.630320432415369,-6.359683648742344,13,-13.316000166013996,-7.605627541789629,13,-11.56181612761868,-5.65102713416656,13,-14.323719512816737,-9.858450181514707,13,-14.759202886700981,-6.979804315417812,13,-13.710051774987068,-7.827217600047964,13,-14.154821717289444,-7.839479187836842,13,-13.572517068984007,-6.562398882147484,13,-12.627445881504787,-6.576174415440521,13,-15.294740728653586,-7.783196578144454,13,-13.951938824495329
421,-9.9462315499703,13,-16.910492385641003,-9.9509961571963,13,-17.329586731910116,-10.93946690857662,13,-19.741926895292487,-8.74035518709528,13,-13.875863995298893,-7.395926544434303,13,-13.291317158643016,-10.11440671794258,13,-13.883460571972117,-5.694461061029158,13,-12.970867769674479,-7.909259516150079,13,-12.800212181424595,-7.237072114268413,13,-15.074347654212657,-9.63537939760493,13,-19.529587863780883,-9.609770157378385,13,-18.847913075355716,-6.4484483237933885,13,-14.962928914343102,-7.296009581998254,13,-15.433827581010693,-7.367681206017316,13,-12.98815259602346,-7.51142013226596,13,-12.482658519377496,-7.5674293331484055,13,-12.979813726271228
422,-9.437262180294372,26,-18.275605385463358,-10.839428088448988,26,-17.044389069438473,-11.58772500127977,26,-15.213822064636005,-8.633834584902115,26,-13.081438293566226,-7.634747806772209,26,-12.711078579995654,-7.069069561198247,26,-13.364481491563868,-5.827115387711169,26,-13.315352264902675,-6.28952557873575,26,-12.271910913569172,-7.228819713161738,26,-14.063888993959264,-10.607947843858355,26,-15.100247991511775,-8.825325386265833,26,-16.372149872304554,-10.246661285556236,26,-14.65485122254842,-11.010602879501782,26,-14.891942256994945,-8.771871638858034,26,-13.738956873454518,-8.531095396231063,26,-14.961037675667935,-8.232231616592072,26,-14.289906575639403
423,-7.542208087235604,14,-17.50390634160832,-7.639610354268331,14,-18.086761366462497,-8.394313834179663,14,-16.97108847137792,-6.762982140539094,14,-12.18477805352627,-7.0260194366034945,14,-11.517722099792124,-7.78906862353549,14,-12.17658306878123,-4.271528975919249,14,-11.941790949839845,-6.432827219532095,14,-11.455382766662638,-5.535711679488532,14,-11.872605007579967,-8.092561184478784,14,-14.102322479329938,-5.401083926534536,14,-15.156776880008568,-7.172350574588764,14,-12.145381984752452,-9.545850314753876,14,-14.84081693111505,-3.5002688732488534,14,-11.803253889472838,-5.792255165639377,14,-13.204681838119834,-5.351631105987762,14,-11.551393996727924
424,-6.428318245508894,12,-15.46672243373252,-7.095168977072762,12,-12.875620592194439,-7.828495726007615,12,-15.792019417840882,-7.2631726898193625,12,-13.259191283686299,-7.12021928227879,12,-12.052589279807142,-10.05392974209892,12,-13.717768211338967,-4.407469874637636,12,-11.712870543776734,-8.02724089937158,12,-13.558586291977093,-5.47413302917608,12,-12.094395736903294,-8.789930709290648,12,-15.236065152099737,-7.526189340995185,12,-13.939633892188928,-7.137348438229286,12,-13.719555106912386,-9.896028111407114,12,-14.6493789676087,-4.087255523358843,12,-12.600349768523403,-7.305453783607755,12,-13.300232307252509,-6.994036937497919,12,-11.762892667258644
425,-7.9755875334941715,17,-13.639879392461511,-7.6869066761951785,17,-14.582597800947966,-7.0886768960057855,17,-15.559797587398714,-7.399701677506644,17,-13.679692212013606,-4.852833647795247,17,-11.847664071790014,-8.909529100386852,17,-13.717696363644274,-4.0133827108260665,17,-13.132433444357709,-5.454671152653077,17,-13.434809309691712,-7.775348486217054,17,-14.603466386713258,-9.766889412659506,17,-15.547089585903768,-10.015787067794971,17,-15.45368459198632,-6.640778067212537,17,-14.274804569123493,-7.430952102890754,17,-13.974385484725062,-5.152374962262808,17,-9.837420842207145,-5.104588823199476,17,-14.018537802227995,-6.965096799095834,17,-12.256404479222528
426,-6.532124668570286,10,-13.961245120644152,-10.426238280825359,10,-13.816222581088821,-8.739875616290357,10,-15.41754198387032,-6.336478628152934,10,-11.840195070132118,-5.298018676217744,10,-12.661856549804835,-7.7316871836794165,10,-14.357590154689406,-5.223824756597663,10,-11.491357987063695,-6.239984549760756,10,-12.659883382585488,-6.834036232676688,10,-12.198643903821667,-6.592474911484071,10,-14.504247963892166,-10.302378481010194,10,-14.510521624548105,-7.238593038019573,10,-13.750837690610943,-5.467073570029903,10,-12.768522832615014,-7.777158201900312,10,-11.881488138866608,-7.639532949347572,10,-13.377160899432301,-5.834701272146226,10,-12.709997420774698
427,-6.901423918244044,16,-12.909659261473145,-7.03686549758317,16,-12.80636978682529,-7.174358429573372,16,-15.514666238677295,-4.82043561692276,16,-10.916774160800333,-7.339286844483588,16,-13.064149276154959,-6.205851120123188,16,-13.30477767671923,-5.723324102497172,16,-12.352469471971501,-6.585858022571401,16,-13.70087095990191,-7.348689943605729,16,-11.305843079169067,-6.35904827477164,16,-12.543184665949653,-8.11303060260239,16,-12.275672604786692,-7.082550789342638,16,-13.050988008674217,-6.206809776916167,16,-14.347608962193794,-5.056014558142746,16,-12.379512607856366,-5.660157230547328,16,-12.251022586187787,-7.9890094325933685,16,-12.262788781198605
428,-7.182967052257001,16,-12.877893937528725,-6.279020903260736,16,-12.666183152487795,-9.141780746909866,16,-12.473655300179246,-6.292273658698834,16,-13.140034770650367,-6.3351050993745535,16,-12.080441795491701,-6.081613072136717,16,-12.743241126441383,-7.31831281432974,16,-9.801970861451416,-6.450496333573453,16,-11.79772635226202,-6.748400596865302,16,-11.693397322053647,-8.25337941034073,16,-12.184415832127497,-8.46875267792739,16,-11.087800404911478,-8.63400684368543,16,-12.202187166839312,-7.280250039636702,16,-12.744475618896857,-6.814750308491375,16,-12.892201264944209,-8.729592056530084,16,-14.306923725856224,-7.530516817970949,16,-11.208224668735369
429,-8.929854164324912,11,-16.895924164249116,-9.82608743037735,11,-17.386305176338745,-10.16625871454114,11,-18.218925246745098,-8.383000745304924,11,-16.589352583341686,-6.308241322581759,11,-14.208106314718716,-11.04314873669302,11,-17.179995617385764,-7.3693085414852035,11,-13.489205071477228,-9.823752298956043,11,-14.220365168675936,-9.850651137154863,11,-16.387669752977583,-7.138215498635447,11,-16.942388662098516,-8.0247405164704,11,-15.619248710669488,-10.244853625978385,11,-17.289330107609466,-9.087814859821473,11,-14.880669189498937,-6.374147578415531,11,-13.092330654240465,-9.585392969780845,11,-16.618578173801218,-7.308454074538386,11,-14.056773240397247
430,-7.954530137663076,11,-14.517669356760488,-8.884515999626162,11,-16.335995124770097,-10.208537937323058,11,-17.196199449443135,-8.5511618972063,11,-14.00030501112804,-7.845935904839134,11,-13.277348457018004,-10.77195105923995,11,-13.470860053775805,-6.684129096751853,11,-12.684897557208945,-12.266389463336928,11,-13.808599553270653,-10.643782702912896,11,-14.968129414977408,-8.917679569229168,11,-14.265011331783938,-10.39871545560475,11,-16.748673009543655,-10.592634820551648,11,-17.68691619331672,-10.919665193568807,11,-14.93469224949532,-9.380346061014494,11,-15.116276370998458,-10.97496053042708,11,-16.47610555292334,-10.066039390722196,11,-15.703364711250774
431,-5.328680086910413,14,-14.274229043647528,-7.432153334401579,14,-13.082405202820798,-6.86424474554709,14,-15.430495312438723,-5.430143539267949,14,-10.614122323391701,-6.410481792089,14,-11.11755210757794,-7.937576807115631,14,-11.652980962885731,-4.991032443846505,14,-12.568474368028216,-7.519552423111381,14,-10.61708538680537,-6.8652135800084455,14,-11.963240796760392,-6.2023134110384,14,-11.640267441668504,-8.155959543489917,14,-11.814082300668861,-8.31653295078468,14,-13.88786905838698,-7.392979034621582,14,-14.473643850546598,-7.877869007301116,14,-12.068123800661564,-7.817300863751071,14,-15.145452724824736,-7.98999231187718,14,-14.465195914646527
432,-8.975664314366187,11,-15.094954296738674,-8.33212444300629,11,-14.46342523780498,-9.63318388726919,11,-15.857861117972995,-6.888347598982739,11,-13.263499141188364,-6.35811546587782,11,-13.908209276943975,-9.22337394645414,11,-14.906247097975545,-8.281900582344209,11,-12.750573402584052,-7.835036155686854,11,-14.437534995364139,-7.906849055972044,11,-13.947605483435876,-8.561449859499383,11,-12.560002115763476,-12.73142116552897,11,-15.053311213859867,-9.944854212028977,11,-13.455220165418297,-8.817667600065441,11,-17.055776157080277,-8.652841065779256,11,-13.991246802729933,-11.735025280736924,11,-18.231081650663597,-9.340801932412518,11,-17.142979843115093
433,-8.098098103580655,13,-12.762951832219171,-6.215910046525077,13,-12.184405816172724,-7.481144605364584,13,-14.34655783046378,-4.699762588596575,13,-13.911172097668658,-6.119229148393266,13,-12.182354358519467,-6.679914850992315,13,-12.951117212142373,-8.95707057321771,13,-11.898431343655202,-8.043864031693738,13,-14.888722248079095,-5.572518812988135,13,-13.718276874380832,-8.82426917317061,13,-13.066203343592184,-8.429168733124424,13,-12.329266331479115,-8.703344385212802,13,-10.870918057044495,-7.122544887220087,13,-14.96748833768035,-8.935530341866361,13,-11.265521949871314,-7.428265143415901,13,-16.761952410669842,-8.5645238338867,13,-13.991598950863523
434,-7.952711546450589,12,-14.821849921413744,-9.5013264846033,12,-13.839919849366673,-9.096382703475395,12,-14.577357748445527,-8.442347675145351,12,-14.106484783844515,-7.655764779143408,12,-12.146538943804217,-8.326778523667315,12,-14.287357617325732,-9.737500808161762,12,-13.127100494553988,-9.032493993880728,12,-15.770918739227595,-7.318301833307696,12,-14.852545365824579,-9.817343415664245,12,-15.379260750354165,-8.964774711873835,12,-15.64297452728284,-9.983498307970116,12,-15.804041256856793,-7.917557917194023,12,-16.129829334836842,-9.414003599566023,12,-15.416011276461571,-9.095067309506824,12,-16.314584946846534,-9.46111805627152,12,-15.035482885834199
435,-6.94109249132223,7,-13.477038455758963,-9.07553457454392,7,-11.61383591067985,-8.731851265886155,7,-14.45437557938192,-9.175575234111232,7,-12.684157996524705,-6.693049559055128,7,-12.885487810813602,-7.188707358666733,7,-14.5607529789084,-7.832781745326916,7,-10.668748315217835,-7.483039986841482,7,-12.217987333327432,-7.183242747771407,7,-12.425789930099642,-9.096323924422663,7,-13.86114422352672,-7.149203675093573,7,-14.283529105251844,-7.927974147308008,7,-13.047925832917596,-7.968854181445963,7,-16.31514910590035,-6.280665773419391,7,-15.003894100680808,-8.30842308406832,7,-16.22719386667273,-7.42476813111824,7,-13.701137046350336
436,-8.910443607982728,11,-15.263119681989167,-8.34720846053912,11,-15.3456474193211,-7.6851149226599205,11,-12.914447094556776,-8.989751670156513,11,-11.471419190912922,-6.030084621272193,11,-14.024907556312144,-7.385192697851305,11,-11.67387191585208,-6.528496097356457,11,-12.328568493941807,-7.4883619431863835,11,-14.027918162261507,-6.078557056353599,11,-13.751033541457574,-7.437878357618249,11,-12.943635386391477,-11.467763518805704,11,-14.247429378478726,-8.71674616659681,11,-15.275973462210487,-10.682483306687288,11,-14.180258780415638,-7.926495453291516,11,-13.813207242142951,-11.871914218495409,11,-18.09909385534194,-8.739189933246928,11,-15.552962672476225
437,-9.286650164594834,15,-16.606435136812966,-10.400388152168013,15,-15.855245674610172,-9.595425372511471,15,-16.636633260735703,-7.760916259679532,15,-13.243896992445158,-9.493916441727844,15,-13.583363555225452,-9.21829637609917,15,-15.860807739664093,-9.805659354965794,15,-13.80623639787682,-6.497172537535947,15,-14.414578895718986,-8.695777252131128,15,-15.78922632280083,-10.679839016370163,15,-15.916921319002329,-10.371412154589772,15,-15.952176240988372,-9.199324719871573,15,-14.267799100009588,-10.600234463996244,15,-14.954661261776685,-8.183334801271034,15,-14.579290369611105,-11.086671103289572,15,-17.72761650110133,-11.984993263543828,15,-15.529006658601654
438,-10.348320211234878,13,-14.635251785206588,-8.850051483541701,13,-15.026313943944272,-9.559877195627406,13,-15.979224331721305,-8.533332774101366,13,-14.322817536237118,-8.805977732169161,13,-15.317550804228455,-6.759997802383212,13,-14.280126886022032,-8.148907212930933,13,-14.52515499940488,-8.57654944996655,13,-12.971326274009542,-8.33245376752265,13,-15.133540809422852,-9.685189311671401,13,-15.145536487865169,-8.388745392067023,13,-13.706692108001077,-8.504859307817256,13,-13.816578573817843,-9.602559403323367,13,-14.116843284512786,-9.641204711196934,13,-15.030588685855422,-10.089323777032957,13,-15.50157580004251,-7.855726550693562,13,-14.287659161878194
439,-7.82773572388029,10,-13.650123433108117,-9.375237572478824,10,-12.256391389960742,-8.471429396300948,10,-11.844390670552725,-6.705964846879323,10,-11.805552096197962,-6.7775456707981965,10,-11.71915785955488,-7.292651755597181,10,-15.105465415423042,-7.891917841518873,10,-12.579781979621174,-5.548414438544577,10,-14.02455701124136,-8.178318402201834,10,-13.151880992107749,-8.80095550427467,10,-14.21507970226838,-10.277794097564703,10,-14.964864735411098,-9.316876632280625,10,-14.954626525305958,-8.752024093443344,10,-15.850051352243959,-8.319234158077615,10,-13.446108819523968,-8.450046347184536,10,-14.44209613655331,-7.248274155240038,10,-16.173463709012683
440,-9.272828997170171,15,-13.599258851452774,-7.978600146462538,15,-12.754823216835307,-5.434187225176361,15,-12.834808316209683,-7.121873703903066,15,-13.091786818783365,-5.835023031408275,15,-10.354341692216016,-5.224085246145384,15,-12.265253531445886,-7.632953154336496,15,-12.262128219758676,-8.753912066686341,15,-12.346850352371375,-8.039037266770164,15,-11.93509142952637,-6.8087831660635985,15,-12.6644977541896,-9.271706853078797,15,-12.482584216276532,-6.092988392331703,15,-12.154791352556929,-6.789068129506638,15,-14.602068753094883,-6.061520070111061,15,-14.348273404793922,-7.784963555260056,15,-15.101885157079053,-9.471184890712133,15,-14.516452536184488
441,-7.415404942074443,8,-13.453279781449538,-9.761135534091522,8,-13.56267932787313,-7.243075650516025,8,-13.204068628975206,-7.470014311496065,8,-11.286941973329522,-6.53558581589844,8,-12.263777827841709,-6.626891485342097,8,-14.924470541945771,-6.586757044623002,8,-11.733597007015044,-5.789230863252025,8,-13.899344594005555,-7.946583820483214,8,-13.688581378949692,-8.609388226389456,8,-13.200717411630087,-8.236561878337703,8,-13.907766599284834,-7.996086623077158,8,-12.268330055958959,-9.591901166141481,8,-16.75327675989164,-9.816821109281268,8,-14.465696097093446,-9.01357102173759,8,-15.97071604123405,-7.282761369122247,8,-15.590550132244804
442,-10.437727744821245,15,-16.51943394365403,-6.175243920496998,15,-14.791130047496422,-10.445559565330775,15,-19.016131006854614,-9.480746430089956,15,-15.78895684938798,-8.024328834389857,15,-14.370281131723779,-10.006783103769703,15,-16.0972221151386,-6.446913520333198,15,-14.52219258420303,-6.877647979755242,15,-16.672978995964137,-8.128773002261495,15,-16.494865881839665,-9.104284425523117,15,-17.033203508900037,-8.101127137020184,15,-16.61978793089288,-7.178453383160593,15,-17.702315370214727,-6.771055389899459,15,-16.514610644673603,-9.68118438294258,15,-16.92803154331208,-4.969327370999437,15,-16.069968759243586,-7.451053937835491,15,-16.421306815731853
443,-7.06239868213437,25,-13.57633275101717,-6.7787300409739295,25,-12.905104659771197,-6.327081673611698,25,-14.792627118403187,-8.281911850928713,25,-12.629167113531729,-5.233566581846201,25,-11.728378150216642,-7.294315727296693,25,-10.533219033243288,-4.887338918945076,25,-12.677182337196253,-6.919398911406892,25,-13.384731280522677,-6.967304453343445,25,-11.946895537688036,-9.923919247701114,25,-13.016134150865359,-7.097476579366174,25,-13.08942915366897,-7.146284461714546,25,-14.98429821441607,-7.9362478175480975,25,-13.222835992365884,-5.512974553172638,25,-11.032953204185336,-8.585851639692956,25,-15.319653852827065,-6.474978807708933,25,-15.170219597214409
444,-8.430289190363187,48,-16.101451817670103,-7.548465562679186,48,-14.705195488022618,-8.611523367545592,48,-14.535467423602054,-8.076101527056267,48,-12.40211105489362,-6.596764856904929,48,-10.612492895475022,-7.772312987319037,48,-12.776929280386513,-4.972433575376266,48,-12.126497712228584,-5.491895520019176,48,-12.108219128283192,-5.60677214186159,48,-12.904500114657786,-5.839257735750075,48,-12.928412004999341,-7.603305625650766,48,-12.71716793978366,-6.298652350208064,48,-11.420229962862237,-7.055190789094229,48,-12.963043750915556,-6.433967763153138,48,-11.82605385387095,-8.26304230075618,48,-12.699535956938025,-7.1382562049198315,48,-13.06370422144633
445,-7.877147262773539,33,-12.366054363985937,-7.3586959812249555,33,-10.952481759603828,-7.615739868554041,33,-14.066178838062049,-6.057260700993244,33,-12.67327068510075,-5.87647240964131,33,-10.80140888801727,-7.107795619063012,33,-12.1062236568327,-6.161216293878409,33,-12.44470419388476,-5.494981253108948,33,-11.887739500311563,-5.883414239511232,33,-10.735430609376099,-6.168540393823325,33,-12.4117096402665,-6.590137413756664,33,-12.75704374152879,-6.647990361966134,33,-11.406279192615632,-6.566134327699368,33,-13.046670705150623,-6.384738474581554,33,-12.82171596190187,-6.419725306034496,33,-12.866529052427175,-7.169602501728375,33,-13.191521950527246
446,-8.020349647300733,30,-14.135235820529985,-7.38632354020122,30,-12.687747478297034,-7.536438719951279,30,-12.651747438566517,-5.364091169688676,30,-13.208584365052774,-6.3602938750855875,30,-12.807325406686703,-7.480547179055415,30,-13.106388007673775,-6.034968321859912,30,-12.333154370029538,-5.73693984034232,30,-11.92880125119797,-6.334079033963654,30,-10.589386306636907,-5.947505338108296,30,-12.394531416442113,-6.517421087495109,30,-13.01762622608392,-6.3619618276195675,30,-11.457910249236784,-6.360144680328802,30,-11.156924333629517,-5.518916040803204,30,-12.443585220604147,-7.40161213837038,30,-14.122671836766134,-6.718334808872458,30,-12.702543445936676
447,-6.972156103196343,18,-13.942075823066132,-9.612523496658014,18,-13.911361924650425,-7.691174468573201,18,-13.63293131372355,-5.628107703579767,18,-13.074991143860569,-8.582012436175434,18,-12.870608003726687,-6.615735615063447,18,-12.952437351155874,-6.544788262075738,18,-11.501786448805236,-7.218107805124622,18,-11.422548717359167,-4.872389648944859,18,-11.325987064725913,-6.047318038696875,18,-12.014135087486924,-8.354505311939754,18,-14.768577328820554,-7.632686720768195,18,-12.779922413505266,-7.15884367961044,18,-13.250741391656756,-5.163547912109806,18,-10.643912228702696,-6.55685350473038,18,-12.852932501603686,-6.852754933999354,18,-11.233703113715883
448,-7.472404553013759,12,-14.879043019193112,-9.789286439136017,12,-11.757514724420927,-7.691027724295084,12,-14.275770941496448,-6.5014463761374595,12,-11.216671609565964,-6.307167228775431,12,-10.65014498219748,-6.754178321151692,12,-12.145160607358951,-6.548965992494853,12,-11.174392655241366,-7.314293443493488,12,-11.921129779626341,-2.792043304290125,12,-10.393429199538657,-4.94565464928748,12,-11.629656396957138,-7.1068380307080545,12,-11.494789378536822,-5.31540064435349,12,-13.101375834445063,-5.7602536308622785,12,-10.35378609948811,-6.184539582641191,12,-10.070346176359362,-6.088126098445508,12,-12.13076841430489,-5.888480148393981,12,-11.767092989854289
449,-8.639530345124996,7,-16.052645261019656,-8.930967898403868,7,-13.473335515106289,-10.386332819147112,7,-15.143143062291509,-5.932196621634514,7,-12.085361442240561,-6.561706657492039,7,-10.95078223640366,-8.377484574924457,7,-12.743177753152924,-4.449779625406564,7,-12.36492459542889,-6.607558016069815,7,-11.153882738561443,-7.587733694243971,7,-11.515984429629002,-5.7812958641516365,7,-12.508348593272888,-4.69407025939063,7,-12.429944164383471,-6.596037063863783,7,-12.78454832673879,-7.226290233830808,7,-10.866101858360242,-7.557868635736943,7,-11.183892898480508,-7.853528490784223,7,-13.19755432811534,-7.457101855284815,7,-14.261109385472325
450,-8.063863859674411,10,-15.067294240467664,-7.530240664332155,10,-12.214521544083166,-7.52828487771255,10,-14.124625184567769,-6.293956678345313,10,-10.169332324541083,-6.972819357090689,10,-11.645031307681474,-8.185741722356457,10,-10.714102173992215,-6.799767229746548,10,-11.153162577972646,-6.568307827073516,10,-10.650396061231326,-7.857708614430953,10,-11.274859484246731,-6.220697873634044,10,-12.065369485953259,-4.81609389363949,10,-13.187212595203167,-6.864966765183169,10,-11.280245404145832,-6.8870333693690835,10,-12.077656920920157,-7.561097196552775,10,-13.470356928400635,-6.1953077501361555,10,-13.432483639906676,-7.718488858577883,10,-13.092502916158875
451,-10.548824192371232,17,-18.614921803808993,-9.246177965905435,17,-13.490974737649651,-11.255660427788268,17,-18.373378534371593,-8.859901206965072,17,-15.685139681271272,-8.32960740024794,17,-13.396840862158435,-9.403439964751005,17,-14.111807612919897,-8.24868600527928,17,-14.383725379063694,-7.360250022156593,17,-12.511529505780008,-8.576772025368038,17,-13.002564995282025,-9.24032735413878,17,-13.995887815425101,-7.873699512394355,17,-15.731490325730896,-10.427660330010982,17,-15.552707015975196,-9.28457677800836,17,-13.152000781730074,-6.312699452808667,17,-11.607750983419177,-9.581026636902205,17,-15.221119696302841,-7.681534470268364,17,-14.563969543480116
452,-7.106198998682646,10,-12.861760191161691,-8.053490284120006,10,-13.605574972711603,-8.779079832332584,10,-15.379396955330682,-7.427984673837575,10,-13.814635442158087,-5.661580554705693,10,-11.4288467938618,-9.260615564133216,10,-14.136683211992958,-6.778919888165024,10,-14.315081055711156,-6.888510074295816,10,-12.837397305108574,-6.932899323883245,10,-12.560888396946554,-9.128863703345175,10,-15.025268044389545,-8.872285479574863,10,-14.581499452784358,-10.373002907658142,10,-13.5990128369637,-9.602325825788384,10,-14.356009232121226,-7.906699664282783,10,-14.66123608253364,-12.231350026044067,10,-16.121407387936827,-9.015872715473652,10,-14.98201287979337
453,-9.153220308434086,12,-15.887908517940543,-8.989780130776438,12,-14.888701356568976,-9.893750451068655,12,-14.95222305070244,-6.840612033687532,12,-12.807803375263864,-6.322933961592696,12,-13.002393886862663,-9.013405649157413,12,-13.907492173247427,-8.443960915397607,12,-13.3867571832792,-7.257595443283304,12,-12.678595298476731,-5.628148823701662,12,-11.331519369688728,-9.133234288279827,12,-14.818187526603545,-9.555781212286124,12,-13.438865656095743,-8.741104209516783,12,-13.589016462537163,-8.338375708827641,12,-15.72944104009447,-7.787400584429117,12,-14.52859556856011,-9.82372660929394,12,-14.877016396665306,-6.825423896670383,12,-15.148913826904511
454,-7.232278604455379,30,-14.222914244826011,-7.230698096089611,30,-13.55122526940561,-9.407100026934124,30,-16.13950565324949,-8.714107861384067,30,-14.087881676604939,-6.0369249982630535,30,-11.560504066434984,-6.026216752199342,30,-14.311288497278415,-6.181349523944402,30,-13.14868839223621,-5.377319131528148,30,-13.471013034789081,-6.317049103950665,30,-13.833998836412587,-7.6950379254418895,30,-13.937841776116858,-8.040009349224858,30,-16.13611564927809,-6.274157048441188,30,-13.183871076675612,-8.61116636880097,30,-14.510365395839784,-7.843303365194191,30,-12.967343653427722,-8.147014091761754,30,-14.767131730128868,-8.021999941098963,30,-14.058504779848043
455,-8.298010367415317,11,-13.793337273344616,-6.5363585663967125,11,-13.897907958663412,-10.76906643344139,11,-12.803776210636729,-9.567824212893184,11,-12.742809000837552,-5.764915817654785,11,-11.40196669183082,-8.353823917457998,11,-13.569370872116442,-6.617619481967988,11,-12.099173377673115,-6.496778045727835,11,-11.628776805737505,-7.85112934852645,11,-12.63316652429536,-7.386117989262209,11,-14.082839943985459,-9.806266355701082,11,-12.037337822247913,-5.454703853680969,11,-14.915695938307445,-8.302094766934545,11,-13.941521438854583,-5.761854602552184,11,-13.098393804051467,-8.322834456269586,11,-15.803732294387466,-7.373574671351721,11,-13.255288078302188
456,-8.843577106768423,12,-13.027496208132899,-7.83547887648268,12,-13.329793290794834,-10.374563527416967,12,-15.146550967943764,-8.070491863216517,12,-12.178320254619372,-5.846811582579142,12,-12.940074807012824,-7.9854132798392685,12,-11.622183917223076,-3.3610887130160667,12,-11.538308901780583,-7.180185593312637,12,-13.780723744025849,-7.256423597887047,12,-14.846747008434118,-7.944384520053872,12,-14.647640116731008,-8.949792359627898,12,-15.018263658204607,-5.422473984869832,12,-14.218745724567924,-6.7466715925812135,12,-13.924884168846585,-6.60479055958091,12,-15.15368085028719,-7.324958503870484,12,-15.450986456101754,-7.846975721083634,12,-13.606986766160905
457,-7.704700371509375,11,-13.515418245120273,-6.233558636499622,11,-11.392739121608011,-9.033200635798234,11,-13.54570442321223,-6.224923720489145,11,-11.561613129643229,-6.582504234444756,11,-11.143068201030658,-7.3701769602500455,11,-12.69533526286043,-6.197769172371846,11,-10.960349865277516,-6.339059258502475,11,-12.497816988967351,-3.9247787618441836,11,-13.53216553278163,-8.840493532610745,11,-13.194665480318257,-7.25614108521932,11,-14.022691604304887,-6.3930504537099155,11,-14.366045870832274,-8.67350302489752,11,-13.634285692181285,-6.746281210526156,11,-12.127883323727628,-6.2055293748735965,11,-14.753824997932512,-6.816848669858073,11,-13.312889205730354
458,-6.252467517394368,10,-13.689689493762764,-8.375357117706269,10,-11.763629905897561,-8.367560479413221,10,-14.379066271553214,-4.884857764382977,10,-12.558588788552367,-4.641516891298615,10,-11.236025694225164,-8.977278730778883,10,-12.172241180942574,-4.8795471464600535,10,-11.335831626877297,-6.010678833676007,10,-11.029804274601211,-7.037312084099142,10,-15.397328088367988,-7.180262197899573,10,-15.706348929512547,-7.376588374166182,10,-15.356275747060417,-7.345905064254877,10,-12.79090000611368,-7.937062498796678,10,-14.676122049211022,-5.291417725630035,10,-9.652227168636273,-5.844588373303955,10,-13.93131956831731,-7.009209057478997,10,-12.293965703760179
459,-10.471392495037586,17,-17.609427455068353,-8.349046240162291,17,-14.577245645200925,-11.625243459166445,17,-16.367153056728693,-9.928878148245058,17,-13.734216142895336,-7.7577697295575785,17,-15.056535748746372,-8.085547334750965,17,-14.834023221195118,-6.00189815765005,17,-13.26792598886472,-7.774674055523673,17,-14.994060759161762,-9.18727287023277,17,-14.030159948190013,-9.9920807907252,17,-16.012402461242008,-8.937798222493903,17,-14.922419184109778,-6.87217893252382,17,-14.13511453584379,-8.412338077952572,17,-14.368722177570625,-7.295395283938916,17,-11.833835751027449,-8.443856202193604,17,-15.217442295623824,-9.789265342950754,17,-14.244503762538304
460,-11.02748355263125,8,-16.70677355264942,-9.100958499202296,8,-12.562705641846284,-12.162749882516744,8,-16.669674693202836,-10.085446152505837,8,-14.579712616006082,-7.262709543731745,8,-15.15091622206748,-6.8605767626019425,8,-15.182714147276819,-6.983378778642476,8,-13.818605610196924,-5.320416288583828,8,-16.080242300074147,-9.473119260555707,8,-15.97497938431216,-11.574414843122527,8,-17.5206338091775,-11.053710463196897,8,-18.4540888862181,-9.237596610323362,8,-19.648857373009537,-9.1539915877402,8,-15.225202744514604,-8.391000843560613,8,-14.086007144039908,-10.078467622091026,8,-18.15080108875254,-12.28257034033106,8,-15.887579883324873
461,-9.059012315854035,18,-14.330712497239182,-7.03884753965644,18,-11.647313336817325,-9.558786345250814,18,-16.69072677851162,-7.6697905747442,18,-13.227436915066018,-6.2278243968331175,18,-12.901280072595815,-6.713937367263592,18,-15.43577290012275,-7.407218042233078,18,-12.93013961379849,-6.022231956289653,18,-15.162211963966792,-9.175620513436053,18,-13.539722980297572,-9.346166148673694,18,-16.356680066270066,-9.964081665164981,18,-15.576886009253528,-8.24499917969465,18,-15.316536660550778,-8.953720069667561,18,-14.744116702239982,-7.07225002792256,18,-14.13221065947817,-9.23192393386121,18,-17.52747953581685,-11.108375405353083,18,-17.086583532041356
462,-6.964986099137741,18,-12.644438161258007,-6.364287587413458,18,-12.642639695695653,-9.861562776229073,18,-15.406187808238592,-6.357391823369437,18,-12.910837130894915,-5.332984992210877,18,-12.799404741861613,-5.447608655786351,18,-13.266243755044709,-6.447842212906075,18,-10.434933279882063,-6.300347366432159,18,-14.469761523743557,-7.653961706294306,18,-12.806917340095293,-7.802177998242364,18,-13.418259426781223,-8.402670283583833,18,-13.87289837352322,-9.337181469266358,18,-11.647992828134495,-6.9918933255658,18,-14.889827509790997,-8.245072539793021,18,-12.353111244114022,-9.92138995868221,18,-13.49502419180656,-9.653125323877022,18,-13.573247760583945
463,-6.775745634201509,9,-14.244413563085985,-8.088830634870611,9,-12.41043366509057,-7.223042110435013,9,-13.668077637524018,-8.16450111600965,9,-14.024680143937726,-6.649385424445966,9,-12.177553193234775,-7.198622524379058,9,-13.327647503774616,-7.060681415216963,9,-12.977816948182062,-5.828695543842112,9,-12.55294291927865,-5.229593295437443,9,-10.94738374950369,-7.994543487241885,9,-15.190317013469327,-7.174904525546052,9,-12.7779141549311,-7.495332076398446,9,-13.333314912369186,-5.846580586115633,9,-12.272232831311909,-7.381652019855791,9,-12.386786596733634,-8.805259085294455,9,-12.59133443347313,-7.586921941759303,9,-14.74822733962844
464,-8.624744023869917,29,-15.326623892928222,-8.142969147562699,29,-14.988754526358441,-10.358318023249375,29,-15.442103559841964,-7.251805697786563,29,-12.543444231666419,-8.224171403394175,29,-13.056015825493292,-8.419590525836751,29,-14.225798678251305,-6.602313276201951,29,-13.14364494239709,-7.762271044507033,29,-12.949490909266911,-7.1459442329227265,29,-14.038987194788712,-9.172590541214792,29,-15.605774933988467,-7.1714744001269075,29,-17.76309609633452,-8.221561805993709,29,-16.262571439487534,-10.508614328437318,29,-17.26004182991929,-6.649086863107233,29,-16.570283088761514,-8.748113838964965,29,-17.775582071853155,-9.264743624350547,29,-14.797552154233644
465,-6.347383780533774,27,-13.11433889654924,-4.892859684744609,27,-12.28281391677108,-6.370835670166514,27,-14.205932803247538,-5.336822670839592,27,-10.322362599667503,-6.510658883084552,27,-12.93514898150882,-6.889103735586337,27,-12.94073218071959,-5.402409207950459,27,-12.701607138656827,-4.593267844778252,27,-11.776780261779363,-4.767531691874503,27,-9.527604092629526,-7.598154704601581,27,-13.271988251165414,-5.743194757826916,27,-13.39565734298768,-6.034693972627101,27,-12.83914860333972,-4.835843765237675,27,-11.404967391448489,-6.202487221140208,27,-11.814866571885467,-7.878940008430334,27,-13.810381671073038,-5.740208299206568,27,-13.051453845681678
466,-11.260942400924744,28,-16.769011623262937,-8.80992344909442,28,-16.07263830107766,-9.73252393154883,28,-17.60522265971098,-8.821974146404388,28,-15.319513051478262,-6.768113670483736,28,-11.683829080173007,-7.364818836730286,28,-14.137197586536512,-7.0701107436732755,28,-13.360334866276224,-8.091785452372244,28,-13.047904384476364,-7.017619383006558,28,-13.623406002200438,-10.464589579469097,28,-17.08924816691749,-11.885360648871863,28,-16.25756147359884,-8.415972216823596,28,-15.884940508816527,-10.300282741816893,28,-14.953193722997039,-6.724608255233855,28,-13.437471612355782,-9.242780242845463,28,-15.277623408845493,-8.870557070594053,28,-14.801876172352378
467,-9.43888283913305,31,-14.692295130854152,-6.714998713256405,31,-13.820884015926303,-9.809674942966188,31,-14.79403941319516,-5.8932671359967586,31,-12.92892935339555,-7.440501984352039,31,-13.36570253086226,-7.631698392536494,31,-12.664040923434603,-6.42907375032319,31,-12.91247075523944,-6.553220896418283,31,-13.085198301944988,-4.921561744762492,31,-11.747839071655337,-7.900618466184679,31,-14.452138336873235,-8.242193390046532,31,-13.711316677191475,-7.366170524627254,31,-12.97384956557298,-7.750921197140814,31,-12.511245965393758,-7.4164933401747,31,-12.415432206176115,-8.70064098622111,31,-14.640312413997087,-8.39395385009928,31,-14.11051368923911
468,-9.580542451557509,10,-14.325129434606978,-7.010134861853716,10,-12.869833523927062,-6.5815301563563935,10,-14.282717176639146,-7.633219670963111,10,-13.340786312464745,-7.249921087067479,10,-12.955399490190267,-8.549244451204881,10,-13.506395077387287,-7.111134201004946,10,-11.172991156145093,-6.1822286963501325,10,-12.175322570748184,-6.079234824396904,10,-13.669970407672842,-7.259972888166072,10,-11.87429450719473,-6.62472340275711,10,-15.058170566482767,-7.395250228705171,10,-13.379319940110452,-8.217913092384807,10,-13.246223695925725,-5.366083121122549,10,-13.496811132938031,-9.256978103814015,10,-16.006961325547863,-7.876055291162263,10,-10.94067662087506
469,-9.312740346160881,24,-14.640350792475193,-9.271648390365778,24,-15.014990941015247,-10.308960438019044,24,-16.279309197891152,-7.761190528803454,24,-14.342622017223158,-7.003815098121063,24,-13.526728063804626,-7.735837502308454,24,-14.111953720653842,-8.03985316171224,24,-12.039741111425279,-7.134259647531368,24,-11.339109482506476,-6.905930343219257,24,-13.758162770565157,-8.18863681724381,24,-12.574759568140381,-8.088132971550824,24,-11.857996212131445,-7.202474214062119,24,-15.263392664692013,-8.508852646984144,24,-14.257110373469484,-7.0040668679344,24,-13.30698119207325,-9.72220603008371,24,-15.215941476831237,-9.441430691024246,24,-15.505523011905787
470,-9.754381764232615,14,-13.054173357460126,-5.796522937145724,14,-11.873412075267497,-6.23374922817458,14,-10.942782292938357,-6.6707347508222545,14,-12.423702206926858,-5.162850001369471,14,-10.91738425059897,-6.144931362975473,14,-12.593245341266861,-7.052752607447633,14,-10.854404258893117,-6.5037130488515515,14,-11.520640786446357,-5.985115906238415,14,-11.390346798404515,-7.075304503379488,14,-13.66983847753424,-8.15790851812135,14,-13.245555902575388,-6.25547471967688,14,-14.350991519263154,-8.601385271600162,14,-14.737604246528484,-4.823616409061432,14,-13.62061380540639,-6.502139773587229,14,-13.1199068234886,-7.713094637651524,14,-13.772441828376667
471,-6.894420749033422,20,-13.944844957665142,-8.72075453411614,20,-13.647415713878852,-9.21161841033436,20,-14.048378410104082,-7.172046929094985,20,-12.746675359063497,-7.4766210622923355,20,-12.819504859359107,-8.13746670266066,20,-13.02344884885164,-5.728955236425431,20,-12.57022372289477,-6.151873447334073,20,-12.756216538366314,-6.802211055485026,20,-13.235519391407456,-5.815754088897899,20,-11.985333269494891,-7.486522345251284,20,-12.44215978719611,-7.663438836061872,20,-12.423436161328832,-8.593122184893323,20,-12.097105077243636,-6.087621272081734,20,-11.617870492952555,-9.395356039358404,20,-11.851377977689925,-9.613892891781928,20,-11.037409776343356
472,-8.511903087578755,23,-13.090169570177228,-7.5412380262300305,23,-13.084055377011204,-7.9563280465448685,23,-14.24475719655723,-6.068771309539898,23,-10.14832214714206,-6.982066180982887,23,-11.287503464752826,-5.441797511819601,23,-14.935911750010986,-6.3207890401806655,23,-11.369320105000556,-6.495996975913355,23,-11.536363442385296,-4.126193080262959,23,-11.928719244004908,-6.454414534953271,23,-14.16661974617006,-7.071596931289676,23,-12.938359562632824,-5.930736006366723,23,-13.03080622578847,-7.063087698502973,23,-14.234021904980985,-6.167498445808363,23,-12.000707995616803,-8.625836960028725,23,-12.909155418742127,-6.803064355669961,23,-13.344386028620491
473,-5.702620421028138,15,-15.107165255056604,-8.012664597245088,15,-14.753939052001186,-9.89889431001647,15,-13.97639446774347,-6.662772822219159,15,-12.208392643729326,-6.057602401799106,15,-10.619159716749635,-7.815244413024467,15,-12.71359275789003,-7.0503685846443895,15,-12.825694962404926,-5.577143293835851,15,-12.087933173448548,-6.58539705633752,15,-13.607570100531767,-7.998183409917808,15,-12.318963313531729,-7.711996826412043,15,-14.648451985329388,-8.432649953998055,15,-14.713249188486657,-9.109288946111542,15,-14.679365046306948,-5.627192066326781,15,-15.0486556914322,-9.991255124839348,15,-15.46511844996606,-9.298515209483915,15,-13.9503540974283
474,-9.97969547282121,10,-14.787872807343295,-10.489020008886492,10,-14.90439683400972,-11.0503686284397,10,-16.618003503407156,-9.376553429867682,10,-12.711813667890242,-8.619139578827923,10,-12.715101624424676,-10.065440288779799,10,-14.17166049692441,-7.316248102271416,10,-13.252228520547412,-6.812439564462116,10,-14.181059821722691,-9.050393181799288,10,-14.771231929358654,-8.40988249631331,10,-15.177799358100499,-10.589258603683403,10,-16.57123513678059,-9.050946548521212,10,-15.540958499706205,-7.871455672110546,10,-14.512899481012669,-8.307328083818312,10,-12.861645136688995,-9.515285168857025,10,-13.874869252994786,-9.954033844015779,10,-14.30870410719778
475,-8.27392428152034,9,-16.574400568937293,-8.362284297281189,9,-13.01722096600228,-8.815520294195641,9,-14.976285736203824,-8.538649209301633,9,-14.16636192492371,-6.710821356464355,9,-13.80469468442035,-11.027174639320778,9,-14.661000115101793,-5.555600609001909,9,-14.715789867813028,-8.529550680233593,9,-13.306094000943391,-7.443143376300921,9,-15.187991161952946,-7.3674092037434,9,-16.055844131533547,-8.504775365127063,9,-15.655304920548696,-7.8439931078492275,9,-13.72520701528009,-9.61049391185188,9,-14.591071524725532,-7.676846578476929,9,-13.840406055003134,-8.655414172163162,9,-14.83379760041435,-11.030165074448728,9,-15.374275363157912
476,-8.649240341066472,8,-14.473711886646452,-7.062571367298696,8,-12.546951910254869,-9.342836574649901,8,-15.646565925380036,-7.037516225189053,8,-12.613464317821991,-7.916424405440625,8,-14.389212365338304,-10.613326355661385,8,-14.213025662965338,-7.549265033912892,8,-13.417133232125094,-9.133236905468863,8,-14.254027286775342,-10.373625090830124,8,-14.76813400313418,-7.643430751861561,8,-13.925692093243116,-11.095646674481369,8,-15.39896981457802,-8.338489364148545,8,-14.20259753495233,-10.322684338604788,8,-16.941830928084187,-8.690432379024596,8,-14.487874754274696,-9.90575468308865,8,-17.62569816153596,-10.249397736838352,8,-15.847491070962043
477,-8.747591622124597,9,-12.898922820851597,-7.301345154870209,9,-13.34003082556859,-7.570771357254639,9,-16.027230511101337,-7.958537351629655,9,-12.915769265751075,-6.324780362714221,9,-13.263612268624867,-8.700293821205165,9,-12.762411144246455,-9.077147425210176,9,-14.961519508620258,-8.707808491867212,9,-13.812035979497718,-10.065169162079556,9,-11.651096704754574,-6.849885883847096,9,-14.600863767433978,-9.873606366854832,9,-14.82686293717775,-8.968347254058074,9,-13.442180845324831,-8.490218191542407,9,-14.338554017214978,-8.64151157459874,9,-16.051309952791463,-7.099226261459956,9,-16.590926785688865,-9.046285639054975,9,-16.246387759703033
478,-6.013545137550842,7,-12.731679763506833,-5.982375956887784,7,-12.00191422491317,-6.103039908981383,7,-13.817576347257445,-5.056474453042004,7,-9.525495411256502,-3.81707690224375,7,-11.242919564645085,-7.588422939067188,7,-10.828313965739838,-6.998029745778377,7,-14.117077425708562,-5.757816928625344,7,-11.564958528189242,-6.309126599611897,7,-11.76394162772803,-6.0949358824558235,7,-13.56333301968106,-8.94286035481533,7,-15.643608156415972,-7.206436652819146,7,-14.734633982943677,-6.780189372642149,7,-14.082878791841878,-6.587509203551191,7,-15.191593628200895,-6.311322501326008,7,-14.992579296224427,-7.168925269546205,7,-15.66942069930047
479,-11.472691422149374,14,-16.165264856708998,-7.7552591375649085,14,-14.032183909799222,-10.837808307063275,14,-16.062648038735407,-8.26290373682562,14,-13.054787261426943,-7.7448545960326145,14,-12.950448713061228,-10.553520103215808,14,-12.756898808153672,-8.476596235495627,14,-12.520013683771849,-6.482584422282329,14,-14.03353120821378,-8.712595556941276,14,-13.942717166632477,-9.678461881958238,14,-15.402697194800105,-9.27180282249463,14,-13.924177485744627,-8.3836406158018,14,-14.938923704043086,-10.326362321760625,14,-16.297722054528393,-9.544280573955383,14,-13.440188536726549,-9.927989078641703,14,-14.145306252644518,-10.085534261488597,14,-15.598005350193546
480,-10.701214906232423,10,-15.463235769416297,-9.081058072881051,10,-12.771375051060488,-9.599433122071185,10,-17.490320179149844,-8.569720449381347,10,-11.707866116796037,-5.6287760321563205,10,-13.05428152495068,-9.452712887789243,10,-13.272098342568313,-6.022149387203215,10,-14.071139825487137,-6.016416219762069,10,-12.18075783997987,-6.116646264368501,10,-14.632165825720168,-9.339931408849498,10,-15.652876882550572,-10.166020578492223,10,-16.000848955061635,-9.666570655092743,10,-15.865553986212754,-13.602482914143327,10,-16.79544524230079,-10.222045129419326,10,-11.99513466297642,-9.842761422330064,10,-17.512680015849064,-11.949589329506956,10,-15.58534852409035
481,-8.329215211707192,24,-16.395491372977226,-7.629388571636766,24,-13.379615514027332,-9.830024499522509,24,-16.298703519426944,-8.435035377419377,24,-12.06028952165008,-5.061191008339777,24,-12.824637054701329,-7.693059744024463,24,-13.42490074776659,-8.094225713584132,24,-13.133233535867657,-6.747407946745066,24,-14.700274077546888,-8.227506756666216,24,-13.646045051726825,-8.301718963453366,24,-16.339370242753525,-8.636238566624423,24,-15.95816557848472,-9.178338902599636,24,-14.980496303635533,-9.332469648714175,24,-16.25662608695935,-8.508399461655126,24,-14.767781202254458,-8.956996817225017,24,-18.24537463822772,-12.307383715046793,24,-16.303942473211713
482,-8.636968612525061,6,-16.892071603301446,-6.767231327662632,6,-10.749181749671013,-7.3201505116221455,6,-15.94253474112438,-4.794890090104579,6,-13.261984347618618,-7.755159616605722,6,-12.318114452851326,-4.646188792157965,6,-12.71308931115003,-4.191195035421396,6,-10.955004454469243,-8.832314588740852,6,-11.60694575884297,-7.10194201656603,6,-11.500349463026307,-6.8346428605406375,6,-15.974433715650845,-6.937877569471931,6,-9.465269537479902,-6.014157082392493,6,-10.340349868380862,-2.690639373340946,6,-14.498718840589657,-9.484067452955323,6,-9.859654441476401,-8.191709912258402,6,-14.719037125228363,-9.323534069656944,6,-11.697622859715581
483,-7.117751089241406,3,-15.061384363115222,-7.0596572386645295,3,-12.815209149888243,-6.448539245159161,3,-15.15505055827714,-4.925853559031978,3,-12.543734362532712,-6.099563707675083,3,-14.068486338934822,-4.319084046065909,3,-13.09939721822126,-2.316495675034316,3,-8.41728196878656,-6.789823638636517,3,-11.885318472000112,-4.7199819884880725,3,-10.28105778582205,-6.206469352286923,3,-15.666969560276884,-6.403397879156685,3,-9.306782283123882,-4.925787169378732,3,-13.91865488014058,-4.2039943167195535,3,-11.979108078811528,-8.883646538339194,3,-9.856755615268245,-5.548145747390949,3,-14.2050462208913,-10.847566600186786,3,-9.807837558869382
484,-12.064673492303422,18,-16.992431339599495,-8.241702578799735,18,-14.332566574330043,-9.786971058677592,18,-16.084543583920606,-9.037309577126436,18,-11.845432050109146,-5.875024822048336,18,-11.79770080518759,-7.966710791623948,18,-12.69225126433733,-8.959487912338433,18,-13.119651875344477,-6.661875066697257,18,-13.563204028873603,-8.077976692775925,18,-12.615876485794749,-9.03138370561778,18,-15.88262330627867,-8.923390750429132,18,-14.491299190946119,-10.267652207890137,18,-15.663420091932515,-11.408292382253492,18,-15.334647121581495,-8.526136540806917,18,-14.620981698733482,-9.078471559760036,18,-19.068586900740222,-10.516838702939452,18,-17.372250289439165
485,-8.61788016389373,29,-13.867508719982851,-7.682933739449482,29,-14.128088792279097,-8.141545160206146,29,-14.07477518061819,-6.782243892386285,29,-13.186070307285117,-7.037667949658825,29,-10.547040889539396,-7.007005815510596,29,-12.545573901743625,-7.958907483820839,29,-12.862707458958551,-6.176776966940497,29,-12.509105464911002,-6.426482376785857,29,-12.799527483667465,-7.011102337020986,29,-13.276588491562464,-8.958486236104848,29,-13.569554142668249,-8.713592172080823,29,-14.51339819081635,-9.542769103526407,29,-14.850920441182607,-8.393573616180843,29,-13.560096798827887,-8.622589118701063,29,-16.218910320539834,-9.86781359908448,29,-16.11108648102252
486,-10.884386598863912,16,-13.358146324595685,-9.121928204336395,16,-14.644487907659169,-8.556923954382565,16,-16.18645044714714,-8.244335064979376,16,-13.14390128384343,-9.72241814260281,16,-11.470009108447144,-7.829760582836892,16,-12.8995579478069,-6.675764043778266,16,-12.634064562403005,-6.45775470220973,16,-13.543310247324689,-4.523366801706181,16,-12.230984480519023,-7.723165038685972,16,-14.285412124946546,-9.431023650615941,16,-13.939341527646272,-8.05235084040394,16,-10.98334488156911,-8.44033297687466,16,-15.112233750662238,-8.600246841520057,16,-12.687826644186206,-8.223824158183232,16,-12.158759560068104,-7.550731432493443,16,-14.285939719718225
487,-10.910088784542452,14,-16.30753405500659,-9.1769772971712,14,-17.141489533612212,-10.153117639225224,14,-15.35415305000534,-8.35844987755947,14,-15.234597161771324,-9.259120810279272,14,-11.24888692978079,-8.844310468144755,14,-14.968647234120724,-5.7957116980070635,14,-14.757011444267373,-8.854470628356921,14,-13.736851132147388,-9.318118545975047,14,-15.031055537125857,-10.004693817286533,14,-14.479121493854876,-8.733935832075804,14,-16.934493602143,-9.030087671920008,14,-13.666767688031666,-10.769201619436561,14,-14.845861932198954,-8.067324751987938,14,-12.443121277498788,-9.116473297946643,14,-14.225935299928373,-9.177280465924424,14,-15.668020038863823
488,-5.734882409313785,9,-12.19967099631874,-8.275018936559643,9,-12.658514654046407,-6.6854712986097065,9,-13.393556678345465,-7.669744312144273,9,-13.466707441354302,-6.846623818564861,9,-11.008586018196386,-6.846269747551648,9,-12.551051716160247,-5.824654839013487,9,-12.503582646361462,-5.7596379089833345,9,-15.602821575655295,-6.805389376359882,9,-12.210268401341821,-7.006829455759118,9,-12.297428103982666,-6.949177213395213,9,-12.621640350501222,-5.3985602532591965,9,-9.129956611883241,-8.783708761802082,9,-11.884846141214624,-4.995992125575081,9,-9.3936941985157,-6.404894123019646,9,-11.196949229965778,-4.034395841186836,9,-13.201039930688221
489,-9.658788610270854,7,-14.995763650423832,-6.803945861607833,7,-14.31426752638811,-9.200055773699333,7,-12.999497694445981,-7.2670960643486335,7,-12.962658122669046,-8.123152829725012,7,-11.607968842712587,-7.171633310113594,7,-12.16294796403379,-8.399848910424916,7,-13.277242838789498,-6.97859556296334,7,-14.201422326477447,-5.715239408146909,7,-13.956851070527787,-7.497955271476911,7,-14.999411549440262,-10.238680597225667,7,-17.085384571072357,-6.622386259420821,7,-11.98935348821518,-9.302943415142176,7,-12.138309543564601,-6.372572423074493,7,-12.596595161074895,-9.550500861656904,7,-15.154443571166674,-10.831404191065438,7,-12.717331393854794
490,-10.55418500437888,10,-15.680455216056544,-8.66664591781089,10,-14.056909405476937,-8.960405594500987,10,-14.06413903662303,-7.334539430655166,10,-13.419639802980182,-7.714289199790435,10,-14.872822897140342,-8.541452170328062,10,-14.449699385453671,-8.894946282538216,10,-13.819910838581269,-9.05472752892935,10,-14.72091274411138,-5.712468160964104,10,-12.205551046690905,-9.915933612261533,10,-14.661248504717983,-7.299825083678688,10,-12.755180658731009,-10.505460663354278,10,-13.17296300644996,-7.815261546226829,10,-14.381656597245751,-7.57781840914689,10,-13.777845949476045,-7.639525677607867,10,-13.393098841330906,-9.384838910781234,10,-13.061869300299582
491,-7.516365951002296,17,-13.324891216390387,-6.132657326060464,17,-12.935912736229627,-8.363661697571949,17,-12.82550019906038,-6.4808382830716535,17,-11.371029755082368,-7.909910551623627,17,-10.644602920563793,-6.939687658207557,17,-11.536502187703652,-5.233880309430205,17,-12.732236731221239,-7.089920640850752,17,-10.250820303631794,-6.111075953414449,17,-11.364100714097479,-6.527837585435062,17,-11.186383212448414,-7.441710871034956,17,-13.002308465797794,-7.368848399001289,17,-13.115934653875893,-7.3160590615208685,17,-13.41135797673653,-6.106090379466124,17,-11.298041916991293,-7.2764960952445215,17,-13.409677104816817,-7.130861265298577,17,-14.381078219842692
492,-7.823439309532445,13,-16.276501901013166,-6.934558776313588,13,-15.906060612501498,-8.103016776692314,13,-13.488022525169416,-8.853922569031955,13,-10.845417888458574,-8.364620107314064,13,-13.902371694626574,-7.694120543971375,13,-13.012768098386866,-6.046217202065481,13,-13.478633211348843,-7.590598254881526,13,-11.883994729216479,-8.168276929974912,13,-15.471582401475485,-8.623086839065685,13,-14.685778881152629,-10.359996277386887,13,-13.362978983424004,-9.09335224000315,13,-16.494362516850934,-8.962286973492988,13,-15.352251910114434,-7.5303867257025665,13,-15.748090211250311,-10.938125880202016,13,-15.801347234413345,-9.98466414519202,13,-15.795041516840245
493,-8.196887201809256,13,-12.983705620841677,-7.508209444347153,13,-12.593677796723995,-6.085433486881514,13,-12.256234662141656,-6.270878182665629,13,-13.169797629144348,-6.277676053894552,13,-11.872271363629178,-6.558663166930838,13,-11.401820294654417,-6.7111168901131455,13,-10.415344891150092,-6.406525103387034,13,-10.60354026384736,-5.436898542759776,13,-13.157596288050975,-6.695494152561868,13,-11.91027575326343,-7.432101824415821,13,-12.691158915285293,-7.330476013580888,13,-11.754269561927016,-9.513813425836325,13,-13.7598821287761,-6.887500031981219,13,-13.444577299537588,-9.691740233192265,13,-13.188190534351882,-8.304799339104527,13,-12.996861643613402
494,-7.982576835421474,16,-14.186738041051905,-8.105016726290822,16,-13.959713418392752,-6.1734580949748015,16,-13.722123308877345,-6.888037838615566,16,-12.062695049809442,-8.594810568746386,16,-13.50275979639372,-9.279926401331352,16,-13.577517197794915,-8.157992106446116,16,-13.099038361632939,-8.021961757224785,16,-12.457443803970122,-6.597524817492437,16,-12.168852570599073,-8.689523171685279,16,-14.886783873670124,-9.568292430505318,16,-13.92179742618005,-8.676827024234461,16,-13.916257338301893,-10.202329061285496,16,-13.242047489176521,-7.859595449084699,16,-12.616349588623827,-8.878123509556387,16,-15.429485266013765,-10.75302984670753,16,-14.197462261435902
495,-5.451731025001277,10,-12.074183086681533,-8.765967515694244,10,-10.760144842681669,-6.901979709379011,10,-12.59797473576949,-6.361219883594869,10,-12.596896115473285,-4.6914985431033704,10,-11.585278676120826,-6.296486059480909,10,-11.451142236549764,-5.419591381295344,10,-11.77885325381558,-5.38644275195828,10,-10.875629988723293,-7.604265052929609,10,-12.095473865407696,-4.739765480813998,10,-12.176804315256033,-5.6809294602005975,10,-13.322450727499277,-5.7288316247124165,10,-15.47825360168343,-7.968941301107261,10,-13.934785822042663,-7.424367075007442,10,-15.626235731446087,-11.432455413695525,10,-14.720976794264944,-9.466603117894254,10,-15.77156459677411
496,-10.111224713603683,15,-16.434961131559895,-8.7209257929918,15,-15.567072837962959,-9.525386922528408,15,-16.273627529409357,-7.7299775251852365,15,-13.018354419361529,-7.734948174502698,15,-13.093463507148877,-10.432319655196931,15,-13.272541042162338,-5.840458485183154,15,-13.41657254785526,-7.694151952488627,15,-12.59198229420538,-8.718648051693688,15,-13.449324965008667,-7.292803197074282,15,-16.105224561707505,-10.422159493329378,15,-15.183416063682614,-7.572791616145817,15,-12.910275529622886,-8.537231174710234,15,-13.938657574279931,-5.889688412149354,15,-11.958604918218844,-9.054722852499134,15,-12.875445230219446,-8.34498534517296,15,-15.156999312158943
497,-9.155218184686815,18,-13.159584141713104,-8.218623925655004,18,-13.759890712560807,-9.113841109382397,18,-13.904710903442798,-6.494433627314379,18,-11.110754686911763,-6.49888179051604,18,-13.939593752979533,-7.115600904648539,18,-13.406036625805704,-5.713002208326651,18,-13.044093085651136,-7.6572880183275105,18,-11.85370125581076,-6.26747101309903,18,-11.770816219785058,-7.312831738775623,18,-13.383230009227686,-6.657606653382673,18,-12.038315879435736,-6.168149981518223,18,-11.543367638899738,-5.374806197999541,18,-11.893248785143705,-5.690384975334202,18,-12.06481175901635,-7.620185968600387,18,-14.30953703635934,-8.54098607285479,18,-12.343836862657207
498,-9.2372414622065,17,-14.700124198621083,-7.396063590898549,17,-16.723796276527118,-9.185038964852799,17,-14.832517145672732,-6.659749440013332,17,-12.630965494607997,-7.443407308170757,17,-12.832996694574332,-7.925731529053901,17,-13.43739120277185,-6.482941074130859,17,-14.03798907686266,-6.912019507196963,17,-14.267859833882575,-9.913944304202364,17,-12.135445717544256,-9.670902287026635,17,-15.189578128003829,-9.859591666641185,17,-13.525236600321506,-9.723020115733616,17,-13.263382644665949,-9.148409836460479,17,-15.732971311375865,-6.85251955267818,17,-13.32018174293272,-10.402446382287051,17,-16.74487118325564,-9.286098187564315,17,-15.793087740751803
499,-8.061431398130328,12,-14.599074811017886,-7.539259462786463,12,-12.320159223359413,-8.20706433141271,12,-15.209663528425414,-7.105191308546269,12,-14.257556359026651,-3.965697944372986,12,-13.132102872211211,-7.655013964360911,12,-12.324532181693211,-5.639975034441353,12,-11.333612059558813,-6.125409748594021,12,-12.832454415535373,-7.270451871056677,12,-13.225513752315726,-6.307149255236162,12,-12.17991361811784,-8.154902717836652,12,-12.940986875373817,-8.727085517277944,12,-12.821421690050332,-9.292119577369139,12,-12.880888280095474,-8.152408099241487,12,-11.454639158214995,-9.472856378506991,12,-14.851464617128936,-9.255212548625387,12,-15.084044109440446
500,-9.012441057581883,15,-16.439133391183628,-10.295237476784163,15,-14.450788623196374,-9.93458479253729,15,-16.64226675517009,-9.064280605742992,15,-12.872265977097456,-5.561384478512186,15,-13.482662099960368,-8.845590258411702,15,-12.79363418507943,-5.199238831874854,15,-14.03394546617509,-5.8701366522345495,15,-12.450181548813035,-7.121520730564384,15,-14.436579088082846,-6.73713553698417,15,-14.407746318099079,-9.379352525512514,15,-14.038426222590337,-9.410731522958137,15,-14.244023960065439,-8.615956681578687,15,-13.021353968118287,-7.071839382125372,15,-12.066066237685915,-10.342340564189076,15,-12.827445413484673,-11.076156686432917,15,-11.958513053480996
501,-8.612394776881997,15,-16.518155039493443,-8.712559204156179,15,-14.955691043966628,-9.99842348555958,15,-16.717919740676624,-8.009785521236008,15,-13.883208020555891,-6.986283587622582,15,-12.43440016969207,-8.408698147031602,15,-16.458665314746863,-7.606129303464103,15,-15.409861574595682,-7.844704495431742,15,-12.029109157741367,-6.840854676517604,15,-16.491061409450218,-9.312468790819356,15,-14.596296369024785,-10.094726636047412,15,-14.776645315348622,-8.740062511431535,15,-13.829116882609483,-9.31483001826953,15,-13.180843802471916,-5.985643595035156,15,-11.969383630157107,-10.491303146802073,15,-14.855034151114815,-10.773181836122054,15,-15.135591037025556
502,-2.304833495873134,13,-12.637816488923763,-3.686589964534866,13,-11.617315347210504,-5.962429918435025,13,-10.595076909557813,-5.184081228672591,13,-10.702992954580498,-3.148675718859218,13,-10.814805769736143,-3.687914355819246,13,-13.104312223257608,-3.4201444911785077,13,-12.491175980035221,-6.269200317571729,13,-11.831124276420361,-3.8993501989574404,13,-14.818015887676264,-6.176665013442983,13,-13.286247501480561,-8.301444675698667,13,-13.522141114047193,-6.929584612858105,13,-14.915552867347442,-9.150905524335506,13,-16.128533926816225,-3.771604421184274,13,-12.869472819118018,-9.363922071428325,13,-14.897510566542891,-9.448136093330662,13,-16.78252716783235
503,-8.23431454649477,19,-15.785984559410009,-9.081151930357564,19,-16.38112158319375,-8.320968775869089,19,-15.522546229705386,-9.658069438543977,19,-12.304974935365163,-6.642418644679128,19,-13.424098648173011,-8.837226422191515,19,-11.660230588539784,-7.089266266553849,19,-14.709930692009456,-7.638092177165678,19,-15.699731943199213,-10.248709723986309,19,-17.6664579855863,-11.171986627096224,19,-17.109604719778776,-11.052253396834711,19,-17.35125915664909,-9.962567019417076,19,-16.579072544018228,-8.548473912827893,19,-16.677205773093412,-9.749722467953271,19,-15.098961105579935,-10.168731902051316,19,-16.600677670852058,-11.344823556817992,19,-16.731036403176557
504,-7.356115225269232,14,-14.654096669730365,-11.209893797984893,14,-14.697568357111495,-10.312382178184736,14,-14.04709208868731,-11.203029869713347,14,-11.748269599437531,-7.660117548884848,14,-13.71569138663075,-7.538317335264292,14,-13.334922937018971,-8.320714754096858,14,-13.993609274950707,-8.922718538724041,14,-14.936031396080063,-8.79130358470794,14,-14.1906537218543,-10.855789573534228,14,-16.410727532956248,-10.788902064141073,14,-16.45010628608103,-9.893560483816795,14,-16.746488952688136,-8.84399668658177,14,-14.588218310453179,-9.144531710826834,14,-13.184157054717765,-8.528099002665607,14,-16.49751077554348,-11.54665369041795,14,-13.777822302081972
505,-9.758477458366237,10,-13.4846714751247,-10.022083505750324,10,-14.85753724650676,-9.255071069999843,10,-15.482607471772358,-8.454750771203974,10,-14.086906428759642,-9.449779091366766,10,-14.785757099233566,-11.052367236225514,10,-14.726329013873977,-7.5146661726777495,10,-13.677885833176136,-8.187023392024038,10,-11.96235255352928,-8.897582683103455,10,-15.03367408854865,-9.517478702469589,10,-18.28903755994976,-8.64450511365755,10,-16.96127893508812,-8.353604384782457,10,-15.96192692250743,-11.608390968086253,10,-15.40703626656456,-8.165057812452591,10,-15.298848696338847,-6.374221237901083,10,-18.252714447289254,-7.519684092288377,10,-16.34059624975371
506,-5.262504481095846,10,-13.7428879009904,-8.705060450768507,10,-12.563274289862715,-7.827880371437251,10,-12.60978408100079,-6.5253861552259345,10,-13.192463577279558,-6.847497669756799,10,-9.39033979984934,-7.853696214308786,10,-13.46283181441372,-6.350607130869418,10,-12.251578774059427,-6.32049929384095,10,-11.948356666888031,-6.241988170961462,10,-11.532049627445108,-8.382100218827784,10,-13.59953235929152,-7.464369313438701,10,-14.633940531795202,-7.514058861516232,10,-13.639047608327978,-7.346114772795769,10,-14.092330999927468,-5.968773274292899,10,-13.556366007959287,-4.797316613856102,10,-14.987848760429776,-6.444987110077937,10,-13.161466397952804
507,-7.15449241018879,16,-14.02468014535685,-8.532262974081224,16,-14.264336519637354,-10.080529239110694,16,-13.764865251762853,-7.100880094633223,16,-13.183494256020687,-5.545133735803697,16,-14.209687129486067,-8.022885940146189,16,-13.165525804995157,-5.525311459805504,16,-13.174521378129874,-6.609702925176789,16,-14.542592850659947,-8.129139766931331,16,-11.949427139410066,-9.417072651580863,16,-15.78691602536215,-8.717091300999936,16,-14.618369235878209,-7.798248967018743,16,-16.662615237961596,-9.263020638990717,16,-16.856127042006662,-7.639036683401064,16,-15.027513259484078,-9.809130620048917,16,-16.590135405816827,-9.450127572011542,16,-17.110423882400095
508,-6.5719241726338185,23,-13.94322568429943,-8.661738447249599,23,-13.29766897916031,-7.966724504529417,23,-12.942485096704141,-5.630531305193276,23,-10.618018536155905,-5.28437302406325,23,-13.23082183928375,-7.6789306147618905,23,-14.02664082884662,-7.039904397864624,23,-12.835008532528382,-7.260920686752552,23,-10.978754087821752,-7.463319389365422,23,-12.109576441570677,-6.538936023285112,23,-12.976787958804607,-8.388809517085898,23,-14.78875332818188,-8.237074694137393,23,-16.099504654808737,-9.051858440266184,23,-15.789700734911147,-6.954212837170197,23,-14.773398202015182,-9.564620554341975,23,-16.924223498337273,-9.712522504137196,23,-15.785469846127167
509,-9.50073152314559,16,-15.151633265078463,-9.229206812591217,16,-13.918723553564503,-9.37916815960619,16,-15.10617402942632,-8.509549602802512,16,-13.086014995547648,-7.24357844183645,16,-12.699107070716355,-8.034520591208882,16,-13.245099287137684,-6.061853145105893,16,-11.776798124688735,-7.862713948582569,16,-13.655823852795733,-7.6893421527978845,16,-14.392543498093577,-7.909173699344923,16,-13.064098097371325,-7.497414165908633,16,-14.237427609412553,-7.470969149947756,16,-13.748302137603275,-10.152908471583459,16,-14.310628615558441,-7.327803074589468,16,-13.277887926068459,-9.653058270702763,16,-15.594694112846,-9.295702525269334,16,-15.862535184321489
510,-9.09327626248907,12,-15.556628153437874,-9.306655204538812,12,-14.404017406037177,-9.089806018696628,12,-16.902456399415254,-7.699745604499709,12,-11.201955031631348,-8.144821041190404,12,-13.61556662792009,-7.019081199559617,12,-13.445388765827474,-7.267333168098174,12,-13.592754152643503,-9.231309950798948,12,-14.866712221481958,-7.642789710708962,12,-13.721258905016928,-9.831077653743092,12,-13.106774563918917,-9.277828974532532,12,-16.292669274542227,-7.981624762918379,12,-15.27380106370861,-10.637626271872374,12,-19.049733242344445,-6.813191844321471,12,-14.638103022311038,-8.85464676824341,12,-16.705022532630622,-10.244686253942131,12,-15.425193383082455
511,-10.1809433511002,32,-15.187044080610681,-9.86669017241141,32,-14.120622411597736,-7.640788781838275,32,-15.394310831648884,-6.749841055032108,32,-13.156135374861522,-6.294229353579366,32,-13.42003025193548,-7.266249374454149,32,-14.00541497107759,-6.752943821467144,32,-13.659422214490135,-6.007484900282364,32,-13.299944873355297,-6.7309635876010905,32,-14.145911923379817,-8.872547173448904,32,-14.73457060553298,-9.100751061629886,32,-14.218823008435646,-7.350060977945127,32,-14.53333797571958,-7.885097946489925,32,-13.447734703548251,-6.620818297649222,32,-12.551494882391893,-9.584711660269399,32,-17.40752706657704,-8.300038724296236,32,-15.966827201752743
512,-7.934647644075409,27,-13.419008970060364,-9.3024710774332,27,-14.504506504115145,-7.878883892868842,27,-15.982396850635798,-7.715061335972637,27,-13.149266495491428,-8.005648394605267,27,-12.021822173473362,-6.682087125279274,27,-14.634294170755318,-6.282257976292307,27,-11.844343114059939,-7.107372134545345,27,-13.562680683739858,-9.461975638621707,27,-14.462224923326392,-9.424431265019571,27,-14.174411714167789,-9.09917828398317,27,-14.474115649746278,-7.718351541822147,27,-13.018309855096417,-10.547262911621713,27,-15.655718370112588,-6.643807491304042,27,-14.443284513319696,-8.18429183582548,27,-15.844511418508752,-8.220246237373928,27,-15.80023688094167
513,-4.624597039573334,19,-12.587342832084367,-7.558450037055106,19,-13.267982236706429,-6.8063502300015095,19,-12.50362706603553,-5.564113341089736,19,-12.197441464437421,-6.227303267384356,19,-11.096782925566583,-6.305688039487142,19,-11.761762108277079,-6.1212423082094505,19,-10.415608161531596,-2.549161403962075,19,-14.525537052312172,-6.837899794894353,19,-11.149693039373204,-6.083437548958816,19,-10.797807017505718,-6.526733387888314,19,-13.40913537127532,-7.608278156581862,19,-12.960282262444592,-6.829673801045813,19,-14.005042076459848,-7.085326485508773,19,-10.835430312038694,-7.303885083295633,19,-13.138018291575849,-7.978978406511309,19,-14.455370176081171
514,-10.795943140826793,19,-15.237636731212804,-11.000003190389773,19,-16.88293571224423,-8.498197313255332,19,-17.432348063698285,-9.708804035470514,19,-17.258350063964603,-9.854927207049528,19,-15.425375869638366,-10.43665399835806,19,-15.393372898330064,-6.474093836213282,19,-15.890251478450628,-9.596810827728275,19,-14.413705252950281,-9.153887071797175,19,-14.284960529275896,-10.155206233241055,19,-14.687568757533775,-10.858419262828349,19,-15.572560358963099,-9.132319753133004,19,-15.667596854316352,-11.208065071980325,19,-16.777467462388852,-9.091466772049003,19,-14.082786651962891,-9.811540692466803,19,-16.36540189173469,-11.874508563193407,19,-16.25885571228833
515,-8.659523250057,12,-14.103028222949538,-9.869412115126753,12,-15.325703810734252,-8.174307902786206,12,-15.458870572443592,-7.441686809211287,12,-12.677092219840878,-7.182596623248135,12,-13.132240381066541,-7.658585371880874,12,-13.353238314611941,-7.059559248719852,12,-12.135500904012524,-7.544705555588847,12,-12.647117601712212,-7.677649372095039,12,-13.820078310024275,-7.739558143327328,12,-12.316965320892566,-7.972535261023807,12,-14.486432662232936,-7.60273037345557,12,-12.377516449773971,-8.23022502034429,12,-14.400815229191668,-8.779306535361318,12,-13.38840288955848,-7.9972285479186205,12,-14.871583785176616,-8.437206161902846,12,-14.724334840751158
516,-8.274871165322246,28,-14.218644641622866,-8.218047778988831,28,-12.138916880357913,-8.067217397144383,28,-15.330725671348803,-6.631524498320731,28,-11.151246106946003,-5.738295282967142,28,-12.120710208520144,-5.5643437360121855,28,-12.561756663996281,-5.7730324677233105,28,-13.092088510796858,-8.104759632006012,28,-15.726581820641021,-9.331611763327372,28,-13.78237302828457,-8.95139221649168,28,-16.955324497463703,-10.465138725006655,28,-15.438396825705196,-9.763658649180034,28,-16.550413465420903,-11.069833623642014,28,-15.442833995755233,-7.201784244569342,28,-12.76574147656643,-10.597961743137073,28,-15.53700269338175,-10.512611534109158,28,-15.606439140787833
517,-7.934316824653419,8,-16.814681564206634,-8.74419590312074,8,-14.298741927010944,-8.97741100413764,8,-17.581689695124375,-8.529932520229638,8,-14.111376122202532,-7.567937140157764,8,-12.746830581917486,-7.67196184459462,8,-16.39585646697632,-7.41248484229869,8,-13.356074241827343,-9.186950996249978,8,-11.3792857161587,-7.359116292114814,8,-12.420677620197253,-9.2418506440193,8,-16.03106220138197,-9.647538561539255,8,-13.759070130119468,-8.341244403733386,8,-14.196294437753334,-12.085245003875023,8,-17.219559879885416,-10.321261667310136,8,-13.170773612576811,-11.690130499445612,8,-15.303715351511801,-9.84384277055674,8,-17.80606816654904
518,-8.870968233735164,6,-15.496903275494663,-7.021239412690212,6,-14.918454738411494,-11.292554720456687,6,-16.791431980662686,-7.354848824888468,6,-15.33891723989244,-8.165881183428326,6,-12.715076290799123,-7.639405673739487,6,-12.461855172550056,-6.88597834435542,6,-10.207975792097894,-9.553979120391569,6,-12.10211647136331,-6.9304173878677,6,-13.901442349003329,-7.69898833884874,6,-13.179609145383242,-7.485300518711231,6,-13.831621459355423,-8.752279257712098,6,-13.339085241092402,-9.480238121132196,6,-18.247431833206416,-6.8043860331598625,6,-13.420720562016035,-10.272021491247166,6,-14.529709624757903,-7.275764453317009,6,-16.198468332964403
519,-8.34784285363648,55,-15.116671337445833,-6.871111756469423,55,-14.590177363762344,-7.351321528589539,55,-13.739710249386548,-5.946366918861097,55,-11.916539032717967,-6.348355741083008,55,-12.002372915010328,-6.663126650052948,55,-12.98549596703166,-5.587161720237008,55,-12.711524453281719,-5.689933257700477,55,-11.939998864491946,-7.377189368562718,55,-12.707737468904977,-7.351808220590939,55,-14.481049191763129,-7.467047595034028,55,-13.961982244911331,-7.131704293669654,55,-14.646652251305362,-9.092232583822597,55,-14.737354182665225,-8.37281205317193,55,-14.414071145837642,-7.315601307878342,55,-16.26062539064253,-8.703939633071982,55,-15.518551372954377
520,-10.20678270767978,83,-17.978944964824738,-11.36412807952481,83,-18.759672479550858,-10.528209925234265,83,-18.515504698086037,-8.872112290151628,83,-15.278502967577065,-7.887982824592732,83,-15.698557582696226,-11.290974180754912,83,-16.225773933265558,-5.974273837892738,83,-12.915561283897459,-7.27533642078501,83,-15.082356802259431,-9.307310739925477,83,-16.030013864892226,-9.790756935753235,83,-17.57411364308085,-8.812234653956624,83,-17.607472589571735,-8.724012522003894,83,-15.583543213241205,-9.296300344084509,83,-17.456876140909362,-6.759413193570243,83,-15.723523583539405,-8.325537731645579,83,-14.896373454777045,-6.733105788738141,83,-15.094561791193627
521,-12.114160659532235,25,-16.970632503710934,-9.543170024427072,25,-15.182565068656423,-10.523402554647864,25,-17.280900893118957,-8.055944042111857,25,-13.979290618766784,-8.574297475449516,25,-13.78087910904685,-10.210903164863659,25,-15.16257646836658,-8.866470482821839,25,-12.345655122646226,-10.172274533500978,25,-14.537792944948837,-7.919155721379721,25,-14.441837235628775,-8.986474233021294,25,-15.555136955173916,-9.979391492436418,25,-15.859291542113427,-8.89374173554377,25,-13.736028925449812,-10.338431543161516,25,-16.208677833349185,-7.081108581939484,25,-17.397199817788877,-10.48129036204694,25,-17.3830905686364,-9.750294565516326,25,-17.457545223127507
522,-10.147782760219112,25,-16.373240847833685,-8.306470544363641,25,-13.938446449688453,-8.201935591069017,25,-16.467691254315152,-8.44462637732872,25,-14.536771499103704,-6.751555776183105,25,-13.32004537994563,-7.626660517501537,25,-13.401028827262175,-6.35960120875784,25,-12.843897935803142,-7.287386712208532,25,-14.213492312471335,-7.6859903580678965,25,-11.323063231940285,-7.037306545597184,25,-14.884424519869125,-8.428973698395199,25,-12.718306754972083,-7.205131471086221,25,-13.410517129483592,-7.609761354989755,25,-12.873193281701491,-7.219759357939748,25,-13.574788128789343,-7.07128123680138,25,-15.142581202571716,-8.774902747553261,25,-13.653765667950992
523,-8.040532163753563,18,-13.79765796906746,-8.011769903755933,18,-14.114188261891735,-8.621933428769555,18,-16.58681148335639,-6.127811768471805,18,-12.340460609492094,-6.366540545471087,18,-11.471281159026965,-10.45212973094149,18,-11.79532265365223,-8.566214570446302,18,-12.323502217669196,-5.949457774264068,18,-12.374524945129888,-7.450237672815385,18,-12.756712042877655,-7.888632408576568,18,-13.072459919310527,-8.525779591883687,18,-13.229446425237994,-8.193985676652318,18,-13.144612297328475,-8.831915364868303,18,-13.454096372521585,-7.758240149794985,18,-14.47425398922228,-10.003951067916077,18,-14.088274072959365,-9.501092341962716,18,-16.217944602704463
524,-9.598559576134512,87,-16.27078415153565,-8.746577169457442,87,-15.117823415004963,-11.003471436499712,87,-15.816288027523823,-7.182698497316622,87,-13.91607181600257,-6.038182114965503,87,-12.98863587617097,-8.533349957499347,87,-14.56137605452836,-7.0450609712571435,87,-14.806420467264836,-7.182797439044643,87,-14.236570487122531,-7.994164245182015,87,-13.721103111528063,-8.181625708981114,87,-16.57980046990441,-9.298565956838326,87,-15.914536185277953,-7.909820359941204,87,-14.347165989395073,-8.38381266293253,87,-14.351904384466057,-4.895823033841216,87,-13.412628183926998,-5.201328722323951,87,-13.394563522234147,-5.429738955254718,87,-12.194216004055932
525,-10.684347480701689,25,-15.233463986052339,-9.28380640934101,25,-15.633507447914042,-11.002543069330674,25,-17.33641607782679,-8.752439994944723,25,-13.61272171421727,-6.673173776307941,25,-13.06426726628078,-9.488850782616499,25,-14.577405748877494,-6.539510588082229,25,-14.859755159657675,-8.165893552327022,25,-16.11235817562724,-8.569693395723588,25,-13.654134021720047,-10.571106361678675,25,-16.62524450046088,-10.526534120837685,25,-16.724160530334032,-6.933170982262959,25,-15.277236385756458,-7.779372436352321,25,-14.403173020877604,-4.744738008069716,25,-12.409050112757518,-4.841132863386032,25,-13.668566643421155,-7.155683033329988,25,-13.365845830531955
526,-7.855814331537236,24,-13.788959087599522,-7.46689563553239,24,-14.183270009189064,-8.844053854030312,24,-13.86826361038787,-7.534342761378573,24,-10.414897093915956,-7.235762690209812,24,-13.305003642016064,-6.012955782355775,24,-12.925227295485158,-5.211235393230607,24,-12.730853238718115,-4.95454250579662,24,-11.7666715313749,-5.945915396613466,24,-11.28297844777121,-6.868044019894484,24,-15.769069052433915,-7.82223947694214,24,-13.395375592397558,-6.761747370105683,24,-13.874754934114408,-7.22912413194574,24,-13.629500384897145,-5.560829107765311,24,-13.44903706306059,-7.181815429672698,24,-13.391735446846035,-7.0783353621234335,24,-14.368514021239472
527,-10.44198434474761,249,-17.436515220699512,-10.080262692320865,249,-18.09127169753522,-10.33037020975414,249,-17.692011840077384,-8.705306452693815,249,-15.78373401216664,-8.537045754156118,249,-14.434800851766612,-9.81219466762824,249,-15.389852183789742,-5.879520046206706,249,-13.893577124952065,-8.501195672575523,249,-15.723156499350182,-9.634881333419363,249,-15.179234956513048,-8.904366244566905,249,-16.339179805925482,-9.610635691916139,249,-16.83243492204275,-6.871250863273892,249,-13.064734536516877,-8.88391879115006,249,-15.946511912025725,-6.131668236130622,249,-13.167452932990793,-6.829986473372649,249,-14.206734835287577,-6.990945885111622,249,-13.696106251873339
528,-9.732518284941019,97,-16.179111441587576,-9.303762664891744,97,-15.548373058010363,-10.522244529233447,97,-17.168674727972196,-9.439077297031607,97,-15.959546836569734,-9.735826472323378,97,-15.876908768456223,-10.85593152868549,97,-16.429055760616265,-7.082322512946414,97,-13.937534703362843,-9.509868816807494,97,-15.704139361416374,-9.1349420047843,97,-16.027377486582193,-9.748744529082375,97,-16.446882544252595,-8.33474817753397,97,-14.37780790754086,-6.4246044257310375,97,-14.02889198426607,-7.420800225896413,97,-14.594762569200597,-5.936661749733641,97,-11.580539162041179,-6.22142894356696,97,-12.431837771638047,-7.001390536724359,97,-13.029557102009093
529,-9.772450120941796,50,-15.68568312926457,-8.876707328125628,50,-13.448228890504993,-8.568319472174885,50,-14.532834259225261,-6.581460015987668,50,-13.281488934478505,-6.698266545663811,50,-12.9990972931665,-8.428169920727369,50,-12.740936732417348,-5.933135818703315,50,-12.57099420409933,-8.080525480309564,50,-12.155208723308705,-5.5004613733243,50,-12.405325254374445,-6.958376983842607,50,-12.8605307528961,-6.964312979983761,50,-12.19518898690486,-6.126170235774776,50,-14.205584079065051,-7.040308413558174,50,-13.886679336070193,-6.905600750679474,50,-13.145275245972242,-6.528002190635759,50,-11.931553205264718,-5.948306638315135,50,-12.315313277108151
530,-8.05274850175461,37,-15.120009977866234,-8.016026041574078,37,-14.532983005459412,-7.456523395704214,37,-13.503557737186238,-6.812530611274738,37,-12.774076694125531,-6.25307964134981,37,-11.184305538771724,-8.265657184579553,37,-13.716259953394076,-7.3056845972424425,37,-13.598433364935454,-7.078731878468747,37,-11.732897873038082,-9.341023686853703,37,-13.87176969485828,-7.424070486550925,37,-14.788578968541852,-8.388641352929643,37,-15.305227941127082,-6.914314110705352,37,-13.460825996066996,-7.388551326821803,37,-14.204997056878879,-5.001575789254499,37,-11.824524594157184,-7.472138649250583,37,-14.632161041189226,-8.461610729763349,37,-14.898983694576879
531,-8.667977073837774,11,-14.609879239354967,-7.0562562315534905,11,-11.47622199583511,-7.374722773718023,11,-11.89260663752864,-5.309038934058269,11,-11.072077594624517,-4.602551192322466,11,-12.351927014278886,-7.480278868702516,11,-12.435758302526809,-6.576669903690679,11,-10.670534305067543,-7.045587170366493,11,-11.35330536459277,-6.5778644385353235,11,-13.060921150279361,-5.785291269206352,11,-12.526967297094211,-8.133046284975705,11,-12.426327424143075,-9.163729411139302,11,-14.847374747626716,-9.11376957840008,11,-13.091924233243157,-7.065719001009563,11,-11.657253409487211,-8.845831184586144,11,-15.064273460906803,-9.023347478930638,11,-11.647540613785525
532,-8.476082080051766,13,-16.074028950987852,-7.078447093716658,13,-14.92114807303482,-10.59498595004159,13,-14.264216186661873,-5.89619221758519,13,-11.492604479427794,-7.561235667028582,13,-11.362183798322878,-7.969079448065197,13,-12.715021067309753,-6.041473264747522,13,-14.28934185854732,-8.306884288560841,13,-13.809053668342578,-7.948502142603761,13,-15.569605574237961,-8.430060625597687,13,-14.344055387486156,-7.0075510775031695,13,-15.886986089613924,-7.799623169203659,13,-14.179306424299103,-7.184935029051866,13,-16.77697484565688,-7.573699097304124,13,-13.673773440910693,-7.473122224270582,13,-15.966259871482,-8.567441919043175,13,-15.850755021108336
533,-8.78055773818771,24,-16.698026496681976,-8.348409878743881,24,-14.600497699876927,-10.87904223765099,24,-15.782317501714346,-7.467869031797343,24,-12.796413588359822,-7.468414660749007,24,-13.047750094816772,-9.221830861073526,24,-15.054933662934145,-4.9813896594546945,24,-13.56688222792484,-6.876171918403672,24,-10.983653928175709,-7.8294678849659896,24,-14.098422846813499,-8.324550403637932,24,-13.153229325942181,-8.049483823876141,24,-14.022556038046073,-7.554781836519609,24,-13.767641698529404,-8.345087351296016,24,-12.47888432678921,-7.938318231811791,24,-11.362654274963086,-7.951897466509359,24,-13.612154523310835,-8.625142969541447,24,-14.411316760574213
534,-8.567926641417102,20,-15.60607046198452,-8.664133808673737,20,-14.083715480887456,-7.846231215449086,20,-15.395750842786885,-7.0818685299108335,20,-13.445372114800138,-5.808955311712629,20,-12.522707040994849,-8.237846926088272,20,-13.9279427339271,-5.860410883473711,20,-12.537091540123225,-7.065305956895083,20,-13.744956489494722,-5.732908218391083,20,-12.24478390523638,-8.565894468284318,20,-14.03469725601196,-6.533914850571158,20,-14.199674267575823,-7.640027211915447,20,-15.141552429439963,-6.734455642780807,20,-14.163518246727717,-8.471990122508519,20,-12.445998006589589,-8.964020940167046,20,-13.2242285933294,-9.041844419660139,20,-14.228587314428962
535,-7.618248710379898,19,-14.099711923512878,-8.062027411535395,19,-13.446087126080222,-8.189451731838872,19,-14.957969508371136,-5.622393136066625,19,-12.270989524485765,-4.933682561819431,19,-12.31377018906867,-8.320160206711176,19,-13.012481179146222,-6.724299866317392,19,-13.64093038231292,-8.171658714785146,19,-13.083961660713136,-8.485588330189795,19,-12.176015122463076,-7.387460475313907,19,-12.646003404638366,-9.25714094555292,19,-12.34610962029156,-5.8781215253721975,19,-14.276685992159157,-7.627990899292378,19,-13.715229708636997,-7.50696559711563,19,-11.245999213430498,-9.302163609786398,19,-13.776548010245106,-8.41723772056485,19,-13.102141141658345
536,-9.525217163184907,5,-12.91592581344994,-6.100003553345575,5,-12.81055491836533,-8.011775942877009,5,-13.397381848967733,-3.846899728668526,5,-11.96416942591458,-2.654662189112896,5,-12.719383164414161,-4.984637810963371,5,-10.285415891883783,-4.748921099628852,5,-12.019213464973372,-7.735731191128593,5,-13.182549354578176,-6.677653754984357,5,-12.16291293734627,-8.441260826699729,5,-16.333456234849336,-6.001153195197764,5,-11.89721829770907,-6.1373191104671365,5,-14.19964298191531,-5.910606653879899,5,-15.540015262674023,-7.510169345084484,5,-10.667640553468026,-7.518009638756339,5,-11.82913106136547,-9.241528388321957,5,-9.819227861993225
537,-9.34620277503359,4,-14.683620610722496,-8.446410607093425,4,-12.00224460055594,-7.391469098136429,4,-14.383231737824477,-4.713192579680282,4,-13.595509745375677,-7.47592588278726,4,-14.362882881386678,-7.96344620200239,4,-13.12259395074187,-8.502480482667462,4,-13.855563702600588,-7.571001008110856,4,-13.505327421053035,-8.320528124379095,4,-15.13638258549852,-9.272985499916405,4,-13.900821588641623,-9.567658660007867,4,-16.16655972216512,-9.649302419695042,4,-15.29861124148008,-8.102395692444885,4,-17.86241226340274,-7.602646191012797,4,-10.907389746563387,-10.58257459144663,4,-16.040365904832647,-11.362460475324006,4,-14.491606036330582
538,-10.308090192264853,3,-13.941594941977778,-9.961295963281806,3,-11.232562738670492,-6.926067230050088,3,-15.564152714495322,-7.091472167068486,3,-14.509267641624849,-9.036663838876937,3,-12.926027673795865,-7.630983127242207,3,-14.205696972757327,-7.957245840132127,3,-14.28920223263826,-6.510394964762115,3,-15.014902126246529,-10.017244628587306,3,-16.384608973754965,-8.711765832930409,3,-13.061030066067561,-6.983867150834547,3,-15.681795953636,-8.506660140016884,3,-12.712220353127952,-7.259824498252443,3,-14.084703355865663,-7.839427679099165,3,-10.461704429071851,-8.165062972837221,3,-17.184206370154705,-9.169965547278084,3,-14.076465054447906
539,-8.186317915433234,5,-13.999545550844132,-9.560946538113757,5,-14.021602083766423,-9.256169538525816,5,-15.582310019172244,-6.09268796544797,5,-12.713606679555475,-8.87531933774089,5,-11.895876712994225,-7.6054653427325425,5,-13.894769179555691,-6.357622711749227,5,-15.08337832081242,-9.925127812114894,5,-12.38475021201981,-7.7096069938989285,5,-14.427662850802236,-10.280132130050049,5,-13.608738626074077,-7.171725941878084,5,-15.702048675063434,-7.982478651711473,5,-14.105687865758735,-8.363176712874361,5,-13.759686429989333,-7.340999727520876,5,-14.41271635876136,-9.14692142581082,5,-16.178770090382738,-8.08965049581686,5,-13.088381188775191
540,-9.24374704780342,8,-12.945893983455125,-9.42241272469314,8,-14.475962514363074,-7.517254723923191,8,-13.609751678021706,-7.5371023544323705,8,-14.660061151843863,-7.838587993739541,8,-13.25554593947947,-8.663909371146007,8,-13.085919427352932,-5.822607704014128,8,-13.552369500104241,-6.244466354279065,8,-14.907091318197496,-9.716695173481044,8,-15.131866447483569,-10.14655759048092,8,-14.578032476828762,-11.249060961681533,8,-16.983854858055935,-9.89688773605188,8,-13.423822759186688,-6.653352425595668,8,-14.221368013906533,-7.881931032995112,8,-12.519686687437861,-7.72210119499273,8,-14.276795727988285,-8.317155507735588,8,-14.735759434620535
541,-8.374807388468694,8,-11.469968667570978,-8.599442576103739,8,-13.162999213798612,-7.344317229603813,8,-13.472729942945518,-8.226464725108823,8,-12.320871606875617,-7.247288985108986,8,-10.698696221044157,-6.624384671833927,8,-12.371577787369539,-7.682830015227871,8,-12.484153565669542,-3.376512880731653,8,-13.592990645201212,-6.519961488523442,8,-13.07190088873945,-8.941299386491583,8,-13.255170800883265,-7.547675421642034,8,-16.495406958353175,-7.627093276289633,8,-13.713596754837592,-6.77441123326624,8,-14.598982561566194,-6.1625635685646705,8,-13.546740049561876,-8.918783289691703,8,-14.251105080372453,-5.989298936491629,8,-14.017990329227377
542,-6.775182130966497,9,-12.182705590129196,-5.234410786954873,9,-14.385088295303515,-7.457257551459754,9,-12.061805412973321,-6.01843894388105,9,-9.620591291153042,-6.273459221509892,9,-10.065951786251773,-4.276509384181714,9,-11.841461312245558,-5.207766243877467,9,-12.53691940056142,-3.169300242721121,9,-13.358003577680002,-7.167409934380381,9,-15.002409108583755,-9.483071345739738,9,-13.743154536623717,-6.6217319543866315,9,-14.605443008074417,-6.010575042338159,9,-14.511410110144826,-8.994927434534144,9,-17.035837641901075,-5.762893977948236,9,-13.496855355075086,-9.55830939240632,9,-14.018646322073264,-6.554734644102524,9,-14.497230030480317
543,-8.050001259218977,10,-13.962516120852872,-6.825114418520104,10,-13.026138958954153,-9.600904270385795,10,-14.267627785305876,-6.680720105675037,10,-11.487573398283093,-5.675559683786994,10,-14.613557759697011,-7.355118056688326,10,-15.038508737869698,-9.06043782203304,10,-12.467908965047092,-7.665098790264504,10,-13.67143492150446,-7.679655460012941,10,-15.107923880378426,-8.427849130359798,10,-14.885352834309186,-9.945573584377623,10,-16.2176709409794,-5.943419612904357,10,-11.822621213611097,-8.729075254627551,10,-12.794330480702246,-6.206747163575551,10,-13.388582144908574,-7.405206002792988,10,-11.75640740040484,-6.7929825094933625,10,-13.457266607552214
544,-8.559823209189458,107,-16.02620158756007,-7.828867523835527,107,-13.845297691266508,-6.905375116260317,107,-13.237936119553153,-5.99376350976252,107,-11.388247478496176,-6.401089165399881,107,-12.85775384056847,-7.6437277800708685,107,-13.316820441796304,-5.734614924937666,107,-13.005299421693126,-7.60456127195231,107,-16.036676371323605,-7.308272197742643,107,-15.427592603106195,-8.567399730522302,107,-15.364171542248604,-8.933066342893058,107,-15.45831739436785,-7.712144181033823,107,-13.170162533418262,-8.75942648932929,107,-15.80455583085727,-5.346574629914283,107,-13.442025679557059,-8.71691797616505,107,-17.721003776320813,-8.38875270299398,107,-16.492869151242456
545,-9.467636668858121,123,-15.920567359740936,-7.709199948967457,123,-13.340275964175596,-7.898980216515275,123,-14.074847278516668,-5.951974781585627,123,-11.72661505638718,-6.146159542760174,123,-13.082838708956153,-8.903806455250367,123,-16.020091891142386,-5.871921182039365,123,-13.086763352502151,-5.155199998707496,123,-12.129839248231967,-5.618266554135722,123,-12.755680243840597,-6.857977801884557,123,-13.229887375312208,-7.50146707718136,123,-14.609705892145184,-8.806093347904229,123,-15.55976310658397,-8.34468123171044,123,-15.990651594665009,-5.5226241291161235,123,-13.223422615426834,-7.042080731184303,123,-14.742234717616853,-8.815778905112262,123,-17.19583594528056
546,-8.571496871256425,122,-16.062304213485927,-8.48246079612167,122,-14.584489853391476,-7.537848982019712,122,-14.531034960106279,-7.883883482336161,122,-13.852031496344337,-6.642356003902608,122,-13.755576854361813,-6.31152012407324,122,-14.469792411965523,-4.433084381895529,122,-12.7704594382321,-3.7636601587082543,122,-11.931815578557739,-4.335517400299854,122,-11.155068727601867,-4.189821018949625,122,-10.34661033186971,-3.8277299100610263,122,-11.136086942110738,-2.826200308653383,122,-9.642530390095713,-2.1962295336255004,122,-10.289382065968331,-2.1078586243566058,122,-10.197959430535988,-2.1743452496481734,122,-9.66094660082861,-2.710758294427906,122,-11.061048426100495
547,-10.216185668038655,68,-18.193274660585253,-9.965277677384588,68,-19.77727142657703,-10.865409729309059,68,-18.994335141122466,-12.780032066037695,68,-18.42475978120237,-10.674937007184006,68,-17.156221890967537,-10.851527099690678,68,-17.383669507734496,-5.95524319107035,68,-15.540708393337574,-7.624434131556546,68,-17.695748244769078,-5.821979802588705,68,-16.326477519680854,-8.277258826914668,68,-16.295266852802648,-9.473362975823465,68,-17.66836946867368,-8.996613274721911,68,-17.52717872378372,-8.233293593310703,68,-16.896606911415464,-6.628092600100332,68,-14.413952958735145,-6.327403591009727,68,-14.599631029885224,-7.172527827574808,68,-15.974514547232017
548,-9.489906330998117,75,-17.7758946498161,-8.430596137405535,75,-17.120558534420137,-11.32536828843725,75,-16.731425351558222,-9.339253311503917,75,-16.36341623033999,-9.235814451488132,75,-15.15862653064849,-9.200436827041084,75,-14.926142040567287,-5.172973958410246,75,-13.983034729844741,-7.743014158967506,75,-15.06463815765338,-5.598872309076385,75,-14.799892131661972,-8.314174447501193,75,-14.08879001480778,-9.115860861378746,75,-15.574815287685928,-7.563852573742001,75,-14.694522542673383,-7.48385073342395,75,-16.583782618438878,-6.709928662425838,75,-14.434945076304924,-5.741927135705303,75,-13.89418579139259,-6.439092313132849,75,-14.828487846445093
549,-7.197000835788382,33,-13.876102352113515,-7.747260129381842,33,-13.994295689805671,-8.729183417989422,33,-13.74269992477405,-7.631897177793073,33,-13.0422973107072,-7.263285268149824,33,-12.528746718404946,-8.725432251196423,33,-14.478332262376492,-6.880101712524969,33,-13.961492650030923,-6.602898352114282,33,-12.361082356854148,-5.506250860456463,33,-12.369148364546154,-6.987487027545184,33,-14.166743288897617,-9.57914730144781,33,-14.472772679875108,-7.329537171086572,33,-15.114055136419884,-8.857419452390118,33,-14.416884092214875,-6.964823100209881,33,-12.367287349158648,-8.433989612936966,33,-13.63580985705935,-6.9959746348805,33,-13.731354029107209
550,-8.829549333284639,46,-16.157282609417173,-9.979850752394464,46,-15.865038810375914,-10.489637893497799,46,-16.727692666105682,-6.816706123547755,46,-13.665968202108619,-7.102295791402628,46,-13.026634476170067,-8.153187903908798,46,-12.958662845818676,-6.647704947525882,46,-13.795489082460834,-8.601955153923683,46,-14.715954005779071,-8.48890018770213,46,-15.88331724001673,-9.00778662045889,46,-15.256166627009675,-9.336561192161506,46,-16.889828190711107,-8.579663715838187,46,-15.900202333751887,-8.44200304362097,46,-16.28973775912406,-8.057657808734303,46,-15.369546210661383,-10.54855227031786,46,-17.743969893841765,-9.88592587564003,46,-15.777448390424615
551,-8.077147844615846,19,-17.524186642320576,-10.057473933258434,19,-14.1995006425357,-7.960099063282316,19,-17.29150318996353,-7.753578689119921,19,-11.69305893776166,-8.03459726733015,19,-11.685387853444595,-8.73032388542541,19,-12.594149362574079,-5.741489568140626,19,-13.581317735208824,-8.990671133210524,19,-13.011090103179457,-8.791463221293325,19,-14.460659823602315,-8.783757557299403,19,-15.308940981836269,-10.824463101091272,19,-15.14384308486739,-6.996613182633244,19,-16.12432735600528,-6.513263936982763,19,-13.407899585455098,-7.0350874719545615,19,-14.11100020897324,-9.289200818438824,19,-17.32311875579094,-8.594946571415047,19,-14.70191755414573
552,-10.089735359331367,25,-14.297491693307103,-9.094591281693807,25,-15.012567787693161,-8.395378590590433,25,-15.808231558952112,-5.507042473866739,25,-13.41435897497648,-5.902717446341491,25,-12.44817388451207,-7.450592100152114,25,-13.578079914092937,-7.16981810893768,25,-13.273823340108393,-5.997415541481457,25,-12.70403660408805,-6.947760943364544,25,-11.24731538665575,-8.761420876671327,25,-13.719541975889118,-7.323318610473823,25,-14.13257715307834,-7.886866831638858,25,-15.048731772891614,-8.471703250505966,25,-15.608718988033283,-6.55978407076688,25,-13.575180261848871,-7.399597747184928,25,-14.45829205938162,-7.786027957697959,25,-14.441790993857893
553,-10.764880642567503,11,-15.6218230487015,-8.630875658529401,11,-14.802860500495479,-9.66229285003603,11,-14.184610185372442,-6.659173002468041,11,-12.172467802612099,-6.356497935521085,11,-12.49258242456552,-6.4265725392020485,11,-11.443293690503484,-4.8077768586981415,11,-12.228344778931055,-7.199084198058814,11,-18.200919153518377,-8.881067374123717,11,-17.692229897596928,-10.671670675656005,11,-18.062255168498478,-9.778838155899344,11,-18.028264027735233,-11.206102083462266,11,-16.52213930193248,-10.272862117677857,11,-18.104925238708226,-5.804012105874948,11,-16.88662995611582,-11.120109028286755,11,-19.92260798528515,-8.591820517268797,11,-15.297386806478983
554,-9.881521720024844,48,-15.153528917832563,-8.641542066918609,48,-13.335292678032797,-9.840122334207036,48,-16.33253991400206,-7.382844910016798,48,-13.400134155319986,-8.720185687019992,48,-13.260247597704357,-7.883261448614466,48,-12.671444581556425,-5.464084305545737,48,-13.26206505030941,-8.74601724760438,48,-16.472871451343835,-10.005270876523426,48,-17.566046416515164,-12.867808758210115,48,-18.581446996491124,-10.838602067681647,48,-17.70782580934708,-9.865040371898933,48,-15.699519027295397,-9.807769099400987,48,-17.577847827393523,-7.794911587060277,48,-14.31441730390784,-10.239677117631702,48,-16.69972381209987,-10.596176231953455,48,-17.70894548837196
555,-9.503113767820762,116,-14.496404302506553,-7.577317839005968,116,-14.607808357451484,-9.044927611502088,116,-15.645054418488629,-6.481843193010071,116,-13.265673020928556,-6.980738168976836,116,-13.287051625533566,-7.121180534951684,116,-13.110963716642477,-4.756688319913775,116,-14.462247237981954,-7.256074806006508,116,-14.80114305273445,-9.444923080186717,116,-15.779947946506026,-8.341638053280445,116,-17.342439821645684,-8.439029162069989,116,-17.6631924090399,-7.7393719799444805,116,-16.51358690213067,-8.420653827252448,116,-16.730557797177084,-6.259700603285331,116,-14.12791333526872,-8.81478249814846,116,-15.074225202681648,-6.932435953767731,116,-15.608525411016547
556,-6.9595369824176165,43,-13.81999699792686,-5.615852303184222,43,-11.26187876087113,-5.849787870544176,43,-10.863751202991878,-4.268635155585824,43,-10.827347656549627,-4.966373690714726,43,-9.845642221042198,-5.031317104481092,43,-10.649043885095393,-5.630345972073515,43,-10.700081961405202,-5.500409244593745,43,-12.5805798904175,-4.696663006226458,43,-11.754042901331374,-5.622624596724162,43,-13.303400937609691,-5.757077425448927,43,-13.422101163048882,-4.86757810205697,43,-12.680179315877705,-5.933848519036244,43,-14.96709560069232,-2.7663355234161586,43,-13.519465135700726,-4.305957539236779,43,-13.544787106766528,-7.8987255887909535,43,-16.02663325950957
557,-5.8955568781692165,32,-15.537033037571533,-5.477741165855818,32,-12.363337696757156,-6.719667756447069,32,-11.611113155657439,-5.215877958335579,32,-11.398136895314238,-6.138956468697727,32,-10.454944620998614,-5.457184338947224,32,-13.132227865112458,-4.776519454123434,32,-10.245662654257377,-6.6654672528535075,32,-13.319646963118167,-5.501073588588346,32,-12.156975366103373,-5.58640513373769,32,-13.561714683781007,-5.667356192951248,32,-14.993655583169613,-5.7916810561318846,32,-13.417725215346623,-7.684767657930255,32,-14.030021929458194,-3.0609037838007938,32,-12.986308373747965,-6.144153297582707,32,-14.045597415732631,-7.802127101660686,32,-16.8563764873434
558,-8.035636386543437,92,-13.84797959495688,-7.28283366180749,92,-12.556186384939021,-6.6544861498648045,92,-12.952450997058232,-6.345626692878694,92,-11.333019350606552,-6.169100032781695,92,-11.40859855039257,-7.125845124042285,92,-13.4931750039126,-6.785855582710757,92,-12.915308061388103,-7.410772794168089,92,-14.842842802197303,-8.460944247707564,92,-13.960086366688868,-9.580788890459845,92,-14.98328197998523,-8.906898905292072,92,-15.68080774452919,-8.706140921555086,92,-14.478787531304482,-8.88530706630721,92,-15.22823691150145,-6.61940401564204,92,-13.655074840573722,-8.87939542602358,92,-16.31591058568525,-8.857371097862211,92,-15.792255687731988
559,-5.7211763282980765,42,-12.340325736536597,-5.0980599281634476,42,-11.827780093914429,-4.7551536676499,42,-11.932785903072698,-4.60684585474217,42,-10.575764879003042,-4.048693994493705,42,-11.843465187217708,-4.196967063204614,42,-10.964129596159086,-3.0911166546115885,42,-11.42337688374406,-5.431504841758001,42,-10.99979212954583,-4.831355382768924,42,-11.12864028309551,-8.106739637775846,42,-16.114766492138358,-8.010882236986287,42,-15.624326245946323,-7.563131381060103,42,-17.118956379951037,-7.938442506430702,42,-15.475796655201993,-5.274459152358658,42,-14.284638506359173,-9.049994631918416,42,-16.758152129185746,-7.153091734153156,42,-15.059527493825344
560,-9.21335321392043,64,-15.996102057864343,-8.828239059966956,64,-14.320410015126324,-8.622778859902652,64,-16.195482987535883,-6.224802244486222,64,-12.04976887370881,-5.960090413014774,64,-10.676919708035516,-6.574184848714982,64,-11.308618761148303,-6.007955988826376,64,-13.676243221356078,-7.183075359607321,64,-12.940196114858837,-8.601020092211263,64,-13.862257226628692,-9.95571855865268,64,-14.446752024548566,-9.958663025106858,64,-15.329049843261862,-9.251647405532788,64,-14.44987860452172,-9.790832728159458,64,-14.613102793110102,-6.159072062959008,64,-13.540816933599377,-9.569405129349374,64,-15.32477118171553,-9.10471174969523,64,-16.879566630169677
561,-3.9058132984144303,42,-10.953273434288985,-3.4515422989062,42,-11.204929566065529,-4.356070618569276,42,-12.384537175710369,-2.1521706122206523,42,-10.138932890756978,-3.416563206719741,42,-11.054018089481957,-3.57464197209771,42,-10.633193241728364,-3.8739342302093953,42,-11.710229582352873,-3.57760194771056,42,-11.480635403543687,-3.0525223174441463,42,-10.167453063184144,-6.165006730385251,42,-16.432486147495585,-8.432473939994543,42,-15.785097967289339,-8.702647219956708,42,-16.80493355407789,-5.09408864434027,42,-16.778487643397636,-6.2947011979502685,42,-16.900800833742522,-7.604330595971668,42,-16.70895092693329,-7.201289705595423,42,-15.784282645140987
562,-9.230568207094239,24,-15.756281108544574,-9.352138219416895,24,-14.546164938324742,-8.959321285023492,24,-14.138866736798096,-6.401659024438758,24,-13.973433136793151,-7.071797913173199,24,-15.437264852815055,-6.340133477872244,24,-17.561132543661934,-8.573275153523792,24,-14.695334998459062,-7.085739489891601,24,-15.698433696018432,-5.864124067909464,24,-11.465180318452736,-9.617563381153268,24,-17.072846341020966,-9.393694546373203,24,-16.67140654965015,-9.248747804362194,24,-16.302567049244104,-9.916901605048992,24,-15.551711450188524,-8.098797555125065,24,-11.52000631111608,-11.100095618573247,24,-14.731582979606625,-8.993260994207915,24,-14.578003384209703
563,-7.611284634787063,25,-13.045745860005422,-7.025399993128611,25,-11.650887218324801,-4.997893376553154,25,-11.992585544483417,-5.423829277272295,25,-12.46285166231366,-5.182095775811434,25,-11.32817485334322,-6.180580354780214,25,-12.951309382620313,-5.177455682754999,25,-13.22799928460665,-7.174697707203671,25,-9.60196110146128,-4.106536933274306,25,-10.143878143185539,-3.9824679292256784,25,-13.063428048997988,-5.5562671347263,25,-11.92496646987712,-2.4402993096024166,25,-11.679372147233638,-5.797850364226409,25,-12.571800522845976,-2.9085787799674123,25,-10.141715719148026,-4.427799049752268,25,-13.014371468831822,-6.801705769736419,25,-13.297688152252237
564,-6.595376006798893,46,-12.283850276817777,-6.810286805139803,46,-12.961566226175957,-6.758992390299925,46,-12.847658769204502,-6.219696218063361,46,-12.60658110849275,-6.438175583197097,46,-12.710719135422684,-5.865383783993381,46,-13.345374206338892,-6.118113744687673,46,-10.794208839731036,-6.288964001232773,46,-11.879001836527667,-5.260504693095118,46,-12.415583341654878,-7.8748221484051095,46,-13.076857985905999,-7.81340419247711,46,-13.249142158412116,-5.130412209988879,46,-11.914979688883623,-7.110488410533402,46,-11.70796698481251,-5.367828943558636,46,-11.323639347063445,-8.049571876253903,46,-12.934507130339373,-6.705180266275446,46,-14.613194413900242
565,-7.166128644332057,12,-13.8842975862527,-7.449170408366771,12,-13.606908839487984,-11.431379132340421,12,-16.812995186900785,-8.558768422556746,12,-13.462746409895061,-6.2818676496036785,12,-11.796254831847854,-7.96624505520267,12,-16.05988187462629,-7.181007958795002,12,-14.125974400791193,-8.28257508266369,12,-15.720545708388256,-8.310356465316174,12,-15.250692897016624,-11.468951069675796,12,-18.0823247422041,-10.359401788267423,12,-16.393501518971085,-7.2703275349826395,12,-17.015832190199735,-8.372179895844202,12,-14.99833644563292,-8.203535929792091,12,-14.43941081731495,-8.632569265535501,12,-14.700142314881361,-6.961376058479126,12,-15.570873946788929
566,-8.983280349000747,31,-15.313935195139269,-9.044442699601708,31,-14.10381867637972,-9.8544693675291,31,-15.433820967814727,-8.215820577301873,31,-13.06058143213213,-7.502906145494248,31,-13.428586847189452,-7.861183610475592,31,-15.081856596877941,-9.246471105861168,31,-15.437292646628272,-9.24154572431854,31,-15.70119314628103,-8.185010842148564,31,-14.922967041893633,-9.753184956300284,31,-16.115620638902918,-9.369639066764211,31,-16.914952943597743,-7.965282848189212,31,-14.436553242602434,-9.254065614851726,31,-14.429313060735778,-7.869676464820782,31,-13.74915021713474,-8.852508277024953,31,-15.745469593830471,-9.27786180434527,31,-15.609325175959894
567,-7.549207606940404,44,-15.470608552750484,-8.041085775667748,44,-13.719752645632484,-8.818108618080526,44,-14.930655364697072,-7.327175989051311,44,-12.176081907692698,-7.06949624429593,44,-12.726054897001982,-8.18055594497675,44,-12.848611743047016,-6.645453058319687,44,-12.663740959320881,-7.7775892062137775,44,-13.22629740602683,-7.136118188478137,44,-13.349264982547837,-8.226126973086677,44,-14.299114169925575,-8.923467770623178,44,-14.770938284646144,-6.5833257129671,44,-12.921621257377794,-7.294587779952273,44,-12.77481460000394,-7.545452839148934,44,-13.145213656885401,-8.19918490301619,44,-15.482795646140152,-8.386779861559718,44,-13.551666925553516
568,-9.576259787504073,15,-13.614605771014057,-7.502718732407598,15,-13.879550778874595,-8.399688929090427,15,-13.717959305334336,-8.211790478501955,15,-13.180353130118034,-7.231800065379056,15,-11.184052675953549,-6.5485606993032945,15,-12.909807251757385,-7.824002168854523,15,-13.868837172392483,-7.021805258415139,15,-11.639156727585867,-5.821502344167829,15,-12.168600018814004,-7.276224349222213,15,-13.978550101668628,-6.827741356864925,15,-11.13557793669429,-7.084472736506193,15,-12.436923479365511,-6.699546418983848,15,-12.19130768858372,-6.853207058190224,15,-13.129225062506825,-7.772262936845785,15,-13.376446697150806,-8.198130336426965,15,-13.66249763794962
569,-9.480636687119075,58,-13.842740816859187,-8.222493555731067,58,-14.54641888183187,-8.52099382396824,58,-14.93410771046107,-7.0130593923138305,58,-12.177881889750342,-6.046795995260652,58,-12.827995214852772,-6.986898547822662,58,-12.927672535000267,-7.640049472604997,58,-12.090428421953195,-6.977501774322555,58,-14.032025815420175,-7.6514594569489125,58,-14.093495487840002,-8.85025080994697,58,-13.523084592247125,-8.73027660941846,58,-14.801395119224987,-6.944158557337021,58,-13.86534216399425,-8.625324290356192,58,-13.86705848792182,-7.7392520117238375,58,-14.381740068109304,-7.844456665815943,58,-14.411567561544253,-7.3857397964728575,58,-14.160894174916134
570,-5.704494393115095,164,-12.76547906648738,-4.555435320399653,164,-12.401828383627041,-4.481921098083955,164,-11.588870412608248,-3.42815837841857,164,-10.153631571356144,-3.246780911561536,164,-10.157376296199985,-2.916262637726665,164,-10.3479549556519,-2.8309101574554543,164,-10.44433909653966,-2.644989670671227,164,-10.141577097338473,-2.3560388770221072,164,-10.38089296436699,-3.131336710677311,164,-10.10969312735535,-2.7243520389788474,164,-10.488708246595486,-1.566977459990637,164,-8.962656399409916,-2.5642130186431573,164,-10.37330380204499,-2.192834272573339,164,-10.596549061782543,-3.340718934695555,164,-10.864874847741387,-3.382980415873277,164,-10.820142337820846
571,-7.771416310962755,67,-13.523691674947049,-6.3626140349582725,67,-13.713797554208774,-7.188948085725264,67,-13.471157146551231,-5.456323247788335,67,-12.579989620734755,-5.058954867928951,67,-12.172280168504248,-5.058123430611557,67,-12.724159023919082,-3.6749902827386616,67,-11.780497180957134,-5.478431718834294,67,-12.150175484112044,-5.0947108233607015,67,-12.231297368645508,-5.429447154977466,67,-12.776525085318092,-5.591861160609931,67,-11.9975371124953,-4.566419624194957,67,-11.363387599404614,-4.806947891718346,67,-11.72446453280944,-3.337310962386464,67,-12.326341139540972,-4.788494254008095,67,-12.484277328666366,-4.753645317280678,67,-12.640497929527697
572,-8.819860177093625,59,-14.312843521584018,-7.586054706458008,59,-15.843563704180125,-8.769497402045694,59,-15.763989686159954,-7.524550502796998,59,-15.522290982114251,-7.810257373235608,59,-14.832005663776117,-8.589764503085874,59,-16.526665377293703,-4.897215210052882,59,-14.419946363592523,-8.26573293942255,59,-14.880066197726444,-7.683643688984002,59,-14.380569129154539,-7.790631958295067,59,-14.592800431628474,-8.120646978444402,59,-15.94168375915568,-7.04697689904772,59,-15.810958404690844,-6.716829343022565,59,-14.428254086154187,-4.009448780092183,59,-13.128055724423081,-4.769902411373556,59,-13.188987415609866,-6.7167355384375425,59,-14.083631255715432
573,-7.828240853160844,122,-13.792224886787167,-8.025951104529206,122,-15.034655752718646,-8.370171522758557,122,-15.951269047498178,-7.5257981248459815,122,-15.480839579901296,-7.506679705148738,122,-15.729860845219623,-10.680334230725377,122,-16.640885730173338,-5.758999447301049,122,-13.991359018421484,-9.080270059405377,122,-15.007156803952963,-8.760714930921898,122,-16.41495563807093,-8.193316730957292,122,-15.595259233319359,-7.1853782001453315,122,-15.54626253917695,-6.340986296680757,122,-14.349376439319066,-6.655629228948233,122,-14.908325508588575,-4.9183295671876355,122,-13.207216687044403,-5.596904229304881,122,-12.973510907022899,-4.206476888445678,122,-12.846781725131162
574,-5.370932010428282,71,-11.11393672406754,-5.001900723736585,71,-10.661658578242111,-5.512478868870772,71,-11.598055410085879,-3.443733555522063,71,-11.585581182015696,-4.4889782227730315,71,-11.432420506863291,-5.256834003171361,71,-11.661410712564964,-4.276740847293494,71,-11.809054691032808,-3.630186002166273,71,-10.555814676924207,-5.090312011228036,71,-10.008897632276256,-4.788643695255107,71,-11.234055944308237,-4.898920509586967,71,-11.390621683913407,-3.729998026441255,71,-11.708614227010647,-7.295134168553382,71,-12.487630227988006,-4.070393499658272,71,-12.79111859255485,-4.438540091320232,71,-12.283783600654349,-5.3510049144320035,71,-12.541616678626932
575,-7.877197787357768,80,-14.170398270775618,-7.201913403339261,80,-13.495832686330811,-7.595455415862023,80,-14.09089076859074,-6.24232766141377,80,-12.283490730415735,-5.942999842674159,80,-13.166928791207127,-6.955789340056197,80,-13.220588615048271,-5.481019797203144,80,-12.409124048460976,-5.888699947822696,80,-12.546407437391808,-5.892971454834185,80,-12.914395560537834,-5.684005658546719,80,-13.555095183458635,-6.047949327584577,80,-13.077040521576706,-5.139832443206007,80,-12.896852390984614,-6.086660161611058,80,-13.92265740018608,-5.171928805285838,80,-13.866029042226888,-7.219585672328037,80,-12.603156774985905,-5.797516399872497,80,-13.673569313939511
576,-8.220035652975977,19,-13.406850825109174,-8.469704812275204,19,-13.950919703644242,-9.378358691829526,19,-12.790058140216502,-7.318059021274166,19,-14.90021129868711,-6.401076675369359,19,-12.069593468678509,-7.7033032026602255,19,-13.444002626580335,-5.157536186687935,19,-13.007639501708239,-7.206745945261837,19,-12.11412025019303,-5.2683423803533325,19,-11.279703603836724,-6.122616898009735,19,-13.411628956138147,-6.345696208054052,19,-14.618594156166331,-4.475466456407003,19,-14.160463851261335,-7.254947232542258,19,-13.790976923871787,-4.925984788349782,19,-11.84613756033915,-7.636343875199295,19,-13.779376174143554,-6.606695555764861,19,-12.602129874303579
577,-8.657455331999213,14,-11.91674680310583,-6.712362775801925,14,-15.217513678847293,-8.46655180293298,14,-14.747130189017522,-7.127080570825996,14,-11.484018279074025,-6.623772519460265,14,-14.005575407339661,-7.045520666419332,14,-13.970371853994,-6.321263337962248,14,-12.909170044494907,-6.169004734329309,14,-10.790881901835977,-7.22764576852064,14,-13.449100837810299,-6.357685489609698,14,-11.361012828439598,-7.429658723706279,14,-14.972326622178391,-7.961219267045508,14,-12.373138901232938,-4.850403122547889,14,-13.226535567725463,-8.715124201895591,14,-11.631165150988497,-8.6770184564801,14,-13.966477902299177,-6.504407912386294,14,-13.594329706461219
578,-4.3524188462127595,26,-10.749531037057476,-4.462130413582849,26,-11.447459259728411,-7.307068514727969,26,-12.148552032005997,-4.462662845589183,26,-9.456861590894642,-4.353061966311516,26,-12.417058687754324,-6.825714336650147,26,-14.718010019962618,-5.5403822448776205,26,-12.116235523397512,-7.894887320648571,26,-12.753079018122776,-7.665833209200862,26,-14.134140549363071,-8.98895393761672,26,-15.988598483189232,-10.774471563770096,26,-17.053919450809655,-9.353031608737913,26,-15.16494080993398,-8.4336112037907,26,-14.18901685459126,-5.374281396410395,26,-11.933430012427129,-7.671049410543819,26,-15.138309782655067,-7.161021904220892,26,-13.531949807299355
579,-4.451933156529083,47,-8.937904326925043,-2.3655445984641412,47,-9.870268880356877,-4.453081353866408,47,-9.054397368677684,-2.5872952533871434,47,-8.33607618590644,-2.4988349104217207,47,-9.228170099161051,-4.528715903212951,47,-10.515907270011004,-3.639722376836647,47,-9.601468892415006,-5.328989400702051,47,-12.096563567175696,-6.575434989749839,47,-12.286975571553292,-8.910447329145196,47,-15.781960849614245,-9.229017372875596,47,-16.09682442813475,-8.748781329475385,47,-14.887614753313557,-9.19237704918075,47,-16.798662673745937,-5.550321531308288,47,-14.02161912177309,-8.669028076506441,47,-16.8202704187579,-9.465132235121011,47,-17.495601868654717
580,-6.6220672567669325,16,-9.767745368045262,-3.9324970523789036,16,-10.554605509380028,-3.6233772693834085,16,-10.594370306216032,-3.0892777992391025,16,-8.99816811678041,-2.4109444876351134,16,-9.39207421568213,-4.816061436385623,16,-10.0373822081116,-4.036554514609581,16,-9.53398338790718,-3.022129478597344,16,-11.837927552362935,-5.228676079852739,16,-12.745103955382875,-7.012104601925355,16,-15.515198121252084,-9.506879803697341,16,-16.70260113888209,-8.07567722996391,16,-17.111441477748716,-10.470390031192633,16,-19.371695458811764,-6.9810704508050305,16,-15.282370828039735,-8.286129375391647,16,-16.88939542958593,-9.145677031356316,16,-18.65598540818504
581,-4.527453901221312,36,-11.727397110786368,-5.692604765592511,36,-11.451641227943828,-5.070414698236508,36,-12.044367288279052,-5.591234698636453,36,-11.116079602120621,-5.9580277566136575,36,-12.300011184780246,-7.894927583434264,36,-14.491728860831483,-7.156437105883837,36,-13.972064199962189,-5.084064043816406,36,-12.107633207370256,-6.417308670270079,36,-12.65786649908555,-8.104745256119681,36,-14.275034131290564,-9.5217160236926,36,-16.861676536984195,-8.895036523547692,36,-15.75047270740441,-10.212116430778265,36,-16.280780823244164,-7.350293921820738,36,-13.960324916205815,-8.677503437472303,36,-17.05969342542216,-8.992831917254737,36,-16.15258209238121
582,-11.65629535575076,31,-17.993598467691825,-9.504859321123302,31,-17.34938521610599,-9.004855328991608,31,-17.72208224240942,-5.135968432571439,31,-16.895776866960254,-4.699941325026588,31,-14.95011103880538,-5.789919408142246,31,-15.130022978349453,-6.930537714721469,31,-14.131143264339627,-7.7538795056845045,31,-18.355072686647752,-12.326053556185139,31,-19.24655642194167,-8.833816414886911,31,-17.32467775261319,-4.897050685967929,31,-13.956610467480902,-4.741323166841602,31,-12.204258549741901,-10.313094757894675,31,-17.049552904457666,-9.095556039933761,31,-16.248620894903823,-8.19487513213467,31,-19.64195781814524,-7.228537747267083,31,-19.787514838712184
583,-6.105688301775656,72,-10.990828303085728,-5.408420775627177,72,-11.419877218659025,-5.278768265961147,72,-12.575626519679908,-4.165632629393418,72,-11.037619756702831,-4.375058338236469,72,-10.916020964221572,-5.493921511740445,72,-11.954639811349068,-4.379202243614686,72,-11.40584050472877,-4.99500676223622,72,-12.94022709917898,-6.798493786052287,72,-12.958004161454884,-8.564182606547272,72,-14.643223061342049,-7.984262245986226,72,-14.730104081881537,-7.503799470985301,72,-14.22914417476725,-9.364162252596598,72,-16.208876568749137,-7.503863481096735,72,-14.272295301924062,-9.372881448705705,72,-17.968743220148262,-4.677170963025662,72,-15.933337022435449
584,-3.7470411506292605,83,-10.506883614758921,-3.0903543336654327,83,-10.730007051075576,-3.1269517428635023,83,-10.965531967399784,-3.8216101964017053,83,-11.169106899750297,-2.6430755277514413,83,-12.035400034109646,-4.863142252426005,83,-10.834034645709325,-4.02076010486401,83,-10.398184801408366,-3.9744944943456932,83,-11.102140794481972,-5.314146968476012,83,-11.343893048168097,-7.45464615922325,83,-14.947016459426703,-8.302415889097487,83,-14.787439556402484,-8.815897455354937,83,-16.297530743342634,-8.939619894500755,83,-16.080248573521015,-7.95005074523642,83,-13.558218801216457,-10.270658561100138,83,-16.640393826663285,-4.939954205908128,83,-15.346157887797675
585,-5.116361206509058,33,-12.472639061897635,-4.602205323308807,33,-11.385027715934422,-4.878077798689951,33,-11.387690539106819,-3.987957381262819,33,-11.4884382159258,-3.9953034491856982,33,-11.032771262979086,-5.489172782338113,33,-13.289514019788069,-4.383121886134813,33,-13.436864160367278,-6.454219736569141,33,-13.26397057114943,-6.780614752809406,33,-13.245071132636795,-5.364745107314162,33,-12.21658483168958,-6.831017718178999,33,-13.290450856786247,-4.720679194039113,33,-12.184995541763925,-6.7918404445517115,33,-12.780091578944132,-7.254275116526999,33,-11.086250203586607,-7.87536901326831,33,-14.265750023481322,-5.720688417061103,33,-15.129862130627192
586,-2.2344877413171775,14,-10.241215413482784,-2.4693917651460913,14,-11.234332184385627,-2.3074149413638607,14,-8.476541496766352,-2.135624050658272,14,-10.74306953900785,-1.120942465157815,14,-10.823186168970352,-2.4743138097050528,14,-11.259684904254323,-1.2972366765661874,14,-10.875453202952396,-2.951675008347714,14,-13.502939748308695,-4.2261361596173845,14,-10.916435227536901,-5.170837747336321,14,-12.527448887554105,-6.614038530349288,14,-14.418650791852867,-5.971175135033868,14,-12.728732293865576,-6.6236064728979915,14,-13.885127551158176,-6.517509605954426,14,-12.890616807150518,-10.455334492684397,14,-16.450479791965137,-7.379580802117397,14,-17.537298080214907
587,-9.513331415007341,19,-14.599009734715633,-6.38589851488628,19,-11.718217431923605,-7.599452280031761,19,-12.055254127264835,-7.6454100649266445,19,-12.348296955377773,-5.412794855753851,19,-11.276536233154564,-6.950959806654908,19,-12.258082604907356,-7.156833494004708,19,-13.975712233177529,-6.549976246217329,19,-15.148792898486775,-8.335315463009948,19,-13.145014953817007,-7.580717630615609,19,-15.243579649932306,-9.125788679807789,19,-14.806055168448939,-7.4129907101001455,19,-13.92039733077167,-8.639765712304321,19,-13.683679171791916,-4.606091526250488,19,-11.719881774646337,-9.758726943999456,19,-14.997393051984014,-6.759033598160851,19,-11.009976871779072
588,-8.114312914325918,17,-14.907306137454903,-6.801965491786346,17,-11.369122825559174,-7.271640184538585,17,-11.066745017622097,-6.071576851025889,17,-12.563706213230217,-5.816450443160574,17,-12.738062097822873,-6.048244581360987,17,-13.275633851870206,-7.30291542784144,17,-12.371623866190674,-5.375416494841158,17,-12.225434424384057,-5.057220620913226,17,-12.250976209234716,-7.667964031881351,17,-11.864346819340899,-6.852537819494052,17,-12.130911816469027,-4.4422407455211115,17,-13.345164765061279,-6.302143346548923,17,-10.370877267385447,-5.139691388638835,17,-13.348042389450267,-5.97512386409872,17,-11.31846993845979,-6.090029039982302,17,-11.018850109590066
589,-7.581798801265246,4,-14.987572005605902,-8.40454748842858,4,-13.305147233697848,-7.425335571651042,4,-13.010047349293046,-8.714720462200457,4,-14.98498393465616,-5.586810149527997,4,-13.76889643632916,-5.811994772613275,4,-14.306947537036468,-10.254957018597274,4,-14.200962111144477,-6.809422240882153,4,-14.643758338737108,-4.65446012238252,4,-9.984419889697199,-5.611570941495268,4,-10.648571112584246,-6.154783342161634,4,-12.00078951080836,-6.748542613858923,4,-10.664410757913782,-9.073183200043914,4,-10.665184044391157,-3.7598097456407413,4,-15.207971202016285,-8.555107548301441,4,-14.700112412559767,-5.167640502900708,4,-12.18282234848807
590,-8.080912947662018,12,-13.965956617926263,-6.906266905338487,12,-14.27504049340293,-8.459792015880282,12,-15.164565641381348,-8.062829985508815,12,-15.334179564594507,-6.423031481967524,12,-11.125705568307911,-6.618507393513217,12,-14.440888074760384,-7.315093023669064,12,-12.32746701674171,-5.317676146670872,12,-15.290183437590116,-6.641411656930351,12,-13.32223481292142,-6.66822454259451,12,-12.95549163783625,-6.798394136544474,12,-12.997709011689345,-6.806097606663972,12,-13.369848861162716,-8.989704530176146,12,-11.733032107844238,-6.554585545856999,12,-12.919929934366909,-6.803035449403475,12,-12.779737280122138,-7.582638197076471,12,-14.870485946726056
591,-8.363522874461248,14,-12.146355543507925,-10.810666351234484,14,-13.970321386333351,-9.663875844402368,14,-13.651088007363168,-7.210327968305656,14,-11.514420991326384,-4.57582767492645,14,-12.620373506384867,-8.184388458027245,14,-14.003625269613899,-5.354410882892658,14,-12.598394006942378,-7.832023548599815,14,-14.112373505949494,-8.845220148345842,14,-11.110967532342123,-8.280028840713381,14,-15.1063842595578,-7.983949982700232,14,-13.826058383708006,-9.00377988337311,14,-11.971633830998265,-8.302240522515755,14,-13.507931907583151,-6.240720672094099,14,-12.694347403423912,-9.515997024071627,14,-14.142627983787746,-8.816377312406349,14,-13.758994896705644
592,-10.156577556351172,73,-15.75895746455495,-9.87262726907755,73,-15.787775587258873,-9.651559255452227,73,-15.990116356963867,-8.705821219079247,73,-15.978918840395181,-8.146410526950923,73,-13.16412658101082,-8.560222024365281,73,-13.202962068518646,-7.105954013340851,73,-14.001341536609583,-7.289948061287208,73,-12.720458438454042,-7.031928363291712,73,-12.62187692465111,-8.79717651264653,73,-14.231226085766405,-9.487727409883831,73,-15.277966418888786,-7.574194625757215,73,-14.54552493191646,-9.413112218051607,73,-16.082124264053267,-7.483438891920003,73,-14.230509398410023,-7.721708838743057,73,-15.385524219936237,-8.772455749599349,73,-16.10213829926271
593,-8.615743867928877,108,-15.334238331341608,-7.500629804737448,108,-16.494977776117018,-6.852419486643423,108,-14.141492362205257,-8.308775040294806,108,-14.60913959974822,-6.347924425184944,108,-13.425114579852819,-7.4757127712738765,108,-13.845003641181023,-4.008071840800115,108,-12.097572708123918,-7.098167281432043,108,-15.267110974603408,-4.2926170434734185,108,-11.556750953074964,-6.762876970175382,108,-13.956746979014245,-5.916411254508937,108,-13.829468930955166,-6.001875574561005,108,-14.047795160039698,-4.77593834134873,108,-13.489354968194956,-3.874699477700731,108,-11.969021644765423,-2.56103546091016,108,-11.748262447563103,-4.754539830818821,108,-11.50981714049863
594,-4.752833697391622,146,-11.173452037569678,-4.219180415476974,146,-10.680073914487062,-3.5768553549216864,146,-10.955046616400864,-3.482336808784673,146,-9.795357966668432,-2.987317435446025,146,-9.77325113535477,-3.030019661450779,146,-10.00735223445597,-2.7329883059489504,146,-10.339360455526407,-1.8620500184551205,146,-9.57811205165837,-2.817187961833047,146,-10.029035710706598,-2.296132700503713,146,-10.044585604027317,-2.9567622458231844,146,-10.215613403927291,-1.1884035675075326,146,-9.73991019512161,-3.120727387944216,146,-11.372696508016315,-2.8334978613302138,146,-10.511369767222833,-2.8599909134135504,146,-11.154398626076498,-5.484762953840722,146,-12.011049812710128
595,-4.148860420319301,111,-11.683517683819142,-3.657760623199108,111,-10.867641771956384,-3.619118357957732,111,-11.087848220149416,-2.9076779796482826,111,-9.16520028004211,-2.6164760240707037,111,-9.665780659098944,-3.150613803307784,111,-9.399944564609818,-2.8819437437935607,111,-8.99106319520413,-2.4931635040244884,111,-10.25714408593047,-2.5836278687872127,111,-9.501848600806515,-3.6303163216115326,111,-10.791503156907005,-3.764237056447332,111,-11.40799259234927,-4.602663466573066,111,-11.5428948708026,-5.263534366576489,111,-13.435804798166963,-5.418571307067753,111,-13.346978130003503,-6.89862338399616,111,-14.887790083362521,-7.4130616287571005,111,-17.487773874652184
596,-6.2323729519251305,52,-12.849012080819824,-4.2602678593399474,52,-10.5333066758663,-4.184887779141805,52,-12.341078596688469,-5.19032680003924,52,-10.407230579688541,-3.737632843511918,52,-9.720689752795703,-5.481287598084138,52,-11.698030214473182,-3.8456958405736175,52,-11.129074209690259,-4.101090650076977,52,-11.360798009019163,-5.147901278278965,52,-11.203372338793328,-5.617861300615909,52,-12.994476500472631,-5.371464652873501,52,-12.047898985181224,-5.238569085284471,52,-13.043678555317706,-5.625742205698721,52,-13.462868922730532,-5.3974879768525765,52,-13.45848965731457,-6.679174405330591,52,-15.181578735836474,-9.484690625549055,52,-16.307186697202404
597,-8.348071244092706,52,-15.727158688067211,-5.548603804468833,52,-14.28466519978732,-7.202219351565281,52,-15.637579208892056,-5.546518205860101,52,-13.241213728049068,-4.9528927125976745,52,-13.84013237794715,-4.829420550327217,52,-11.802892801990222,-5.073564807501309,52,-13.218465138196143,-5.09250571026894,52,-11.523947534053491,-5.97482600760872,52,-11.598185478885458,-7.152155671010918,52,-14.06885161737127,-7.344380546999281,52,-13.759948307631465,-6.889761753908871,52,-12.528838559492561,-7.057089496446041,52,-15.591018554568638,-4.423260521560587,52,-11.198418701196506,-5.692579496646689,52,-13.129997830440075,-7.045172262077333,52,-13.399037094297288
598,-7.848795924620731,20,-13.964586396348928,-7.618233456137503,20,-14.350499749628405,-7.514736300258863,20,-15.760352514853055,-7.4183625911519515,20,-12.999112960657389,-7.505527787769487,20,-14.55803781703542,-5.720223745981437,20,-14.36518491996144,-4.664989742749148,20,-11.586946196766414,-4.584773633917812,20,-14.119356796693195,-6.780853879614628,20,-13.439823627427963,-8.739154321092917,20,-14.611040989215434,-9.91446482778667,20,-13.303024745021158,-7.254016013465615,20,-12.042213458157187,-7.871327718692237,20,-13.825034612185043,-5.647886983539198,20,-13.757946993037681,-7.2940389617629275,20,-13.65848994207559,-5.406237330015282,20,-14.071474180739756
599,-5.788085202243978,49,-13.090357637451739,-5.437011133743464,49,-12.965664782705064,-6.3045064390496695,49,-12.856853883469846,-5.093879559608617,49,-12.239702744037311,-5.403828787222944,49,-11.761609056621264,-3.49571200582965,49,-11.63696593262461,-4.03239325538977,49,-11.027793070394248,-3.748528726342662,49,-10.777209466712875,-4.897232674422096,49,-11.848034940676852,-5.877267045183137,49,-12.23609777520589,-5.163063289941928,49,-12.001899396012632,-3.9720176416462816,49,-11.545227476137834,-4.864683987919902,49,-13.113562055686574,-3.397115468769025,49,-12.719139755751907,-5.673757551728825,49,-13.255590783537055,-5.889484635515276,49,-13.35058876762173
600,-9.307091068964564,26,-14.213094597349595,-7.731514244792401,26,-16.056832468014022,-10.445518962001136,26,-16.93819646963472,-6.807977432547899,26,-14.630713362154244,-7.527215255658785,26,-13.489698805608443,-3.53593182749802,26,-14.847573644711689,-5.618542320821456,26,-14.18321944488847,-6.518385731328323,26,-15.432305711774035,-7.340684360842811,26,-14.315368018954267,-10.955272213654839,26,-16.11633058634226,-9.321487089709432,26,-13.75195387623023,-7.691155890173369,26,-13.795120352120305,-9.38048564727499,26,-13.242939848401216,-6.738859263271233,26,-14.058050284030976,-8.597521176831194,26,-15.386452196894943,-9.361787360650684,26,-15.908083955542963
601,-9.412979685585483,14,-14.812040295832944,-6.114748122828283,14,-14.334991577549339,-9.004586266098615,14,-13.468915556114602,-4.1411022801038575,14,-11.939015025499407,-6.01261880448445,14,-13.17930466343258,4.169389607709481,14,-9.867494848988,-5.900379999389219,14,-11.119035940710418,-3.8840005185981026,14,-12.088299065895242,-4.769301788064065,14,-10.382825954453253,-8.900239673033072,14,-13.444695423387444,-7.4214662500209085,14,-11.304239448088714,-8.312833208441496,14,-13.47751780511694,-6.889470520052625,14,-12.61990136855093,-6.6726789306655965,14,-12.271555622793072,-7.839891019892423,14,-14.217438482742127,-7.434866484528274,14,-13.624208095817076
602,-6.70215977034848,6,-14.185439333978973,-7.363319117200158,6,-13.01926036219141,-10.344154616906131,6,-17.450594317132982,-4.647509692648616,6,-14.122947789783222,-5.049597995162919,6,-11.010618802642407,-8.590053422215542,6,-14.158062397881334,-8.055561355312795,6,-14.214271371026197,-4.808299372341602,6,-11.531835333150864,-4.44560167169224,6,-12.653393286153209,-8.335319653451478,6,-17.4070502974226,-10.87512044615313,6,-14.83044727027833,-6.68954628897244,6,-13.228894005534478,-8.385502725927978,6,-12.483295476511154,-5.253767794318951,6,-12.47897886897126,-8.857559263483473,6,-14.844549048995235,-7.5117848432673,6,-15.49513894503457
603,,0,,,0,,,0,,,0,,,0,,,0,,,0,,,0,,,0,,,0,,,0,,,0,,,0,,,0,,,0,,,0,
604,-7.442134328810949,28,-12.701712936216419,-6.874727522401357,28,-13.280939264479754,-7.48665537696502,28,-14.753196876522125,-5.217415602871114,28,-11.397371080296647,-5.973996491515138,28,-13.64917340849072,1.051762852000314,28,-11.673464236838253,-6.125365348060344,28,-12.959088157640274,-4.768864483444304,28,-12.987473759828827,-4.940031337211481,28,-10.49776048908496,-7.19176333059144,28,-14.070629355263883,-6.412024340109798,28,-12.449709205739074,-7.326494360319487,28,-12.674473121358588,-6.320848542303858,28,-12.552808538994771,-5.044151371022468,28,-12.301826227884153,-7.602333106265822,28,-14.260187787417628,-8.613301131930003,28,-13.383307897577918
605,-8.532070858042053,25,-12.82286573513649,-7.632329912624782,25,-13.73333797029723,-7.2301719300156115,25,-13.677144464573542,-6.331208493723337,25,-12.332333670920857,-6.651954686189168,25,-11.817793973252988,-6.683471766338292,25,-10.154322947552197,-8.068567091429426,25,-12.140790236746653,-6.645791425153851,25,-11.532093287223312,-7.553035797192317,25,-12.365052750830783,-6.783789085098228,25,-14.255394315949811,-7.32362879348953,25,-13.023829335741704,-7.662868454008615,25,-12.188973368430416,-8.316770352390835,25,-14.228640835490863,-6.254695753409355,25,-11.824145244426969,-7.82160431739238,25,-13.621700372490013,-9.459119018623507,25,-13.656849218092585
606,-9.810441385488541,30,-13.626708420207795,-8.063813845214959,30,-12.70775295535039,-9.646650369084792,30,-13.332408068941994,-7.094222711739365,30,-14.177104843348395,-6.704297448259245,30,-14.132381737726652,-6.15220382062749,30,-13.029620258914335,-6.7885770809407076,30,-12.63133474135558,-8.081846428842942,30,-12.730072745152397,-7.753375706007071,30,-13.843911152999935,-9.105010100259728,30,-13.86839712492344,-9.079653376629288,30,-13.662486746337322,-8.238436699331556,30,-14.00375906767719,-9.187209763699444,30,-15.181093992928211,-8.044306473007415,30,-14.246856733459925,-11.665876898545836,30,-17.676845085993307,-12.106787219875354,30,-16.862644116049413
607,-6.8224493000156174,17,-14.316883923355043,-7.587663538656165,17,-14.575346521026521,-6.631793253361357,17,-13.101395224687941,-6.2495462600810425,17,-13.848405383147114,-5.673914699984126,17,-10.97932893831471,-8.44578647271169,17,-12.775479618899022,-4.317835116754154,17,-13.320300949429694,-6.898059610966701,17,-13.570109781823017,-6.607710808808692,17,-10.965460170612154,-5.3181578916222,17,-14.120191247902866,-7.285345525661032,17,-14.596734310120407,-7.100993821935918,17,-14.22321625983007,-7.425994802257202,17,-12.087256893877774,-7.232459743305131,17,-14.123575946628295,-9.723603854426834,17,-14.458510289214052,-10.887175303016761,17,-14.785848160177416
608,-8.178286828100592,19,-14.500143707006144,-6.224478656684155,19,-12.508726057880919,-6.636160083185136,19,-13.682859755520067,-6.854551307685224,19,-12.593031764770997,-5.821516202921369,19,-12.325943936896952,-5.662552328613581,19,-11.955251478441012,-4.924840690715831,19,-14.057240460480635,-4.9905844277563,19,-12.058776277292814,-6.9206932700376536,19,-13.309857288161826,-6.781860825639194,19,-12.463183559780095,-8.857755263768558,19,-13.470155637910056,-6.855664317041732,19,-13.29820948867865,-8.506521002116209,19,-14.468243426369993,-6.357154051973698,19,-13.262229526173021,-8.758461257616931,19,-15.079562330914777,-9.770336163653221,19,-15.719038647379335
609,-8.09533427729928,11,-14.684401040411759,-6.998366844612808,11,-13.514283395589093,-10.422054670383055,11,-15.782778876683096,-6.078376285831817,11,-12.334838442749707,-5.066738843533311,11,-13.667946300020127,-6.356575762245713,11,-12.911333984534156,-5.278581049101012,11,-13.058756952217719,-6.674363213855191,11,-12.830497962560365,-7.779039198003503,11,-12.75405306816706,-7.800155538904436,11,-15.22739686748216,-9.360048191686678,11,-13.541441402625425,-6.698805396714157,11,-11.796012988304467,-10.609523375733849,11,-15.199199276603949,-7.673450814958644,11,-9.655856600914586,-9.876569326231273,11,-15.083855467264272,-8.534943155454929,11,-13.876485167381677
610,-9.541786275680394,6,-15.29244122902465,-9.449608774561508,6,-12.118921934872427,-9.40759364059119,6,-16.844747994400503,-8.379229010990203,6,-12.658860361880745,-8.763508590964992,6,-11.532066165188242,-12.013612973328573,6,-13.203549451534048,-7.5026983948658295,6,-15.151585327184184,-7.276956164383025,6,-15.24489991351029,-6.164885128056824,6,-13.341075617672084,-8.058364063838118,6,-14.268219397512441,-8.603457771498034,6,-15.693771029575887,-9.208145032814622,6,-13.798016277044049,-8.2129355589978,6,-12.760716440749793,-9.305993782450985,6,-12.691768092940091,-8.90499217530504,6,-18.379486991878323,-9.907042826176426,6,-16.90874469332567
611,-6.365068760494301,5,-12.431546709233821,-4.922702645045582,5,-12.693655091808044,-8.027116794403632,5,-14.411944218735789,-5.912415021959473,5,-11.32084386400566,-2.446123289143016,5,-12.882106333982453,-5.513867916782802,5,-11.438203654769936,-3.137740827026648,5,-11.092823794011274,-4.591139347476986,5,-10.04225405428837,-4.365939660682787,5,-10.54651480928721,-7.562705478471242,5,-12.903109450890057,-8.71420381747684,5,-9.483699772148974,-5.34275271176522,5,-12.045807953701358,-7.155242780003952,5,-13.063707673984347,-6.20204998053948,5,-10.371780813079525,-8.211464170368977,5,-12.064478399494732,-7.833289278964896,5,-12.32038659965334
612,-8.199472794287828,12,-13.85026118299705,-10.247976991942851,12,-13.961082917063115,-8.742685415331213,12,-14.116831813377086,-5.2840303897444585,12,-11.21197068242468,-4.359746774676347,12,-10.267829507580526,-8.345345844954362,12,-10.477853520235328,-4.307992802485549,12,-13.847238011132973,-5.29042714194323,12,-10.691868382494869,-8.482269547034578,12,-12.858949746498258,-5.826724693527632,12,-14.184769365013182,-7.045370862987284,12,-13.491673848858454,-8.267541144603172,12,-12.454237213030787,-9.402341901870798,12,-13.406148336296342,-6.026623914303245,12,-10.649953893613722,-8.944096371225568,12,-17.041030556666335,-6.3536383691467355,12,-14.656606333128305
613,-8.339884068855955,36,-12.801761369990349,-8.80418071815956,36,-14.247581298185843,-8.027014845741684,36,-13.96762747777927,-6.657223830185416,36,-11.482788960310728,-6.247990119105626,36,-11.302798145679622,-5.774687682943761,36,-11.146640387558957,-5.215393660398594,36,-11.908883319710945,-7.431226870269323,36,-11.948304359485657,-6.724092337227125,36,-13.34870124411055,-9.025379145744,36,-12.613548221940345,-9.040189943933553,36,-12.677412296214904,-7.480441929376545,36,-11.753833403514218,-7.479512550119979,36,-12.546570216323342,-8.15967392471451,36,-12.252042761263409,-9.810891619899541,36,-14.602982283650949,-9.156296733603762,36,-13.589038662393083
614,-7.888502740355713,32,-14.191824040881922,-5.984700184105039,32,-12.993398482333765,-8.262841215579005,32,-14.638674741412093,-6.487573922463507,32,-11.50280599671168,-7.205577982570452,32,-11.4927562687744,-6.641237572921328,32,-11.928543402583768,-6.316789962998608,32,-11.556927656160756,-5.97083301464655,32,-12.83687267956301,-6.820999509634738,32,-11.395143722100713,-8.301588932092745,32,-13.160648611479111,-8.07201088709149,32,-13.681725567585177,-6.744520271299556,32,-13.242284524866246,-7.513222953180065,32,-13.110024112621058,-8.063458965504173,32,-13.792884333007649,-9.843118592137243,32,-14.934208519669252,-7.9536364681155955,32,-14.239586566697255
615,1.7817716626122917,96,-9.33385205343314,-4.4704609829823525,96,-11.102137351135347,-4.753959867968352,96,-11.879938873113616,-4.229334563420821,96,-10.224716196574832,-4.103844370882673,96,-10.605743723110255,-5.081050172090922,96,-10.276637705017091,-4.195492963983643,96,-11.028743776532025,-4.050549633310789,96,-9.336961137124147,-2.818732710131149,96,-11.10265636670653,-4.709855578094149,96,-12.142317814783365,-4.633264615322433,96,-11.010835799044532,-3.36656209090659,96,-9.567156996525233,-4.186815122016353,96,-12.91137709302981,-5.140901893678369,96,-10.952285727147935,-4.725573419034878,96,-10.747843138521954,-5.654029458177011,96,-12.5441055034497
616,-6.947675695302793,203,-14.251094455982942,-7.479007539152393,203,-14.431482256614403,-7.757296219454438,203,-14.792952665533532,-6.3538909430419075,203,-12.782785885852688,-5.977475559511856,203,-13.215073424278721,-7.0003202205418935,203,-12.334189512713518,-4.878389819409884,203,-12.510097546262148,-6.021267975344383,203,-13.483321371664232,-7.123022483455821,203,-14.504622506012383,-6.860866691000015,203,-14.481636694908628,-6.888644651760918,203,-14.830050168712308,-6.194669956420327,203,-13.795338452332171,-7.37621269610978,203,-14.328417431274849,-5.4690180793797305,203,-13.597025620568088,-6.2532266827020955,203,-15.290299854985133,-7.063975600124623,203,-14.630360091686912
617,-8.767506288355243,40,-14.719330345613548,-7.946452598361348,40,-14.893579257331353,-8.596804928958818,40,-14.47217099049235,-7.261002581838641,40,-13.745101399067384,-7.9636640088709045,40,-13.443809968935568,-8.687423211139116,40,-14.942492581252347,-8.601664087303355,40,-13.87206697904874,-8.473204416378831,40,-13.746702283929986,-6.255097156674635,40,-12.72005484708598,-8.865915979378691,40,-14.601274330711016,-9.663616712883197,40,-13.711906005911949,-8.860367941070734,40,-13.21592325860179,-8.520989925339572,40,-14.500703098752346,-8.75490251588014,40,-12.938693017921688,-10.282047903409913,40,-14.874125275322715,-9.182194678703613,40,-15.305967777277857
618,-8.806262134882964,60,-13.142828798737483,-8.16574342502599,60,-13.160394220668241,-9.33573219475153,60,-13.910915602074445,-7.636994320788145,60,-11.16469704277997,-6.916310554044936,60,-12.724687235165462,-8.248123018381449,60,-13.073289043099635,-5.790110765478211,60,-13.714906066996942,-7.462341482059687,60,-12.905500720560036,-8.21521161947847,60,-13.786331235195439,-8.690207350170105,60,-14.884109392372766,-8.070967502591426,60,-14.35348536608177,-7.540246443495961,60,-14.251054611181095,-7.570259447551448,60,-14.720928214815691,-6.703553843209517,60,-13.772753447337834,-8.973721441374273,60,-14.580769054247433,-7.769610689527168,60,-15.748482870506525
619,-6.786205076617805,26,-12.89189491252948,-6.3333366070966814,26,-13.000604194286911,-5.768709502904732,26,-12.37792507285668,-8.097813643911033,26,-11.990246403008001,-6.526637680008234,26,-11.95174557233443,-6.470989377751223,26,-12.302166939367849,-5.815393941022959,26,-12.840943392679918,-6.823396053719355,26,-12.33332948666108,-8.490880121259584,26,-12.811308476673496,-6.306329786944735,26,-14.095715046124806,-7.73630110709394,26,-13.318198573577076,-6.29548470827396,26,-13.716986736217084,-7.877988948990953,26,-12.03450559035595,-6.296464409487723,26,-12.766656358979105,-6.8969174520290855,26,-13.7729167294782,-7.534597698599531,26,-13.688049032102242
620,-8.39284348440448,24,-13.912517929049093,-7.166997084728789,24,-12.390305455968477,-7.357151144240452,24,-13.491675166838073,-8.897797643682058,24,-13.779469793724797,-6.61418845338566,24,-11.87455908030679,-7.136698081542895,24,-12.074179314384129,-4.144550500596628,24,-12.769220837590492,-6.116919231166794,24,-11.577662288991185,-7.699794410593059,24,-14.221430882317868,-7.460501203939787,24,-14.778544032289577,-8.923603047674062,24,-15.084921340073649,-5.975868014572052,24,-13.035115693594424,-7.600507135169384,24,-17.203650455756737,-6.484174494195978,24,-13.540065383828622,-8.30575372528695,24,-14.71130097619622,-6.930835856467913,24,-16.39593805473983
621,-7.302211346708351,32,-13.875161147735787,-7.518675744934757,32,-12.840003780569047,-5.435074594453039,32,-11.40852492480276,-6.942599422490199,32,-10.094862823281181,-6.695553168049621,32,-10.436143279490565,-6.767525814093126,32,-11.901500225297282,-6.297204042352325,32,-11.467143497512529,-5.429374288203478,32,-11.127032204932432,-7.124131690650067,32,-12.427394011618604,-7.50934410544461,32,-12.203035814231015,-7.209482950475624,32,-13.778102583627025,-7.2366833315847305,32,-14.28880968186116,-8.874000465937716,32,-15.394868649468629,-5.378984033613781,32,-12.848274210401625,-7.253094199932337,32,-16.153429593256778,-6.276634380555493,32,-14.20699203598929
622,-5.95886875795437,44,-12.5437850013725,-5.867680954301132,44,-11.929886759635606,-5.777001850729095,44,-13.533033452439243,-5.446573610007308,44,-11.21567832374425,-5.737372536401222,44,-12.311799836195124,-5.092214985782999,44,-10.940833361508275,-6.522107569550556,44,-11.124308656789637,-4.453214550669298,44,-10.541816130491563,-5.073847467390679,44,-11.526182545935004,-5.248057275508577,44,-12.574261860212435,-6.393349433562184,44,-14.875568030819972,-3.914697109217476,44,-12.372575746943571,-5.955091260768919,44,-14.326103066244325,-4.6536778263462395,44,-12.227595026043446,-6.150752834069392,44,-12.880965833500122,-5.75213014419265,44,-12.917505022071502
623,-6.491709556515951,38,-16.131926971071316,-6.248303646983743,38,-13.201877123097997,-5.632949287431686,38,-13.031032709348917,-6.996273882099404,38,-12.808047593104035,-6.276854930948658,38,-12.255284866571445,-7.847293501671197,38,-11.096644906307034,-6.8620224037650255,38,-11.968539493140591,-5.4954049362266755,38,-13.642087730862686,-5.459354998696503,38,-12.802898688667302,-5.357651055732214,38,-12.251615625676,-9.20552899364828,38,-13.345528593438882,-6.248856858165064,38,-13.414970771361697,-7.326714616607813,38,-14.77843165747571,-7.10737340557971,38,-13.166963095442945,-8.516199139678982,38,-13.91684879364024,-7.249240966565587,38,-14.169547239426471
624,-9.348729838949884,122,-16.035036718095178,-8.174678636206895,122,-15.992469873386966,-9.04606064907161,122,-15.386236028900678,-6.690330370288104,122,-13.313036845391974,-5.227661497089461,122,-12.043833267051925,-6.637696279796236,122,-12.982506671397871,-5.8404073804884495,122,-12.004916978377299,-6.845181478060546,122,-13.884221681908318,-8.193689853442095,122,-13.655713712866582,-8.143578977059182,122,-13.454383272403017,-8.529715406473171,122,-15.828174601032739,-8.800430367442997,122,-16.385657833698247,-10.096270113408812,122,-17.126400101746807,-7.349554976319759,122,-14.881978701839873,-8.344325933776128,122,-15.879683321107873,-8.745334213492956,122,-16.516113647350352
625,-4.502376010182948,16,-9.85432946369554,-3.484242424975924,16,-9.993665972694,-3.7339112248077475,16,-10.031673185570973,-4.151886633463006,16,-9.21640048260523,-1.3113199360706593,16,-8.997557751219125,-3.2665747647167276,16,-8.034356147978658,-3.1768086254625088,16,-7.854948995147786,-1.5842841377501526,16,-7.418689858094092,-1.824534699385127,16,-9.03963091750734,-3.7043260247007592,16,-9.098617311523356,-5.105801357312016,16,-10.05800646873838,-3.775768933979706,16,-10.604991153380777,-4.910088163510211,16,-9.380900623831337,-2.7141847199034483,16,-9.298044596560405,-2.338503760968422,16,-11.348166440578531,-6.132423799462302,16,-8.947308621093493
626,-8.714732741894407,25,-15.840517276423846,-7.283640898520102,25,-13.829707229101466,-8.212406729564124,25,-16.224488826577797,-6.593122901690473,25,-12.179026669905772,-6.064213478964079,25,-12.998454527770122,-5.432099075662656,25,-12.47082459219638,-4.73858038999183,25,-11.125407083234764,-5.818852113769334,25,-13.362724581369456,-5.985863245480413,25,-11.613921965496738,-7.843859045387308,25,-13.276442268489006,-5.6429828265418545,25,-13.945505783486103,-6.3578714930070825,25,-15.206090478290168,-8.326048852346332,25,-14.597353672758972,-7.722861920052784,25,-14.420855119745077,-6.133957302346499,25,-13.805200729863898,-7.0817883096845025,25,-15.284228706639503
627,-9.877399219938862,38,-16.102840010163966,-7.245678878643229,38,-14.067065271220647,-10.306672166919327,38,-15.96233162319055,-8.091064410573695,38,-15.080372922378494,-7.603353569420951,38,-14.611903106037204,-9.201736513653172,38,-13.989802090014994,-6.464974959118815,38,-12.831550248432142,-7.81803495686852,38,-13.524108363385654,-6.0804942757479665,38,-14.54976684083438,-8.558174185713169,38,-15.425455479792138,-8.932849776161934,38,-14.48356705010646,-8.60596683543767,38,-14.905831909644354,-9.128589495794644,38,-15.572187686697035,-6.817215347131556,38,-14.225640172131657,-7.648723904099328,38,-14.690061717740651,-8.093583095874582,38,-16.567566683145166
628,-9.003921473276453,28,-17.866990003877365,-8.52708965332941,28,-14.059532050989565,-11.022687107851114,28,-16.126384211442996,-6.604144704176418,28,-13.277320707685575,-7.400041239054493,28,-13.15195174784668,-8.437701062389985,28,-12.718641110110076,-8.505280385173757,28,-12.414446569775968,-8.134553727162963,28,-13.251284440258242,-6.976923184240411,28,-12.698472766729367,-8.356024128558223,28,-13.495590703142025,-9.45907130981633,28,-16.19541549124381,-10.009153040983962,28,-15.519496132819906,-10.714848778255696,28,-16.773380117562084,-9.000366961764794,28,-14.09311514895409,-9.631841437249802,28,-16.894739104817518,-9.935991050540853,28,-14.761622808652433
629,-8.80375011438642,37,-13.154322152170897,-7.477672134432318,37,-15.571807896204142,-10.152443443714121,37,-16.95396448901207,-7.075597458920227,37,-13.26344192416316,-7.921087570781609,37,-14.510663122334426,-5.69347373563509,37,-12.893835159470088,-4.688315404577359,37,-11.450639114826814,-5.385019651391381,37,-14.745318305178106,-7.470495878152138,37,-13.293351007220942,-8.439050933169234,37,-15.977981591252464,-7.94500230804419,37,-15.178604200508358,-8.44481306576003,37,-15.396998436113378,-8.786114299816848,37,-16.58796854820904,-5.908661633486078,37,-13.220585267621264,-8.676788876977765,37,-16.982255585249185,-7.943857440041601,37,-14.743243154060448
630,-10.630963089736456,23,-17.007063486252175,-7.982390533996957,23,-15.350781141219887,-9.49354209148536,23,-15.664374578284592,-8.048512618776808,23,-14.110588124313821,-7.617042158320428,23,-13.562487071647215,-8.116030823954906,23,-13.56806954574383,-5.093101783026343,23,-12.799853171440972,-6.724103198178225,23,-13.27850033419728,-7.907847571236637,23,-12.462355215002834,-8.210601128914687,23,-14.3838907428219,-7.775429674623533,23,-13.444730752863066,-8.17374994732646,23,-14.284664637793988,-9.371870954951653,23,-15.1189739074965,-6.875150954426034,23,-13.165952076817193,-10.063406646541871,23,-16.26633950640193,-9.248259129943243,23,-15.866975047697363
631,-9.071594693050125,78,-16.647922581327766,-8.290573002945665,78,-14.375374453843401,-10.443334322230207,78,-15.655595564723763,-6.755480803410699,78,-12.923913279040967,-6.276568158485182,78,-12.74513907479071,-7.650080577458552,78,-13.916787580739683,-7.016626378206167,78,-12.39374124355325,-7.034506191139831,78,-13.855768611012177,-7.511427646164924,78,-13.559560624196209,-8.24196001639566,78,-15.614355161313625,-8.096514806974458,78,-14.741798120645432,-8.314857360366677,78,-14.478122671198616,-7.938392508309963,78,-14.517344896824824,-7.696531034234594,78,-13.056820492747228,-9.107311834225309,78,-15.22922677967993,-8.885481891925854,78,-15.8223290698578
632,-8.185009819085533,33,-15.337621226060143,-6.939012128131479,33,-14.973037866172557,-7.752520278566925,33,-14.66433968272457,-5.4493036313582,33,-11.471779498163004,-6.4120181589753775,33,-13.20335767670552,-7.252522128446133,33,-14.513221593261907,-4.455069378918872,33,-11.7418777287406,-5.913706929811491,33,-12.05002575936463,-7.9433082606518735,33,-13.873288861369577,-7.400270706500509,33,-13.393569213430514,-8.516625254667362,33,-14.672154824818493,-3.9808262249044746,33,-12.889893927682525,-6.2917199031342825,33,-15.657385466678694,-6.58950445268699,33,-13.829557596092455,-6.788237470422685,33,-16.22688212811589,-8.643163742524951,33,-13.824086620841998
633,-7.941435442148622,44,-14.544777968254483,-6.303164023159042,44,-15.139934346624354,-8.151288121485194,44,-16.17836972955109,-10.480427400635495,44,-14.823329713735593,-7.536109986687235,44,-14.26969505347607,-7.291936899788169,44,-14.906351999541448,-4.880669144248928,44,-13.914272892086776,-8.4489536102346,44,-14.301838197921082,-8.47573616794566,44,-14.944721372033186,-9.32536223308568,44,-15.803148507603726,-7.988247569804692,44,-15.792498871457745,-8.756678025181518,44,-16.118809627734905,-8.496214664337312,44,-15.65171897269554,-7.744620404750929,44,-14.720816473295406,-9.952557017913824,44,-17.815507945688626,-7.871895247327021,44,-14.965945262246002
634,-6.704439148198656,29,-13.776401533951418,-5.305358642630182,29,-12.589903668042657,-7.1995726640774125,29,-13.80191760167965,-6.316196118656441,29,-12.91439044437466,-5.321510713288191,29,-12.08246413480483,-7.122541522429326,29,-14.717029761860513,-3.814379871993581,29,-14.530668048394123,-4.397836237029055,29,-13.290941517568044,-7.841343098094945,29,-11.818856652145005,-8.737455409749707,29,-14.64297779348202,-7.6144688663339855,29,-14.448361877869333,-7.170933549885655,29,-13.858534804279047,-7.703452542311355,29,-16.32674128094147,-6.089411178741958,29,-11.61665909105196,-9.013353781906062,29,-16.008823882930372,-8.908690986419455,29,-14.940812416218893
635,-6.6598021907440526,6,-14.928674921259805,-6.908199033267152,6,-13.956980670310067,-8.931680950466884,6,-14.359660891352421,-8.800794354206467,6,-14.364448099490987,-8.903411893789716,6,-12.676049456009125,-8.142317297136042,6,-11.63097988188617,-2.6956539339215633,6,-14.183320207230812,-9.422109590411273,6,-11.498581139288698,-7.610415763396963,6,-14.265054721276867,-8.385422257283865,6,-16.206685461347853,-6.235499706761313,6,-12.515313348670361,-5.277882770074518,6,-13.736363100804407,-10.505938649269487,6,-16.79076916292955,-5.763997784428945,6,-12.812462327245395,-9.12795102585526,6,-15.008569944272194,-6.557192428973985,6,-15.983266246020083
636,-8.012983818905234,7,-12.654636114868786,-8.55148087154214,7,-18.630751840135776,-10.903294843040893,7,-16.00300700112287,-12.595395097905076,7,-17.27676079653663,-8.11844434925265,7,-16.654861573400787,-6.636969156531757,7,-12.465968173770921,-2.1528465359649873,7,-11.026560122076871,-10.150501532523018,7,-13.508354198526808,-9.37851065517796,7,-17.43070269923177,-8.95551651090697,7,-15.922618670922692,-10.579855674540639,7,-14.539609738032954,-8.218100255569206,7,-15.70413451410979,-7.4399300948122775,7,-15.790904684754183,-7.853189076178393,7,-14.596259344979112,-9.47851401983373,7,-16.35338180206778,-8.967523540467747,7,-16.26693827551498
637,-6.612179071613555,6,-16.08351327757666,-7.760649092395104,6,-17.52241991923443,-11.692496944891111,6,-16.723142975231397,-12.19382791715086,6,-19.363657882811275,-8.011584503413308,6,-15.062785876095559,-6.324880268087663,6,-13.362804871889534,-4.501262481140278,6,-13.21298992948572,-10.400081346511609,6,-14.238717373668912,-9.709028738381951,6,-15.643145289392141,-9.286858140665856,6,-16.823231191339882,-10.63572151198219,6,-16.93033082236321,-8.116344394609705,6,-16.41219786202609,-9.464273632313315,6,-15.138404639665916,-6.4141232573996785,6,-15.252758601065114,-9.983235871338493,6,-17.42061459237312,-10.759516651528143,6,-18.12529948061016
638,-9.270188537043325,12,-17.17741028577517,-9.485940890277696,12,-12.548328870600297,-10.629356790542705,12,-13.695488699498071,-8.958768113893585,12,-13.57189701025689,-7.393391640831203,12,-12.168540615031024,-7.810907222993518,12,-13.710515403968397,-7.326320812714081,12,-14.14193570851789,-8.031515088455274,12,-11.966199839873052,-6.410588647573987,12,-14.316013853926517,-9.66153450207628,12,-17.19724217110442,-9.772976220277128,12,-16.539417844944182,-7.6857920994126685,12,-15.798839095197028,-11.092320616980398,12,-16.269867297532446,-6.518216482926147,12,-15.856581034930084,-10.420431874932287,12,-16.750004309067197,-9.658426546532922,12,-17.154300731938676
639,-9.717610792160722,17,-16.04717510924811,-8.226631467604541,17,-14.375362025032135,-11.394100688672422,17,-14.083843660196983,-8.441787789319944,17,-11.260915474127994,-8.477385428877033,17,-14.36166892284174,-9.149562313397933,17,-12.674425514575226,-8.861290786311274,17,-13.395059501029651,-7.8969710661241255,17,-13.730580513377646,-8.879132080072614,17,-12.754434794707443,-7.243774855314113,17,-14.350594379005823,-8.475628460346588,17,-14.655946264073766,-8.725653651733133,17,-13.79279102715527,-9.75003084809081,17,-14.443761865704003,-6.297102763562891,17,-10.426083873395902,-8.580807970845868,17,-14.880661568206373,-9.737753874522129,17,-15.938934259786567
640,-10.748953578241526,27,-16.857169516860814,-7.733374185413377,27,-17.456758720757477,-8.6080861312593,27,-14.582491254955361,-8.603403002416233,27,-14.642739515190272,-8.023255841289872,27,-15.050251103771547,-7.687854759732246,27,-13.285075673051894,-5.61100728149721,27,-14.381341599959283,-9.010518973372587,27,-14.509399753721581,-8.071829658121224,27,-13.998639699689267,-9.143748371705748,27,-17.152005290310104,-9.326464934315602,27,-15.922938691203115,-9.377746433881795,27,-14.556166301436953,-8.55847661806439,27,-17.029937986740272,-5.769672436703002,27,-14.963356817646904,-9.17740040893498,27,-17.510093396864402,-8.153474479436476,27,-17.586875535972574
641,-8.443854461365525,35,-14.473278959239233,-7.4758565962401775,35,-13.688873351510848,-6.786550627291916,35,-14.91063986128346,-5.136199281472036,35,-12.202280362956232,-6.595835594250562,35,-12.528998415551523,-7.596770469715123,35,-12.149362293895859,-5.784868070154616,35,-12.774139729901023,-6.180649496781103,35,-13.746164486954095,-8.323381682769885,35,-13.935476651299421,-7.976628800526862,35,-14.237603519079274,-8.47936464779841,35,-13.962231749754505,-6.020403051254403,35,-12.574719621435051,-7.048245172363973,35,-13.071527312960926,-5.297444098574075,35,-12.069323969755407,-7.0908646343885735,35,-14.910756294475515,-5.653149263190152,35,-12.611909022268637
642,-8.877236264883242,8,-12.084021135304841,-8.628480231336983,8,-11.804442669167168,-9.162540534645245,8,-15.342350320207835,-8.249373387127925,8,-13.84371159868272,-9.33801368848359,8,-10.95164417614442,-5.3954361880979125,8,-12.061044139770583,-6.023964126827998,8,-11.185832888755797,-8.874648384910337,8,-12.684465620391915,-6.775870948833253,8,-12.259115538928711,-6.337974583613036,8,-10.851365815695255,-9.667040115777223,8,-11.899088111197608,-7.289941213845675,8,-10.115537198263308,-8.175505562192027,8,-13.705872458892475,-4.886890297463276,8,-10.770382372270422,-7.333319307065242,8,-13.793806471285436,-10.747978545859658,8,-11.963157896989747
643,-7.4769888511821865,23,-15.842968552391598,-6.8692729308636,23,-11.791001401055446,-9.651987924516732,23,-16.46482098403028,-7.570668778881583,23,-13.08276362138219,-5.994036629234685,23,-12.218755623281137,-9.656445503929996,23,-13.408198664595192,-6.1927596242991365,23,-13.928882965162936,-7.855600496526946,23,-14.454867305112382,-8.367368285709086,23,-13.644293851885612,-8.47029054269481,23,-14.729500314992329,-7.277151713787028,23,-14.45480554117661,-1.2159412705353365,23,-12.556688303954981,-5.947095373668878,23,-12.968839337708912,-5.894569584933189,23,-12.993545706875192,-8.270692369746735,23,-14.704224695592384,-6.355934997651823,23,-13.25166633586177
644,-5.793118440134661,18,-14.972532226072119,-4.620167991382251,18,-13.799811591537834,-6.016502921931184,18,-15.252393122496539,-4.955095910956345,18,-12.316901325051886,-6.407911089385786,18,-12.069464054607844,-7.194097661862394,18,-13.307861321204207,-3.9838056747453825,18,-11.879973905858154,-3.9463661037720357,18,-12.982705209959455,-5.405306469502671,18,-13.537250676001218,-7.083146329415851,18,-14.012700275677393,-6.717829452774382,18,-13.6050576646781,-6.617233499051408,18,-16.3072260599925,-7.116836459362429,18,-15.373764031617599,-7.24582917337305,18,-12.140977257643193,-9.118014390985321,18,-16.1004814287462,-8.14881694534094,18,-15.2593168791687
645,-4.324389157409641,88,-11.152687096653542,-4.176739773849895,88,-10.314736286130042,-4.888274881889194,88,-11.567962565849964,-3.908865247152936,88,-9.429924565252362,-3.854191573265908,88,-9.70898582186491,-4.750044266956751,88,-10.341372456259254,-3.80383741405537,88,-10.20786321672238,-3.3081102329352645,88,-11.494424310828386,-3.8921641553337833,88,-10.535770111137701,-5.328884124253843,88,-11.424043420765999,-4.509368752056181,88,-12.564835132427865,-4.312571164679959,88,-11.540615589751573,-5.4255140099042105,88,-11.922688763727283,-4.4773691306380305,88,-12.693891340263441,-5.424091264748995,88,-13.131591406654676,-7.922182695524743,88,-13.343668144008623
646,-8.160866255283162,15,-13.448875823873816,-7.822691435198925,15,-11.040525617053374,-7.624760425230029,15,-13.139225690777463,-9.406287843508323,15,-14.044382688284646,-5.933394458558245,15,-12.319293360951374,-6.853511800081064,15,-12.125435473829771,-5.328459001106987,15,-13.537286795823235,-6.684762068453449,15,-13.941912021456043,-5.66070153277093,15,-13.55952164157892,-7.692188164708941,15,-13.864820588046776,-7.529103872075378,15,-16.723209772174208,-7.983255465484703,15,-13.188981250151938,-6.721532663298634,15,-12.045713793884527,-6.228134313159409,15,-11.388158864156528,-8.922828811456528,15,-16.786437145750973,-7.8918015631652905,15,-15.289635741848354
647,-9.00830963936358,14,-13.193388164645242,-5.388286145255817,14,-12.72417340305805,-7.761920678290634,14,-10.52691000486347,-7.078008369658777,14,-10.943261705049878,-4.940298152854176,14,-10.186015521784368,-6.547366160624247,14,-8.63800403897953,-6.533255445404985,14,-12.88032467930779,-5.9256294093394715,14,-11.176986722780786,-6.129146326276893,14,-13.127077852182188,-8.159405254910293,14,-14.031005439543414,-8.861119752919276,14,-15.492114503455523,-8.408028013698603,14,-14.618124299169041,-6.999599889899855,14,-11.327683704278256,-5.004474108598636,14,-12.355920209347076,-9.50359635190724,14,-14.421326424845546,-8.310937819856857,14,-14.341327636139784
648,-6.383611495149271,11,-14.418273689449668,-7.010396222607272,11,-12.330358996982271,-7.126390927809605,11,-13.346012834556296,-7.379849203422955,11,-11.683393433893976,-5.098941572730109,11,-12.414930385380046,-6.58524973537477,11,-14.052074101208307,-7.172079957882264,11,-12.062882956973997,-7.842251200123481,11,-12.285939136815095,-6.434368669187952,11,-11.069436338865406,-8.421576286641518,11,-14.807236531258727,-5.686069747442346,11,-14.425869964585502,-5.611290718574525,11,-12.407552590785254,-7.004679370202414,11,-12.67283655256524,-6.692219164318214,11,-12.042621234100864,-9.1546515314445,11,-13.562948456151291,-6.977812182001772,11,-13.999982399627608
649,-8.737531565594583,13,-15.391953750312018,-6.803436906051007,13,-13.007560377973384,-6.887077701644575,13,-11.603874342973075,-6.0882491111734405,13,-9.245962595988392,-5.072478019009212,13,-11.262684808341133,-7.593643088769153,13,-10.787157144822785,-7.674960029440735,13,-11.775701215784586,-7.1630248133873495,13,-11.76036989402723,-7.227899686013746,13,-13.017305428453337,-8.56073613168937,13,-14.561692299033162,-7.653696536051202,13,-14.054026543269465,-6.573591829526189,13,-13.335881370896132,-7.797361398130976,13,-13.13790174806332,-6.700863748341067,13,-12.688793807187366,-8.888651528360295,13,-13.596535602233127,-8.553978308564647,13,-16.253921181293574
650,-8.8625663750263,19,-15.539956337933656,-9.196320403076554,19,-12.693596210211762,-9.504292519850008,19,-15.297422143382137,-6.94640353313981,19,-13.5498067109129,-7.682337960617497,19,-14.159061045560811,-8.124473454572357,19,-15.002850198908458,-6.366460246835368,19,-14.06342835828382,-8.175878761837998,19,-13.534839863693161,-7.83557821905103,19,-13.515386929887,-7.944792084705803,19,-13.676397100171265,-7.546278306361457,19,-15.384567647654894,-8.621600182855277,19,-13.914955447339363,-7.433275976267168,19,-17.45090786335313,-6.924669081220212,19,-14.520325069159288,-10.488654138112574,19,-15.78877951847307,-10.45747222165006,19,-13.424527653189118
651,-8.005065864202333,30,-14.082136894328727,-5.692673309935106,30,-12.442217534543543,-6.0262768857836155,30,-12.023128340058305,-6.573015112812478,30,-9.549171284214271,-6.354031326042011,30,-12.549348785254828,-6.691258989207448,30,-11.308072511273142,-7.6787586295288985,30,-12.322827278917945,-6.092474403286844,30,-12.013593280993549,-5.025273859392923,30,-11.766542079545774,-4.892444094867746,30,-13.265082938603838,-8.990850334547288,30,-13.783168535999215,-6.7316814092268995,30,-11.921957020419839,-4.713577415971084,30,-13.329556270658449,-5.927572669424363,30,-11.999659903214292,-7.608812671190687,30,-13.250977799589915,-6.484836612662214,30,-11.398441792572857
652,-8.0891231834419,15,-14.624661458998949,-8.631793417957978,15,-12.648620244279998,-10.099139465898816,15,-13.922391893365035,-6.961733163335296,15,-12.626739861489657,-4.033483246723606,15,-11.303080792109053,-7.630208418854166,15,-11.627935769093149,-6.887888421710101,15,-14.230888640166189,-6.1276695836480135,15,-14.967660129392463,-6.1745126168278315,15,-12.109779766703031,-9.111595905526615,15,-13.746687755944532,-8.262065765848893,15,-16.126704812847205,-8.02766964264038,15,-13.299873332932961,-7.945102714867983,15,-12.698263284708597,-10.179346840893933,15,-15.803781944056439,-8.78149361684149,15,-15.769716471233082,-9.240507996097064,15,-15.398775748491921
653,-8.125683782617667,45,-12.749045231334206,-7.707122637379667,45,-13.684953207901842,-8.844914733714743,45,-16.286906433915533,-6.30640884693724,45,-12.669018063626647,-5.44933914107252,45,-10.919873359673007,-7.849515132092555,45,-13.222177887124651,-8.106791971119332,45,-12.078008361268562,-7.093180746343273,45,-12.056433555847363,-7.641764516320286,45,-13.446770543168165,-9.275098925119353,45,-14.138966349103265,-8.548997139113133,45,-15.712268398063669,-8.192940435869161,45,-17.612153336375037,-9.72247008623336,45,-15.861125832957832,-7.072407297375216,45,-14.349335922613296,-9.588673437484017,45,-17.49692750921645,-9.199908179661193,45,-16.062319525832812
654,-7.121786791250049,31,-14.785735204370445,-6.662822230266827,31,-13.734449100213634,-8.592519308995822,31,-15.035703203592456,-7.96816373142354,31,-15.398188824792998,-4.402550725105325,31,-12.366753096457774,-6.3866584840193665,31,-12.293880718069667,-7.379126176383269,31,-12.442248680755343,-6.048118659410131,31,-12.794549941587906,-8.002791301468875,31,-14.420602770515703,-10.380052773565518,31,-14.92859908927336,-8.21061766748625,31,-13.782967664896264,-8.396511232725574,31,-14.886584097235582,-6.956877927155589,31,-16.54221562429735,-7.093037525976284,31,-15.619766274298922,-8.291573086666945,31,-15.900083823145541,-8.481212464026015,31,-16.315198349170693
655,-9.240398634564398,82,-14.531587945885702,-10.169624108059452,82,-14.174858564071155,-10.850087799584983,82,-15.877446485759057,-8.458212574813054,82,-12.750161528344105,-8.187118775554453,82,-11.958484201183794,-8.81738122631656,82,-13.140920536055933,-7.6433754123007835,82,-12.46859906348307,-7.241754511969033,82,-13.998369673915366,-6.898155461406134,82,-13.947642781699265,-9.928277397149644,82,-15.712449513605476,-8.395293101073097,82,-17.10060507164434,-8.942904643659931,82,-17.074632639837624,-8.235491800706692,82,-15.923709221678568,-7.568591850851237,82,-13.635454735362417,-9.131842861953956,82,-17.146933433964055,-8.15893501104648,82,-15.284958225671419
656,-8.974702171906282,22,-15.117907994217425,-5.8050060735257,22,-14.376218372197744,-7.5287766620986964,22,-15.954325839084298,-7.241560533054365,22,-11.641481909550304,-3.6148916279867986,22,-12.779888947574555,-6.680370509805544,22,-13.364427064842918,-6.308718583576462,22,-12.897764871530367,-7.128182615656079,22,-12.323578474555374,-6.645596353728531,22,-11.107600367660094,-6.949670395415804,22,-13.373059246641194,-7.661167317732012,22,-14.728551908379188,-6.126812953137799,22,-14.627077089728322,-8.785437174985042,22,-17.517208936975564,-6.611888853218032,22,-13.77230989318662,-6.757934117814663,22,-13.692807960839616,-5.921543346753101,22,-14.245964820340141
657,-6.882345777979881,27,-14.20350095759474,-7.210835931010294,27,-16.37600895579119,-8.480852640289738,27,-15.33230231987753,-4.336676695943417,27,-13.845508956294017,-4.615552930161837,27,-13.004995125437539,-6.479207331554968,27,-14.336546750384349,-5.247085989338864,27,-12.902430874794133,-4.3467932832234215,27,-14.873891383334296,-7.140737923455006,27,-13.411510907125754,-6.869099507484698,27,-14.54246697400669,-6.121902803453862,27,-14.881037739222975,-4.911122311358102,27,-16.877563765823425,-6.396573179389998,27,-16.22062904801909,-5.566690013579787,27,-14.33317314584926,-5.712854647923238,27,-12.737264423103959,-6.9383052854351,27,-13.76910074511782
658,-7.923136757858691,48,-15.176971584586873,-7.781304561573087,48,-12.303697563093166,-8.863160563098544,48,-13.395044078429441,-6.1103285151663735,48,-10.750677845641237,-6.575852387629489,48,-10.880801894766856,-6.93192380946439,48,-12.385324677349827,-5.622641487698068,48,-13.216395527349494,-6.501617238168173,48,-14.055175399598593,-6.144971792293617,48,-12.521316820942447,-6.847267296342032,48,-15.686126939623907,-9.794620505339381,48,-14.941336122491984,-7.62889493799735,48,-13.684690835998163,-7.260413713905571,48,-15.571064134567848,-6.759752033996653,48,-12.405618802020314,-7.3894582390079,48,-13.420310630319044,-7.505981402443183,48,-14.765737685331217
659,-10.558059054395281,52,-16.937490403281878,-9.855544360099923,52,-15.296043279507028,-10.989609405713725,52,-15.72811351541562,-5.962291546783205,52,-12.484384191395305,-6.472197896550453,52,-12.66177330928009,-6.288700524257825,52,-14.018525103595278,-6.466988319223526,52,-13.000691188525103,-6.500175050403226,52,-13.107561587606874,-7.107655460128175,52,-12.83383222183307,-7.990620383761769,52,-13.629481756266031,-7.685096744063285,52,-14.546744892084822,-8.338916500656342,52,-14.992714857441086,-9.482808076966375,52,-15.385371699323617,-7.228008858661616,52,-13.517466189501313,-8.710926491118402,52,-14.989427004248714,-10.131377734059509,52,-14.263167101529113
660,-10.419072728373992,24,-16.348028498903204,-10.351026237879793,24,-15.329564662015862,-10.391063664013792,24,-17.234850162032604,-8.108392956842659,24,-13.664324266641577,-6.994987108167466,24,-11.37866086029591,-7.342208073146499,24,-12.088870409663091,-8.327482971424196,24,-13.585491706650224,-9.248094342869809,24,-12.792537279173452,-7.518447066467049,24,-11.842704575191112,-9.203061309122837,24,-14.863836899419944,-10.85630873036456,24,-16.85366670806941,-7.938414211129414,24,-15.777740485890481,-6.542320422963394,24,-15.271889021908354,-5.727327601009074,24,-13.33486368229374,-9.520080279584539,24,-16.281699244468502,-9.178947060030964,24,-15.079609182255393
661,-3.173061552430854,31,-11.758224205241262,-4.209827492978457,31,-11.2381806267396,-4.260605844262448,31,-12.487145701925444,-3.7607212913215,31,-10.368153605184599,-5.135287620205988,31,-10.239398072411623,-4.133948310157663,31,-11.580047598615488,-3.9275606186998866,31,-10.942806007361314,-5.649322064346771,31,-10.000380319103163,-5.886528910611931,31,-11.001420042239094,-3.097406241722276,31,-10.556834964346951,-5.157288309733757,31,-12.858526507137672,-5.173757250762744,31,-12.165324506246476,-6.029283979761379,31,-13.051481143834733,-5.0259212592202225,31,-10.959867947317225,-6.45402193088233,31,-12.970436015258928,-4.85792426172962,31,-12.134104325135395
662,-3.6318501676815034,86,-11.441249931671308,-3.0284803537701093,86,-11.276603644135886,-3.247100172119914,86,-12.123039802622618,-3.3788470773610593,86,-9.851963242676941,-3.4525345699516157,86,-9.362810064638818,-3.4633255979862354,86,-11.145788083868462,-3.168462019044249,86,-10.509398823597218,-3.711753081048854,86,-10.59185091686673,-4.910603566117446,86,-11.488062901210611,-4.550838344073098,86,-11.735705840668803,-4.932409183074425,86,-12.352180981418648,-3.748483266474862,86,-10.90160682361657,-4.464417880204245,86,-11.48074489067521,-3.1347047342237944,86,-11.32922934474642,-4.583585242525914,86,-11.704947249396316,-6.056093483733479,86,-12.002264041579858
663,-4.1709500374370165,38,-11.975790799808873,-4.505287269006075,38,-10.873611041540226,-5.028493054074228,38,-12.259535591857876,-5.035163652265661,38,-10.839994406175329,-4.430548482015958,38,-11.531504810765655,-4.8666041717925745,38,-11.593316023884277,-3.1420596608384095,38,-11.567321187634509,-4.3657259832298365,38,-10.825580001981692,-4.871294879772596,38,-11.32399768937531,-5.9144294923021965,38,-11.314863443114893,-4.728877285769956,38,-14.065618563647998,-6.059231670592512,38,-11.542458382709931,-6.678305090048974,38,-12.106366377425385,-4.221611552938805,38,-11.594525203489702,-5.726246338908474,38,-10.8959744059335,-6.35362010602365,38,-13.400245771917703
664,-8.98117740485812,78,-15.982191903397533,-8.746326562987662,78,-15.530462152948596,-9.086743139841069,78,-15.485637459747945,-8.078127713650634,78,-13.515113376006182,-6.343857131210546,78,-14.45926395872693,-8.31677773387236,78,-14.032384685204036,-6.165479567427731,78,-13.07031060557232,-7.285792960571671,78,-15.093836269275966,-7.103357755288291,78,-14.654353440528617,-7.478035709959831,78,-13.596555992223315,-6.663886179968401,78,-13.930545171198345,-4.177751330659037,78,-12.610109280787032,-4.440214987923058,78,-11.844982338913253,-4.119025876702873,78,-11.213503508929485,-3.9710327251695747,78,-11.778766483260565,-4.958812707955746,78,-10.630672400281401
665,-7.672888432916666,60,-10.54873513080743,-8.338162414722692,60,-10.054798584551959,-7.671748923256797,60,-11.290481257187736,-6.413830648910493,60,-9.857799941107105,-5.042949794720574,60,-9.434929981238312,-6.4773426455635725,60,-8.854122903547559,-6.343083578381147,60,-9.804453300496714,-6.019622996118088,60,-10.101355933475581,-5.873674452498029,60,-10.077853909560181,-5.375409445553812,60,-9.030281043065079,-4.820635474411047,60,-10.453979585057262,-3.820512334928834,60,-9.174858840591561,-3.284027557184615,60,-10.06578213970567,-2.8709843858003508,60,-8.037626679652965,-4.476033364942457,60,-10.015111414406455,-4.017632030545898,60,-7.882888934877855
666,-3.6515243398413686,134,-10.00062877228034,-2.971791005675844,134,-9.952900260406963,-3.163927597570739,134,-9.900002934917602,-3.277757757160878,134,-8.48050607582741,-2.82890612021474,134,-9.68684309439425,-2.7624079816613096,134,-9.236078493567526,-4.050585430754766,134,-10.379066614847716,-3.901135538662585,134,-10.32399920257445,-3.961932633806443,134,-10.766155781032769,-5.4036840167475795,134,-11.74438304086924,-4.739812906033229,134,-12.016533008719186,-5.494047180010357,134,-12.480307738271845,-8.273942921185387,134,-15.526816102877191,-7.67518019291899,134,-14.585395644418039,-10.10082210623482,134,-17.660423359510236,-9.549232275749244,134,-16.985706237358315
667,-6.823845939415892,30,-13.249649437390127,-7.541749859668685,30,-12.08155295105457,-6.903505826169969,30,-13.940269705329484,-5.963137068545365,30,-12.869397861741515,-7.223344205973262,30,-13.635489461881892,-7.851080201086932,30,-12.932376927448669,-5.587482219154028,30,-10.498089008572594,-5.685120092708624,30,-11.663375846840662,-6.220940628589883,30,-12.841832546909334,-5.599649875560836,30,-11.646536503258497,-5.003766947413274,30,-11.979379446826693,-4.927241080184465,30,-11.6314005472963,-8.328359606271615,30,-12.004715789518263,-7.476881271615058,30,-11.477124979017752,-5.907555555894616,30,-12.968205504964933,-7.00011214321525,30,-12.337260387520306
668,-5.736722808315861,11,-14.132386226100486,-7.306826244099854,11,-13.787863629703903,-6.310984717318915,11,-14.154094078328548,-8.028495052065143,11,-10.909779085785704,-6.372425571024214,11,-13.498489067179158,-6.576396542282077,11,-9.905235756510534,-5.110791894333274,11,-11.12577208494997,-6.108860652571345,11,-11.598840821708114,-6.4705085280422905,11,-11.189480288905392,-6.820507763699416,11,-11.057774970999377,-7.173153833247907,11,-11.89237048848317,-5.314260467582965,11,-14.571678388742173,-6.060871654191265,11,-11.044531022351254,-7.543774667800086,11,-10.161251993077746,-5.634595214356035,11,-12.750760658970343,-5.87188460599367,11,-10.021918530067168
669,-9.646345693587614,13,-15.70329180919353,-9.744879956908369,13,-14.752604098210112,-10.301281865638924,13,-17.687635943778204,-10.184019802269493,13,-14.981678949476509,-9.25273957880718,13,-14.767519615098761,-9.531669204675644,13,-13.622394508969855,-7.741005867865204,13,-14.20957483275538,-8.169780333847548,13,-16.91595462296664,-7.9627309757094284,13,-15.367905365413186,-8.391807333404431,13,-17.66031262661874,-7.187413951829686,13,-14.807611356952929,-6.426238779913387,13,-14.320040782306883,-9.458453873953518,13,-17.33702288422031,-8.878392805690087,13,-16.29413496850109,-6.581519729337022,13,-15.279597031493665,-8.96555789501509,13,-13.680752099617733
670,-8.348885126184971,24,-12.952818957452518,-6.621741595617664,24,-12.108478658622609,-7.126668021374774,24,-14.674722138445135,-8.748749502757986,24,-12.81243670525136,-7.4009406875146695,24,-13.690155332805427,-8.095172076075276,24,-13.634146481247322,-6.323573535600991,24,-12.710262133848326,-6.007840229315703,24,-13.57150428184273,-6.861866860495859,24,-12.526188904211619,-7.839275507076735,24,-13.786712647831944,-7.040225813305274,24,-16.579286247577386,-6.472691626129047,24,-13.511037620144721,-8.258210787306389,24,-14.47149661626446,-10.17099419500262,24,-13.405790168422085,-10.670792152429316,24,-14.539728279894552,-7.678734941581258,24,-15.189474888853221
671,-7.113204385485272,13,-14.73221805408583,-7.888722633253077,13,-14.766651679774757,-9.400381833460973,13,-15.80121013362109,-8.610595758140926,13,-11.584055700759171,-7.285201180751195,13,-13.846767961870075,-7.307786937351843,13,-13.469477149652342,-6.601993506284913,13,-12.474709331250441,-4.492457320392954,13,-12.354028548016496,-4.984797141225915,13,-13.06362542991703,-8.997828074524051,13,-15.19536025024647,-8.23741695078785,13,-16.084722181664517,-7.074541428127864,13,-14.554706730252567,-9.497279718398723,13,-15.026169763758734,-5.51909436419301,13,-14.19269252875398,-9.68436924434292,13,-13.490222948398753,-7.767086583672222,13,-14.606414025525789
672,-8.913861775878773,10,-14.942973411208113,-10.379740717027152,10,-15.237801480354838,-11.761137286574426,10,-16.84823722185433,-9.654523322713903,10,-13.08993417231607,-6.764895918717883,10,-12.680345457214843,-7.956355103997854,10,-16.07072406388685,-7.698924232927721,10,-13.932726129165703,-6.997667168740761,10,-16.28961096280021,-10.816690862726379,10,-16.303989447828606,-9.87948801238095,10,-17.723686072523787,-11.25470468562832,10,-15.513363752485855,-8.89702350302006,10,-15.882830641560815,-6.703803608582922,10,-16.023497551938227,-8.688906852111899,10,-14.539475620965998,-9.040244370053944,10,-13.463475674717705,-9.959220186007183,10,-15.421850042097116
673,-8.252772008561955,8,-15.614546629301875,-8.052403933696796,8,-14.208898813150588,-6.5557709231815835,8,-12.738415756332902,-7.717297949229696,8,-13.20651438342717,-6.0054703219248795,8,-13.034121466448699,-7.763487621850858,8,-12.92165699416078,-7.278110165215957,8,-12.380045683486642,-7.471765447821104,8,-11.065177225343103,-7.6235929904736155,8,-13.836835702818,-7.661662657194279,8,-16.00900431264486,-7.837691935182346,8,-12.339886850395095,-6.892260507158127,8,-12.932876795415464,-7.762982693742972,8,-13.935062537058112,-5.988961411304604,8,-13.971990355489933,-5.861787669757298,8,-14.309281966244058,-5.780573597249804,8,-15.399505698208557
674,-8.742035972304668,36,-17.330318195266543,-7.717351374075166,36,-16.113969511725436,-8.973516207701511,36,-15.271549592384229,-9.063479493963941,36,-14.503862765421545,-7.648462898312905,36,-13.551005635568425,-9.970999058529227,36,-14.820468730597113,-6.072614053824259,36,-14.315721634349845,-8.294557696770404,36,-13.512347847902653,-7.167947344712347,36,-13.158884914051638,-8.886670408873691,36,-14.380570800446208,-9.801316624086764,36,-15.294967550020353,-7.606027171841089,36,-13.236939764606868,-8.176088947981224,36,-15.514682183287036,-7.380360521863895,36,-15.966054662338413,-7.253106128714551,36,-14.79693931596481,-8.21180677442565,36,-15.50787921244067
675,-8.429866128446971,17,-16.0072609011876,-9.234576276210966,17,-16.501341136845124,-8.856941778403623,17,-15.095374199688855,-10.495691484594554,17,-15.525271245891117,-10.217967178683853,17,-14.766729042402936,-9.364102929403337,17,-15.123168273655889,-8.81442292343838,17,-14.251106383197012,-7.443060507369018,17,-14.723608188167354,-9.51729709592836,17,-13.565343863200141,-10.78331577131291,17,-17.04193479165497,-10.961578032534966,17,-18.402120512833548,-9.373449707302115,17,-14.990120175229276,-8.817754847384945,17,-16.63210913215529,-6.5974475137873245,17,-14.52137115588817,-10.704666278399024,17,-15.184390895089184,-8.06104029366151,17,-16.26656416264131
676,-11.315576342340224,9,-15.261313394621801,-9.816920498426377,9,-13.71686384429445,-11.99640244785012,9,-14.561970962493868,-10.751749942782773,9,-14.371616753236772,-10.990935010896571,9,-15.090731646609012,-9.10987734273222,9,-14.39787686125799,-7.925349972955575,9,-14.00067702747961,-6.536081473943654,9,-14.379391901576493,-8.977084040860214,9,-12.493330048239121,-9.669051155256053,9,-15.942058140170083,-9.50697489638987,9,-15.277630931764339,-11.533672647270865,9,-15.405255960776492,-10.51164189086431,9,-14.947672418164608,-5.854336859491638,9,-12.863086571655435,-7.838321816320395,9,-14.720137574930947,-5.922055044166775,9,-14.479222758120976
677,-8.314706317673878,8,-14.18484064204157,-7.954741104463946,8,-15.669639610293311,-10.689646027610497,8,-16.774227357567682,-7.853606467966406,8,-14.026292961321731,-8.176851755656289,8,-13.401605260759803,-8.085076777294201,8,-15.89510477598436,-8.149425635548928,8,-17.862808953526446,-6.551584337031702,8,-13.142959804426646,-9.911924135087096,8,-14.120422138555975,-8.117705305179395,8,-16.629365735556107,-9.392855196487652,8,-14.37031402514969,-9.807158223011049,8,-14.433961728581862,-7.900696541263697,8,-13.569294544500696,-6.305366108437221,8,-13.545879076380064,-11.156091523698507,8,-15.85151213817828,-8.985567964868196,8,-15.104770018083363
678,-8.940034011136737,55,-14.158292308023057,-8.381179156215007,55,-15.55182932289284,-9.045103397204077,55,-16.3066097102898,-7.99172812058357,55,-14.225306218032895,-8.302670252985047,55,-13.342964541788408,-7.683060590505598,55,-14.758933435848437,-7.353604655742512,55,-15.612176127170358,-6.741759735706671,55,-11.041471828197524,-8.092682731836318,55,-11.35131173547887,-8.730902677839076,55,-14.15999172644751,-8.259314958525355,55,-15.463327626990894,-8.261760179025154,55,-14.730110961970475,-8.596121231774115,55,-15.192823347679514,-7.388792841672052,55,-12.35160328843799,-8.142774039284795,55,-15.27711276889671,-8.597477179329179,55,-15.130730749885037
679,-7.236967219164874,13,-15.860918422047893,-10.241616953895214,13,-15.687466538356434,-10.395200866382684,13,-14.96322725660739,-8.753305283114848,13,-10.71515854216997,-7.275080428378962,13,-13.114684236861667,-9.395249830008737,13,-13.387842500398614,-7.1056735504674915,13,-14.334284235220238,-5.785500420711759,13,-11.754603603807531,-7.361077809730841,13,-13.144680710592283,-6.371895122931713,13,-15.274420790761269,-6.795605425354801,13,-11.643298401095919,-8.932868729095327,13,-12.211759282414722,-8.838914320411087,13,-14.136553290117996,-7.787121790892831,13,-10.090149843601795,-8.902745508150758,13,-15.079120903236854,-6.97489130093325,13,-15.87973058353571
680,-8.726749719632576,29,-17.148896837684138,-8.92424170659589,29,-15.682910136012474,-10.172656911881184,29,-15.296957422408324,-8.806561757708167,29,-15.437561622577737,-7.388500558103286,29,-13.52740634759831,-8.339238660705954,29,-15.454043818227127,-3.9854433429904534,29,-13.121912373738972,-6.013977287127176,29,-12.883858483146247,-6.536001599523086,29,-13.57688679909387,-6.438106995393479,29,-13.890118759497742,-7.956630070017293,29,-15.350516039008987,-9.598159209990914,29,-13.639832727976096,-9.181015274345327,29,-15.474146919875748,-7.575625722154732,29,-13.0213612663616,-9.16358006558277,29,-14.760952852042111,-8.25800634465821,29,-13.658051520169739
681,-9.68745134725276,25,-17.00273021469869,-8.334098835668897,25,-16.97311607829162,-8.632652925329388,25,-17.17598220299547,-6.682733201598882,25,-14.228114070787818,-7.06049002759726,25,-13.73105354702076,-7.836332036876246,25,-13.657991735486153,-5.345372300526372,25,-14.776540745702352,-4.827010762364631,25,-13.657812044706652,-7.315296118101183,25,-11.587625726985745,-7.045751611606269,25,-12.842620995081578,-5.3328993564778235,25,-13.193595770384993,-7.575561143787178,25,-14.073506881758846,-5.997878486938348,25,-13.650311279948346,-5.366411922186921,25,-11.925537118867046,-7.694610146889113,25,-12.531099702277135,-6.621486736891178,25,-13.97927696023957
682,-10.143224468334166,18,-14.675167247543833,-8.691434354060377,18,-15.352525518859665,-9.09970613346389,18,-15.542006697453925,-6.775071905436702,18,-14.00846679527331,-9.994201163006252,18,-12.985431504719367,-7.201711448474349,18,-16.958503958037042,-6.666857734251512,18,-12.870917648050476,-7.465838811804351,18,-13.000967339092277,-6.051931628401932,18,-11.01139987167742,-6.428542630224148,18,-11.804673859418017,-6.8968912388962265,18,-13.07836502525273,-6.597949609311077,18,-13.057471905321531,-5.962670416616712,18,-12.050888757115857,-6.740583531528451,18,-12.550661103216518,-8.189055663153503,18,-14.99851289281886,-7.8083010491087,18,-13.807853371026383
683,-9.02757307962542,22,-15.778611809751817,-9.560976221753988,22,-16.673013625945984,-9.067105432832394,22,-16.975426908719903,-9.842077274959447,22,-15.183753818561849,-8.896380032362199,22,-13.991245364789277,-9.439923355377761,22,-14.944221032618067,-9.914829535280724,22,-14.246589339194527,-8.599974625038708,22,-15.02616310269693,-7.641227497592492,22,-14.52122079724731,-7.47284718663292,22,-15.15372943096503,-10.926073554648523,22,-15.755455752348373,-8.684939856432777,22,-16.230636730371096,-8.622674278716037,22,-14.473018291231359,-7.760968697493027,22,-13.974137683861919,-10.44345870667402,22,-15.662224136500223,-8.731434933320694,22,-14.591047434905128
684,-9.276533341195142,17,-15.115412433658637,-7.708032211598699,17,-15.244582712659,-9.908618099109148,17,-15.714800639804963,-8.90637227663723,17,-13.0734038044606,-5.284613269995889,17,-13.234685560077954,-9.124051510479132,17,-13.681017762295973,-8.600797954860216,17,-12.38324052228041,-6.672548092617257,17,-11.811640332925066,-8.084199641474298,17,-15.007533732229064,-8.54513498543226,17,-15.772340282575266,-10.186578224986159,17,-15.507148858057489,-7.365062865899626,17,-15.090849461003549,-5.670372297583787,17,-15.099771139141907,-6.297461912811791,17,-13.591167378312893,-7.647774140639362,17,-14.894222558714201,-8.925101209236901,17,-15.475911460084639
685,-8.256132456077017,25,-14.48222714854573,-7.809850945803229,25,-13.388569492593001,-8.18567765306241,25,-14.779733777144585,-8.12994025523546,25,-11.893833509339142,-6.603631559357247,25,-12.201221547936498,-8.94301289057731,25,-14.420412336760812,-7.005085914963866,25,-12.271079374349913,-7.04457148985719,25,-14.036953656691168,-7.203299570423929,25,-14.580368789117061,-7.567283370838293,25,-15.563724779890386,-8.33595807916142,25,-15.732344495363648,-6.817174858657672,25,-13.824515240319872,-7.158180578557757,25,-14.417503903916398,-6.900644036013169,25,-13.14263708026431,-10.267762729471759,25,-15.510948535310243,-7.926666505851536,25,-14.962108250871076
686,-8.76007603810567,22,-14.490434601123212,-8.72892140577541,22,-13.915710429494734,-8.551346636031028,22,-15.113737602415487,-6.386720372660047,22,-11.651370476030504,-6.115212898876656,22,-11.577731524839779,-9.750998048807487,22,-13.42132012357448,-7.121458243588296,22,-13.03503333438295,-7.647280152868875,22,-13.542705547670007,-7.296172925615041,22,-13.458884085354928,-10.196189127589104,22,-15.481893533289934,-7.580288029598997,22,-15.443055423099814,-6.73413817203798,22,-14.138046709908217,-8.352508739744174,22,-14.859446052985001,-6.753444338864787,22,-12.446510918412912,-6.9882753662883434,22,-12.26718377453418,-8.857119773831837,22,-14.842815791058435
687,-8.26953728254434,21,-14.895950134563282,-8.035310031495282,21,-14.092680998894798,-11.121263170019098,21,-15.507734877528126,-6.37319592348507,21,-12.340403115363113,-7.307469297688071,21,-12.720595169819529,-9.61895337119389,21,-13.724225986641581,-7.432566861983063,21,-12.751252662080875,-5.317552437766246,21,-15.341051296319204,-7.974454102119378,21,-15.513444484838544,-9.705635907248828,21,-17.904700256502935,-9.342397568205687,21,-16.184642424353697,-6.495322730778495,21,-15.493145582032476,-9.218936748447806,21,-16.91953749653624,-5.302607272190176,21,-14.368813843026091,-7.930214021426164,21,-15.334423474348284,-4.667479837004295,21,-13.893610110199404
688,-12.550029245676175,110,-18.483744088378565,-11.02499353677901,110,-19.78542449298992,-11.00340836962278,110,-18.459842125393752,-7.993765765411643,110,-16.1549098337785,-8.511757168534032,110,-14.877077051012748,-9.787874060463396,110,-14.831335251443612,-8.06923826922678,110,-13.220549386761636,-7.439054353510166,110,-16.42325664258529,-5.890475688793385,110,-14.186408662798552,-9.711019556999913,110,-17.15003227743238,-9.915380267919424,110,-16.40504581470262,-7.4937748708586716,110,-14.598550024603597,-6.702948845241514,110,-16.27678768629108,-7.097190166627331,110,-13.642861688680117,-6.466794215733948,110,-15.63067639191139,-6.568383821931658,110,-13.919795600531016
689,-8.895717259548327,75,-15.328655703181424,-8.901363471617397,75,-15.605214613667863,-9.880443904024759,75,-15.098877820697535,-6.9261094749714385,75,-13.578645170378108,-7.027362222920367,75,-12.633055001616274,-7.791162945519727,75,-15.255393217750658,-6.22918406647393,75,-13.779449579598829,-6.741541639401335,75,-14.237347889605172,-6.21198669348124,75,-13.13581091487978,-9.069794752380513,75,-15.943651046918337,-9.291965459242004,75,-14.248412431486505,-7.145206861364693,75,-14.457351742804745,-6.4715532933734865,75,-15.019510145380426,-4.8847436498664,75,-12.936715416586447,-6.2272353847762005,75,-14.265718917429396,-6.563472474416425,75,-12.703621056607332
690,-9.949272493761272,79,-18.253927901789144,-10.394124056359315,79,-17.524693587834648,-10.229061926007656,79,-17.613406807077183,-8.685233966646885,79,-14.134764492004155,-7.770909210684732,79,-13.893702417493403,-8.098868843326837,79,-13.637700288651423,-7.565050306045116,79,-14.035179867609406,-6.891023048654187,79,-15.4357451535025,-7.93338865580065,79,-16.36991885942036,-8.599368382064322,79,-16.510948598872886,-10.04416012494148,79,-17.23639768193778,-7.344874091721913,79,-15.338798876249742,-7.719017434106643,79,-14.152759324109445,-5.672762785103377,79,-12.295378386092713,-6.407971980468606,79,-14.673675388771203,-5.28947801710682,79,-13.821139049289144
691,-11.04356991599525,169,-18.879902356554155,-11.355846523492612,169,-18.730560926042724,-10.331859483995384,169,-19.062862165975375,-10.131776051927087,169,-16.62166084312927,-8.252859251600427,169,-15.09371126970969,-8.483118199270598,169,-13.187780129023242,-5.665334129299609,169,-14.23730768184136,-9.533476340907518,169,-18.088065905861516,-10.032925268971894,169,-17.75013413238866,-10.566398625528189,169,-18.48258052020498,-10.721458480466989,169,-18.739894873477006,-8.503432014342888,169,-17.253094116046903,-9.32586559546083,169,-16.003279195296102,-7.535605046060701,169,-16.019952172313545,-8.901437875302083,169,-16.769040622650405,-8.36325103788689,169,-17.282533786207374
692,-11.147513550236681,18,-16.0158214658254,-8.975882762605321,18,-15.389509230604029,-9.149240818446193,18,-16.772514574546257,-8.860859702392856,18,-13.546317191177922,-7.858813055100943,18,-12.712910983320471,-7.110359831785585,18,-15.46438498323013,-6.804784549260637,18,-15.025016056953497,-8.781723768738667,18,-16.723673651266527,-8.776511187169863,18,-16.490371264031687,-10.823901116007761,18,-16.42414371516528,-9.66518681063757,18,-16.96668525992879,-8.065869148263214,18,-14.491725608685451,-7.3778718314240335,18,-15.182418568856333,-7.0277782124063535,18,-14.176622454788795,-10.87972087164899,18,-16.7760775085394,-11.613173809610277,18,-15.751745417390723
693,-7.768521334302942,16,-15.90730285162325,-9.863723879268056,16,-14.356335047027615,-10.43927812042847,16,-16.93883111748629,-8.917998571841094,16,-13.888768194025582,-8.349898485074544,16,-13.484861637033656,-7.69975097092035,16,-14.235401874887032,-10.269404400212103,16,-12.28559289745065,-8.227887901840258,16,-15.137968502970171,-9.480493612131927,16,-16.369749602485296,-9.583590373136806,16,-16.15478928252581,-8.91431242517051,16,-14.802339417797675,-9.024388898845787,16,-16.326739323038225,-11.145538661744133,16,-16.177956148434262,-8.421072755311421,16,-15.562351515090944,-9.53150701552114,16,-16.27961459088036,-8.078168879996287,16,-14.647175130056455
694,-3.628756342147175,138,-10.132520385804643,-2.897783544531407,138,-9.997810679074746,-2.8776587206074673,138,-10.634001945557205,-2.857331112422508,138,-10.081819322811098,-2.431801153974761,138,-9.244781581801856,-3.1322743431223503,138,-10.210409294280714,-2.543051338992675,138,-10.463730359076113,-3.160615128023972,138,-10.636218684686959,-4.209805319633851,138,-10.477365835904362,-3.3821988222874735,138,-11.30358820191913,-4.0889624473362405,138,-11.042671204348594,-3.461589132217626,138,-10.888522706732575,-4.461304373775655,138,-12.372591716544461,-4.582072211196005,138,-11.604452505430041,-5.033146818853932,138,-13.098610627904348,-8.763785849093313,138,-14.883925821913756
695,-9.963733473442115,13,-15.797040797130858,-7.17896428733024,13,-16.119654498109945,-8.933619727329091,13,-13.517688123389602,-7.2196497794135635,13,-14.659578018915173,-7.676775610446073,13,-12.934776612692422,-6.857875180351818,13,-13.756635140727944,-7.456811441406438,13,-14.11495571166763,-6.989555704106014,13,-14.505170475308148,-6.701222585628223,13,-11.645548050949104,-7.1287251350460314,13,-12.756098193139987,-6.750180310517894,13,-16.771949214780882,-6.028487497105976,13,-13.089790614708425,-6.266464446839328,13,-14.08371473195879,-5.6290393336874605,13,-12.734278298910906,-6.303883818671153,13,-12.869435976201197,-6.4969233551261665,13,-12.969498008691966
696,-7.8973029902336584,14,-15.116853842597386,-6.94192223836469,14,-14.870786671475162,-9.005569799573866,14,-13.79453112122847,-7.058040425051755,14,-13.056603021139484,-7.67371195060317,14,-12.765864757847504,-8.542753484716602,14,-12.429640005020628,-7.018559378585345,14,-13.972898487570633,-6.074986048912364,14,-13.32628850238822,-6.440325770864124,14,-12.546716811496095,-6.320566407200205,14,-14.218590991155157,-7.49715029504266,14,-13.648109135200237,-4.988625101058204,14,-12.176048416937512,-6.7197745074646935,14,-14.059552150769882,-7.990733464274708,14,-12.342519061511563,-7.446560518541356,14,-13.498535930896463,-8.31906125574199,14,-12.979172339467134
697,-6.9937787466484655,13,-14.929406883288348,-8.428026794418361,13,-14.248506818621445,-7.618242479424589,13,-16.21996310595245,-5.135882508027522,13,-11.007125230770258,-5.988068779155851,13,-12.254591657386804,-7.403128598727547,13,-11.084355380772422,-5.808680494319665,13,-12.102328757906513,-5.508325246279265,13,-9.845582128432833,-7.0923860583694855,13,-12.515327096171099,-8.281577200806879,13,-13.416264266764347,-7.891922843088234,13,-13.275826942178604,-4.853889830485226,13,-15.152329275834461,-7.240133816899067,13,-13.587248665278599,-7.659438572207548,13,-11.370686331281894,-7.650795662419464,13,-13.986649946993268,-8.234960320150957,13,-15.02142418071259
698,-9.662733714179344,13,-14.967228673760054,-10.333410750624248,13,-13.641036225514782,-8.93860399489673,13,-14.275144203994717,-8.328686948027789,13,-14.182253958496702,-8.066685887325786,13,-14.003399725416358,-8.149186944762215,13,-12.55076318474854,-7.342887798548965,13,-14.188987627540675,-7.01845072686165,13,-15.49733021610753,-8.849027140464074,13,-12.287908495064796,-9.400634971495908,13,-14.508448502377382,-9.025374481971834,13,-15.210008497833707,-7.975183005791029,13,-14.681930606803348,-8.88334609328272,13,-15.426911637131969,-7.401931518255172,13,-15.031698678262064,-8.119885190888112,13,-14.307619063768161,-8.76539043238504,13,-14.992035122503049
699,-9.85763145584902,26,-14.952881633955325,-7.640344955925676,26,-13.328042169150553,-8.773987242505534,26,-16.888627464331528,-9.11126866911576,26,-14.503834138858554,-8.1045153337619,26,-13.871404636134823,-8.364136311826236,26,-13.5817036481356,-7.752845689667187,26,-14.0017507216601,-7.3479948651776406,26,-14.492708270667302,-8.523591157403551,26,-14.55435012952166,-7.066086984205414,26,-15.764631641662996,-8.754249757366603,26,-15.905975600997222,-9.482357064869841,26,-15.734994845150318,-7.507296647721706,26,-13.936329578338203,-5.179257003759638,26,-13.528764546217548,-5.846859932972634,26,-13.55392287617123,-7.236857498330382,26,-14.401414653325556
700,-8.88179522275963,22,-14.176358440827965,-7.5547884447371185,22,-14.190144890151954,-9.230754869992717,22,-18.184973562512127,-8.13698853860703,22,-13.590883038699186,-8.068380399045838,22,-13.845342247837571,-8.587263722981582,22,-14.024955117736349,-7.379246812826729,22,-11.825428335546297,-7.212217492760348,22,-14.61728186838669,-8.147173325173185,22,-14.647685386736505,-8.028161870000426,22,-13.235085918649139,-10.251584928180968,22,-13.774587212498659,-8.256265973418765,22,-15.618501764936912,-7.932339378433046,22,-13.441633516184346,-5.517816758773951,22,-14.361565476802392,-6.563173297746706,22,-14.465437329388246,-6.632886235615857,22,-13.628361932697292
701,-10.197475946024799,23,-15.720412629776778,-7.3704975621654505,23,-14.268689977564149,-7.9782086478529575,23,-18.10583835554098,-7.4101531932701885,23,-13.929827134507436,-6.757406035781113,23,-13.880252191972769,-8.135523126108414,23,-12.29055041892539,-6.87828053691093,23,-12.215832554976549,-5.700064732321188,23,-12.962430468722923,-6.694658877824912,23,-12.611096674723791,-5.9996248138397466,23,-12.953466047785664,-8.293853316644666,23,-14.86250459332786,-7.8657503088270095,23,-12.540377047382412,-7.890350358286417,23,-12.593895343597705,-4.9469719389986215,23,-12.115627575714251,-6.534937305694016,23,-11.48720903419964,-8.994586713831541,23,-12.311627428586004
702,-8.625501423650247,28,-14.765355081170071,-7.451890573894483,28,-13.58923387849908,-10.94623223728674,28,-17.07983885582928,-8.18709786504183,28,-13.536968287416563,-5.274127903114534,28,-11.84085915713183,-8.201714844757575,28,-14.47144107341284,-6.328145557344045,28,-13.002926533202885,-5.583518567616613,28,-13.514527439365718,-6.948078701009283,28,-13.260120413176438,-8.169784522424052,28,-14.483034349213886,-9.454493173629876,28,-14.527428440056248,-7.841331265049999,28,-13.67821402504175,-7.621031224829514,28,-13.337399575351878,-7.318207735290381,28,-12.744415072802814,-6.928923141592378,28,-13.379656820765408,-7.192993016147677,28,-13.530600859476847
703,-9.67500982466227,34,-14.391152368344727,-7.542492945148027,34,-13.099186268224713,-9.93899454357811,34,-15.398347026429498,-7.055453612507653,34,-15.274532931085838,-6.25619010361376,34,-13.753696961099626,-8.100471601802704,34,-14.382889877223107,-5.211313380519979,34,-13.053378540337498,-6.058711005736922,34,-15.682225889203751,-7.20618420755099,34,-14.482306906936394,-9.036176624671349,34,-14.371601021986555,-8.664084109258484,34,-16.182298314952636,-7.761094215200643,34,-14.953223752625435,-8.554646775953492,34,-13.818404602582827,-6.369646216404048,34,-11.536011235005631,-5.913035261409851,34,-13.171626324991973,-6.695787568058677,34,-13.577814492165583
704,-8.465251283181713,189,-14.857487317976956,-8.338531438495057,189,-14.830723725501127,-8.456623330866083,189,-15.562989172511134,-7.149662745260446,189,-14.405953056382296,-7.387176288975708,189,-13.373909273799194,-8.090658212132958,189,-13.945962375816588,-5.148061941701236,189,-12.611598911327434,-6.276478027163889,189,-13.422042503287328,-7.528945532819463,189,-14.523605825793863,-7.915471432214469,189,-14.725573713878381,-8.13880600328198,189,-14.475058855316673,-6.193956289955662,189,-14.665821693414617,-7.247343731937079,189,-14.960790513653205,-6.041341960053151,189,-12.70235801758519,-7.723949485761522,189,-14.650371757345269,-7.651126113181055,189,-13.967406932608299
705,-4.566412779505138,22,-10.534001489768155,-3.2631875928279297,22,-11.161092348982846,-5.393774424967956,22,-11.682036889483943,-4.248183097677837,22,-9.708383108045433,-5.451003930504735,22,-11.213231946770929,-5.7601190011533445,22,-10.517305931141088,-2.8756331903619885,22,-10.201721534793446,-3.720439061300783,22,-10.703164611304883,-4.102254607510772,22,-12.31749477789859,-6.082070918258475,22,-12.478073014448988,-5.5804804899971225,22,-12.045243308075676,-5.6751709814221485,22,-12.317931196740563,-6.1473558795236904,22,-12.58243456630365,-6.313821311075085,22,-11.012978935237097,-5.326952236986355,22,-12.795582086556198,-7.102799133983685,22,-15.798923049608245
706,-6.967864279627926,24,-11.217360141484338,-5.598661491752274,24,-11.158955066827472,-5.87394965139571,24,-14.067024891117029,-3.549277582515578,24,-12.109738657674347,-4.408833916486728,24,-12.734572873038063,-5.326307759978667,24,-13.379699228838069,-5.138070985710314,24,-12.446940439886385,-4.749856241763263,24,-12.72921440123432,-6.030442003139369,24,-12.34640380177153,-8.39617170191291,24,-14.24349248498052,-6.322940662604051,24,-12.965144320004685,-5.78503876587988,24,-14.270760603558957,-8.17931966891912,24,-14.88906516307164,-5.175003208204049,24,-11.555124860237246,-6.46403913603815,24,-15.650199720002014,-10.954883307293855,24,-16.0540627133157
707,-12.853721747390434,141,-19.06198698449649,-9.91526214995283,141,-15.812447741090324,-10.70522585487977,141,-17.971389375197372,-9.864644299558675,141,-16.86714963788344,-7.7768391499852205,141,-15.33838428604929,-8.119112339692581,141,-14.308505475398299,-6.29619864904353,141,-12.84221215783325,-7.2393847134936316,141,-14.321634555335258,-7.858688525337599,141,-14.484542767199976,-10.54497264776873,141,-16.038425412625145,-8.675169393447852,141,-15.095262290242514,-8.753328959412642,141,-12.766813314527674,-9.545971349146425,141,-14.09154413666565,-6.7628001519028125,141,-13.03350675642555,-8.330608190941323,141,-14.107073616618692,-8.40791330053396,141,-13.979691662799574
708,-9.527678310492965,99,-14.937208484521726,-9.236069693909183,99,-16.813079903572323,-8.517687262775558,99,-15.780897253445483,-6.6711104017054526,99,-13.963202116045188,-7.865526796454214,99,-15.090577309982265,-9.748741533619857,99,-15.399222733166223,-5.236968165397836,99,-14.078389569040088,-8.827301046398558,99,-16.108980002518752,-9.016265938165525,99,-15.380911226396943,-9.296822394885858,99,-17.07228667114717,-8.947984845047618,99,-16.260907801666722,-7.809517660283625,99,-15.14635080800646,-7.02429554274166,99,-15.751590008323639,-5.915378963918837,99,-13.63064559645132,-5.338861219881698,99,-13.888425959302657,-5.861034017872937,99,-13.040877499603678
709,-9.716175121195095,85,-16.123997246698604,-8.974319961456025,85,-15.577709436694452,-10.670005572743609,85,-15.83668889070607,-7.839349422242206,85,-12.741318324292797,-7.65339707040628,85,-13.212326205550088,-8.530201860282814,85,-13.586586860620786,-5.328917422683011,85,-13.121909444984228,-8.592702406830885,85,-15.972100278804461,-10.09834586757968,85,-16.18497564746086,-9.282329357118405,85,-16.381374209098546,-9.536485027939918,85,-17.898335028431994,-9.077110492135628,85,-16.50300351811003,-9.948318589865547,85,-16.53687830294107,-6.476598391546842,85,-13.536721810476934,-8.680045052632936,85,-13.971298099028255,-7.159950164422563,85,-13.142721121853775
710,-3.604739497383261,38,-10.512430475074762,-3.693074801847862,38,-11.729256805393826,-3.4723101301174433,38,-13.040782120067933,-2.106940643984917,38,-9.603928584836282,-3.9530488727452964,38,-10.319914101557561,-3.1034373731569964,38,-11.436937421120936,-3.0158132182768416,38,-11.27771711262983,-5.083160308784524,38,-11.391704378962386,-3.8483346859990277,38,-10.66272555753427,-6.212836297848893,38,-12.841433959172608,-6.624694723742863,38,-13.906915421651824,-9.023010613867479,38,-15.662041078500389,-8.966837561325722,38,-16.780214753622793,-7.376799393660631,38,-14.447670860516471,-5.341507237770051,38,-15.498920314571995,-9.723346549694838,38,-16.21936633219245
711,-8.864647335259047,24,-12.354249840245576,-7.907561853244172,24,-15.697665388588444,-8.248651020722933,24,-12.950815432911035,-5.988580893045789,24,-11.214893233864284,-6.588944256613858,24,-13.098286843922764,-10.017757876551709,24,-13.97809857668809,-3.88472565395489,24,-11.296353105108112,-7.517402136981777,24,-11.25859792772948,-7.01153196232271,24,-13.842198651622915,-8.07522216543834,24,-14.375167419125559,-7.620987008932161,24,-13.499361863810933,-6.6668213847319855,24,-13.116741138444063,-8.235710988110599,24,-12.938044671691635,-4.988257847558061,24,-11.57720257433234,-5.710667415842737,24,-11.612520905132207,-5.676513962692762,24,-11.31327654978149
712,-9.295230496185068,20,-14.167302345517047,-9.489452915076207,20,-16.93465373105702,-10.06795011410357,20,-20.08929879985692,-6.393608617584343,20,-16.98218036961269,-5.761803583763796,20,-15.25732024820633,-9.318012653193902,20,-17.709959633815814,-5.3886278688306435,20,-14.563907046865056,-8.654621118024668,20,-15.084019072063423,-5.237491103399955,20,-12.213010893909814,-8.929333592269389,20,-15.390514360179115,-7.69318854315477,20,-15.398303216031985,-8.872721411051458,20,-15.998718985311102,-9.530337865292568,20,-15.976022075190546,-5.354573273883162,20,-13.936697289392146,-6.133210269830139,20,-15.65094570320748,-5.891488101743897,20,-13.256350512626264
713,-6.652642874276778,18,-16.107778186714985,-8.634935884277047,18,-16.069639397870112,-10.467763435667512,18,-16.342398917952462,-5.211971050616773,18,-13.553960390092135,-5.618663398832399,18,-12.712448788582467,-7.441592271411256,18,-15.66488205559992,-4.926496719422168,18,-15.085721116390705,-7.960465931791224,18,-12.143689195534888,-5.1034947655086995,18,-12.42767132664132,-8.844222603715611,18,-13.298224214526789,-5.407406844501139,18,-14.434539390546368,-9.119056966082317,18,-13.27471297438696,-8.77717287726025,18,-14.359018911139255,-5.589614179792365,18,-11.130139140064415,-5.878375225965139,18,-17.193671463501005,-7.878321810258125,18,-15.609223041860902
714,-7.647975611269144,15,-13.814798692718142,-10.237244190586868,15,-13.328581416733517,-8.982474739376965,15,-15.715493740326414,-6.784366322452714,15,-13.930732279185387,-8.40173467086493,15,-11.90789743404399,-8.171365606245905,15,-13.493761410829197,-6.543418392692473,15,-15.117430335049011,-8.478050346110054,15,-12.826633752515699,-8.441072764538148,15,-12.171214020988634,-8.23530655484317,15,-14.613096660665903,-5.564377423552952,15,-12.910823541025636,-7.464958789100143,15,-11.570151301301792,-7.538755141304883,15,-12.844330425487145,-8.257401449294271,15,-10.466987032023443,-7.580736826182104,15,-12.067420569587469,-7.624376292232455,15,-15.701856838939259
715,-9.630517052210422,19,-12.237529094367517,-7.094069569560979,19,-13.366143868959792,-9.227199774114586,19,-13.889346253487393,-7.0932644597892205,19,-12.0879941232702,-7.902181286977266,19,-11.382433420570639,-6.151211342399176,19,-10.929610350964513,-4.715340445349376,19,-13.78768431830412,-8.200884577195005,19,-11.598162065363539,-6.7533974145756375,19,-10.96045195621129,-6.889227252447538,19,-12.882026820049443,-8.398777204676307,19,-13.251503967874893,-6.512326689447006,19,-12.527535629018182,-7.175406836556501,19,-12.307145447720682,-6.33604000059716,19,-10.68185104565218,-8.398224734826496,19,-12.505076837835936,-5.922303152549714,19,-13.203301242885807
716,-9.914530406768069,20,-13.735046519359479,-6.933487579709867,20,-13.247008595885646,-9.725600576772765,20,-14.827241161016572,-6.997147897663192,20,-12.319850811600157,-7.700097824054582,20,-13.243820771706618,-6.894311041046661,20,-13.38309208000158,-6.559825623527374,20,-14.325411931959533,-7.2763766217169685,20,-12.29088937374911,-6.819144661155153,20,-12.419006667519223,-8.930230838781027,20,-13.796558999326546,-6.740893950501514,20,-12.525998405329767,-8.514768592662016,20,-15.008987627157481,-6.177525954568537,20,-14.886402291618817,-9.10762730187223,20,-12.51676451368185,-7.9891034174011955,20,-14.434357642885928,-8.637556014348583,20,-11.865201038670492
717,-9.213095174074772,47,-14.415361173696368,-9.560866559271759,47,-16.158480486140924,-8.853071382481634,47,-15.126114966492612,-8.393522958127418,47,-16.00290417092627,-7.355764508210657,47,-15.254283993889308,-9.088688100708097,47,-15.385588230621236,-4.896083950249238,47,-13.850705171029228,-8.782877045142389,47,-14.061898729186353,-7.3934503488778125,47,-13.977354499441901,-7.777251899018303,47,-15.367629104393474,-8.017691581064371,47,-16.863854577916065,-6.944983278503023,47,-14.236935599978683,-6.8733448654433555,47,-14.237518029737506,-4.7192460185426635,47,-12.481136380455428,-5.58053287110138,47,-13.747039996537062,-5.087831467094252,47,-12.515951944351107
718,-6.498974195840597,21,-12.900688003874725,-7.6920719967216735,21,-12.8677081536357,-8.338424857987741,21,-14.746276513331757,-7.492973136092721,21,-12.470747244822345,-7.560391013928407,21,-12.951453660269447,-7.2500710392333865,21,-13.3386998048112,-5.735577632101011,21,-12.913054387531142,-7.856152929151539,21,-12.572446877715624,-7.454279777730961,21,-11.030428672149952,-8.016187914422865,21,-12.459499228801853,-6.7141262524894,21,-12.72848790785959,-8.554760807237836,21,-13.074324948826835,-7.217831099694938,21,-13.39508052589447,-6.645615963205641,21,-12.232166001386995,-9.648098032462961,21,-13.677096589264687,-7.145485706614631,21,-12.786843798787604
719,-2.2523120549482796,61,-8.807070939690167,-2.259290015859013,61,-9.526324852193335,-0.8183216294732475,61,-9.806495079667691,-1.9202446584039623,61,-8.689837282423492,-1.909560517421157,61,-9.376131804877962,-3.04629721462266,61,-9.882163617547821,-1.6415332862237577,61,-9.502952154715747,-3.955955045171465,61,-10.121075128598783,-3.665468958505844,61,-11.344783724166259,-4.732608215436496,61,-12.37816559147465,-5.355626972756648,61,-13.082028405200269,-6.980411998774871,61,-15.655611707773145,-8.501088406128213,61,-17.666722455166894,-5.5496256203472445,61,-12.89423369383882,-9.47164196145685,61,-18.69796784138581,-7.783117691227623,61,-17.511510000768343
720,,0,,,0,,,0,,,0,,,0,,,0,,,0,,,0,,,0,,,0,,,0,,,0,,,0,,,0,,,0,,,0,
721,-4.390198824719626,46,-8.836415634814546,-2.795113798213296,46,-9.762348699756139,-2.1853517161799205,46,-10.771099033899896,-2.830323420721241,46,-8.928638688267727,-2.536979982584259,46,-10.500326925689052,-2.7999433303153682,46,-9.30891984691587,-2.1136379271835573,46,-10.345961820316074,-3.5860867578409743,46,-10.766304489031246,-4.847061859338438,46,-11.81697766423274,-4.9606555460095505,46,-12.416506882281853,-6.1875933208439,46,-12.216758771073588,-6.939799651496155,46,-14.51805810964541,-9.356045511667485,46,-18.769492142092602,-5.603288611748907,46,-13.99457887676144,-9.746276100968686,46,-19.180428032821272,-6.961605533807066,46,-20.087061605338356
722,-1.8669333664579377,109,-8.644213522791357,-2.0256317191653124,109,-9.210493764878976,-2.3615575104300373,109,-9.512065406149388,-2.7998341532818607,109,-8.474501859010621,-2.4923226738159916,109,-9.579645228966672,-2.8772623995922646,109,-9.513218373187552,-2.464432609384069,109,-9.98017235247519,-2.485612693496935,109,-9.269160478759137,-3.478903642547838,109,-9.406187772281605,-3.484363026014148,109,-10.58684435560435,-4.981169037958797,109,-10.885533367459026,-5.175511367751322,109,-12.683942100551722,-8.56578891007697,109,-16.727290613846705,-5.398014397066509,109,-14.305062663375516,-8.499558313487332,109,-17.405294849540724,-8.58973276150456,109,-18.623942739617522
723,-1.4931240181323995,113,-8.834516667934778,-2.321693305840151,113,-9.665719386939443,-1.8624942556576158,113,-9.88173348673708,-2.25683056606265,113,-9.606184836652812,-3.0730536522548926,113,-8.953158699033168,-2.6502740249194083,113,-10.304392058143144,-2.371555914280488,113,-10.184715180220689,-3.512478155077197,113,-10.639902093893225,-3.572807787357117,113,-10.891814620628715,-4.4465629777239535,113,-12.090907003118891,-7.474017290721004,113,-14.208812779459059,-6.127383665231011,113,-14.701278318234207,-9.240955062801692,113,-17.647101427472638,-6.1340544264651,113,-13.677486670222816,-7.900023452053695,113,-17.46895508531306,-7.398880385498245,113,-18.61313403872677
724,-3.4888473836311515,80,-10.310228488006572,-2.9532425956795647,80,-10.869368646708214,-2.360820547784778,80,-10.097506234368803,-2.6117230370616156,80,-9.883147609765615,-3.233453743494217,80,-9.491110707551424,-3.3052370073523143,80,-10.528797451485577,-3.461797337852537,80,-10.755497584714206,-4.417816256560255,80,-12.687738381102875,-4.819658795846287,80,-12.380647888589438,-7.907673850790207,80,-15.892503723485971,-8.388311182315757,80,-16.637499514166056,-8.062444398771362,80,-15.316834831909258,-10.697410740450078,80,-16.257891583534875,-6.44741520677867,80,-14.35577460185866,-8.65673624238638,80,-18.326367684489536,-8.834927361860887,80,-17.284501834265054
725,-7.609887053428677,111,-13.167558520574957,-7.746283108849158,111,-14.352071192506946,-8.255811382308158,111,-16.01679309104548,-7.116607732248509,111,-13.54473118265889,-7.722398829318226,111,-14.1960674599796,-9.446617463674437,111,-15.122536551129942,-5.944728847159184,111,-12.796817768584054,-8.493515163945274,111,-14.480433972331276,-7.834778170920361,111,-14.340083714309317,-6.504150545485779,111,-14.205574373076873,-9.222326135055074,111,-15.839076155999523,-7.085311403987168,111,-14.05210834826395,-6.303282810170875,111,-14.072113246882761,-4.121544271823635,111,-11.532817765106493,-3.7152038061062065,111,-12.393993927341418,-3.9113977740697643,111,-12.555356937963785
726,-7.5401927950858125,36,-12.097103691154505,-7.783286812767703,36,-14.836942757510467,-6.605869300379421,36,-14.292090910980553,-6.383623001330864,36,-12.423611687860364,-6.136079976452978,36,-13.90411351014232,-8.196314844817753,36,-13.063457704314342,-4.7224058194249565,36,-14.903270317445113,-6.705327628326519,36,-11.844352854975932,-7.594300469447866,36,-13.673204661141892,-8.306784256014387,36,-14.503162823370932,-9.805313469350898,36,-15.851786784376532,-8.476771271966264,36,-14.906172365855943,-7.88203856491092,36,-14.361007296670003,-6.181691568341181,36,-12.3653219748803,-7.987850897208427,36,-14.191555668003176,-7.235685423791283,36,-14.89522650741174
727,-9.859599983044783,123,-14.811683265715768,-11.976214886287732,123,-18.267989363933587,-9.170606989660776,123,-17.755684100072138,-8.101097807199132,123,-17.546835068938016,-8.794625962466412,123,-17.241829414182746,-11.533697896808606,123,-18.893576740690314,-5.096243787864947,123,-14.303443037491661,-8.43508200442553,123,-17.93382057935064,-8.247141860392686,123,-15.403535219496785,-7.29860690542529,123,-15.302456515189508,-6.393867742515319,123,-13.565910107853538,-4.323471672991625,123,-11.596693297326802,-4.070177852616517,123,-11.221028568801657,-2.8368172056532504,123,-10.423553989728969,-2.4195768691632855,123,-10.525071653541833,-2.414097527739437,123,-10.56505354211405
728,-8.717099732209297,90,-16.934987963394935,-6.995181838906382,90,-13.016046654400402,-11.569484414928892,90,-18.080154803448572,-9.505231675698502,90,-16.607354185670637,-8.995361542984316,90,-17.047238833659463,-8.01455761415006,90,-13.824568444072415,-4.93632822500102,90,-13.75347197286672,-7.683017062052858,90,-16.30164099684485,-8.735936332558602,90,-13.88622533119266,-8.688683048668146,90,-14.88373436211669,-10.417558185366495,90,-18.210739648411167,-8.860488246146884,90,-13.87862049963582,-9.599404420534924,90,-16.909955887493698,-5.936007880995307,90,-13.689728720099408,-9.448906702394476,90,-16.266994202106552,-9.026344322009137,90,-16.915175365690278
729,-4.033712811673368,104,-10.316348445322365,-4.330474511631025,104,-11.717122698425475,-5.15581455107055,104,-11.849320475138285,-5.19897861205088,104,-11.831276555614025,-4.3196717039309105,104,-11.657499165732128,-5.399109035334191,104,-11.756916257456492,-4.337681624558623,104,-11.299410891968257,-4.852000775499711,104,-12.37155309245299,-6.709282415546015,104,-13.520327515541862,-7.5448196944578525,104,-14.371148184721605,-7.9916393958597745,104,-16.02208935994829,-6.7140558541541395,104,-14.00734187290912,-7.478277023436042,104,-15.51084363340642,-4.837654666457983,104,-12.9300936499091,-7.81679887365947,104,-15.574421909454284,-8.416597293861768,104,-14.180646949277149
730,-3.4227977745341547,147,-10.68609561906415,-3.3304593090115193,147,-9.247768440748592,-3.3540818664009917,147,-9.639851183235347,-3.2726990990095333,147,-10.068918570980657,-2.533130444753598,147,-10.093572655183024,-3.7119992270055957,147,-10.722964544480561,-3.5850159886230815,147,-10.236609105545288,-3.601158770487797,147,-10.105497390877481,-4.938803433822506,147,-11.870784203189505,-6.464388948883776,147,-13.6293242610049,-7.732933294990893,147,-15.219947141150092,-8.283625281947426,147,-16.088744529428002,-9.198454103785512,147,-16.45697106830123,-6.138808700412652,147,-13.970028768038642,-10.133310419457517,147,-17.393017540738295,-10.12693801484317,147,-16.029478477497243
731,-7.771850899015751,22,-15.091317191269752,-7.610413393573641,22,-12.885297268087303,-8.583629380184291,22,-14.982324250977568,-7.109771456396187,22,-12.676712319593477,-6.590574047364235,22,-11.556469359792615,-6.590506073212563,22,-13.395918197726886,-6.130284559014609,22,-11.814199048275974,-7.002770007279551,22,-11.641872755464728,-6.268164038068022,22,-10.40310458571584,-8.369024752219788,22,-13.361052079815812,-6.910186393982093,22,-14.378105540550107,-6.275754289659776,22,-12.873424415998318,-7.972639991755079,22,-14.025190972502166,-7.140263649588546,22,-12.802862788668627,-8.706860999234424,22,-15.070298536192585,-9.82038056954719,22,-13.600539174400087
732,-5.954129976033972,26,-15.61654788104583,-5.748914286513135,26,-14.533688452695156,-6.504079981804875,26,-13.755406196939205,-6.170730403483517,26,-12.287580583136554,-4.089324836582446,26,-12.487325962718291,-4.980747890732578,26,-12.715047280793481,-3.5949435699064622,26,-12.70529241615472,-4.8382033739831325,26,-13.112722455618233,-5.7773115385972,26,-9.659505719070424,-4.487423111771121,26,-13.825223088412592,-4.714576634455485,26,-12.688527515675665,-5.828940456481616,26,-13.059461263490544,-5.355678884298804,26,-13.533733842328594,-4.5841945358319265,26,-11.927472407354468,-5.438552908499953,26,-14.344603883555571,-5.897310826173001,26,-13.219329859667832
733,-2.718414353748346,206,-9.204372371126714,-2.826598813619224,206,-9.403211288280522,-2.3021503563663877,206,-9.641615182191071,-1.8185166756469715,206,-8.838633447737994,-2.258438169710282,206,-9.675812280350678,-3.040479267500653,206,-9.827043189586181,-3.3321980654627055,206,-10.294759351701243,-3.565174210920849,206,-11.225046020138194,-4.509733800191688,206,-11.48623832763817,-5.45528188309476,206,-13.324702572087599,-7.279841730072976,206,-13.975510543350808,-7.59815802576003,206,-15.255627151134838,-8.983252574645059,206,-15.860507065634128,-5.698126190849178,206,-13.398391203123639,-8.919850227676434,206,-16.38078000364054,-9.799290693730288,206,-16.271139397774935
734,-10.204794576362184,13,-14.861180791073792,-8.639062526751404,13,-14.571669103639902,-9.638738844141688,13,-17.472297711386954,-8.050023896106884,13,-12.598260929138059,-7.546144721459537,13,-12.969063711363125,-7.948261362259438,13,-14.889078661119694,-6.5284617727459135,13,-12.717764620904417,-9.403394646352135,13,-13.613531323609296,-8.810509720346715,13,-13.96841243391732,-11.019881566563498,13,-16.19557184942737,-12.435655416876521,13,-19.349476108358907,-9.12665400215437,13,-18.138084663517006,-10.023688929946646,13,-15.532320933803803,-7.168128542193452,13,-14.568451019281952,-9.412260146292251,13,-17.096407712545627,-12.227542014235272,13,-16.599444966667345
735,-10.422684445236376,16,-14.930689483502118,-6.936121219206929,16,-17.02984100505269,-9.981054617991402,16,-15.394035665346337,-7.840773152731596,16,-13.42490518277733,-7.844654618590812,16,-11.673011910112933,-6.745439079595721,16,-14.027925893993093,-6.345936489518399,16,-14.783925474385796,-8.77623658920536,16,-16.53390335687948,-8.929950950963917,16,-16.139362017689155,-10.768473189945043,16,-18.320993838098577,-11.941185028067359,16,-17.87957804715315,-7.19477853975385,16,-16.58960756462218,-10.745767832044121,16,-17.496073235557827,-6.427188269873665,16,-15.164709884373194,-9.018603774901097,16,-16.35842125622023,-8.07406090051218,16,-14.819885716653898
736,-7.041484569363976,12,-13.057709242540065,-9.10947455042544,12,-13.090689908507834,-7.23185307792499,12,-14.68614048428071,-6.863771453813886,12,-13.184790089018069,-6.212441256976712,12,-12.792498425900892,-8.06453604097199,12,-13.955032588246759,-4.691824527127824,12,-12.644626502004574,-7.886677356123616,12,-13.586025872463846,-4.717581871080802,12,-12.018597777842512,-8.54176965422256,12,-14.230335876797923,-9.944155079649589,12,-17.153248108721804,-8.17410420460516,12,-15.926914932893308,-6.988224836885715,12,-15.733978569195433,-7.387446256737026,12,-12.663690839677722,-6.711534934656992,12,-17.875765586483535,-9.661673860193998,12,-17.387306624526694
737,-7.0764355783380335,16,-12.325051352975766,-3.109052553179932,16,-12.76952753257881,-6.541192163108374,16,-13.356222273227916,-7.175357621578243,16,-12.169229382958921,-7.4991314635735185,16,-12.17182648664308,-6.158889763081074,16,-12.710083749067477,-6.709917868174592,16,-14.235533588172002,-8.283298919230806,16,-14.73852547760899,-4.612619052660448,16,-12.918678678988762,-7.544200934498662,16,-15.065779712871608,-5.245622828718868,16,-14.579445340322179,-8.808727544844533,16,-14.243591404520195,-7.6253227878500605,16,-15.193871636883449,-6.6650714511492914,16,-10.308508495249777,-8.71684496927864,16,-15.822173547568612,-8.60481911447367,16,-13.7128274226424
738,-9.144883381718197,43,-15.876037943578797,-9.601348690799217,43,-15.267697159782117,-8.758544634342467,43,-15.20953472510753,-8.74928185338975,43,-12.2788339947722,-7.235998404094978,43,-13.972996986360041,-7.566170834458113,43,-13.155043347730524,-9.049594987553075,43,-14.182429272686756,-6.969694599340725,43,-14.443900190689149,-7.0343188163891215,43,-14.459314930094688,-7.765056663476671,43,-14.348879122631457,-8.730300410507132,43,-13.974135675286641,-6.61750810082813,43,-12.87797533825626,-9.082976194484932,43,-13.543087235653015,-6.694936046145897,43,-12.686710390807754,-7.2363368390667375,43,-13.735307817539617,-8.387477836662583,43,-12.869221481284212
739,-9.504976869196753,109,-17.72337560400092,-10.135914226467202,109,-17.325466891917248,-10.043153080999277,109,-17.49784632246871,-8.98571156780934,109,-15.957952139327752,-8.835420328265585,109,-14.90565490957321,-8.258978102699716,109,-13.408966309887955,-6.6774335135459815,109,-13.751872764763426,-7.75745806031555,109,-15.555987177464036,-7.631325563056796,109,-15.705693723282703,-8.24035698370552,109,-17.048916467430132,-9.215685889706752,109,-15.624769471885347,-8.071544037267952,109,-15.29200046316571,-7.424990321642978,109,-15.721242574429512,-5.746906777641899,109,-13.030620311219014,-6.783007777069006,109,-15.312220433291824,-5.693054683225901,109,-12.999529876884115
740,-7.388994191486237,24,-14.2747607646963,-8.056944159422233,24,-13.88091978964416,-7.36820776678017,24,-14.180264584653466,-7.011936187614085,24,-14.07345398432771,-6.29252812338711,24,-14.314485634432934,-5.065270856580282,24,-12.960954941256222,-6.03358874835989,24,-13.652855299457558,-5.617638338110575,24,-13.949377110821251,-7.257741356435654,24,-12.529411831545387,-6.712346384641334,24,-12.929613601294436,-7.940627418747189,24,-12.747501071499265,-7.759824886066865,24,-11.846054237503257,-6.731896957170463,24,-13.68739044699015,-5.895113418226218,24,-12.449675887298568,-7.599575392778062,24,-13.589045945983349,-7.843433575128641,24,-11.976567062185753
741,-7.661802988572366,32,-12.912342175545522,-8.48933381170345,32,-14.313887306670068,-8.104565973294154,32,-15.56712461243344,-7.689929448681023,32,-13.200319644776657,-6.152745179844507,32,-11.889731320789869,-8.17065031368903,32,-12.514089297354847,-6.062401957041617,32,-11.522907927273106,-6.232655015858867,32,-14.160504374725939,-8.452516049285299,32,-11.966610126592645,-8.544046884675957,32,-13.298067179150312,-7.935277471860368,32,-13.15759582577562,-7.298831470405071,32,-11.982882016443646,-7.725040609361581,32,-12.765304808983156,-6.823478927878783,32,-12.177219869952447,-8.076403084966607,32,-13.80950797032163,-8.651999094928705,32,-13.765285609149142
742,-10.999842233670227,43,-15.90074031581998,-8.550796332230227,43,-15.699849576667864,-10.301119779739343,43,-17.042460773367402,-8.61008356548513,43,-15.174178576460829,-8.150490935547472,43,-14.366131888679124,-7.906856879109078,43,-14.828241480682486,-5.666089559192926,43,-12.640871641669102,-6.3383624152403275,43,-14.111329443048177,-7.849016890466394,43,-13.73095182914464,-8.195250932909024,43,-17.41419111729264,-9.637074661636206,43,-16.047109802756463,-7.586893325796882,43,-15.038908327592917,-7.599744316837796,43,-13.99445765179272,-5.0561471217857115,43,-10.909270616444296,-6.446019233150169,43,-13.60774961303842,-5.012697845930974,43,-13.262724093034615
743,-7.901268304522661,24,-15.126107389012056,-8.340343619361681,24,-13.049119006156406,-7.873017160274611,24,-14.646542624772183,-7.336785576825301,24,-13.586264577453369,-6.71784659795986,24,-9.9914270790672,-7.115468655164225,24,-10.957885206567443,-6.607008336743613,24,-11.215611572734304,-6.6010890288201445,24,-13.223178638108639,-7.892892011585891,24,-11.769642722207008,-7.67424547646465,24,-13.297375863396258,-9.274088007596223,24,-15.13401137925502,-8.368999952151325,24,-16.11730160882789,-7.598328269744568,24,-13.732594646768185,-8.253676850476541,24,-15.116266052117084,-10.901242660262342,24,-15.925278120595191,-7.4125539306242505,24,-17.071107574667202
744,-8.149808179500075,72,-13.996912250211027,-7.0783521198621,72,-13.21445138657829,-5.428912747091349,72,-12.454551363032964,-7.920110764957892,72,-11.914153303486682,-6.3595825662275445,72,-11.498615222200218,-7.815266587718735,72,-12.493501135786351,-7.5095358628227125,72,-11.764095530792218,-7.546899191974122,72,-15.118718703450542,-8.955357570850726,72,-14.919315799116495,-10.290125887590449,72,-15.078746221034653,-10.0450385156204,72,-16.713472848082084,-8.87325996757488,72,-17.16595456341574,-7.908986883653917,72,-16.158437535863087,-6.641493882803444,72,-13.036460581574845,-8.525798022089447,72,-15.721270852151807,-8.02845075906,72,-14.863815788186908
745,-9.441030925210951,17,-15.152476414677327,-8.069769523213287,17,-14.086507402086337,-10.54597067802722,17,-15.152489085486089,-6.511462792736335,17,-13.81712414527303,-7.8094635571407665,17,-12.923022393982407,-8.836974977461642,17,-13.87719674431488,-6.51354613130473,17,-12.105943800510575,-9.007983572169577,17,-11.93928767428818,-8.868150155703608,17,-12.655666843745024,-8.881628621509742,17,-13.73094431014575,-10.244859300249844,17,-14.750388181800622,-8.13783498369639,17,-13.863539059145321,-8.79735243224334,17,-15.073052996489292,-8.441345730191486,17,-14.00248087336519,-10.161231606303565,17,-17.204878863650002,-8.522661559395031,17,-15.3053345884552
746,-7.983639599449917,42,-15.606466216024666,-8.236573104483293,42,-16.01495240338274,-6.9897010533753186,42,-16.436498321512993,-9.508703776092858,42,-14.275736961385057,-9.543576947372962,42,-13.276403303775686,-8.752214480862804,42,-15.305556201774213,-7.409062517394483,42,-13.23501445627061,-6.890336736561402,42,-14.418043527140247,-7.8507812640176455,42,-14.21133007443352,-8.151732217507913,42,-15.429585881864485,-9.959289291137202,42,-16.27692527953154,-9.652519423683557,42,-16.654317122008806,-7.8213381584857515,42,-15.57076753275693,-6.543931967467291,42,-13.534764219194056,-9.011736333891868,42,-16.01446687609258,-8.552511874225514,42,-16.20735754432484
747,-9.10547422488833,18,-14.573718948612802,-8.63508406149807,18,-14.587917484187248,-7.513718909092148,18,-16.733849104960278,-5.231421844518067,18,-11.208300501099426,-6.33921082510203,18,-13.167894460708276,-7.6432104893209925,18,-13.763489968195694,-5.833820657410897,18,-13.70701357232695,-7.0997463714344535,18,-13.107973299840323,-9.4176704911771,18,-13.64576650041073,-8.253510475680159,18,-14.2733503152364,-9.031058697620427,18,-14.985015892484611,-7.870006988596626,18,-16.885788862307646,-8.129416883211784,18,-15.303203585070925,-7.67418205671966,18,-11.938693476982913,-9.507918044916075,18,-17.124610714367552,-9.92354547988255,18,-17.225074321302767
748,-7.685559488604257,19,-15.834196177561626,-6.506677079084059,19,-13.460995684289124,-8.01383534720448,19,-14.809710818158868,-6.703045416603936,19,-11.552370180866731,-6.226469973959548,19,-12.739214080719643,-6.95489975174954,19,-13.86632576254331,-5.730101924310641,19,-13.133892620822818,-8.045460022909188,19,-13.272053893213563,-5.229737654662029,19,-13.334062350739519,-7.3063442877709655,19,-13.592741204556678,-6.049707493960922,19,-13.477596367165903,-7.117463062261473,19,-13.293034987370119,-5.8670632377200125,19,-12.64273503868547,-6.436600101085197,19,-11.313066989308469,-6.1678424581664455,19,-12.479077678503367,-6.3315761320273864,19,-11.957572133398441
749,-10.454082987599804,20,-16.002462347376213,-8.070917084597554,20,-13.953722153371743,-9.993276117926097,20,-13.280687041488296,-8.11990536648415,20,-12.99020236136524,-6.976756144240593,20,-14.644811229151575,-8.968884265807315,20,-11.894588273479073,-6.285071917978526,20,-13.146884905996563,-7.343754972466831,20,-12.054838410140029,-6.962480709597595,20,-12.807651737960931,-10.212128662544817,20,-16.921675733589836,-9.200835062816237,20,-15.302512120842177,-8.875510120092633,20,-15.6586018865379,-9.371344461045117,20,-15.975944002003889,-8.226306356980901,20,-14.285144957139643,-9.428171456399276,20,-13.977666119555208,-10.707413791244907,20,-14.98069330504153
750,-7.9495656221284285,19,-14.308718749530897,-8.397169328487795,19,-12.862408573242439,-7.408126906552171,19,-13.295587997216838,-6.265117977431027,19,-11.501618201693391,-7.021976206759035,19,-12.687237882038113,-7.116861193697702,19,-12.57784321002126,-5.80134450459858,19,-12.849438684065158,-6.2364399713747,19,-13.423124834206156,-5.677771135715232,19,-11.08950784953253,-7.92064328262485,19,-14.438063932636329,-6.925083454214672,19,-14.208563181388048,-6.714383692029062,19,-13.67498315707239,-7.661993987968547,19,-13.663174390410667,-6.284768577043551,19,-12.784386800942865,-8.49508726397808,19,-13.389089834248031,-7.698082687842631,19,-14.419145200911274
751,-6.376594800251682,20,-12.292498763742582,-7.2858647271050305,20,-11.866968783059422,-8.738454024385891,20,-13.184522834483925,-5.486778805925404,20,-12.26214963480331,-5.226097978620407,20,-12.646884691240302,-6.141082790108465,20,-11.582143160656633,-6.822539839808803,20,-11.27789373854851,-6.238577615054641,20,-10.12752872718903,-6.522582458919654,20,-10.425586365364163,-8.340436595798062,20,-12.36781532420196,-8.817732478119348,20,-13.416044990017868,-6.407392824825782,20,-13.35053705420994,-7.5589830245649745,20,-12.701418713391588,-6.90030166294785,20,-11.958932323320752,-7.820767895681824,20,-15.36277987104782,-6.628717289886249,20,-13.73663212185679
752,-7.858364962414184,15,-10.62999972009306,-7.442384998451339,15,-14.878649901499019,-7.020008201401936,15,-13.099941534106009,-5.610718199888968,15,-11.231556303480208,-5.95776557245599,15,-14.032574203302016,-7.195563585654754,15,-11.452506031078723,-7.082425882952622,15,-11.639537052122881,-5.6107042163141765,15,-10.600993003309762,-7.115658005361077,15,-10.97360324099919,-8.133482856156194,15,-10.97762778749868,-7.320673025870024,15,-12.423391667267556,-7.309860718673647,15,-11.473207931345398,-7.218028993491243,15,-11.033085363038253,-7.250584502755166,15,-12.352106532952904,-8.459230468140674,15,-14.431133232900235,-6.4383768308346125,15,-11.134782123281743
753,-5.964340568701059,11,-12.307196544290003,-8.449019468973528,11,-15.468841663301605,-5.8798712718000425,11,-12.824160368483685,-7.672713009098089,11,-11.372799592088366,-5.448347173569168,11,-13.46327104622626,-6.355608430125573,11,-14.819422725559381,-4.246789677560793,11,-13.713823376168392,-6.716337108369643,11,-13.006439392425309,-5.749634292153121,11,-10.41291492519419,-6.227273686117659,11,-11.976455513473379,-7.499191139891062,11,-12.973659633385331,-6.962494337617537,11,-13.529059852620627,-9.168222290116818,11,-11.771553402922077,-7.448026449651518,11,-11.62784875344725,-6.438570145093445,11,-12.75985602005903,-5.2600888333482345,11,-12.77685219995491
754,-7.683783654508966,25,-13.560747897914325,-8.47836763840178,25,-14.208454538345649,-7.665153421998805,25,-13.18867221790459,-6.701648087342127,25,-11.024550930480759,-6.1602224993289045,25,-12.323306054896857,-7.924607134978906,25,-13.967148164049085,-5.828837427133928,25,-13.200502183350489,-5.5487198690237935,25,-12.10002423666335,-6.57038231502157,25,-12.6357735878793,-9.034998558159884,25,-15.262533694005128,-9.044304938949503,25,-14.602489815821766,-6.760894891254775,25,-15.235965736561363,-9.011982547625013,25,-15.015215487910549,-7.965101512537092,25,-12.332978303698459,-8.167418951259354,25,-15.486784517464319,-6.174643385034821,25,-15.27850439573565
755,-4.242064895184223,29,-12.16916820054476,-3.2503072444860956,29,-13.187545241571641,-4.615446254786089,29,-12.252187369377914,-3.5170210369757244,29,-10.484150673709465,-3.7407099935775174,29,-10.59262447185847,-3.120769923747337,29,-10.990620832527247,-3.1171260875931344,29,-11.32840587339624,-4.640569164607179,29,-10.46991953595632,-6.645712525380509,29,-11.647114002673323,-4.071032491241762,29,-11.283500225715814,-2.5470369985015835,29,-12.898588175524594,-3.884718713841843,29,-12.295214560388949,-7.059018533357665,29,-12.265835213679331,-8.09182352292265,29,-12.894465223653619,-6.769361837608986,29,-14.640208686718255,-6.043605364155631,29,-16.169328604086147
756,-6.765314862082956,35,-13.097478225882975,-7.438611080232108,35,-13.967691411642132,-7.586455356853943,35,-13.332727097949098,-7.479211128839319,35,-11.665001299966399,-6.9232501526708,35,-11.657899067787298,-7.630617328881825,35,-12.87803255896872,-4.982754981611351,35,-12.973721763668586,-7.111614509163368,35,-12.889702496624889,-5.359095345678141,35,-12.94219751566182,-8.231455262811686,35,-14.589852239835201,-8.829735212692505,35,-13.420877308948791,-7.43638914886485,35,-12.657885459252702,-8.92468167596878,35,-13.156389238647666,-7.657091246391246,35,-14.167828496130412,-8.89951259749439,35,-15.51518989884067,-4.177846333285682,35,-16.134849601907497
757,-7.836340918455885,30,-15.7419641479486,-6.34956713281521,30,-15.564085470079483,-8.609388678603459,30,-15.273754739819775,-8.332698906544957,30,-12.495528519803297,-6.128842860474068,30,-14.745579468545406,-9.248632914885537,30,-13.796652729985354,-5.738070980991042,30,-11.650182112603638,-5.045287078681352,30,-13.854980949388702,-5.536374974412475,30,-14.317707455041592,-7.440684555951577,30,-14.789986768094046,-8.956517257797875,30,-12.204850299920214,-7.097049868418559,30,-11.97780745074408,-6.126405624288588,30,-13.054100280351781,-6.043856113368685,30,-12.78648821409939,-7.6166664443665315,30,-13.516875967966826,-8.515760183137598,30,-16.717159856733947
758,-7.14064228457691,15,-12.907980354774358,-8.508307355649762,15,-12.983804906254527,-8.969950370108746,15,-13.795765275078029,-7.5188799024260184,15,-12.284874792701945,-6.321782752968209,15,-12.574212787018073,-7.3629064964581294,15,-12.545441227314482,-7.1246462747926556,15,-12.491450896406482,-5.081167174678869,15,-13.354334617170725,-7.7195266804447735,15,-12.488139848970448,-6.205852433681075,15,-12.049442911513248,-8.68981594138694,15,-14.982431294333061,-8.600640752020812,15,-13.349344569097978,-7.905736153793258,15,-14.58583694439916,-8.208761288628963,15,-12.90788210949038,-7.839355681905586,15,-15.024920376227575,-8.460149204845498,15,-15.636531460514501
759,-6.991514100974196,21,-13.286701532837826,-6.233335379812608,21,-12.872727532809947,-6.667891838407333,21,-11.84435718280639,-5.42185582782103,21,-10.737178619567576,-4.83181692460248,21,-11.703801702998335,-6.788873167263796,21,-11.669931191750479,-3.327868540606882,21,-10.631096606919332,-5.0502528058669345,21,-12.393972012687623,-7.259265433433523,21,-10.651609687011359,-8.862811846491823,21,-13.253110307174671,-6.462720586086055,21,-11.464236342893097,-6.5992533739507,21,-13.731738350620867,-8.140208606752555,21,-13.443841764525093,-6.1447359699515145,21,-12.715363782429932,-6.712024770658593,21,-13.006311078732939,-6.435143404390146,21,-13.650160566182866
760,-9.708742059073238,10,-15.664983572653945,-9.109393994982455,10,-13.745308254829993,-7.592317241146407,10,-13.212879806944501,-7.254297350227679,10,-13.039548316998529,-9.973587694415432,10,-11.235106307771765,-8.47162578333915,10,-13.865534079227796,-7.272237180126475,10,-14.789968098238832,-8.401205177236019,10,-15.366446996563923,-6.141299641014225,10,-12.362298480852665,-6.7208649168519585,10,-13.563029744530692,-9.945355021218013,10,-13.843672293288485,-7.3679710055212135,10,-12.658242732468167,-7.625142600808444,10,-16.283416123701947,-7.775364183965172,10,-12.586035554938997,-9.701461640063755,10,-13.412839461742834,-9.92282517979351,10,-16.037385546969272
761,-6.900225153854466,18,-13.353327905788026,-8.546502245634276,18,-13.95817419840405,-6.521721531899217,18,-14.27597336533243,-6.753206434643436,18,-13.113289628856865,-6.910620203934876,18,-12.029307048090978,-6.790127905376313,18,-14.339919185049595,-6.423658840112935,18,-13.85126476045741,-7.476746524175914,18,-15.240160894239711,-6.340385086067279,18,-12.823501728216232,-8.730782653656092,18,-15.286217812261999,-10.073459613325468,18,-15.609704926048515,-7.596839544646635,18,-13.307553981678863,-9.096641674796137,18,-13.289720540201447,-8.467458218208202,18,-14.315896500581584,-9.317706616951902,18,-13.294813493253857,-8.293919864063058,18,-14.425573187699248
762,-5.486142976944951,28,-16.270307639520205,-7.895625189485978,28,-14.14095890249095,-9.092333147608858,28,-16.696952145092823,-6.037671956953227,28,-13.239113026229397,-7.2045187960436605,28,-11.175798996554995,-8.674175326583297,28,-13.284250735140596,-4.089777310879373,28,-12.001073941295004,-8.52582703932317,28,-15.788661915072526,-9.02978930973974,28,-16.273933231901417,-8.765012278376481,28,-14.644900470955623,-8.724503109395327,28,-14.87962592314813,-8.679969642742057,28,-14.131136517381819,-7.761318577600664,28,-12.923354459591526,-7.037506807755034,28,-12.895437844748063,-8.462069225205799,28,-15.076062234478478,-7.416360541392347,28,-14.958311399919609
763,-8.272923805743954,39,-13.092447376890261,-8.108656917529004,39,-13.800299846733884,-10.09335493522457,39,-14.794391504729811,-5.498608252055066,39,-14.200128619554773,-6.234170244334129,39,-12.263054812279817,-7.733834378036396,39,-14.061435989160664,-7.192154702465844,39,-13.283132607595338,-5.984704649500089,39,-12.596102624118803,-7.005915483288797,39,-12.960459799079134,-7.844885090311756,39,-14.495731012941437,-8.686763649220035,39,-13.923169076245587,-6.568364430287233,39,-13.076110029100755,-6.808806619517599,39,-13.324127370978855,-7.2612149342447765,39,-11.997946643795878,-8.892744093482888,39,-13.44754630447283,-8.594253400753328,39,-15.210361934438737
764,-8.252149711042184,20,-13.106477284129834,-8.7731022416502,20,-14.666556050555029,-8.518340480340454,20,-14.691014764892214,-5.639828323329419,20,-13.878425526905506,-6.12586798438757,20,-11.611219236666955,-7.688631689803367,20,-11.916792380963182,-5.347466783353154,20,-12.830628015602922,-7.433550277084617,20,-13.998293364361249,-7.8335678721866095,20,-12.18788177933744,-8.802745515387198,20,-15.438174654513759,-7.857027605947,20,-13.907045811707421,-7.685028487084894,20,-13.818077171977084,-7.326548532719106,20,-14.001809046302302,-5.995773483226779,20,-13.745902208525191,-8.697010430560443,20,-14.248495332308018,-10.688954304549316,20,-14.929833810682753
765,-10.429378041874209,19,-15.428320831462838,-7.02172180605959,19,-14.602792629108203,-8.26752124733262,19,-15.51696524402352,-7.2645715980257,19,-14.655534115111994,-5.8897590307242345,19,-14.648957097734968,-8.279044744312555,19,-12.07910484260921,-5.700224226358312,19,-13.081929130913787,-7.818870173258457,19,-11.043331592784696,-7.538416177425715,19,-11.17991777996285,-8.912549548852853,19,-14.284774728082922,-9.802542465226189,19,-14.950456081495055,-6.984907997111488,19,-15.106334876744699,-8.286224641738562,19,-14.615817918972391,-6.05973752949674,19,-13.020339720297404,-8.847932177299175,19,-15.656956466738297,-9.873144605466186,19,-15.597890032469028
766,-9.588087909512984,24,-14.206931966886287,-7.182648470554391,24,-13.361764814700175,-8.83585054865555,24,-15.039293221811924,-6.5121066099785185,24,-11.873227125129146,-7.5458349908678235,24,-12.718175554235456,-7.408887897890969,24,-13.168003948027208,-5.6282744430107545,24,-12.151551672404846,-5.895380228070888,24,-11.683872424465502,-6.803607146724947,24,-11.673796311292193,-8.220092019260104,24,-13.527369436643273,-11.69853190053248,24,-14.485398698110627,-7.553649738509702,24,-14.008768389402839,-8.539584618071896,24,-13.097382260280877,-6.223270233491345,24,-12.275942813048308,-8.89343553268899,24,-16.549522547219585,-9.713451834317917,24,-15.67432019738157
767,-10.783037370153874,29,-15.987299206426277,-8.742997767211008,29,-15.382302838858939,-11.199162526964475,29,-15.487728214514501,-8.836344281165761,29,-13.290014585166752,-7.940045873135566,29,-14.26729465824192,-8.5166575720366,29,-13.223758269101689,-7.3843352380648275,29,-15.193716540237896,-5.7477016272221215,29,-13.096952161259686,-6.796239461722715,29,-12.941923247128225,-9.78132911218536,29,-15.714180157142511,-11.95767134552179,29,-15.370299059557698,-8.62963028432426,29,-15.08070660696555,-9.044304719939795,29,-15.269141636124083,-8.05174393762872,29,-12.880413932834369,-9.789073499859557,29,-16.657645894138504,-9.275552678397787,29,-16.63857235940694
768,-6.100219524289438,26,-14.439044108063024,-6.582866300977255,26,-14.165627804705338,-7.306629535318308,26,-16.03805120481916,-4.426820829094623,26,-11.47824679330615,-7.378623046885936,26,-12.22790858280989,-7.378304854729737,26,-11.993706669125913,-5.810615176021681,26,-13.29939281612342,-6.52075008707731,26,-12.366260370452412,-6.0733177247709875,26,-13.185277937146187,-6.297099355990184,26,-14.763471755239097,-7.893893319733024,26,-12.07435987594816,-8.65197709223262,26,-13.034239872008486,-8.28843078056886,26,-14.930659432408282,-6.754191362892295,26,-14.049645867013535,-7.982392101007678,26,-14.823765182746149,-7.711110223586013,26,-15.953526093751453
769,-9.395323231165516,17,-16.478509315700013,-8.508519959054885,17,-15.671406241933138,-9.218170322193915,17,-14.046950312979927,-6.062853629297931,17,-11.916902696861937,-7.528456947881398,17,-13.382141073675832,-6.139910250795956,17,-11.515033766872872,-7.580175695544291,17,-13.827308492757968,-6.465170751846797,17,-12.665682618194023,-6.997045858928242,17,-13.083729946199949,-10.143718923145723,17,-15.648513112366992,-9.221319538323073,17,-15.344948723238925,-7.797729273546757,17,-14.626449428589495,-6.521216358713501,17,-14.720250248033992,-6.406585287382532,17,-11.237537646027896,-6.779226589433248,17,-13.29158632829217,-8.449103920617532,17,-11.991131481492737
770,-7.3763670111308155,20,-13.820053460524287,-9.062604675138669,20,-12.096837155819742,-9.02644971238361,20,-14.36237823442244,-6.692683907441403,20,-13.35253632255537,-7.058115737089958,20,-10.753678558045008,-8.913629068913162,20,-12.207046235197602,-6.289598321912491,20,-11.7595288419969,-6.53139780780501,20,-11.832998893319026,-7.1684166691041975,20,-8.787912884719235,-8.135841897666445,20,-11.546580629398932,-9.662132743429257,20,-13.667954077710647,-9.432528018747876,20,-14.2698907669954,-9.182082922333683,20,-13.938270510129701,-7.859873674172403,20,-13.093405069827197,-9.848753994290947,20,-16.272636591179918,-10.27357098494367,20,-15.633023236649294
771,-8.381597260699152,19,-13.618043739456647,-9.120545360264105,19,-12.713949617380102,-7.207949380472824,19,-13.510327403600025,-5.020884648011706,19,-12.300127614561253,-6.236634054611399,19,-11.387896997211586,-7.304451045864591,19,-13.062797882469642,-7.541375557186428,19,-12.592456824448078,-6.310136702372507,19,-13.375572588576839,-5.364767029893406,19,-12.49086487674796,-7.474385065564304,19,-12.519653630125925,-7.226901543937819,19,-14.761180832672775,-8.190962376605036,19,-11.55687874901772,-7.648523905985309,19,-13.609386208288425,-4.993385759682727,19,-14.589120076168618,-11.13216780654209,19,-14.937977488401055,-9.334363776750715,19,-16.05108694093432
772,-9.382606426183678,18,-13.20141802091269,-7.402574787441505,18,-13.40612373138574,-8.170189567332017,18,-15.368031431545813,-7.514381643090957,18,-14.13166047496258,-6.870836460283977,18,-13.489690923339118,-7.13270852588844,18,-12.875346423402313,-3.8882972605954325,18,-12.659154168028932,-6.440145856616018,18,-15.478296720910016,-7.112647357903178,18,-12.615190790209459,-7.410890607699958,18,-13.636111549799217,-8.513099532786018,18,-16.304901703205882,-8.345936512888137,18,-13.215344962190825,-7.8458332335486345,18,-15.36750007076408,-5.029731963274382,18,-15.207005227301838,-10.806930056410053,18,-13.37270716641788,-8.46394560128669,18,-18.06069528287677
773,-7.65309430754912,12,-12.35391407371014,-7.77592389879238,12,-13.694595141255297,-10.42397733236632,12,-12.477608250468315,-8.041518315541184,12,-12.571865202671281,-6.921945145490809,12,-13.571174685576699,-6.172200560215623,12,-10.956285256699893,-2.7406426224436187,12,-12.028084322942805,-5.817094563807659,12,-14.1644646882439,-7.885430468954095,12,-10.788840239717882,-6.745783135948118,12,-14.561522946536194,-9.335175238659097,12,-14.411927187235067,-8.461147149362686,12,-13.541252833522963,-7.857178935229985,12,-17.453745566172273,-7.060587718964927,12,-14.351263117748347,-7.852126754719297,12,-15.419138093408424,-9.386480976611741,12,-16.8993774325644
774,-5.948781527195033,15,-13.32696407828728,-5.809759335240629,15,-11.325019998905816,-9.150086544686875,15,-12.402634199983709,-5.817225699081768,15,-11.521800200253045,-4.643545745046529,15,-12.510773215779512,-6.543327141605864,15,-12.59014324790606,-8.11943034973697,15,-12.974303102196064,-6.550863856746934,15,-14.308922175746396,-6.494832889818581,15,-13.508070961177495,-9.432399144832797,15,-11.859182811077664,-7.873574881470037,15,-11.808041690982662,-7.137133558276697,15,-13.38541750231153,-7.422088387666481,15,-14.643932496732488,-8.772738435273174,15,-10.98724396143316,-9.276998460247555,15,-15.94634822055933,-9.518985546001314,15,-14.343863860445381
775,-10.629613310539622,13,-14.43537224241052,-9.159049037226495,13,-16.8262514486796,-10.99002583524069,13,-15.598472276923275,-8.263304080052439,13,-14.54020924681259,-8.602868449726287,13,-12.078088928501804,-9.661044095144746,13,-15.12572686447498,-6.462839901066214,13,-17.534521282348553,-9.0974716602377,13,-15.686025236533887,-9.968260503299884,13,-12.930792161466877,-8.234547999903578,13,-14.901668322704946,-9.800900244218761,13,-12.87923938775119,-8.6833094355905,13,-12.707544257302708,-7.249766430517491,13,-15.90736703046299,-7.52698281235641,13,-11.70399826399609,-8.490650523501658,13,-15.40926414782771,-8.657291254814188,13,-15.524670439434017
776,-7.665304453890165,27,-13.165966102122681,-7.024501138406154,27,-12.069953209021971,-7.00262515773856,27,-13.181427230022322,-5.6760053419148635,27,-12.754986669725117,-5.734280932346919,27,-12.499481415873657,-7.471767575337298,27,-12.81131228176569,-6.192673131194969,27,-13.397188136786024,-6.382413368474127,27,-12.397859516604122,-6.844231827812944,27,-13.495232415688918,-8.074040185637578,27,-13.488881762405885,-7.941690884020652,27,-14.898142605020672,-5.366354565888715,27,-13.742879640309699,-6.702466860422401,27,-15.244239057012596,-5.4793786855303175,27,-11.785282018048303,-8.04001961593391,27,-13.511771260183158,-7.421054652993035,27,-15.117406610306448
777,-9.094750266190726,20,-14.95831731688704,-9.166512530961352,20,-15.055279316146201,-10.279141725901582,20,-16.268749124762248,-6.84862693830336,20,-14.927831119926065,-6.25243036150501,20,-12.213188046802765,-5.7809936334903895,20,-14.021625680167807,-4.198523731166306,20,-14.207175359890037,-7.585310731559204,20,-16.855756836185115,-8.194166380609387,20,-15.03936819937988,-9.588184479886866,20,-15.579606189094541,-8.669708263425498,20,-14.020000636004424,-9.131353546795197,20,-14.681351795898554,-7.767722521961263,20,-15.313517404699944,-5.738808162303233,20,-14.377059462533454,-11.348699873185371,20,-16.87704991236017,-6.812251728407636,20,-16.68972603522478
778,-8.390097049657898,34,-14.835523545740871,-7.36215441809243,34,-12.892107894051122,-7.144986959567311,34,-13.210867245390027,-7.059189844637171,34,-11.195549628261535,-5.967166884390095,34,-11.94349160177503,-7.599318621356071,34,-12.362690228630226,-6.167212171183313,34,-12.369323732285139,-3.35240103284103,34,-14.767500614067192,-5.127958447429481,34,-15.198852564251306,-8.155284531349801,34,-16.93702157314182,-7.742895053589382,34,-15.94264284781027,-6.926298144405978,34,-15.015403244306839,-7.530741493184099,34,-14.207228958351852,-4.2068195203877465,34,-12.843162042632201,-7.61160943704952,34,-14.606029141301939,-7.397122165209204,34,-13.277614829780337
779,-8.803579962233815,36,-13.215715828137801,-8.968176631142846,36,-14.744951199189295,-9.82751322764772,36,-15.585535716346676,-7.2763733956104595,36,-13.061016120762421,-6.172852017081775,36,-12.722825817907495,-6.810521274113467,36,-14.40457260209784,-7.444293216344545,36,-14.056111365665425,-5.4045130820007365,36,-14.110548312920963,-6.06067830590927,36,-13.952850999842648,-9.983984385900563,36,-16.320106025379168,-8.902896121071173,36,-15.430043726084515,-7.605492655138123,36,-15.314506290268577,-6.658861230421223,36,-17.108187940606488,-5.869633518009092,36,-14.458731726029928,-9.460221334295811,36,-16.22560920685698,-8.917708850776094,36,-15.12081537085779
780,-11.381656464696832,28,-16.461892872333515,-9.974586714827847,28,-14.587771802366916,-7.7152839883009,28,-14.1779439652226,-5.0570006982239315,28,-14.04754144110681,-5.090909988630093,28,-13.945161848630182,-6.680049671418359,28,-15.347436619019202,-4.1879141296768205,28,-12.462088400787918,-6.904542745711023,28,-14.145011674533684,-6.79059842123938,28,-14.613932084780497,-7.379247618384046,28,-14.985266268980169,-8.132258636332569,28,-15.909998787573802,-5.7311225536951484,28,-14.294444097493566,-9.324845238971351,28,-15.222994989550466,-6.555052214569149,28,-15.069883496328927,-7.832525504573413,28,-13.236215784727168,-7.548562539586935,28,-13.74978747825997
781,-9.62254382446008,39,-17.508099062640518,-8.92178175490429,39,-14.781164898018545,-8.160748748441545,39,-14.500883616666725,-6.222363287333744,39,-13.323807190244603,-6.404713638779466,39,-14.985452545204168,-8.531947918286354,39,-14.132996246714375,-6.0238760289580355,39,-14.200508431757122,-5.850214550564434,39,-13.9964728797334,-8.067787910963789,39,-12.811322739099495,-8.978442024477639,39,-13.658249787112188,-8.25784364508561,39,-15.36012367793051,-6.105060683721755,39,-14.24898361018501,-6.947538311972626,39,-15.808134716496333,-6.6546690874821754,39,-15.577763005855454,-8.327883538197828,39,-15.698786416352347,-5.857803994392635,39,-15.453221483032989
782,-10.01786185960201,46,-16.050495507255203,-8.357039123581954,46,-15.197419257930875,-7.564047157124312,46,-13.204492047028808,-6.72043604975067,46,-12.589988585853986,-5.9360698058273105,46,-12.047994747536837,-8.376436835704284,46,-14.112900853076546,-4.965957310469399,46,-12.99775274278334,-6.4106510190320325,46,-12.219312112644499,-5.202541868619246,46,-11.758789680528805,-7.040446611788927,46,-14.25332777152341,-6.890727707597445,46,-14.427570837362635,-7.024125473278351,46,-12.720394893097627,-8.448566533133402,46,-12.595337194721045,-6.185578492295216,46,-11.684064568337579,-9.120678262553202,46,-14.442866916699124,-7.655238376273569,46,-13.785461361066032
783,-9.288674215308324,20,-14.87933972659402,-6.835635566950026,20,-14.48744812907229,-9.457359614224249,20,-13.688789177409788,-6.529330705899806,20,-13.405939379171276,-6.720980967661983,20,-11.267346706524703,-8.854623372172735,20,-14.202125131823607,-5.575965598503978,20,-11.201161359290175,-6.663380043950405,20,-12.694499393888046,-8.072376070726207,20,-13.360216610388518,-6.894298434658297,20,-13.95358928679035,-8.163310210337688,20,-12.646402159675436,-7.075218900453989,20,-13.444667232674476,-8.175373646892242,20,-14.045644379236766,-7.16045632299611,20,-13.075201116411348,-8.372452725337329,20,-13.669023821679678,-8.087263158635302,20,-12.643379173327032
784,-9.398914729694827,62,-15.764704968555323,-9.010821002118085,62,-15.161713447317279,-9.383581842313571,62,-14.739200613739827,-6.577980519375032,62,-12.208184357369632,-7.451581431637292,62,-13.029315730579277,-9.408936717749562,62,-14.944603380522562,-5.359227093717602,62,-12.786449709089222,-7.595276688835819,62,-12.223375560606636,-7.8148885935679715,62,-14.524993342822878,-8.021102729480505,62,-16.033346711562654,-9.718997641897294,62,-15.580369919910684,-8.538639277945553,62,-15.547937227274895,-8.56959969752408,62,-16.384394394265406,-7.618601516638704,62,-15.416528841285633,-9.710078161886967,62,-15.000962414424235,-8.601992507035407,62,-14.839840299754538
785,-9.913234606979126,72,-15.189074970766194,-8.969798136829649,72,-14.669040299975773,-11.124332709291416,72,-17.89527227677074,-8.269048564390028,72,-12.98970089974522,-7.036826828609325,72,-13.202166735458555,-8.92393415598606,72,-14.531938872376863,-7.217858711219419,72,-13.101324941340973,-8.709044980617684,72,-14.665089711385985,-8.598908346115262,72,-14.118421260157724,-10.824799008455635,72,-16.816621393539965,-10.332899695030973,72,-16.668076723098896,-9.633540909556308,72,-16.339861493965532,-9.49688185679785,72,-17.096924034689422,-9.151607580828303,72,-14.45751172896762,-9.495566690064392,72,-16.62884784384023,-8.09898560234432,72,-15.229997718985608
786,-11.449589779995467,65,-15.96311070470647,-9.256343673715758,65,-16.424144194222684,-9.473653432410456,65,-15.188617971200005,-8.039046498981653,65,-12.55164513385341,-6.642976099574175,65,-11.751646255125143,-9.402058382583448,65,-16.11757542701293,-6.618686384949753,65,-14.42367809624204,-7.496673279748032,65,-15.043391588046227,-6.241831314696745,65,-14.865004237590998,-9.722936595140538,65,-17.40685384654115,-9.138974869584807,65,-15.404550973509995,-7.742667737031944,65,-14.25731390284903,-9.087052513924114,65,-15.38923699474962,-8.097790576653235,65,-12.666856614679006,-8.717680160486832,65,-13.225740231439172,-9.299321141630223,65,-14.848526172551622
787,-8.630091977938633,33,-12.313082801643711,-9.55290140202787,33,-12.728476983187536,-8.8716557109,33,-14.89649837892085,-7.22092494291384,33,-14.77240757480147,-7.588105459235528,33,-13.54738180639406,-7.863576907446307,33,-13.227163577983823,-7.291250263475691,33,-14.056635615776694,-7.300331220119678,33,-14.3070494527256,-8.018529751305481,33,-15.10488874126354,-8.191368317300684,33,-15.766567616910578,-7.568197828499708,33,-14.499552345130091,-7.213854415238194,33,-14.556005997709205,-8.813873177788068,33,-15.336964344029035,-6.83623586112793,33,-12.985393941217074,-9.026595790210608,33,-16.43422505280992,-8.927749163503854,33,-16.09362679328609
788,-6.390201563854444,12,-12.055609097555767,-6.555422362587063,12,-12.391161510643357,-7.586301610020475,12,-17.008410794795413,-4.422671788822953,12,-12.216085985548554,-7.830845158917324,12,-11.80789576775255,-4.5220109273724525,12,-14.709604467190086,-6.606247742540327,12,-12.242547510795362,-4.297558139422169,12,-11.343018289278792,-6.947576513300397,12,-14.216369216503404,-6.608922215402555,12,-12.844180043028048,-6.232659939637517,12,-14.691998272213693,-5.659486618357405,12,-13.81302217605441,-6.058974204436821,12,-11.338236538350749,-6.006818874616712,12,-11.55458496949667,-10.106492981276524,12,-12.972461345009748,-8.71284590156679,12,-15.718208998387171
789,-8.049218723004559,16,-13.960713739044975,-8.410021702625258,16,-15.10834398566643,-10.795438563532791,16,-14.766442248959596,-8.3078475032602,16,-13.03806951349863,-6.2460536526335275,16,-12.585168454380247,-7.926739684430256,16,-12.276664188854792,-7.559451910763815,16,-15.386306081295174,-6.3800571086492175,16,-14.690192796206091,-8.313087685260857,16,-12.72855128691624,-7.953627088037866,16,-13.246695163424318,-9.097292153253758,16,-14.9379397443847,-8.698187757510011,16,-15.129383451829542,-11.262750194491531,16,-13.230186215488269,-8.688716894978883,16,-14.551966978363016,-11.908366578838788,16,-15.943901149524955,-10.384553778832437,16,-15.089757508719138
790,-5.401761601168422,18,-15.57594998652615,-6.061359862305377,18,-13.407631327523731,-7.418066789105428,18,-15.729108621042139,-5.8802130622230875,18,-11.730460827125595,-4.392425336434028,18,-13.220395094105077,-6.297671186128487,18,-10.478320655122246,-5.822821310801798,18,-12.127602981619123,-3.7759502701706427,18,-12.920135156747376,-7.265774876350331,18,-12.339387598518679,-8.08366433948287,18,-13.484672807523175,-9.871500580077713,18,-15.233545496097117,-8.186267709098937,18,-16.350376039137146,-7.864846931883144,18,-14.487167729376832,-7.672542398577975,18,-13.661841958924581,-7.2581042700382845,18,-16.479170821017583,-4.331271578944687,18,-15.093054202268124
791,-8.036183508306271,12,-13.046652736670545,-8.184244884733797,12,-13.424535282847126,-7.636147890178831,12,-10.607359993292075,-6.714188482151592,12,-11.141800232965943,-6.328284045704552,12,-12.616622163503777,-7.756630089877946,12,-10.49618952235694,-6.548377558984617,12,-13.115020666577395,-5.233560974246489,12,-11.951346780411944,-6.001641720487703,12,-11.48113344923699,-7.676630197395291,12,-13.271949966988462,-5.661272321144223,12,-14.62421815125933,-5.945913074792541,12,-12.397235176109467,-7.7554319303061074,12,-13.424850005039637,-7.1850263596173525,12,-11.661953335906627,-7.7458347945135175,12,-14.380755803698275,-7.888124287719114,12,-13.18804217561407
792,-10.155968587632326,12,-13.06454845519025,-9.004657909845198,12,-13.834434606878649,-11.452058758014571,12,-14.649582917208228,-9.54792983521644,12,-13.020031101900678,-8.65271161965998,12,-13.119582593519802,-8.21995375113698,12,-14.899444298607737,-8.146540384035852,12,-14.163896118426818,-7.83562437518292,12,-12.157780468588427,-8.05660518681774,12,-12.528930814598036,-10.227209949328508,12,-14.90206505798372,-7.663795744338842,12,-13.76711373070782,-6.452906271629636,12,-12.092833196071249,-10.406502441336336,12,-15.170959286656231,-9.535875130586888,12,-15.948328511049048,-10.178519749499468,12,-16.62094220070632,-12.440803024760713,12,-15.545657884159516
793,-8.16713893112307,32,-13.633576238231147,-7.273691290751234,32,-14.283925475503166,-5.962828277283883,32,-13.040358399634293,-9.495157121174053,32,-11.957107267660446,-7.8999949613140075,32,-10.691310066869832,-6.5544641709918725,32,-12.216777635858191,-6.997516871515453,32,-13.287542732678029,-6.124884160409269,32,-12.783137012552421,-6.931907767241622,32,-13.135656775325085,-6.915273829733399,32,-13.278737012117004,-7.534488323515706,32,-12.626826657476013,-7.9524633581099256,32,-13.845613528103247,-9.473584810935193,32,-14.786134510140585,-5.5094746921753615,32,-13.42889474401739,-8.804238046867244,32,-14.261065958545862,-8.69280288628627,32,-17.18499858066432
794,-7.756880802115838,15,-15.514427273339546,-8.20892862259124,15,-13.450323754562552,-8.472378373413218,15,-15.166279716627338,-6.45257891514429,15,-10.871164401822497,-5.551010330780515,15,-13.291887852417776,-6.7762667019089475,15,-14.582234561104027,-7.081970497763815,15,-12.382553321415333,-6.443725986843764,15,-11.75028219913109,-5.290823114897401,15,-11.420313718228126,-6.092606850330922,15,-12.232361501058367,-5.028020828260578,15,-10.935910619481033,-7.491589910148889,15,-10.908092002695648,-6.062959117531202,15,-12.710730114249634,-7.821688504148835,15,-13.002161079344663,-8.050989446685273,15,-12.581105703003006,-8.279902297267999,15,-13.85012915728116
795,-8.440153881792892,24,-14.591378567876468,-6.279312376102929,24,-16.137397508114066,-9.721858058483765,24,-16.336138178105987,-10.745249534485549,24,-15.443825703671958,-7.065502554527278,24,-15.087994340488853,-8.642517103242135,24,-14.16546911720473,-4.292537622297808,24,-14.018109311176781,-6.217247338824807,24,-14.504328023440884,-8.866781733023943,24,-13.400697022435818,-7.322016052528716,24,-12.662326548664717,-7.281654455898876,24,-14.96729336287684,-9.960336056089051,24,-16.002795065249064,-8.275424264520495,24,-14.200450657103245,-8.976971679883235,24,-12.281461009743994,-8.805154436372565,24,-15.35375536858422,-10.226121349538612,24,-14.420228451841204
796,-9.052494772309359,15,-14.723947200068643,-6.162689094375278,15,-15.720432731460036,-7.463498307503596,15,-15.152489153022275,-11.196959772682298,15,-14.186011134351142,-6.759750096448157,15,-13.778912689150234,-6.133843183436075,15,-14.019177793569042,-4.213165764988061,15,-12.240460501189634,-5.508389957299328,15,-11.538214548002816,-6.603826235485584,15,-12.49040971801988,-7.852115128869965,15,-13.037587427986965,-10.371943280895053,15,-15.6725425845168,-6.073510984718072,15,-12.785897814939824,-9.985675779003119,15,-12.827184918058423,-6.888117457339512,15,-12.000565437005612,-8.138238114389718,15,-14.495025597621403,-9.171380844188143,15,-15.966369883694576
797,-9.358880176875255,10,-13.441281183390487,-6.685274771342153,10,-14.456295678302629,-6.5266225502718385,10,-11.765817239227891,-7.807101652447067,10,-12.574388348492372,-5.111991107861008,10,-11.325230137101228,-5.55145135440151,10,-11.931562874951098,-3.998482680566411,10,-10.802587558118354,-6.728738032292698,10,-10.717344875212508,-6.540695514989817,10,-11.275506126982329,-5.76747756208041,10,-10.961771160399952,-6.251561067221384,10,-14.91283044742717,-6.328380757467994,10,-12.399599963674579,-6.752982519897137,10,-12.226754401535324,-5.9256151182378956,10,-12.43073956840065,-12.426549268215421,10,-16.405698686186607,-9.278797208031355,10,-16.594715634807198
798,-8.963720884005147,12,-14.976300605382797,-6.6141400488671085,12,-13.72586582874944,-9.905740448025835,12,-14.091018909099006,-6.866208262593806,12,-12.496105769542574,-6.651718539144348,12,-11.665884796994577,-7.052480340330654,12,-14.28706139199779,-7.387884663529684,12,-14.09963806601764,-7.533674557538516,12,-14.411102529575894,-6.147981730303885,12,-13.055675593393126,-10.476771319378946,12,-16.353914069841963,-8.486612879619809,12,-14.187179103006734,-6.764619634152682,12,-13.200092295113441,-7.506000638942899,12,-13.296563483232575,-5.60047975538234,12,-12.21687042577486,-9.135228745461955,12,-14.527571451327763,-9.230217570623457,12,-17.658083997670005
799,-7.51011783959961,11,-12.118704436937971,-5.22147721823417,11,-12.437030792379986,-7.520268772541544,11,-12.56599214806034,-5.948415192970346,11,-11.978166337340909,-6.6705440799401705,11,-11.492375516441072,-4.353635048655573,11,-12.220596463409093,-7.163333126701847,11,-11.31301983802614,-6.552044805626168,11,-11.30473307821871,-6.541184928819881,11,-13.433526503984435,-8.163564688145978,11,-14.06677491570509,-7.444893642465305,11,-13.760597105479357,-6.13745416152161,11,-13.306365124121085,-6.505489815564279,11,-14.651631774737039,-6.813554608167596,11,-11.781636028268402,-8.412238382549337,11,-16.791270241287993,-8.248047095273872,11,-15.755646283077024
800,-6.002601840207145,15,-13.45958887875291,-6.397074382572605,15,-10.863184912193164,-8.280524557257625,15,-14.98053710385552,-3.7201449466888894,15,-12.708398986910996,-6.47932451896817,15,-12.370623605501354,-7.41528487707634,15,-13.225505410665981,-6.324588665592282,15,-11.728992719854192,-6.5162633289401555,15,-12.77543724695257,-7.240438164222289,15,-12.132578632900163,-6.263251447963105,15,-14.32211300496548,-8.240808966171393,15,-14.8824667922668,-5.807501284558977,15,-13.200334014944326,-7.587911558081755,15,-13.950725149870786,-5.22321822205157,15,-14.038017974439235,-8.068232401546606,15,-13.09233972222238,-6.406536512881402,15,-12.582709322527085
801,-6.649050248020313,12,-13.359280472719629,-6.836544159035983,12,-11.849814711804543,-8.638871661256204,12,-13.6316827188155,-7.657515204112125,12,-12.690737814079915,-5.896535905192943,12,-11.273389315724305,-5.631255429935621,12,-12.2386793046159,-5.568244246100088,12,-12.828659795301684,-5.539419898706326,12,-14.342181042854998,-7.106268790421893,12,-11.196232736879107,-5.190446352073925,12,-13.645167943190092,-8.151214880304213,12,-12.56215858246189,-8.683640688328833,12,-13.974669833361208,-6.969385406025689,12,-12.159704743996171,-6.473410503298371,12,-13.23217379355369,-7.655743003294147,12,-14.869992369932072,-4.949291879840494,12,-14.523565610035993
802,-7.8140639844874045,11,-13.522351466279304,-8.80063921129098,11,-12.334140793334269,-9.060751750629008,11,-15.44376073184562,-6.056513272538573,11,-13.693320031294839,-7.31359416894998,11,-13.185527755615025,-8.26914802057315,11,-12.970209496017704,-10.398688241479785,11,-13.859634298751832,-7.193104979894897,11,-15.028020243739306,-8.430101494256826,11,-14.34360300881693,-10.211443763689003,11,-15.832279338546002,-9.058442077618388,11,-16.082390291868435,-9.075317659720625,11,-15.219729828478474,-6.9812513590386285,11,-12.545510127141913,-8.663254539180102,11,-13.44562944555724,-6.918124120005248,11,-14.872864189095047,-7.552517800542249,11,-11.76879342602146
803,-9.50165029701852,15,-14.255449025391746,-7.691134994017491,15,-14.134287179428497,-7.399555862212294,15,-13.800423634300875,-7.927881793859173,15,-12.956572345901268,-5.894628842134724,15,-11.9678314053604,-6.626046089493728,15,-12.293321313959213,-6.124047050837321,15,-14.428854940564012,-6.9677542378982205,15,-13.16276510110358,-7.047148528199315,15,-12.740609881716097,-10.35458822901311,15,-15.692097020874108,-8.736177928074607,15,-15.298783943354263,-8.793129262912979,15,-12.975105012987427,-8.315346074648751,15,-14.75111432386478,-6.76135675616835,15,-11.24534884739667,-7.757827773950941,15,-14.022353787287077,-8.086202416031297,15,-15.730902910028774
804,-9.342462659314121,6,-11.199634577636841,-7.90765526066985,6,-11.73102758115462,-8.888578907545476,6,-13.379871918668947,-4.642107821686168,6,-12.800732427781567,-5.091311603424687,6,-10.375430806910092,-5.037124823213049,6,-14.121463057612074,-3.4239713643705185,6,-13.569652506737723,-6.354620134997163,6,-11.861147587289018,-9.980617772612694,6,-16.709820343160153,-6.887170174437312,6,-14.655357445466104,-6.636689194212905,6,-13.959014971492149,-7.494200258902771,6,-13.538449465755331,-10.317204942815149,6,-15.285707594976607,-4.357047839494988,6,-15.333583163472017,-8.525363032806142,6,-15.912087231558994,-4.767428114821872,6,-14.18194196774343
805,-6.970705958446501,7,-11.402919602602463,-8.68586643398774,7,-14.523819519434646,-6.52973031758518,7,-13.12421202472797,-6.584771749025071,7,-11.916945233289479,-6.867792468903145,7,-11.635596231376773,-4.381241441507619,7,-13.753969838527443,-3.1586935037450803,7,-13.799603164701118,-6.411780458080285,7,-12.024822701353685,-8.774266333856971,7,-12.753534258312058,-7.519463488291967,7,-15.886424296248048,-10.81387196242807,7,-14.533251517156703,-6.584682540251906,7,-12.822013993975922,-8.632025279335004,7,-14.384019359083462,-8.334758863379795,7,-11.646661216068686,-7.725656497394715,7,-17.626034215809327,-5.897242901528293,7,-15.417340070668468
806,-12.152196207153068,6,-14.30095786862223,-10.138981517508096,6,-14.895389221234227,-10.573285540134867,6,-13.798024326463596,-7.482956155130617,6,-12.268564838721707,-8.564354948267702,6,-10.93757575983524,-8.305751991115333,6,-15.81172495183797,-5.022530505746986,6,-11.759153889993645,-6.08820926833991,6,-15.264800519200861,-10.55649911845488,6,-14.640946500784143,-6.763757166077662,6,-15.374025738606852,-8.31809781900722,6,-16.217613588877533,-7.060432467477971,6,-13.896406825913221,-10.415326146160453,6,-13.263563856969485,-6.444805983267148,6,-14.296397056375575,-10.714723721786468,6,-16.929976944460194,-6.817293041197548,6,-15.701704879472631
807,-9.22920380548987,7,-12.00468319803695,-8.2307593442344,7,-14.927867715994541,-11.1726565890718,7,-15.17360293836856,-4.773313877462196,7,-13.240782349954614,-5.343379320729093,7,-12.935944071184721,-8.077319464315039,7,-14.298871789454793,-6.4596642654743075,7,-13.927374251873783,-6.9616229783185934,7,-13.526419115112455,-10.024110457297812,7,-12.920426396406635,-10.122388446390971,7,-15.685768852202571,-8.83258813500235,7,-15.391433477710395,-8.739150954988311,7,-14.973754877222813,-8.448331520401185,7,-16.16698390376236,-8.615886353769543,7,-14.45930401362581,-7.520619835258566,7,-11.496350548479509,-9.76529873808696,7,-12.850495312076927
808,-8.400790906857715,13,-15.866974059004676,-9.955280776584264,13,-17.03457863926736,-8.456960076606615,13,-15.722494704003541,-6.070808504717925,13,-13.067446690046005,-7.430213734287556,13,-12.869055577503447,-8.68557708452429,13,-13.43752388263777,-7.672765687390433,13,-13.122676772529731,-7.851765262414084,13,-14.636132893212608,-8.914945050813214,13,-13.939636557644587,-9.152468857329197,13,-14.869597388797537,-8.946402496114436,13,-15.719588259452594,-7.74902293294362,13,-13.545308273045915,-10.050216817680294,13,-12.99852415312101,-8.060804096441228,13,-15.108366416755711,-10.948871433226323,13,-14.673673166504424,-9.620163626310458,13,-14.2138110067858
809,-6.767783739495502,12,-14.112918261519772,-9.047665007032663,12,-16.467848559088495,-9.127845694809926,12,-15.237998902791547,-8.694925752959655,12,-13.532490915546965,-6.770180635039798,12,-12.30088038277022,-6.924689805222424,12,-14.77709225204588,-4.539715860145533,12,-13.349517583840296,-6.166966081986947,12,-17.761239788777104,-11.036812352848852,12,-15.047963043250956,-9.805403257732522,12,-15.088957139751608,-10.72395196203411,12,-17.857601295493183,-9.541327991496253,12,-13.526305866363948,-8.337484796092387,12,-17.22147372175389,-5.244663545215382,12,-14.224476762466743,-8.820659583346757,12,-16.265760332338143,-9.856729186503337,12,-14.738629852083294
810,-10.510321497612656,12,-15.068370966507032,-8.564108202682933,12,-16.29164801368048,-9.951687119039466,12,-14.864101339541953,-6.8980520671235555,12,-14.802479193842226,-4.113044094322077,12,-12.5287031142094,-8.213057441365383,12,-12.928440821000153,-4.2238511958781615,12,-14.037315358992332,-5.53376237698473,12,-13.361819240576441,-7.391134324063035,12,-14.461644892917093,-9.628674835307404,12,-15.687870674896836,-8.27002317465428,12,-12.84555558744646,-8.100345079209864,12,-13.216915627785625,-9.259196432589826,12,-16.958542397696114,-8.664237376109394,12,-12.567660625032893,-8.23238289749504,12,-14.215660301713978,-9.64869472197272,12,-15.68162336577296
811,-7.047849642592472,29,-11.713036124651703,-6.087887809394505,29,-13.771839502792462,-9.266329539688863,29,-12.915065339093474,-6.475273387076797,29,-12.054994188386656,-5.276839590714192,29,-11.365264824659057,-6.008560320881601,29,-13.49029987231945,-5.817977408449409,29,-12.300851138508634,-7.225313160718613,29,-13.27838012351913,-6.9875062562751475,29,-11.821413218434225,-8.499782613846445,29,-14.765930303026124,-6.624000371310348,29,-13.466910649776402,-6.538684701845546,29,-14.152151289487428,-7.966820658861717,29,-14.439363868664675,-7.210314015846439,29,-12.4780555359337,-9.177551086500525,29,-14.305576961029926,-9.244470489349938,29,-15.496483601851418
812,-8.548448846536976,24,-15.09091754953906,-6.218575994554966,24,-11.749208307992893,-6.161329404953885,24,-13.94446551754115,-7.522847387864085,24,-14.340785342120332,-6.187606691784829,24,-12.33576450458852,-7.74984772164556,24,-13.026330573109226,-6.258452732744324,24,-12.291384956784901,-4.631214112098915,24,-11.52883638986481,-7.228402226368353,24,-13.704786693867907,-7.444758596957186,24,-12.484686233512852,-7.294200544288113,24,-13.242915588039372,-6.841946520727408,24,-13.306727264920863,-8.777660904894965,24,-13.010201223016404,-6.0843431909984,24,-12.908938286390068,-7.258245988439786,24,-13.019082707738608,-8.098719686048568,24,-12.861640852887884
813,-9.606066140832473,24,-16.124161980229403,-6.578652696730872,24,-13.1800847794428,-7.6990729293486195,24,-12.441123124754847,-7.981732013346445,24,-13.860643450628727,-5.65807508638631,24,-12.902044810526315,-6.3117991641625615,24,-12.864241110878824,-6.431475412204714,24,-13.052346107660515,-5.824715797316427,24,-11.11577897240522,-5.074756421374934,24,-12.24600332689448,-8.563921481816692,24,-14.315829411950261,-8.624998857459671,24,-14.954611953411787,-6.848468076100456,24,-11.790718844540592,-8.324647036639982,24,-14.6115893564429,-5.76736245413759,24,-12.335432593684079,-8.54636463148685,24,-13.949782167216702,-9.170395426087047,24,-13.888436216983788
814,-9.86862088039879,12,-14.31872081131981,-6.7202710192473045,12,-12.839323430107166,-7.639490211610038,12,-13.706538342768189,-7.05255547745544,12,-12.734469942820901,-7.812303323847386,12,-10.494969835060687,-8.654665752827114,12,-15.235618005800735,-5.642124178558393,12,-12.213735983691013,-6.38153040714686,12,-14.0384858101046,-8.863027340343601,12,-13.938975975461577,-8.275605886776725,12,-16.48785027491143,-10.011739894292006,12,-15.061435129034887,-11.443211704840802,12,-15.690470964519063,-10.360667224204791,12,-15.676624587195821,-8.590736462546323,12,-13.708100501202038,-8.404104310206064,12,-17.018666865643,-7.492726727215101,12,-14.685520855567695
815,-11.140478409132818,6,-12.7465370647342,-9.475570033272705,6,-15.166333088050772,-7.935911365988087,6,-14.365733196388488,-7.282841034203552,6,-13.605006921811615,-7.805545987158653,6,-13.736672964436059,-9.15086047311812,6,-15.160459170201042,-8.807366075475041,6,-14.653594981332024,-8.187875071129753,6,-14.434658643421868,-9.530602221840542,6,-13.106054957405567,-7.986257181780965,6,-13.850990058256949,-10.827967363736866,6,-13.59111293554147,-10.218364821018497,6,-18.10968404716794,-8.811399201166203,6,-17.058612619682137,-8.152030864647466,6,-14.617036203494742,-8.764213258210727,6,-15.673394848165225,-10.021331473772053,6,-16.916366802463585
816,-10.445448956002728,12,-15.963385408241084,-9.06631238741012,12,-14.197736173584959,-10.339479039941065,12,-14.570766327400019,-8.599289539082799,12,-13.081574627140979,-7.424010228626284,12,-15.092978535303796,-6.28462540679791,12,-14.105977819895843,-7.180935779152769,12,-15.924710431959227,-7.96979959630418,12,-14.086391360321324,-6.940728702687107,12,-14.593981574704513,-8.176982030581701,12,-16.87820663834807,-10.57300657658944,12,-14.361347615283815,-10.128454694643425,12,-14.676291340568744,-9.45969809353602,12,-18.364494015418423,-5.982634904995022,12,-14.690004323072765,-9.835019841385432,12,-17.839904957938856,-11.238095004125388,12,-18.397877923366455
817,-5.805211363437261,8,-16.006816252559155,-9.579163147387145,8,-12.937726606755213,-10.00831230587426,8,-15.062125338482126,-4.8509569411492794,8,-11.59688126841382,-5.445880284646672,8,-15.579061807654732,-6.557192917145507,8,-12.997683637639785,-6.466973110367974,8,-9.57088707750001,-6.868602253340517,8,-12.360838491536521,-8.358569707048897,8,-12.654948323137587,-7.113730654452962,8,-14.419059969503643,-9.39206458089899,8,-13.58832434453672,-5.521113147282258,8,-15.661144688791481,-10.640921117527588,8,-13.984131879260381,-6.978992232990846,8,-12.923128513690692,-7.255106368045316,8,-12.781836775614428,-9.546308686052765,8,-13.777729205854012
818,-7.636213078859759,10,-12.048546119159198,-6.305889099243901,10,-11.779024958040763,-8.585524969544107,10,-14.681450025213763,-6.19364673090974,10,-12.970359120342858,-5.1087093062799305,10,-11.73100410618851,-6.9306819120997085,10,-14.233300387094616,-4.356154432004256,10,-12.640985773813892,-8.597359475804861,10,-15.059964857077212,-10.873132972975428,10,-15.502313606712292,-6.597315335073755,10,-15.023857852958795,-9.697298736205285,10,-14.991021725724618,-7.9550345143133026,10,-11.867192737840961,-9.469660335219835,10,-13.126227535747976,-7.388407221854621,10,-12.098721268227855,-5.61177573513148,10,-13.560880248620142,-8.234068734480902,10,-13.52299372373354
819,-9.436626696742907,15,-14.795523303587316,-11.351364713050259,15,-14.158983275200558,-8.81515227132949,15,-14.156622807522663,-8.516957223789992,15,-10.905067899630955,-4.808921034534318,15,-11.192950158306543,-8.246528748738308,15,-13.539775567436292,-4.955154422213229,15,-12.863845890977137,-5.6074129770757235,15,-10.677320280072973,-9.316148714961756,15,-13.602123079359615,-10.176755114638521,15,-13.172387316058817,-6.801964483140197,15,-14.625938330211712,-5.705798517349824,15,-15.045649337727177,-9.112366442177688,15,-16.62091985557048,-7.8963040479742315,15,-14.176280937803734,-8.04504606084838,15,-14.689675346121877,-7.763991628964066,15,-14.473821589700318
820,-8.051010971636114,9,-16.309402772199935,-7.271645352422533,9,-15.366475304305908,-7.234101874425819,9,-14.694360970639623,-7.481253958202486,9,-14.48064452657739,-4.013355545198553,9,-15.235356540964212,-6.500820739644881,9,-13.271934664231322,-6.814676795464315,9,-11.904025636890356,-5.873448815690207,9,-11.112678502639866,-8.114353305639847,9,-14.687910478203538,-5.563342200025705,9,-12.01142363132549,-6.601829673663245,9,-13.801329868514486,-5.174952301627432,9,-14.25118192482399,-6.288757288292642,9,-13.004989936612546,-7.438155519179204,9,-15.827476055665286,-8.346032749292254,9,-14.199970995536122,-10.215283196707333,9,-11.153884048252854
821,-9.385298082808738,9,-16.564665881978424,-9.970954729433739,9,-17.12744881117621,-9.764666162798326,9,-16.5107007607048,-6.237264621489782,9,-15.50233866913701,-4.096725249495769,9,-15.681436469831095,-4.8360976678638306,9,-13.96414339397232,-5.442515380448414,9,-14.346832656094378,-9.211655703454337,9,-14.64872842095092,-8.285359000935639,9,-13.549644674686398,-8.043177377862948,9,-15.308569994298368,-7.037411081878398,9,-13.644078042897881,-4.924458516767143,9,-15.42058201529185,-6.0117320992124865,9,-12.724533371466505,-10.034245583161162,9,-14.780971447259155,-9.901174364610723,9,-14.828989037000786,-9.038653335532548,9,-13.729323206587962
822,-5.459554920783027,8,-15.76732107308522,-10.377751248088902,8,-14.758949236551206,-9.462618300506454,8,-14.607942494467865,-5.646530879637288,8,-15.143117542606358,-7.048988684763202,8,-15.321981860888162,-7.879401253827936,8,-16.664913615351477,-4.447210661274281,8,-10.967201436288041,-8.804481384942651,8,-11.182424282208334,-7.3234473003664196,8,-15.577263637209551,-9.120528421675038,8,-15.36262715117742,-7.007241145698243,8,-14.22142069448192,-6.521783820718603,8,-16.94775442751611,-7.967186973774147,8,-13.422292529851386,-7.8570625181235325,8,-14.059620797518214,-6.468619330157378,8,-13.867570608485405,-5.774457453819456,8,-13.260479676938532
823,-7.078555309762823,7,-16.54112536939328,-10.02797234137201,7,-14.152100071860607,-10.40320059334846,7,-16.18412507223134,-6.846907093178901,7,-14.528867438965223,-8.20257546250107,7,-13.752219549047688,-7.803505772439493,7,-18.920593001714792,-4.806756106115813,7,-11.745389456118806,-8.688442468357165,7,-9.702149906171561,-9.49750553334917,7,-13.908700130473992,-9.858274009302905,7,-14.039347763093513,-9.186629261110987,7,-15.174643323122316,-8.038987066539221,7,-15.409895711425499,-9.064363954079585,7,-14.627479500444059,-8.630051732466757,7,-14.318674008671906,-8.04892623607229,7,-14.722153422103826,-7.382153069169497,7,-13.996999773029566
824,-8.26452497533359,13,-13.004703219817177,-7.948920385661492,13,-14.147107721505813,-8.194682651533222,13,-14.905663843494509,-6.638874862094194,13,-12.53103629958316,-7.980173559672653,13,-13.482725063015602,-7.487939764957147,13,-13.881001963871725,-7.0687080998482745,13,-13.349433828694714,-6.6642427907789115,13,-12.819470202401117,-6.246688106732883,13,-11.346712469359339,-7.667539144393593,13,-14.767376576043832,-8.568593112935188,13,-13.319307448635966,-6.009150322957774,13,-12.73734392601989,-6.035754181648551,13,-11.525577065599661,-7.645232656040091,13,-12.417033202951357,-9.752397726136522,13,-14.031912096569219,-8.634250632278489,13,-15.878159389839904
825,-6.781815466352047,15,-15.171896118307423,-8.111572131687703,15,-13.894160318567053,-8.406328324570003,15,-13.25352307977049,-5.894543296600999,15,-11.99617935746138,-6.068713152801761,15,-12.446937074374409,-7.118025224152198,15,-15.818275584776181,-5.094235087569877,15,-12.591778241587157,-5.540634528950839,15,-10.72411641747765,-7.877357382874768,15,-13.3355667786109,-7.678106101624049,15,-14.764921040457024,-7.72601568106836,15,-15.20030222633492,-8.030781248567942,15,-14.69830370700871,-9.197495827726657,15,-14.220108494311553,-6.695300249553866,15,-12.595680675308593,-7.652862451426387,15,-14.355293941815205,-9.274054749432567,15,-14.377561884116375
826,-10.105477330270343,19,-12.407619226929473,-7.484795136117098,19,-12.126657115190495,-6.348610315898425,19,-13.851275001333969,-8.056974149159311,19,-11.944587796837602,-6.298183236291088,19,-11.973190077922876,-8.094718567793695,19,-14.199100426910029,-4.607860932236373,19,-11.726386291275428,-6.47357514061281,19,-12.53288142549231,-7.527327337395821,19,-11.85717473293138,-9.008653743223132,19,-11.101058443931219,-7.864800015087764,19,-13.855863346694004,-7.646372217187691,19,-14.166659507887525,-9.180826168556742,19,-13.777647700663058,-8.780163892394464,19,-12.524851550991091,-10.953249890341088,19,-13.535019407382139,-9.086833223074667,19,-13.009244281459384
827,-10.104973776643213,10,-16.291786177058544,-9.020298692116862,10,-12.545853154309983,-9.901172487929458,10,-15.60024872069137,-6.910029521663178,10,-12.992325552970845,-7.9482834113795455,10,-12.886432329205615,-7.781305770470985,10,-15.302048581080685,-5.996624362699171,10,-11.144835829142481,-7.221759248028317,10,-13.220405469285923,-10.532484951806357,10,-14.198419475548862,-10.645122646541017,10,-13.034993308322074,-8.360231984564377,10,-18.24000954934839,-8.239989413386756,10,-14.220179901236795,-9.630899476658778,10,-15.331853149725386,-8.296606695789999,10,-14.049818996222754,-10.331502526974383,10,-16.434641211471522,-9.738009825888646,10,-16.411279102326848
828,-11.33594704628967,8,-15.327561568919663,-7.106225131503362,8,-12.792495874163471,-8.90666958804763,8,-14.853222450337512,-7.5486097109541,8,-12.45518364058835,-6.908984195913649,8,-10.547459936902113,-8.924848256172659,8,-15.296316143888209,-5.459444789190435,8,-12.394412357574993,-6.69261811850123,8,-12.128505581863232,-8.113009242152327,8,-14.742722616040883,-10.688430948180638,8,-13.620155788279105,-8.151079650891134,8,-16.149084062364892,-8.168563373388158,8,-14.051458183798683,-8.988177906192252,8,-17.50251777325537,-9.018358544267267,8,-13.728985599881112,-9.477762172805873,8,-14.368598627306872,-9.432175670070812,8,-15.52120703269429
829,-8.542169529463632,12,-13.759837059871113,-7.0590355496802655,12,-12.887359993920048,-7.712028619229947,12,-12.54003783738824,-5.6865908712093125,12,-10.54635108740368,-4.808907600081839,12,-8.549463523102864,-7.533917751143992,12,-13.218571247426325,-7.991281217827346,12,-10.800616994457123,-6.665118521814065,12,-12.003456788703176,-5.845367910322324,12,-12.082193682214406,-7.8632959660839,12,-10.493642063502309,-9.598607143942505,12,-14.216387575133139,-6.297577422840161,12,-15.062568760321643,-7.372015611595452,12,-13.328803131174485,-6.704651094644104,12,-12.53950349701242,-6.878918165926714,12,-12.246392049577238,-11.153386176256221,12,-12.235154233732812
830,-6.851326583580509,28,-11.857584961252376,-6.165880374523106,28,-11.433444308159267,-6.419376768040635,28,-13.300449527907631,-6.972952636454492,28,-13.005955834330793,-5.564683203515436,28,-12.393879468466,-7.719597223179106,28,-12.606499973500844,-7.191181519602685,28,-11.367166450570043,-5.997563006197107,28,-11.476857085260336,-4.759438746447561,28,-11.915208070859451,-6.634456028472058,28,-11.284859927814551,-7.300204137817968,28,-13.762514048464698,-6.660481253421925,28,-12.473649504324303,-5.570001090472276,28,-13.30267662454699,-5.583254655314136,28,-11.21880771402926,-8.450954247303944,28,-12.882403443627195,-7.236291147505703,28,-14.10613948953529
831,-8.046031474931443,16,-14.441690608213237,-6.24127658548185,16,-14.601429555495338,-7.538610661896655,16,-14.963214944778983,-4.715762354745866,16,-12.86882405886116,-5.673376915473475,16,-11.80211537317124,-8.703431926444171,16,-13.289163676136237,-5.2296166204186285,16,-12.158370158574138,-5.0904980931493915,16,-13.63785039466902,-5.887511248805234,16,-11.752512500437009,-7.416934689517341,16,-14.746229993147239,-7.558705527582767,16,-15.409824185034683,-9.70360844215824,16,-13.836352672936503,-6.97304445664698,16,-16.599584658132372,-6.741922695527112,16,-13.066931180492096,-8.101449596429973,16,-14.321871058865344,-9.179302526579981,16,-14.912321977305698
832,-7.677333570800171,17,-14.067574145914142,-8.300881782148311,17,-12.269168871707233,-9.54886305801266,17,-14.154782307996332,-7.436087816557391,17,-11.500741249582918,-8.23812285057645,17,-12.424495734983015,-6.114376475954289,17,-13.340343285333914,-5.569348972277481,17,-12.462700373350408,-5.792537687574556,17,-12.532695009863753,-5.349845779251395,17,-13.358996184835082,-6.287202544239778,17,-15.756887480368011,-9.936656159626267,17,-14.50595855396972,-7.863977213374758,17,-13.529370800079818,-7.134031507343096,17,-16.285777936772334,-6.9080280856319884,17,-13.826011874864445,-9.216780264428303,17,-13.388997316347089,-7.495055572410688,17,-14.116808804373044
833,-7.307677440672611,20,-14.250614498619141,-9.44913768725892,20,-14.92072815638625,-8.871386275146506,20,-13.674582005535873,-7.528824832495823,20,-14.960558183909312,-7.841056598432985,20,-11.919772876684323,-8.473370512020423,20,-12.782709486330248,-8.381786667597543,20,-12.219239544609312,-8.235833349679973,20,-14.203331572568388,-8.858597571107843,20,-12.923493883571826,-8.744432059026703,20,-13.779695713054231,-9.271169340424347,20,-15.61188095551961,-10.219183328382623,20,-15.636390664854343,-9.702848804622946,20,-15.119588759021678,-8.96837140341039,20,-15.567188507076937,-11.388532560797273,20,-17.1848784305362,-11.599910894514107,20,-19.831887581901913
834,-9.522596176626562,23,-12.495847624377458,-6.395885556784759,23,-13.268459904344505,-8.057956154849252,23,-14.743747841913407,-6.620392508685428,23,-11.707198664117284,-7.750878657141812,23,-12.945647732893956,-6.051078449648229,23,-12.88267373853712,-7.427599961682377,23,-12.180067614578803,-6.0423444886020805,23,-13.226880734352655,-7.359614678821772,23,-12.738936636093811,-6.954554482235179,23,-13.67928512264487,-6.0895701293780355,23,-12.07147587383342,-7.511063844379985,23,-13.47049524241839,-7.896684597622503,23,-13.706443627235982,-8.255652371660641,23,-12.150386558029256,-8.333270420369356,23,-13.417004859547873,-9.630078139025404,23,-14.313772607093986
835,-7.505702749426877,24,-14.093204390398153,-7.500790042364588,24,-14.38145854129716,-8.868378178439922,24,-13.929219919985648,-6.30848787102002,24,-12.539670187023447,-6.706932604495446,24,-12.138915542424616,-5.755455629200381,24,-13.757529422678473,-8.67859683290958,24,-13.21365823837245,-6.396758089162569,24,-12.774383098378571,-6.692974394317112,24,-13.831507282870595,-7.100658383911678,24,-12.787559428977515,-7.1955370114756665,24,-15.57544823761222,-8.106601948907732,24,-14.447173508951996,-9.834907198385949,24,-14.833737385272359,-6.620855728115037,24,-13.031122965431836,-8.15145710236056,24,-14.768493658853599,-9.798744837524634,24,-13.383572152968616
836,-8.903445146743373,21,-12.653408848456708,-7.699750050054799,21,-13.982431353874432,-8.480545433583318,21,-14.467438969725059,-7.449917515477317,21,-14.607871056708719,-7.5983534090263785,21,-13.193482418616522,-7.8256832161776355,21,-13.58417423369735,-6.314974385640677,21,-13.468533367996727,-6.3626023563044285,21,-12.746476156390736,-5.178614376088289,21,-12.883548954336986,-6.306210632920322,21,-11.942784676696657,-8.901770689773404,21,-13.503183924519359,-8.396979820177155,21,-16.004265204284216,-11.43783432775293,21,-14.076927041899893,-5.898582532509492,21,-12.351670366679965,-7.794515299731444,21,-14.97429265486058,-9.547119394095954,21,-11.779603656587529
837,-6.292310593835012,9,-15.268649660310569,-6.240221511465673,9,-14.196915479714054,-10.571488475508303,9,-12.702064893406021,-6.145623229024915,9,-12.014090025830287,-6.8439021950303145,9,-11.702276630915078,-4.010385803565305,9,-12.076367965781658,-7.954839703641135,9,-12.520659789272592,-6.770746574857313,9,-13.145512750908356,-4.705456166090466,9,-13.298501085638792,-6.587798978135806,9,-13.767838788407019,-8.020155773864852,9,-14.324211095697727,-7.703542940652933,9,-13.349144433676186,-9.018987134929624,9,-14.310041741482971,-7.788718769170017,9,-12.931649187941597,-9.185719594928306,9,-14.883824657100597,-9.755018292264511,9,-15.669336987788327
838,-8.684616003519615,17,-17.286813703316895,-6.551777427124444,17,-13.036310858556037,-9.396289509726124,17,-14.087243419173536,-8.723283366376002,17,-11.857291175784662,-6.0099781197717945,17,-12.148061170431019,-7.020276412944414,17,-14.422818321108846,-7.722292858958709,17,-12.679031386961352,-6.336751683259985,17,-12.13738468119079,-6.531738758803894,17,-12.141259496659904,-9.24671093922508,17,-13.851832828788893,-7.3727944491013195,17,-14.550736032580389,-9.15206202483918,17,-14.378497963104053,-8.295017031649419,17,-14.407741178873314,-7.3414859775968235,17,-13.859257260503291,-9.197353940198235,17,-17.332850253714444,-7.89762387018876,17,-15.590039201317323
839,-10.297635001264211,25,-15.955695210626814,-8.442216935164527,25,-15.070047854019226,-9.339498347319923,25,-13.818164146551444,-9.217493655801777,25,-11.042996293424139,-8.376702785330421,25,-14.641438084776317,-8.735296554775884,25,-14.156195921453625,-6.416985964354889,25,-14.874217279194566,-6.030905665917416,25,-12.678893470797775,-8.163450268008317,25,-13.809342452453565,-8.768660783323524,25,-14.689334510461581,-8.97167031056335,25,-13.893727747546249,-9.499672374249489,25,-15.72789511465415,-8.569007496780369,25,-14.642005783723631,-7.928839429208292,25,-13.954548647044955,-8.459657303012506,25,-14.176955942907972,-8.702806528144077,25,-14.479567222866391
840,-10.562314170908742,37,-14.285370256638402,-9.953193659299817,37,-16.18672720910603,-9.227656439095599,37,-14.53881576199818,-7.1716361905406245,37,-12.11488485913791,-6.6740380922698375,37,-12.22840078449786,-8.151227094367977,37,-13.726548926219683,-7.1685792123126255,37,-13.341279075286108,-6.963940317686164,37,-11.917651373087299,-6.273659480121877,37,-12.90183623641658,-8.973296113142608,37,-13.781935777869545,-9.498845852879498,37,-13.757974201455314,-8.09443013598427,37,-14.162982539095763,-8.352744384583287,37,-14.395121238819373,-7.394752654249711,37,-12.959176736458032,-9.94356194869927,37,-14.908853211987909,-8.578834020092827,37,-15.469098832915819
841,-9.426537982399473,13,-16.206689689599624,-8.568353865446383,13,-13.186922107717141,-9.907864979183657,13,-14.292866415418647,-7.648859273759017,13,-12.710717016832177,-6.316706973372412,13,-11.383940437666379,-8.73460069382048,13,-14.295152252151915,-7.342180802749382,13,-14.746935147749733,-5.665370657276652,13,-12.599790741965776,-8.944648497706037,13,-15.711314254979074,-10.415490325621894,13,-15.940679732538248,-8.791043938543597,13,-18.04040896765503,-7.727320630615667,13,-16.64488104631616,-9.593098972662338,13,-16.267431476103763,-7.269914547038104,13,-12.838225126685918,-10.576358085294942,13,-17.969387314299944,-7.257586453141674,13,-16.03985554905475
842,-9.360199593740738,11,-13.960544290703075,-5.883654017242113,11,-13.511099880257863,-7.9687457209826364,11,-13.469797278977357,-5.67835072593557,11,-10.24809400937676,-6.241827575748047,11,-11.948513798085772,-7.079423593711852,11,-12.669428794587434,-5.698450548688746,11,-12.296912114618287,-5.29846512253666,11,-11.177810304616466,-8.349904524067146,11,-11.504272349475412,-7.276362383135876,11,-12.883228566462662,-8.150104642085612,11,-13.580044124632662,-7.745807769601727,11,-14.196576392658393,-9.367393234697072,11,-13.025875209039635,-6.35156670334964,11,-10.404947432496323,-8.629986301737002,11,-12.489779812954133,-8.855578872158945,11,-13.522549208017185
843,-9.23441342757232,11,-12.896019153464827,-4.8304532521410675,11,-12.811885027629106,-7.014231223712349,11,-14.446897162120859,-5.005061319063909,11,-10.449291683566608,-6.3912927181311545,11,-12.100804880051303,-7.324359210517118,11,-13.469595409610402,-4.605283399433318,11,-10.898504128397288,-7.710448483156103,11,-13.445043181662548,-6.979303141488595,11,-11.690824903200099,-8.945300845894264,11,-12.786753473671297,-7.204751908181327,11,-12.540719891940409,-7.829618232122655,11,-13.274699462081283,-9.338080408725784,11,-11.307690537958717,-7.529192892082245,11,-11.851440146172061,-9.446252521684494,11,-10.886903212276149,-7.405667722579937,11,-11.96360024153321
844,-9.212824811283195,123,-15.655372302732646,-7.956207619523071,123,-14.094872472266804,-10.416096621541605,123,-16.44607577215213,-7.465185053286075,123,-13.593348362508088,-7.275581617361641,123,-13.152968400275022,-8.122503950432197,123,-14.384417311522588,-7.575408426812389,123,-13.24375822089474,-8.588964159221003,123,-14.586409613176734,-7.792918704004393,123,-14.743180415508483,-9.040559743887474,123,-14.787310423094599,-8.607241459966206,123,-15.179245838741906,-7.929693626726754,123,-13.782355043093574,-8.095715501927232,123,-15.188598465758522,-7.086242300480814,123,-13.139448351846582,-7.864527304152094,123,-15.384519962249625,-7.278350317295924,123,-14.203693382054183
845,-10.324275376262676,92,-17.17902745442754,-8.526426595832097,92,-14.366025367884701,-10.37555290115839,92,-18.620481006995092,-10.052891618578862,92,-16.311298848868837,-9.432344145906509,92,-15.660649275854377,-9.74499517450884,92,-17.619627008230335,-5.3467087592990055,92,-14.91133397078161,-8.099558671313954,92,-13.659115385413704,-9.497965579683626,92,-13.749248120071869,-10.027820918309128,92,-16.5027989055894,-10.145240768474935,92,-17.272394546943758,-7.021207593004907,92,-14.933365001534966,-10.068320169726025,92,-16.35596151576597,-7.270255815194242,92,-14.170577759489774,-7.911235017898459,92,-14.807739495710251,-7.333736199147088,92,-13.686161158704099
846,-10.39520437163529,118,-18.935229724744893,-10.297391748554094,118,-18.525854363695263,-9.384280060856094,118,-16.648942623121485,-8.47400712497924,118,-16.133517015554126,-8.03591234079908,118,-14.587235980962006,-8.731511542488708,118,-14.367105461789311,-5.054472063468899,118,-13.95440774889215,-9.607686379987019,118,-16.19138884883325,-9.238980248631247,118,-15.33855580867569,-9.72813754810732,118,-18.198120704997816,-11.049841687482488,118,-19.38163707817897,-8.784703943142045,118,-16.210080244265797,-10.288876497028905,118,-17.63898077106863,-6.020617171357371,118,-13.748803591631543,-7.518048723790772,118,-15.785242732653993,-6.86079712035589,118,-14.320156456296543
847,-8.463729659679002,40,-15.209596315323848,-7.925192574419027,40,-15.629259021987224,-9.20130625729186,40,-15.009989367873116,-6.585295033171091,40,-13.649380430383456,-6.8542274683876006,40,-11.892688188056042,-7.589148853374724,40,-12.595908890029934,-6.7046034104831245,40,-12.871530505998807,-6.89546037431199,40,-13.104986578361203,-6.400861022238201,40,-12.935212792232347,-7.526948531067794,40,-15.547922244184651,-9.729544048731585,40,-14.764274360266501,-8.070128024317443,40,-14.626221263226336,-7.3505147695093225,40,-13.21340477733904,-6.341136518783511,40,-12.24555356982562,-10.052062401729565,40,-15.12543207665373,-6.008727062023846,40,-13.204895052629595
848,-9.3525801658955,151,-16.647735038780482,-9.536719130633065,151,-16.31679141099122,-9.055256774214586,151,-17.785512331978268,-5.693410026630391,151,-13.419649516625112,-5.556006373859889,151,-13.631203503137197,-7.308136675541048,151,-15.82002742484553,-4.107779963228673,151,-12.996701977591702,-8.348311842775445,151,-14.871156652394,-8.95504310056338,151,-14.876311962905167,-8.59473350052988,151,-16.051320293746166,-9.306858670270017,151,-16.208487241010907,-7.7856505118853745,151,-15.7102874137654,-8.49128044886571,151,-16.352981141035524,-4.993646066628213,151,-12.08843610825279,-6.5871256861524525,151,-13.997213378572164,-5.558641809949281,151,-13.794308783871179
849,-10.475362321801791,203,-16.64559972997002,-10.022441114792713,203,-17.140257057306755,-10.601032215223718,203,-16.996282243749775,-8.488263020904693,203,-16.52276994420599,-8.265773677771692,203,-15.97548254158851,-9.082320138800535,203,-16.072482410206966,-5.722960953551826,203,-13.463559359254953,-9.300519810319782,203,-15.605817336449041,-8.15468457368065,203,-14.999415052468022,-8.405875434403754,203,-15.677855844887246,-8.49754684487321,203,-15.684487606915749,-6.165378999817493,203,-14.186618750016745,-6.749360071205866,203,-14.554465610794345,-5.20997463226419,203,-12.072882038198546,-4.55810173616061,203,-11.98730706405927,-4.686455485621549,203,-12.191941146874722
850,-10.858939607958195,23,-15.628148061524136,-7.473395984935172,23,-13.500626733893109,-7.0654395964948735,23,-15.170440504362567,-7.1916039728281795,23,-14.326389963470124,-6.463735379995017,23,-12.28147128055166,-8.456836290103615,23,-13.456654685805223,-8.482055864491173,23,-13.62732500717831,-6.439447710151703,23,-14.045144023619638,-7.8398247295874235,23,-13.271737180532252,-8.108763294311183,23,-13.672565506340028,-9.216145150562053,23,-13.44644366534219,-6.001262978131377,23,-11.889696303803914,-8.646981334267657,23,-13.597056902491765,-4.995589969326043,23,-12.209187408119604,-7.555297550172037,23,-14.50421111568412,-8.40740127440059,23,-13.108087037608101
851,-11.93747743930466,17,-18.216263683297427,-11.236317557259326,17,-16.517078360946897,-10.495355693791025,17,-17.136094792765963,-10.161937211809551,17,-15.596778466211896,-9.667512640350274,17,-15.706623179055438,-9.718517985309695,17,-14.245995751980907,-6.603178751317379,17,-13.820018095872971,-5.384864096883217,17,-15.915080696133366,-8.190090274732626,17,-15.798808362935674,-9.43076185174775,17,-16.95118066596457,-9.185411535293039,17,-17.860641161705843,-8.36231316480898,17,-15.672905071619237,-8.192919480790495,17,-14.938672804450928,-6.623561616971731,17,-13.356629259177746,-5.7564868392115915,17,-15.398639564753136,-7.110375401946609,17,-13.940666447104167
852,-9.236123856245243,20,-17.101881738477758,-11.43537220676761,20,-17.34912156095356,-11.899256580844348,20,-17.53446364346351,-9.970519499780526,20,-14.552711719547563,-7.680740361356673,20,-15.326551367227276,-9.422754862339884,20,-14.607661406073083,-6.805424921676535,20,-13.584593530197315,-7.032267842944173,20,-16.406429158645082,-9.426024252407322,20,-14.38407446311739,-9.937379211423098,20,-17.61712055501729,-9.919909715204533,20,-17.608835888299335,-9.683474397783112,20,-15.60060431742119,-10.466342147749172,20,-15.488990510001448,-5.24028862840241,20,-13.746416756825395,-7.349602712211434,20,-14.75889538052985,-6.049444570117165,20,-14.816515215071632
853,-6.512743016007048,17,-14.19911137352025,-10.642138860466545,17,-12.896719806620233,-11.511088841059147,17,-15.400275711465826,-9.360308623123965,17,-11.936439888274844,-5.893389440168482,17,-12.268274225169503,-6.3502124555280615,17,-13.614563069705603,-5.811493561355661,17,-12.552525530950176,-6.151340201566182,17,-12.642896198555867,-7.288597028188391,17,-13.108438352839197,-8.574768529660181,17,-16.761340876559338,-7.707493773600081,17,-14.937951148069086,-6.5626058874257005,17,-16.05496145325802,-9.171666805185728,17,-14.381520684333298,-7.44206265478783,17,-13.96382329066438,-10.011887885992364,17,-13.628666632773992,-7.124426316879051,17,-14.829765477735217
854,-11.777269193355377,14,-18.3439196156702,-9.955145160969746,14,-17.21861238347248,-11.212376348930244,14,-18.543993715822634,-8.983321492074474,14,-13.53592114494176,-9.80091919635663,14,-15.517277416387657,-8.42290054732909,14,-14.721477435820812,-5.807024840045215,14,-12.454902703727102,-6.6475959308585075,14,-14.517142429648652,-8.825893896307575,14,-15.269267592634815,-8.892482992813967,14,-15.48266002192098,-9.421958494015051,14,-15.258482748048268,-8.311283442618436,14,-15.4918888080576,-8.815827647322065,14,-13.467181871584346,-8.019943851650202,14,-12.897703444176186,-7.43284970290588,14,-14.86906805449955,-5.990210195968358,14,-13.702075522512223
855,-10.334180980159926,10,-17.639499277724976,-9.397976441372936,10,-15.644206038588722,-10.46210512610142,10,-16.035549781749705,-5.5213296293818885,10,-11.26745003086679,-8.32549186280457,10,-12.130767553277945,-8.34277358950159,10,-11.338319468071845,-7.671573400478967,10,-12.563508624691242,-7.344064871943435,10,-12.938816481735225,-10.187703085276919,10,-14.240679860414422,-10.29636061787545,10,-14.757869902260218,-10.767252720747681,10,-15.536002668144754,-8.752243614574137,10,-15.84358339730371,-9.157669599843892,10,-13.230605095734525,-5.778763703054373,10,-12.35800580152086,-6.365089021015363,10,-12.838688091419403,-8.27376197346691,10,-15.20838093410002
856,-8.942505794005339,9,-12.797692899262445,-7.148342446912729,9,-13.814321962645291,-7.191727669358682,9,-16.32460744254107,-6.579068683587867,9,-10.699445132345105,-8.274307161927016,9,-10.905601314321743,-6.509406274914188,9,-11.611655346538432,-8.731771839706,9,-12.413998387389176,-8.444839343225961,9,-13.06799926121853,-9.198075966067695,9,-13.493057950293876,-9.77162052433749,9,-13.396076403381707,-8.382359198969935,9,-14.741880143974589,-7.3214546788933434,9,-15.930405674577607,-8.382909428517607,9,-12.963078617877915,-7.648630602653165,9,-11.509484938440986,-6.683964416352008,9,-15.621528213442337,-7.432134059958023,9,-14.843919733254937
857,-10.259895794996348,14,-13.942316004290994,-8.044009153921248,14,-15.862808582980675,-10.311178746920266,14,-16.317218631149736,-8.833861554816423,14,-16.469962106429673,-8.833133318196303,14,-13.99167533025745,-7.489926684599931,14,-14.720245153746973,-6.998528897069466,14,-13.984491305257302,-7.657542540341363,14,-12.760960773983108,-7.532630593941532,14,-12.78556522640118,-6.791698537394991,14,-13.865364141276347,-7.228061469220833,14,-13.921190803091188,-7.644188451065288,14,-11.727071011281708,-7.46821590340804,14,-13.08222175856842,-5.477408282585858,14,-13.22504055659598,-8.1988259633985,14,-13.367956556220886,-7.291011539239303,14,-15.051764438308952
858,-9.017484628505063,14,-11.468494730324355,-7.059670693273073,14,-13.742620099876605,-8.707843442429105,14,-14.987570830428972,-6.955609183013442,14,-11.384628981785234,-6.609310104476878,14,-10.41983606022728,-6.956097920624549,14,-16.065425018711267,-7.354551247266291,14,-13.390088103323743,-8.201493195273704,14,-10.026033669114522,-7.7380447328670945,14,-9.838539753055814,-7.536156890743638,14,-13.962713816314503,-8.70534662497232,14,-12.098336677324362,-9.502692575288263,14,-12.616735000697698,-5.099867806234477,14,-13.252901476078105,-4.831409716620641,14,-12.86591042323922,-8.531049421212469,14,-15.643183386545187,-7.27166581567529,14,-15.770546187616441
859,-9.208251898839565,36,-14.901242140373656,-8.352808903910812,36,-15.340133841182006,-9.220770489049414,36,-14.182403316036893,-7.164099524664848,36,-11.488592665318954,-6.838851538303226,36,-12.863508609086825,-8.895720697379177,36,-13.752350032902548,-6.803588903979669,36,-13.95426843206333,-7.092248789327737,36,-12.822225057378475,-7.2931300603107,36,-12.91783054502902,-7.707730898536365,36,-14.278593887168467,-8.668671195231795,36,-13.335101822376632,-6.517420701525775,36,-13.668042574520625,-7.43989026985056,36,-13.414319624231135,-6.59444737533488,36,-13.458004570146873,-8.507448406969397,36,-13.98070531808888,-8.015135254163674,36,-14.507174252757142
860,-6.725426531741043,16,-13.16327909732008,-7.664258715899796,16,-13.055573647109568,-8.224795971622543,16,-11.807984722933506,-5.349849279347637,16,-12.288684570304751,-7.665676057449357,16,-12.249309193115863,-8.91867811325419,16,-11.396759909898499,-4.176010917313387,16,-13.463338319360414,-6.695927215069704,16,-12.860984427890651,-5.324568606585098,16,-12.484107925030433,-6.226871701656621,16,-11.043875947464928,-4.450204359560753,16,-13.610093312905036,-8.326565094020943,16,-13.07482493324365,-8.99760357242145,16,-11.944138577580743,-7.883873810576414,16,-13.484645035520984,-7.302741587291376,16,-14.511649355825815,-7.394833484954917,16,-12.828267435430107
861,-6.771238503588645,29,-11.768856329460979,-7.465645748088199,29,-11.969765138449562,-7.124707337473559,29,-12.650160728044316,-4.109208015719327,29,-11.299531699313315,-5.916043521987979,29,-11.34483306433832,-6.209509628665217,29,-12.320147901675536,-5.570360912273815,29,-12.269338947299218,-7.573564384999976,29,-12.872618358807076,-7.04107930225943,29,-10.221046735505386,-8.00121712890116,29,-10.549423447586626,-6.022888925263725,29,-12.833266371495387,-6.184662848654665,29,-13.583281064614463,-7.077873788208617,29,-13.152465243149615,-6.377260146513634,29,-11.713011489530551,-6.302425021871412,29,-12.542898312225434,-8.062522250532782,29,-13.56259927100825
862,-7.499472680359123,5,-13.011510359030979,-7.718125944502292,5,-12.046998891808482,-9.063381915952522,5,-15.502035960970652,-9.295321006463615,5,-12.239202712229364,-5.276996142467572,5,-12.579451417031892,-7.868278181758331,5,-13.683853490564353,-7.4627444974358195,5,-14.981101018261358,-6.860643123694677,5,-13.177729288708544,-8.78703664461351,5,-15.485314301645037,-10.444787035034754,5,-17.359595648500953,-8.625861041195789,5,-12.34933446992563,-9.304746429863073,5,-12.831982085568042,-9.366316457701112,5,-14.975499150068172,-7.913673690964894,5,-12.02787199138886,-9.2634042318894,5,-15.406537101856987,-7.411554481641054,5,-17.0517025634894
863,-7.410466162205065,3,-12.380607514363655,-8.054606501802683,3,-14.64593200402925,-6.908932788689079,3,-14.529171429832203,-8.819545127051988,3,-13.516945320462812,-4.015743159501634,3,-10.613663846781517,-7.203025759399724,3,-13.177904298924197,-5.405458763717023,3,-15.363377778333225,-7.056147749512306,3,-12.923144813630895,-7.6695851877002905,3,-13.303496363769314,-8.988424883064734,3,-14.29550632687668,-7.104583583866045,3,-11.385566472804637,-9.562935889585924,3,-12.351628342717891,-9.568398477605758,3,-15.600489468380704,-6.2615269253178765,3,-10.534640732124181,-7.486033968178503,3,-12.896024062495805,-7.161307040145369,3,-17.31023835350525
864,-6.569541554167899,19,-12.54682844307527,-6.367585838557289,19,-14.22909904257155,-9.171259529370541,19,-15.24943170736114,-5.772369867829353,19,-13.510404697632051,-6.258482608915519,19,-13.040179823430215,-7.738572392147615,19,-13.109085174764179,-6.132517878486623,19,-13.599664400797824,-7.248684125467513,19,-14.309041003589195,-7.058839910074857,19,-13.548037579425596,-8.35130075103304,19,-13.442742516788439,-8.151036956084962,19,-14.2428576418086,-7.660374261895524,19,-14.296330810797613,-6.678665073882878,19,-15.878406444306822,-6.92495517849906,19,-13.309104343847256,-7.97608890689694,19,-16.917036373385187,-8.50992225258162,19,-14.590368459040413
865,-7.603203483675055,20,-13.737999508438556,-9.128824379281237,20,-13.624192109463323,-9.752314991763745,20,-13.900059646489886,-8.571862545926574,20,-13.118762917610717,-7.187220520949263,20,-11.399121832934815,-9.586509872544145,20,-15.459558453969047,-7.813052664097336,20,-13.487472444715824,-5.2190435665771915,20,-13.425689360902703,-6.4663638322798285,20,-10.576617467804212,-9.36770566294403,20,-14.275771599166173,-10.270324015708871,20,-15.617581390377723,-7.136240924957819,20,-15.515128917749166,-9.171568911791274,20,-17.260280327269623,-8.916946563610868,20,-14.379979838208321,-9.1876445878874,20,-14.730785623545653,-9.359347239644705,20,-14.882112943471757
866,-7.521623363310432,20,-14.153181615027153,-8.527739059596529,20,-14.069316007335297,-9.442563952025644,20,-12.379501876354011,-5.854455779713247,20,-12.02210987450007,-6.415567294792563,20,-12.383841363151829,-8.867920292169877,20,-14.922976119694853,-7.714883154501805,20,-11.420942827220085,-6.479229915299017,20,-14.294190369043594,-6.1685596457368606,20,-11.957072611843952,-7.589478495708807,20,-14.988691237250364,-7.513478238199203,20,-12.921681382310721,-8.196475442891948,20,-15.051500721565514,-8.540291742211169,20,-15.777249854322841,-6.538913554284077,20,-12.751183762612726,-7.1397485181610705,20,-14.383286030490009,-8.970430472824006,20,-13.780279934610425
867,-6.1168695009169936,30,-14.912172503175247,-7.959582562365062,30,-13.85961669711917,-9.137267761430909,30,-13.623931836564097,-5.586727279362725,30,-12.228599116560773,-7.649293146242101,30,-11.673125938641162,-7.735640507056141,30,-13.042422163200538,-8.157409614364612,30,-12.328091720105759,-6.850931895936519,30,-12.119952325634351,-7.3804103401182894,30,-13.331399246772275,-7.099555356536557,30,-15.821944495148905,-8.932622631319608,30,-15.080561988091468,-7.9155210560422695,30,-13.339346686892096,-8.312751826651011,30,-13.13019637246956,-8.059724474462959,30,-13.194540787095564,-8.096649921264294,30,-14.025440081395836,-9.973026966701672,30,-14.984727542670644
868,-7.848788463591614,19,-13.147844215681534,-8.122728543764744,19,-12.499849156965086,-8.079318058794454,19,-14.246477951199324,-7.577830003322879,19,-13.397756822628102,-5.936261067398889,19,-12.408288555195124,-8.397974693682732,19,-13.227387518984477,-7.1869543095918464,19,-14.068848884095427,-7.807376258215088,19,-13.273623132208376,-7.5103098555680825,19,-13.428791582720546,-7.096728824835891,19,-13.958042408180688,-8.133226146430527,19,-12.850879036225491,-8.789926291642315,19,-13.170995355344443,-9.314731874379127,19,-13.99389331927367,-6.0918874026454,19,-12.519605738729787,-9.980847714367707,19,-15.760175162361286,-9.145176793023635,19,-15.349850897716042
869,-7.285011544916806,23,-12.990360963787786,-7.528680381404241,23,-11.369613551849708,-8.378897447915726,23,-13.399933745396952,-6.71135079026583,23,-13.086783309182909,-4.784286793636871,23,-13.045358047821969,-9.515088989548568,23,-14.498924896910614,-8.261023581964425,23,-12.753314771893683,-6.7201547425819905,23,-13.517251933147858,-7.209945099401268,23,-13.454106156365619,-5.533342107028845,23,-14.446675510887413,-7.1813125422977695,23,-11.1480932161984,-7.839809458621001,23,-12.493914938177618,-6.634468353303377,23,-13.793830111754906,-6.7420921493524,23,-11.72745134401871,-10.35064794042439,23,-13.14083491107221,-7.182146892658595,23,-11.160950791640797
870,-7.596026502489294,29,-13.273888254934835,-6.9377332457658785,29,-11.861157987909102,-7.394562939259406,29,-14.864704858913795,-5.784826094580824,29,-12.189691425121552,-5.9273158318606,29,-11.943557500904408,-6.5193887646445745,29,-12.556537333013507,-7.255276939804251,29,-11.585692148582073,-6.296293554977096,29,-12.53573532661245,-6.84425277664265,29,-12.598326551062941,-7.015567217753198,29,-13.037322993989777,-8.225297679378532,29,-12.976264752811558,-7.631962375044531,29,-13.884202944417146,-9.107248754685994,29,-14.429296651813598,-7.229920260694004,29,-12.312504403873351,-8.278366790574559,29,-14.033194857823329,-6.808611078463254,29,-13.74358584370752
871,-9.10068316996528,11,-14.769460484583263,-7.98359528947501,11,-16.490958214735024,-10.29214394632721,11,-13.789621573427493,-8.566797717177144,11,-14.060526381968854,-8.39750292424981,11,-11.79262232496283,-6.321563838006806,11,-14.767451865148916,-6.9459436692342225,11,-14.908514029840447,-5.96876575643011,11,-14.913552506292264,-5.479556225811786,11,-12.503828374141396,-9.967396844007524,11,-14.52241206202739,-9.307877573868753,11,-14.24435392863568,-9.118028193804143,11,-15.495441780741082,-10.001021595163909,11,-17.243556232081716,-8.296308259825981,11,-13.459078689162634,-8.640903048612456,11,-14.951106372231603,-7.72449276871936,11,-14.791799291600876
872,-12.635131541670141,10,-15.661153647285126,-9.780614077610185,10,-16.05752673215366,-10.890199779908745,10,-16.66759306952285,-8.909879571312974,10,-13.620115396995889,-7.743421257604506,10,-14.37817000534668,-6.03377289408657,10,-12.432876554742316,-8.151700565920459,10,-13.81506266627399,-6.610893013319176,10,-12.093695464992702,-9.862034781920045,10,-14.483222567603569,-8.319937694403961,10,-15.030942248867081,-11.501866386884066,10,-16.402160165801266,-8.440201396872911,10,-15.64791056844779,-11.14313587526225,10,-15.06922167758914,-6.125565694366094,10,-14.319485726938249,-11.43559823452604,10,-16.765124400786206,-10.303084544904051,10,-16.395477191093185
873,-11.13196596605746,8,-14.301007757784587,-7.702350685762576,8,-14.750696406109816,-7.279095655680319,8,-15.926737001391087,-7.4264474048731,8,-14.217220229020871,-6.568205482687391,8,-11.227401280292941,-7.155389144894749,8,-12.896484066423213,-6.900489641299526,8,-13.453743518531077,-5.227711285337325,8,-12.181714568663498,-7.722717376418665,8,-14.52596525780544,-6.59223527374397,8,-12.908808077356566,-8.990317535546605,8,-16.676257323600574,-6.783797139332219,8,-14.669264805710768,-7.583191961992782,8,-13.716777958732242,-5.301664398012026,8,-12.815340933163327,-9.84152033759806,8,-14.720007495019589,-8.688901642288323,8,-15.979635329900344
874,-5.885268308419677,152,-13.536727973806403,-5.418342277706997,152,-11.590732544301407,-6.695581457021486,152,-12.885235571536304,-5.954166335088843,152,-12.364500316283632,-4.951283932787155,152,-12.574276593166323,-9.21694885863458,152,-14.918944131448889,-5.077067791666611,152,-12.983955202520871,-6.234333430642329,152,-12.896209882144928,-6.887173893970003,152,-12.966894379912643,-7.737051572716945,152,-13.113667244697933,-9.275607724092744,152,-17.10894739806533,-9.150983114445543,152,-17.181467868568006,-8.732483762296381,152,-15.936483517492071,-5.855728817615123,152,-13.471201805005826,-7.941869173891459,152,-16.663276889710662,-7.855779405616023,152,-17.761044623586063
875,-9.08229748239678,13,-14.807250141349401,-7.831739670438335,13,-16.29989758172446,-10.244649584351075,13,-15.99966509300925,-7.081780452984839,13,-12.73015680302034,-6.764991511030287,13,-13.670560559497439,-8.371702815013723,13,-13.031571162222985,-7.080811726578819,13,-14.70995845688326,-3.2295302951671747,13,-14.075025866810122,-6.8503734178542794,13,-12.805622619133608,-7.499834711447983,13,-14.551986553614904,-6.2681023727814,13,-15.623267412230241,-8.665008321868282,13,-15.276641155073731,-4.6054699359728275,13,-12.657731900409173,-6.784674126587321,13,-12.701156958404813,-10.13010843925633,13,-16.126249456399382,-9.043290503802229,13,-14.730167491320055
876,-11.3395387447836,18,-16.107505980167357,-10.80541324976965,18,-17.212799946377714,-9.98563920483069,18,-15.919389561385668,-9.540185419405244,18,-14.869142424902083,-6.369695829445385,18,-14.542596480080288,-8.090440071967766,18,-16.430983116836547,-5.8179805885178135,18,-13.195686119468977,-7.037194914501367,18,-13.978017459528555,-6.397571380897132,18,-16.01783011546369,-9.622694975631951,18,-16.490095591076525,-8.2240556288178,18,-16.552112748393643,-9.663358417552567,18,-14.179430889709977,-8.50962404555056,18,-15.867185430903021,-5.160485495665574,18,-13.56910424546965,-8.221536444990104,18,-15.157460509781062,-8.713882202058658,18,-16.87858596810458
877,-10.131333779570538,16,-15.222551421058286,-8.28434889322183,16,-14.138751004209716,-8.332227325096618,16,-14.617554404939915,-6.2790949780417415,16,-13.499277704000544,-4.95648696507176,16,-12.878243727241774,-8.637329253312826,16,-13.853074165202495,-7.949736551305072,16,-12.687423388231116,-6.630523225916468,16,-12.581704479472705,-5.913639548750995,16,-13.207441898512487,-6.559628813412242,16,-13.56782752273428,-6.340999993480705,16,-12.587457638764407,-6.34790249657689,16,-11.19485463919899,-8.476397759012071,16,-12.167293641365205,-7.280406898768421,16,-12.640095354332585,-8.581385376735176,16,-12.608470177479731,-6.917470953267202,16,-12.114676693602988
878,-9.982649805631489,34,-15.078932525547442,-9.706342634092232,34,-14.810612498762872,-9.638723824416473,34,-15.10404385478811,-5.899001660121881,34,-11.580148934901004,-6.606020296774534,34,-11.574278205051307,-7.768311678710259,34,-12.916678663724177,-7.307009997117431,34,-13.080641489487668,-6.587731543752739,34,-13.984489114654018,-6.344264307022041,34,-13.602439365131042,-7.598644056454881,34,-13.834651183958034,-9.052324423024535,34,-15.775378574974006,-7.395530267868448,34,-14.507752235555957,-9.214970494280028,34,-14.161918759550847,-5.710139641167085,34,-14.370391646968741,-7.949754201032052,34,-13.518699957888371,-8.052249366536024,34,-14.613058225376822
879,-7.520948912914519,23,-13.052188937597691,-6.269486215640493,23,-14.073926815918153,-8.121011388757667,23,-13.86476817365191,-6.7067411254459754,23,-12.771693883953288,-6.754565731548694,23,-12.487490457283915,-6.374385757629895,23,-10.803561567525826,-8.527105008891189,23,-12.503792857723282,-5.504222293428416,23,-13.570440706518367,-7.167226376660871,23,-13.445179141541564,-9.396427861111249,23,-13.235009647566123,-8.18134016557145,23,-12.750966638393495,-6.112170690432798,23,-13.032210345493782,-7.961813918613646,23,-12.787895945971625,-6.984291021552217,23,-14.699404021564504,-9.01216065505734,23,-12.457249053720894,-6.782961063968296,23,-14.484619637698039
880,-8.652249928967414,17,-13.37407065622047,-8.629479565538169,17,-12.89784792842119,-9.36965558441498,17,-13.147104768515236,-5.735100195100712,17,-12.123894913065346,-7.95707043068912,17,-10.819533823404324,-7.3972174969071816,17,-14.347471803964302,-4.347449223485597,17,-13.679648805612029,-4.159900870590924,17,-13.323587688753795,-6.615519275960404,17,-12.235043478317424,-9.098712081036998,17,-12.563371148351141,-8.370485630742518,17,-13.150960292107605,-7.517834805037339,17,-14.119927338312483,-9.101885724259315,17,-15.972036008232326,-5.21555158920634,17,-12.681132763571723,-7.9691389567685125,17,-15.861534871723585,-8.386372787184449,17,-14.366951416499374
881,-12.294649672894094,20,-18.356771401157822,-10.298706286819908,20,-17.079989227095947,-9.106006385269858,20,-16.46459160252314,-7.0070342643922086,20,-12.231046880967424,-7.811133922319291,20,-13.813447473401153,-12.146108359624264,20,-18.230287042887564,-8.086852816179652,20,-16.233453972685847,-7.367386312811074,20,-12.820753407109072,-6.578827207906182,20,-14.228003731570576,-8.067651247874712,20,-13.472270265333233,-8.449638308445188,20,-14.396401425862974,-6.784030433153232,20,-11.553770914125042,-10.495370409629158,20,-16.580785445893497,-8.803505940392322,20,-15.22903277242505,-9.715643941299648,20,-17.429625213736443,-13.058531385821171,20,-14.285159961651377
882,-8.081904199038862,23,-13.53453232509196,-8.649958333474439,23,-14.11452679022236,-8.374757003387383,23,-13.188761190416331,-8.964060788205895,23,-14.093773697838179,-6.6759767722177,23,-13.913473489169746,-8.07176096482799,23,-14.125642862647537,-4.88897150346547,23,-13.149369444232399,-7.025118154174768,23,-12.107256616035063,-6.733770066214153,23,-12.400030096469859,-7.968053736036494,23,-12.516280330068188,-6.892952019922134,23,-11.028282128572666,-9.092055047662297,23,-12.322573442688437,-6.918305355605835,23,-13.153392296555584,-6.209509133125582,23,-12.629459639236302,-9.20367986845372,23,-13.098344688600474,-8.822684290378763,23,-12.51538711079316
883,-8.65726703193603,32,-16.120023573555958,-7.627462452649442,32,-14.680141892690429,-9.090608363183403,32,-14.581924470389003,-7.115348197347615,32,-12.727758978697112,-6.093280721593631,32,-12.871799382185863,-6.833748274690217,32,-13.541497756846873,-6.829588497071338,32,-12.93967959707283,-6.45122991422523,32,-11.799985792489682,-6.069100148117616,32,-13.276460039941808,-8.408732734019589,32,-15.82555152139626,-7.788673334312991,32,-12.744852584196584,-7.116267456019527,32,-14.453581456979625,-6.705428966932474,32,-13.627485093669996,-7.840137788345719,32,-13.280194077813785,-8.377457008758169,32,-14.859836814763119,-7.772998813225859,32,-14.086231241423805
884,-7.874539582910241,22,-14.6908010969588,-7.977789338507603,22,-15.130255794499462,-8.489072354529943,22,-14.806954860213576,-8.048179525166077,22,-12.456904495516682,-5.865643735243803,22,-14.106474425524011,-8.484824937495096,22,-13.273475103858758,-8.003118256619256,22,-13.819957268708327,-8.691825903537588,22,-13.638715028124224,-7.155674538969836,22,-12.2639745789085,-9.405797533295603,22,-14.873363552796743,-10.197548626366814,22,-14.03116857113352,-7.913289893372257,22,-15.060038150632426,-7.786659800829382,22,-12.994843520232715,-5.599381997200872,22,-13.66450574304833,-9.205064199811957,22,-15.73066207037993,-8.592161145508667,22,-15.915576138195796
885,-9.057092579224259,11,-13.533821209573038,-7.054736973064158,11,-15.047652620724907,-9.609205390641227,11,-16.025162425333964,-7.445716096630589,11,-12.633500631854755,-7.4372840468962025,11,-11.915308823768902,-7.132376589866661,11,-13.909743603005047,-5.808653913819529,11,-14.833813933186388,-4.5907311739542696,11,-16.065054387468077,-7.370267509127495,11,-16.1522204842193,-8.824865423689225,11,-18.23258426302562,-10.53523559762632,11,-19.10562665297749,-5.350732719055159,11,-16.419122439251616,-7.372068009540836,11,-16.986043062945722,-5.287358476865772,11,-13.61322010893123,-7.298914568585996,11,-14.63317475019066,-5.9215058191112435,11,-13.983606943936827
886,-7.534393465227188,12,-13.098022006491245,-6.8841042605871365,12,-14.406140271081494,-8.44661115706241,12,-13.6594764915494,-9.110593462187051,12,-14.946435122356515,-5.787757143018968,12,-11.148068463095198,-6.854941354217892,12,-11.714829766950103,-8.196445224275093,12,-13.701317002681307,-7.952448328385672,12,-12.08661986375838,-5.952110520895355,12,-13.47740902648016,-7.36686776720053,12,-15.179602695317909,-8.55146403260829,12,-16.161961187433363,-5.853696991504128,12,-14.031582227252802,-8.394488349601637,12,-14.999078867812628,-6.984759365555381,12,-12.965374516433704,-8.181018688064029,12,-15.355661839004625,-8.156762932449311,12,-14.64137929133445
887,-7.160847083954063,10,-14.650739093179773,-7.618702028072388,10,-14.95859256839057,-8.654740495982342,10,-15.397738041229099,-8.341571352440337,10,-13.081431367307804,-6.969209173179372,10,-13.815926219184622,-6.703771426813743,10,-11.405316470976699,-6.252158565909812,10,-13.60300229543347,-6.53859319280837,10,-11.925964194391101,-7.829784138084245,10,-13.3040353204251,-7.793697552937759,10,-14.19417355217669,-9.938287941684145,10,-17.445755881797616,-8.730255578200598,10,-14.550213255549995,-8.856188166512721,10,-12.846884935277323,-9.498634697767816,10,-14.066083249289523,-6.4468736993202125,10,-13.967019258039997,-6.1583988817283135,10,-14.53250541672465
888,-7.741572676434494,31,-16.833549400468378,-8.058742998236557,31,-15.583710246922696,-10.286092510483618,31,-17.086323738414784,-7.022359969530962,31,-13.321279933238415,-6.717460972347719,31,-11.904345164635268,-7.135068450738374,31,-13.822971053371752,-4.483376376699898,31,-11.643560208096455,-5.474284547449621,31,-13.890868045828846,-5.2955820933795925,31,-13.592683371355216,-8.373402330621168,31,-17.4598869705572,-8.670098028622725,31,-16.61013339703515,-8.433083966857643,31,-17.005792978912634,-5.65034860086582,31,-14.610896876867574,-6.017208339011585,31,-15.102918910674921,-7.730469738477828,31,-14.884261233934533,-7.060425150616258,31,-13.165449949511412
889,-11.080868994230118,12,-20.016021445076152,-8.283694205279632,12,-17.931976409100724,-10.267669613463628,12,-18.932793271357674,-6.924546468677198,12,-13.713192404723529,-8.31155352752255,12,-13.052653356796231,-7.740315898040031,12,-14.591632270775808,-6.612362173401397,12,-14.458795173050174,-5.936728787395857,12,-15.053649767453853,-7.2551709910706315,12,-14.22411508030473,-10.07455591916619,12,-14.899635787882975,-7.796233195651996,12,-15.237004574861137,-8.239905202602793,12,-15.047913124288009,-9.123764898486028,12,-14.5867353383555,-6.169166139414348,12,-15.29016541043827,-9.684671682689796,12,-16.28151018341558,-7.068301214312159,12,-16.24271704091942
890,-10.075093080051506,29,-16.90233504947741,-10.46331315378568,29,-16.14620696221515,-10.478965121781016,29,-16.69685516495686,-9.225201487689601,29,-12.070769461058626,-7.310823380411059,29,-12.305632782418442,-8.649107607868613,29,-12.351878109709082,-5.72226551617147,29,-12.410023783748299,-6.053327145356383,29,-12.989098115999651,-5.375743265735436,29,-13.761600888406072,-8.030387278461419,29,-15.709514787255197,-9.295859467298978,29,-13.039768510707317,-7.258338846209945,29,-12.520531780533933,-7.480953315256106,29,-14.390203986054297,-6.302439327916066,29,-11.695700551467745,-9.006857076175406,29,-13.546040266177782,-7.3658557198889705,29,-12.867536953172323
891,-10.63729229854911,30,-17.17040939875369,-8.738560436200176,30,-16.404640004607383,-10.19208367927561,30,-16.119082583878747,-7.437840341396989,30,-12.579585390353865,-6.35615971862407,30,-12.765693197472054,-6.572182453316142,30,-12.267457368169655,-5.440158630988306,30,-13.171157469637961,-6.400444458618795,30,-15.440406497030397,-6.962566436459513,30,-13.652152177707924,-9.249576430200076,30,-14.518438506207033,-10.539447176100321,30,-12.964767276288349,-8.959874246494353,30,-14.248125874993187,-7.401226536694356,30,-14.192517668489709,-6.8728256712003315,30,-15.287406242444181,-7.565436426738329,30,-16.23434321939892,-5.679521799919423,30,-13.118429198995026
892,-10.22588847174683,13,-14.816407552898102,-8.595789596696,13,-13.316716761033723,-9.188290387111898,13,-18.208310006779087,-9.71707101690824,13,-14.884516838712912,-8.612059452592899,13,-14.050175056680068,-11.342186822301695,13,-15.727577038118207,-7.95953486256033,13,-14.134495570915444,-8.669140642903606,13,-14.778485151690763,-7.978832811595504,13,-15.211720790606105,-10.376725254325812,13,-17.75368556037112,-10.165589456098727,13,-16.06598567258619,-6.864867892956409,13,-17.95774210044541,-8.658519407245263,13,-13.67930117205763,-6.223899205371742,13,-12.49327641046303,-11.282468183236245,13,-14.419109425070086,-8.45645940417212,13,-13.216051269388258
893,-8.179534587689094,12,-13.512466952978082,-8.215270251943558,12,-15.121383518719965,-9.902499709670597,12,-14.812693317910865,-8.305463909186404,12,-13.405861829169737,-8.41651922913217,12,-13.417980664482121,-8.441508065690488,12,-13.391251378381899,-7.331678022114798,12,-12.517995897776453,-5.380197698985636,12,-14.449537342432828,-8.268409352625664,12,-16.764616651443454,-6.663156693473825,12,-15.35036235204273,-7.965180588199293,12,-16.78585331877305,-6.864653263068438,12,-14.978487161992156,-9.562198208624297,12,-13.786737118266812,-7.796141963429277,12,-11.426391167871328,-8.075147223604285,12,-16.201634115401895,-11.033598280833994,12,-15.843171012128579
894,-7.749556050320566,7,-15.021366131987605,-6.270487656867162,7,-13.18150558910598,-5.114422531147651,7,-17.626921655202537,-6.182843913607634,7,-15.324306552901792,-7.420448744745998,7,-14.612524459440701,-8.13494041062892,7,-14.49233913936359,-3.497650787569449,7,-12.651924102471966,-8.6628212940253,7,-14.16362981627925,-9.068595351781388,7,-13.18973175128785,-7.910700865797466,7,-13.740890566903785,-7.294509375361392,7,-16.67854343472228,-5.9000913111412165,7,-14.72428738607795,-9.279492587097053,7,-14.05561029827396,-7.35164633632216,7,-9.21053680717929,-10.437284489002046,7,-14.126544853766482,-6.883383994796391,7,-16.563860355534793
895,-10.253240326946733,7,-15.981983857178612,-6.667352026126885,7,-13.302440093733352,-7.713134525265892,7,-14.70886149208416,-8.471385862141727,7,-14.983390652883008,-8.760506469086954,7,-13.849464018974082,-6.756774891440048,7,-14.836344558157075,-8.430040452348416,7,-13.217394706371259,-5.691637874239244,7,-13.630802684577493,-9.074851090964762,7,-13.83158083004,-9.175342136162442,7,-13.161120717099909,-8.002341503039679,7,-11.861775773633482,-8.593485731559431,7,-14.400426156177534,-7.2965661606431,7,-14.481274094027668,-7.08395787944522,7,-13.391705557011402,-12.835980091676769,7,-10.790680427421345,-8.42215870996992,7,-15.246006107979316
896,-7.7517438607988485,25,-13.753602209345523,-7.46086373387414,25,-13.935839209827245,-9.758971270774433,25,-13.121639643528782,-5.557710465896697,25,-10.38865401490959,-7.773467435773895,25,-11.754210244650704,-6.421325478056432,25,-12.00165591118881,-7.429277580518151,25,-12.416976286454307,-4.845436270814675,25,-13.562109496092527,-7.200970046522838,25,-12.343385690690532,-8.030450261120327,25,-14.361439571670907,-10.063855472827644,25,-14.292755715263638,-8.479936329367236,25,-15.91258034359739,-7.299161933633247,25,-15.454093036347867,-6.454194565837055,25,-13.996885041316286,-9.845809657962803,25,-16.105977731595015,-8.916917555696322,25,-13.145601805649642
897,-6.055677646683727,20,-14.35484854424153,-8.495564840122514,20,-14.421200400197327,-9.816554747420655,20,-15.866627296135391,-9.859090288032881,20,-14.669234267784523,-6.889335524919567,20,-14.207074787928228,-6.706215321844389,20,-14.276117003204723,-5.293695769975907,20,-11.759244071047872,-8.098567714834815,20,-14.280644262658127,-7.185367369817111,20,-13.02382640069013,-9.347715855119162,20,-15.864613989405212,-7.8866241696853905,20,-15.268237640458448,-9.267839446582943,20,-14.86278267535426,-7.362937890647721,20,-14.955572597430855,-6.659784696283221,20,-14.266234794040969,-9.820268241276786,20,-16.46134748753871,-7.3641900761906935,20,-15.602933970634794
898,-7.749266274241069,9,-14.622688708328583,-8.888227408618812,9,-12.421038366787545,-10.376957249039842,9,-15.658970800201612,-9.427380307815145,9,-12.49270083152811,-8.265560589085165,9,-11.899639533609916,-6.55755422793857,9,-13.130673049243693,-8.283392939160377,9,-13.203864080032579,-6.791720011353783,9,-14.141299105005444,-7.295201474718754,9,-13.86036184165835,-9.63841703413978,9,-15.181135278362461,-7.943595452043639,9,-14.467408493013316,-7.291851458886407,9,-15.8535036421362,-7.642756213357984,9,-13.195305310788195,-7.275437066677906,9,-14.438154763948987,-8.746334001236036,9,-14.021517719086283,-7.555904404597004,9,-15.820739766479416
899,-10.312723111452556,12,-13.007616211575034,-8.924376628396534,12,-14.381236862904336,-10.563021987632732,12,-15.48374154042235,-7.57786606784469,12,-13.70551307562981,-6.3076505144409705,12,-12.878136063187156,-7.061632991384701,12,-13.69996482885881,-9.306384337400122,12,-14.559447313334168,-7.104571484506891,12,-12.310853388249207,-5.872182063945458,12,-13.08429631026366,-8.36182965576392,12,-15.46063160443979,-7.185596074141959,12,-15.089864890341133,-6.191160933592165,12,-13.470963588313236,-6.363173203948166,12,-14.639410914393022,-6.214291247783575,12,-12.469718134613746,-7.260544514488082,12,-13.549023015221541,-6.928671595830353,12,-15.272301481389688
900,-8.57272392632424,14,-14.28556631054599,-9.64499212927941,14,-14.095475163893536,-10.554248166303914,14,-16.38590112408808,-8.184462314523907,14,-14.195760841772271,-6.882558207650967,14,-11.968622446175583,-5.824059598079994,14,-14.930161587923942,-8.363945763624042,14,-13.655183732148995,-5.0341548189016505,14,-12.62751785232982,-8.365565504409183,14,-12.78505730638675,-8.685168518593976,14,-14.205501543192335,-8.770957265767313,14,-13.130289946828388,-9.159726092015076,14,-13.180997519452953,-7.303165660706808,14,-16.576983912894875,-8.268709241523101,14,-11.36390875520809,-8.041712544101658,14,-14.723408739484842,-8.255807417615543,14,-14.470474775456703
901,-9.532258252948086,6,-15.677248858349913,-9.953800853398958,6,-17.215989508117456,-6.2158683208658,6,-14.500741321812061,-3.3952926517763053,6,-11.260607206410565,-6.1260981072741565,6,-11.343528788065802,-4.640143651244817,6,-12.407665970832607,-5.946348496236857,6,-13.605656667024526,-3.3784102436690895,6,-12.115071214908129,-1.3998650509725983,6,-9.434351246884475,-5.905519397987592,6,-16.720943801967625,-9.881802412994007,6,-14.262966162354632,-7.827095498240397,6,-13.747390560399026,-9.559000967572175,6,-14.814135257214678,-4.630572547120629,6,-13.226237304057012,-8.516613126464986,6,-15.754473822691066,-7.4917566167878356,6,-16.998564778046227
902,-7.149037668779602,9,-16.347687033005883,-7.894630038530507,9,-16.441473991438215,-8.58289317868193,9,-13.75487075005756,-5.311930337649807,9,-14.263993713584043,-7.011923869334176,9,-10.194826569198236,-6.359979968676511,9,-9.01257126933266,-6.01419748380664,9,-13.668880762639663,-2.6402043275242937,9,-10.904434421937435,-1.916893906878968,9,-10.818635131744356,-5.791573441791408,9,-15.90667846137874,-8.53406562394914,9,-14.454451942549976,-9.607354369270109,9,-16.609734503025287,-7.504663148227504,9,-13.946949779070772,-7.358427978862913,9,-12.5582165084916,-6.066990466791147,9,-18.48917947247283,-8.932795600902715,9,-15.64785066109032
903,-7.516893518379843,10,-16.24655735656801,-5.385334593441861,10,-16.48972960911318,-6.751425210798018,10,-13.668485537451334,-4.742386414803802,10,-15.003412046929462,-5.614306289896984,10,-8.99153714912013,-5.802659759461256,10,-10.929946155960419,-2.8029802433347415,10,-12.47713514167078,-4.033943388238584,10,-12.050984709817108,-5.076540216608805,10,-12.3408947787898,-7.958121827995103,10,-14.802097098548174,-8.433940958385781,10,-14.556669854453641,-6.960475550364846,10,-14.317756086805748,-8.000949280706253,10,-14.060196787990979,-6.162272767743337,10,-11.628868479049448,-4.649700679628307,10,-14.967661140802251,-6.579120884376919,10,-15.71303898030479
904,-6.032540165770671,8,-13.147751662868645,-7.630971359696797,8,-13.23783329839819,-6.578137792021402,8,-11.852606981171576,-5.245201515797223,8,-10.439310107023855,-4.36610457390456,8,-10.12502089298952,-6.076435173206765,8,-11.179742484434374,-4.8135053037902455,8,-11.458807490833884,-6.9099425898688995,8,-11.736787481113339,-3.870022025243343,8,-12.219552958482122,-9.269469038353957,8,-12.377656501317531,-5.661316884254099,8,-15.175316717153027,-7.036724066627086,8,-14.977841738970872,-6.094558734704796,8,-16.372592005944608,-7.1644233242825255,8,-10.893261150328378,-6.979712732786694,8,-15.17972488169172,-9.46893778353402,8,-15.32349780900139
905,-6.356006946555968,15,-12.39470719162979,-4.686318451206813,15,-12.126307192973025,-6.655676749299189,15,-12.719011444562245,-8.233763061827535,15,-10.581038849332973,-5.126159441669641,15,-12.22506046409726,-7.913287330851125,15,-11.475940682521609,-4.6417248599517364,15,-11.504721871184762,-5.853901843907016,15,-11.982684761923075,-4.4642767473020575,15,-11.359350609180517,-5.471774763229151,15,-13.310608541734887,-9.601287116262144,15,-13.438511691367234,-7.378882271989827,15,-14.00877962763844,-7.164256306321876,15,-13.309818887622137,-7.433338267446504,15,-14.301996661456517,-8.935851946157436,15,-12.066295652039816,-7.501248945470196,15,-13.823554033132906
906,-6.477636778808736,12,-15.87643679939882,-6.726954630532599,12,-14.913110311408653,-8.809096752286269,12,-14.482525179444195,-5.066686595522559,12,-11.360834806765151,-5.642309024533219,12,-11.122100655712433,-7.599515893305636,12,-11.640782086892447,-5.904517685133084,12,-11.649087655320983,-6.2079054101905875,12,-10.865923623390252,-5.479409310708943,12,-10.243801539006112,-9.679423752058904,12,-12.711844304214923,-6.785874020332737,12,-12.957110890972894,-5.7564228498834815,12,-12.02715096183158,-8.691770592862442,12,-15.635275163019449,-5.203604269390874,12,-12.41961801307352,-8.685205050923132,12,-11.932227554478594,-8.105752589610344,12,-14.142865222291462
907,-8.48520671462136,26,-13.0766443381998,-8.152666350142695,26,-14.840589696269808,-9.99528078762523,26,-15.648602599221919,-7.117410236051224,26,-14.937474402612095,-7.540290621438453,26,-10.874551694656507,-8.175221624227134,26,-15.972779058596846,-6.439952999346508,26,-13.75653582198405,-7.291521899402,26,-11.965586050292274,-6.22329526981706,26,-11.044421273188691,-9.820279842229075,26,-14.013977045162818,-7.812251968466128,26,-14.080864293240598,-8.870968979037713,26,-15.249976860780317,-8.122807277446928,26,-15.446555459512965,-5.560332969713,26,-12.528843354931178,-10.457623857189029,26,-14.81108936576751,-9.468522769488871,26,-15.65995149082859
908,-6.632550493993369,27,-12.941785869636146,-5.55222764083852,27,-13.57771196545609,-7.899269517655295,27,-13.469904482626944,-6.395157370641189,27,-12.296089076360575,-7.772209243356727,27,-12.084447878769096,-6.9854294022927,27,-13.02926479332969,-5.976251625196812,27,-12.207367315398896,-5.785754072446819,27,-12.998296241845377,-5.055413203292916,27,-12.25063804297535,-8.11904422291854,27,-14.04635270363576,-7.4060177412924935,27,-12.513814154638975,-7.719702035838603,27,-13.225934775207639,-8.838860178275155,27,-13.489071045559328,-6.122889880158246,27,-13.05395343618944,-8.36028768517241,27,-14.017923906495826,-8.653754726755984,27,-14.02476175372289
909,-7.6438033619894155,33,-15.364235165188981,-7.282316050391623,33,-13.83953384954859,-8.631966660299462,33,-12.350602176223688,-5.8021776238648854,33,-11.848848662820652,-5.774350281125756,33,-13.269418588337775,-6.205806261188213,33,-12.190237418620264,-5.423060727228037,33,-11.959603630182938,-7.672932137206653,33,-11.999424518698627,-6.711969749284385,33,-11.607690621960018,-9.448622451613303,33,-12.587959830590732,-8.034816117604137,33,-14.771743158860556,-8.396869996798259,33,-13.847835685986993,-8.637987861845502,33,-14.325095578643518,-6.673996334511124,33,-11.347456378465587,-8.689815510633744,33,-12.87047479362968,-7.5299396304360755,33,-12.059678343999265
910,-9.199569043294987,12,-15.247308083047004,-7.010732738818043,12,-13.329272235599099,-8.592991839304633,12,-13.855765792418051,-5.275086782267007,12,-13.444514676910517,-8.388342189368338,12,-12.481282158581513,-7.35554887930126,12,-12.812265689719869,-6.892037605566407,12,-14.994150771680552,-5.044822723418853,12,-11.321068424282519,-7.224078746871202,12,-11.04563598998362,-7.195504483137541,12,-14.327514794526069,-7.966218930759688,12,-15.083319637817453,-7.076006388030809,12,-12.02075410823501,-8.8405343149039,12,-15.36039962651326,-8.097458432807464,12,-13.07000992204615,-7.67409379464378,12,-14.61793834418584,-8.320198162503928,12,-14.979127939359403
911,-9.01495746484931,13,-15.344254801349555,-8.513806335009203,13,-13.480654267052794,-7.821209104954569,13,-15.120787363911814,-5.735256710477882,13,-15.333322012417486,-7.955442584340106,13,-15.316539576367955,-7.030950283081388,13,-14.25665042744676,-7.690545874863068,13,-17.25548927159908,-7.827626897427922,13,-13.800670837831394,-5.414974477885272,13,-14.380170675023818,-6.914258180618811,13,-13.120472418796783,-8.747351570700028,13,-15.32359079131125,-9.08939789640059,13,-12.75198545161002,-7.04205758580092,13,-14.505300673753204,-8.698057609221886,13,-15.318303736817409,-9.073396893485894,13,-15.187635919300535,-8.666433649757884,13,-14.246615280012655
912,-8.670988400308035,10,-16.266768140449276,-6.649071493708093,10,-13.52972687453877,-10.036400598747788,10,-14.989722736813047,-7.503613927429394,10,-13.397431425734323,-7.596297006400677,10,-12.180114411589496,-6.688439188664885,10,-12.371456295293584,-8.474136084332505,10,-11.797076307454017,-5.954469605284035,10,-12.043756818522315,-7.951651881683659,10,-11.702978494387153,-10.813745464857353,10,-13.934377600125822,-3.8640901147995548,10,-14.434049679597617,-6.585887674623948,10,-12.291158364880555,-8.281486015090756,10,-15.31346151299565,-6.217370451013236,10,-13.646876897735023,-7.335679153924755,10,-10.904975297865828,-9.28425623745629,10,-11.90318573454631
913,-8.63124499464605,35,-14.846821515179247,-8.50492065168509,35,-14.213893569912457,-9.725625903064154,35,-15.231313325648927,-7.856119839720755,35,-13.147483278209231,-7.526202222115526,35,-12.01440363207113,-7.449152803569426,35,-14.328280051217961,-7.03505144018791,35,-13.049141563832421,-5.844281152011439,35,-12.924324550700689,-7.842833897449398,35,-13.514064062800017,-9.01194182133479,35,-13.975001733604998,-8.60744558806984,35,-14.213984825399722,-7.596177212188797,35,-14.439559277137466,-9.117374234089375,35,-14.853700526680953,-8.345083699034472,35,-15.031490517147496,-9.636958591538548,35,-15.264389967984467,-10.075545422389364,35,-14.530921601074013
914,-7.980915187068243,119,-13.305940174281055,-6.969868048533528,119,-12.769176922000637,-8.104621346916142,119,-14.311991272385225,-6.034317723266737,119,-12.764443651322463,-6.8150551470326315,119,-12.161379061967326,-9.169272157670509,119,-13.693143665039226,-7.468967105313636,119,-13.694901039263545,-7.231388810615414,119,-12.827866366357268,-8.300100842174361,119,-12.868246364086872,-10.375371807461459,119,-16.23333755841625,-9.221798479207324,119,-16.447906954143193,-8.68326611134096,119,-14.265979974055952,-8.98723277879735,119,-13.936538104858228,-6.65263640359302,119,-13.165517559450976,-8.724008594907295,119,-15.934970728870649,-8.854075144064428,119,-15.729513675679668
915,-7.372022041512624,11,-15.060952499412004,-7.7615137328216,11,-12.403454129141991,-9.222541002566706,11,-15.33916623608408,-8.028312884398126,11,-12.851536242382835,-5.825058338670931,11,-13.65349354771842,-8.783440469326463,11,-15.081322471752948,-6.483911692001963,11,-13.228500548598678,-7.272751274049247,11,-13.355144891649378,-9.257006218439962,11,-12.293805405676538,-9.469528045972506,11,-17.609601630551275,-10.92316298868324,11,-17.505396803438586,-8.158626238219334,11,-14.687268613169351,-9.34222028671648,11,-16.217825018640543,-6.218210660777178,11,-14.050732669010843,-7.68199066001851,11,-14.935835106715796,-9.46637936705819,11,-12.773767696682155
916,-11.919321523667374,21,-16.521762491428458,-9.14467877465643,21,-16.345775511774217,-10.044377138794633,21,-17.917748528450097,-7.6355667007736905,21,-13.553183439253193,-8.69340717494657,21,-13.313474174172777,-8.748667951491987,21,-14.174619329123122,-7.414696798150907,21,-14.588884669500423,-8.544427267524966,21,-16.512387752314414,-6.805506284524272,21,-14.062360947780705,-6.72446112045627,21,-15.826458911352635,-10.215936060010002,21,-14.511051385266967,-8.355397320481094,21,-14.27534812030158,-7.925358949523343,21,-16.622389000902345,-9.21187016679538,21,-14.27049716730113,-10.341789445957975,21,-15.801140327565719,-9.956863752010666,21,-14.497529803857576
917,-8.82978882712168,34,-14.341771570182889,-8.13349689468383,34,-14.164744786239162,-10.649022297489507,34,-15.902239398483909,-7.718538375150366,34,-12.426948120553643,-6.907927135059802,34,-11.205411098947868,-7.118978616276779,34,-12.789686522153271,-8.324883901483053,34,-12.911119798861915,-7.131576267247279,34,-13.230803301176524,-6.529136639994492,34,-13.443309730413189,-8.416067349009488,34,-14.209414527486091,-8.799289323562547,34,-14.671929584656834,-8.481154904245647,34,-15.159194768138132,-8.324385173144668,34,-14.924868175362342,-7.710143486465267,34,-14.49986167640944,-8.927408852256857,34,-14.35267198423331,-8.890296182815966,34,-14.645965087376805
918,-7.364055059142225,16,-14.943169397947374,-8.532184631728494,16,-15.6004266971659,-10.068976730977353,16,-14.691872451986898,-8.346428219929866,16,-13.42443851914512,-6.023423695937902,16,-11.792631678321255,-7.627108113119957,16,-14.695647944760438,-6.91555423330405,16,-12.339548596612955,-5.977364767682011,16,-12.873034313272614,-7.090238965559214,16,-11.59166334945491,-8.507174741747415,16,-14.203090304982119,-9.148464698275212,16,-12.465792789249797,-7.332091326848254,16,-14.112509469977732,-6.639854425120016,16,-14.327354793308693,-7.065525634491366,16,-13.249456267177102,-8.47300298370747,16,-14.489858924812374,-8.876142715181276,16,-13.692754561250666
919,-10.339319127103776,18,-17.254808478937235,-11.646453559410453,18,-15.46958613114908,-10.763853135651617,18,-14.07445284314344,-6.263253695628245,18,-13.320959831403998,-6.999516138151435,18,-12.966530918138186,-7.225474210193923,18,-13.805152288506768,-6.306043357428971,18,-13.034521792721964,-7.372181876108854,18,-12.044361956199722,-5.512734806453081,18,-13.059176110671306,-7.875573306702952,18,-14.668992367480874,-9.481207089817033,18,-12.614408340832098,-7.50174871770227,18,-11.328171862231912,-7.977734862083268,18,-14.256137483900918,-7.763454727210838,18,-14.412613719349103,-9.200432152848965,18,-16.274826326409876,-9.025948715741068,18,-15.731788609174835
920,-11.838754312003775,18,-16.768838338699958,-8.715454261474667,18,-15.321746082427826,-8.662206993426144,18,-13.807319620308448,-6.999825258563228,18,-13.74441653142624,-7.325323126227628,18,-12.016805736146164,-8.707269397057365,18,-13.928140529831479,-6.909286694109136,18,-12.329318953690558,-6.329730732655618,18,-12.749232319504952,-5.789900829534332,18,-12.113093606195967,-8.846682928572267,18,-14.879455363629955,-9.082183906530188,18,-15.494780217984001,-7.668131589149208,18,-15.181479487091643,-10.222878058424723,18,-17.700521960024208,-8.906206239458022,18,-15.11230611427065,-9.966471007834413,18,-17.02068476216259,-9.099587042866114,18,-17.297671504262496
921,-7.38774048531388,15,-11.643139586386404,-7.866172522132971,15,-13.30495552330728,-6.210516292054172,15,-13.462488381083213,-5.598553263090686,15,-13.079534369163778,-7.073883016115015,15,-12.947313313937682,-7.15450327566383,15,-12.276250268502668,-5.082620991465862,15,-13.791294371460115,-5.449260166751682,15,-11.926368165266046,-6.294027656491327,15,-13.018237858306263,-6.666564071375946,15,-12.861293482992389,-7.708048798637344,15,-14.38482367600466,-8.945236388487817,15,-13.890419400357104,-7.062932141457186,15,-12.669829603622734,-8.150695264044028,15,-11.728392750159156,-7.109131187338482,15,-12.800278258905424,-7.56398850490508,15,-13.902373682434252
922,-8.994655985474317,6,-13.872382625090339,-7.514538883330442,6,-14.6753065547103,-8.493231407598842,6,-16.194411296265056,-7.079375996557915,6,-13.391583303967378,-8.137555029966846,6,-13.272604847599762,-8.164719184450801,6,-12.152656802614421,-7.84107200985173,6,-14.339985998305991,-4.144502975423753,6,-13.50033765574662,-5.935947009902379,6,-12.078549740979573,-8.106904827333603,6,-14.565380696971978,-8.800224787535178,6,-16.013838253247567,-8.623744793057247,6,-14.090815357200338,-10.041064008324083,6,-15.752724639929523,-8.603457145909317,6,-12.479882497827582,-9.422731697726842,6,-15.272288226518134,-8.76082339196609,6,-13.709559468445452
923,-11.330775461271877,5,-14.442022054659278,-10.535544391530745,5,-16.76157362724411,-9.548297084500474,5,-16.799151958981938,-10.66825672592829,5,-14.789568762917229,-7.198056372245007,5,-14.996403883303127,-7.129677584832007,5,-14.273846577159118,-6.541993251304545,5,-13.374934958623241,-7.728145137749475,5,-16.52979566548156,-8.874785553831941,5,-12.388199532304869,-10.48758604472299,5,-17.507415843880416,-9.294273100985778,5,-16.417056512743095,-11.84729747041377,5,-18.36707280415345,-6.018020003997995,5,-17.082982748266808,-9.084129296575645,5,-13.628686612771173,-10.379973107871045,5,-15.68650117533221,-10.122415115100825,5,-15.460470488869866
924,-5.952261922796986,6,-12.537709979065195,-7.218251028599369,6,-11.722409285612107,-6.3148118935333155,6,-13.408476656428874,-5.110845036689672,6,-13.132973534684751,-6.330884129079855,6,-12.752662213240054,-5.289851699839176,6,-14.190132172087559,-3.1488072716148046,6,-10.442938229898523,-5.74812627905326,6,-12.403678593432513,-7.168823984095672,6,-10.575250838573396,-8.662544220356041,6,-13.82479647450747,-6.8584023115667865,6,-17.889523584864644,-9.506648139437925,6,-16.69422180873466,-6.697577216609767,6,-14.970027295284078,-6.431730763872734,6,-12.329385941232406,-9.358935740560273,6,-17.62737098050622,-8.628291749630137,6,-15.979033042849702
925,-8.393644719069423,10,-13.592427811285873,-7.118131391230107,10,-14.465288664515871,-5.162557321117309,10,-14.806365055768282,-7.119170185787064,10,-12.31942727652682,-3.9758419813427865,10,-12.309995999761721,-5.174329381055837,10,-13.615832181252095,-5.866053146510938,10,-12.921049609340638,-5.683734285054072,10,-14.979145777089151,-5.050015486944427,10,-13.777669647930441,-9.007820425662228,10,-12.458974739627406,-7.259416073393334,10,-14.754075262026332,-8.56659603065629,10,-13.352060276140005,-8.322512204542003,10,-15.84871311485394,-5.42050975585469,10,-12.57882367816709,-8.196518026292715,10,-13.860966970658602,-8.385279031248228,10,-13.45997443575785
926,-8.767672999282105,20,-13.652200679814374,-7.350748637544118,20,-12.954631096811152,-8.549718876367809,20,-14.071371995614317,-5.316724656729278,20,-13.781632164986547,-6.302487390189685,20,-13.5356778985796,-7.6406139997720635,20,-12.794595632611996,-8.75644928575589,20,-11.504819011937997,-5.438112824388258,20,-13.649281765313663,-7.235372549276117,20,-13.953778978246003,-8.956816534602886,20,-16.619795850393576,-8.869009974460877,20,-16.837455315050526,-9.390019185514172,20,-16.30430596876385,-9.218631440788412,20,-15.981888871862889,-7.828718142627604,20,-16.329051748550828,-8.23778191743657,20,-15.249945581708698,-8.547502247641109,20,-13.865813297344133
927,-9.318130903108525,22,-13.188417302606005,-6.412838015393284,22,-13.08824044478401,-5.078540260596272,22,-15.6961207359853,-6.126494371298045,22,-11.547339902686659,-4.874681979690817,22,-12.191069075507952,-5.395045199490365,22,-13.340220610386968,-5.382998132623323,22,-13.0188489788514,-7.556996964281671,22,-13.202312727007717,-6.104948961351578,22,-11.383301134854321,-7.7768000911335005,22,-12.489913517303544,-6.879129378032588,22,-12.370004631968854,-7.6910676787080225,22,-12.461872244923331,-5.700180489493462,22,-13.10813215955947,-5.570948205758237,22,-12.903903189693565,-5.283604726327545,22,-13.569965998340068,-8.481504536652249,22,-13.478156331909164
928,-8.49746381035788,24,-12.879087515594927,-6.865570798022805,24,-12.78041035065552,-9.025821300856784,24,-15.02905800895751,-7.210439649408756,24,-11.59016753727257,-7.64756651901748,24,-13.712753314912426,-8.841249119709325,24,-13.823113045221048,-7.814176745792583,24,-13.787038674343126,-8.637194747413265,24,-14.233636278274824,-7.3443812188337,24,-14.405135924197484,-10.352899974755678,24,-16.11090996556901,-10.458614696695157,24,-15.671288126682315,-9.180111086683583,24,-15.448892732300434,-9.98535994789534,24,-16.037711776864526,-7.722075557074986,24,-13.36423606857978,-12.204598169363962,24,-16.29738068932991,-9.895699178655736,24,-18.201602812760452
929,-8.450333486521815,12,-11.707562810948545,-7.322978387976704,12,-14.60167774892533,-8.41903627450706,12,-15.074366277029117,-8.503661159116993,12,-13.34057634504208,-7.124987921718096,12,-12.636653900412282,-8.4849208958838,12,-14.266452771349503,-9.803898744929342,12,-15.831832738554786,-8.764696081526008,12,-15.055872981043608,-8.427129449679637,12,-12.593098783187378,-7.893649972265529,12,-14.621875573432703,-11.569111136991982,12,-15.953107282496452,-9.285399845648193,12,-16.657890581809106,-7.0412564681778145,12,-13.29682973517469,-6.5179384704202725,12,-16.886863818755902,-8.819001282923843,12,-14.223517932476328,-7.083629119141099,12,-14.820930059494714
930,-6.319961462221047,15,-12.795941331046103,-7.02554141412079,15,-12.220432694190258,-10.932706349253301,15,-14.757703453125044,-6.859618146008282,15,-13.982676169394178,-7.098362428331374,15,-9.158844157059963,-9.411532632231808,15,-17.214832660838145,-8.60368681340288,15,-13.742476099016445,-6.628830738005882,15,-12.778311107345658,-9.10012008160843,15,-14.18079670980799,-7.824541898522453,15,-15.499988523000622,-9.427956708312916,15,-16.07821061593857,-8.547340297964967,15,-14.115847236670353,-9.822118091345644,15,-14.590970295465217,-7.934402590121662,15,-14.757019570583465,-8.952259348879144,15,-16.448873237106078,-5.684586563786665,15,-17.80677138218593
931,-7.99108414898523,25,-14.374762153869263,-7.926032251489357,25,-13.14339592851275,-8.27956974996882,25,-13.833420778650812,-5.536563008192418,25,-13.847839478585392,-6.7675863286138105,25,-14.881055395584317,-6.7572677860754125,25,-15.31893006530648,-6.906543546832454,25,-13.171745890056272,-6.852084368924705,25,-12.288922363820289,-7.519627037853123,25,-13.20952845647357,-7.657041229250333,25,-11.253368156649078,-5.994473046421715,25,-13.640636322078771,-6.421331768873298,25,-13.450925275393555,-6.6915726542150615,25,-13.707102313915122,-6.5027606959147555,25,-12.715097343696664,-8.137899775471103,25,-13.560544867363681,-6.218580365610748,25,-10.96630970231409
932,-9.481274046817726,15,-15.614571109723377,-8.078790381428808,15,-14.552258335168371,-7.091516223111196,15,-16.207474759150802,-10.13616318802347,15,-12.540170508389895,-8.842168165672495,15,-13.773802660572258,-6.143474621894731,15,-13.562952057502978,-6.714375632035477,15,-11.776369378989735,-7.913421277139456,15,-13.019793671821109,-6.885602783690619,15,-12.259122055373084,-6.477541483360708,15,-13.955232770393067,-8.144691764356416,15,-13.328605116182155,-6.873859856971368,15,-14.103826945803032,-9.9055293207408,15,-16.07269907581111,-9.014946279454065,15,-11.61698000156626,-10.012023273176734,15,-17.023957729814413,-10.01365556412204,15,-16.65602428599152
933,-8.490913342555187,9,-12.81024626381219,-9.221132006087668,9,-13.106688720210995,-8.87952704059795,9,-15.087746738160504,-5.322371237502979,9,-11.454970294811964,-11.615378709528608,9,-11.625844001331075,-6.446434048904585,9,-12.558699174288957,-6.4583550167405415,9,-13.37918996789507,-5.98313978654971,9,-13.631998452247903,-8.234768010782991,9,-13.419669699444372,-6.5453592915996595,9,-14.125321082852206,-9.724842524572232,9,-15.411638324617567,-9.076023444086115,9,-11.428832098349986,-8.402195461604604,9,-13.597148370863527,-7.676089820842219,9,-13.364151768823039,-7.796563828410856,9,-16.426281766705557,-9.364570693669023,9,-14.649116835205252
934,-10.40326424695272,17,-14.159171526713584,-9.670176856875297,17,-12.65117724609719,-9.177615963959223,17,-14.152976912840947,-6.5890185966630455,17,-13.514762008314023,-8.314034988316942,17,-11.94258832669596,-8.01104673907997,17,-12.18949134817591,-7.493797077124917,17,-12.977825021357315,-9.038621601725138,17,-14.029224817006117,-8.642904163759884,17,-14.298164804166657,-8.752911975486452,17,-16.2961459974211,-9.869571752666486,17,-15.107859140341924,-8.036935398025552,17,-15.738472539255246,-9.485343233997272,17,-13.474317617429264,-6.11477788840765,17,-15.002156035651204,-9.05010980139075,17,-15.840776342021272,-11.389721410757424,17,-14.277169750422233
935,-8.432193242846896,12,-15.928282275360315,-7.826124711938936,12,-12.40537736297915,-9.36936340107906,12,-15.111194412104892,-8.730276955080914,12,-12.149158058912219,-8.075035027488948,12,-12.475623326894425,-8.375359688648112,12,-16.115966365626605,-4.186233846320622,12,-13.574214887869234,-6.534113020212983,12,-16.811124931823002,-12.245222882777448,12,-16.52466999679178,-9.480373336454708,12,-15.09388523177283,-10.577302336563738,12,-18.119899821360956,-9.310969450649552,12,-15.777262283243566,-9.253725952882222,12,-15.793615109143014,-5.438093703850333,12,-11.010590558282122,-5.497210801921258,12,-15.185760548693858,-7.89286991834976,12,-13.823233463623444
936,-7.070850742178452,19,-13.693412808848787,-6.818067642323519,19,-11.407753674963391,-5.381220924100991,19,-13.417857703972869,-7.082181208865476,19,-11.74306171356063,-8.280853588546977,19,-10.788095293935955,-8.558202888409607,19,-14.681846464449798,-3.2323346805232966,19,-12.145153416268231,-6.975826947226555,19,-13.992985738280675,-8.643826323136212,19,-13.390851413978556,-10.31258681343277,19,-15.268778285104066,-9.949806120277415,19,-16.849567619496387,-9.33456920151484,19,-15.539298781158312,-9.557146072433913,19,-16.482536142286097,-7.808648883738908,19,-11.126920409115177,-8.046692770229853,19,-13.937427184046111,-8.354349519682309,19,-15.467270212556855
937,-9.212840543263663,36,-14.614772336753319,-7.418824407989142,36,-13.71171656666678,-8.67826225057452,36,-13.594398092891398,-7.472250071373914,36,-12.307441057119352,-8.181396687026092,36,-11.649488249587698,-8.415428489010031,36,-13.056341359331613,-5.028912573151601,36,-12.096700862724559,-6.3404046915076595,36,-13.649130194175743,-8.100933447941369,36,-13.462586138186058,-8.747238720584761,36,-14.96178728851447,-9.706179256679354,36,-15.18984975851672,-8.680075820265698,36,-14.623723682097314,-8.752844405151118,36,-14.633215606409411,-6.317783651914008,36,-12.97293290351561,-7.963615434310848,36,-14.551746614790629,-9.073984172570634,36,-15.429443102497384
938,-6.866312271520548,11,-13.715823668200464,-8.239463697904352,11,-12.981882833792328,-2.610732023584151,11,-14.058770482858316,-2.1581599071326756,11,-12.062287502245955,-6.569319677409556,11,-12.34838594726926,-7.236651283215298,11,-11.622335747048977,-4.749551558025668,11,-12.21093559507693,-5.670251767710428,11,-11.176689390222275,-5.336672800083272,11,-12.001401577690965,-8.940136937933689,11,-13.509619116803917,-7.256995517647725,11,-13.024573355882652,-7.420363820998932,11,-13.406563665559288,-7.342035375929624,11,-12.726062697742764,-7.1369567764699235,11,-11.196352010460641,-6.708090843768576,11,-13.292582941571663,-6.1883555409531255,11,-16.06358960059251
939,-10.206136644348689,23,-15.575869584490915,-7.607088903371775,23,-15.30499341043817,-10.198437437561177,23,-13.01418043339681,-7.661814452214088,23,-12.666934747938374,-6.129110359102581,23,-10.77189293605515,-6.7342475701487,23,-14.26806481978681,-6.060648982458144,23,-12.031876902130191,-5.805576646274099,23,-11.010059015629391,-4.803048886146913,23,-12.699195905607425,-8.406424167470949,23,-13.204168127348716,-6.468781434029102,23,-13.982476454058704,-7.023061992133393,23,-12.647538751387458,-7.164757114788531,23,-13.041592429275415,-6.2654712717819026,23,-12.136452641343897,-8.252929255725585,23,-13.7741949208017,-7.644334508835624,23,-14.044140264314455
940,-8.744886872294025,22,-14.144638171795378,-8.596334914556712,22,-15.382536438724257,-8.402023620693079,22,-13.84937895070122,-6.912705241179543,22,-10.856039164584619,-4.8036504448370305,22,-13.131982965350463,-5.693941770773808,22,-12.393888648720438,-5.333449521518277,22,-11.182581804672484,-6.344888327942389,22,-14.1227711532818,-9.334635596063475,22,-11.701526733170633,-7.5393108701964495,22,-13.211054781422924,-7.4057391170423825,22,-15.950343954031771,-8.07222040542697,22,-12.93298391823953,-6.083840469825823,22,-13.789344312639225,-5.847669429395774,22,-13.327804591243982,-8.809924643240093,22,-15.414883165077784,-6.513260399253978,22,-15.111808725672915
941,-3.4101014607949875,15,-12.340523214733581,-4.501112733312081,15,-11.121155555332843,-4.371390553994882,15,-11.520295991121035,-3.7431522485156994,15,-10.87876255170086,-4.45721578542198,15,-9.955807007727987,-2.4880042266678024,15,-9.376753842728036,-4.5939239125635165,15,-8.767631337700262,-3.147145188719977,15,-8.944013877831114,-1.9638317542647594,15,-10.913048150691482,-5.107421369811197,15,-9.34200511399598,-2.9700092394139,15,-9.108719240930455,-1.9527950806904788,15,-10.925267101696976,-2.0835662453696453,15,-10.958411982302936,-2.5027871154158516,15,-9.588528512663876,-2.72461177778193,15,-11.711745055154257,-3.0143636590583185,15,-10.219576457430477
942,-8.622435190685422,5,-16.40089553900941,-7.9602940668981805,5,-15.478542711933596,-7.299487909952837,5,-13.739178227842535,-10.532008893686648,5,-9.999624475550409,-6.324565770595521,5,-13.09882534055335,-6.7809786992502366,5,-12.485897280799698,-5.54090293349018,5,-13.139547882905372,-9.2110934456427,5,-12.675599482264657,-6.117650032436689,5,-12.679501450803539,-6.564364148250378,5,-10.478528189527287,-4.907780851037716,5,-10.493372304525403,-6.248739314367041,5,-13.637740256391522,-5.549472221760371,5,-12.173720406480605,-6.760654915995162,5,-10.875801793702774,-6.975698268205502,5,-10.483626116672598,-5.941666428353157,5,-13.462269645990315
943,-8.542138915703525,19,-14.70169250400982,-6.512501810979666,19,-13.447542382147216,-8.411611428092138,19,-14.485982226262049,-6.786240918248324,19,-11.838464471100536,-5.437709318316333,19,-12.981314747442852,-7.1035146132301294,19,-12.45868534123793,-5.440010891535296,19,-11.368426055874268,-6.636492180734628,19,-10.955330042976046,-6.259651754642347,19,-12.128432604745946,-6.915447605082941,19,-10.458935776123193,-6.526740888913384,19,-11.390269523023449,-7.072077281496231,19,-10.721603113780835,-8.033600122428641,19,-11.634112772818304,-6.840929164009367,19,-9.63047945071512,-9.025492327972568,19,-12.549075494240212,-7.664534360138809,19,-12.094555390294335
944,-7.098097681774398,15,-14.21448538941807,-6.322162541358889,15,-13.305395033763059,-8.521853426040703,15,-14.022066765534403,-7.311966789351683,15,-13.818875514321745,-6.403530096138505,15,-11.962733056149457,-8.630265995041837,15,-13.706407069617468,-4.002883208683034,15,-13.52258297400705,-7.238898598913879,15,-12.804167260793148,-7.5994923978323445,15,-12.737822392008125,-8.821554279522049,15,-13.475136474251148,-10.171211995533545,15,-13.816963957465997,-8.399238364169712,15,-12.44356279492318,-9.655082134221063,15,-14.630016570513831,-8.963563494558235,15,-10.826872148606764,-8.77862464617218,15,-15.611962091792863,-9.278709772925748,15,-14.40626945649722
945,-7.642717607415199,22,-14.734282901527607,-8.809576346033461,22,-12.772172793800587,-8.97146615808426,22,-13.806783243185182,-6.831840360959768,22,-12.221351707008916,-8.7450118829047,22,-12.223458526831399,-6.926776506299358,22,-12.50986215230734,-6.537612884860337,22,-11.331650929463738,-6.149522103070119,22,-13.00929753305169,-8.174568329729233,22,-12.749273927723173,-8.308737648716175,22,-13.096089673647073,-8.171087458245037,22,-15.73789416468573,-8.49530948255711,22,-14.615279827954087,-9.243487420801305,22,-14.18058329530953,-8.166141483177471,22,-13.78543138589288,-7.962191709471381,22,-14.123410065861446,-10.376866799463972,22,-13.94100106576195
946,-7.625189275625766,20,-11.654745018173555,-6.080912093200101,20,-13.124542152981702,-6.291865333239539,20,-12.727444240817945,-7.639813878938648,20,-9.88511006400475,-6.799856447952811,20,-12.130640977567799,-7.257153411564218,20,-12.111479406846392,-6.390936810003925,20,-10.323384112506865,-5.667628765902996,20,-11.826106703631485,-5.991523230309893,20,-11.816080702201276,-6.01217951322524,20,-12.82132691955052,-6.88472537433427,20,-13.648631614058308,-7.713421111210175,20,-12.976066082460152,-7.2097080511844025,20,-13.701829706952871,-7.450642452941969,20,-11.347768526923547,-8.98639002414248,20,-14.235353330753778,-8.779964937752531,20,-14.466531743826256
947,-8.969987580800527,39,-16.121779451481775,-10.79305087241146,39,-13.2294288245564,-9.865621563176191,39,-15.25608711250098,-8.596082273928412,39,-12.870229529471581,-7.456796954812225,39,-13.712041153132951,-9.169032258397372,39,-13.42255220443038,-7.992808152681671,39,-14.156359796220446,-5.929810997013822,39,-15.429860365847132,-8.372703217049672,39,-14.083372957764986,-9.020037845059157,39,-16.026659814620192,-10.341631050420315,39,-16.416721960107942,-8.42458399627379,39,-15.209964408482776,-7.7207217878579435,39,-13.594085284373971,-6.764681443360104,39,-13.558633345415467,-8.965466235392732,39,-15.528405392456149,-9.200950797503971,39,-13.795385813765659
948,-7.5935937562458475,24,-14.394309559473664,-8.827223109440926,24,-13.914208779398757,-7.63941141236673,24,-13.502853703726297,-6.6052552505754525,24,-12.478865716835559,-5.226642600214399,24,-12.491929259894079,-8.780171508670344,24,-12.445300387529432,-6.655437081042688,24,-14.50643321368075,-5.558703750129062,24,-13.66253541256635,-7.784926991562095,24,-14.786517626243462,-8.468738965753882,24,-14.091098602473583,-8.509303153528505,24,-13.145768636737738,-5.379262853298618,24,-13.458891758442801,-10.138203718853987,24,-13.4001532804246,-7.543044729555655,24,-13.410102188677723,-9.298911483714146,24,-14.803774341922956,-6.6839075397930365,24,-12.640527747675328
949,-10.114738944017912,25,-14.798876652058299,-9.38493804828553,25,-12.656724151825689,-9.144784604349379,25,-13.552944125885475,-6.743725484271415,25,-12.81168904396775,-6.395099355840308,25,-13.745954003666238,-9.01489381045492,25,-15.225483513938398,-5.3217701652052245,25,-14.151648184286184,-6.770968325443886,25,-12.879930841346884,-9.209744767989363,25,-14.168403923550489,-8.122904088119562,25,-14.381462218469734,-9.362617108315321,25,-14.78272241435489,-8.287146337549453,25,-14.963326938045576,-9.62072067316519,25,-14.658286864535842,-8.082872665536069,25,-14.447629167707204,-10.008388993142193,25,-16.347583440005014,-7.780466390185534,25,-14.70751660110822
950,-9.991046488165527,16,-13.266796366018115,-8.251396116189383,16,-12.357043986518226,-7.81816812831863,16,-15.698354624676046,-6.6334432276628705,16,-11.87920877741803,-7.803777081903504,16,-11.787389154877786,-8.566662948124161,16,-13.449043670618131,-6.07776776095358,16,-14.560980761230972,-6.72895975585477,16,-14.721785774136386,-8.723017329591492,16,-13.528368282312144,-10.164376088646485,16,-16.18361721334996,-11.988117176970867,16,-16.046926255160404,-10.635518854343463,16,-14.498104541549338,-10.50149574678253,16,-16.570116459583296,-6.6262832416010395,16,-13.556159225935545,-10.03674099602417,16,-16.56538977534759,-7.937854711088229,16,-18.401367289314287
951,-9.619119462926275,11,-17.638996822291805,-5.547032489306004,11,-12.047099266788964,-9.812820249803547,11,-15.110195778798381,-7.698867488755591,11,-14.426540391386666,-8.430603227344434,11,-14.56660763323015,-9.790854279559888,11,-15.305838258183357,-8.275444651305824,11,-14.249909308509736,-8.467664573624056,11,-12.610829512443464,-8.34880967113414,11,-13.51268908412375,-11.464648465068358,11,-16.919834344203768,-9.35320410924748,11,-16.02461345403456,-10.412146795708086,11,-14.09446272282697,-10.009397465207472,11,-15.950337289717746,-7.364275175833664,11,-12.517179072693041,-8.741795234609611,11,-15.303138192059658,-7.953429441438833,11,-15.096286808480803
952,-8.01625540931788,13,-13.505312476075899,-8.318623774031552,13,-13.086121238720747,-6.525856992896896,13,-14.932251472872174,-5.68743470529726,13,-11.177544097083453,-6.383572937870063,13,-13.806119910042067,-7.867802879109167,13,-13.30635334282044,-6.752163864136696,13,-13.088779997385181,-8.09185241525695,13,-13.546979826807723,-5.943514284941328,13,-11.69454199116018,-8.102409709710477,13,-14.587670606018165,-7.652859091686449,13,-15.563014670721094,-6.427209801627209,13,-13.828266044543993,-7.945039201329346,13,-12.846394124154743,-3.4237428133828427,13,-11.123687565206167,-8.41631219360818,13,-14.949418483879919,-10.44875826027733,13,-16.11998886092939
953,-9.275410167725703,12,-14.192113236743493,-6.974536823358348,12,-12.952802273006583,-7.917716041477155,12,-13.646575978611704,-5.49241968804286,12,-11.793583230610222,-5.906415955614163,12,-13.833559276774881,-7.5358074354482065,12,-13.80306862061387,-7.832542931524423,12,-13.526716819554494,-7.146054281571548,12,-12.967600306659586,-7.827010040587766,12,-14.30086663954089,-7.932340873793866,12,-14.508260558608333,-10.286185056814801,12,-13.68907706779272,-9.718169330590907,12,-16.925775767765806,-10.391547547842768,12,-15.405708101400887,-4.491021414926071,12,-14.406364749008226,-10.942410282939504,12,-15.277863812153672,-8.722934472355814,12,-15.23987208091981
954,-10.484824535335823,12,-14.43530334313804,-8.75408281655767,12,-14.67424523736838,-10.954484815384745,12,-16.78063282377097,-6.877572284763216,12,-13.822133532158482,-8.719814508122175,12,-12.391485314921722,-9.171963410971776,12,-14.406850038801194,-5.514071886388542,12,-15.326682270228604,-8.546410460580002,12,-15.30022997160314,-8.829928816902779,12,-16.28591065956441,-12.25820553286778,12,-15.588808664210651,-9.619106362717613,12,-16.30333455171488,-8.4659349116875,12,-14.390340775989937,-11.332447043222588,12,-16.22370334380634,-11.581543573128304,12,-14.927645222267099,-10.216973763173698,12,-17.22032729522775,-11.581471260348973,12,-17.501707612648204
955,-10.754114518432656,18,-14.597586645022595,-6.96631509140656,18,-14.258796045246866,-10.81180883778214,18,-14.937281271645404,-6.273437637108177,18,-11.449403101510834,-7.6206573049723,18,-12.892070653635741,-8.444396180727479,18,-14.187973080270694,-7.002456397714544,18,-16.071434511615667,-6.303925514158096,18,-14.854342628286961,-7.177222811316853,18,-13.763247026653554,-8.57709858364738,18,-16.221466199513767,-10.458395621475951,18,-16.87429999944378,-8.256838346895501,18,-14.3909262855847,-9.880328187575447,18,-13.93951330868596,-7.119017285483879,18,-14.288147758895418,-7.464511971378796,18,-13.472336887739093,-11.193329431487616,18,-16.81809393839179
956,-8.589238636989108,24,-15.06243976984118,-9.589520949822184,24,-13.031214266893489,-9.906081053501318,24,-13.570698917656046,-7.487493089305939,24,-12.54999421208651,-8.076111543353393,24,-11.393515192483543,-7.9918987161334085,24,-11.991026930589278,-6.539660098812771,24,-12.168384606777307,-5.640223621907653,24,-14.25401467933165,-7.795088297103034,24,-14.358354598290466,-7.60147543511157,24,-14.92093234958097,-9.48229872154782,24,-14.476877602155652,-6.825658724664038,24,-12.688734635984327,-9.701834081729587,24,-14.534573781346067,-6.2735324945706825,24,-12.251388952860507,-7.722015452590374,24,-14.89536154922279,-9.179519630945043,24,-14.452666821951208
957,-9.323867049537734,13,-14.457663259847866,-11.203105235560464,13,-15.940596355989982,-10.969772956646285,13,-15.857546159950546,-8.420142447165443,13,-14.57399765692246,-8.853501400226222,13,-12.433311987608784,-8.848391236002316,13,-14.531380730585187,-6.075042715103725,13,-14.009311234867194,-8.296918357548634,13,-16.962482489888224,-10.244359762730014,13,-17.930159787450545,-11.35430344581742,13,-16.56304886115118,-12.35406905748775,13,-16.541118302353425,-8.642386001420034,13,-15.47399923363082,-10.088511394548865,13,-15.583450110667762,-9.464311442590946,13,-14.590265845825536,-10.277756166699508,13,-16.197526598146318,-10.516618720702716,13,-15.857009709207805
958,-7.591011959092809,25,-15.084571623153275,-8.127824805037573,25,-13.412621784735181,-6.592588494145391,25,-15.168095764286296,-5.491153104734501,25,-11.684916707771453,-7.172343972650863,25,-13.342086973818265,-6.821828995600089,25,-10.302938229696858,-7.507524328898587,25,-12.291431129385867,-7.452724846675714,25,-13.198306736804195,-6.9490968178121495,25,-13.708804222907292,-9.148313767340753,25,-14.091910134699733,-8.619528821199243,25,-14.272265793724568,-8.536227470326864,25,-13.382754241783054,-9.675986714208321,25,-17.959808008873217,-6.653206807841675,25,-14.382129325729153,-8.825090692351733,25,-15.851363648949894,-7.632582039588998,25,-15.314923347558436
959,-10.099474785486986,19,-17.339682503905284,-10.122939875193673,19,-14.512673378097922,-9.662739405154998,19,-15.479624182891317,-5.6858653538032335,19,-13.675078888870642,-7.02503163749175,19,-14.261496036289012,-8.84447002904658,19,-13.346527147183453,-7.384824389289491,19,-12.236165991051635,-7.722044445679561,19,-14.164632713009409,-9.333901774555068,19,-15.579513885753842,-9.676886157918068,19,-14.186528339968465,-9.163460805134845,19,-16.4689076284633,-10.484131383836285,19,-17.094952360363894,-10.768646100425043,19,-17.298021347423823,-6.960542707512584,19,-13.798613456530028,-9.834990788780631,19,-17.265664326811866,-9.12387097734246,19,-16.93475699359055
960,-10.646401333052978,23,-14.901996242727424,-7.212172682101502,23,-13.258045547114442,-8.651039735311263,23,-13.072004328191866,-7.34722678064632,23,-11.997471104165577,-6.982332156757955,23,-11.312502537273183,-8.434934137248858,23,-12.386758090182134,-7.124942301455549,23,-13.057356020440341,-6.22328034551893,23,-10.365820996992106,-6.223151025368983,23,-13.478622619983494,-9.989828112772054,23,-14.962996954082886,-7.822145384364614,23,-15.361449798745333,-7.181030675332663,23,-11.766991886700819,-8.139632668279408,23,-13.482423286091876,-7.527929382281329,23,-13.421909243278323,-10.430920942064484,23,-10.442247922116483,-8.33476473801331,23,-13.85839312208109
961,-8.78730548319546,35,-15.189074771062083,-8.946679317678504,35,-15.9817787609526,-10.969234922951763,35,-16.098968388352645,-9.54729398923358,35,-15.64582009120893,-8.466978680754002,35,-14.411371539909466,-7.162078203556147,35,-14.925945836827117,-7.406337398249128,35,-12.917429190811589,-8.21405668921569,35,-14.285371087338874,-9.27284033442559,35,-15.11971040143381,-8.19844196695257,35,-16.075193450663946,-9.600941562535064,35,-15.700258839596536,-8.914030625234409,35,-15.292704377983657,-9.62191143387067,35,-14.869191548381636,-7.269569258350051,35,-14.305600318861948,-8.56148218742916,35,-14.433869338186248,-8.293980000032244,35,-14.7496837577198
962,-7.07799190220335,23,-15.725646422122335,-6.759260479885583,23,-14.0883580696029,-9.32487096397439,23,-15.065691241176971,-8.763182397816887,23,-13.088401749039129,-6.026140612360697,23,-12.682964951833753,-8.033344640587748,23,-13.85977107642455,-6.830417098813077,23,-12.11429930957066,-5.568180975182421,23,-10.249856735208546,-7.542882267324821,23,-10.991677219443156,-6.433072175420726,23,-13.720094193928329,-8.416251186873403,23,-14.722638518199844,-7.9002079466452155,23,-13.582830000446114,-8.420104012069974,23,-14.687757033011145,-6.902968080746346,23,-13.968513499726594,-8.480324905714337,23,-15.900663820602157,-6.68492346937413,23,-15.867766689863288
963,-10.391131379770846,23,-15.938350217848233,-8.505079281632783,23,-13.1841065196663,-8.113843361129273,23,-13.55332521044685,-7.837972928338561,23,-11.923464353899744,-7.5054254759862316,23,-11.845888565896708,-7.357473488611678,23,-14.684724131378795,-6.678145456937794,23,-12.993379913956321,-5.289500258575599,23,-11.556729304929034,-5.483927444201331,23,-11.907398549124553,-7.221620834590283,23,-13.314240266956139,-7.172666148788588,23,-14.155103644178011,-8.571622453226903,23,-12.78061427984887,-8.350034167003898,23,-15.483135193695725,-7.010862054981408,23,-13.779469324182381,-8.819793663113222,23,-14.877922124326265,-9.238899224132396,23,-14.388148103502289
964,-11.589747739920998,17,-14.675332838865225,-10.05752136876157,17,-15.590759323693163,-11.870866051138492,17,-15.745358573095276,-8.830567984303356,17,-12.723262883800455,-8.251587517975418,17,-15.281186069537572,-8.517628001787777,17,-14.481553742990062,-7.23080174084656,17,-11.340513016293842,-8.058671015987876,17,-13.1818529037458,-7.61889052617581,17,-14.162463264656441,-9.41183877054248,17,-14.414726817405166,-9.810843736008584,17,-16.97960950394303,-8.506755919197017,17,-15.813856060501672,-9.090203191789744,17,-14.696821533222064,-8.211320427990632,17,-14.157119338873432,-9.339467116423535,17,-16.596718010173912,-11.285714661631125,17,-15.016958850845846
965,-7.174809276861229,20,-14.834270358037951,-6.362371403413826,20,-12.777422963211553,-9.677680816387928,20,-15.377325261292318,-5.66656654889923,20,-12.611534108576363,-7.325590252178095,20,-13.231409632039279,-8.268212666415158,20,-14.512144040834794,-4.858167567088409,20,-13.650115203277647,-6.9663234314620945,20,-12.62597939095855,-6.1260511163131675,20,-11.14539581677457,-5.772981020942375,20,-12.017117622147548,-6.259579809390697,20,-13.454539651040074,-6.487959627193871,20,-11.919144280303357,-6.261310458465647,20,-14.070085745381466,-6.455352485128603,20,-12.731330406085481,-7.398847569096385,20,-13.624873055139055,-7.596206708632217,20,-12.75934937919381
966,-9.212070431839317,80,-15.979094816196904,-8.530271577001667,80,-13.898376522120872,-10.057120988236452,80,-15.419991122544248,-7.541865413476247,80,-13.282518732800701,-8.007279307477939,80,-12.87417974816993,-8.913539863787959,80,-14.909600755742481,-7.6074988678890865,80,-13.313338993277297,-7.891927569691465,80,-12.83227260283043,-8.803802622295505,80,-12.845888130633899,-10.036512624433813,80,-13.346167830855274,-9.069065349228662,80,-14.816551692545652,-8.699903954635573,80,-14.815180929462649,-9.329830715885375,80,-14.406324550420955,-7.859516410219131,80,-13.588542518578512,-8.966991911869787,80,-14.833815569886479,-9.468242343269862,80,-14.902478965207486
