farm_id,ndvi_20250501,ndvi_valid_20250501,ndvi_20250511,ndvi_valid_20250511,ndvi_20251013,ndvi_valid_20251013,ndvi_20251018,ndvi_valid_20251018,ndvi_20251023,ndvi_valid_20251023,ndvi_20251107,ndvi_valid_20251107,ndvi_20251109,ndvi_valid_20251109,ndvi_20251112,ndvi_valid_20251112,ndvi_20251117,ndvi_valid_20251117,ndvi_20251122,ndvi_valid_20251122,ndvi_20251127,ndvi_valid_20251127,ndvi_20251129,ndvi_valid_20251129,ndvi_20251202,ndvi_valid_20251202,ndvi_20251207,ndvi_valid_20251207,ndvi_20251212,ndvi_valid_20251212
1,0.14802065404475043,1.0,0.07698709945900957,0.5714285714285714,0.1786882692008101,1.0,0.19648380270226273,1.0,0.2718078381795196,1.0,0.27998690885288824,1.0,0.2738521654184305,1.0,0.25339440536561425,1.0,0.22587601078167116,1.0,0.22088208820882088,1.0,0.24018394057304562,1.0,0.2880465378119722,1.0,0.33423820834747203,1.0,0.39739063699155797,1.0,0.41696836140406107,1.0
2,0.12333463186599143,1.0,0.094471343317194,0.0,0.15164473684210528,1.0,0.14995207806918184,1.0,0.14382022471910114,1.0,0.20581956195145093,1.0,0.22453416149068323,1.0,0.25446153846153846,1.0,0.16420614074812065,1.0,0.1478132496770622,1.0,0.15041179020372777,1.0,0.15466616794464186,1.0,0.16097197653849735,1.0,0.17878591887646678,1.0,0.2003775365738556,1.0
3,0.4756886015410504,1.0,0.220613385018812,0.0,0.2956721846930443,1.0,0.35204466576127963,1.0,0.35449995897940767,1.0,0.49746582706189524,1.0,0.5152240592503927,1.0,0.5239635401352544,1.0,0.5118459666451937,1.0,0.5469024065109099,1.0,0.43378457916421426,1.0,0.5144998864238661,1.0,0.5496385897625018,1.0,0.5843797633737389,1.0,0.5642649579017956,1.0
4,0.34605037906578623,1.0,0.1113776559287183,0.0,0.2359161033107991,1.0,0.2875161386433608,1.0,0.275920781432028,1.0,0.35979977561059806,1.0,0.3503154196278847,1.0,0.3078485035755275,1.0,0.3159048743464328,1.0,0.32059731375656964,1.0,0.3024081115335868,1.0,0.3581641016300883,1.0,0.39721766179901496,1.0,0.42870836328780254,1.0,0.4300988174307468,1.0
5,0.1445305770887166,1.0,0.07073221323376892,0.0,0.19368183527641972,1.0,0.16550706304026988,1.0,0.2246818894892801,1.0,0.31583403895004236,1.0,0.2805560264451602,1.0,0.2634730538922156,1.0,0.3020689655172414,1.0,0.321377331420373,1.0,0.3047619047619048,1.0,0.38001800180018,1.0,0.4060797750834651,1.0,0.4638051439277806,1.0,0.4462454515382071,1.0
6,0.2506938020351526,1.0,0.1276923076923077,0.0,0.2635867209846581,1.0,0.21858339680121858,1.0,0.24435196195005945,1.0,0.30292614955875524,1.0,0.3140052712896483,1.0,0.31714942528735635,1.0,0.3248429274919341,1.0,0.3452590912908373,1.0,0.3030328488616315,1.0,0.3474576271186441,1.0,0.38725128960943256,1.0,0.4382716049382716,1.0,0.4275643285160381,1.0
7,0.21917290390867167,1.0,0.13452065176203107,0.0,0.2577789464457884,1.0,0.27813504823151125,1.0,0.2566340474301331,1.0,0.3644632126035407,1.0,0.3748451053283767,1.0,0.3913836334625028,1.0,0.427597450718838,1.0,0.4982598607888631,1.0,0.3922014868760431,1.0,0.4734906037584966,1.0,0.5213155638687553,1.0,0.5856472865331646,1.0,0.5719193427931292,1.0
8,0.1444832296251328,1.0,0.10760053026955368,0.0,0.2361610352264558,1.0,0.2657559198542805,1.0,0.2928565152447061,1.0,0.4654872847891328,1.0,0.4853687667960585,1.0,0.5156441055887219,1.0,0.535643843336151,1.0,0.580260759848591,1.0,0.47348172574883207,1.0,0.5641632994287307,1.0,0.6037433155080214,1.0,0.6431255669301542,1.0,0.6196882909284668,1.0
9,0.22658744894170071,1.0,-0.006056742110296462,0.0,0.4446140797285835,1.0,0.4466748123581777,1.0,0.4015420601230183,1.0,0.42442173211403983,1.0,0.4307830783078308,1.0,0.4231969332263529,1.0,0.38535201276822134,1.0,0.3977098548372554,1.0,0.29848055627092457,1.0,0.3528695814998596,1.0,0.3716045925511061,1.0,0.38342644320297953,1.0,0.33744477172312226,1.0
10,0.1943207126948775,1.0,-0.0035559067562228367,0.0,0.3605571383349161,1.0,0.40120711562897077,1.0,0.4033968583047604,1.0,0.513570961412688,1.0,0.5316778096147724,1.0,0.5355799373040753,1.0,0.5055098556573026,1.0,0.5392563600782779,1.0,0.40692508043511566,1.0,0.4871048589214973,1.0,0.5211833748693625,1.0,0.5552392249901147,1.0,0.5029341267873378,1.0
11,0.1535743408534928,1.0,0.002434001123385134,0.0,0.2826199965343961,1.0,0.2967719541825755,1.0,0.27196493234229085,1.0,0.3472584856396867,1.0,0.3532849300513547,1.0,0.3090589270008795,1.0,0.22652372443915028,1.0,0.2284890901605599,1.0,0.19985398795400622,1.0,0.23114355231143552,1.0,0.2364620938628159,1.0,0.2667572463768116,1.0,0.26458771762004973,1.0
12,0.26187795541544695,1.0,-0.013797278781505912,0.0,0.21099496709252807,1.0,0.21462043111527648,1.0,0.250159482365807,1.0,0.4022307424189613,1.0,0.4091023807520821,1.0,0.36456478965614164,1.0,0.33382706906128495,1.0,0.36825455898771864,1.0,0.30658188692215155,1.0,0.3734299073989181,1.0,0.40315191497159614,1.0,0.45434401255655066,1.0,0.44110768079333895,1.0
13,0.17629732305293253,1.0,0.18007032243584947,1.0,0.19102296450939457,1.0,0.182408236347359,1.0,0.21730713386893816,1.0,0.35947712418300654,1.0,0.3668900147082857,1.0,0.36303095752339815,1.0,0.3206337231233497,1.0,0.305167112962412,1.0,0.25,1.0,0.29532048761305546,1.0,0.30995140502852314,1.0,0.37450482478415437,1.0,0.35802223987291504,1.0
14,0.5675675675675675,1.0,0.6033472803347281,1.0,0.28593886462882095,1.0,0.16093401802150956,1.0,0.16809555919468258,1.0,0.1908289241622575,1.0,0.1933884297520661,1.0,0.13907563025210085,1.0,0.12910720212412877,1.0,0.1070309968679123,1.0,0.11450381679389313,1.0,0.1276342807738031,1.0,0.1287944492627927,1.0,0.13129149710858856,1.0,0.1359244148593515,1.0
15,,,,,,,,,,,,,,,,,,,,,,,,,,,,,,
16,,,,,,,,,,,,,,,,,,,,,,,,,,,,,,
17,,,,,,,,,,,,,,,,,,,,,,,,,,,,,,
18,,,,,,,,,,,,,,,,,,,,,,,,,,,,,,
19,,,,,,,,,,,,,,,,,,,,,,,,,,,,,,
20,0.13655221113955335,1.0,0.1427751470799254,0.9090909090909091,0.3018787724220012,1.0,0.34212528531574943,1.0,0.3917481186748551,1.0,0.4954310687326182,1.0,0.50113734410542,1.0,0.4955364134690681,1.0,0.36993621789346665,1.0,0.33681032116387594,1.0,0.27317372621240027,1.0,0.32086167800453513,1.0,0.3486685119786198,1.0,0.366437388108923,1.0,0.3608426749130267,1.0
21,0.09057437407952872,1.0,0.10115081768625075,0.7333333333333333,0.23244828147906826,1.0,0.2779648335203891,1.0,0.2918918918918919,1.0,0.43068391866913125,1.0,0.4371859296482412,1.0,0.4335589597434984,1.0,0.4059964726631393,1.0,0.45365683365334264,1.0,0.3816519751877245,1.0,0.4653970413195035,1.0,0.511685728493287,1.0,0.5734210938724338,1.0,0.5540201005025126,1.0
22,0.15149606299212598,1.0,0.17280201466558032,0.0,0.19112252384446074,1.0,0.19140010487676978,1.0,0.26948469518991686,1.0,0.2531835957084127,1.0,0.25396054038293325,1.0,0.23732967356141554,1.0,0.22791231932612233,1.0,0.2079207920792079,1.0,0.19841119727633819,1.0,0.23041522853258029,1.0,0.24877297661437783,1.0,0.2583341528173862,1.0,0.2606652205350687,1.0
23,,,,,,,,,,,,,,,,,,,,,,,,,,,,,,
24,0.18708104814137722,1.0,0.07373142696944211,0.0,0.24125495852866932,1.0,0.23703170028818443,1.0,0.28434629665819816,1.0,0.358841778697001,1.0,0.24487842236262683,1.0,0.2451552210724365,1.0,0.21616009061733057,1.0,0.22711008208798147,1.0,0.21701514059120403,1.0,0.24448633364750236,1.0,0.27232472324723245,1.0,0.3116883116883117,1.0,0.3299892511644572,1.0
25,0.1503267973856209,1.0,0.08759124087591241,0.0,0.2579243765084473,1.0,0.26670347874102707,1.0,0.2968479390370627,1.0,0.44641999038923597,1.0,0.4747063429913861,1.0,0.47510469986040016,1.0,0.4684629516227802,1.0,0.5226549477193514,1.0,0.3968400061359104,1.0,0.4718795064893447,1.0,0.509122095743022,1.0,0.5141314703080343,1.0,0.5282019320660641,1.0
26,0.24570771379282016,1.0,0.1408614668218859,0.0,0.22516082916368835,1.0,0.222025198320112,1.0,0.266654948145544,1.0,0.4021618861179675,1.0,0.4104831070413641,1.0,0.4153846153846154,1.0,0.42339854238588415,1.0,0.47425057647963104,1.0,0.3784339091393349,1.0,0.45522328864916317,1.0,0.49202589609979475,1.0,0.5204097470122614,1.0,0.5063944713638892,1.0
27,0.12560856864654332,1.0,0.09239407861153649,0.0,0.2322468902535034,1.0,0.25064790818215477,1.0,0.2894782760425755,1.0,0.4346978557504873,1.0,0.4491590803888289,1.0,0.458751902587519,1.0,0.4514459665144597,1.0,0.4955173985716457,1.0,0.39092151206922726,1.0,0.4730109204368175,1.0,0.49850464347552337,1.0,0.5292999683243585,1.0,0.5078000636739892,1.0
28,0.19013483529612563,1.0,0.1512585274053164,0.2,0.37501054585337046,1.0,0.1501173589141749,1.0,0.1667144906743185,1.0,0.22438316400580552,1.0,0.22093513058129738,1.0,0.22989987112124516,1.0,0.24467493980366734,1.0,0.2314647377938517,1.0,0.2199962553828871,1.0,0.28614579138139346,1.0,0.32202375012473805,1.0,0.35626767200754006,1.0,0.31135015582587716,1.0
29,0.17792494481236204,1.0,0.18672985781990523,0.35714285714285715,0.1572093023255814,1.0,0.11888372093023256,1.0,0.1332367849384504,1.0,0.25272585669781933,1.0,0.2109998302495332,1.0,0.15096398690432886,1.0,0.1622668074621612,1.0,0.1645979492714517,1.0,0.1687127323746054,1.0,0.19199406968124536,1.0,0.21439169139465875,1.0,0.2760511882998172,1.0,0.3379583746283449,1.0
30,0.30092284273618114,1.0,0.2221424910302409,0.3,0.4666666666666667,1.0,0.4769770231613915,1.0,0.4298959153328085,1.0,0.5159036738719487,1.0,0.5194858696547746,1.0,0.502294917800217,1.0,0.4860263411500161,1.0,0.5084493041749503,1.0,0.3769917410528072,1.0,0.45228940929744843,1.0,0.4727240524264966,1.0,0.48621690243017773,1.0,0.45216680294358136,1.0
31,0.15620827770360482,1.0,0.14231014677728143,0.6875,0.14105263157894737,1.0,0.11120802442215438,1.0,0.13344316309719934,1.0,0.18043520123242826,1.0,0.18402388951101156,1.0,0.21243958814877076,1.0,0.2079662964381463,1.0,0.2678827628612421,1.0,0.22646310432569974,1.0,0.2825061332326854,1.0,0.33452310132857427,1.0,0.24174950298210734,1.0,0.24582914572864323,1.0
32,0.22441430332922319,1.0,0.2413793103448276,1.0,0.20339676693267852,1.0,0.1831795854798131,1.0,0.22051179528188725,1.0,0.22690405539070227,1.0,0.2186169709582821,1.0,0.2041279669762642,1.0,0.1990138067061144,1.0,0.17229800629590766,1.0,0.20100452034153693,1.0,0.2482900879383346,1.0,0.2915681639085894,1.0,0.30317993284613864,1.0,0.30547006849995034,1.0
33,0.31826945322742345,1.0,0.2218158689775799,1.0,0.26097158251499086,1.0,0.25039782832537677,1.0,0.3040179341265736,1.0,0.47054062803496277,1.0,0.47980443775855586,1.0,0.48745624270711785,1.0,0.5004211117349804,1.0,0.5582992300756052,1.0,0.45106663734330327,1.0,0.5343821552551887,1.0,0.5711240585476766,1.0,0.5906866172563278,1.0,0.5766290243389213,1.0
34,0.37069547602970965,1.0,0.21333333333333335,1.0,0.2636682828958368,1.0,0.27402135231316727,1.0,0.3152965660770031,1.0,0.4671916010498688,1.0,0.46984963571539295,1.0,0.476954793108526,1.0,0.48093373930694505,1.0,0.5361037430002947,1.0,0.4401805869074492,1.0,0.5224607887924471,1.0,0.5556213017751479,1.0,0.5845731619240214,1.0,0.5614344503233392,1.0
35,0.14255809085199916,1.0,0.15105386416861827,0.84,0.17084003369323839,1.0,0.21442465958401916,1.0,0.19350232059978578,1.0,0.4153405474220242,1.0,0.431564353385196,1.0,0.3398296901062242,1.0,0.2852842217106428,1.0,0.2847779931690206,1.0,0.24731367660964498,1.0,0.2972870423069626,1.0,0.3310653188180404,1.0,0.3836279069767442,1.0,0.3804613771408598,1.0
36,0.14752169436681864,1.0,0.15933585785027674,0.041666666666666664,0.17861885790172644,1.0,0.22240527182866557,1.0,0.19427710843373494,1.0,0.3520336605890603,1.0,0.3638911788953009,1.0,0.29619710765934654,1.0,0.21180425849831902,1.0,0.2049306625577812,1.0,0.18486795146324053,1.0,0.2003066896683918,1.0,0.21114599686028257,1.0,0.21631067961165049,1.0,0.22164179104477613,1.0
37,0.1001575906146034,1.0,0.13648157758173327,0.0,0.17791164658634537,1.0,0.2022359752445598,1.0,0.23942862548481694,1.0,0.4002278503198668,1.0,0.40944178110018686,1.0,0.42189500640204863,1.0,0.4138727403042128,1.0,0.4639366363329963,1.0,0.38559722659943274,1.0,0.46430298146655924,1.0,0.49172815533980585,1.0,0.4485410918819497,1.0,0.40953692546049236,1.0
38,0.09710510301660437,1.0,0.08190782853692896,0.0,0.16900441392839627,1.0,0.18792599805258034,1.0,0.22616510701380524,1.0,0.38002337498876204,1.0,0.3593403108150967,1.0,0.3692461384769077,1.0,0.38244321669736037,1.0,0.4498714652956298,1.0,0.3920427740210725,1.0,0.4795633814038722,1.0,0.5154332749028275,1.0,0.46032532408554205,1.0,0.42643639986715376,1.0
39,0.15259692757863935,1.0,0.06942752740560293,0.0,0.29716655148583276,1.0,0.30028129395218,1.0,0.2464080459770115,1.0,0.351506456241033,1.0,0.36576077548900815,1.0,0.3752755638460234,1.0,0.4018660991979047,1.0,0.463223275580255,1.0,0.38687258687258685,1.0,0.472983936394613,1.0,0.4901764901764902,1.0,0.5273916598528209,1.0,0.5043607042948823,1.0
40,0.12596259625962597,1.0,0.15267403645055275,0.0,0.2736086175942549,1.0,0.29570284049526585,1.0,0.30761209593326383,1.0,0.31118408344601123,1.0,0.31662614550215074,1.0,0.3096372297544888,1.0,0.3056243367527414,1.0,0.31333574268160463,1.0,0.25672204144545296,1.0,0.2829912023460411,1.0,0.2895837120523541,1.0,0.2899302450366661,1.0,0.26511792871076434,1.0
41,0.4213197969543147,1.0,0.42941757156959526,1.0,0.44549418604651164,1.0,0.4483442395399564,1.0,0.4013991302703725,1.0,0.4604277097422775,1.0,0.458036204059243,1.0,0.4287858885344342,1.0,0.40261153427638735,1.0,0.3896457765667575,1.0,0.154682433721152,1.0,0.1576838308956121,1.0,0.14731369150779897,1.0,0.16483011937557393,1.0,0.15153970826580226,1.0
42,0.11635220125786164,1.0,0.16457750924339434,1.0,0.6033402922755741,1.0,0.6339089035742201,1.0,0.5731401104813831,1.0,0.619713574934445,1.0,0.6245375664222775,1.0,0.6185057237688817,1.0,0.5876621194812177,1.0,0.6238316185865107,1.0,0.4885033149950628,1.0,0.5575537001355884,1.0,0.5835302542069459,1.0,0.6015437267894852,1.0,0.5692861427714457,1.0
43,0.14251604238173407,1.0,0.20879792271269285,1.0,0.292402397537664,1.0,0.24777251184834123,1.0,0.2833513124775261,1.0,0.4068592057761733,1.0,0.39383734635460516,1.0,0.3221099887766554,1.0,0.31096681096681095,1.0,0.32181259600614437,1.0,0.28494430470715054,1.0,0.3388679245283019,1.0,0.3699741792696422,1.0,0.3984417466932415,1.0,0.4263876251137398,1.0
44,0.11766063870719508,1.0,0.12932103016113483,1.0,0.3165041782729805,1.0,0.322569198012775,1.0,0.3244176013805004,1.0,0.42040673211781204,1.0,0.42373157423242935,1.0,0.40719128121513776,1.0,0.38843960160040863,1.0,0.4132465084397224,1.0,0.33620244448269926,1.0,0.38991899189918994,1.0,0.4134078212290503,1.0,0.4136899524898821,1.0,0.4041402461767997,1.0
45,0.12268803945745993,1.0,0.14187881494714902,1.0,0.32414280664545775,1.0,0.3170641523386948,1.0,0.3165829145728643,1.0,0.4062947067238913,1.0,0.41162594776748107,1.0,0.3924324324324324,1.0,0.37035726918995404,1.0,0.39694519317160826,1.0,0.3226431718061674,1.0,0.371130175307721,1.0,0.39141839985010307,1.0,0.39908508691674294,1.0,0.38384034101918235,1.0
46,,,,,,,,,,,,,,,,,,,,,,,,,,,,,,
47,0.13370555392300912,1.0,0.19090123812266052,1.0,0.41301925831609104,1.0,0.3370847703757488,1.0,0.33250839667668375,1.0,0.4252271139063592,1.0,0.4373109243697479,1.0,0.43196874469169355,1.0,0.39457567804024496,1.0,0.42309739222990955,1.0,0.33656677637276977,1.0,0.3918943700715203,1.0,0.41209302325581393,1.0,0.4402917046490428,1.0,0.41853399164451194,1.0
48,0.14913510986442263,1.0,0.18399291199054932,1.0,0.25655952079642286,1.0,0.27238389561335735,1.0,0.27114967462039047,1.0,0.31459170013386883,1.0,0.32245337159253945,1.0,0.29165852705606565,1.0,0.28696141931850183,1.0,0.3139684742738178,1.0,0.2928999455238787,1.0,0.335953978906999,1.0,0.3595121500508177,1.0,0.39368923133370026,1.0,0.40771297006907137,1.0
49,0.22057619295764164,1.0,0.2337971307043472,1.0,0.1934541203974284,1.0,0.20845184884193418,1.0,0.18088367899008115,1.0,0.27436986177613154,1.0,0.2586416536390481,1.0,0.2688618096966554,1.0,0.3090697093362205,1.0,0.3774993977354854,1.0,0.3530175210902012,1.0,0.43456348561209557,1.0,0.47689934438873893,1.0,0.5169800104035075,1.0,0.5184194890077243,1.0
50,,,,,,,,,,,,,,,,,,,,,,,,,,,,,,
51,0.30469319931912137,1.0,0.32555282555282555,1.0,0.33202086819568855,1.0,0.3425653113337262,1.0,0.32618477740545715,1.0,0.36150142478136976,1.0,0.35329559978090197,1.0,0.3290784256841698,1.0,0.32257749095531435,1.0,0.35564367927265694,1.0,0.3074832397173401,1.0,0.3677515899738122,1.0,0.37666729287995493,1.0,0.43149683081423695,1.0,0.4006582040432534,1.0
52,,,,,,,,,,,,,,,,,,,,,,,,,,,,,,
53,0.1367643734458594,1.0,0.16144848357498073,1.0,0.38847038299896913,1.0,0.4311372486688389,1.0,0.41827419226800033,1.0,0.4006786739754633,1.0,0.41185076810534016,1.0,0.40472215597424277,1.0,0.40464240903387705,1.0,0.42556945781199873,1.0,0.30363147276395425,1.0,0.33503207099551885,1.0,0.3279058361942129,1.0,0.36104605776736926,1.0,0.36233208443754,1.0
54,0.22352523098791754,1.0,0.3433663366336634,0.4,0.2053501180173092,1.0,0.22277556440903054,1.0,0.26107226107226106,1.0,0.2987900618823312,1.0,0.31288873531444367,1.0,0.16812289966394622,1.0,0.16578117964880684,1.0,0.1605752496106989,1.0,0.17830531970195806,1.0,0.19100437569960313,1.0,0.20259599783666846,1.0,0.28040973111395645,1.0,0.2925682031984948,1.0
55,0.14422600363456137,1.0,0.06449511400651466,0.0,0.1607709197365211,1.0,0.12494159424352864,1.0,0.15355733127948398,1.0,0.19933582399335825,1.0,0.18507417952944702,1.0,0.17068811438784628,1.0,0.16922507860181246,1.0,0.16089697220212876,1.0,0.15439342141735193,1.0,0.16399756740320293,1.0,0.17500770732709897,1.0,0.2744391025641026,1.0,0.36211031175059955,1.0
56,0.14193025141930252,1.0,0.06052694042250178,0.0,0.18563734290843806,1.0,0.1547798352086471,1.0,0.21867517956903432,1.0,0.34344509490863934,1.0,0.3581736649001223,1.0,0.2380247826891067,1.0,0.23498834916651729,1.0,0.2341338783852836,1.0,0.24235949837436135,1.0,0.283330021855752,1.0,0.3095921883974727,1.0,0.348411774488608,1.0,0.29463873765802345,1.0
57,,,,,,,,,,,,,,,,,,,,,,,,,,,,,,
58,0.32877943555635447,1.0,0.336986301369863,0.8,0.3690863127482846,1.0,0.3809958052161226,1.0,0.3257305773342837,1.0,0.37913108057927963,1.0,0.3801622418879056,1.0,0.3713542634218837,1.0,0.36989326463010674,1.0,0.38138825324180015,1.0,0.29010989010989013,1.0,0.3182651191203421,1.0,0.32946058091286307,1.0,0.35855263157894735,1.0,0.30833333333333335,1.0
59,0.3003090659340659,1.0,0.36164696911932903,1.0,0.41314633322068267,1.0,0.4144104418379046,1.0,0.3648135359116022,1.0,0.4415718717683557,1.0,0.43247743405485933,1.0,0.4300962379702537,1.0,0.415929203539823,1.0,0.42186800394018087,1.0,0.3250667355549815,1.0,0.37402597402597404,1.0,0.37960420414733453,1.0,0.3927581924142543,1.0,0.355989299514515,1.0
60,0.32875579086697554,1.0,-0.00608190295985944,0.0,0.32094536735742424,1.0,0.12851165570830841,1.0,0.13191160860754608,1.0,0.2273862108699827,1.0,0.24604051565377533,1.0,0.2591380250954719,1.0,0.2678783450543429,1.0,0.29688080207946527,1.0,0.29043478260869565,1.0,0.36389891696750903,1.0,0.3834006280843428,1.0,0.3984804820539691,1.0,0.32076826422545324,1.0
61,0.3256783035466247,1.0,0.010567766303692692,0.0,0.3432987078794021,1.0,0.20938594001324629,1.0,0.19528154087180905,1.0,0.2731675514575766,1.0,0.2753147235905857,1.0,0.2954008362115979,1.0,0.18321226795803067,1.0,0.14854945823138763,1.0,0.1910333300560417,1.0,0.20804635399584565,1.0,0.23535631211672658,1.0,0.28722627737226275,1.0,0.32214401732539255,1.0
62,0.11803546257140737,1.0,0.02000421141292904,0.0,0.2292358803986711,1.0,0.17468397386951726,1.0,0.19682110246871828,1.0,0.24088647670737223,1.0,0.24229533813699106,1.0,0.22555932793592756,1.0,0.15912961210974455,1.0,0.1448904070594933,1.0,0.1534784917684546,1.0,0.17660420215786485,1.0,0.1810548164921219,1.0,0.18238754981970012,1.0,0.19465361445783133,1.0
63,0.1288805268109125,1.0,0.1318242343541944,0.0,0.16082643123691637,1.0,0.16704805491990846,1.0,0.1929567131327953,1.0,0.23031262366442423,1.0,0.24211670895251902,1.0,0.15671402627924366,1.0,0.150482916190674,1.0,0.14834578441835647,1.0,0.1655667144906743,1.0,0.20718685831622177,1.0,0.24098750129118893,1.0,0.2982741116751269,1.0,0.3048941128787111,1.0
64,0.257451659207971,1.0,0.08274545605444435,0.0,0.31298299845440497,1.0,0.19046091327130787,1.0,0.1834918065951851,1.0,0.2446434282059482,1.0,0.25516956162117455,1.0,0.24682564261381232,1.0,0.19318898465419382,1.0,0.1781004100631719,1.0,0.16937079540957659,1.0,0.19772528433945757,1.0,0.21396617566830334,1.0,0.2911991765311374,1.0,0.20538259778766108,1.0
65,0.13962652047284563,1.0,0.0641025641025641,0.0,0.1604288132405492,1.0,0.1580547112462006,1.0,0.19925719591457752,1.0,0.21815579636066243,1.0,0.22319301032565528,1.0,0.17896522476675147,1.0,0.17036729611952686,1.0,0.15059588299024917,1.0,0.16019976949673453,1.0,0.19321472900289616,1.0,0.2125523012552301,1.0,0.26901995176496385,1.0,0.31205967675093244,1.0
66,0.1219142303479653,1.0,0.05931577651981294,0.0,0.15884910722546025,1.0,0.17110760375081235,1.0,0.20415545867730267,1.0,0.20507751534699822,1.0,0.2179128348660536,1.0,0.15253137170056252,1.0,0.1501203054712836,1.0,0.14322691975841242,1.0,0.1547939930689257,1.0,0.18609958506224067,1.0,0.20680243543984883,1.0,0.2661431064572426,1.0,0.3194328607172644,1.0
67,0.5567901234567901,1.0,0.5334597670008128,1.0,0.29346889539893156,1.0,0.26208914128377214,1.0,0.26472094214029696,1.0,0.18113948919449901,1.0,0.18599730717445662,1.0,0.1725438431076749,1.0,0.14671898844560716,1.0,0.13527075057495297,1.0,0.1354309165526676,1.0,0.14404009588145567,1.0,0.1534675615212528,1.0,0.16987179487179488,1.0,0.1739049394221808,1.0
68,0.3472690492245448,1.0,0.28830645161290325,0.46153846153846156,0.23569350145489815,1.0,0.23817097415506958,1.0,0.23121276186815298,1.0,0.3341708542713568,1.0,0.34027532650900105,1.0,0.35436893203883496,1.0,0.3513017968463513,1.0,0.39610150790731885,1.0,0.32054794520547947,1.0,0.40234375,1.0,0.42815832279052957,1.0,0.4770444763271162,1.0,0.4525627044711014,1.0
69,0.37006121313299944,1.0,0.33666547661549445,0.3333333333333333,0.20630132394838277,1.0,0.1953562850280224,1.0,0.1933387489845654,1.0,0.25489528350076623,1.0,0.266110183639399,1.0,0.2741412832145172,1.0,0.31613632084353227,1.0,0.4185966125129623,1.0,0.3500570125427594,1.0,0.38845822566752797,1.0,0.3694101270227945,1.0,0.4305293815316087,1.0,0.4377271225635943,1.0
70,0.35647246325482557,1.0,0.16371008616320323,0.0,0.2157156220767072,1.0,0.16227801592161667,1.0,0.224452218744246,1.0,0.27434891188012844,1.0,0.2856135401974612,1.0,0.2985814390702444,1.0,0.26740592619523723,1.0,0.351555136663525,1.0,0.30484140233722873,1.0,0.36239972096267875,1.0,0.39836009566108643,1.0,0.4514096185737977,1.0,0.4752948677080013,1.0
71,0.3293576418469927,1.0,0.11690731252911038,0.0,0.22615606936416185,1.0,0.25904590459045906,1.0,0.28828356905884406,1.0,0.4273801250868659,1.0,0.42895086321381143,1.0,0.4296155068319034,1.0,0.37345312764875405,1.0,0.40672782874617736,1.0,0.33812479581836,1.0,0.4078404401650619,1.0,0.44622905027932963,1.0,0.5102880658436214,1.0,0.4982716049382716,1.0
72,0.19564230594643667,1.0,0.11074574280681151,0.0,0.31875224094657584,1.0,0.2827636629501005,1.0,0.2897845726198749,1.0,0.347343841214244,1.0,0.3611269750618694,1.0,0.35319630397887986,1.0,0.3311523082515449,1.0,0.3394820858460447,1.0,0.288608435735636,1.0,0.33758639021796916,1.0,0.3146148308135349,1.0,0.3000868809730669,1.0,0.29424157303370785,1.0
73,0.35214959804264245,1.0,0.19382794335235679,0.0,0.15712338104976142,1.0,0.15156966807591976,1.0,0.18160273852365488,1.0,0.30675506181687867,1.0,0.30888527118498843,1.0,0.29071590315276086,1.0,0.1773442915140113,1.0,0.17246914818902379,1.0,0.16994304611427521,1.0,0.1857628474305139,1.0,0.20028265697557035,1.0,0.24324871042783452,1.0,0.24331926863572434,1.0
74,0.4178443013629902,1.0,0.24739177359395612,0.0,0.4892354636379047,1.0,0.5154520499424422,1.0,0.48052833404345974,1.0,0.5247379965878626,1.0,0.533517286154845,1.0,0.5271476537548112,1.0,0.5108456460232631,1.0,0.5287992190042304,1.0,0.40409474106784427,1.0,0.4668158732891452,1.0,0.4899328859060403,1.0,0.5065607426582166,1.0,0.48185411426518143,1.0
75,0.1943578322197476,1.0,0.16891577477896697,0.0,0.2687420584498094,1.0,0.29308666017526774,1.0,0.22166637916163534,1.0,0.3452798817661186,1.0,0.34213197969543147,1.0,0.34956744633130404,1.0,0.31633356305995863,1.0,0.33425081713401,1.0,0.2915422885572139,1.0,0.3369699102586662,1.0,0.35207780725022103,1.0,0.3991707500942329,1.0,0.40298507462686567,1.0
76,0.19285824226566106,1.0,0.19625866795678115,0.8181818181818182,0.30842391304347827,1.0,0.34171249018067557,1.0,0.3219103171709807,1.0,0.41383392524945034,1.0,0.4353795171216664,1.0,0.4013722126929674,1.0,0.3433962264150943,1.0,0.36002925580544887,1.0,0.3142472212866285,1.0,0.3633230545982224,1.0,0.36288186473600564,1.0,0.38878277478728945,1.0,0.39125855713533436,1.0
77,0.30122071923457605,1.0,0.21443442054129078,0.1111111111111111,0.17,1.0,0.1780590717299578,1.0,0.22138500179404377,1.0,0.24869029275808938,1.0,0.2162314484313357,1.0,0.21305395883552752,1.0,0.21963824289405684,1.0,0.23948811700182815,1.0,0.25591397849462366,1.0,0.30840429470566455,1.0,0.32292208918965815,1.0,0.37497987441635805,1.0,0.3961650958726032,1.0
78,0.15248329944815567,1.0,0.1401126200728718,1.0,0.2321719309671117,1.0,0.24344112263575352,1.0,0.3326822916666667,1.0,0.5163285858149906,1.0,0.5320881898609746,1.0,0.5281060824445085,1.0,0.5130237825594564,1.0,0.5111368238356957,1.0,0.4180315773941272,1.0,0.48911554270056323,1.0,0.5345260978855537,1.0,0.5534234627126036,1.0,0.5454005934718101,1.0
79,0.1502271727978895,1.0,0.09542356377799416,0.0,0.21379310344827587,1.0,0.2260677466863034,1.0,0.23876158824558336,1.0,0.4872385970689939,1.0,0.3486954865739859,1.0,0.29986739912862287,1.0,0.26719821991470427,1.0,0.29328478964401294,1.0,0.2663633181659083,1.0,0.3025830258302583,1.0,0.3307345096430037,1.0,0.38909634055265124,1.0,0.2852690629544982,1.0
80,0.14260302401423067,1.0,0.16246741963509992,0.8378378378378378,0.18045263368716202,1.0,0.24052788420604512,1.0,0.2244467860906217,1.0,0.43558706553691856,1.0,0.3955730096394145,1.0,0.23716951788491447,1.0,0.2263458401305057,1.0,0.27213647441104794,1.0,0.23321799307958477,1.0,0.2764026402640264,1.0,0.3210286188303608,1.0,0.38734083779295075,1.0,0.2514644351464435,1.0
81,0.1148153087078277,1.0,0.17282837391042982,1.0,0.17832492016070878,1.0,0.16412015383016318,1.0,0.16225377920293174,1.0,0.21953837895866882,1.0,0.22189931564638604,1.0,0.2142716341415336,1.0,0.24866893602164616,1.0,0.28976286871023715,1.0,0.30345963756177924,1.0,0.3745727956254272,1.0,0.4051497635312664,1.0,0.3131128012462201,1.0,0.15005500550055006,1.0
82,0.14315192158885737,1.0,0.15872321818976826,0.045454545454545456,0.37719298245614036,1.0,0.37704365413787294,1.0,0.35384615384615387,1.0,0.40400951410125724,1.0,0.4038818565400844,1.0,0.40279162512462613,1.0,0.39179586563307495,1.0,0.4143857415658816,1.0,0.32077840552416825,1.0,0.3655629139072848,1.0,0.3787050836231164,1.0,0.3734466971877044,1.0,0.32815854665565647,1.0
83,0.5110501693821584,1.0,0.27521056225813795,0.0,0.35064935064935066,1.0,0.3594641528156785,1.0,0.3627195836044242,1.0,0.3791339624305494,1.0,0.376940133037694,1.0,0.3403389830508475,1.0,0.2124414315621573,1.0,0.22610107570529733,1.0,0.2064121037463977,1.0,0.2022077270446563,1.0,0.2012036108324975,1.0,0.2277832512315271,1.0,0.2224302749581157,1.0
84,0.16862745098039217,1.0,0.17522910302693695,1.0,0.37405084186200066,1.0,0.20822821657287016,1.0,0.21822632272641687,1.0,0.26072374227714035,1.0,0.24823428079242033,1.0,0.248249649929986,1.0,0.22619270346117867,1.0,0.21983343017625412,1.0,0.19461622408148418,1.0,0.21102698505144632,1.0,0.23846153846153847,1.0,0.27445887445887446,1.0,0.2650957290132548,1.0
85,0.31209594303382365,1.0,0.3088566327718699,1.0,0.5263415429783069,1.0,0.5366881720430108,1.0,0.48527443105756357,1.0,0.5309203051452687,1.0,0.5315888155213173,1.0,0.5185061128789148,1.0,0.4976691850184858,1.0,0.5146075027521382,1.0,0.38461538461538464,1.0,0.4350343829171191,1.0,0.45088300220750555,1.0,0.45590745306277264,1.0,0.4262527130319902,1.0
86,0.3627646444507738,1.0,0.3631110416992035,0.9850746268656716,0.5862171174509078,1.0,0.608544767486697,1.0,0.5536493604213695,1.0,0.6081953410047712,1.0,0.6129760225669958,1.0,0.6069215979491561,1.0,0.5799429723902914,1.0,0.6148885461937473,1.0,0.4819767441860465,1.0,0.5487651116220426,1.0,0.5764636046597907,1.0,0.5953030303030303,1.0,0.5631188118811881,1.0
87,0.18952744012083722,1.0,0.2344585306247136,1.0,0.25645249862712793,1.0,0.29230207287005755,1.0,0.3094194001052447,1.0,0.45782335428382404,1.0,0.4648850217526414,1.0,0.4839797639123103,1.0,0.4999253619943275,1.0,0.5460479748328746,1.0,0.44193130759271954,1.0,0.5194418312950768,1.0,0.5638994668697639,1.0,0.6060516167309403,1.0,0.5864179104477611,1.0
88,0.16549240645060279,1.0,0.2505643340857788,1.0,0.2800763844684914,1.0,0.2562254259501966,1.0,0.2848287112561175,1.0,0.453515494835055,1.0,0.45556986477784933,1.0,0.2967112396096856,1.0,0.2679467220204117,1.0,0.27770083102493076,1.0,0.24483133841131666,1.0,0.26461843409316155,1.0,0.29989969909729186,1.0,0.3118357052783282,1.0,0.33651172030194676,1.0
89,0.28647746243739564,1.0,0.34367927578402846,1.0,0.22735825901988055,1.0,0.22765685019206147,1.0,0.2690440314749707,1.0,0.32931999321688993,1.0,0.3361508452535761,1.0,0.30212438719600115,1.0,0.3040908671160772,1.0,0.32376514445479965,1.0,0.27962596655277827,1.0,0.34039507586601775,1.0,0.3687821612349914,1.0,0.3958486407053637,1.0,0.4079682028958077,1.0
90,0.14276875483372004,1.0,0.162297824874512,1.0,0.39879179783884966,1.0,0.39506281296670476,1.0,0.383474034279867,1.0,0.46047396644179206,1.0,0.4701480126392816,1.0,0.4380465841198372,1.0,0.4178340743226239,1.0,0.453302571990088,1.0,0.3550021105951878,1.0,0.4062331111511439,1.0,0.4373033707865169,1.0,0.4635553224960671,1.0,0.40295975115467997,1.0
91,0.19739450580572077,1.0,0.23288508557457213,1.0,0.49006316438145126,1.0,0.4247967479674797,1.0,0.398042143686743,1.0,0.4603229130882858,1.0,0.4715163594087361,1.0,0.4632450331125828,1.0,0.4190899760520014,1.0,0.44881889763779526,1.0,0.3525619273837801,1.0,0.4058940517085518,1.0,0.4388307470227355,1.0,0.4595941616233535,1.0,0.42325056433408575,1.0
92,0.18980667838312829,1.0,0.23268739672525163,1.0,0.4885738631962197,1.0,0.3963712491277041,1.0,0.3843054972723458,1.0,0.4588572875348131,1.0,0.47415432966669424,1.0,0.4710257458111974,1.0,0.42194771131229375,1.0,0.4476873186550606,1.0,0.34683458134785566,1.0,0.40688786979588165,1.0,0.4428289355591456,1.0,0.4539174695509907,1.0,0.43053236876275275,1.0
93,0.1604902458481398,1.0,0.0949561922803694,0.0,0.4590100839042414,1.0,0.36836527422061294,1.0,0.3487006820340154,1.0,0.5003153579312519,1.0,0.5023241400681748,1.0,0.48250692172162096,1.0,0.46398390342052315,1.0,0.49677731227844024,1.0,0.39752144899904673,1.0,0.46369092907261816,1.0,0.4907625125965737,1.0,0.5403935370340746,1.0,0.5110417863886381,1.0
94,0.1741135315630466,1.0,0.08877551020408163,0.0,0.42021614748887476,1.0,0.2765876777251185,1.0,0.27748500817735783,1.0,0.3650115678946432,1.0,0.3740483843681272,1.0,0.3504664001522939,1.0,0.3450973258140804,1.0,0.35006655257653546,1.0,0.2938841782428288,1.0,0.3563308506468052,1.0,0.38011464716347104,1.0,0.43317535545023694,1.0,0.42645698427382056,1.0
95,0.20268210911307527,1.0,0.13932526397115633,0.0,0.263836114323476,1.0,0.33687178636589815,1.0,0.36357702349869453,1.0,0.4421530933240126,1.0,0.36523181699118135,1.0,0.23535307517084283,1.0,0.2389750740805299,1.0,0.23595270482368944,1.0,0.23810430148458317,1.0,0.2508790072388831,1.0,0.2546036829463571,1.0,0.24055944055944056,1.0,0.17161447742984953,1.0
96,0.11989354624085163,1.0,0.10563713879677877,0.0,0.35701305137948125,1.0,0.3066843589318295,1.0,0.3089005235602094,1.0,0.40733266061217627,1.0,0.36221662468513854,1.0,0.36613844870725604,1.0,0.3674297775612924,1.0,0.38371904838970705,1.0,0.31894329896907214,1.0,0.359810714889302,1.0,0.3661423981058684,1.0,0.36223118279569894,1.0,0.33299267586441833,1.0
97,0.37090032154340835,1.0,0.22944400939702428,0.0,0.2795436022819886,1.0,0.3318131914534245,1.0,0.29925311203319505,1.0,0.4139344262295082,1.0,0.42392954752505313,1.0,0.4378936186357083,1.0,0.4386307334284213,1.0,0.47088512241054614,1.0,0.39526948429623887,1.0,0.45548303923938444,1.0,0.47242321916706864,1.0,0.4442013129102845,1.0,0.42783642331233923,1.0
98,0.1615881809787627,1.0,0.09791183294663573,0.0,0.24121075390110924,1.0,0.2774798927613941,1.0,0.29422581831555716,1.0,0.3821971638475995,1.0,0.3723055699258493,1.0,0.3721590909090909,1.0,0.33487462208785346,1.0,0.3596231024254057,1.0,0.30455153949129854,1.0,0.3149562302104675,1.0,0.3338292728287149,1.0,0.33383345836459116,1.0,0.36126452104361073,1.0
99,0.2636604774535809,1.0,0.20305480682839172,0.0,0.2597938144329897,1.0,0.3203497615262321,1.0,0.3822669697953881,1.0,0.4985172981878089,1.0,0.49397977203403437,1.0,0.4773642661511197,1.0,0.41635812857623694,1.0,0.43508655126498,1.0,0.341405987218298,1.0,0.3939393939393939,1.0,0.427907807754154,1.0,0.4389413988657845,1.0,0.47626666666666667,1.0
100,0.17288135593220338,1.0,0.20466019417475728,0.03333333333333333,0.15606307775965197,1.0,0.14301450339636498,1.0,0.16781442551649148,1.0,0.2988252569750367,1.0,0.29814366424535915,1.0,0.21706304265760665,1.0,0.20420747188973523,1.0,0.2117001828153565,1.0,0.2166608330416521,1.0,0.25208681135225375,1.0,0.27399779330636265,1.0,0.3123262279888786,1.0,0.3078767755026748,1.0
101,0.16207209936382913,1.0,0.23304708320994966,0.8888888888888888,0.37641092753149025,1.0,0.4389525368248772,1.0,0.4258434118395926,1.0,0.4295811980915356,1.0,0.43037752414398595,1.0,0.4207017543859649,1.0,0.20705521472392638,1.0,0.17187789084181312,1.0,0.16830985915492958,1.0,0.18811513463324048,1.0,0.16646610509426393,1.0,0.1758704812597028,1.0,0.18040577590934015,1.0
102,0.2213870592793491,1.0,0.14772214704555706,0.16666666666666666,0.3553580412544021,1.0,0.3671827696566041,1.0,0.3303919024137036,1.0,0.361262050832603,1.0,0.3563335024522239,1.0,0.35290731145653426,1.0,0.3478827361563518,1.0,0.3678349164755978,1.0,0.2846028896298196,1.0,0.3310544307125953,1.0,0.26373725525579716,1.0,0.21592649310872894,1.0,0.18802255492902975,1.0
103,0.12309955860716038,1.0,0.12575331458417036,0.2777777777777778,0.5966689798750867,1.0,0.6286107290233838,1.0,0.5724917309812569,1.0,0.6135447460360118,1.0,0.6198744490450113,1.0,0.6127636560302866,1.0,0.5742971887550201,1.0,0.6067521944632005,1.0,0.48558634200951584,1.0,0.5532311219372403,1.0,0.5678726483357452,1.0,0.5878020035356512,1.0,0.5586910837586311,1.0
104,0.12569395017793594,1.0,0.06211474632527264,0.0,0.42900716791215493,1.0,0.2546583850931677,1.0,0.27033575631706475,1.0,0.3974403320650294,1.0,0.4045161290322581,1.0,0.36992084432717676,1.0,0.36183876964678047,1.0,0.3800738007380074,1.0,0.3229308005427408,1.0,0.38692927484333034,1.0,0.41939986043265876,1.0,0.44579993028929943,1.0,0.4366391184573003,1.0
105,0.529431054271192,1.0,0.3232227488151659,0.0,0.43302180685358255,1.0,0.45503116651825465,1.0,0.45246770453792645,1.0,0.5613020991785823,1.0,0.5606777591207449,1.0,0.5568026694979523,1.0,0.5403871343327027,1.0,0.5835624366951238,1.0,0.46408999134698586,1.0,0.5478825438984801,1.0,0.5723895875987131,1.0,0.5998224063933698,1.0,0.5761470632192497,1.0
106,0.3838647848057153,1.0,0.19618583891255834,0.42857142857142855,0.5203047742563022,1.0,0.5308600337268128,1.0,0.4703879059722568,1.0,0.5206004731989883,1.0,0.5253471101065548,1.0,0.5108328527885329,1.0,0.484819734345351,1.0,0.4930699643123911,1.0,0.3696575856035991,1.0,0.41930265995686555,1.0,0.43670656510700034,1.0,0.4443719108458454,1.0,0.416797271134876,1.0
107,0.1939695368355611,1.0,0.1708314402544298,0.0,0.3177257525083612,1.0,0.3726090283091048,1.0,0.23957322987390883,1.0,0.29300020648358455,1.0,0.2945354113237325,1.0,0.31884908984145627,1.0,0.25551020408163266,1.0,0.2693048128342246,1.0,0.22389240506329114,1.0,0.29119538700377023,1.0,0.3359562841530055,1.0,0.4106583072100313,1.0,0.4599171320482796,1.0
108,0.3674950117903138,1.0,0.21347248576850095,0.0,0.4551259311812699,1.0,0.4647704034207102,1.0,0.41442998817214083,1.0,0.473459209120057,1.0,0.4788458134183041,1.0,0.46609868654597086,1.0,0.4441140458282316,1.0,0.4375402743256927,1.0,0.3225433526011561,1.0,0.3721244925575101,1.0,0.38212964765427293,1.0,0.3880157170923379,1.0,0.33278889342588813,1.0
109,0.16266486303686167,1.0,0.13505074160811867,0.3,0.4268311728877089,1.0,0.46066718386346006,1.0,0.47218670076726343,1.0,0.5343085507464937,1.0,0.5489649097048892,1.0,0.5462773722627737,1.0,0.520397718964761,1.0,0.44543582704186685,1.0,0.3658862876254181,1.0,0.4390708961691801,1.0,0.4542916957431961,1.0,0.4854434664861205,1.0,0.4609429978888107,1.0
110,0.43543131538329616,1.0,0.29429261944599366,0.08333333333333333,0.40783534934103627,1.0,0.422441617619138,1.0,0.3852111377466347,1.0,0.43580269721041937,1.0,0.43891236450486865,1.0,0.43335151845790143,1.0,0.3856280855732309,1.0,0.36958174904942964,1.0,0.27617657789128053,1.0,0.327962271566123,1.0,0.3353186420488386,1.0,0.3456147376852223,1.0,0.312636815920398,1.0
111,0.1424853610930384,1.0,0.09420289855072464,0.0,0.41212305817849526,1.0,0.4422134387351779,1.0,0.46650007808839605,1.0,0.527431234029761,1.0,0.5371852714306505,1.0,0.5343731946851531,1.0,0.4936671575846834,1.0,0.42977085884205,1.0,0.34301147873058746,1.0,0.4077115315958586,1.0,0.43668888109435283,1.0,0.46464820230517806,1.0,0.44658620068456134,1.0
112,0.11677376467981387,1.0,0.14113571320982077,1.0,0.1543462557187575,1.0,0.1703727662327161,1.0,0.2680960825407061,1.0,0.29665373861278976,1.0,0.2632146709816613,1.0,0.27857777777777776,1.0,0.1621841890790546,1.0,0.13127117717783365,1.0,0.164,1.0,0.18543117300482057,1.0,0.1826269970343442,1.0,0.15316079762409843,1.0,0.14627300135149185,1.0
113,0.1468175388967468,1.0,0.13422450100714156,0.7692307692307693,0.24428822495606328,1.0,0.25853658536585367,1.0,0.36494776985574534,1.0,0.28604944955784156,1.0,0.20696178584941355,1.0,0.19076005961251863,1.0,0.20071942446043164,1.0,0.2033527696793003,1.0,0.20127118644067796,1.0,0.22746465944556638,1.0,0.24662038728534894,1.0,0.2878338278931751,1.0,0.33230054221533695,1.0
114,0.13815135595626862,1.0,0.1518058690744921,1.0,0.23781604983510443,1.0,0.27118331179619715,1.0,0.29384724186704386,1.0,0.48195669607056935,1.0,0.5051293829428878,1.0,0.5016223231667748,1.0,0.4917773561037318,1.0,0.5213941185623152,1.0,0.4082618862042089,1.0,0.4825401981484489,1.0,0.522282782943251,1.0,0.5560488346281909,1.0,0.5229591836734694,1.0
115,0.13620868534163333,1.0,0.22243713733075435,1.0,0.48763758175147554,1.0,0.4843462246777164,1.0,0.18614718614718614,1.0,0.2183745583038869,1.0,0.2325418994413408,1.0,0.2605042016806723,1.0,0.33748157851645655,1.0,0.42111801242236024,1.0,0.18331822302810516,1.0,0.21140684410646388,1.0,0.22399250234301782,1.0,0.2529226201521618,1.0,0.25434902032594764,1.0
116,0.14412972371076624,1.0,0.16181805249306494,1.0,0.28075606974091577,1.0,0.3381212764221007,1.0,0.35495466056694713,1.0,0.50219120272683,1.0,0.5027124773960217,1.0,0.5036915504511895,1.0,0.4853142351331778,1.0,0.501888612071044,1.0,0.4064102564102564,1.0,0.4701162600294744,1.0,0.5097314609509731,1.0,0.5480207916833266,1.0,0.5162768266216542,1.0
117,0.5381803734604688,1.0,0.5083936126654838,1.0,0.14937533948940793,1.0,0.12572944297082228,1.0,0.14085983921705697,1.0,0.205205033815598,1.0,0.21068650659452148,1.0,0.21359867330016583,1.0,0.18744650499286733,1.0,0.1808860514606307,1.0,0.16645303058047978,1.0,0.1811522470797862,1.0,0.19030732860520094,1.0,0.2125637691307392,1.0,0.23395149786019973,1.0
118,0.12669750783465156,1.0,0.15244642135058634,1.0,0.20200595517943895,1.0,0.14759093505998858,1.0,0.1841862183631997,1.0,0.30688134943454093,1.0,0.3126091512399581,1.0,0.31573865465078854,1.0,0.35382685069008785,1.0,0.20473022912047303,1.0,0.1820864433258115,1.0,0.1729498639720171,1.0,0.1662473388813625,1.0,0.17624373312765138,1.0,0.18792386786261212,1.0
119,0.5698795180722892,1.0,0.4485544754450196,0.75,0.1919634703196347,1.0,0.17992831541218637,1.0,0.19756185012549302,1.0,0.2780984719864177,1.0,0.2822417285617826,1.0,0.2948247078464107,1.0,0.23478260869565218,1.0,0.23064708217546645,1.0,0.21245421245421245,1.0,0.23171946602908947,1.0,0.23454287451854855,1.0,0.265173116089613,1.0,0.25248344370860926,1.0
120,0.16771300448430493,1.0,0.1520665453600208,0.0,0.21085427135678392,1.0,0.22032374100719423,1.0,0.24022770398481974,1.0,0.40973088576011407,1.0,0.4036134011576916,1.0,0.3856691253951528,1.0,0.41429864253393667,1.0,0.4475930351655855,1.0,0.3773841961852861,1.0,0.45020343180612066,1.0,0.4792375765827093,1.0,0.5006849315068493,1.0,0.47882960413080894,1.0
121,0.5100288898060256,1.0,0.3192605218303396,0.34375,0.42322557976106817,1.0,0.44618792689680636,1.0,0.4233874468269815,1.0,0.5422776911076443,1.0,0.539568345323741,1.0,0.5289763779527559,1.0,0.5301769777643321,1.0,0.5486624495084216,1.0,0.44171171857153735,1.0,0.5157498824635637,1.0,0.541824947670362,1.0,0.5652242452904548,1.0,0.5320543565147882,1.0
122,0.12612938200216842,1.0,0.10171154475089939,0.0,0.20672921384665158,1.0,0.1995421594811141,1.0,0.19558599695585996,1.0,0.330498384078925,1.0,0.31666125365378367,1.0,0.3006666666666667,1.0,0.3149171270718232,1.0,0.3450130095403296,1.0,0.29564652371669914,1.0,0.3228081961706416,1.0,0.35479230354252833,1.0,0.3867334167709637,1.0,0.3897085282475711,1.0
123,0.11569408639950005,1.0,0.1423948220064725,0.125,0.46791207021499315,1.0,0.49433650268706075,1.0,0.4702258726899384,1.0,0.5647531992687386,1.0,0.5682953311617807,1.0,0.5632984901277585,1.0,0.5447647951441578,1.0,0.5720997470184315,1.0,0.4607168983174835,1.0,0.5290245362058648,1.0,0.5498002071925411,1.0,0.5891006594680774,1.0,0.551109439638962,1.0
124,0.24206318702436774,1.0,0.2782332716212642,1.0,0.1733833177132146,1.0,0.1701191370612858,1.0,0.27445887445887446,1.0,0.29023515344758866,1.0,0.27117066815559276,1.0,0.27011546504227657,1.0,0.28138222849083216,1.0,0.33980767399790535,1.0,0.3091130859034675,1.0,0.3495333685508012,1.0,0.3473163729165005,1.0,0.3485281619408174,1.0,0.38857720960176584,1.0
125,0.12048582995951417,1.0,0.13006041247135616,1.0,0.14782608695652175,1.0,0.19729316039635866,1.0,0.2899958488999585,1.0,0.26266786034019696,1.0,0.2516172965611168,1.0,0.2295553699062471,1.0,0.25539729463405897,1.0,0.27825849348756715,1.0,0.28529485781394176,1.0,0.3401721290098235,1.0,0.37711682283159975,1.0,0.41556559543090954,1.0,0.40123833609488097,1.0
126,0.26529347994424657,1.0,0.245908489449126,1.0,0.408767576509512,1.0,0.4391052195526098,1.0,0.16555135292406167,1.0,0.2723029976664872,1.0,0.26502245953046866,1.0,0.2789785529500125,1.0,0.33046792636444733,1.0,0.3670387393302692,1.0,0.16775126536514823,1.0,0.17382098171318575,1.0,0.16751856495322595,1.0,0.16789453276463745,1.0,0.15584920326467158,1.0
127,0.40768880109405864,1.0,0.38370017846519927,1.0,0.4261046216353479,1.0,0.46193592834998276,1.0,0.40655509065550904,1.0,0.47658018457252305,1.0,0.48035837353549277,1.0,0.47448275862068967,1.0,0.4627887082976903,1.0,0.49853017464983573,1.0,0.38228359717076454,1.0,0.4177754124534327,1.0,0.35836793645062287,1.0,0.3794480755265069,1.0,0.33575317604355714,1.0
128,0.24472295514511874,1.0,0.10723192019950124,1.0,0.20808823529411766,1.0,0.22767203513909223,1.0,0.2711360056012603,1.0,0.4880164681664461,1.0,0.509874826147427,1.0,0.5298274222041038,1.0,0.5509138381201044,1.0,0.5984301810355741,1.0,0.48164383561643836,1.0,0.5665902037511806,1.0,0.6043585419639382,1.0,0.6329309016182892,1.0,0.6055045871559633,1.0
129,0.1363243498074959,1.0,0.11391920352287957,1.0,0.19160052245554104,1.0,0.16554369233958743,1.0,0.17155691484277932,1.0,0.2682766551667488,1.0,0.2839287154261753,1.0,0.19858365299498376,1.0,0.1927410509522385,1.0,0.2308285163776493,1.0,0.18877551020408162,1.0,0.20524457892082704,1.0,0.20229237884576715,1.0,0.2305561052839897,1.0,0.22099054205227295,1.0
130,0.12133513757329725,1.0,0.11108232398471403,1.0,0.3442455242966752,1.0,0.13145948034386168,1.0,0.14215407912171116,1.0,0.22834148650781128,1.0,0.16179255207237533,1.0,0.15198689061859894,1.0,0.15923321452653888,1.0,0.15068198904521535,1.0,0.18508261792670544,1.0,0.21636448163644817,1.0,0.26485306159585115,1.0,0.427281410089433,1.0,0.463668430335097,1.0
131,0.16049585419916262,1.0,0.19517388218594747,1.0,0.4688842909438167,1.0,0.46135562658798457,1.0,0.3850685969194512,1.0,0.40922087205146535,1.0,0.40671908506075766,1.0,0.3949129852744311,1.0,0.36481531168947323,1.0,0.36406293127242617,1.0,0.2860768672951414,1.0,0.3176722877473438,1.0,0.3291278662260939,1.0,0.3479547077425278,1.0,0.20640683395621998,1.0
132,0.3704175964297099,1.0,0.30487192365645405,1.0,0.3118003303358414,1.0,0.297566583636712,1.0,0.352112676056338,1.0,0.4705281090289608,1.0,0.4541340295909487,1.0,0.4411562284927736,1.0,0.43596638655462183,1.0,0.46545024497381315,1.0,0.3967578188963485,1.0,0.4531594104692529,1.0,0.48322147651006714,1.0,0.5058623619371283,1.0,0.4757969303423849,1.0
133,0.4591980028085505,1.0,0.3873845672249178,1.0,0.24627587541110466,1.0,0.21750920007747435,1.0,0.2762660619803477,1.0,0.4015233949945593,1.0,0.27490542244640603,1.0,0.2612502545306455,1.0,0.25883514313919054,1.0,0.261639884631232,1.0,0.24875048058439062,1.0,0.28565689031739655,1.0,0.30228172732415615,1.0,0.2696245733788396,1.0,0.2657299938912645,1.0
134,0.30589307411907657,1.0,0.4151847842894696,1.0,0.4605851979345955,1.0,0.4696943231441048,1.0,0.41208603618982587,1.0,0.4827412022225964,1.0,0.4960918010976218,1.0,0.5059436573847907,1.0,0.4950652658389048,1.0,0.5273015873015873,1.0,0.42902915732137137,1.0,0.4982716049382716,1.0,0.5354691075514875,1.0,0.5800734472297621,1.0,0.5242188791535791,1.0
135,0.184975194897236,1.0,0.2722796651895618,0.9824561403508771,0.27553775956793,1.0,0.2417625268083447,1.0,0.27283653846153844,1.0,0.31470702367093517,1.0,0.3167474618128601,1.0,0.3077697446691681,1.0,0.2593164703610736,1.0,0.2666939778779189,1.0,0.25212835625409297,1.0,0.2929532858273951,1.0,0.3028356881731054,1.0,0.3125802944955035,1.0,0.2922204847537138,1.0
136,0.19043539216449878,1.0,0.20770455751876848,0.8695652173913043,0.2744630071599045,1.0,0.29963973237261965,1.0,0.3058157870327428,1.0,0.41462982642578816,1.0,0.41047165729121593,1.0,0.4127107652399481,1.0,0.3224023915209711,1.0,0.33489198541101656,1.0,0.29902222222222224,1.0,0.3509477311889719,1.0,0.36844102856058447,1.0,0.4086307938199254,1.0,0.41015828839798224,1.0
137,0.10740474478792236,1.0,0.14091680814940577,0.8367346938775511,0.4718792866941015,1.0,0.559838056680162,1.0,0.519950890116636,1.0,0.6154363318542423,1.0,0.6210750399148484,1.0,0.6175923465320223,1.0,0.5923769190047644,1.0,0.6337119256582344,1.0,0.49794238683127573,1.0,0.5810755054325403,1.0,0.6081081081081081,1.0,0.6331617447846112,1.0,0.6069459757442117,1.0
138,0.10017730496453901,1.0,0.11535358967464372,1.0,0.42243116185359303,1.0,0.46961531313882177,1.0,0.4588545095457538,1.0,0.5812419331708016,1.0,0.5830600313703123,1.0,0.5766008803066875,1.0,0.5548953027730616,1.0,0.5916056882507248,1.0,0.4767309875141884,1.0,0.5458490020248771,1.0,0.5726027397260274,1.0,0.5989672977624785,1.0,0.5783426683900618,1.0
139,0.27218934911242604,1.0,0.06350710900473934,0.375,0.3624632103237492,1.0,0.38923239330417736,1.0,0.33448818897637794,1.0,0.22753346080305928,1.0,0.172059214608634,1.0,0.14962385065477848,1.0,0.15833484820941646,1.0,0.1330197554092192,1.0,0.14577105679620186,1.0,0.1478819969742814,1.0,0.15394811588714258,1.0,0.17542533081285444,1.0,0.19271623672230653,1.0
140,0.25814234016887816,1.0,0.08793045804078903,0.625,0.44633398383049905,1.0,0.4489358663048136,1.0,0.41317365269461076,1.0,0.2083989501312336,1.0,0.2086594504579517,1.0,0.20045172219085264,1.0,0.2020573108008817,1.0,0.1820641669887901,1.0,0.17587939698492464,1.0,0.2079954742598529,1.0,0.19178863333966925,1.0,0.1860419525583219,1.0,0.20061668915012526,1.0
141,0.12150650127036318,1.0,0.11751937984496125,0.7333333333333333,0.15613211887018125,1.0,0.1597710854676799,1.0,0.19217049300283545,1.0,0.3254382693024991,1.0,0.2855467833971703,1.0,0.2755700325732899,1.0,0.2737679992845005,1.0,0.30091460653807844,1.0,0.281879785267975,1.0,0.3626830420406235,1.0,0.39495481927710846,1.0,0.4448513755216762,1.0,0.4550149950016661,1.0
142,0.11500291885580852,1.0,0.13033579965850883,0.11538461538461539,0.15201729106628242,1.0,0.1524379191589632,1.0,0.18706199460916442,1.0,0.3259232699892435,1.0,0.29376854599406527,1.0,0.2911222780569514,1.0,0.29760468723074274,1.0,0.3489030431705591,1.0,0.3178086781705478,1.0,0.3823631927500871,1.0,0.4273235499650594,1.0,0.4919698459521468,1.0,0.49661617789236223,1.0
143,0.24480406155798826,1.0,0.22402485329651364,0.5,0.15211771724000794,1.0,0.12206952303961197,1.0,0.13616782168945496,1.0,0.20932697403285638,1.0,0.2214261344251109,1.0,0.14987621405446583,1.0,0.16225289071242074,1.0,0.16004455997029335,1.0,0.16634665735730494,1.0,0.19553903345724907,1.0,0.22817314746881878,1.0,0.2845060284326075,1.0,0.30610041389238796,1.0
144,0.09565217391304348,1.0,0.09688531649203387,0.9298245614035088,0.43776143083802105,1.0,0.5003691126531817,1.0,0.47666320936435025,1.0,0.45651836924507827,1.0,0.4517096580683863,1.0,0.4420717855520218,1.0,0.4255054432348367,1.0,0.3768413840356286,1.0,0.30672823218997364,1.0,0.36342957130358705,1.0,0.39616724738675957,1.0,0.4320728291316527,1.0,0.4340145479736751,1.0
145,0.16439008894536214,1.0,0.07555913761837599,0.0,0.1916402313864527,1.0,0.20602352941176472,1.0,0.24883804075795496,1.0,0.400920887400586,1.0,0.4008782435129741,1.0,0.388529886914378,1.0,0.29525371230755215,1.0,0.31105445274084864,1.0,0.24717823081634438,1.0,0.29421016416003143,1.0,0.3349935252515191,1.0,0.39630194433854365,1.0,0.4056820187047821,1.0
146,0.2546664502515825,1.0,0.042097488921713444,0.0,0.22291207690767073,1.0,0.28859834647183236,1.0,0.29780564263322884,1.0,0.4187105816398038,1.0,0.3154080854309687,1.0,0.30341643582640815,1.0,0.26575931232091693,1.0,0.24086529721868752,1.0,0.20360735345126604,1.0,0.2261640798226164,1.0,0.23348837209302326,1.0,0.2469396369776277,1.0,0.24446058844896476,1.0
147,0.12670237184391736,1.0,0.09708503974945797,0.0,0.21334448860071115,1.0,0.26711358700783683,1.0,0.26907233481627946,1.0,0.38167668906968516,1.0,0.3038270796294564,1.0,0.27672327672327673,1.0,0.2151487826871055,1.0,0.2322587290143166,1.0,0.21635810997513125,1.0,0.2423326924837499,1.0,0.22058823529411764,1.0,0.1765094755398854,1.0,0.17615409447971592,1.0
148,0.15467568002575247,1.0,0.06915113871635611,0.0,0.4289344132126409,1.0,0.5484681853888452,1.0,0.509501720784079,1.0,0.49155193992490614,1.0,0.4185800070646415,1.0,0.37973568281938325,1.0,0.273223050354481,1.0,0.24487842236262683,1.0,0.19635369188696444,1.0,0.22109375,1.0,0.23988269794721406,1.0,0.25528169014084506,1.0,0.25830402500976946,1.0
149,0.12550720582062405,1.0,0.1943187356401866,1.0,0.16351330564528535,1.0,0.19394601341863005,1.0,0.20928233777395788,1.0,0.3533647435327585,1.0,0.3440270156184044,1.0,0.3365087323472884,1.0,0.3402601652622106,1.0,0.35567908404546583,1.0,0.26971905971004995,1.0,0.29718004338394793,1.0,0.30076896190143304,1.0,0.2844896155545736,1.0,0.2564102564102564,1.0
150,0.14290255921157208,1.0,0.17548579970104633,0.6470588235294118,0.1983640081799591,1.0,0.21118359739049394,1.0,0.23740747427333453,1.0,0.3787684999086424,1.0,0.3789455724279133,1.0,0.3777556771092326,1.0,0.25072254335260113,1.0,0.23112215637545402,1.0,0.20686034301715087,1.0,0.23415459845777695,1.0,0.2518225369714643,1.0,0.3145345220816919,1.0,0.32009221493172546,1.0
151,0.3866575901974132,1.0,0.5411877394636015,0.09090909090909091,0.3217094017094017,1.0,0.29612561870626386,1.0,0.29494712103407755,1.0,0.3998949027850762,1.0,0.4032506415739949,1.0,0.29809104258443464,1.0,0.2139231327048586,1.0,0.15693361232642192,1.0,0.151903237282106,1.0,0.15315315315315314,1.0,0.1479245283018868,1.0,0.1448803827751196,1.0,0.14323160456843287,1.0
152,0.24138434579439252,1.0,0.3022241604884431,1.0,0.3458323188052918,1.0,0.32716650438169426,1.0,0.3206818912833709,1.0,0.35278372591006424,1.0,0.19946375562577803,1.0,0.18062900083495687,1.0,0.17065390749601275,1.0,0.14293942593836997,1.0,0.14760546759760054,1.0,0.1643352909770422,1.0,0.19548648916163516,1.0,0.2015258855585831,1.0,0.2692554851739649,1.0
153,0.2710901173518341,1.0,0.30954453147664635,1.0,0.31878422347432744,1.0,0.42128230949983214,1.0,0.42123152319974705,1.0,0.5059461086858347,1.0,0.4836121413973204,1.0,0.46715878276589334,1.0,0.4086368526202551,1.0,0.40201706749418153,1.0,0.28688393000481616,1.0,0.31909234477599535,1.0,0.3512642117766842,1.0,0.16406329760081675,1.0,0.18623962040332148,1.0
154,0.20933278755628326,1.0,0.06719524281466799,0.0,0.5768732921041277,1.0,0.5974035553588553,1.0,0.5407257773609407,1.0,0.589707237541646,1.0,0.5910360134602993,1.0,0.5806962025316456,1.0,0.5478559667835923,1.0,0.5743929983060417,1.0,0.4467899891186072,1.0,0.5243356225739026,1.0,0.5418055134807634,1.0,0.5646950092421442,1.0,0.5385926844389337,1.0
155,0.12040332147093713,1.0,0.1433146517213771,0.0,0.18130173673105016,1.0,0.19198806733432772,1.0,0.22625698324022347,1.0,0.3522707943527811,1.0,0.27615140779414504,1.0,0.2664692820133235,1.0,0.2552026286966046,1.0,0.22818003913894325,1.0,0.22799343903772554,1.0,0.2483323804078521,1.0,0.2550491510277033,1.0,0.29325410695560994,1.0,0.3250302715793115,1.0
156,0.16002960769800148,1.0,0.16409358586662423,0.0,0.3243198130529127,1.0,0.32408834103749357,1.0,0.3412306679828891,1.0,0.33395279687790375,1.0,0.33459617702772515,1.0,0.31725800895625217,1.0,0.32771977096665544,1.0,0.3521970705725699,1.0,0.22574257425742575,1.0,0.26286701208981,1.0,0.2774635818337618,1.0,0.3027834351663272,1.0,0.26379542395693134,1.0
157,0.12353823088455772,1.0,0.14944889436571507,1.0,0.2347022925944252,1.0,0.1877121520706042,1.0,0.1992644600468071,1.0,0.2966666666666667,1.0,0.24631871097062677,1.0,0.20543847722637662,1.0,0.23320670805151486,1.0,0.3158946412352407,1.0,0.2507968461667505,1.0,0.2917587085811385,1.0,0.32036535859269283,1.0,0.37128094007833984,1.0,0.36209740428856674,1.0
158,0.21511351008096524,1.0,0.24740124740124741,1.0,0.2788020427594564,1.0,0.22710428798305982,1.0,0.19993090940495725,1.0,0.24836125273124546,1.0,0.24851324562984323,1.0,0.24376336421952957,1.0,0.2705861979392155,1.0,0.32977913175932977,1.0,0.1362088535754824,1.0,0.13763551884357253,1.0,0.1377768534886139,1.0,0.14853358561967833,1.0,0.1514669318746892,1.0
159,0.384194377643254,1.0,0.35038520801232664,0.6923076923076923,0.25848032564450474,1.0,0.1878277314536233,1.0,0.18224498506188647,1.0,0.23983811367235616,1.0,0.24728000696318217,1.0,0.2535223441956954,1.0,0.31067719152471956,1.0,0.38559561254939917,1.0,0.13286979712353558,1.0,0.14123124676668392,1.0,0.1329720716965402,1.0,0.14193615472600604,1.0,0.1409369825655011,1.0
160,0.1984353843839326,1.0,0.18928788800973828,0.23809523809523808,0.18084291187739462,1.0,0.18649935093033318,1.0,0.22092376182526433,1.0,0.4309595453025744,1.0,0.3948462177888612,1.0,0.17864967138020316,1.0,0.1869313482216708,1.0,0.1788424019076523,1.0,0.1845102505694761,1.0,0.2232710460412252,1.0,0.17754052985369712,1.0,0.2086637014117192,1.0,0.21722560975609756,1.0
161,0.09942069829340848,1.0,0.14887868143744934,0.0,0.2386381631037213,1.0,0.18271558949525052,1.0,0.24165931156222417,1.0,0.3726775956284153,1.0,0.37620152469340407,1.0,0.38575572027070576,1.0,0.24159470880029396,1.0,0.21535648994515538,1.0,0.19804741980474197,1.0,0.2331913317280978,1.0,0.25304765422977465,1.0,0.2618867924528302,1.0,0.257612553708201,1.0
162,0.1182302456348032,1.0,0.0784313725490196,0.0,0.2245129563079251,1.0,0.235695339143615,1.0,0.2473650444505545,1.0,0.4234218392825743,1.0,0.4372772025123069,1.0,0.4652353426919901,1.0,0.47089864969734596,1.0,0.5189289698772778,1.0,0.41040635777477885,1.0,0.45975780542054534,1.0,0.5294026855996296,1.0,0.5577935454337377,1.0,0.5383650756328866,1.0
163,0.5291509279027755,1.0,0.3552662721893491,0.0,0.4459902525476296,1.0,0.4476744186046512,1.0,0.4038868932485954,1.0,0.5020909789195186,1.0,0.502261671076214,1.0,0.4940289658677056,1.0,0.47641509433962265,1.0,0.5157842814863531,1.0,0.40684833558433303,1.0,0.48500123956697794,1.0,0.5092116182572614,1.0,0.5338598554864729,1.0,0.5113770436541378,1.0
164,0.2699969353355808,1.0,0.14829245931698373,0.043478260869565216,0.14815894297095114,1.0,0.12685304944781614,1.0,0.14543471795380192,1.0,0.2655148095909732,1.0,0.3009675776608386,1.0,0.37247163295510605,1.0,0.4456107612160796,1.0,0.5068159317645267,1.0,0.4085164008426121,1.0,0.48011518406101644,1.0,0.49953227315247895,1.0,0.505161137814199,1.0,0.21437078205637158,1.0
165,0.18190072639225183,1.0,0.11149691358024691,0.3125,0.2157968970380818,1.0,0.257156759386911,1.0,0.2564102564102564,1.0,0.43610335195530725,1.0,0.44661269706007667,1.0,0.4451403009353396,1.0,0.4252143537630994,1.0,0.4664090629665408,1.0,0.376502777547467,1.0,0.46046028724692856,1.0,0.4971660604009813,1.0,0.5317592284669106,1.0,0.5028504359490275,1.0
166,0.13924990716672855,1.0,0.12630319603486584,1.0,0.2115246098439376,1.0,0.26612170753860126,1.0,0.31485758275596615,1.0,0.49564206856478793,1.0,0.5085927367055771,1.0,0.5082693677296827,1.0,0.4890836408364084,1.0,0.5225429776192021,1.0,0.4051833122629583,1.0,0.48017255682760906,1.0,0.5056958890539871,1.0,0.5300466028942851,1.0,0.47857854533377614,1.0
167,0.18589272593681117,1.0,0.1508481160170918,0.0,0.2752645874309263,1.0,0.30655707080141975,1.0,0.3318708318708319,1.0,0.5018790067054749,1.0,0.5126221180148496,1.0,0.5197545070962792,1.0,0.5176761990542671,1.0,0.5534339846062759,1.0,0.467392904460474,1.0,0.5309621864470235,1.0,0.5749476269594741,1.0,0.6117688762850053,1.0,0.5955918947742623,1.0
168,0.2020997375328084,1.0,0.08813838550247118,0.0,0.2626697581980788,1.0,0.23601431531361838,1.0,0.22795341098169716,1.0,0.32735723771580344,1.0,0.3228552717747217,1.0,0.31289223596915905,1.0,0.31920155449567217,1.0,0.3469675599435825,1.0,0.30946203079052065,1.0,0.36804437287529074,1.0,0.3957660566917833,1.0,0.43017519986392244,1.0,0.427705773438815,1.0
169,0.4413427561837456,1.0,0.10530896431679722,0.0,0.13876381498158002,1.0,0.13752535496957405,1.0,0.1533873029399233,1.0,0.21041497152156224,1.0,0.2031812156788487,1.0,0.16957210776545167,1.0,0.1806859551638245,1.0,0.19173005656329237,1.0,0.2163323782234957,1.0,0.2608370702541106,1.0,0.2945921173235564,1.0,0.3468849990589121,1.0,0.38121345029239767,1.0
170,0.143013698630137,1.0,0.13422562141491395,0.0,0.19660954486825133,1.0,0.21290074870416587,1.0,0.2763929618768328,1.0,0.18202764976958524,1.0,0.1845181069170339,1.0,0.1739961759082218,1.0,0.1807771728928102,1.0,0.19646629537161514,1.0,0.15690129767990563,1.0,0.18338954468802698,1.0,0.1683760683760684,1.0,0.183343955810495,1.0,0.18683697770080104,1.0
171,0.15921985815602838,1.0,0.01972051717382787,0.0,0.21670345842531272,1.0,0.2218390804597701,1.0,0.22596198423736671,1.0,0.2385862785862786,1.0,0.2241669471558398,1.0,0.21605508438995719,1.0,0.23536241499419472,1.0,0.25874947545111204,1.0,0.1902328222600795,1.0,0.20409819435991072,1.0,0.2034658511722732,1.0,0.22940940136601046,1.0,0.22116271916333435,1.0
172,0.11693315353496436,1.0,0.09830310122878877,0.0,0.2118609406952965,1.0,0.2718685831622177,1.0,0.3386511965192168,1.0,0.19072164948453607,1.0,0.1763809523809524,1.0,0.16614420062695925,1.0,0.1822866959343386,1.0,0.18971801266065605,1.0,0.15366614664586584,1.0,0.16250258104480694,1.0,0.15593146822815007,1.0,0.1880597014925373,1.0,0.18541996830427893,1.0
173,0.38891352549889135,1.0,0.078757225433526,0.0,0.4120977635179768,1.0,0.4142302187691679,1.0,0.359929425602823,1.0,0.4217098943323727,1.0,0.4228903053943488,1.0,0.3957471374963918,1.0,0.3533934504034172,1.0,0.29303575118826203,1.0,0.15264223899834284,1.0,0.1585644696291878,1.0,0.15100570399279495,1.0,0.14170424875385712,1.0,0.13420509291121818,1.0
174,0.15045179401701902,1.0,0.07554786620530565,0.0,0.19293869327448912,1.0,0.17807680974364012,1.0,0.17272024729520866,1.0,0.2051093097519037,1.0,0.20781300032020494,1.0,0.21003655699567964,1.0,0.15986913849509268,1.0,0.15080690038953812,1.0,0.13596716264751155,1.0,0.14395393474088292,1.0,0.14648546284950428,1.0,0.2084130019120459,1.0,0.26915601023017904,1.0
175,0.5646928083822829,1.0,0.07910606598084427,0.0,0.40531622364802933,1.0,0.40120224936978865,1.0,0.3375747059957586,1.0,0.37485218762317696,1.0,0.38352663652447416,1.0,0.3632555356074207,1.0,0.32941637289463377,1.0,0.32892363199037883,1.0,0.2577009767092412,1.0,0.28804569563443494,1.0,0.29758493655341794,1.0,0.3118546055349029,1.0,0.2731023102310231,1.0
176,0.27480457005411907,1.0,0.045913383262780855,0.0,0.3130789181178214,1.0,0.3382899628252788,1.0,0.3288590604026846,1.0,0.48864,1.0,0.5052483158389472,1.0,0.5114335278347264,1.0,0.5066106703997512,1.0,0.5312548958170139,1.0,0.43197492163009404,1.0,0.4982275217531421,1.0,0.5267957126859703,1.0,0.563845050215208,1.0,0.5577281191806331,1.0
177,0.2892711634223631,1.0,0.08466281687383773,0.0,0.294467382328654,1.0,0.3395712827492344,1.0,0.3295803480040942,1.0,0.3810733028610124,1.0,0.3993715892177939,1.0,0.3534655266509005,1.0,0.33641700764988436,1.0,0.34396520478434217,1.0,0.2739800543970988,1.0,0.3209302325581395,1.0,0.35104146760940186,1.0,0.38628424342710055,1.0,0.36107482739317037,1.0
178,0.5285714285714286,1.0,0.13306269733874607,0.0,0.24438484746899095,1.0,0.2472972972972973,1.0,0.27408412483039346,1.0,0.3468067906224737,1.0,0.3596370092720458,1.0,0.36268017140631087,1.0,0.34480122324159024,1.0,0.3740840725028924,1.0,0.31887890005288205,1.0,0.38392690658213685,1.0,0.41252127860790616,1.0,0.48328156404165906,1.0,0.47889581478183435,1.0
179,0.19257408068546947,1.0,0.05976317622475041,0.0,0.344464609800363,1.0,0.3077354260089686,1.0,0.2636029411764706,1.0,0.33148825997678777,1.0,0.3226837060702875,1.0,0.31441458372486375,1.0,0.3080123948649845,1.0,0.3375483627441729,1.0,0.2827234342012667,1.0,0.3282610688422404,1.0,0.34269611013582185,1.0,0.40075901328273245,1.0,0.31960461285008235,1.0
180,0.4500246994895439,1.0,0.22272957889396244,0.0,0.31463332206826633,1.0,0.2356733524355301,1.0,0.20755475185854932,1.0,0.26387470207694924,1.0,0.26437563797209934,1.0,0.2471972063958831,1.0,0.23911835525097241,1.0,0.23909502262443438,1.0,0.18733509234828497,1.0,0.2158273381294964,1.0,0.23269012485811577,1.0,0.21712538226299694,1.0,0.17258883248730963,1.0
181,0.570561017929439,1.0,0.08763837638376384,0.0,0.2067785562978654,1.0,0.2889643463497453,1.0,0.3937234944868533,1.0,0.30691340782122906,1.0,0.2747875354107649,1.0,0.25371965544244324,1.0,0.27100723427935447,1.0,0.28728236184708555,1.0,0.21250224537452847,1.0,0.19937876140555233,1.0,0.19346049046321526,1.0,0.1930525054901178,1.0,0.1875125075045027,1.0
182,0.5554178607389048,1.0,0.2595983461311282,0.0,0.3453388055951085,1.0,0.41212917761922646,1.0,0.4191757779646762,1.0,0.3184870378240544,1.0,0.2843535014993826,1.0,0.28995675156174916,1.0,0.28235076010381904,1.0,0.30079435127978815,1.0,0.24123864268496198,1.0,0.30023183925811436,1.0,0.3225776193602852,1.0,0.35859321869231514,1.0,0.38694878756670725,1.0
183,0.21164646763227904,1.0,0.132829373650108,0.0,0.26664390576988733,1.0,0.2817809021675454,1.0,0.2787308614646744,1.0,0.40700808625336926,1.0,0.3934640522875817,1.0,0.39985486211901305,1.0,0.37962962962962965,1.0,0.41359570661896244,1.0,0.3194070080862534,1.0,0.3866268210683601,1.0,0.4029621080977111,1.0,0.4574351479722324,1.0,0.43242258652094717,1.0
184,0.17766037735849058,1.0,0.12550607287449392,0.0,0.29067879181552453,1.0,0.23504601226993865,1.0,0.2621861152141802,1.0,0.3872873769024172,1.0,0.3260785075787019,1.0,0.3193916349809886,1.0,0.3111234499352212,1.0,0.3319548872180451,1.0,0.2652059596844873,1.0,0.32636469221835074,1.0,0.3598763045999227,1.0,0.4103122730573711,1.0,0.41864195330600606,1.0
185,0.1733370135247033,1.0,0.11660956731379267,0.0,0.26920654911838793,1.0,0.28492201039861353,1.0,0.32147352521607786,1.0,0.48175182481751827,1.0,0.4482998521610575,1.0,0.44576877234803336,1.0,0.42705482292444225,1.0,0.45193901226383826,1.0,0.3498994772818657,1.0,0.43121149897330596,1.0,0.4630053394355454,1.0,0.5039960451511906,1.0,0.5033958602846055,1.0
186,0.38449085316496684,1.0,0.29602313810556763,0.0,0.2824832319450944,1.0,0.355735056542811,1.0,0.33286810886252616,1.0,0.4437340153452685,1.0,0.4339136041263701,1.0,0.43077665219488664,1.0,0.4341736694677871,1.0,0.4650578179989945,1.0,0.3914722445695897,1.0,0.43179873352729764,1.0,0.4317509998261172,1.0,0.48556611927398446,1.0,0.43295292439372324,1.0
187,0.18903768296480847,1.0,0.20887480190174326,0.6,0.24226884226884227,1.0,0.23156579182288878,1.0,0.29235068110373735,1.0,0.36305945223780894,1.0,0.36512570965125707,1.0,0.2202302321192678,1.0,0.22511935365405802,1.0,0.22711102789739748,1.0,0.19293184276956366,1.0,0.1809342230695901,1.0,0.19951387482276686,1.0,0.2022099447513812,1.0,0.2051423324150597,1.0
188,0.15418266226229801,1.0,0.14534365791817994,1.0,0.24607989914112363,1.0,0.2501640266191771,1.0,0.28527772784468813,1.0,0.48490440687975195,1.0,0.49433529327405706,1.0,0.5050461361014994,1.0,0.5208494479994374,1.0,0.555024595924104,1.0,0.4462604504029525,1.0,0.5155089224170942,1.0,0.5505936823239489,1.0,0.5929190646171778,1.0,0.5666166058785669,1.0
189,0.10984735109248728,1.0,0.13727560718057022,1.0,0.3005229160258382,1.0,0.2702702702702703,1.0,0.2658941434387723,1.0,0.2472831267874166,1.0,0.2378606615059817,1.0,0.2262228260869565,1.0,0.23087385243114586,1.0,0.244011234098794,1.0,0.23641703377386197,1.0,0.26806765761148127,1.0,0.28491996630160066,1.0,0.31535756154747946,1.0,0.29941560673771056,1.0
190,0.12709082382366735,1.0,0.11385816525699415,0.75,0.16465550797975867,1.0,0.14773167894532765,1.0,0.16975425330812854,1.0,0.28884065834689815,1.0,0.24013221854948474,1.0,0.24454562701574653,1.0,0.230264427716657,1.0,0.23504438440756464,1.0,0.21099258723558126,1.0,0.2462657985446189,1.0,0.26191854854275237,1.0,0.284275755228505,1.0,0.28936850519584334,1.0
191,0.5210198816208833,1.0,0.29990627928772257,0.0,0.2887372013651877,1.0,0.3463451970914658,1.0,0.3370089593383873,1.0,0.4412254412254412,1.0,0.4564574433125205,1.0,0.3855093517341565,1.0,0.3606759373349762,1.0,0.38219345810739896,1.0,0.28534258456201217,1.0,0.33345914323457254,1.0,0.3626543209876543,1.0,0.38615632266142014,1.0,0.3682228915662651,1.0
192,0.1516196222078575,1.0,0.14404691085238377,0.35714285714285715,0.20277231432050202,1.0,0.21933357744415966,1.0,0.25068870523415976,1.0,0.35145180023228806,1.0,0.357268567405843,1.0,0.35685729184773163,1.0,0.3496423209396803,1.0,0.40372781592794077,1.0,0.3329416701636593,1.0,0.3851248089658686,1.0,0.39107238129112576,1.0,0.4083245521601686,1.0,0.3971157228279986,1.0
193,0.11627906976744186,1.0,0.13215890450039228,0.6428571428571429,0.19761037991225613,1.0,0.1835128805620609,1.0,0.19978106185002736,1.0,0.3150537634408602,1.0,0.33202658939832963,1.0,0.27334273624823696,1.0,0.2664099743307664,1.0,0.23756481659304782,1.0,0.21907826251537807,1.0,0.27097633439196805,1.0,0.311347808275297,1.0,0.3510484454085322,1.0,0.3755368493386016,1.0
194,0.306929121358838,1.0,0.32074283915643687,1.0,0.20202702702702702,1.0,0.31671057583741064,1.0,0.4166536722282863,1.0,0.4251179733421641,1.0,0.3475837977210347,1.0,0.23207776427703525,1.0,0.20245503367146875,1.0,0.17566167467269472,1.0,0.1843012463537523,1.0,0.20665130722227787,1.0,0.26842366981601196,1.0,0.33468203008180136,1.0,0.2887477313974592,1.0
195,0.12643678160919541,1.0,0.1614550095724314,1.0,0.20175438596491227,1.0,0.3187279151943463,1.0,0.4160337552742616,1.0,0.30410674059954945,1.0,0.28990887613904825,1.0,0.21212121212121213,1.0,0.19789513249389212,1.0,0.17417918753478018,1.0,0.16327673073334578,1.0,0.1908237747653806,1.0,0.21739130434782608,1.0,0.25187763326616597,1.0,0.19927390076643808,1.0
196,0.10487849442718801,1.0,0.1471415182755389,1.0,0.25661842569714083,1.0,0.2716604015769689,1.0,0.3002043470183912,1.0,0.38157442420075627,1.0,0.38334030975303474,1.0,0.37813306686651676,1.0,0.3407325194228635,1.0,0.34795075054815316,1.0,0.2714548158516315,1.0,0.33830348213473954,1.0,0.37884564234417945,1.0,0.40279426536389373,1.0,0.3974212788351899,1.0
197,0.10978925900747791,1.0,0.1296511627906977,1.0,0.18510158013544017,1.0,0.22495682210708118,1.0,0.20907261752332174,1.0,0.45394519643446685,1.0,0.4214190981432361,1.0,0.42632869991823386,1.0,0.3549432739059968,1.0,0.31063094209161624,1.0,0.259433171222539,1.0,0.309536494405967,1.0,0.33157059756742463,1.0,0.37551020408163266,1.0,0.308953341740227,1.0
198,0.12324431256181997,1.0,0.16588628762541807,1.0,0.20148123211580543,1.0,0.2728266812465828,1.0,0.22730682670667668,1.0,0.35592048401037163,1.0,0.343033207805546,1.0,0.33759032095446145,1.0,0.3579609614453944,1.0,0.4015994981966442,1.0,0.35514312676942433,1.0,0.45027237354085603,1.0,0.4901361064382933,1.0,0.5328994938539408,1.0,0.5321803232208676,1.0
199,0.4429223744292237,1.0,0.11654676258992806,1.0,0.25311498754004985,1.0,0.2727272727272727,1.0,0.27146332985749044,1.0,0.3744107744107744,1.0,0.36859838274932616,1.0,0.35670937289278487,1.0,0.37254901960784315,1.0,0.41331960178510124,1.0,0.3411611219830398,1.0,0.4008236101578586,1.0,0.41782110484008894,1.0,0.43475226796929517,1.0,0.42667893284268626,1.0
200,0.49902912621359224,1.0,0.5345680757811395,1.0,0.4658843252305113,1.0,0.47128077060292545,1.0,0.427061310782241,1.0,0.48259900565746616,1.0,0.4856655290102389,1.0,0.4808019028202514,1.0,0.46279373368146215,1.0,0.46891322662173546,1.0,0.33648010788941335,1.0,0.3928505957836847,1.0,0.4121335054397935,1.0,0.42731781762686,1.0,0.39177033492822966,1.0
201,0.1236386931454196,1.0,0.13807411646873657,1.0,0.25167580743449114,1.0,0.26466025442134655,1.0,0.2468589630153955,1.0,0.34550662370211244,1.0,0.3506835776643057,1.0,0.3590844062947067,1.0,0.3090909090909091,1.0,0.3286637931034483,1.0,0.26474066565298193,1.0,0.3074179743223966,1.0,0.32927266212826944,1.0,0.3435306820226741,1.0,0.3300456621004566,1.0
202,0.15484654066238945,1.0,0.16055180510713238,1.0,0.21028520762524014,1.0,0.14545130852768381,1.0,0.15336322869955157,1.0,0.2812403100775194,1.0,0.2601626016260163,1.0,0.26091888825865,1.0,0.33510167992926615,1.0,0.4361078546307151,1.0,0.3647959183673469,1.0,0.331781557743957,1.0,0.3353867214236824,1.0,0.23553564762971257,1.0,0.20893023255813953,1.0
203,0.14754636468078122,1.0,0.17404487568223165,1.0,0.16924549369915456,1.0,0.18695993715632364,1.0,0.2024492920015308,1.0,0.23646723646723647,1.0,0.23434704830053668,1.0,0.24227057091444462,1.0,0.27519906778015146,1.0,0.3422818791946309,1.0,0.3274695534506089,1.0,0.4078593217297685,1.0,0.4474434199497066,1.0,0.40090619231414665,1.0,0.30040715170826693,1.0
204,0.16790806554586082,1.0,0.16911154165513423,1.0,0.2632978723404255,1.0,0.20040520006753335,1.0,0.2644438320933223,1.0,0.4435078379177758,1.0,0.4528562096247369,1.0,0.4719749305605014,1.0,0.47859479448158154,1.0,0.5285564487941279,1.0,0.4258823529411765,1.0,0.4999269326318866,1.0,0.5117786079133948,1.0,0.5425400739827374,1.0,0.513659933441684,1.0
205,0.5853624208304011,1.0,0.5565999731435477,1.0,0.4640677966101695,1.0,0.16569343065693432,1.0,0.16580954069870543,1.0,0.23917388407728182,1.0,0.24074074074074073,1.0,0.1634141533609304,1.0,0.1614494403339025,1.0,0.15142198308993082,1.0,0.14575547250400428,1.0,0.15684007707129094,1.0,0.1503267973856209,1.0,0.1548860563924295,1.0,0.1541884310311472,1.0
206,0.13355243501643263,1.0,0.1250415918014241,1.0,0.4119226213975523,1.0,0.31020726736623017,1.0,0.30874946649594537,1.0,0.34746922024623805,1.0,0.33198448828190863,1.0,0.2993960310612597,1.0,0.19601952684941795,1.0,0.15765765765765766,1.0,0.1830364715860899,1.0,0.20155655788449633,1.0,0.2302660655882613,1.0,0.2837168910117238,1.0,0.23648369789517126,1.0
207,0.39418428458041704,1.0,0.4195680577972485,1.0,0.35236909670893957,1.0,0.3238693238693239,1.0,0.3298381162619573,1.0,0.4460755197284684,1.0,0.42336385215327227,1.0,0.3970498385266649,1.0,0.3823477803123355,1.0,0.4588756086764055,1.0,0.3639089214812414,1.0,0.4502241393893259,1.0,0.4852674897119342,1.0,0.5030456852791878,1.0,0.4710601224877081,1.0
208,0.4574700585715535,1.0,0.33357892797937005,1.0,0.28064969545525537,1.0,0.33724110980851896,1.0,0.36931380107941403,1.0,0.503925879396985,1.0,0.5040637699281025,1.0,0.45671443956590174,1.0,0.41579558652729387,1.0,0.41994866802371894,1.0,0.3133103561463975,1.0,0.3814451224904926,1.0,0.40841447731030683,1.0,0.45651382823871905,1.0,0.4456654456654457,1.0
209,0.45657894736842103,1.0,0.3784015060756461,1.0,0.33524560774471135,1.0,0.3120060218291306,1.0,0.27832783278327833,1.0,0.3316859912564151,1.0,0.32639269406392696,1.0,0.30822391154111956,1.0,0.2961696306429549,1.0,0.36,1.0,0.16480346195456186,1.0,0.18604651162790697,1.0,0.19334389857369255,1.0,0.20256976510740815,1.0,0.16163410301953818,1.0
210,0.36068064418109996,1.0,0.3105825577387108,1.0,0.3464968152866242,1.0,0.31150539601243826,1.0,0.3245926203408878,1.0,0.3614794138171668,1.0,0.3093139133767727,1.0,0.3103189493433396,1.0,0.2943880482666156,1.0,0.33395141850547005,1.0,0.261518064302287,1.0,0.3152735697736589,1.0,0.34452605806225955,1.0,0.39627890801599724,1.0,0.3182094389305246,1.0
211,0.4771197846567968,1.0,0.40837241618898734,1.0,0.3220463746779536,1.0,0.2973593570608496,1.0,0.26497005988023953,1.0,0.3089636398988917,1.0,0.3185922240648609,1.0,0.296212253447373,1.0,0.3278745644599303,1.0,0.39014373716632444,1.0,0.16846411305317963,1.0,0.189648033126294,1.0,0.1990060053841375,1.0,0.19822859552931252,1.0,0.179174293268253,1.0
212,0.15487456812377948,1.0,0.1628482972136223,1.0,0.25271739130434784,1.0,0.250692225772098,1.0,0.3003520474337595,1.0,0.40058479532163743,1.0,0.4127208480565371,1.0,0.36408748391839735,1.0,0.2116788321167883,1.0,0.17778228258666126,1.0,0.16931927133269414,1.0,0.19846186712240974,1.0,0.22407447499458757,1.0,0.25097529258777634,1.0,0.2486268766019773,1.0
213,0.435520731309174,1.0,0.444234404536862,1.0,0.4374346462181945,1.0,0.21344165435745938,1.0,0.19048477203099656,1.0,0.20889627935980046,1.0,0.1968503937007874,1.0,0.21275239107332625,1.0,0.20877540010789428,1.0,0.2342612419700214,1.0,0.23311842551747539,1.0,0.2573595810005418,1.0,0.2762212643678161,1.0,0.3499136442141623,1.0,0.3332021255658335,1.0
214,0.1848702536285002,1.0,0.2421634910878918,1.0,0.3193717277486911,1.0,0.38616275525754346,1.0,0.4186466165413534,1.0,0.5045045045045045,1.0,0.5257731958762887,1.0,0.5468159128724852,1.0,0.5299579283330915,1.0,0.5799631048673194,1.0,0.45310061018873277,1.0,0.5407663497551138,1.0,0.569519476826841,1.0,0.6003964882469556,1.0,0.5552269702794618,1.0
215,0.1593777516877018,1.0,0.1835632873425315,1.0,0.2806621519939804,1.0,0.33774834437086093,1.0,0.39000452966933413,1.0,0.4821726091302899,1.0,0.5036075036075036,1.0,0.5264367816091954,1.0,0.49239659367396593,1.0,0.5384846211552888,1.0,0.4028610982925704,1.0,0.4897067997504679,1.0,0.5287846481876333,1.0,0.5295253419147224,1.0,0.5185475035216779,1.0
216,0.48193088894750724,1.0,0.4751555180093695,0.543859649122807,0.4218426966292135,1.0,0.16393442622950818,1.0,0.1614812158163723,1.0,0.13853191025920278,1.0,0.148231270706423,1.0,0.15222839707965566,1.0,0.16192687173534534,1.0,0.13791903491474308,1.0,0.1562049062049062,1.0,0.16921615201900236,1.0,0.17247861641131684,1.0,0.19688253850436074,1.0,0.22192427330258502,1.0
217,0.18721943490889886,1.0,0.2648752399232246,0.825,0.38587848932676516,1.0,0.40702831798021155,1.0,0.3734623585369854,1.0,0.3994118664590901,1.0,0.3980482794042116,1.0,0.4093420391762933,1.0,0.39954560207724765,1.0,0.42765582438711747,1.0,0.31806615776081426,1.0,0.37229219143576825,1.0,0.3787149261165532,1.0,0.3862887277521424,1.0,0.34718498659517427,1.0
218,0.49065579340808696,1.0,0.30380041967824667,0.0,0.3560257589696412,1.0,0.15912079654330266,1.0,0.15333070555774536,1.0,0.2,1.0,0.1842888315810355,1.0,0.20202751629254165,1.0,0.2080536912751678,1.0,0.20499753411145816,1.0,0.16329479768786126,1.0,0.17525773195876287,1.0,0.18982462902293312,1.0,0.20414031052328924,1.0,0.2063303659742829,1.0
219,0.5011128231467215,1.0,0.38061006411501846,0.16666666666666666,0.3829669314612969,1.0,0.14256524565802917,1.0,0.14330646746609002,1.0,0.16808371484630477,1.0,0.16173948138432045,1.0,0.19475004825323297,1.0,0.20007804116671543,1.0,0.19287729196050776,1.0,0.15262292085541948,1.0,0.15861798193953672,1.0,0.17393425031704224,1.0,0.18814358579539986,1.0,0.19546178343949044,1.0
220,0.17832350526237217,1.0,0.15436054611312344,0.3125,0.21568627450980393,1.0,0.2004532149938627,1.0,0.24184050304421598,1.0,0.35396082509967064,1.0,0.3572233854082783,1.0,0.28093158660844253,1.0,0.2939838938891521,1.0,0.3058437527711271,1.0,0.26727423363711683,1.0,0.312678494158373,1.0,0.3312618677714483,1.0,0.36869075070458623,1.0,0.3578285913772037,1.0
221,0.14625308015654442,1.0,0.1331630791681868,0.3,0.28551724137931034,1.0,0.31610889543957,1.0,0.3373114536714736,1.0,0.4601797334986055,1.0,0.47910159155139076,1.0,0.4629335030225899,1.0,0.45791193402831804,1.0,0.4793846153846154,1.0,0.3833028641072517,1.0,0.43735382559305047,1.0,0.4671152228763667,1.0,0.517464424320828,1.0,0.494946201499837,1.0
222,0.17790152403282533,1.0,0.1910006293266205,1.0,0.27788066672034784,1.0,0.3420145538108005,1.0,0.3174645627173041,1.0,0.44341024638247944,1.0,0.46139665216429465,1.0,0.42579401659264227,1.0,0.39385825453936907,1.0,0.42942311064352096,1.0,0.36483748074896655,1.0,0.41492846061023964,1.0,0.4470421832099176,1.0,0.4744430943701904,1.0,0.4579376978177578,1.0
223,0.14955163436505642,1.0,0.1417714118678749,0.375,0.21828490432317504,1.0,0.2497335701598579,1.0,0.29200422684043675,1.0,0.38686131386861317,1.0,0.3792690233672858,1.0,0.382123575284943,1.0,0.3916628492899679,1.0,0.43623304070231445,1.0,0.3845689264683678,1.0,0.4485749690210657,1.0,0.4743155952014765,1.0,0.4944920440636475,1.0,0.4737018425460637,1.0
224,0.1607773851590106,1.0,0.15214265171124533,0.0,0.2019107110049605,1.0,0.21925535915757804,1.0,0.2830554478480031,1.0,0.4306864064602961,1.0,0.44249761070404586,1.0,0.3696193525435788,1.0,0.34479130129779023,1.0,0.3984490398818316,1.0,0.3363929967703553,1.0,0.4057040998217469,1.0,0.43702684101858225,1.0,0.5004935834155972,1.0,0.48559196443273506,1.0
225,0.17330543307675061,1.0,0.14264226623213838,0.0,0.17181327098282673,1.0,0.12198753140411278,1.0,0.1381505054286784,1.0,0.20532556688163095,1.0,0.24176162611641516,1.0,0.1431820531375995,1.0,0.15450562011811775,1.0,0.14474854263412706,1.0,0.14596471986107304,1.0,0.1588347863066128,1.0,0.1901600087079569,1.0,0.2624958622972526,1.0,0.24261241970021413,1.0
226,0.1515062454077884,1.0,0.12118959107806691,0.0,0.16056553305311425,1.0,0.10598572213069742,1.0,0.1234442703051535,1.0,0.18703339882121808,1.0,0.22138649750792933,1.0,0.14296709640177024,1.0,0.16731517509727625,1.0,0.18029758850692662,1.0,0.17619711761971177,1.0,0.21587268781647204,1.0,0.23441317047265003,1.0,0.2808747087291629,1.0,0.29344006247559545,1.0
227,0.23261971404796128,1.0,0.1941203212607971,0.5476190476190477,0.24747044917257682,1.0,0.25218263923733064,1.0,0.28262119179919526,1.0,0.37610151568558337,1.0,0.3820558526440879,1.0,0.2444235294117647,1.0,0.24871952468756403,1.0,0.28469356948777297,1.0,0.2561663143058492,1.0,0.3148184883951597,1.0,0.3382041915016343,1.0,0.34579439252336447,1.0,0.3332674636893588,1.0
228,0.22884386174016685,1.0,0.20574162679425836,0.3333333333333333,0.18217859165565414,1.0,0.16202191043628675,1.0,0.19476682844481957,1.0,0.2636347164341366,1.0,0.25765881973556914,1.0,0.22117202268431002,1.0,0.20698435794834485,1.0,0.20075973409306744,1.0,0.2065991751031121,1.0,0.2641009977601303,1.0,0.30080296479308216,1.0,0.3297135367908631,1.0,0.23869445536767597,1.0
229,0.38354361792708414,1.0,0.3121297162457125,1.0,0.4368526820219508,1.0,0.35566550409603376,1.0,0.15298276623950507,1.0,0.2404282344402105,1.0,0.21910201491353323,1.0,0.2255470501817057,1.0,0.1574065485576477,1.0,0.13857086458744572,1.0,0.13916267293607018,1.0,0.1556453941669073,1.0,0.16025517108061085,1.0,0.17486752460257382,1.0,0.1686379244563144,1.0
230,0.5518565941101152,1.0,0.5164520743919886,1.0,0.40046586633219855,1.0,0.4269519107697934,1.0,0.41180629197596325,1.0,0.25152649202284816,1.0,0.2519113899235444,1.0,0.23887269193391641,1.0,0.22710831905577766,1.0,0.1687916270218839,1.0,0.14638327048337332,1.0,0.15642252484357747,1.0,0.15160244868563197,1.0,0.15654952076677317,1.0,0.15074758135444152,1.0
231,0.2659222179437813,1.0,0.22070588235294117,1.0,0.257960759086523,1.0,0.20083080364275444,1.0,0.2029238308829637,1.0,0.20327249842668346,1.0,0.20275344180225283,1.0,0.20747205634665442,1.0,0.2516744938024482,1.0,0.15529484408768138,1.0,0.15414660732128257,1.0,0.16870707673932517,1.0,0.16297626171952923,1.0,0.17485505035093074,1.0,0.1888276947285602,1.0
232,0.3216354630173789,1.0,0.23130841121495327,1.0,0.4475027189826822,1.0,0.43233697992936515,1.0,0.3847080072245635,1.0,0.3763440860215054,1.0,0.38922155688622756,1.0,0.3979886313948404,1.0,0.3799215953638998,1.0,0.4071887480465359,1.0,0.3071368597816961,1.0,0.3776835409488471,1.0,0.39171324638452665,1.0,0.4240366810686888,1.0,0.3801985511134961,1.0
233,0.26774001192605845,1.0,0.18822663723325975,0.8571428571428571,0.2623152709359606,1.0,0.2982998454404946,1.0,0.3383600377002828,1.0,0.3795243019648397,1.0,0.38212684176809736,1.0,0.3898198903680501,1.0,0.32491786270102024,1.0,0.33726578764746706,1.0,0.2822417285617826,1.0,0.3370905248326876,1.0,0.32816723734006126,1.0,0.34480286738351257,1.0,0.3297796730632552,1.0
234,0.21495327102803738,1.0,0.2503052503052503,1.0,0.3013213019658395,1.0,0.21821631878557876,1.0,0.241852487135506,1.0,0.33192239858906525,1.0,0.33759246805648957,1.0,0.3626794258373206,1.0,0.29467248908296945,1.0,0.3106984969053935,1.0,0.2895943562610229,1.0,0.36518518518518517,1.0,0.4097234773179107,1.0,0.4560541913632515,1.0,0.4397107373054551,1.0
235,0.6240343347639485,1.0,0.44107744107744107,0.8,0.15829868883914294,1.0,0.13091051191871825,1.0,0.13642486049644026,1.0,0.1742960787700812,1.0,0.17516778523489934,1.0,0.1636544519980103,1.0,0.15742614326183732,1.0,0.13685498674281052,1.0,0.1419893697798026,1.0,0.1506572295247725,1.0,0.15045754415833157,1.0,0.17106867127184072,1.0,0.20993934650753276,1.0
236,0.30229631959735764,1.0,0.31801242236024846,1.0,0.31440463802586593,1.0,0.2069084628670121,1.0,0.254502208630649,1.0,0.3871074380165289,1.0,0.3795878943979395,1.0,0.36961224829422534,1.0,0.3686274509803922,1.0,0.3864430468204053,1.0,0.3571311070899819,1.0,0.4369608493696085,1.0,0.467843631778058,1.0,0.5232926277702397,1.0,0.5027835215524097,1.0
237,0.22133642556892302,1.0,0.16344795101271786,1.0,0.26657263751763044,1.0,0.30054988216810685,1.0,0.31965373517152934,1.0,0.3659364917643063,1.0,0.37371091831723685,1.0,0.38486574450772987,1.0,0.37816481212707626,1.0,0.27527887729399064,1.0,0.2365790447982229,1.0,0.29471228615863143,1.0,0.323260585711621,1.0,0.3169966673201333,1.0,0.3071253071253071,1.0
238,0.40027160074690205,1.0,0.38787388843977366,1.0,0.38080756884608885,1.0,0.3652258808910979,1.0,0.3302245250431779,1.0,0.3834868950711155,1.0,0.3747020919763439,1.0,0.370653685674548,1.0,0.34037353813929133,1.0,0.35078153398764084,1.0,0.24391143911439114,1.0,0.3249389946315276,1.0,0.3559056659164302,1.0,0.39422054701845943,1.0,0.3648941176470588,1.0
239,0.12786449684490203,1.0,0.13811690584529226,1.0,0.32042226779068883,1.0,0.3029899742702511,1.0,0.39225004569548527,1.0,0.43812709030100333,1.0,0.435917292650817,1.0,0.43867166577396893,1.0,0.46566012964634446,1.0,0.5042010329145148,1.0,0.411415072772994,1.0,0.47942657884540874,1.0,0.5057462398765908,1.0,0.5247797778628878,1.0,0.4793052795299404,1.0
240,0.18137606633181855,1.0,0.20269379986823804,1.0,0.34069428495715925,1.0,0.27677725118483415,1.0,0.33098390322887894,1.0,0.26954405018256716,1.0,0.26666666666666666,1.0,0.2597851471275105,1.0,0.2639505696080324,1.0,0.25668920905615994,1.0,0.21714183252644792,1.0,0.24877463238971692,1.0,0.28759360453349525,1.0,0.29700066231431543,1.0,0.269639824827956,1.0
241,0.18390896706466864,1.0,0.1784569352425732,1.0,0.24134199134199133,1.0,0.13566137566137565,1.0,0.16650828845950796,1.0,0.21689458196295655,1.0,0.21322472448490656,1.0,0.16411506582155047,1.0,0.17147372580007902,1.0,0.1620490332868248,1.0,0.16903084103596597,1.0,0.18447348193697155,1.0,0.21052631578947367,1.0,0.25563136741751563,1.0,0.30018018018018017,1.0
242,0.6215774417654271,1.0,0.33857030636292224,1.0,0.26811594202898553,1.0,0.28537735849056606,1.0,0.26900584795321636,1.0,0.18781725888324874,1.0,0.19432624113475178,1.0,0.18073264521351953,1.0,0.16358952340060112,1.0,0.20252694165737645,1.0,0.17989629038691662,1.0,0.21049208757858226,1.0,0.23099522585383767,1.0,0.22810137839039574,1.0,0.2608053195419283,1.0
243,0.15680136596471259,1.0,0.15985528607798472,1.0,0.1973392461197339,1.0,0.19508791515489812,1.0,0.21089679129719352,1.0,0.35829307568438,1.0,0.3016429758168728,1.0,0.30412698412698413,1.0,0.30496074232690934,1.0,0.30499612703330753,1.0,0.2970696298951519,1.0,0.369692532942899,1.0,0.4108841141246918,1.0,0.45615288444365065,1.0,0.4516726983846765,1.0
244,0.30203189508621386,1.0,0.30310965630114567,1.0,0.3932782545921232,1.0,0.30558773727831745,1.0,0.2412029279477908,1.0,0.3256435974590438,1.0,0.3214697643763388,1.0,0.3354353626000485,1.0,0.31807938984226036,1.0,0.3452246947787687,1.0,0.2964459470602787,1.0,0.35394364991007965,1.0,0.3628380140857317,1.0,0.38779407934716553,1.0,0.3735024048972453,1.0
245,0.16041261773060247,1.0,0.1673866090712743,1.0,0.21217187761243939,1.0,0.24695184955569333,1.0,0.25240973697108315,1.0,0.30959302325581395,1.0,0.2390279289082336,1.0,0.23303411131059246,1.0,0.24036440084092503,1.0,0.2871287128712871,1.0,0.28404939989563405,1.0,0.3476879632897988,1.0,0.38567447959350926,1.0,0.41308724832214766,1.0,0.41066040898424405,1.0
246,0.5205566097406704,1.0,0.5682867227803421,1.0,0.5134033547577991,1.0,0.5269655620532814,1.0,0.5131038838017051,1.0,0.5843857634902411,1.0,0.5801749271137027,1.0,0.5757308652857352,1.0,0.5523289246693502,1.0,0.5695080091533181,1.0,0.4533176746917205,1.0,0.5217064743878624,1.0,0.5475439387111312,1.0,0.5675007723200495,1.0,0.5237339260200031,1.0
247,0.22958579881656804,1.0,0.18511741384568467,1.0,0.28156365557316426,1.0,0.3242009132420091,1.0,0.3538358682934982,1.0,0.41530524505588995,1.0,0.40142035847142377,1.0,0.4168877789917278,1.0,0.42418661755678333,1.0,0.4831358249772106,1.0,0.3986784140969163,1.0,0.500156396621833,1.0,0.5485422302374512,1.0,0.5828256454888309,1.0,0.5484254307783719,1.0
248,0.4723843356170177,1.0,0.42355674094467866,1.0,0.39041719803242847,1.0,0.3894736842105263,1.0,0.33345776948203454,1.0,0.3400378372996117,1.0,0.33641173641173644,1.0,0.3258341277407054,1.0,0.29985974754558203,1.0,0.246980911569926,1.0,0.1959906926794344,1.0,0.2122563754484631,1.0,0.2142298670836591,1.0,0.2157839287424576,1.0,0.2091812132317485,1.0
249,0.11053484602917342,1.0,0.12915129151291513,1.0,0.2573421154591244,1.0,0.346271050521251,1.0,0.4211357653253103,1.0,0.461544885177453,1.0,0.23985027353872732,1.0,0.2193218764514631,1.0,0.20552677029360966,1.0,0.21961184882533197,1.0,0.19016681299385427,1.0,0.20059796318789125,1.0,0.2338235294117647,1.0,0.22368795672392522,1.0,0.24056338028169014,1.0
250,0.17376237623762375,1.0,0.18005903574942606,1.0,0.28943075470078133,1.0,0.32137058873793045,1.0,0.37634782608695655,1.0,0.4536884279990573,1.0,0.45421873723760514,1.0,0.4685755884494055,1.0,0.459324344796243,1.0,0.4985627595017566,1.0,0.3997254842153424,1.0,0.4835541699142634,1.0,0.5121281464530892,1.0,0.5235756385068763,1.0,0.4878688524590164,1.0
251,0.11920092455010732,1.0,0.11781684597218578,1.0,0.29623468924845003,1.0,0.26804935678655817,1.0,0.31145076421949386,1.0,0.469468806883998,1.0,0.4614228060457387,1.0,0.46492179030509523,1.0,0.4609439236967604,1.0,0.5133689839572193,1.0,0.41231003039513675,1.0,0.48973107029373014,1.0,0.5212620027434842,1.0,0.56470239857862,1.0,0.5222299009444828,1.0
252,0.10682152789137903,1.0,0.1271953166577967,1.0,0.280297849707469,1.0,0.2663237729927644,1.0,0.3115306810519218,1.0,0.47908567874358576,1.0,0.4881889763779528,1.0,0.4896671399274333,1.0,0.4988466861448562,1.0,0.5462581025338833,1.0,0.44309647602541885,1.0,0.5366416618580496,1.0,0.574794367768019,1.0,0.6061026352288488,1.0,0.5745415318230852,1.0
253,0.46649188923480256,1.0,0.5006829564425558,1.0,0.5849586081100042,1.0,0.6169360606494064,1.0,0.5699045480067377,1.0,0.6087972508591065,1.0,0.6079191471687665,1.0,0.6019649122807017,1.0,0.5806541019955654,1.0,0.6080892608089261,1.0,0.46889400921658986,1.0,0.5460359958351926,1.0,0.5690755304941386,1.0,0.5887623386484434,1.0,0.5521415270018621,1.0
254,0.12993235625704622,1.0,0.14459143968871596,1.0,0.38588947284599456,1.0,0.39300112885018545,1.0,0.39805520702634883,1.0,0.503951367781155,1.0,0.5156744319815934,1.0,0.5255195815071398,1.0,0.5097218067603948,1.0,0.5495388277298423,1.0,0.43710273466371025,1.0,0.5013147718484146,1.0,0.5275640018847181,1.0,0.5544025157232705,1.0,0.528717294192725,1.0
255,0.18777222132602034,1.0,0.16439980470112298,1.0,0.17683855962787715,1.0,0.15659582802859662,1.0,0.17223327400272223,1.0,0.19160194589058632,1.0,0.21185241105973387,1.0,0.20987133516135836,1.0,0.2096360840594567,1.0,0.22979884077736107,1.0,0.26561490912445795,1.0,0.324948815443112,1.0,0.33710547254884626,1.0,0.39762724837351704,1.0,0.46098692534795443,1.0
256,0.5744296945482665,1.0,0.44998428167243004,1.0,0.25254515599343186,1.0,0.27118017018128004,1.0,0.3119152691968226,1.0,0.2850544116495733,1.0,0.2796388261851016,1.0,0.3057791444333906,1.0,0.33284540944945923,1.0,0.3895966029723992,1.0,0.33588516746411484,1.0,0.4128768523249872,1.0,0.41409315816413583,1.0,0.37621023513139695,1.0,0.3266636891469406,1.0
257,0.5711727842435094,1.0,0.5270299069403992,1.0,0.39638288486987205,1.0,0.40352177942539386,1.0,0.3632126210111151,1.0,0.37981999052581716,1.0,0.3789365479861695,1.0,0.37378415933302456,1.0,0.36581367817138694,1.0,0.3852204133894275,1.0,0.3032793977675867,1.0,0.35498839907192575,1.0,0.3604203809702543,1.0,0.38015209839451697,1.0,0.34249411764705884,1.0
258,0.1347447891022485,1.0,0.17148125384142593,1.0,0.19875883468367522,1.0,0.18676318510858325,1.0,0.2334022945269889,1.0,0.29056603773584905,1.0,0.28012458633443643,1.0,0.28865979381443296,1.0,0.2937629545882796,1.0,0.17404611303815548,1.0,0.16915623738393218,1.0,0.20153550863723607,1.0,0.19295436349079265,1.0,0.22231722958529285,1.0,0.22448141302115424,1.0
259,0.2472292005319935,1.0,0.19711081543432807,0.8,0.2298507462686567,1.0,0.24343776460626587,1.0,0.2556170628459785,1.0,0.28366187771466755,1.0,0.24313326551373346,1.0,0.2485729112610275,1.0,0.28128196385952947,1.0,0.35620248470239196,1.0,0.3438216978039987,1.0,0.409504884914721,1.0,0.4583903849079568,1.0,0.5258092738407699,1.0,0.47986630590482254,1.0
260,0.14073209858538718,1.0,0.18115423170557068,1.0,0.26999001459405486,1.0,0.3090627420604183,1.0,0.4039788875355258,1.0,0.3976300197498354,1.0,0.4005204636858292,1.0,0.39788484136310226,1.0,0.4160516605166052,1.0,0.42751113310242456,1.0,0.34832904884318766,1.0,0.41120852673199243,1.0,0.4569285159955161,1.0,0.526341227646206,1.0,0.51060153918643,1.0
261,0.11682539682539683,1.0,0.10634834508952794,1.0,0.24145616641901932,1.0,0.2523672293124743,1.0,0.26621160409556316,1.0,0.44086750254151136,1.0,0.43565486870004894,1.0,0.42915531335149865,1.0,0.45690213869086194,1.0,0.4839753965684688,1.0,0.38688946015424164,1.0,0.47733333333333333,1.0,0.5068448500651891,1.0,0.5352697095435685,1.0,0.5052438821375063,1.0
262,0.13317793317793317,1.0,0.13990672884743505,1.0,0.1696557410843125,1.0,0.17733891881109115,1.0,0.23788626805631743,1.0,0.17336197636949516,1.0,0.1744952178533475,1.0,0.16702819956616052,1.0,0.1651717348501422,1.0,0.162048326313456,1.0,0.171268584668855,1.0,0.18581008003460955,1.0,0.21610623259798672,1.0,0.2075960293482952,1.0,0.2403262915708011,1.0
263,0.13975293942550976,1.0,0.1585014409221902,1.0,0.15879962488277588,1.0,0.1623567589493966,1.0,0.18474962063732928,1.0,0.2493209157935584,1.0,0.27152817034105897,1.0,0.2853210194476512,1.0,0.3028539761706844,1.0,0.33989401968205907,1.0,0.2969655642686669,1.0,0.3397044509335457,1.0,0.35184342284934,1.0,0.38627380524613725,1.0,0.37910393615091603,1.0
264,0.14465408805031446,1.0,0.13084041832819202,1.0,0.4438863729930012,1.0,0.3285310476885201,1.0,0.34807430901676484,1.0,0.41640920013731547,1.0,0.39930893948790647,1.0,0.4020293911826452,1.0,0.39982920580700254,1.0,0.371588785046729,1.0,0.29558642518023565,1.0,0.3622648537902775,1.0,0.3764007910349374,1.0,0.4080621661000486,1.0,0.4018445322793149,1.0
265,0.5729036982790187,1.0,0.5587218149121593,1.0,0.31419314193141934,1.0,0.3701636552833223,1.0,0.3831424175072662,1.0,0.5237806725234777,1.0,0.5336282522306366,1.0,0.5341078343759309,1.0,0.5241750941167787,1.0,0.5349573874349498,1.0,0.4268329783997566,1.0,0.4986675027433767,1.0,0.5166863905325444,1.0,0.5554151196776996,1.0,0.5178197064989518,1.0
266,0.11911357340720222,1.0,0.11075094543490005,1.0,0.21504702194357367,1.0,0.15733767555465092,1.0,0.16510903426791276,1.0,0.25019394879751744,1.0,0.22765871411241406,1.0,0.21282102329285288,1.0,0.15437392795883362,1.0,0.13489800394823426,1.0,0.13461920859017698,1.0,0.1455626513983704,1.0,0.14417582417582417,1.0,0.18765947575968453,1.0,0.24871355060034306,1.0
267,0.11006140765233821,1.0,0.12107161257083977,1.0,0.5645897775813816,1.0,0.6008928571428571,1.0,0.5607235142118863,1.0,0.6244854600982606,1.0,0.6267764643378935,1.0,0.6223516949152542,1.0,0.6087751371115173,1.0,0.6355417796719618,1.0,0.5129001756044846,1.0,0.5815105241436236,1.0,0.6087488113028121,1.0,0.6308532423208191,1.0,0.5991085109346705,1.0
268,0.4418037781840341,1.0,0.37755185701401983,1.0,0.36136614028644876,1.0,0.33365692651198914,1.0,0.28986321903691215,1.0,0.23862507450824558,1.0,0.23852944029488796,1.0,0.21605351170568562,1.0,0.21008403361344538,1.0,0.2081693835488102,1.0,0.1933691914293272,1.0,0.1986262163709216,1.0,0.19649490427659777,1.0,0.20338345864661656,1.0,0.19842238707859894,1.0
269,0.15811688311688313,1.0,0.20311284046692607,1.0,0.3500717360114778,1.0,0.37792045657214196,1.0,0.3406022845275182,1.0,0.34834032811903853,1.0,0.35282146160962075,1.0,0.33077063884312646,1.0,0.32092858408647884,1.0,0.322202486678508,1.0,0.2639241577789064,1.0,0.2936923911078981,1.0,0.3039695486677542,1.0,0.30673316708229426,1.0,0.2848247642768191,1.0
270,0.13710989498594883,1.0,0.13740458015267176,1.0,0.21063027473514095,1.0,0.2570768341998845,1.0,0.2818696883852691,1.0,0.3164218958611482,1.0,0.2870639534883721,1.0,0.29118432769367764,1.0,0.30709476954945625,1.0,0.36606498194945847,1.0,0.35885623510722797,1.0,0.4295280612244898,1.0,0.4735524256651017,1.0,0.5226512617816965,1.0,0.5342796738145575,1.0
271,0.12402136533255287,1.0,0.1385845043186799,1.0,0.3029034059184813,1.0,0.17775319955759203,1.0,0.210614659099992,1.0,0.2614528795811518,1.0,0.24440490041749366,1.0,0.22471767542190077,1.0,0.247715911049819,1.0,0.2656391659111514,1.0,0.23459734478098418,1.0,0.25977950183748466,1.0,0.2787416896383979,1.0,0.3042500200851611,1.0,0.30841472577009765,1.0
272,0.11290780141843972,1.0,0.12699857012868843,1.0,0.17394468704512372,1.0,0.18062636562272397,1.0,0.2188385269121813,1.0,0.3464052287581699,1.0,0.28347318496898943,1.0,0.264147465437788,1.0,0.2626462646264626,1.0,0.27941712204007285,1.0,0.24529616724738676,1.0,0.2749003984063745,1.0,0.2994483845547675,1.0,0.35347912524850894,1.0,0.3500089976606082,1.0
273,0.11335140630294815,1.0,0.11122881355932203,1.0,0.20089321317489434,1.0,0.32557958004839593,1.0,0.2427201548341691,1.0,0.33915778437882227,1.0,0.2400583373845406,1.0,0.23152049023362697,1.0,0.22857409307096896,1.0,0.19003957146993533,1.0,0.1930635838150289,1.0,0.2518479958355023,1.0,0.2866929624247457,1.0,0.3126827485380117,1.0,0.3143006353903734,1.0
274,0.10531348176478623,1.0,0.14666666666666667,1.0,0.1324034768546594,1.0,0.12006578947368421,1.0,0.14444886589733386,1.0,0.33310879083866624,1.0,0.22302754193414787,1.0,0.20081716036772215,1.0,0.19412465263993647,1.0,0.20229790726302832,1.0,0.21565731166912852,1.0,0.2657631113730112,1.0,0.3074037512339585,1.0,0.3700849634459593,1.0,0.35450575625248115,1.0
275,0.2551530293566521,1.0,0.30656219392752204,1.0,0.40664961636828645,1.0,0.40283687943262414,1.0,0.3059376632422079,1.0,0.3902736621927837,1.0,0.39744915546363324,1.0,0.4056473829201102,1.0,0.3923024983119514,1.0,0.40857863751051304,1.0,0.3225752786557977,1.0,0.35563380281690143,1.0,0.365040365040365,1.0,0.36985345429169575,1.0,0.36211114994757077,1.0
276,0.17520711874808223,1.0,0.22638546107247026,1.0,0.19048072346501665,1.0,0.177648517211786,1.0,0.1964187831171204,1.0,0.31046670415294403,1.0,0.32810680742063186,1.0,0.3307772743116068,1.0,0.3361613713098433,1.0,0.3915989159891599,1.0,0.35042458552365546,1.0,0.41591730397512394,1.0,0.46465968586387435,1.0,0.5157928491261825,1.0,0.5042077422457322,1.0
277,0.26830454877158844,1.0,0.21317736930054906,1.0,0.3221059516023545,1.0,0.23323143319546843,1.0,0.23911894273127754,1.0,0.3252950666553452,1.0,0.333117723156533,1.0,0.34137187574862254,1.0,0.34778782302584205,1.0,0.3735247208931419,1.0,0.31545338441890164,1.0,0.3659187588622904,1.0,0.39346708671862046,1.0,0.31800904977375566,1.0,0.2934546173620724,1.0
278,0.2534131947502863,1.0,0.33061016083737554,1.0,0.3568454567719814,1.0,0.3867665418227216,1.0,0.376051459673429,1.0,0.42823745512231776,1.0,0.4344142088968551,1.0,0.4368374910337132,1.0,0.3915094339622642,1.0,0.41905082463816895,1.0,0.32230992937266306,1.0,0.3809648434092297,1.0,0.4011388523872098,1.0,0.40666294435138656,1.0,0.375932043416706,1.0
279,0.13154172560113153,1.0,0.12609970674486803,1.0,0.23884846567541917,1.0,0.20483211938177295,1.0,0.22470341939986044,1.0,0.31804782181460856,1.0,0.33249607535321823,1.0,0.3235908141962422,1.0,0.27617043661230933,1.0,0.2838641932096605,1.0,0.23785072437190538,1.0,0.2922603003465537,1.0,0.335969868173258,1.0,0.3865996649916248,1.0,0.3392194949673318,1.0
280,0.15986807845860093,1.0,0.16101238556812061,1.0,0.22300194931773878,1.0,0.21045515998197387,1.0,0.2826216484607746,1.0,0.2640492686682063,1.0,0.21591348010814987,1.0,0.1718813490451036,1.0,0.17634408602150536,1.0,0.152089407191448,1.0,0.16770892552586697,1.0,0.1827027027027027,1.0,0.19942315615986814,1.0,0.29622833843017327,1.0,0.3718761656098471,1.0
281,0.1087449816721941,1.0,0.11032800216860938,1.0,0.5751004016064257,1.0,0.15594246782740348,1.0,0.1578562282787635,1.0,0.18693982074263765,1.0,0.19438815276695245,1.0,0.21644423991409725,1.0,0.16321656050955413,1.0,0.1346613545816733,1.0,0.1346118041333085,1.0,0.1434200157604413,1.0,0.13827893175074185,1.0,0.1582962492053401,1.0,0.18108276291225886,1.0
282,0.1204714855260877,1.0,0.1281846071762038,1.0,0.5516956162117452,1.0,0.1627554882664648,1.0,0.16853932584269662,1.0,0.26063470627954083,1.0,0.16432111000991081,1.0,0.14134419551934826,1.0,0.1386481802426343,1.0,0.137546468401487,1.0,0.1426497277676951,1.0,0.1610345478572777,1.0,0.15242814667988108,1.0,0.1672542107324716,1.0,0.17041053446940357,1.0
283,0.3591425371940489,1.0,0.23974763406940064,1.0,0.29385826771653545,1.0,0.380564263322884,1.0,0.21009325287986835,1.0,0.279901356350185,1.0,0.25258761576175776,1.0,0.2577689958685109,1.0,0.22427745664739884,1.0,0.2187375942834458,1.0,0.2144026186579378,1.0,0.22344610542879623,1.0,0.25164792555253973,1.0,0.29343852222436023,1.0,0.27727437477346867,1.0
284,0.16699589728004863,1.0,0.1520158625247852,1.0,0.2878259425344627,1.0,0.1819560272934041,1.0,0.1863661352391424,1.0,0.26887598223436965,1.0,0.23118176594522122,1.0,0.22287445559553115,1.0,0.21539657853810265,1.0,0.19984387197501952,1.0,0.17634011090573012,1.0,0.20031116297160637,1.0,0.21481481481481482,1.0,0.23463135006918362,1.0,0.2520973154362416,1.0
285,0.16770186335403728,1.0,0.18538484576220426,1.0,0.23365200764818356,1.0,0.26666666666666666,1.0,0.20072137060414788,1.0,0.22587800369685768,1.0,0.21350398812836208,1.0,0.1958762886597938,1.0,0.19805392256233528,1.0,0.21999242711094283,1.0,0.2653673163418291,1.0,0.3433678269049859,1.0,0.39457567804024496,1.0,0.4726492670718627,1.0,0.41855960556435995,1.0
286,0.13905486148832155,1.0,0.19551820728291316,1.0,0.3698497333979641,1.0,0.30596699111299197,1.0,0.290592567793773,1.0,0.35151678818975607,1.0,0.3757777209579818,1.0,0.3338642598000177,1.0,0.31535412717559885,1.0,0.2955444239388347,1.0,0.2729506757942777,1.0,0.32194626534945986,1.0,0.34200843578928475,1.0,0.3565615462868769,1.0,0.3601487240155484,1.0
287,0.5988546886184681,1.0,0.5753752996089315,1.0,0.17734616082773644,1.0,0.13849123371400998,1.0,0.15680569026834787,1.0,0.2585889056477292,1.0,0.26490066225165565,1.0,0.2619244099686417,1.0,0.20264559985302222,1.0,0.1636843096628367,1.0,0.16909932360270558,1.0,0.193952802359882,1.0,0.20827178729689808,1.0,0.20696837720128763,1.0,0.21716611172770994,1.0
288,0.32617561381606325,1.0,0.2810952519662103,1.0,0.2227018091652126,1.0,0.2529810414343313,1.0,0.17326732673267325,1.0,0.25941607127105937,1.0,0.2672907388893938,1.0,0.26476719944405835,1.0,0.2788926049795615,1.0,0.29065908013276437,1.0,0.24459358687546606,1.0,0.25664774424858083,1.0,0.267484192374018,1.0,0.28186176588094286,1.0,0.2776384333397646,1.0
289,0.47430058555627846,1.0,0.48618371919342795,1.0,0.3516563523844194,1.0,0.35986420218785364,1.0,0.33455344070278187,1.0,0.36682874122096165,1.0,0.3642149929278642,1.0,0.35603042375950744,1.0,0.34817586529466793,1.0,0.35337787676317745,1.0,0.280230672193188,1.0,0.3196320219220983,1.0,0.3174980205859066,1.0,0.34766169154228854,1.0,0.32477486108449893,1.0
290,0.5777661404952495,1.0,0.5903086539081126,1.0,0.4075611296580348,1.0,0.45206991720331186,1.0,0.44380753864860173,1.0,0.545319697087985,1.0,0.541956934768841,1.0,0.5348499515972894,1.0,0.5381795968234575,1.0,0.5712746305418719,1.0,0.462728760601101,1.0,0.5280517879161529,1.0,0.5542760632580992,1.0,0.5788079470198676,1.0,0.5482555860446884,1.0
291,0.2862551440329218,1.0,0.302484169508037,1.0,0.44312677467847,1.0,0.3782120883098082,1.0,0.3588057579527279,1.0,0.4116059379217274,1.0,0.42046204620462047,1.0,0.404516711833785,1.0,0.40070052539404555,1.0,0.4150977227900305,1.0,0.32691315563198625,1.0,0.374953823420761,1.0,0.3990129775178212,1.0,0.41444444444444445,1.0,0.3948774645292058,1.0
292,0.32179038496960766,1.0,0.3742230945371279,1.0,0.5349548722655653,1.0,0.5652449659108927,1.0,0.5048621074446038,1.0,0.5551198914190921,1.0,0.5558270963800214,1.0,0.5446694928560214,1.0,0.5288929440389294,1.0,0.529802371541502,1.0,0.4020084224165857,1.0,0.459050240880936,1.0,0.4769177368969108,1.0,0.4918381831085876,1.0,0.4504228900485874,1.0
293,0.1636085626911315,1.0,0.1654227167865382,1.0,0.19313171939051743,1.0,0.15028417031584831,1.0,0.16713217406973602,1.0,0.2650473124573212,1.0,0.19861705031389318,1.0,0.1978494623655914,1.0,0.21445404556166536,1.0,0.2374512353706112,1.0,0.2571854551478506,1.0,0.32412728364353716,1.0,0.3723905723905724,1.0,0.2978303747534517,1.0,0.30334466106242175,1.0
294,0.39374944031521447,1.0,0.15564395822973645,0.85,0.4722434753039191,1.0,0.49353732524399896,1.0,0.4484698661665672,1.0,0.5260496106606727,1.0,0.5341772151898734,1.0,0.5262569832402234,1.0,0.5003822045558783,1.0,0.5256176026689967,1.0,0.3924914675767918,1.0,0.46187891440501044,1.0,0.4851917107139861,1.0,0.5087122821929452,1.0,0.4880540312368088,1.0
295,0.1594163371062321,1.0,0.13695311386632464,0.9487179487179487,0.372848948374761,1.0,0.39467630627670064,1.0,0.39571337172104926,1.0,0.48183041722745623,1.0,0.46959459459459457,1.0,0.3718087019057893,1.0,0.3510861948142957,1.0,0.3722133047975745,1.0,0.2976474599386294,1.0,0.3478576615831518,1.0,0.32401618242000735,1.0,0.33422357878672265,1.0,0.339662856035652,1.0
296,0.5618683001531394,1.0,0.41139100243776316,1.0,0.3364390051322542,1.0,0.40109508752988354,1.0,0.4197748334226851,1.0,0.48748991121872476,1.0,0.5043160432381989,1.0,0.5137917787168652,1.0,0.49572077100543277,1.0,0.5407134976094152,1.0,0.41681968417186926,1.0,0.4964748692290198,1.0,0.523340406183692,1.0,0.5456408639445057,1.0,0.5265365381513147,1.0
297,0.1387258410880458,1.0,0.10110206037374221,0.5833333333333334,0.2449674821926293,1.0,0.25876140182429186,1.0,0.2521210180886826,1.0,0.37088607594936707,1.0,0.3845680909929296,1.0,0.326133909287257,1.0,0.3174685290567339,1.0,0.33588317107093185,1.0,0.2859960552268245,1.0,0.3328705310656022,1.0,0.35935585506739015,1.0,0.40839971035481537,1.0,0.4051767890373879,1.0
298,0.22814847876218106,1.0,0.19977545435408042,1.0,0.25557193651894894,1.0,0.2778074390460936,1.0,0.25106531002695887,1.0,0.35228907506135226,1.0,0.34297554237425854,1.0,0.30730387736699727,1.0,0.31437021572720947,1.0,0.3256142831889694,1.0,0.2789115646258503,1.0,0.3281653746770026,1.0,0.35063313714999106,1.0,0.37877974592950436,1.0,0.3853317811408615,1.0
299,0.14473308592634884,1.0,0.15414315414315413,1.0,0.19970712062969065,1.0,0.20760929211633436,1.0,0.23,1.0,0.32359154929577466,1.0,0.30883301096067056,1.0,0.31107850330154074,1.0,0.303003376577217,1.0,0.3400322985824511,1.0,0.2826747720364742,1.0,0.3406791907514451,1.0,0.39022527682321495,1.0,0.45010414694186707,1.0,0.4518201284796574,1.0
300,0.2147138148037159,1.0,0.17376554843573314,1.0,0.14682306940371456,1.0,0.12396529370699112,1.0,0.1406113537117904,1.0,0.21410746963899518,1.0,0.16168534661685346,1.0,0.1518345834177985,1.0,0.151633349585568,1.0,0.144515612489992,1.0,0.1417169373549884,1.0,0.15175639367101204,1.0,0.1567394991519505,1.0,0.17080526791997588,1.0,0.18610720738807468,1.0
301,0.1943001544293135,1.0,0.1529100529100529,1.0,0.17900187483260424,1.0,0.17695763234387388,1.0,0.20717582513280502,1.0,0.330487313733387,1.0,0.33658834299664325,1.0,0.325221045259564,1.0,0.3262644113439367,1.0,0.3643569419585784,1.0,0.30570281124497994,1.0,0.3725350861609522,1.0,0.42737063304439193,1.0,0.4775103734439834,1.0,0.4823133071308254,1.0
302,0.1529343740965597,1.0,0.1789851525534345,1.0,0.17359329570720028,1.0,0.26679010267631714,1.0,0.25520738996558595,1.0,0.294828505420295,1.0,0.23092014910731803,1.0,0.2303218301667313,1.0,0.22462686567164178,1.0,0.22824056779977586,1.0,0.1810131066241587,1.0,0.21408290743895514,1.0,0.24556451612903227,1.0,0.3048507462686567,1.0,0.3098668612073682,1.0
303,0.19192587690271343,1.0,0.23309143686502176,1.0,0.38538487622923023,1.0,0.37865748709122204,1.0,0.35719539102721254,1.0,0.43403844465900115,1.0,0.45525689009867304,1.0,0.4276276784958076,1.0,0.40342379958246344,1.0,0.4296926095487247,1.0,0.3185655771963554,1.0,0.35393939393939394,1.0,0.38627233096845887,1.0,0.39938730853391685,1.0,0.34882501965580504,1.0
304,0.23119035288895465,1.0,0.18642241379310345,1.0,0.2674449692540772,1.0,0.27193059328717906,1.0,0.27282220868505785,1.0,0.34213800363671165,1.0,0.3270960777258006,1.0,0.2797701788527477,1.0,0.2619939361512395,1.0,0.259245895724337,1.0,0.23300229182582124,1.0,0.24807174887892378,1.0,0.26757000903342365,1.0,0.29863405053120257,1.0,0.31455120601028075,1.0
305,0.350883847962977,1.0,0.2338506893262811,1.0,0.22462899806433773,1.0,0.21065197428833793,1.0,0.18281123047756612,1.0,0.2731268731268731,1.0,0.257040755551774,1.0,0.2147404977812078,1.0,0.22391364517021867,1.0,0.24251136047482147,1.0,0.23618090452261306,1.0,0.26399106062016947,1.0,0.3021988348054877,1.0,0.3435298479792362,1.0,0.3756479217603912,1.0
306,0.16424840394660475,1.0,0.15895871078478116,1.0,0.25732235334069103,1.0,0.2897322941375805,1.0,0.225,1.0,0.34996234939759036,1.0,0.3636284495516671,1.0,0.3466108214377297,1.0,0.3446007826159354,1.0,0.36486939048894845,1.0,0.2855012427506214,1.0,0.32419692737430167,1.0,0.3406959418003331,1.0,0.30738437952474235,1.0,0.26141220721490854,1.0
307,0.20590496693833615,1.0,0.23280055594162613,1.0,0.2803250145095763,1.0,0.30727554179566563,1.0,0.288167226577081,1.0,0.3804637020144432,1.0,0.3369970559371933,1.0,0.3122047244094488,1.0,0.29880022852789945,1.0,0.3194906953966699,1.0,0.2558307720122943,1.0,0.29138431752178123,1.0,0.29306766293067665,1.0,0.34824281150159747,1.0,0.3311555737035525,1.0
308,0.4085707521111199,1.0,0.3133864387021566,0.23076923076923078,0.37530099759201924,1.0,0.39786625032526673,1.0,0.358554298260429,1.0,0.36955943622019327,1.0,0.3770375620127569,1.0,0.3713176927147645,1.0,0.3481456161339942,1.0,0.36453925209430865,1.0,0.2866409393217834,1.0,0.33209876543209876,1.0,0.34229631621403606,1.0,0.36303095752339815,1.0,0.32475997533691536,1.0
309,0.288321709452441,1.0,0.3068237604320079,1.0,0.19103773584905662,1.0,0.21539792387543252,1.0,0.23495350061414283,1.0,0.36378349217766587,1.0,0.31412786108918705,1.0,0.28085519922254615,1.0,0.27823142800239,1.0,0.3011385944248135,1.0,0.25009208103130753,1.0,0.31864673485444533,1.0,0.34836306606547734,1.0,0.36048632218844984,1.0,0.35409011796557727,1.0
310,0.22319702602230485,1.0,0.15151515151515152,1.0,0.23294723294723294,1.0,0.2106038291605302,1.0,0.24567350579839428,1.0,0.4231421784865965,1.0,0.4322747893713545,1.0,0.3777855153203343,1.0,0.37393089291823467,1.0,0.4104184457728437,1.0,0.3582939931629497,1.0,0.41302170283806344,1.0,0.4532134532134532,1.0,0.4870431893687708,1.0,0.48076591340348457,1.0
311,0.26931039974518234,1.0,0.3012863913337847,1.0,0.27801372100620714,1.0,0.29934640522875816,1.0,0.3014827018121911,1.0,0.4344734168642059,1.0,0.4445352066655775,1.0,0.4486765655261459,1.0,0.29713370126401994,1.0,0.2897398843930636,1.0,0.2606019151846785,1.0,0.2926208651399491,1.0,0.312306289881495,1.0,0.3393548387096774,1.0,0.28661447393545925,1.0
312,0.1693244651013703,1.0,0.23625396334390225,1.0,0.14814814814814814,1.0,0.14292025624033577,1.0,0.20763482124823268,1.0,0.3064288237371953,1.0,0.3338899712403748,1.0,0.3249004865103936,1.0,0.19795456780411053,1.0,0.14988620353310936,1.0,0.14735115314098235,1.0,0.16310323762981063,1.0,0.15495054769754335,1.0,0.181140350877193,1.0,0.16932391523713422,1.0
313,0.16942827287654874,1.0,0.14956872820701045,0.2777777777777778,0.19907273254129237,1.0,0.2056083741477,1.0,0.225183396787074,1.0,0.3020221787345075,1.0,0.32446296890028853,1.0,0.293153780958659,1.0,0.28910494709751217,1.0,0.332622187742436,1.0,0.2740446821357716,1.0,0.2870201096892139,1.0,0.29758660957571037,1.0,0.30972930561004314,1.0,0.2927990478079746,1.0
314,0.5609538002980626,1.0,0.4934789202305126,1.0,0.1776925535314797,1.0,0.17655583286369858,1.0,0.1467242055708121,1.0,0.1749271137026239,1.0,0.16958206766523515,1.0,0.15658399916986615,1.0,0.14878048780487804,1.0,0.14411915767847971,1.0,0.1612964187848436,1.0,0.19684252597921661,1.0,0.22159205995543851,1.0,0.2737867979503667,1.0,0.31404872991187144,1.0
315,0.1786698828394211,1.0,0.17674890165596485,1.0,0.2859229505203579,1.0,0.26590597900502055,1.0,0.2514492753623188,1.0,0.35356037151702785,1.0,0.3608142493638677,1.0,0.36840330467037596,1.0,0.37110337212265354,1.0,0.40596562184024265,1.0,0.292203859132993,1.0,0.347961823209348,1.0,0.3672942045035068,1.0,0.41526354319180087,1.0,0.40007320644216693,1.0
316,0.277796667800068,1.0,0.2308254200146092,1.0,0.3464991023339318,1.0,0.3076635514018692,1.0,0.2963898916967509,1.0,0.31580895964457606,1.0,0.31313855529664814,1.0,0.3017530772099963,1.0,0.2934131736526946,1.0,0.28736517719568566,1.0,0.20943952802359883,1.0,0.24731602576615264,1.0,0.2729493181355587,1.0,0.281064483111566,1.0,0.2754940711462451,1.0
317,0.12471395881006865,1.0,0.1308323248621756,1.0,0.17971497316305757,1.0,0.19839825263924282,1.0,0.23153763824473778,1.0,0.3552773914387266,1.0,0.3672998402272324,1.0,0.3689013689013689,1.0,0.36749482401656314,1.0,0.3933632286995516,1.0,0.33960006836438217,1.0,0.411702688455456,1.0,0.4493844049247606,1.0,0.49749079959852793,1.0,0.45520960166985563,1.0
318,0.5112093463845911,1.0,0.38622396041184454,1.0,0.18845055199567667,1.0,0.21595406223325833,1.0,0.1459227467811159,1.0,0.22454196847038774,1.0,0.23112641101593148,1.0,0.22818791946308725,1.0,0.2569917461335043,1.0,0.30354587374781367,1.0,0.14515525626636738,1.0,0.15547251450486774,1.0,0.1548175400218753,1.0,0.1579994034006165,1.0,0.16371900009880447,1.0
319,0.14513491414554375,1.0,0.20466557317295425,1.0,0.285750571501143,1.0,0.27532414910858993,1.0,0.29163834126444593,1.0,0.4380550820848659,1.0,0.418795862434798,1.0,0.4239806496199032,1.0,0.30919540229885056,1.0,0.31623766208631704,1.0,0.25923244026068065,1.0,0.28944075464433533,1.0,0.29736610202682856,1.0,0.3220503842038712,1.0,0.2898450606927859,1.0
320,0.5210492227979274,1.0,0.5140401146131806,1.0,0.43312666076173606,1.0,0.44524469067405353,1.0,0.40604711556297535,1.0,0.4904201680672269,1.0,0.49111036564911104,1.0,0.4758597323394884,1.0,0.48549323017408125,1.0,0.5047650894499247,1.0,0.40593424218123497,1.0,0.4610597140454163,1.0,0.4781121751025992,1.0,0.5054794520547945,1.0,0.47238421955403087,1.0
321,0.15517519780397224,1.0,0.3921442369607212,1.0,0.3401920438957476,1.0,0.30876847290640397,1.0,0.29416515243286895,1.0,0.37285851780558227,1.0,0.3737151248164464,1.0,0.3555596263051841,1.0,0.2877303018424147,1.0,0.28084415584415584,1.0,0.22816166883963493,1.0,0.24322153042779673,1.0,0.24887983706720979,1.0,0.25163934426229506,1.0,0.23503054989816702,1.0
322,0.22547386787215482,1.0,0.1662990736656374,1.0,0.3095944609297725,1.0,0.26675887505763024,1.0,0.2654843110504775,1.0,0.36889961031731305,1.0,0.35584415584415585,1.0,0.32030601898792516,1.0,0.3121925509486999,1.0,0.32114009841240365,1.0,0.2848008768724881,1.0,0.3361917754823621,1.0,0.3591970662034356,1.0,0.354399243140965,1.0,0.34105341800522976,1.0
323,0.30949983215844246,1.0,0.1717573518965762,1.0,0.14614605396445346,1.0,0.12956419316843346,1.0,0.1466924191211975,1.0,0.21884472157270288,1.0,0.20961492844152763,1.0,0.1507618283881315,1.0,0.16251830161054173,1.0,0.17103174603174603,1.0,0.1451455362375464,1.0,0.1492987012987013,1.0,0.15382202237791487,1.0,0.17891672731053124,1.0,0.1933100759285861,1.0
324,0.1083676268861454,1.0,0.0910025706940874,1.0,0.15460122699386503,1.0,0.12497592913537454,1.0,0.1410756040530008,1.0,0.18406010125755348,1.0,0.18503632709846962,1.0,0.15125049622866216,1.0,0.16088819633813792,1.0,0.14800871805032692,1.0,0.141829199015338,1.0,0.15057283142389524,1.0,0.1525,1.0,0.2481083233771406,1.0,0.3293591654247392,1.0
325,0.12853744565663194,1.0,0.11556588118154663,1.0,0.43212382643998987,1.0,0.46912050964431073,1.0,0.4752808067557596,1.0,0.5789775990809879,1.0,0.5846242941942956,1.0,0.5776189086664721,1.0,0.5718325791855203,1.0,0.6010894615545779,1.0,0.4915570884529712,1.0,0.5605674790833031,1.0,0.5884124480137674,1.0,0.6134247564056298,1.0,0.5871813546977421,1.0
326,0.10817547357926222,1.0,0.11152614727854857,1.0,0.1779828089267408,1.0,0.15067703831748774,1.0,0.15912518853695323,1.0,0.18142275852392312,1.0,0.1680227827502034,1.0,0.18795768917819367,1.0,0.19344760618086634,1.0,0.1784518828451883,1.0,0.1559668401773665,1.0,0.16523560209424085,1.0,0.16622968012585213,1.0,0.17978974468998069,1.0,0.25377144038024385,1.0
327,0.0991407799074686,1.0,0.09651853948485706,1.0,0.2582688247712878,1.0,0.2965565706254392,1.0,0.31559065934065933,1.0,0.4457987973346335,1.0,0.44260243978730057,1.0,0.43952095808383235,1.0,0.44603685288095934,1.0,0.46588235294117647,1.0,0.3756662098370641,1.0,0.4230890217049387,1.0,0.4269286056540489,1.0,0.44357142857142856,1.0,0.40476190476190477,1.0
328,0.10005095974180397,1.0,0.09696009220573404,1.0,0.27098976109215017,1.0,0.17096188747731397,1.0,0.1833213515456506,1.0,0.270935960591133,1.0,0.26013847675568746,1.0,0.23017762314594398,1.0,0.2367816091954023,1.0,0.24149108589951376,1.0,0.23635057471264367,1.0,0.27576497090294727,1.0,0.2972972972972973,1.0,0.3452576304561864,1.0,0.3615876219307097,1.0
329,0.14831460674157304,1.0,0.14773901295398553,1.0,0.2071700507614213,1.0,0.3528810628095276,1.0,0.20552350326302846,1.0,0.3530249110320285,1.0,0.32510518934081345,1.0,0.3373260849534691,1.0,0.34705988131631,1.0,0.38646346929627967,1.0,0.3367372562149494,1.0,0.4005421002011017,1.0,0.4281258123212893,1.0,0.4763680513398664,1.0,0.4620291881499607,1.0
330,0.10050933786078098,1.0,0.10864165250359524,1.0,0.20823957071144192,1.0,0.24327979712595096,1.0,0.2875250166777852,1.0,0.5021465581051073,1.0,0.5151220865704772,1.0,0.5251818306573349,1.0,0.5320229977269688,1.0,0.557451955382341,1.0,0.45549434618730067,1.0,0.5278573001541511,1.0,0.5589037164586024,1.0,0.5943600867678959,1.0,0.5580319596299411,1.0
331,0.1146894511994742,1.0,0.12022471910112359,1.0,0.2744422274623617,1.0,0.3117816091954023,1.0,0.2340880727402389,1.0,0.3866177206741198,1.0,0.4015647453297142,1.0,0.3801610416309748,1.0,0.40790960451977404,1.0,0.4515351229705835,1.0,0.39123703359653195,1.0,0.4571518588531821,1.0,0.47380410022779046,1.0,0.5458996328029376,1.0,0.5348837209302325,1.0
332,0.24216327936617293,1.0,0.2583876609953888,1.0,0.16806722689075632,1.0,0.14959983583008413,1.0,0.14282846532169025,1.0,0.187683284457478,1.0,0.18133353936490768,1.0,0.13967653854232304,1.0,0.18848335652360057,1.0,0.13777883812477634,1.0,0.13181771842185747,1.0,0.14240577747686753,1.0,0.1425310966563962,1.0,0.15999063012415085,1.0,0.2512087912087912,1.0
333,0.23281143635125937,1.0,0.24401254877955467,1.0,0.15614617940199335,1.0,0.1297238009771662,1.0,0.13906111603188662,1.0,0.18960346551149618,1.0,0.18227772821885221,1.0,0.15389382359016732,1.0,0.18699537086876952,1.0,0.14096539940196498,1.0,0.1329388560157791,1.0,0.1364232619151727,1.0,0.13415168785620343,1.0,0.1451086344703366,1.0,0.23379302855901835,1.0
334,0.2431637244721357,1.0,0.2508645080163471,1.0,0.4173822325656047,1.0,0.39701442468970144,1.0,0.14858466807696183,1.0,0.19630872483221476,1.0,0.1761689291101056,1.0,0.1381638617353623,1.0,0.18089630356558717,1.0,0.13853735020719005,1.0,0.129973474801061,1.0,0.14436343241727426,1.0,0.13860933211344922,1.0,0.1474505098980204,1.0,0.20259208731241474,1.0
335,0.4054249547920434,1.0,0.4352594532656736,1.0,0.16892327530625403,1.0,0.14566095824514141,1.0,0.15046252595808948,1.0,0.1687509649529103,1.0,0.16157461809635723,1.0,0.15488353085410708,1.0,0.17257683215130024,1.0,0.15158007498660953,1.0,0.1370873786407767,1.0,0.14491525423728813,1.0,0.1432225063938619,1.0,0.14873630060389176,1.0,0.19234948924146925,1.0
336,0.13313413014608233,1.0,0.13380698638247485,1.0,0.19515530377026763,1.0,0.1590493601462523,1.0,0.1509173406983626,1.0,0.18722327640733713,1.0,0.18241091736163761,1.0,0.15461763476807355,1.0,0.16778523489932887,1.0,0.18075911311537016,1.0,0.14085353636545783,1.0,0.14517900285526028,1.0,0.14886087148860871,1.0,0.14907407407407408,1.0,0.19678356041992406,1.0
337,0.11697004326177454,1.0,0.12332075471698113,1.0,0.41202185792349727,1.0,0.15962486705984724,1.0,0.1723240026039245,1.0,0.234375,1.0,0.23721881390593047,1.0,0.2368289845437926,1.0,0.25457679993432397,1.0,0.16576700363136715,1.0,0.15518753044325378,1.0,0.18364626152649705,1.0,0.21098073942882445,1.0,0.20328388842242748,1.0,0.1719123073583677,1.0
338,0.11497189575881452,1.0,0.11537326645028032,1.0,0.249351167897784,1.0,0.28812289246908956,1.0,0.31970327483263977,1.0,0.16436698136044542,1.0,0.16766323845969863,1.0,0.1590623691921306,1.0,0.15648496240601503,1.0,0.17304035495457426,1.0,0.1840607210626186,1.0,0.21796028880866425,1.0,0.276266137040715,1.0,0.4085515162930872,1.0,0.5008308408109007,1.0
339,0.11236271472824556,1.0,0.1362842166569598,1.0,0.29605363400883744,1.0,0.40287876539545925,1.0,0.4714203233256351,1.0,0.489776357827476,1.0,0.5040397762585457,1.0,0.5086988847583643,1.0,0.500950709375457,1.0,0.5367743822196227,1.0,0.4217261904761905,1.0,0.48787467992167494,1.0,0.5126353790613718,1.0,0.5317161368087991,1.0,0.4879149210441508,1.0
340,0.22709923664122136,1.0,0.3412178360236535,1.0,0.33806841374806107,1.0,0.38652414582935674,1.0,0.42953986950258455,1.0,0.5578137028483449,1.0,0.564691471443883,1.0,0.565404079128968,1.0,0.5285714285714286,1.0,0.5522411867921518,1.0,0.4059294871794872,1.0,0.45439427953770684,1.0,0.47576006573541496,1.0,0.5056387813499411,1.0,0.4677652255160112,1.0
341,0.14220249176571675,1.0,0.1612541993281075,1.0,0.25179370304718496,1.0,0.22810931399888454,1.0,0.25043335462092875,1.0,0.36016293279022404,1.0,0.36457476934319905,1.0,0.3636115905168498,1.0,0.35915119363395226,1.0,0.38817577063618475,1.0,0.32833609343676456,1.0,0.3957041430754022,1.0,0.42931709438886473,1.0,0.47834981247869074,1.0,0.4219004524886878,1.0
342,0.30497618656593856,1.0,0.30146249410284637,1.0,0.25158527546734744,1.0,0.26341384341060137,1.0,0.29586893332158903,1.0,0.4200626959247649,1.0,0.4299758259468171,1.0,0.37732772676563975,1.0,0.3859795884222854,1.0,0.41447648209577276,1.0,0.36092523750516314,1.0,0.423333045057511,1.0,0.45962732919254656,1.0,0.5030331678878122,1.0,0.49018969307172516,1.0
343,0.6013854813104345,1.0,0.527823240589198,1.0,0.24515470928255695,1.0,0.25739848589125947,1.0,0.14340344168260039,1.0,0.15366924524357098,1.0,0.15746253336070623,1.0,0.14596774193548387,1.0,0.1510791366906475,1.0,0.13974068738423545,1.0,0.1423106350420811,1.0,0.16756973710616094,1.0,0.19875914026146688,1.0,0.2921420882669537,1.0,0.31997084548104954,1.0
344,0.37820120618827024,1.0,0.40261396238444375,1.0,0.4706382978723404,1.0,0.48245770258236864,1.0,0.4268859492313193,1.0,0.4873963796311961,1.0,0.4895771795088193,1.0,0.4750326797385621,1.0,0.4605649149274998,1.0,0.44910919033339214,1.0,0.3290773939658942,1.0,0.36848181643255723,1.0,0.3769977448769487,1.0,0.38082302042459,1.0,0.34753499695678636,1.0
345,0.2632105350891815,1.0,0.27941176470588236,1.0,0.1909212283044059,1.0,0.1591339079251629,1.0,0.16423948220064724,1.0,0.1853045439896874,1.0,0.18603174603174602,1.0,0.15306572562858403,1.0,0.19462571976967372,1.0,0.13573141486810553,1.0,0.13036303630363036,1.0,0.1419981498612396,1.0,0.1390728476821192,1.0,0.14803187635836754,1.0,0.19049904030710174,1.0
346,0.3747232158065066,1.0,0.4041754632887638,1.0,0.1702962035878181,1.0,0.1393571353784944,1.0,0.14945321992709598,1.0,0.17640650533032448,1.0,0.1645847030462415,1.0,0.14517383094524047,1.0,0.18064516129032257,1.0,0.13953753274860461,1.0,0.13364795662215082,1.0,0.14285714285714285,1.0,0.1398859443139886,1.0,0.1496800731261426,1.0,0.20775998195353035,1.0
347,0.128558476881233,1.0,0.1206896551724138,1.0,0.2987453374025093,1.0,0.3381707084208516,1.0,0.38064948108470037,1.0,0.43130553656869447,1.0,0.42790152403282533,1.0,0.16787003610108303,1.0,0.15838840332551696,1.0,0.13638465094775776,1.0,0.1813743897859557,1.0,0.22423256759503965,1.0,0.25106555713415873,1.0,0.3140016570008285,1.0,0.3347597743629644,1.0
348,0.3173860287744843,1.0,0.34600760456273766,1.0,0.1741229481815256,1.0,0.14612051988972036,1.0,0.16261398176291794,1.0,0.19257950530035337,1.0,0.17736003269309358,1.0,0.17868745938921377,1.0,0.1984851093131348,1.0,0.1771004942339374,1.0,0.16420174440652258,1.0,0.1680327868852459,1.0,0.16959542296689825,1.0,0.19468107209640556,1.0,0.27474747474747474,1.0
349,0.3251271951419662,1.0,0.2663382594417077,1.0,0.21954530030539532,1.0,0.2818491309801111,1.0,0.3574603174603175,1.0,0.5467263570229435,1.0,0.5642641819676624,1.0,0.5680304471931494,1.0,0.5632060247444863,1.0,0.5986613119143239,1.0,0.4957569121270189,1.0,0.5683060109289617,1.0,0.593037376872217,1.0,0.6216577540106952,1.0,0.5938109841092836,1.0
350,0.14499252615844543,1.0,0.3115166771554437,1.0,0.2927835051546392,1.0,0.2775091858441307,1.0,0.2997658079625293,1.0,0.3699851411589896,1.0,0.37006754354781374,1.0,0.3400673400673401,1.0,0.2687002137167282,1.0,0.26092184368737475,1.0,0.22061780296106745,1.0,0.23650129507870093,1.0,0.24176482331802754,1.0,0.252764930625377,1.0,0.24714371617558628,1.0
351,0.13831159524150782,1.0,0.15666666666666668,1.0,0.33162573451860783,1.0,0.3888712241653418,1.0,0.392083401205408,1.0,0.5080535902453711,1.0,0.5229437229437229,1.0,0.5368782161234992,1.0,0.5389196086771586,1.0,0.5715085362440526,1.0,0.4559077809798271,1.0,0.5320644216691068,1.0,0.558950706255405,1.0,0.5750970438936996,1.0,0.5518558118222087,1.0
352,0.19929088491653124,1.0,0.22790697674418606,1.0,0.2607428987618354,1.0,0.25989378105191024,1.0,0.30117252931323285,1.0,0.3662137225297769,1.0,0.37007369432874077,1.0,0.36382603113464934,1.0,0.37408701174976183,1.0,0.19192660550458715,1.0,0.20284191829484902,1.0,0.22696115765422697,1.0,0.26325940212150434,1.0,0.28531300160513645,1.0,0.3001695873374788,1.0
353,0.14071594877764843,1.0,0.14604937445641267,1.0,0.3074706273553536,1.0,0.39262785832792324,1.0,0.44601142691834816,1.0,0.48754781794051055,1.0,0.4980451127819549,1.0,0.4990146704620101,1.0,0.5037324145851277,1.0,0.5285443130383998,1.0,0.42508454639023674,1.0,0.49382993044648865,1.0,0.5229152693941427,1.0,0.5403262008080203,1.0,0.5133921659699644,1.0
354,0.48341414607865774,1.0,0.5043782837127846,1.0,0.33659047286686444,1.0,0.36509607791524085,1.0,0.346931659693166,1.0,0.393949960770639,1.0,0.3973670535250303,1.0,0.21311475409836064,1.0,0.20455908818236354,1.0,0.18232848232848234,1.0,0.17526932084309133,1.0,0.18818582709465695,1.0,0.19376623376623375,1.0,0.20686818836109397,1.0,0.19351279788172993,1.0
355,0.3318112633181126,1.0,0.29094540612516645,1.0,0.4581889407864999,1.0,0.5275175644028103,1.0,0.5232454841575362,1.0,0.6070962692408035,1.0,0.6172422747338354,1.0,0.61536465092136,1.0,0.5982994073692347,1.0,0.6216492213428645,1.0,0.49587112494923513,1.0,0.5674934904755379,1.0,0.5827476918836985,1.0,0.6096889622901184,1.0,0.5758620689655173,1.0
356,0.16928738708598193,1.0,0.22796143250688705,0.5227272727272727,0.3639037895829728,1.0,0.35071846726982436,1.0,0.306044243163212,1.0,0.3845337108476376,1.0,0.39042995839112343,1.0,0.37443868739205527,1.0,0.34839797639123105,1.0,0.3354849668761678,1.0,0.268464243845252,1.0,0.2987794091632761,1.0,0.3018207282913165,1.0,0.3038961038961039,1.0,0.2832330180567498,1.0
357,0.21768707482993196,1.0,0.30613758575931765,0.7446808510638298,0.36301134410450325,1.0,0.36005601260283565,1.0,0.3166089965397924,1.0,0.39619985925404644,1.0,0.39799446749654216,1.0,0.3906920831186674,1.0,0.36433589829374374,1.0,0.3550345758137966,1.0,0.27419354838709675,1.0,0.3066004258339248,1.0,0.3080168776371308,1.0,0.31653050582304887,1.0,0.292894280762565,1.0
358,0.28369148758953855,1.0,0.3250082155767335,1.0,0.3831101956745623,1.0,0.39019710448281875,1.0,0.3397447106137437,1.0,0.24441435341909276,1.0,0.265222582295753,1.0,0.26992815600410536,1.0,0.2872946697955079,1.0,0.29610258140712,1.0,0.2629441624365482,1.0,0.2939516840063481,1.0,0.30407191961924906,1.0,0.31815756713498133,1.0,0.2957094534448994,1.0
359,0.21071752951861944,1.0,0.178089967361998,1.0,0.5416365997979506,1.0,0.6001718459114993,1.0,0.5804851896528616,1.0,0.6281053952321205,1.0,0.6337180130456598,1.0,0.6321638157073293,1.0,0.6134052968495042,1.0,0.6366351418616227,1.0,0.5175839979082233,1.0,0.586661394490576,1.0,0.607161664033702,1.0,0.6387631000129382,1.0,0.6092634980476639,1.0
360,0.2633031479085813,1.0,0.24519008773279977,1.0,0.27691153172684063,1.0,0.18875502008032127,1.0,0.19532211735740665,1.0,0.25139763954210664,1.0,0.2649850363403164,1.0,0.21876614653301643,1.0,0.2210250730037257,1.0,0.2337235571986034,1.0,0.20622714057957423,1.0,0.21852804940813175,1.0,0.23153362040410733,1.0,0.2865151360717562,1.0,0.27525676937441645,1.0
361,0.15838184803702046,1.0,0.09342748506246605,0.0,0.21802858189813118,1.0,0.21186595861563817,1.0,0.23912261776339447,1.0,0.4008897676717746,1.0,0.40640910452231205,1.0,0.41352941176470587,1.0,0.3722240636393769,1.0,0.4023639087730981,1.0,0.34879227053140094,1.0,0.40713933212699455,1.0,0.4333059885151764,1.0,0.46936135812449475,1.0,0.4560832791151594,1.0
362,0.283595922150139,1.0,0.2556721977649848,0.08333333333333333,0.23051513959889894,1.0,0.21271571298819256,1.0,0.23378146711179285,1.0,0.32268750530875734,1.0,0.32465483234714004,1.0,0.3310810810810811,1.0,0.33711762850835697,1.0,0.36134453781512604,1.0,0.3254070819333161,1.0,0.40256045519203415,1.0,0.4500909012206735,1.0,0.504263786242183,1.0,0.489491416653297,1.0
363,0.5164692519876684,1.0,0.49562878278412914,0.08333333333333333,0.2931995540691193,1.0,0.17735550277117973,1.0,0.18869365928189458,1.0,0.3131470990427818,1.0,0.32366799565059806,1.0,0.31390775831247764,1.0,0.3210818307905687,1.0,0.2015567390413765,1.0,0.17730784871899147,1.0,0.1974608932214917,1.0,0.2079253017535869,1.0,0.18221407288562916,1.0,0.1758313410128233,1.0
364,0.2055467282969811,1.0,0.1571753986332574,0.0,0.4186965108624095,1.0,0.42328398384925975,1.0,0.3718338399189463,1.0,0.42080825451418746,1.0,0.430258053634677,1.0,0.421630615640599,1.0,0.4007184846505552,1.0,0.39827700463883364,1.0,0.3010664479081214,1.0,0.3443754313319531,1.0,0.3595311961392623,1.0,0.3541420617513076,1.0,0.33366666666666667,1.0
365,0.21505016722408027,1.0,0.2083469188131725,0.4166666666666667,0.26997193638914874,1.0,0.23484848484848486,1.0,0.26858041683051515,1.0,0.3036350677120456,1.0,0.31206278792015013,1.0,0.30682771347089416,1.0,0.2587976539589443,1.0,0.24178095059177157,1.0,0.23540079796880667,1.0,0.23020329138431753,1.0,0.26423544465770954,1.0,0.29181131304880537,1.0,0.297853468156821,1.0
366,0.339917695473251,1.0,0.4023459929456156,1.0,0.32465130615704707,1.0,0.26679666725757845,1.0,0.28911293888741485,1.0,0.40935374149659864,1.0,0.41249120612835144,1.0,0.4063462723351818,1.0,0.3359355535254547,1.0,0.34687083888149134,1.0,0.27133576577378304,1.0,0.3170174269117227,1.0,0.34810902574742997,1.0,0.3976157082748948,1.0,0.3884668508287293,1.0
367,0.5316920672137554,1.0,0.5502637958077855,1.0,0.2266642045979134,1.0,0.23596684503200083,1.0,0.25347452018530775,1.0,0.3231977278422855,1.0,0.30735076467686234,1.0,0.31107491856677527,1.0,0.2982689747003995,1.0,0.31092288688900654,1.0,0.224906168799923,1.0,0.24577155982459803,1.0,0.2373462391611212,1.0,0.24480525756257854,1.0,0.2489109512714011,1.0
368,0.2123759878930553,1.0,0.23506966012955896,1.0,0.3745042492917847,1.0,0.2806953339432754,1.0,0.2983081032947462,1.0,0.3758678926627885,1.0,0.3900470149915728,1.0,0.3804054054054054,1.0,0.3185580774365821,1.0,0.3317964178045753,1.0,0.2747539841504833,1.0,0.3113900511390051,1.0,0.3199777406789093,1.0,0.31282624906785983,1.0,0.29770992366412213,1.0
369,0.33067469683405226,1.0,0.31133200795228627,1.0,0.19500780031201248,1.0,0.19810107803382454,1.0,0.19907273254129237,1.0,0.24387311569407194,1.0,0.24762816607189486,1.0,0.2364002686366689,1.0,0.2619028040457199,1.0,0.27913680915904787,1.0,0.2564481682273698,1.0,0.28093760772147536,1.0,0.29698216735253774,1.0,0.3060322854715378,1.0,0.2897752121053092,1.0
370,0.18207708372887793,1.0,0.18858606182549845,1.0,0.4588389635946212,1.0,0.4954021066711252,1.0,0.369328963256857,1.0,0.3705989110707804,1.0,0.3896863370547581,1.0,0.3821478382147838,1.0,0.3783370175140282,1.0,0.37010607521697203,1.0,0.33543638275499477,1.0,0.2728029987505206,1.0,0.25475285171102663,1.0,0.30356778797145767,1.0,0.2729528535980149,1.0
371,0.35555928787369834,1.0,0.43469020761811344,1.0,0.40022125776529655,1.0,0.31865079365079363,1.0,0.3074408767544703,1.0,0.3655944055944056,1.0,0.3841479760521848,1.0,0.3902957322472109,1.0,0.39539281416537736,1.0,0.4255081910970066,1.0,0.3575268817204301,1.0,0.41670380604331936,1.0,0.4377629733520337,1.0,0.48821777966822627,1.0,0.45275624836715145,1.0
372,0.2913371990862766,1.0,0.38914804812177756,1.0,0.42541245573119113,1.0,0.4540701343189399,1.0,0.3947415171433647,1.0,0.406369664705333,1.0,0.4059040590405904,1.0,0.39035369774919615,1.0,0.3623861403822111,1.0,0.35690729204836935,1.0,0.2926937794785085,1.0,0.3249483761967336,1.0,0.32708372006682757,1.0,0.3242384601009157,1.0,0.29859943977591036,1.0
373,0.12973245835436648,1.0,0.14114114114114115,1.0,0.2263653483992467,1.0,0.2676586927858354,1.0,0.30913012221423436,1.0,0.4918778427550357,1.0,0.5027485471964819,1.0,0.5149664019547954,1.0,0.5098558399529274,1.0,0.5492511520737328,1.0,0.4531364234537213,1.0,0.517636418450407,1.0,0.5426263834878852,1.0,0.5767918088737202,1.0,0.5479576399394857,1.0
374,0.20626548389674737,1.0,0.20722226866170693,1.0,0.24157603850953824,1.0,0.3016894609814964,1.0,0.3551263001485884,1.0,0.5336929162171881,1.0,0.5290714492334394,1.0,0.5287860274563358,1.0,0.5204695104494703,1.0,0.5698803659394792,1.0,0.4792431516520757,1.0,0.5468204799544257,1.0,0.5786854654779183,1.0,0.6204624899166442,1.0,0.5938435824221743,1.0
375,0.33636516759306045,1.0,0.3089591567852437,1.0,0.23830594184576487,1.0,0.28372539606337016,1.0,0.21818181818181817,1.0,0.36704621567314133,1.0,0.3732599546778893,1.0,0.3381043812183627,1.0,0.2766338406445837,1.0,0.2926391382405745,1.0,0.26221610461114936,1.0,0.28942553969996343,1.0,0.312792511700468,1.0,0.3641952983725136,1.0,0.37510729613733906,1.0
376,0.1584852734922861,1.0,0.18815738215816127,1.0,0.28036175710594313,1.0,0.27083520229658203,1.0,0.30893883951907997,1.0,0.37892139584067674,1.0,0.34633319203052143,1.0,0.24197578320199883,1.0,0.24703703703703703,1.0,0.25708388065303056,1.0,0.2195294533875818,1.0,0.23559913264825116,1.0,0.2409867172675522,1.0,0.2553939739568482,1.0,0.25270142180094785,1.0
377,0.4776012137666693,1.0,0.2958813838550247,1.0,0.3138818114572203,1.0,0.400066566816442,1.0,0.42912810521188505,1.0,0.5195238095238095,1.0,0.5335061670201902,1.0,0.5280056245605812,1.0,0.5001176378323269,1.0,0.42467866323907455,1.0,0.3435726210350584,1.0,0.3924362357080035,1.0,0.4117021276595745,1.0,0.44271918197311116,1.0,0.4435739600820742,1.0
378,0.13821138211382114,1.0,0.12188127330083166,1.0,0.4333907056798623,1.0,0.4527938342967245,1.0,0.4575107296137339,1.0,0.5924104005621925,1.0,0.5945793337097685,1.0,0.5865412033076703,1.0,0.5784607016589611,1.0,0.6139878950907868,1.0,0.5022951731812492,1.0,0.5708444945721134,1.0,0.5919276270006959,1.0,0.616004524247137,1.0,0.5911174785100286,1.0
379,0.6074184377961284,1.0,0.5320785822228328,1.0,0.4119831223628692,1.0,0.38572433192686356,1.0,0.20746965452847807,1.0,0.2551676220253604,1.0,0.23105360443622922,1.0,0.22345175694039993,1.0,0.20470945689327763,1.0,0.2199305697365734,1.0,0.21301263194324277,1.0,0.24753919066715274,1.0,0.3080653853062691,1.0,0.38232235701906414,1.0,0.46111493461803166,1.0
380,0.23892339544513458,1.0,0.3002261420171868,1.0,0.3319376988779099,1.0,0.23370550625059644,1.0,0.23749184757290598,1.0,0.3058158183506373,1.0,0.20827692902726747,1.0,0.19030945396044288,1.0,0.19427171660071604,1.0,0.18659076533839342,1.0,0.205694469793758,1.0,0.22483537158984007,1.0,0.24650030432136336,1.0,0.294672837825574,1.0,0.35064935064935066,1.0
381,0.255508056560342,1.0,0.28888888888888886,1.0,0.3109466894327452,1.0,0.31169082125603864,1.0,0.2753067484662577,1.0,0.3734686734336717,1.0,0.35373665480427047,1.0,0.3609550561797753,1.0,0.36715391229578676,1.0,0.3424852914958103,1.0,0.29896193771626295,1.0,0.34191649806878793,1.0,0.3654868879515863,1.0,0.3813294052660652,1.0,0.3528207037795569,1.0
382,0.2072555718236538,1.0,0.15407169204577698,1.0,0.3561620024335129,1.0,0.3340800896107533,1.0,0.3141269106067624,1.0,0.39899513517824386,1.0,0.3886326323195997,1.0,0.3815560133100935,1.0,0.3710812539987204,1.0,0.3879817654372151,1.0,0.2538440290949268,1.0,0.2388250319284802,1.0,0.20428790199081165,1.0,0.21863799283154123,1.0,0.19947188909671032,1.0
383,0.4647887323943662,1.0,0.5116417910447761,1.0,0.22146200936262153,1.0,0.22844580386159435,1.0,0.26750318239679943,1.0,0.3453484380363886,1.0,0.3439370617410638,1.0,0.33560013600816047,1.0,0.327877415984677,1.0,0.35104698222769665,1.0,0.2860980523841504,1.0,0.3155004428697963,1.0,0.31852382658545325,1.0,0.32723358449946177,1.0,0.29226255958929226,1.0
384,0.3256118064636652,1.0,0.3540954095409541,1.0,0.29984982479559485,1.0,0.21776392676275808,1.0,0.2162314484313357,1.0,0.22871125611745513,1.0,0.2229609210312956,1.0,0.2186700767263427,1.0,0.24860111910471622,1.0,0.26246285902938266,1.0,0.24345549738219896,1.0,0.27773000859845226,1.0,0.29004916087472454,1.0,0.31055276381909547,1.0,0.30411052362271873,1.0
385,0.3415710503089144,1.0,0.3264530146659424,1.0,0.28451296426068673,1.0,0.24203389830508473,1.0,0.2519434628975265,1.0,0.3102541630148992,1.0,0.26666041803355517,1.0,0.25946599683691507,1.0,0.2725175259561629,1.0,0.2521722704948999,1.0,0.2291243262348679,1.0,0.24263998460650374,1.0,0.24701613673255038,1.0,0.2645487770593197,1.0,0.262351438954916,1.0
386,0.19813898530389187,1.0,0.25714730856119034,1.0,0.21640560593569663,1.0,0.18834221247257912,1.0,0.18588957055214725,1.0,0.21441312879058153,1.0,0.20855614973262032,1.0,0.20620028553946562,1.0,0.20023684989637816,1.0,0.21346938775510205,1.0,0.20919713531850734,1.0,0.2362382850371647,1.0,0.2827371695178849,1.0,0.3766948319905679,1.0,0.3801180549049002,1.0
387,0.4613849224627668,1.0,0.456245434623813,1.0,0.370755843712677,1.0,0.34849863512283896,1.0,0.33487462208785346,1.0,0.3629032258064516,1.0,0.36851271334029956,1.0,0.36914364166809677,1.0,0.24730776497260532,1.0,0.23682200152788388,1.0,0.1898458748866727,1.0,0.18992403038784486,1.0,0.19791457790254663,1.0,0.22431949135704352,1.0,0.20234604105571846,1.0
388,0.385887735351047,1.0,0.3624578227668265,1.0,0.35928349982776436,1.0,0.19420406520426645,1.0,0.21372133359028714,1.0,0.22238490320481535,1.0,0.21623781364871345,1.0,0.21984,1.0,0.2208097007627616,1.0,0.21449396084964598,1.0,0.18212542245587682,1.0,0.2071651090342679,1.0,0.2401906857352402,1.0,0.2419889502762431,1.0,0.2874974421935748,1.0
389,0.514503321989953,1.0,0.496278829857785,1.0,0.3796234028244788,1.0,0.22642076776586148,1.0,0.2162241027137438,1.0,0.24571036376115304,1.0,0.25054031587697423,1.0,0.2450503083414476,1.0,0.21416691126112905,1.0,0.20974830203755493,1.0,0.19203466396238592,1.0,0.19395566159658018,1.0,0.1875870300377959,1.0,0.20410783055198972,1.0,0.18760552189889762,1.0
390,0.19399408992891942,1.0,0.2003073376872839,1.0,0.29069649211997967,1.0,0.3179059180576631,1.0,0.3421195161581513,1.0,0.46125712341583736,1.0,0.4634803096600471,1.0,0.47447322395269426,1.0,0.4822892751721876,1.0,0.5191444199526491,1.0,0.3982144293412692,1.0,0.4433694745621351,1.0,0.44130879345603274,1.0,0.46429815395332635,1.0,0.4128372093023256,1.0
391,0.25116365667473467,1.0,0.23235800344234078,1.0,0.208659793814433,1.0,0.18922358930844294,1.0,0.20065587210493954,1.0,0.24551512045105076,1.0,0.22325787838437638,1.0,0.22907395634668362,1.0,0.24016166773027015,1.0,0.2397751502229114,1.0,0.20417586829953824,1.0,0.23431053203040172,1.0,0.23434259643301536,1.0,0.22182468694096602,1.0,0.22389991371872303,1.0
392,0.5715816873373143,1.0,0.5175186674325101,1.0,0.40369747899159664,1.0,0.3203553203553203,1.0,0.3476990504017531,1.0,0.36118396403147246,1.0,0.33960557264338703,1.0,0.343172119487909,1.0,0.34553131597466574,1.0,0.3890937318067145,1.0,0.3410041841004184,1.0,0.36515151515151517,1.0,0.37373737373737376,1.0,0.41008527994067484,1.0,0.4019607843137255,1.0
393,0.4909845220998883,1.0,0.47103569338794615,1.0,0.4762965319758193,1.0,0.2694610778443114,1.0,0.30552147239263805,1.0,0.36121955753857593,1.0,0.3678552230783014,1.0,0.3897550111358575,1.0,0.42597488433575675,1.0,0.49124613800205974,1.0,0.42111801242236024,1.0,0.28586431421970177,1.0,0.299131488588164,1.0,0.2887958115183246,1.0,0.289734764122292,1.0
394,0.30538922155688625,1.0,0.30955497382198954,1.0,0.3996228355906052,1.0,0.39188438021122846,1.0,0.3949111188567445,1.0,0.37434602200974204,1.0,0.3885622661678247,1.0,0.38047379755922467,1.0,0.3539457127449218,1.0,0.3733812949640288,1.0,0.2895410339532503,1.0,0.33223261786828107,1.0,0.3376599295382904,1.0,0.32917802882742503,1.0,0.30597014925373134,1.0
395,0.3240355008150697,1.0,0.2953846153846154,1.0,0.40376068376068375,1.0,0.39637234140502714,1.0,0.4017702186740715,1.0,0.43082661115448,1.0,0.4372753722402875,1.0,0.42925291762501067,1.0,0.394156018228934,1.0,0.4103963496465957,1.0,0.3245784969922901,1.0,0.37990950226244347,1.0,0.3945750452079566,1.0,0.4133686801742094,1.0,0.3717327250261382,1.0
396,0.45045965270684374,1.0,0.4239363330272421,1.0,0.382689556509299,1.0,0.3468591494342567,1.0,0.3214217098943324,1.0,0.38403315912777075,1.0,0.39651224238153954,1.0,0.38986629134412387,1.0,0.3468715697036224,1.0,0.3531866464339909,1.0,0.25220588235294117,1.0,0.28087649402390436,1.0,0.2876712328767123,1.0,0.3017415957877683,1.0,0.2669483001408167,1.0
397,0.1833610168267495,1.0,0.22836962919364331,1.0,0.2330913259457394,1.0,0.22453841572364502,1.0,0.23346674290070515,1.0,0.29636987538378184,1.0,0.30896309314586995,1.0,0.3082365272076164,1.0,0.2129736538259683,1.0,0.2208044982698962,1.0,0.19053926206244087,1.0,0.18340085404576809,1.0,0.1928130263896687,1.0,0.2195921713290296,1.0,0.212864006275125,1.0
398,0.3554700568752091,1.0,0.2816205533596838,1.0,0.33644681662218834,1.0,0.3091200963178489,1.0,0.3125630167372454,1.0,0.3595483359746434,1.0,0.3418020679468242,1.0,0.3134765625,1.0,0.277979797979798,1.0,0.29662808253648715,1.0,0.23285634640401412,1.0,0.2612702865157283,1.0,0.2666533705624252,1.0,0.2838983050847458,1.0,0.24143038510368175,1.0
399,0.5533434650455927,1.0,0.28830688207245037,1.0,0.3581619418195294,1.0,0.3613349767706457,1.0,0.40852041718225207,1.0,0.38728836096090774,1.0,0.36968036529680365,1.0,0.3857311213851872,1.0,0.38171262699564584,1.0,0.40900678593460826,1.0,0.32841708111816154,1.0,0.39922094392608026,1.0,0.3950428120775124,1.0,0.4220888805550347,1.0,0.41609112924926,1.0
400,0.5373796055648984,1.0,0.47392419492732973,1.0,0.2162926645295116,1.0,0.23717948717948717,1.0,0.2349432364825861,1.0,0.31248786172072246,1.0,0.31411893469536667,1.0,0.3267397950008991,1.0,0.33586915176873333,1.0,0.36316181953765847,1.0,0.2785403996524761,1.0,0.3261834319526627,1.0,0.24769514443761526,1.0,0.27106771386117595,1.0,0.25626911314984707,1.0
401,0.27760470751124955,,0.2700457704695711,,0.2506715189325015,,0.26010176593834183,,0.286724850711989,,0.3166195642264564,,0.33391547327977644,,0.330505540166205,,0.3350970017636684,,0.36948385412133344,,0.2936634494334872,,0.33980239943542695,,0.33555535537338976,,0.3400824896887889,,0.31191236878137835,
402,0.39873987398739874,1.0,0.42341826510163183,1.0,0.2638975362447745,1.0,0.285281173594132,1.0,0.2990744821507272,1.0,0.3527634908972161,1.0,0.34925758553905745,1.0,0.35763499439192437,1.0,0.3851744186046512,1.0,0.4462474645030426,1.0,0.335863697705803,1.0,0.38353642500219165,1.0,0.3977872340425532,1.0,0.4479783454576214,1.0,0.42293547308592444,1.0
403,0.24670892247684056,1.0,0.2528744384375238,1.0,0.39343968453127803,1.0,0.3978799766296636,1.0,0.4282979463974939,1.0,0.47128071422928025,1.0,0.47477931904161413,1.0,0.46428291382419823,1.0,0.4697019325253849,1.0,0.5194582814445828,1.0,0.37960707907127783,1.0,0.46875,1.0,0.48798228969006957,1.0,0.49325970440149425,1.0,0.4830299290342487,1.0
404,0.4657267136643168,1.0,0.3435476228084031,1.0,0.45081152699569393,1.0,0.41790789248416366,1.0,0.37413554633471646,1.0,0.4137686302342087,1.0,0.409634317862166,1.0,0.39982773471145566,1.0,0.2947026200038248,1.0,0.3033184552687755,1.0,0.2288888888888889,1.0,0.2735177865612648,1.0,0.30289489022731686,1.0,0.28498226251478126,1.0,0.2714228776404942,1.0
405,0.4445336330069032,,0.4205949656750572,,0.4875491480996068,,0.4996637525218561,,0.44366432631227015,,0.4567234688712671,,0.4567485695052171,,0.4363820452244347,,0.4097268487674883,,0.4196185286103542,,0.3433333333333333,,0.3951697584879244,,0.39359831164263104,,0.45188284518828453,,0.4108500345542502,
406,0.1826645264847512,1.0,0.20173661360347322,1.0,0.25919083687419175,1.0,0.28052386987748207,1.0,0.328384588193708,1.0,0.43263371699390657,1.0,0.4191363251481795,1.0,0.42709891936824607,1.0,0.423246357167062,1.0,0.4606741573033708,1.0,0.34797529169526425,1.0,0.4146167557932264,1.0,0.434232250963126,1.0,0.4663718444812972,1.0,0.42862338607019457,1.0
407,0.15741715952361662,1.0,0.17308850090307043,1.0,0.46567779151215494,1.0,0.48061497326203206,1.0,0.4962756052141527,1.0,0.5390177764386863,1.0,0.5409487666034155,1.0,0.5355233002291826,1.0,0.52836719337848,1.0,0.5727549580331278,1.0,0.43269010754328424,1.0,0.512460700866498,1.0,0.5191256830601093,1.0,0.5361764705882353,1.0,0.49190816710575835,1.0
408,0.1584437552861573,1.0,0.24834971395041808,1.0,0.5258946096934923,1.0,0.52625,1.0,0.48201438848920863,1.0,0.44192439862542954,1.0,0.4391681109185442,1.0,0.46139736534934134,1.0,0.24565037282518642,1.0,0.25137072964993673,1.0,0.2186676703048551,1.0,0.22273297116590055,1.0,0.22982418979029867,1.0,0.23803473104616688,1.0,0.23070398642917728,1.0
409,0.46631785480706345,1.0,0.5099882491186839,1.0,0.32882795906545664,1.0,0.3817405232247731,1.0,0.41525742202179633,1.0,0.4224672639558925,1.0,0.4207847644065014,1.0,0.4054414955766984,1.0,0.4014300306435138,1.0,0.43014009844755774,1.0,0.32593123209169056,1.0,0.38836214909834543,1.0,0.39908081194944467,1.0,0.43675777568331764,1.0,0.4301579038695124,1.0
410,0.47012904253624344,1.0,0.30706458381907203,1.0,0.42345850718590633,1.0,0.4476865739478229,1.0,0.4246652838016217,1.0,0.4026293388820581,1.0,0.39857420609202854,1.0,0.383363802559415,1.0,0.3747545081235494,1.0,0.34948236003618455,1.0,0.3026037353942405,1.0,0.36714075527219225,1.0,0.3802374644293985,1.0,0.420707219120384,1.0,0.388221619527315,1.0
411,0.4832152756390514,1.0,0.4628283128060543,1.0,0.47930574098798395,1.0,0.481811697574893,1.0,0.4613778705636743,1.0,0.45006208976405887,1.0,0.4479670428085259,1.0,0.4440725735423639,1.0,0.42249346120313863,1.0,0.4290949065591792,1.0,0.3278805120910384,1.0,0.3840909090909091,1.0,0.4058593021086023,1.0,0.4298197706171491,1.0,0.4091243561442237,1.0
412,0.29658284977433913,1.0,0.34108400196495825,1.0,0.18610421836228289,1.0,0.1775183059568573,1.0,0.16748111950244335,1.0,0.25680726107848373,1.0,0.2503850761595071,1.0,0.22807731434384537,1.0,0.27100419172589757,1.0,0.3104414856341976,1.0,0.2870708546384222,1.0,0.34500194476857254,1.0,0.36506732410392567,1.0,0.42982752789989853,1.0,0.4238187931339586,1.0
413,0.33056640625,1.0,0.39082509320797537,1.0,0.28958683866143203,1.0,0.3054480219053914,1.0,0.2828741548087597,1.0,0.40046236835345494,1.0,0.3997539975399754,1.0,0.3997496871088861,1.0,0.44244460443164546,1.0,0.4902431222008957,1.0,0.3907653182865771,1.0,0.46009275079326334,1.0,0.45900421104780775,1.0,0.4580335731414868,1.0,0.4058223438666335,1.0
414,0.1922585045613437,1.0,0.20553052664284605,1.0,0.3145332390381895,1.0,0.4214337436640116,1.0,0.39925925925925926,1.0,0.4581844174410293,1.0,0.4585400425230333,1.0,0.47168531705662936,1.0,0.47831602315071753,1.0,0.5108809966831163,1.0,0.4008824971400556,1.0,0.4753822886909763,1.0,0.4863451481696688,1.0,0.5104758811109307,1.0,0.4715945771465462,1.0
415,0.17689400755803492,1.0,0.20578525389089766,1.0,0.34606597825093666,1.0,0.42811107951852906,1.0,0.43531581373905026,1.0,0.4622854170279175,1.0,0.46301558598122794,1.0,0.46507021966150525,1.0,0.46398341682501293,1.0,0.5034237438861716,1.0,0.38103418656588217,1.0,0.4514729803000181,1.0,0.4726710816777042,1.0,0.4848966613672496,1.0,0.47170823277017965,1.0
416,0.45581237253569,1.0,0.4157160963244613,1.0,0.28600964851826327,1.0,0.321564555209415,1.0,0.36672384219554033,1.0,0.36011275546159266,1.0,0.3483342054770626,1.0,0.3488693250474711,1.0,0.3022641509433962,1.0,0.28097201128227384,1.0,0.2566947207345065,1.0,0.2973187686196624,1.0,0.3025981637038484,1.0,0.3722840971334672,1.0,0.3088172043010753,1.0
417,0.5023188869342715,1.0,0.3882316313823163,1.0,0.325386941825298,1.0,0.34938027663014193,1.0,0.34701355807988277,1.0,0.36119186046511625,1.0,0.34350870892440294,1.0,0.3501144164759725,1.0,0.36195689360246325,1.0,0.39356480639883656,1.0,0.32345931222335716,1.0,0.37997455933127383,1.0,0.2573802755302865,1.0,0.3177723177723178,1.0,0.26202964652223487,1.0
418,0.47917001769342127,1.0,0.47829977628635345,1.0,0.2986850344395742,1.0,0.2922910272612385,1.0,0.283576540570685,1.0,0.30451930977814295,1.0,0.3072014585232452,1.0,0.2985483201990875,1.0,0.3034099394341658,1.0,0.30374030842634403,1.0,0.26636511052317147,1.0,0.2969355406833392,1.0,0.2821997105643994,1.0,0.2889444990615783,1.0,0.2693747147421269,1.0
419,0.5202833226014166,1.0,0.5096077725800647,1.0,0.36059077809798273,1.0,0.40416120576671033,1.0,0.43674899866488653,1.0,0.44173969490425186,1.0,0.4177569324446639,1.0,0.39576745317441014,1.0,0.3285809018567639,1.0,0.2962962962962963,1.0,0.24540503744043568,1.0,0.26001981446455913,1.0,0.25107472788804536,1.0,0.2517752808988764,1.0,0.23184408898694614,1.0
420,0.2810945273631841,1.0,0.12680115273775217,1.0,0.190809549452522,1.0,0.1875335840945728,1.0,0.20625682066205894,1.0,0.21361198446458296,1.0,0.2146558105107328,1.0,0.20941528115075658,1.0,0.21666666666666667,1.0,0.2455177460665935,1.0,0.267786914551305,1.0,0.3126500461680517,1.0,0.3299145299145299,1.0,0.3772819472616633,1.0,0.37183348095659874,1.0
421,0.16466987319632706,1.0,0.12386042125117887,1.0,0.39074820396004906,1.0,0.4439400428265525,1.0,0.44766519087795503,1.0,0.43653523859927673,1.0,0.4480335875246337,1.0,0.44494979833519266,1.0,0.4101374263787257,1.0,0.4477665706051873,1.0,0.3556457065584855,1.0,0.41598666315697114,1.0,0.4553162038238602,1.0,0.4885217391304348,1.0,0.46551107934238745,1.0
422,0.4115001606167684,1.0,0.1745927266743459,1.0,0.24239303436007864,1.0,0.2630822901703263,1.0,0.2841899167890357,1.0,0.3173200809865636,1.0,0.29827809664876875,1.0,0.2673770652067651,1.0,0.2724963361016121,1.0,0.30833491551167647,1.0,0.27728564265418687,1.0,0.3094642394961608,1.0,0.3498089171974522,1.0,0.39892635463848347,1.0,0.36120208052398384,1.0
423,0.5628705148205928,1.0,0.49167315175097276,1.0,0.2906804733727811,1.0,0.3337243401759531,1.0,0.33606703512212516,1.0,0.3968042609853529,1.0,0.3942448382376849,1.0,0.3827814569536424,1.0,0.3760942760942761,1.0,0.40762790697674417,1.0,0.3268892794376098,1.0,0.3651664837175265,1.0,0.36650082918739635,1.0,0.38111490329920367,1.0,0.31967048422744626,1.0
424,0.5093760654619843,1.0,0.4360539845758355,1.0,0.3527207850133809,1.0,0.37277889723392565,1.0,0.4036312849162011,1.0,0.4724354501046755,1.0,0.4722222222222222,1.0,0.46777259374459995,1.0,0.4383914761986596,1.0,0.457596535546734,1.0,0.3329773981135433,1.0,0.38066914498141263,1.0,0.40704091341579446,1.0,0.3866985264834727,1.0,0.35309278350515466,1.0
425,0.34392428595572083,1.0,0.3843778944118555,1.0,0.455046503616948,1.0,0.4346580737558181,1.0,0.40236898779612346,1.0,0.3881396637723998,1.0,0.399630314232902,1.0,0.3979871912168344,1.0,0.3795659078877713,1.0,0.39213077361718307,1.0,0.31343283582089554,1.0,0.3636876763875823,1.0,0.37823052254291645,1.0,0.38006820765441457,1.0,0.28485601823078516,1.0
426,0.25757179017194726,1.0,0.27702148597670984,1.0,0.40088430361090643,1.0,0.4031095942358741,1.0,0.37322393436061635,1.0,0.37119113573407203,1.0,0.36214722715610814,1.0,0.3626439659489234,1.0,0.34335443037974683,1.0,0.3636549468520033,1.0,0.2788061956932376,1.0,0.3385401021327726,1.0,0.33711574169589437,1.0,0.34145153433999026,1.0,0.2763625291789303,1.0
427,0.21709166092350105,1.0,0.2806595671590519,1.0,0.3126798713390892,1.0,0.3147146098795601,1.0,0.3061928583750216,1.0,0.40767634854771784,1.0,0.4093317381644163,1.0,0.4110305279136448,1.0,0.24307329534289646,1.0,0.23709252885199433,1.0,0.21635687732342007,1.0,0.23932472691161866,1.0,0.2551834130781499,1.0,0.2671232876712329,1.0,0.26978193146417445,1.0
428,0.3095357801240154,1.0,0.3666026871401152,1.0,0.21272660007399186,1.0,0.21511738881465928,1.0,0.25779354116109765,1.0,0.36232388241433294,1.0,0.35614252792058143,1.0,0.3651235642185868,1.0,0.3409484250605746,1.0,0.22163265306122448,1.0,0.2319364161849711,1.0,0.27788138754196196,1.0,0.2958257713248639,1.0,0.3413597733711048,1.0,0.34642516682554814,1.0
429,0.1642503837625789,1.0,0.17932242990654207,1.0,0.2934370636345502,1.0,0.3049721773469754,1.0,0.3134510042604991,1.0,0.4186160641256339,1.0,0.42287917737789205,1.0,0.4281576830249397,1.0,0.41894869373622917,1.0,0.4657680028378858,1.0,0.37563971340839303,1.0,0.43099487541968545,1.0,0.42416812609457094,1.0,0.4341390294172756,1.0,0.4143627195270388,1.0
430,0.15356711003627568,1.0,0.154707233065442,1.0,0.265179677819083,1.0,0.31916388547338836,1.0,0.3299020093041671,1.0,0.4526213749091203,1.0,0.44546691205889416,1.0,0.4275624046873746,1.0,0.43254188835067103,1.0,0.4550596553247901,1.0,0.3982505363921439,1.0,0.45619946091644203,1.0,0.43195060440038263,1.0,0.4606700984376411,1.0,0.4354728576305906,1.0
431,0.2442827442827443,1.0,0.23860430586488493,1.0,0.260583641594739,1.0,0.28065994500458297,1.0,0.3194956353055286,1.0,0.3707165109034268,1.0,0.3574598839194264,1.0,0.33647058823529413,1.0,0.3344815707888391,1.0,0.35360623781676415,1.0,0.3439041578576462,1.0,0.4110912343470483,1.0,0.4216614090431125,1.0,0.428997390980246,1.0,0.4088809946714032,1.0
432,0.3070452155625657,1.0,0.3575600259571707,1.0,0.38831498729889924,1.0,0.3728543620598124,1.0,0.32193832599118943,1.0,0.3618590925857617,1.0,0.378535170413343,1.0,0.36254695045609014,1.0,0.2634730538922156,1.0,0.25819592628516,1.0,0.2307124400147656,1.0,0.24759473787551542,1.0,0.23501577287066247,1.0,0.24394928928159815,1.0,0.22153846153846155,1.0
433,0.2032441200324412,1.0,0.21001472754050074,1.0,0.39494362828834984,1.0,0.36854993877907993,1.0,0.3333333333333333,1.0,0.35880640465793306,1.0,0.3798283261802575,1.0,0.24033149171270718,1.0,0.22435775451950524,1.0,0.2478966934063784,1.0,0.20397643593519882,1.0,0.20935765265662173,1.0,0.20815836832633472,1.0,0.222444089456869,1.0,0.19760956175298805,1.0
434,0.45418524021792966,1.0,0.4627145085803432,1.0,0.414387031408308,1.0,0.4016758780531289,1.0,0.3438348723519826,1.0,0.3336877547403863,1.0,0.34994734994734994,1.0,0.3299277787563854,1.0,0.3431199151043509,1.0,0.36956115779645193,1.0,0.3238275210444941,1.0,0.3724790290915581,1.0,0.3224001543507621,1.0,0.32716535433070865,1.0,0.29980353634577606,1.0
435,0.34817683123588256,1.0,0.3597733711048159,1.0,0.4227405247813411,1.0,0.3954664499232367,1.0,0.3412900874635568,1.0,0.3443409279586754,1.0,0.34720680725120234,1.0,0.2970405553525758,1.0,0.21660034110289939,1.0,0.21796899715279974,1.0,0.23171392450785624,1.0,0.2619296081965658,1.0,0.2915093426275535,1.0,0.3463190490460493,1.0,0.3789105447276362,1.0
436,0.40716612377850164,1.0,0.40228210730759895,1.0,0.43120351588911426,1.0,0.4188550916304553,1.0,0.42690268667445413,1.0,0.45190274841437633,1.0,0.45848249366978083,1.0,0.46243022756547875,1.0,0.4280572456937184,1.0,0.43779470438882845,1.0,0.34196313759108443,1.0,0.3994370289657677,1.0,0.4151081774844151,1.0,0.42371622249048196,1.0,0.41946664099354963,1.0
437,0.3577981651376147,1.0,0.3923644529996792,1.0,0.39758238118893857,1.0,0.3609841827768014,1.0,0.3218606236156074,1.0,0.32494988153818116,1.0,0.3202614379084967,1.0,0.28846499910023393,1.0,0.2065496153087394,1.0,0.1888609715242881,1.0,0.1810846312629011,1.0,0.1927346115035318,1.0,0.18845293758894086,1.0,0.18705035971223022,1.0,0.18823055219669488,1.0
438,0.36785175990779323,1.0,0.3745928338762215,1.0,0.42601194426011946,1.0,0.4067987198339244,1.0,0.3625043237634037,1.0,0.32807971014492754,1.0,0.3375485502664619,1.0,0.25385802469135804,1.0,0.18132927447995942,1.0,0.1624144368388301,1.0,0.17232277526395173,1.0,0.17078126587422535,1.0,0.17174177831912302,1.0,0.1846416725299025,1.0,0.17704688593421974,1.0
439,0.371,1.0,0.2158299743495786,1.0,0.2374839537869063,1.0,0.2368791256357537,1.0,0.3059536934950386,1.0,0.3453401943967982,1.0,0.34268001907486884,1.0,0.34348275538013345,1.0,0.34720700985761227,1.0,0.37040844938779327,1.0,0.31446540880503143,1.0,0.3638207634150839,1.0,0.3757751937984496,1.0,0.4305647214103894,1.0,0.40502872210189284,1.0
440,0.4984932593180016,1.0,0.4729198184568835,1.0,0.3161485974222896,1.0,0.3120094191522763,1.0,0.30935527070977614,1.0,0.3627689429373246,1.0,0.34627209838585704,1.0,0.331002331002331,1.0,0.32275941142747944,1.0,0.3292368681863231,1.0,0.2598048241576137,1.0,0.286,1.0,0.2859744990892532,1.0,0.3116673395236173,1.0,0.2632013201320132,1.0
441,0.5206827618022452,1.0,0.4946401225114854,1.0,0.276078431372549,1.0,0.29832628287658636,1.0,0.35077027255798204,1.0,0.4564145424153782,1.0,0.44581483308666336,1.0,0.4376133179495632,1.0,0.4148757555406313,1.0,0.43518020441097366,1.0,0.358843537414966,1.0,0.4251760563380282,1.0,0.4276270006958942,1.0,0.465533522190746,1.0,0.42857142857142855,1.0
442,0.16581141757536882,1.0,0.16299821534800712,1.0,0.2057483350858745,1.0,0.23460076045627376,1.0,0.29814077025232405,1.0,0.28396396396396395,1.0,0.27434944237918213,1.0,0.2974963181148748,1.0,0.3226618705035971,1.0,0.33226552767396333,1.0,0.30343377715487035,1.0,0.36221899927483686,1.0,0.3889901567626686,1.0,0.4208370436331256,1.0,0.41306676187076047,1.0
443,0.5038081348241776,1.0,0.4498714652956298,1.0,0.291156697121186,1.0,0.3527913809990206,1.0,0.3849887328826486,1.0,0.4831918505942275,1.0,0.4096673405623966,1.0,0.400945110868775,1.0,0.38029171113482746,1.0,0.37737589961247464,1.0,0.29907866761162294,1.0,0.33694636516538967,1.0,0.33953304313415117,1.0,0.38940686371751637,1.0,0.36012016522718737,1.0
444,0.26636647038448213,1.0,0.2600502512562814,1.0,0.4527244949923612,1.0,0.44407020031909233,1.0,0.408592486068668,1.0,0.38638899219040534,1.0,0.3795513056270688,1.0,0.37470079175105875,1.0,0.3661842828356842,1.0,0.3864150943396226,1.0,0.2905551550108147,1.0,0.3359803365475515,1.0,0.3482844546674334,1.0,0.3645254074784276,1.0,0.34181059024482824,1.0
445,0.4295934391903682,1.0,0.40032599837000815,1.0,0.4418483904465213,1.0,0.3935100985928975,1.0,0.3702242325089019,1.0,0.3815913815913816,1.0,0.3736468831653602,1.0,0.3703259163512141,1.0,0.3800242469458174,1.0,0.4121240166589542,1.0,0.32336908739229825,1.0,0.37257880744398025,1.0,0.4034653465346535,1.0,0.4373755570304352,1.0,0.40809204941997546,1.0
446,0.307180133165377,1.0,0.3226961901660697,1.0,0.47683653209794835,1.0,0.4773727768973411,1.0,0.4417952314165498,1.0,0.4469883761887989,1.0,0.4492146596858639,1.0,0.43877904960110997,1.0,0.42521067415730335,1.0,0.44366197183098594,1.0,0.34075104311543813,1.0,0.3994873672647382,1.0,0.41302738712065135,1.0,0.43197026022304835,1.0,0.393675440257527,1.0
447,0.2978099672357303,1.0,0.3413858868404323,1.0,0.5058074781225139,1.0,0.4858395144976399,1.0,0.4432562952742325,1.0,0.4402230742418961,1.0,0.44848795489492566,1.0,0.43859649122807015,1.0,0.4349641008515612,1.0,0.451144145648906,1.0,0.33424704471475075,1.0,0.3993610223642173,1.0,0.42816601631784323,1.0,0.4415954415954416,1.0,0.42158070762189753,1.0
448,0.38439981317141525,1.0,0.40865827448572306,1.0,0.4968553459119497,1.0,0.4690017513134851,1.0,0.44023474583585054,1.0,0.44224422442244227,1.0,0.45697052077138733,1.0,0.4364179104477612,1.0,0.4160076475189015,1.0,0.43718856543404144,1.0,0.3334475374732334,1.0,0.3950540130345505,1.0,0.41669639671780234,1.0,0.43192230163093276,1.0,0.4164100706393769,1.0
449,0.19841006955945678,1.0,0.2509262377905018,1.0,0.503938223938224,1.0,0.5151030845453093,1.0,0.4354893328818151,1.0,0.4356714839619316,1.0,0.4489831392317052,1.0,0.44857476246041006,1.0,0.43509458577951726,1.0,0.47161142106990483,1.0,0.3720136518771331,1.0,0.4410187667560322,1.0,0.46383543463835436,1.0,0.47573803868340686,1.0,0.4250828536542822,1.0
450,0.19757575757575757,1.0,0.24176507147296458,1.0,0.5362799818977221,1.0,0.5349206349206349,1.0,0.4665310964243349,1.0,0.44972067039106145,1.0,0.4551772063933287,1.0,0.4566571284295573,1.0,0.44074878823332775,1.0,0.4479025710419486,1.0,0.3555148893694893,1.0,0.4131799163179916,1.0,0.41558672110775785,1.0,0.42862305746295626,1.0,0.3865454545454545,1.0
451,0.1601875661775828,1.0,0.1786634338536142,1.0,0.19669154730683883,1.0,0.21104387291981846,1.0,0.2607737021447184,1.0,0.3391304347826087,1.0,0.32789683292243504,1.0,0.3236105636578636,1.0,0.330067138450372,1.0,0.3628188658469444,1.0,0.2210446631339894,1.0,0.25344295991778004,1.0,0.2324347272341329,1.0,0.260371065249114,1.0,0.2253913789405962,1.0
452,0.5824243355354125,1.0,0.5101468526308022,1.0,0.46313517103952173,1.0,0.4637656330306664,1.0,0.4137062451142187,1.0,0.40626124505217703,1.0,0.3946256852700638,1.0,0.39100284495021337,1.0,0.35775747360950944,1.0,0.3467160037002775,1.0,0.2885005736475157,1.0,0.3432199462415423,1.0,0.35335391523996634,1.0,0.35919947134900404,1.0,0.35130549533415023,1.0
453,0.5090320381731425,1.0,0.45663071547926476,1.0,0.44129215833961,1.0,0.4244553759662684,1.0,0.3821152494729445,1.0,0.40411151788228666,1.0,0.39791550344314164,1.0,0.3813372520205731,1.0,0.336214029603751,1.0,0.2930672268907563,1.0,0.2624918581929841,1.0,0.3229156364355652,1.0,0.2289156626506024,1.0,0.24614188964139003,1.0,0.2427352273954845,1.0
454,0.5217718345173422,1.0,0.4829900839054157,1.0,0.3021755314748945,1.0,0.26634382566585957,1.0,0.30912040374909877,1.0,0.36387074596081126,1.0,0.3597392013039935,1.0,0.3520399935494275,1.0,0.34496644295302015,1.0,0.3276224341360918,1.0,0.2776051038769835,1.0,0.3015819304627358,1.0,0.31633550202215577,1.0,0.3351922264469793,1.0,0.32669789227166274,1.0
455,0.6017782567695003,1.0,0.5537012113055182,1.0,0.26996722442642745,1.0,0.2732880937692782,1.0,0.29161406672678086,1.0,0.3334456045806669,1.0,0.32786885245901637,1.0,0.3277676950998185,1.0,0.31906835826548,1.0,0.3672922252010724,1.0,0.30334014996591685,1.0,0.3688424717145344,1.0,0.3964150293002413,1.0,0.4226074650627985,1.0,0.4126865671641791,1.0
456,0.25128035684784406,1.0,0.30100816130580893,1.0,0.5000786039930829,1.0,0.5089496791624452,1.0,0.46179851250845166,1.0,0.41704857928505956,1.0,0.40649374206421185,1.0,0.400461729710531,1.0,0.39711897563578163,1.0,0.40188269370021723,1.0,0.3181738674129788,1.0,0.373825018076645,1.0,0.37635183850036047,1.0,0.41474311243484735,1.0,0.36574585635359114,1.0
457,0.34162125340599453,1.0,0.38037109375,1.0,0.4818166582872465,1.0,0.506168579069968,1.0,0.4782383419689119,1.0,0.4383419689119171,1.0,0.44641350210970465,1.0,0.4414447961273506,1.0,0.4081234315456827,1.0,0.4196411344781015,1.0,0.30956505881280205,1.0,0.3653007846556234,1.0,0.38078656288406393,1.0,0.4282774233381354,1.0,0.40145685852057045,1.0
458,0.5156911399795651,1.0,0.4101132557026639,1.0,0.47618251713187365,1.0,0.47763606969642536,1.0,0.45962950017476406,1.0,0.4568255105696883,1.0,0.4596918667144393,1.0,0.4552252091863984,1.0,0.4026784076316272,1.0,0.4212206572769953,1.0,0.3079985522982266,1.0,0.36878347360367253,1.0,0.38996138996138996,1.0,0.3997594226142743,1.0,0.38024837374334713,1.0
459,0.21353576554120401,1.0,0.2746067415730337,1.0,0.4099276791584484,1.0,0.41807570165651015,1.0,0.37580603559453185,1.0,0.3357183204669554,1.0,0.25874265218690845,1.0,0.23925178728821858,1.0,0.23778122575640032,1.0,0.21577174559144047,1.0,0.19254199741554365,1.0,0.21501234567901234,1.0,0.2087912087912088,1.0,0.22015810276679842,1.0,0.21044820421490057,1.0
460,0.23841361495213492,1.0,0.2931776275353411,1.0,0.3671399594320487,1.0,0.39706959706959705,1.0,0.4025482093663912,1.0,0.3451197053406998,1.0,0.3405544336331926,1.0,0.31916452913155,1.0,0.2979916772209155,1.0,0.2546036829463571,1.0,0.20783299464252725,1.0,0.24851837218490716,1.0,0.24339699309223892,1.0,0.25798722044728434,1.0,0.24143490528012898,1.0
461,0.5676152658283697,1.0,0.5273986837547627,1.0,0.25024630541871923,1.0,0.24378748928877464,1.0,0.2520919496008464,1.0,0.3032532920216886,1.0,0.28693937900443567,1.0,0.2522340732199481,1.0,0.24136615149780577,1.0,0.22282986974246793,1.0,0.18096502038107878,1.0,0.21435732905554442,1.0,0.2108274647887324,1.0,0.25505641899084525,1.0,0.21920975199663725,1.0
462,0.22321134190570394,1.0,0.26410766172197586,1.0,0.38142225246682543,1.0,0.370928717662386,1.0,0.35050228310502285,1.0,0.3897804833056632,1.0,0.38792949973295354,1.0,0.37787676317743135,1.0,0.35222080058490224,1.0,0.35051740357478833,1.0,0.2683103698332125,1.0,0.3156274056966898,1.0,0.32726920843816526,1.0,0.34140625,1.0,0.31760577110547866,1.0
463,0.40333660451422965,1.0,0.3822320581726209,1.0,0.42778541953232463,1.0,0.4181479758026989,1.0,0.4061464026520921,1.0,0.43081505551042515,1.0,0.43813369223867205,1.0,0.42920432394116603,1.0,0.4001234676779257,1.0,0.3923601382273279,1.0,0.2821813570069753,1.0,0.33063115228720324,1.0,0.34135922330097085,1.0,0.35981078151177687,1.0,0.32305536089698667,1.0
464,0.20134063598463173,1.0,0.22209234365867914,1.0,0.27233115468409586,1.0,0.2817493692178301,1.0,0.2384459583870374,1.0,0.28162124388539483,1.0,0.275,1.0,0.27095064590924145,1.0,0.29574710770734886,1.0,0.3226388610387006,1.0,0.32589247678282357,1.0,0.21939368332100984,1.0,0.20757465404224326,1.0,0.2280334728033473,1.0,0.22364349081906335,1.0
465,0.5043364424807724,1.0,0.4304910299478236,1.0,0.39321050835892185,1.0,0.3545058268837292,1.0,0.30560962661475843,1.0,0.3861149425287356,1.0,0.3931195126321448,1.0,0.39029982363315696,1.0,0.37306767433871524,1.0,0.37696754112939085,1.0,0.2909962341663814,1.0,0.3078705849633818,1.0,0.30478216631208954,1.0,0.3232459695577772,1.0,0.29535671764813626,1.0
466,0.5802906247694918,1.0,0.5069878085043116,1.0,0.4076465590484282,1.0,0.3769442716203004,1.0,0.3375022333392889,1.0,0.37279411764705883,1.0,0.3746812386156648,1.0,0.24533715925394547,1.0,0.2572310065561126,1.0,0.2455149172365943,1.0,0.21945846718678294,1.0,0.24112989932557913,1.0,0.22511334516065445,1.0,0.2572537603105289,1.0,0.22869429241594996,1.0
467,0.47085866824855405,1.0,0.26642771804062126,1.0,0.29142466689443114,1.0,0.384069540535746,1.0,0.3333333333333333,1.0,0.4064161948876308,1.0,0.41241058060222924,1.0,0.4167751534312814,1.0,0.4198105081826012,1.0,0.40313740313740315,1.0,0.3226256983240223,1.0,0.36257516802263884,1.0,0.36371512736094264,1.0,0.38533541341653665,1.0,0.355719794344473,1.0
468,0.6241473396998636,1.0,0.5454793772193389,1.0,0.4448199126349625,1.0,0.4246693750540237,1.0,0.36575089967523916,1.0,0.33217391304347826,1.0,0.27087198515769945,1.0,0.25657697309192756,1.0,0.24208416833667334,1.0,0.2649276543713063,1.0,0.2320181234661129,1.0,0.2763236763236763,1.0,0.30876665234207135,1.0,0.4229843561973526,1.0,0.4547451267502517,1.0
469,0.2182254196642686,1.0,0.26258960969997347,1.0,0.49258379087109727,1.0,0.508678007080563,1.0,0.43263053117364947,1.0,0.26949740034662045,1.0,0.25468483816013626,1.0,0.26095278604849,1.0,0.24901438465636655,1.0,0.2814396317221176,1.0,0.23424307873551933,1.0,0.26310183212611843,1.0,0.30645689937725334,1.0,0.38181097681791165,1.0,0.3295588078196774,1.0
470,0.5414908579465542,1.0,0.5205116894574328,1.0,0.3622285664849901,1.0,0.39723389355742295,1.0,0.353405017921147,1.0,0.3661822048918823,1.0,0.3613460340069438,1.0,0.354162904099693,1.0,0.3268747088961341,1.0,0.3419008343723027,1.0,0.2983017693607184,1.0,0.3122375231956246,1.0,0.3434747798238591,1.0,0.3772431855660103,1.0,0.3214210192429689,1.0
471,0.2541757443718228,1.0,0.2921027592768792,1.0,0.48118811881188117,1.0,0.47065026362038664,1.0,0.427342770112883,1.0,0.423635361146848,1.0,0.42898498281165187,1.0,0.41893362350380847,1.0,0.3890572090536446,1.0,0.3977941176470588,1.0,0.304519368723099,1.0,0.34051805634335414,1.0,0.35321456235476373,1.0,0.3540810334703465,1.0,0.3351735015772871,1.0
472,0.4572976418100701,1.0,0.48471104608632043,1.0,0.3706181428953706,1.0,0.37338973274370313,1.0,0.36547045170505266,1.0,0.4358309567021001,1.0,0.43607345117556207,1.0,0.4261451363870304,1.0,0.4194038672633623,1.0,0.43335734870317005,1.0,0.34727021423635107,1.0,0.3942930075667791,1.0,0.402647902971947,1.0,0.4405233575969778,1.0,0.3842229570146434,1.0
473,0.31891891891891894,1.0,0.3335917512985503,1.0,0.402903359601825,1.0,0.3960575019368167,1.0,0.35250673386045706,1.0,0.33027960683271307,1.0,0.33314685314685316,1.0,0.33112582781456956,1.0,0.3253747419441702,1.0,0.3138536221060493,1.0,0.1921421889616464,1.0,0.20780254777070065,1.0,0.19335135676379292,1.0,0.22631632967258544,1.0,0.1889483065953654,1.0
474,0.3682975871313673,1.0,0.42097513089005234,1.0,0.48471177944862154,1.0,0.49051537462104805,1.0,0.4717659137577002,1.0,0.46199754256626296,1.0,0.47016872499565143,1.0,0.46357969723953696,1.0,0.4332833583208396,1.0,0.44468546637744033,1.0,0.32504027206013963,1.0,0.37065227863956063,1.0,0.3566350710900474,1.0,0.37463810075275045,1.0,0.3437594591867622,1.0
475,0.3920335429769392,1.0,0.37656608434797956,1.0,0.383278289588041,1.0,0.4215566776945847,1.0,0.3747466737157459,1.0,0.3536528181562412,1.0,0.3467503692762186,1.0,0.3393984404010397,1.0,0.3282525857376157,1.0,0.3177170477783975,1.0,0.2610470275066548,1.0,0.287966021708353,1.0,0.27848101265822783,1.0,0.28212986018004216,1.0,0.2194260485651214,1.0
476,0.25855925639039506,1.0,0.3070359040412172,1.0,0.4243567753001715,1.0,0.39815471965933286,1.0,0.3602284898250625,1.0,0.39268562984854083,1.0,0.3870609981515712,1.0,0.3759911488106214,1.0,0.36623748211731044,1.0,0.37657992565055765,1.0,0.2956335003579098,1.0,0.3360964581763376,1.0,0.3334613169514302,1.0,0.3426923076923077,1.0,0.31534954407294835,1.0
477,0.5218698331579739,1.0,0.4818685175076035,1.0,0.27211725233974926,1.0,0.28492534260584984,1.0,0.28141656879573584,1.0,0.32637691679520914,1.0,0.3249122807017544,1.0,0.33276128367942337,1.0,0.3384125920964501,1.0,0.34858495217434177,1.0,0.3089753772835584,1.0,0.35765352887259394,1.0,0.25731112916328186,1.0,0.2417517674783975,1.0,0.23916056226489804,1.0
478,0.36421725239616615,1.0,0.4089591786039579,1.0,0.38332290642595407,1.0,0.37162097162097163,1.0,0.3327130628954224,1.0,0.3812311178247734,1.0,0.37695330348167777,1.0,0.3815065403698692,1.0,0.3757780544193491,1.0,0.3681545386346587,1.0,0.28949262324577185,1.0,0.32700702220535205,1.0,0.3053346265761397,1.0,0.34500596896140073,1.0,0.30252510480647365,1.0
479,0.24702457402174843,1.0,0.3038495971351835,1.0,0.4433043028369406,1.0,0.42846968752781983,1.0,0.4079531333214983,1.0,0.38742243215708067,1.0,0.3870548961424332,1.0,0.38327783943766186,1.0,0.3603636363636364,1.0,0.36815310643914395,1.0,0.2921963276836158,1.0,0.34716561689514636,1.0,0.35107394031552935,1.0,0.3679809976247031,1.0,0.34334681301752357,1.0
480,0.2585739352368799,1.0,0.3267745345150012,1.0,0.40054682159945315,1.0,0.3973385728320086,1.0,0.3771002944742768,1.0,0.39623660754479156,1.0,0.4000896458987001,1.0,0.38920657612580417,1.0,0.37855960985805104,1.0,0.3878538158366177,1.0,0.30795130795130793,1.0,0.35047943364100725,1.0,0.35819947363644616,1.0,0.3614804168163852,1.0,0.34007470164890224,1.0
481,0.3777631144836688,1.0,0.380693405846363,1.0,0.2231436837029894,1.0,0.2099244875943905,1.0,0.23885226832105466,1.0,0.28129056183942147,1.0,0.2773709590998393,1.0,0.27155635062611805,1.0,0.27330298832376804,1.0,0.3026366068016813,1.0,0.2704889201547661,1.0,0.3175813953488372,1.0,0.32811334824757643,1.0,0.3278879813302217,1.0,0.32532965951584336,1.0
482,0.4838089131131773,1.0,0.5046915859098601,1.0,0.4919908466819222,1.0,0.49345730027548207,1.0,0.46276685157169273,1.0,0.4560327198364008,1.0,0.4422447925632639,1.0,0.43409915356711004,1.0,0.43793445878848064,1.0,0.4544208361891707,1.0,0.3646427373364643,1.0,0.41569767441860467,1.0,0.4197264218862491,1.0,0.4810148731408574,1.0,0.4129692832764505,1.0
483,0.45479833101529904,1.0,0.44344789268989604,1.0,0.41217712177121774,1.0,0.4197172186713151,1.0,0.3731139881242091,1.0,0.35699878983461075,1.0,0.3569768616752551,1.0,0.3482642777155655,1.0,0.32922896511287014,1.0,0.32123799359658484,1.0,0.2628935677033031,1.0,0.29986905281536447,1.0,0.28901136755080953,1.0,0.3392476137001684,1.0,0.29548627268496974,1.0
484,0.2134685948629398,1.0,0.3052544476623914,1.0,0.4086698129697605,1.0,0.3944719018854109,1.0,0.3877118644067797,1.0,0.3980031144087203,1.0,0.2716049382716049,1.0,0.25889061689994813,1.0,0.24724283136154002,1.0,0.24781704781704783,1.0,0.22937009381581466,1.0,0.24384009814947347,1.0,0.2652088299305628,1.0,0.28047141527964436,1.0,0.27226044983054326,1.0
485,0.1862514688601645,1.0,0.2190214906264289,1.0,0.4230503795721187,1.0,0.40983014094687387,1.0,0.35378927911275415,1.0,0.3731510953005055,1.0,0.22319474835886213,1.0,0.2187633262260128,1.0,0.21972534332084895,1.0,0.21565254783917437,1.0,0.1895577634911358,1.0,0.21407376006782536,1.0,0.20968769917144678,1.0,0.23147540983606557,1.0,0.2215464813205908,1.0
486,0.5729399493369095,1.0,0.5667875168834862,1.0,0.27876946448917583,1.0,0.24187339606501282,1.0,0.28388045075943164,1.0,0.42963500998728893,1.0,0.46802547770700637,1.0,0.48816104281824935,1.0,0.464195450716091,1.0,0.54150390625,1.0,0.4442948768706944,1.0,0.5196062610940778,1.0,0.5437657430730478,1.0,0.5914723312552913,1.0,0.5698187909243185,1.0
487,0.19005524861878453,1.0,0.23349056603773585,1.0,0.3840420125359986,1.0,0.3898425057511945,1.0,0.3799931717309662,1.0,0.39961082611003007,1.0,0.4106063223354638,1.0,0.4001713796058269,1.0,0.3870426317556227,1.0,0.3890884214126903,1.0,0.3143240523314324,1.0,0.34334763948497854,1.0,0.3342960288808664,1.0,0.356993006993007,1.0,0.30409982174688055,1.0
488,0.19398752127056154,1.0,0.24056402221905712,1.0,0.36401673640167365,1.0,0.3713490959666203,1.0,0.3628379541932151,1.0,0.3764499121265378,1.0,0.36889194769442535,1.0,0.35625763658579157,1.0,0.35652772993455045,1.0,0.39164032314717245,1.0,0.2932692307692308,1.0,0.3155331048168862,1.0,0.31221719457013575,1.0,0.3141755738566673,1.0,0.28921193573068094,1.0
489,0.2160284126003706,1.0,0.2692978284989697,1.0,0.3301601038511467,1.0,0.33178239083750893,1.0,0.3431503792949576,1.0,0.40341542950313225,1.0,0.41018040145676293,1.0,0.40098338419803325,1.0,0.3674585540933174,1.0,0.34507042253521125,1.0,0.20116991134265608,1.0,0.22226502311248075,1.0,0.22014997115939242,1.0,0.22916263778766197,1.0,0.207985411267876,1.0
490,0.17396085330987465,1.0,0.20222806746093144,1.0,0.32784915426564376,1.0,0.33734726403400034,1.0,0.34523390784382696,1.0,0.36140969162995595,1.0,0.34615384615384615,1.0,0.3356140350877193,1.0,0.29356556267484885,1.0,0.33674028107318854,1.0,0.2690579157127109,1.0,0.31014904187366926,1.0,0.33186619718309857,1.0,0.34517676319062,1.0,0.34120559946671747,1.0
491,0.5572436245252306,1.0,0.5126207541290122,1.0,0.4051457975986278,1.0,0.3796211145852492,1.0,0.3513017968463513,1.0,0.3848870712891533,1.0,0.39700166574125484,1.0,0.38607129731716283,1.0,0.36754261363636365,1.0,0.37339938311991777,1.0,0.28761100852897215,1.0,0.33401696653304747,1.0,0.3375711574952562,1.0,0.3456766917293233,1.0,0.32491214740241237,1.0
492,0.48337225219421853,1.0,0.4560879049850529,1.0,0.4589763049160975,1.0,0.445526531355238,1.0,0.45170479067760033,1.0,0.43757881462799497,1.0,0.4406794814483683,1.0,0.4326534279809507,1.0,0.38464321244460525,1.0,0.3858593827038754,1.0,0.3037493207752219,1.0,0.35219399538106233,1.0,0.3657443491816056,1.0,0.3826447076952711,1.0,0.36015473887814314,1.0
493,0.4767596281540505,1.0,0.4979213303485769,1.0,0.43443478260869567,1.0,0.42075134168157424,1.0,0.36342214971905024,1.0,0.4169301018616087,1.0,0.4139633286318759,1.0,0.3995089442300947,1.0,0.3831456840668714,1.0,0.3538516278242306,1.0,0.27486187845303867,1.0,0.28888888888888886,1.0,0.3042371340243681,1.0,0.3157434911759567,1.0,0.2847682119205298,1.0
494,0.4357476635514019,1.0,0.4750939082149273,1.0,0.3967582804792107,1.0,0.383094688221709,1.0,0.37047809489183786,1.0,0.37090977870247777,1.0,0.37749477285687133,1.0,0.3692742695570217,1.0,0.35378174205879676,1.0,0.36337488015340363,1.0,0.2883800594969801,1.0,0.3146572330050674,1.0,0.32694355697550587,1.0,0.3332696167447195,1.0,0.3067235031970548,1.0
495,0.4784910655195235,1.0,0.4807692307692308,1.0,0.4505971769815418,1.0,0.44734848484848483,1.0,0.39700166574125484,1.0,0.3957919809448194,1.0,0.40500098444575705,1.0,0.39512961508248234,1.0,0.38724373576309795,1.0,0.4127591064600523,1.0,0.3047304730473047,1.0,0.35450779246399683,1.0,0.34142827742333814,1.0,0.40161290322580645,1.0,0.35933952528379776,1.0
496,0.31188720525079006,1.0,0.49752859765569835,1.0,0.43961113857307627,1.0,0.42581423401688784,1.0,0.39536885598691573,1.0,0.345240287239919,1.0,0.344547134935305,1.0,0.34419994566693835,1.0,0.339328643931974,1.0,0.36104129263913826,1.0,0.29373446472957915,1.0,0.31392931392931395,1.0,0.30444383107921613,1.0,0.3387844099209594,1.0,0.28316138540899044,1.0
497,0.29187562688064195,1.0,0.35924688733677496,1.0,0.320358115998443,1.0,0.3160621761658031,1.0,0.3172315810838238,1.0,0.35863174772848744,1.0,0.36563419276691467,1.0,0.37336093857832986,1.0,0.38840846366145354,1.0,0.4650319461232948,1.0,0.36122687114519086,1.0,0.39317773788150806,1.0,0.3509165731387954,1.0,0.3065606361829026,1.0,0.25144106539455374,1.0
498,0.29597446355736834,1.0,0.23067408781694496,1.0,0.32152072939962156,1.0,0.3398209420007785,1.0,0.36123032904148783,1.0,0.3520710059171598,1.0,0.3638863428047663,1.0,0.33803622497616775,1.0,0.2970007315288954,1.0,0.2716224427790156,1.0,0.2514830127628977,1.0,0.28707586732748763,1.0,0.2735076082715568,1.0,0.30066225165562915,1.0,0.2925969447708578,1.0
499,0.4697345132743363,1.0,0.21106166560712014,1.0,0.22478991596638656,1.0,0.18504090377873003,1.0,0.19225659517935093,1.0,0.20887622149837134,1.0,0.2238349885408709,1.0,0.20835546114356523,1.0,0.20357634112792297,1.0,0.1950190801365736,1.0,0.20763072730369614,1.0,0.21612230715774844,1.0,0.2311455360782715,1.0,0.3170058640910659,1.0,0.3713751169317119,1.0
500,0.45460208690235165,1.0,0.4463667820069204,1.0,0.38851409790693653,1.0,0.37349397590361444,1.0,0.3161217374917554,1.0,0.3078400878236209,1.0,0.3143273522178705,1.0,0.2994061215166743,1.0,0.24681933842239187,1.0,0.21249517932896259,1.0,0.1835706674416352,1.0,0.2161090206447676,1.0,0.21969772795515966,1.0,0.24997589896847586,1.0,0.2582808791662367,1.0
501,0.31955433554012597,1.0,0.3450178513469653,1.0,0.40394783221713076,1.0,0.4004584729324634,1.0,0.3657694962042788,1.0,0.3777538957549704,1.0,0.383435047951177,1.0,0.3622061163160686,1.0,0.35122958513234465,1.0,0.3725350861609522,1.0,0.29085872576177285,1.0,0.3620966304154038,1.0,0.36013095671153145,1.0,0.3543795620437956,1.0,0.3526717557251908,1.0
502,0.5274443911025765,1.0,0.4898888977699624,1.0,0.48115827052756843,1.0,0.529588370071897,1.0,0.45550777373470064,1.0,0.43296853625171,1.0,0.43871075484301936,1.0,0.424746925458044,1.0,0.3759660297239915,1.0,0.36771646786235307,1.0,0.27523489354366004,1.0,0.3112272481528203,1.0,0.32457650149470063,1.0,0.3253688116571635,1.0,0.3220521085146387,1.0
503,0.344427885411492,1.0,0.4038478129583297,1.0,0.17866263123049275,1.0,0.17723076923076922,1.0,0.21531701192718142,1.0,0.3095764435405429,1.0,0.3141819382532607,1.0,0.3384702123660966,1.0,0.3440792435839712,1.0,0.2900783995674507,1.0,0.19059613769941225,1.0,0.1970201921191923,1.0,0.18334902206882125,1.0,0.2463768115942029,1.0,0.29248602773752846,1.0
504,0.2622662617867988,1.0,0.2703862660944206,1.0,0.2758712897762724,1.0,0.28302966708003435,1.0,0.25970897176447916,1.0,0.3385518590998043,1.0,0.3636863319897398,1.0,0.36326751420070325,1.0,0.38723102807048615,1.0,0.43985368692326876,1.0,0.3779608650875386,1.0,0.46465200031316056,1.0,0.4931017691933128,1.0,0.5603370448390009,1.0,0.5582694169335021,1.0
505,0.5583646691735339,1.0,0.5037091383386321,1.0,0.24921961534588663,1.0,0.22716282981183644,1.0,0.2338118662784861,1.0,0.269714077581497,1.0,0.27449731598580657,1.0,0.281549815498155,1.0,0.2573388479774034,1.0,0.25673818835218265,1.0,0.22034222349679763,1.0,0.25227963525835867,1.0,0.2578654527061204,1.0,0.266496465043205,1.0,0.26937187326292383,1.0
506,0.5457054716674785,1.0,0.48729792147806006,1.0,0.22500995619275188,1.0,0.22083247898298133,1.0,0.22121092204194698,1.0,0.28791681606310504,1.0,0.25797728501892914,1.0,0.2723994952226429,1.0,0.24845586770272962,1.0,0.2577407644672219,1.0,0.24058416602613375,1.0,0.2752715121136174,1.0,0.2809571286141575,1.0,0.30892448512585813,1.0,0.2942697113313227,1.0
507,0.48526398739164694,1.0,0.4679557149539997,1.0,0.22342279539909377,1.0,0.21765145848915482,1.0,0.2217259246024656,1.0,0.24728816223864172,1.0,0.2510795805058606,1.0,0.2609308885754584,1.0,0.2524518706865238,1.0,0.23261740080087367,1.0,0.19886161508360015,1.0,0.218245874281476,1.0,0.21185185185185185,1.0,0.2302815588290136,1.0,0.21740747628789286,1.0
508,0.3328838951310861,1.0,0.3467916366258111,1.0,0.26992931913751456,1.0,0.2721554116558742,1.0,0.2839774995463618,1.0,0.34410511363636365,1.0,0.3464808484529757,1.0,0.3424657534246575,1.0,0.32122905027932963,1.0,0.3033432522317521,1.0,0.23239255383031654,1.0,0.25888689407540394,1.0,0.2626344815116174,1.0,0.26635977976351655,1.0,0.26443386908503186,1.0
509,0.5222780569514238,1.0,0.48030203545633615,1.0,0.24704956726986624,1.0,0.2481503699260148,1.0,0.2159246911159051,1.0,0.26370648321867834,1.0,0.2655775075987842,1.0,0.2621504972790392,1.0,0.28117539026629934,1.0,0.21455457967377667,1.0,0.20135746606334842,1.0,0.20147118921127913,1.0,0.1926681941262237,1.0,0.23978539001238133,1.0,0.2155737704918033,1.0
510,0.5422312373225152,1.0,0.5139920948616601,1.0,0.5345393481413633,1.0,0.5675593194476234,1.0,0.5220086308356218,1.0,0.46035932091643317,1.0,0.4513172966781214,1.0,0.4234689579647881,1.0,0.42187243810460734,1.0,0.43446561723280863,1.0,0.3453388055951085,1.0,0.4265878117768064,1.0,0.4377832891473531,1.0,0.49956453579515764,1.0,0.5281741825002039,1.0
511,0.41749571183533446,1.0,0.40774258421317244,1.0,0.4835377663008393,1.0,0.470972059561653,1.0,0.4109681787406906,1.0,0.2009728056599602,1.0,0.20017126953543138,1.0,0.19732999582811847,1.0,0.20389136603161734,1.0,0.20871220131105941,1.0,0.2021604938271605,1.0,0.2518579686209744,1.0,0.2886816447647308,1.0,0.38670508335048365,1.0,0.3997760358342665,1.0
512,0.4096547100234663,1.0,0.43321602145131555,1.0,0.43264604810996565,1.0,0.44329896907216493,1.0,0.41322460556638896,1.0,0.43326195574589577,1.0,0.43563482253222674,1.0,0.42817000351246925,1.0,0.4045261669024045,1.0,0.41375022206430984,1.0,0.303763915886199,1.0,0.36927621861152143,1.0,0.3805309734513274,1.0,0.44730415179410105,1.0,0.4381651376146789,1.0
513,0.5343564701778863,1.0,0.5215215215215215,1.0,0.34535104364326374,1.0,0.32801309596889705,1.0,0.3091617933723197,1.0,0.31589456869009586,1.0,0.305055860632456,1.0,0.27776677885567214,1.0,0.2846685644570964,1.0,0.2789381221940269,1.0,0.2557962751805397,1.0,0.3134945236619136,1.0,0.32312784443525033,1.0,0.30659253375694995,1.0,0.28980074965476427,1.0
514,0.5055233251211952,1.0,0.5171568627450981,1.0,0.43813457236276027,1.0,0.4324299662377954,1.0,0.39304908634897884,1.0,0.35329893107261334,1.0,0.35802693847834,1.0,0.3184976525821596,1.0,0.2952223142778238,1.0,0.27937772015927403,1.0,0.2397608637458731,1.0,0.2498075442648191,1.0,0.2537284710863081,1.0,0.25639054391697097,1.0,0.23950521086977697,1.0
515,0.28842247799593773,1.0,0.323467910567798,1.0,0.42189574298610494,1.0,0.4463605009983663,1.0,0.3768870839586828,1.0,0.38557077625570774,1.0,0.40366062573257594,1.0,0.26489383632240776,1.0,0.2507836990595611,1.0,0.23916369199388068,1.0,0.2158910752587895,1.0,0.2549761146496815,1.0,0.27297776028340875,1.0,0.30610274237157203,1.0,0.332931484830219,1.0
516,0.20620842572062084,1.0,0.23402953102287508,1.0,0.2630134479919495,1.0,0.231496062992126,1.0,0.22673401981736935,1.0,0.2638159539884971,1.0,0.2750061040123708,1.0,0.2310838445807771,1.0,0.23052714398111723,1.0,0.21042606516290727,1.0,0.18212994716841227,1.0,0.19768370607028754,1.0,0.19087345461855462,1.0,0.20934010152284263,1.0,0.20222519831049757,1.0
517,0.20632783574554023,1.0,0.19656324582338902,1.0,0.3717099034273812,1.0,0.42111029948867784,1.0,0.4268271411128554,1.0,0.4124884132468189,1.0,0.41834414217131305,1.0,0.4032132001736865,1.0,0.33216654384672073,1.0,0.2378240976105745,1.0,0.21427208547987026,1.0,0.23380398671096345,1.0,0.2764484872454024,1.0,0.3615428900402994,1.0,0.34331038611194253,1.0
518,0.17595569846373704,1.0,0.16086885513637106,1.0,0.2596823130465822,1.0,0.36681340400682777,1.0,0.47768860353130016,1.0,0.30277884986491704,1.0,0.262208276132575,1.0,0.25981932443047917,1.0,0.23459119496855346,1.0,0.23891001267427123,1.0,0.2243542435424354,1.0,0.29805760214333554,1.0,0.36398394188491684,1.0,0.43784567957203735,1.0,0.40672670464988053,1.0
519,0.11532951289398281,1.0,0.14715844937899888,1.0,0.18080068876452862,1.0,0.1829468259545561,1.0,0.17931747673216133,1.0,0.19552682159706447,1.0,0.18614080353851825,1.0,0.17655786350148367,1.0,0.19914575547250402,1.0,0.16728951417894042,1.0,0.16767048766271614,1.0,0.19430485762144054,1.0,0.17927287923109067,1.0,0.18910994764397906,1.0,0.1966072205306655,1.0
520,0.10792874607055536,1.0,0.09287925696594428,1.0,0.16379833974488764,1.0,0.1349548842683405,1.0,0.15717821782178218,1.0,0.20673712021136065,1.0,0.1780397022332506,1.0,0.15561015561015562,1.0,0.1512395799502003,1.0,0.1441823744202112,1.0,0.15268225584594222,1.0,0.1804557585711353,1.0,0.16435185185185186,1.0,0.16696363064668274,1.0,0.1601518874246147,1.0
521,0.20742041377204368,1.0,0.22678260869565217,1.0,0.39697802197802196,1.0,0.39177837354781053,1.0,0.3538135593220339,1.0,0.4297370019963545,1.0,0.420345156534559,1.0,0.18354960234407702,1.0,0.16643741403026135,1.0,0.14814814814814814,1.0,0.1407842777114519,1.0,0.14548238897396631,1.0,0.1619217081850534,1.0,0.19076449461262185,1.0,0.22196019243467596,1.0
522,0.20961448415795225,1.0,0.255862793139657,1.0,0.44589774078478,1.0,0.4216654904728299,1.0,0.3948416132940973,1.0,0.3928320449754041,1.0,0.40014189428875485,1.0,0.18986811806573162,1.0,0.17528177225029148,1.0,0.16424751718869365,1.0,0.14010209869540555,1.0,0.15479541026196147,1.0,0.17210944395410416,1.0,0.1877305377596583,1.0,0.23651452282157676,1.0
523,0.2658522396742292,1.0,0.3366739743188224,1.0,0.3328209069946195,1.0,0.3662929608527844,1.0,0.3278566094100075,1.0,0.35633853977479113,1.0,0.332011106703689,1.0,0.3158307210031348,1.0,0.30702930473089446,1.0,0.3141341417203486,1.0,0.2679522497704316,1.0,0.32012012012012014,1.0,0.32008196721311477,1.0,0.378824402002596,1.0,0.35206611570247937,1.0
524,0.38654247631283123,1.0,0.44,1.0,0.2225031605562579,1.0,0.29913625947470474,1.0,0.40189011693096266,1.0,0.3412969283276451,1.0,0.34299679757289736,1.0,0.3354158531823506,1.0,0.37021572720946416,1.0,0.3909199115796633,1.0,0.33562349708004124,1.0,0.42609010313008866,1.0,0.4625108225108225,1.0,0.4567901234567901,1.0,0.45714803406414206,1.0
525,0.25654450261780104,1.0,0.17956204379562044,1.0,0.19928888888888888,1.0,0.19535221496005808,1.0,0.23494604942568745,1.0,0.2529637060003648,1.0,0.2447810069586574,1.0,0.21911670578195008,1.0,0.26474733239379905,1.0,0.26166666666666666,1.0,0.23592142188961646,1.0,0.2780448717948718,1.0,0.307469600463231,1.0,0.3329538986909505,1.0,0.341633654027542,1.0
526,0.5012098977441262,1.0,0.46327426927154325,1.0,0.4048896839594514,1.0,0.4448630136986301,1.0,0.4574476368449739,1.0,0.49152029073288916,1.0,0.4915593925845988,1.0,0.48564724286272976,1.0,0.44710860366713684,1.0,0.4145971883155148,1.0,0.32666666666666666,1.0,0.37629499561018437,1.0,0.3771608171817706,1.0,0.40260636920686976,1.0,0.3825479621607285,1.0
527,0.200371920037192,1.0,0.19520103761348898,1.0,0.3367418899858956,1.0,0.2955482275350371,1.0,0.3280472063433524,1.0,0.4145716573258607,1.0,0.41544607190412786,1.0,0.4131324709349926,1.0,0.40897629853756934,1.0,0.4343801652892562,1.0,0.36716993254095726,1.0,0.43816894450848015,1.0,0.4524975514201763,1.0,0.4958199356913183,1.0,0.47433333333333333,1.0
528,0.1202223766504517,1.0,0.09922822491730982,1.0,0.35804148248894935,1.0,0.39165009940357853,1.0,0.40688095622678083,1.0,0.504789550072569,1.0,0.5158588493752575,1.0,0.5287604644882528,1.0,0.5384201318799623,1.0,0.5702832709780866,1.0,0.46744250484898864,1.0,0.5460415496911847,1.0,0.5764383561643835,1.0,0.6182160128962924,1.0,0.5959877403176372,1.0
529,0.2701766539660547,1.0,0.20900750625521267,1.0,0.3741802510773843,1.0,0.39147286821705424,1.0,0.37035302930986047,1.0,0.42048729368614096,1.0,0.4233671610720791,1.0,0.41487143849895763,1.0,0.4046211714132187,1.0,0.4071562416346926,1.0,0.30975310803712136,1.0,0.36875884851344976,1.0,0.38031340902693067,1.0,0.39136162604686175,1.0,0.3588122605363985,1.0
530,0.1564671978301407,1.0,0.15333333333333332,1.0,0.3373313343328336,1.0,0.427725781937445,1.0,0.4567698497413581,1.0,0.4061090785331405,1.0,0.4200869145340415,1.0,0.41178287390935064,1.0,0.4092444590920326,1.0,0.4028844646496316,1.0,0.31569664902998235,1.0,0.35936343449296815,1.0,0.3675848372333995,1.0,0.379674660405836,1.0,0.3364526470843081,1.0
531,0.48274231678486995,1.0,0.45237721638160994,1.0,0.3565217391304348,1.0,0.4381679389312977,1.0,0.4505016722408027,1.0,0.4410175988848231,1.0,0.440792905581638,1.0,0.4340092493774457,1.0,0.41867313355274555,1.0,0.36338983050847457,1.0,0.24887191947240542,1.0,0.2673465306938612,1.0,0.2976827094474153,1.0,0.31148804934464147,1.0,0.308952380952381,1.0
532,0.34269085929476206,1.0,0.3473114643219479,1.0,0.25523349436392917,1.0,0.26420454545454547,1.0,0.26378186129223474,1.0,0.2893226176808266,1.0,0.29970544918998526,1.0,0.2645106018419362,1.0,0.311031461569096,1.0,0.3261913557443665,1.0,0.28459802048966837,1.0,0.3381788814859681,1.0,0.37821151165106554,1.0,0.42542503863987635,1.0,0.34971718353813147,1.0
533,0.27617085347491876,1.0,0.2800332088003321,1.0,0.43222904593028283,1.0,0.43643779741672334,1.0,0.4345640492286358,1.0,0.4031014621178556,1.0,0.3887834339948231,1.0,0.3732879699904039,1.0,0.36716673810544365,1.0,0.3752166377816291,1.0,0.3030328488616315,1.0,0.34337784193431975,1.0,0.3589100035855145,1.0,0.3857278782112274,1.0,0.35321185348794404,1.0
534,0.2228103946102021,1.0,0.24211236713345707,1.0,0.32296182946527247,1.0,0.36627262652382714,1.0,0.3981095120497318,1.0,0.31657832206178027,1.0,0.3126760563380282,1.0,0.3137718023255814,1.0,0.296793106511504,1.0,0.3043086352983595,1.0,0.2632030914555603,1.0,0.30051622418879054,1.0,0.2877831414779057,1.0,0.31668171331126493,1.0,0.2983840661405487,1.0
535,0.5566382460414129,1.0,0.4896636840481333,1.0,0.4781127576222109,1.0,0.5132978723404256,1.0,0.5016181229773463,1.0,0.489974293059126,1.0,0.4887421703064161,1.0,0.4691314963376352,1.0,0.4417635827113348,1.0,0.4462854088722608,1.0,0.3334479793637145,1.0,0.3858984078847612,1.0,0.37535066392369554,1.0,0.39777087520555454,1.0,0.3374908290535583,1.0
536,0.39151067756393354,1.0,0.344087657890732,1.0,0.4632571574207799,1.0,0.4732797764582606,1.0,0.43827106483506867,1.0,0.47328179424008154,1.0,0.47058329836340745,1.0,0.45483953349791434,1.0,0.4351436638432154,1.0,0.4270967741935484,1.0,0.31572241569693366,1.0,0.3617679156056748,1.0,0.35924446058844894,1.0,0.3782104775150672,1.0,0.2895273401297498,1.0
537,0.38315217391304346,1.0,0.2997512437810945,1.0,0.44398340248962653,1.0,0.4648228176318064,1.0,0.43965367965367963,1.0,0.43123543123543123,1.0,0.4403394025101644,1.0,0.4050909090909091,1.0,0.36290466821677697,1.0,0.3607537597390832,1.0,0.2838732149076977,1.0,0.3204398938187334,1.0,0.3393836263944035,1.0,0.35877291432846986,1.0,0.32418001525553014,1.0
538,0.42580324610798276,1.0,0.42887913180349596,1.0,0.4870877013551521,1.0,0.4996138996138996,1.0,0.4598679638637943,1.0,0.46019137028344465,1.0,0.46197684772929654,1.0,0.4569237708615246,1.0,0.42163037610221343,1.0,0.42270351008215085,1.0,0.31318293972506167,1.0,0.3574589438489527,1.0,0.36683113483032925,1.0,0.36951316839584997,1.0,0.3378846759794139,1.0
539,0.3908364326976339,1.0,0.3587239583333333,1.0,0.4331725800895625,1.0,0.47561498242907346,1.0,0.44837582061556824,1.0,0.5202345085905057,1.0,0.5214279971054113,1.0,0.514483884128927,1.0,0.48974609375,1.0,0.500337723741979,1.0,0.3525349503116052,1.0,0.40839341837677945,1.0,0.4051398337112623,1.0,0.3816287878787879,1.0,0.3540175019888624,1.0
540,0.5210205391527599,1.0,0.4219440967876512,1.0,0.2994485294117647,1.0,0.3043220840734162,1.0,0.3142462237140883,1.0,0.32754023896514267,1.0,0.3571359830622654,1.0,0.3515377982178787,1.0,0.35872120357310766,1.0,0.36062566380225936,1.0,0.30262560188970655,1.0,0.36350307887792005,1.0,0.4010113538784467,1.0,0.3934344937022711,1.0,0.3103307054366745,1.0
541,0.5055005071389561,1.0,0.5537806971710084,1.0,0.3245543312729553,1.0,0.38539796529024534,1.0,0.34333525678015003,1.0,0.39621606800109677,1.0,0.40092906914418436,1.0,0.3898091465610371,1.0,0.35962605901256206,1.0,0.38957816377171217,1.0,0.3296403763299042,1.0,0.37818889970788705,1.0,0.4068884997081144,1.0,0.430833091997297,1.0,0.3116767356640586,1.0
542,0.3988773600952543,1.0,0.4234832478116511,1.0,0.4394069987933115,1.0,0.4523595908846223,1.0,0.40253536652581295,1.0,0.4194459149461796,1.0,0.40910670837678137,1.0,0.4119089316987741,1.0,0.3979276495182694,1.0,0.4213950126490784,1.0,0.35068068240565226,1.0,0.4098124098124098,1.0,0.4162082874954162,1.0,0.4428706326723324,1.0,0.2572501564781974,1.0
543,0.4990234375,1.0,0.5054979579013509,1.0,0.4126290012244184,1.0,0.40697891397648817,1.0,0.38961962317810167,1.0,0.3458884952451986,1.0,0.3556824461226745,1.0,0.3543859649122807,1.0,0.351538321500091,1.0,0.361003504888397,1.0,0.30649939013765465,1.0,0.3500464252553389,1.0,0.3631656804733728,1.0,0.39624046156709475,1.0,0.35304347826086957,1.0
544,0.2791140335698218,1.0,0.22641840857193044,1.0,0.17411003236245956,1.0,0.13918488410414148,1.0,0.14469115016310638,1.0,0.1950183979620719,1.0,0.19514214739166436,1.0,0.1601310882585603,1.0,0.15518945634266887,1.0,0.14021254713747,1.0,0.1453025086079685,1.0,0.15602443087173792,1.0,0.20763087843833186,1.0,0.3264551294529881,1.0,0.3897524467472654,1.0
545,0.11887750710166135,1.0,0.1050228310502283,1.0,0.1513493800145879,1.0,0.12859684001255625,1.0,0.1393543114017164,1.0,0.18462736951441183,1.0,0.17746861214794707,1.0,0.17713107241063245,1.0,0.1998607242339833,1.0,0.13603553581343697,1.0,0.13704100516217005,1.0,0.14608658562593305,1.0,0.142824575401801,1.0,0.23572321800750312,1.0,0.3412653446647781,1.0
546,0.1349422875131165,1.0,0.13989223707842746,1.0,0.5939668602180994,1.0,0.6170151197279896,1.0,0.5789626616301031,1.0,0.6192449047778149,1.0,0.6215343203230148,1.0,0.617261297995243,1.0,0.600477833820016,1.0,0.6177933073511624,1.0,0.48035827632414135,1.0,0.5620615604867574,1.0,0.5725059254471019,1.0,0.6111993072593448,1.0,0.5729258931207558,1.0
547,0.10424362555185152,1.0,0.10447182073915996,1.0,0.20279580629056415,1.0,0.17817145184280186,1.0,0.20815698345517505,1.0,0.2968613010696125,1.0,0.28820414058738564,1.0,0.2853041449847479,1.0,0.29947301471924404,1.0,0.28738539361365795,1.0,0.24685138539042822,1.0,0.2838665759019741,1.0,0.2995763566673391,1.0,0.31010735264330563,1.0,0.3089027352413138,1.0
548,0.101831251069656,1.0,0.10136157337367625,1.0,0.17806242107162187,1.0,0.16177777777777777,1.0,0.19082534310960708,1.0,0.26956521739130435,1.0,0.25951424746605467,1.0,0.2544480912074624,1.0,0.267786914551305,1.0,0.2530322040987035,1.0,0.22716711349419125,1.0,0.26008451786400305,1.0,0.27243653807715373,1.0,0.27835880933226065,1.0,0.27618243243243246,1.0
549,0.5273647579879784,1.0,0.5652173913043478,1.0,0.44633553317124003,1.0,0.4385577630610743,1.0,0.4156904508342208,1.0,0.4700052164840897,1.0,0.48144312100811326,1.0,0.4767541602333162,1.0,0.4519230769230769,1.0,0.46471418489767113,1.0,0.3394871794871795,1.0,0.40122788010111954,1.0,0.41044501655020227,1.0,0.42285041224970554,1.0,0.3957497995188452,1.0
550,0.13953839191431588,1.0,0.17432208079690095,1.0,0.2073490813648294,1.0,0.16765663920291243,1.0,0.24465078724263223,1.0,0.3860894251242016,1.0,0.25736137667304015,1.0,0.25037147102526003,1.0,0.22974672175318844,1.0,0.23170731707317074,1.0,0.21378340365682139,1.0,0.24971920628977912,1.0,0.2745950217305413,1.0,0.3409436834094368,1.0,0.3071416099179326,1.0
551,0.1875683273465563,1.0,0.2799479166666667,1.0,0.21608775137111516,1.0,0.20999380549246335,1.0,0.2615158744723802,1.0,0.43035684920243383,1.0,0.3795889689091867,1.0,0.38218637377724385,1.0,0.37934458788480635,1.0,0.4267603220832619,1.0,0.33050293925538865,1.0,0.39298545765611637,1.0,0.45314547837483615,1.0,0.4745511447866908,1.0,0.48002619515389655,1.0
552,0.1801431399421349,1.0,0.24751243781094528,1.0,0.16173786053304126,1.0,0.1445893808561455,1.0,0.1730225988700565,1.0,0.22864848666466886,1.0,0.2346848179934892,1.0,0.19957004657828736,1.0,0.20294426919032596,1.0,0.2086804882774656,1.0,0.2342406876790831,1.0,0.26221264367816094,1.0,0.25450762829403606,1.0,0.254138621066036,1.0,0.2549308755760369,1.0
553,0.3200607902735562,1.0,0.3995653523750388,1.0,0.1582608695652174,1.0,0.1356396469514051,1.0,0.17018909899888765,1.0,0.21402390438247013,1.0,0.1975347661188369,1.0,0.18784872907625544,1.0,0.183977643223102,1.0,0.14709690269893436,1.0,0.15698459875709267,1.0,0.164664858581945,1.0,0.1617136240833655,1.0,0.15487382483918852,1.0,0.15049170557266317,1.0
554,0.24947521395123526,1.0,0.28956865440797386,1.0,0.15560684747066744,1.0,0.12594430037208254,1.0,0.17796942375539004,1.0,0.2007024067761595,1.0,0.21914556962025317,1.0,0.20683939631859025,1.0,0.19605263157894737,1.0,0.2020405994260814,1.0,0.2002791346824843,1.0,0.2197037301445654,1.0,0.23035512720326473,1.0,0.19366947347063002,1.0,0.17907766021161908,1.0
555,0.16302128900554097,1.0,0.2133434420015163,1.0,0.22169728783902012,1.0,0.24286464717212397,1.0,0.27863305701234986,1.0,0.3618114661955998,1.0,0.36903843185676805,1.0,0.3539237314843996,1.0,0.29243353783231085,1.0,0.303894297635605,1.0,0.2736947123378783,1.0,0.3139656982849142,1.0,0.3188405797101449,1.0,0.3175556340515719,1.0,0.3044822256568779,1.0
556,0.436001694197374,1.0,0.5432254241054892,1.0,0.40061951471347446,1.0,0.38742138364779877,1.0,0.3532494758909853,1.0,0.4237618499158324,1.0,0.42941894957250043,1.0,0.40522933356809576,1.0,0.4064483795522887,1.0,0.3835735370724084,1.0,0.28055818761305884,1.0,0.2905715861054953,1.0,0.29091584618242616,1.0,0.2742237186681631,1.0,0.22819482097784424,1.0
557,0.4333421214517972,1.0,0.5240481771885862,0.6666666666666666,0.41814371780319565,1.0,0.41107228250873645,1.0,0.37395674414430585,1.0,0.44190665342601787,1.0,0.4470348373371155,1.0,0.42479220663151307,1.0,0.421111016298319,1.0,0.3983450484918587,1.0,0.2900402590582881,1.0,0.32677016281711474,1.0,0.3216938362110543,1.0,0.29204057744830275,1.0,0.2195266858104763,1.0
558,0.25819373634377274,1.0,0.32174190460998564,1.0,0.2799470549305096,1.0,0.13297767239675953,1.0,0.14307516215185043,1.0,0.21045576407506703,1.0,0.21227280306820076,1.0,0.20927152317880796,1.0,0.152317880794702,1.0,0.13095002962670355,1.0,0.13218601244965214,1.0,0.13807366555052197,1.0,0.13863143364227962,1.0,0.13573848913693443,1.0,0.13357400722021662,1.0
559,0.4031413612565445,1.0,0.4497756299620297,1.0,0.15372168284789645,1.0,0.1325102880658436,1.0,0.13205888815644914,1.0,0.21440758293838863,1.0,0.20980735551663748,1.0,0.1937854293512492,1.0,0.2185229001183032,1.0,0.24923495409724583,1.0,0.2661126500461681,1.0,0.338473400154202,1.0,0.3937768240343348,1.0,0.4642140468227425,1.0,0.45632048476687426,1.0
560,0.15880112601424076,1.0,0.13642756680731363,1.0,0.2341688654353562,1.0,0.22467554356986347,1.0,0.2502499166944352,1.0,0.22977005441460419,1.0,0.2247465921006641,1.0,0.21448467966573817,1.0,0.1673753382296096,1.0,0.14580494452014794,1.0,0.14202687976752634,1.0,0.14765625,1.0,0.1498447204968944,1.0,0.14908662345315263,1.0,0.14488748519542044,1.0
561,0.4194831013916501,1.0,0.4557916381082934,1.0,0.17044294754031436,1.0,0.14971810398830654,1.0,0.14355447082316397,1.0,0.22794382427079582,1.0,0.22562072688017273,1.0,0.21087279677213847,1.0,0.2580077437521999,1.0,0.25260510240747397,1.0,0.254606995110944,1.0,0.3273296789350039,1.0,0.36780772032046616,1.0,0.45478991596638657,1.0,0.3249551166965889,1.0
562,0.5887449092928545,1.0,0.581081081081081,1.0,0.2909772088666875,1.0,0.3398461139448431,1.0,0.3544366081679515,1.0,0.4354293441514537,1.0,0.3766122098022356,1.0,0.36403052375997225,1.0,0.3392289860049798,1.0,0.34221293636284494,1.0,0.2528672856362643,1.0,0.30950029626703535,1.0,0.3412590138374586,1.0,0.38022310455662695,1.0,0.24071979434447302,1.0
563,0.3068500127323657,1.0,0.3091599758266425,1.0,0.24294844482317854,1.0,0.37470254438952955,1.0,0.22124824684431976,1.0,0.27735470941883766,1.0,0.2549718574108818,1.0,0.20475319926873858,1.0,0.20777932129390753,1.0,0.19272575250836121,1.0,0.1686091686091686,1.0,0.20123770582384795,1.0,0.22641921397379913,1.0,0.2635156008649985,1.0,0.24474149793591507,1.0
564,0.4982600442897817,1.0,0.4772319827895303,0.6923076923076923,0.4242064165676456,1.0,0.44460077383046076,1.0,0.4038360021115608,1.0,0.4429289303661163,1.0,0.4389076077318674,1.0,0.4176438751578568,1.0,0.38189047532983916,1.0,0.3478787878787879,1.0,0.24597083653108212,1.0,0.2793168089981254,1.0,0.3222940226171244,1.0,0.3115025906735751,1.0,0.28209606986899566,1.0
565,0.35928745869846285,1.0,0.3642113854315446,0.0,0.42932628797886396,1.0,0.4493595217762596,1.0,0.275049469329016,1.0,0.3637747336377473,1.0,0.34102429645166926,1.0,0.29508517720775407,1.0,0.2954711468224982,1.0,0.2608265770219498,1.0,0.24523315084009817,1.0,0.2727631838830733,1.0,0.2640382317801673,1.0,0.26010616578195184,1.0,0.2681818181818182,1.0
566,0.5710656105215962,1.0,0.39069441197100774,0.0,0.23127286732139418,1.0,0.2519285871721402,1.0,0.2742123687281214,1.0,0.376865671641791,1.0,0.37868162692847124,1.0,0.25463336019339244,1.0,0.24932144241954246,1.0,0.2310010764262648,1.0,0.24523902059852312,1.0,0.29296235679214405,1.0,0.3218048101769032,1.0,0.336408931537184,1.0,0.3218836565096953,1.0
567,0.33099183019011985,1.0,0.3597219540451825,0.3,0.37740255074546436,1.0,0.2727645611156686,1.0,0.2912971445278238,1.0,0.36289403721990127,1.0,0.3722117710292932,1.0,0.3596745027124774,1.0,0.3446879027803351,1.0,0.25680017134289995,1.0,0.21460323465430814,1.0,0.2618925305661153,1.0,0.27791512154923775,1.0,0.30510814542107684,1.0,0.3119948270287747,1.0
568,0.3509687034277198,1.0,0.381429064549534,1.0,0.39359632053776755,1.0,0.34135922330097085,1.0,0.3417174297504421,1.0,0.33506012950971326,1.0,0.3201214068916265,1.0,0.3017241379310345,1.0,0.2907309105757452,1.0,0.3140237549489477,1.0,0.25421162218436494,1.0,0.3105745212323064,1.0,0.3687128712871287,1.0,0.3954483563509045,1.0,0.41540234299980794,1.0
569,0.15388227927363807,1.0,0.19391634980988592,0.8461538461538461,0.32458529338945286,1.0,0.19365308330328165,1.0,0.2024298731463284,1.0,0.3030124040165387,1.0,0.2950179603310948,1.0,0.26301565853270803,1.0,0.2787095738704759,1.0,0.2781339031339031,1.0,0.25370619946091644,1.0,0.3097716735193771,1.0,0.34783748361730016,1.0,0.37068887480764007,1.0,0.3909508660303994,1.0
570,0.3766976411722659,1.0,0.4076086956521739,1.0,0.5215914604560893,1.0,0.5279273216689099,1.0,0.4896251673360107,1.0,0.5343035343035343,1.0,0.5332480818414322,1.0,0.5172979176914249,1.0,0.4998407136030583,1.0,0.49701619778346123,1.0,0.36345246122724206,1.0,0.43187986249321514,1.0,0.4494748279608837,1.0,0.474017507915813,1.0,0.4392697466467958,1.0
571,0.1236376021798365,1.0,0.12145156570090723,1.0,0.22269558481797055,1.0,0.22386759581881532,1.0,0.23187250996015937,1.0,0.3803214979685568,1.0,0.36547868623340324,1.0,0.3481592225752196,1.0,0.377605086541858,1.0,0.392679786647048,1.0,0.31649948114839155,1.0,0.3874953201048297,1.0,0.41947158885269636,1.0,0.455791879064862,1.0,0.42027906976744184,1.0
572,0.35503362245395187,1.0,0.3975260300792026,1.0,0.20099652994038616,1.0,0.19500091894872265,1.0,0.20528124434798337,1.0,0.22907180385288967,1.0,0.20008267879288963,1.0,0.16505063563887093,1.0,0.14083690738379506,1.0,0.12938177182919056,1.0,0.13964686998394862,1.0,0.15309657860545692,1.0,0.15059588299024917,1.0,0.15345296356715607,1.0,0.15248506705736503,1.0
573,0.24277648621720357,1.0,0.357347055460263,1.0,0.2861797968180947,1.0,0.2949962658700523,1.0,0.3502815219245862,1.0,0.3941579516768842,1.0,0.3928329952670723,1.0,0.3869002284843869,1.0,0.41488020176544765,1.0,0.44785276073619634,1.0,0.35729957805907175,1.0,0.44719414430115023,1.0,0.47264359979546616,1.0,0.5233581584292485,1.0,0.47958281774792294,1.0
574,0.16736547868623342,1.0,0.2685603615235636,1.0,0.4212908633696563,1.0,0.3823582036142423,1.0,0.38237870029777543,1.0,0.4966736978744118,1.0,0.4893480698382188,1.0,0.4602551521099117,1.0,0.4666237735242078,1.0,0.49717605292883654,1.0,0.3945653901160019,1.0,0.4683053040103493,1.0,0.49097938144329895,1.0,0.5204620462046204,1.0,0.5045447033548174,1.0
575,0.2237649338069099,1.0,0.2970630717380838,1.0,0.36656173487233296,1.0,0.21248412266376338,1.0,0.24892140311386232,1.0,0.2766332100721958,1.0,0.2885295603840323,1.0,0.29328859060402684,1.0,0.2656137832017229,1.0,0.2932301740812379,1.0,0.2576022369800769,1.0,0.28266212894687087,1.0,0.2845341018251681,1.0,0.3393632416787265,1.0,0.2878266153534535,1.0
576,0.34777376654632974,1.0,0.46779998468489165,1.0,0.38667145035429185,1.0,0.36996767558037025,1.0,0.37601373914702796,1.0,0.40753905153867737,1.0,0.38893072289156627,1.0,0.36537369914853357,1.0,0.3214030064423765,1.0,0.3413738856843209,1.0,0.2447525515116503,1.0,0.300648882480173,1.0,0.2996374024832436,1.0,0.36337966985230236,1.0,0.3857273745291662,1.0
577,0.30622133771740073,1.0,0.4175008072328059,1.0,0.42779012134677835,1.0,0.41675977653631285,1.0,0.4400971631820942,1.0,0.4525858322468492,1.0,0.4144207210360518,1.0,0.38425843298233087,1.0,0.37690025954764556,1.0,0.4134821013482101,1.0,0.28420666238414244,1.0,0.32806324110671936,1.0,0.3391737182677949,1.0,0.36172814346851434,1.0,0.33009436606558906,1.0
578,0.47768984677555143,1.0,0.5046324891908586,1.0,0.167618059159315,1.0,0.1511553953784185,1.0,0.14727085478887744,1.0,0.1864517179612441,1.0,0.1716514954486346,1.0,0.15701773125400556,1.0,0.1565128205128205,1.0,0.14466506655029457,1.0,0.1364082433758587,1.0,0.13499025341130605,1.0,0.14170222322030093,1.0,0.15559293523969722,1.0,0.18229715489989462,1.0
579,0.4954248366013072,1.0,0.5303303303303303,1.0,0.15750670241286863,1.0,0.1466475439225529,1.0,0.15251798561151078,1.0,0.2635102821616451,1.0,0.14453288646837034,1.0,0.14088582239038505,1.0,0.15995029291674062,1.0,0.1104518484710178,1.0,0.11974623314829501,1.0,0.1256544502617801,1.0,0.11693085228577992,1.0,0.1404884606766749,1.0,0.1880507199656136,1.0
580,0.23223635003739715,1.0,0.2516746411483254,1.0,0.20565085771947528,1.0,0.18669978979552837,1.0,0.21962350256702795,1.0,0.26724436741767765,1.0,0.17647058823529413,1.0,0.14332399626517273,1.0,0.14881889763779527,1.0,0.11858407079646018,1.0,0.1275221953188055,1.0,0.16357955813434502,1.0,0.18050463661850336,1.0,0.23295340931813638,1.0,0.28205128205128205,1.0
581,0.3672024492920015,1.0,0.4282812896674283,1.0,0.38851973420863023,1.0,0.4906746488602349,1.0,0.46203504457423916,1.0,0.3032387984561168,1.0,0.311549014716887,1.0,0.1680213784656497,1.0,0.13490764554594342,1.0,0.11965811965811966,1.0,0.12870159453302962,1.0,0.13808267370272648,1.0,0.13132424109106908,1.0,0.14216655680070314,1.0,0.1377899045020464,1.0
582,0.2728643216080402,1.0,0.35105551211884284,1.0,0.4856755126658625,1.0,0.4931249095382834,1.0,0.4689644654567638,1.0,0.3290032876272953,1.0,0.3137111517367459,1.0,0.29347361218030965,1.0,0.25300613496932517,1.0,0.12885319475611196,1.0,0.15218230977211278,1.0,0.16812005678361386,1.0,0.16997885835095136,1.0,0.20599250936329588,1.0,0.16105511473300452,1.0
583,0.13713013044861597,1.0,0.12332369182224559,1.0,0.41829964511649437,1.0,0.36197114605284486,1.0,0.15682041216879294,1.0,0.18154901044101604,1.0,0.15346121768140117,1.0,0.17927287923109067,1.0,0.1644232407565173,1.0,0.11980760822037603,1.0,0.1263218611805422,1.0,0.13538397154216364,1.0,0.13399339933993398,1.0,0.1554239796997251,1.0,0.23126771972458485,1.0
584,0.4709501025290499,1.0,0.5108628181253879,1.0,0.1638510075310401,1.0,0.1704877032096707,1.0,0.21770933589990377,1.0,0.24498542773872792,1.0,0.20336605890603085,1.0,0.2101998621640248,1.0,0.14205647768915713,1.0,0.11992786293958521,1.0,0.12080808080808081,1.0,0.12901805372082784,1.0,0.1358533791523482,1.0,0.20986066452304394,1.0,0.2716099959033183,1.0
585,0.4891049279249078,1.0,0.5318607263197305,1.0,0.32569529473500086,1.0,0.2811897548884605,1.0,0.2841368165903582,1.0,0.30092511782160936,1.0,0.2682751170327692,1.0,0.2607129996398992,1.0,0.23723723723723725,1.0,0.16328840415680626,1.0,0.15760163356227957,1.0,0.17267704671019588,1.0,0.1710843373493976,1.0,0.18768784329982383,1.0,0.17843199324680806,1.0
586,0.212575713873666,1.0,0.28189172370877413,1.0,0.326458157227388,1.0,0.18439716312056736,1.0,0.17864796415351647,1.0,0.2335042735042735,1.0,0.23758208452601448,1.0,0.17057837384744343,1.0,0.16921245784566555,1.0,0.1358933088066222,1.0,0.1537842190016103,1.0,0.19223383827608279,1.0,0.1905344757241942,1.0,0.23583260680034873,1.0,0.27084105224157096,1.0
587,0.49764494305044105,1.0,0.47455567370499774,1.0,0.46938094443517436,1.0,0.4602159827213823,1.0,0.3610724233983287,1.0,0.371922570945311,1.0,0.37325752017608216,1.0,0.3414955735543417,1.0,0.3087532180948878,1.0,0.22642514651038892,1.0,0.1834948421381682,1.0,0.206546795758414,1.0,0.2327173169062286,1.0,0.2885075818036712,1.0,0.30859336548872923,1.0
588,0.2299229922992299,1.0,0.31577579485402407,1.0,0.36223018439220483,1.0,0.4325182004853463,1.0,0.42739774959814253,1.0,0.3864204654741296,1.0,0.3718143780905287,1.0,0.3008795254653303,1.0,0.2789944024354316,1.0,0.2401410708560436,1.0,0.19449332367249766,1.0,0.21449376674822324,1.0,0.25637740244612695,1.0,0.31326756593517213,1.0,0.32605958875367186,1.0
589,0.5042749232173985,,0.468294604174872,,0.4033008115254855,,0.40974373415939175,,0.31112604396659305,,0.3080838933007534,,0.316466111282526,,0.27347291172026766,,0.2571003084778215,,0.269858661115372,,0.2094316309719934,,0.25557694485335747,,0.2756732085805568,,0.32351057014734147,,0.2912405513561583,
590,0.3657391887361716,1.0,0.3646322378716745,1.0,0.36090362543268356,1.0,0.3502803738317757,1.0,0.3083317938296693,1.0,0.3082073847331165,1.0,0.30866052977644187,1.0,0.24813948543482883,1.0,0.22453889334402566,1.0,0.21357040670345392,1.0,0.18747424804285126,1.0,0.22932985204525674,1.0,0.25169491525423726,1.0,0.2894259818731118,1.0,0.27100494233937394,1.0
591,0.23772796657829195,1.0,0.27682435457394416,1.0,0.37937252073566535,1.0,0.39731142643764,1.0,0.36153566229985445,1.0,0.39082397003745317,1.0,0.4136825716640718,1.0,0.41142430464812396,1.0,0.28769601930036187,1.0,0.2919113858835652,1.0,0.227552515876893,1.0,0.26362297496318116,1.0,0.28978295394388565,1.0,0.26458776281596974,1.0,0.28409740482451123,1.0
592,0.12137134981479886,1.0,0.14518622628250175,1.0,0.19600121175401394,1.0,0.16567342073897498,1.0,0.17529411764705882,1.0,0.1817731550272412,1.0,0.1795780318891931,1.0,0.1554454378972315,1.0,0.17169974115616912,1.0,0.16236722306525037,1.0,0.12742796157950906,1.0,0.1396103896103896,1.0,0.1380400421496312,1.0,0.1419292759201347,1.0,0.14594980373498276,1.0
593,0.10874785591766724,1.0,0.14080287597363692,1.0,0.2292104760084114,1.0,0.2329700272479564,1.0,0.26863452962412404,1.0,0.3710512225593432,1.0,0.3561566105541895,1.0,0.34980757545067853,1.0,0.3722363175063429,1.0,0.40309929213698104,1.0,0.36511226252158896,1.0,0.42816752076338577,1.0,0.44465815702045813,1.0,0.48471779486217886,1.0,0.47377591914967765,1.0
594,0.37404167042482184,1.0,0.435161214403389,1.0,0.47120786516853935,1.0,0.4984993178717599,1.0,0.4475256353098529,1.0,0.5080421052631579,1.0,0.5173443983402489,1.0,0.4995331465919701,1.0,0.44456734450778523,1.0,0.41078762434973076,1.0,0.30797590144771153,1.0,0.34194165471066473,1.0,0.3490225849307269,1.0,0.35514860402281595,1.0,0.32502472799208704,1.0
595,0.385766486862711,1.0,0.4513792572044999,1.0,0.3269876819708847,1.0,0.3082204490629059,1.0,0.28470936690114773,1.0,0.15784908933217692,1.0,0.15585509688289806,1.0,0.138180967968202,1.0,0.12424445936870383,1.0,0.12143514259429623,1.0,0.13644349014249463,1.0,0.14768792014666937,1.0,0.14246196403872752,1.0,0.136669874879692,1.0,0.13461985584747732,1.0
596,0.22021660649819494,1.0,0.22536570876958492,1.0,0.23317683881064163,1.0,0.21867032751519905,1.0,0.22199749590677068,1.0,0.23292563164003213,1.0,0.23463294696171408,1.0,0.17917109458023378,1.0,0.19454564380139483,1.0,0.17390294868818204,1.0,0.14921546508050457,1.0,0.16549335121242598,1.0,0.1691126665161436,1.0,0.18255174833352825,1.0,0.21621319001231665,1.0
597,0.11818825194621373,1.0,0.16815597075548336,1.0,0.16882034180908712,1.0,0.14494875549048317,1.0,0.15297972557853778,1.0,0.19258821210329194,1.0,0.17895822588963384,1.0,0.1648636953699697,1.0,0.15933361811191799,1.0,0.1590248266607023,1.0,0.15705186533212012,1.0,0.1427216690374585,1.0,0.1303122798779056,1.0,0.13920314805705852,1.0,0.1381055676066522,1.0
598,0.1925792398978519,1.0,0.2180541025257809,1.0,0.28558859757170507,1.0,0.27072019941244546,1.0,0.26185240566452633,1.0,0.31841709801302387,1.0,0.31422092646582445,1.0,0.3159128978224456,1.0,0.3116217556620929,1.0,0.27984684998259657,1.0,0.2233468286099865,1.0,0.24713757266161704,1.0,0.25013390465988217,1.0,0.2480042108956926,1.0,0.24243503025987895,1.0
599,0.21944929075324282,1.0,0.23471003022017556,1.0,0.3318134321269118,1.0,0.32316013135020283,1.0,0.3249063670411985,1.0,0.3319509556437072,1.0,0.33980753950737175,1.0,0.36744612563044476,1.0,0.35144797997854843,1.0,0.3146321413892314,1.0,0.23964441081899,1.0,0.2883004034343643,1.0,0.29546661004352903,1.0,0.2718039302274233,1.0,0.28231733679204496,1.0
600,0.21556049017188914,1.0,0.24879171461449942,1.0,0.40711592064272834,1.0,0.34006265227984683,1.0,0.3073361823361823,1.0,0.30493117267816694,1.0,0.3207966492862638,1.0,0.3239004432321855,1.0,0.31173147224991693,1.0,0.203729981755524,1.0,0.17304461452305395,1.0,0.19684252597921661,1.0,0.19971898835808913,1.0,0.17968240156623885,1.0,0.19663090343928608,1.0
601,0.3167307370884172,1.0,0.28810051736881004,1.0,0.32634473277195397,1.0,0.37254901960784315,1.0,0.3620312762737515,1.0,0.4155251141552511,1.0,0.3828441705853738,1.0,0.3653941497273178,1.0,0.3324683749594551,1.0,0.34219016891250714,1.0,0.27435456110154904,1.0,0.3132183908045977,1.0,0.3158469945355191,1.0,0.31422963689892053,1.0,0.2930547713156409,1.0
602,0.39282250242483024,1.0,0.38473224458792254,1.0,0.40850277264325324,1.0,0.419072915774141,1.0,0.3876087151439075,1.0,0.40326340326340326,1.0,0.4103826552647491,1.0,0.34181240063593005,1.0,0.30333741044906515,1.0,0.28493543758967,1.0,0.1847662141779789,1.0,0.20766578787264248,1.0,0.20641117846501592,1.0,0.2027603003856302,1.0,0.20583824852544236,1.0
603,0.25257977456739167,1.0,0.223478883321403,1.0,0.28436763550667715,1.0,0.3083235638921454,1.0,0.283663174233605,1.0,0.3078138718173837,1.0,0.3044368600682594,1.0,0.3011756569847856,1.0,0.31694081736476176,1.0,0.28795155564836084,1.0,0.25121313923105637,1.0,0.2895049504950495,1.0,0.24166305760069295,1.0,0.29163144547759934,1.0,0.25720384204909286,1.0
604,0.3217883606693864,1.0,0.3177793177793178,1.0,0.4111415202613225,1.0,0.42862309013651567,1.0,0.3887810738379078,1.0,0.3734183060866353,1.0,0.3703099510603589,1.0,0.3564213564213564,1.0,0.343980343980344,1.0,0.3298989898989899,1.0,0.2755195880080927,1.0,0.31402985074626866,1.0,0.2825007920582955,1.0,0.2987939171473519,1.0,0.28423851897310015,1.0
605,0.5613769214115609,1.0,0.549449769258076,1.0,0.4093722369584439,1.0,0.2686397855006703,1.0,0.25606029741291503,1.0,0.27191679049034173,1.0,0.258636615555145,1.0,0.2624640237675239,1.0,0.28581739444243953,1.0,0.22116515232495992,1.0,0.18576844561096528,1.0,0.19857235561323816,1.0,0.20553316632175145,1.0,0.20886297376093294,1.0,0.21072710951526033,1.0
606,0.22739905182278894,1.0,0.3106432073839054,1.0,0.22545805207328834,1.0,0.2632735261808861,1.0,0.2693783576362241,1.0,0.2901818181818182,1.0,0.19949864215583873,1.0,0.18545602275035547,1.0,0.17992943943551548,1.0,0.1621841890790546,1.0,0.14404852160727824,1.0,0.15527443378902264,1.0,0.14743189852360158,1.0,0.15110925073252407,1.0,0.14327424400417102,1.0
607,0.19027355623100303,1.0,0.21434834595456356,1.0,0.4884310618066561,1.0,0.4794253713172632,1.0,0.4018172640080767,1.0,0.2943494224053013,1.0,0.28572710146227687,1.0,0.25335673541026765,1.0,0.2568604056587694,1.0,0.2618291112065264,1.0,0.22914572864321608,1.0,0.23413184123098443,1.0,0.17199523138614933,1.0,0.195274932051014,1.0,0.1650753235730957,1.0
608,0.39060905069751617,1.0,0.3727126805778491,1.0,0.40576419213973797,1.0,0.40801424755120214,1.0,0.33433962264150946,1.0,0.37748586024448094,1.0,0.3751135331516803,1.0,0.35330205701912665,1.0,0.3405684754521964,1.0,0.3111226791601596,1.0,0.24941412788751255,1.0,0.26670192138198484,1.0,0.15609220636663007,1.0,0.15018474244729407,1.0,0.14595283620140218,1.0
609,0.5248097412480974,1.0,0.4978224958702508,1.0,0.40798376184032475,1.0,0.4375960389277787,1.0,0.4051069703243616,1.0,0.29810879313706373,1.0,0.29683885890516576,1.0,0.28749527767283717,1.0,0.27319587628865977,1.0,0.28418683173888576,1.0,0.23224431818181818,1.0,0.2675051623803266,1.0,0.2774533810510454,1.0,0.30670629760356677,1.0,0.2837587865334813,1.0
610,0.5199501246882793,1.0,0.4974124809741248,1.0,0.3970149253731343,1.0,0.437744182096144,1.0,0.38900343642611684,1.0,0.3191328934967012,1.0,0.33818711321441575,1.0,0.3290460878885316,1.0,0.3062378512104612,1.0,0.3234611953612846,1.0,0.2667814113597246,1.0,0.29870603244031346,1.0,0.3138075313807531,1.0,0.33502906976744184,1.0,0.3103448275862069,1.0
611,0.48469006721433905,1.0,0.4664834325851275,1.0,0.45467092210816873,1.0,0.4641583452211127,1.0,0.400384721077219,1.0,0.31356018283392584,1.0,0.310094700785815,1.0,0.28350411894715694,1.0,0.27709443099273606,1.0,0.3011240386511536,1.0,0.2474141876430206,1.0,0.2742676329488619,1.0,0.29775510204081634,1.0,0.3136118735386805,1.0,0.3000732140989436,1.0
612,0.5004097688903458,1.0,0.463933656704741,1.0,0.4336674027518261,1.0,0.47122557726465364,1.0,0.45446772124839674,1.0,0.3427230046948357,1.0,0.3431796801505174,1.0,0.3146531043086076,1.0,0.315004659832246,1.0,0.3235750290810392,1.0,0.2782719186785261,1.0,0.3117782909930716,1.0,0.3198106828938472,1.0,0.3665854846566001,1.0,0.34045214045214045,1.0
613,0.5157894736842106,1.0,0.48892171344165436,1.0,0.3938746438746439,1.0,0.34234930448222567,1.0,0.30782280867106504,1.0,0.34680620714543486,1.0,0.3481001260579867,1.0,0.3314366998577525,1.0,0.31569907248368256,1.0,0.3255010366275052,1.0,0.21794871794871795,1.0,0.22124274349602235,1.0,0.22255834053586862,1.0,0.2299419229941923,1.0,0.21632996632996632,1.0
614,0.1789876500260915,1.0,0.22427831236121393,1.0,0.4529858132629495,1.0,0.448559670781893,1.0,0.40241796200345425,1.0,0.3437259430331024,1.0,0.3268829444128249,1.0,0.2535355605656897,1.0,0.23990498812351543,1.0,0.25229077580940745,1.0,0.20984848484848484,1.0,0.22164412070759626,1.0,0.22414873616043451,1.0,0.24563644103873988,1.0,0.21826983792885707,1.0
615,0.40026863666890533,1.0,0.41931613677264545,0.96,0.48484067680151166,1.0,0.48406107688186445,1.0,0.4369194697447921,1.0,0.49824950900862436,1.0,0.498376900734666,1.0,0.481262498913138,1.0,0.4618139418672441,1.0,0.429526563064691,1.0,0.3064872997610408,1.0,0.35525812619502867,1.0,0.3449150888151474,1.0,0.34039364571885306,1.0,0.2971735668789809,1.0
616,0.28233387358184764,1.0,0.36511959448756537,1.0,0.2606665593302206,1.0,0.3203483768804434,1.0,0.236323036844064,1.0,0.3314854068155878,1.0,0.3333333333333333,1.0,0.3402884320343664,1.0,0.29846153846153844,1.0,0.31016731016731014,1.0,0.2639225181598063,1.0,0.3024443633710325,1.0,0.31506345411072284,1.0,0.3508171797795515,1.0,0.35442318620950936,1.0
617,0.23974857826997906,1.0,0.278699402786994,1.0,0.3939070016034206,1.0,0.3853462452037274,1.0,0.356006582556226,1.0,0.36040800906686815,1.0,0.35958005249343833,1.0,0.35034457068355374,1.0,0.3291880029261156,1.0,0.32402866842700867,1.0,0.248360219819181,1.0,0.27747886241352804,1.0,0.28122605363984676,1.0,0.27269281788895205,1.0,0.15588303016348146,1.0
618,0.499615207018624,1.0,0.43757919057911604,0.6428571428571429,0.3887962654218073,1.0,0.3633305298570227,1.0,0.3508965751678423,1.0,0.3259768451519537,1.0,0.32558552164655785,1.0,0.3231525364226786,1.0,0.24261583467018968,1.0,0.2276657060518732,1.0,0.20294144022957583,1.0,0.20667108878991755,1.0,0.20818199197094245,1.0,0.22072936660268713,1.0,0.19111540318686626,1.0
619,0.5136612021857924,1.0,0.31845259455967845,0.0,0.3030672708260718,1.0,0.3221676604700105,1.0,0.3450784468402139,1.0,0.43536352594134997,1.0,0.42205652852436276,1.0,0.42633390705679863,1.0,0.41757966044994566,1.0,0.41873706004140787,1.0,0.32273775954883366,1.0,0.35027027027027025,1.0,0.3567262121764491,1.0,0.3398842868950317,1.0,0.29888888888888887,1.0
620,0.1643020594965675,1.0,0.1849163494733115,1.0,0.25538525269262635,1.0,0.24674775251189845,1.0,0.2658892740834121,1.0,0.3405909797822706,1.0,0.3461397731430662,1.0,0.28743191861062584,1.0,0.28160919540229884,1.0,0.25118770848074395,1.0,0.21937482399324135,1.0,0.2527054108216433,1.0,0.24551432073999777,1.0,0.30370536214037835,1.0,0.26638223389125915,1.0
621,0.1562875278778521,1.0,0.1960850489368883,1.0,0.32422088572990704,1.0,0.24544120729406832,1.0,0.22272727272727272,1.0,0.3175635718509758,1.0,0.30638953040800615,1.0,0.3215926493108729,1.0,0.33382084095063985,1.0,0.22923010004349717,1.0,0.22997620935765264,1.0,0.24665643499232626,1.0,0.2666967509025271,1.0,0.26566473988439304,1.0,0.21455576559546313,1.0
622,0.4613250086715227,1.0,0.4171720395786786,1.0,0.1954177897574124,1.0,0.14571484604824475,1.0,0.16562559151996972,1.0,0.24602739726027398,1.0,0.2269180754226268,1.0,0.2014214181876918,1.0,0.22229259024699177,1.0,0.1664368721686035,1.0,0.16749651463851822,1.0,0.2002620659532649,1.0,0.20632133450395082,1.0,0.17465027554048326,1.0,0.16563912864775995,1.0
623,0.15180063820088133,1.0,0.2392857142857143,1.0,0.29550827423167847,1.0,0.2799592044875064,1.0,0.2814614343707713,1.0,0.36166397704859243,1.0,0.37476587774561554,1.0,0.3714957193218063,1.0,0.350543919467446,1.0,0.32223903177004537,1.0,0.2694529391777098,1.0,0.3108535300316122,1.0,0.3256135499481507,1.0,0.3195092448591671,1.0,0.30115100498196185,1.0
624,0.25419829767655855,1.0,0.26048648241584454,1.0,0.17170759457665688,1.0,0.16745787954947408,1.0,0.1472444257467396,1.0,0.2471042471042471,1.0,0.16998827667057445,1.0,0.15534804753820033,1.0,0.16232379325074756,1.0,0.1503060530491952,1.0,0.154543622808785,1.0,0.1735693215339233,1.0,0.19777406789092933,1.0,0.22772277227722773,1.0,0.24641486568370027,1.0
625,0.25150375939849623,1.0,0.31983323406789754,1.0,0.47337471414570403,1.0,0.48752909876953776,1.0,0.42885939862254324,1.0,0.4123875066172578,1.0,0.4187973902309998,1.0,0.3994314143567875,1.0,0.3760639221816919,1.0,0.3788594260806393,1.0,0.2913719943422914,1.0,0.3264094955489614,1.0,0.31743327654741627,1.0,0.31100846805234794,1.0,0.27910863509749306,1.0
626,0.2535743631881676,1.0,0.3422476918178924,1.0,0.4794520547945205,1.0,0.49543764785400474,1.0,0.45267010480785225,1.0,0.4365446142907927,1.0,0.432264919426244,1.0,0.4209496709941312,1.0,0.3943217665615142,1.0,0.4178525226390686,1.0,0.33238938053097344,1.0,0.3892171344165436,1.0,0.32704031465093414,1.0,0.3471925393433068,1.0,0.32422408744876047,1.0
627,0.14712286158631416,1.0,0.16080129940443963,1.0,0.3001174299614159,1.0,0.27949061662198393,1.0,0.29743331655762456,1.0,0.35231316725978645,1.0,0.3503448275862069,1.0,0.328771809784468,1.0,0.31304935767410413,1.0,0.281786941580756,1.0,0.17207913400522584,1.0,0.1796078431372549,1.0,0.17663203293471869,1.0,0.17517674783974863,1.0,0.17520951081660496,1.0
628,0.19090974263388055,1.0,0.29501686024728363,1.0,0.20952817224003664,1.0,0.18286879673691367,1.0,0.19580123592652163,1.0,0.30507763323541753,1.0,0.30773676822723145,1.0,0.311245145831612,1.0,0.2593473827328348,1.0,0.2727272727272727,1.0,0.2320596458527493,1.0,0.2806970747754957,1.0,0.26714932126696833,1.0,0.27369636670516123,1.0,0.25786277531043234,1.0
629,0.20606392123153863,1.0,0.3251581660548309,1.0,0.19986328291890967,1.0,0.1917271286798432,1.0,0.1955533097524002,1.0,0.30561162696810656,1.0,0.3008540056933713,1.0,0.31262671316194957,1.0,0.2797035817208728,1.0,0.2682084915429755,1.0,0.2432522492502499,1.0,0.270305791641111,1.0,0.2796975292359096,1.0,0.30105263157894735,1.0,0.2680760348196838,1.0
630,0.13804820229158435,1.0,0.1758286727595144,1.0,0.2602395510511768,1.0,0.2639225181598063,1.0,0.16812439261418854,1.0,0.2089801767375209,1.0,0.2087232232619287,1.0,0.20732082436173485,1.0,0.23101876882675523,1.0,0.23257832846657722,1.0,0.23885860852837448,1.0,0.26501882468489113,1.0,0.27323990380628577,1.0,0.29200033022372657,1.0,0.2739563968227142,1.0
631,0.17424242424242425,1.0,0.2572584139823776,1.0,0.43977498345466576,1.0,0.46752496492531154,1.0,0.4342940889106009,1.0,0.43949262941378126,1.0,0.44231421784865965,1.0,0.4411050648807032,1.0,0.42591679000164445,1.0,0.42613107822410146,1.0,0.3357543743809838,1.0,0.3898682183809687,1.0,0.39573727707698997,1.0,0.40885666870469034,1.0,0.38251030611349884,1.0
632,0.42100426100760296,1.0,0.30433402127321796,1.0,0.21798941798941798,1.0,0.21962574984331631,1.0,0.25228945950799064,1.0,0.29909154437456326,1.0,0.3058753304340411,1.0,0.3053202304303626,1.0,0.32085429207553395,1.0,0.3376556901552636,1.0,0.23710978603998598,1.0,0.28736900165471596,1.0,0.2019189765458422,1.0,0.19404761904761905,1.0,0.1712252612853013,1.0
633,0.1532320370847283,1.0,0.1670103092783505,0.0,0.18668178538295022,1.0,0.16780354706684858,1.0,0.19462254395036194,1.0,0.23948515252863078,1.0,0.23489387630750483,1.0,0.1789247311827957,1.0,0.18868308569102382,1.0,0.18449677896293168,1.0,0.20045346799958777,1.0,0.2526269702276708,1.0,0.2529682318964595,1.0,0.2738688027711626,1.0,0.31287937313762276,1.0
634,0.4547406082289803,1.0,0.3669579030976966,0.25,0.24686783130404094,1.0,0.2624053826745164,1.0,0.2722571111932028,1.0,0.3207193705507681,1.0,0.29656683710737763,1.0,0.27972408785623526,1.0,0.2622270348312579,1.0,0.28344319503683596,1.0,0.25041705282669136,1.0,0.29264475743348983,1.0,0.29577464788732394,1.0,0.307648938169517,1.0,0.2992158481221626,1.0
635,0.15294901699433522,1.0,0.2517078297425118,0.0,0.2929782082324455,1.0,0.300874857360213,1.0,0.31081566654689186,1.0,0.33869386154147874,1.0,0.35967200894521056,1.0,0.24426334977482309,1.0,0.23646723646723647,1.0,0.19879518072289157,1.0,0.17011805689955486,1.0,0.19552609776304888,1.0,0.18580192813321647,1.0,0.18155098349536514,1.0,0.21270962047661077,1.0
636,0.21583567997349676,1.0,0.24056654773489025,0.0,0.41772767820939094,1.0,0.4098473743209451,1.0,0.36024148339801637,1.0,0.3808546703541797,1.0,0.3808093302703658,1.0,0.3555435175153485,1.0,0.3211287729951777,1.0,0.2952345495160089,1.0,0.23618822244470739,1.0,0.2694712905059693,1.0,0.2704233464529135,1.0,0.30359189912113105,1.0,0.30103672124794106,1.0
637,0.19057228186294292,1.0,0.2699749373433584,0.0,0.2685089125719136,1.0,0.26614293926039473,1.0,0.22769640479360853,1.0,0.30289489022731686,1.0,0.3043717854518736,1.0,0.29316747122168585,1.0,0.29387199273717657,1.0,0.285913011221367,1.0,0.2497771438759137,1.0,0.3058230169646951,1.0,0.1887951681766115,1.0,0.21185056094107396,1.0,0.2037966397556186,1.0
638,0.3108108108108108,1.0,0.39342595730260926,0.25,0.1958151700087184,1.0,0.1819148936170213,1.0,0.22080211546936976,1.0,0.35780154924382146,1.0,0.3602249758326742,1.0,0.32497253753203953,1.0,0.29047093451066963,1.0,0.17544633017412387,1.0,0.14946008678978706,1.0,0.16268933202571648,1.0,0.18620227729403885,1.0,0.16662928907826868,1.0,0.178491744756805,1.0
639,0.1476842411884649,1.0,0.1899159663865546,0.0,0.1819538895339194,1.0,0.184961396441759,1.0,0.23370896619304263,1.0,0.4130015770106886,1.0,0.370973328714929,1.0,0.32018844878729713,1.0,0.28342618384401114,1.0,0.1668029435813573,1.0,0.15918211351041467,1.0,0.1660293821694506,1.0,0.16303901437371662,1.0,0.18109594622122632,1.0,0.15994206496999794,1.0
640,0.1573917064899029,1.0,0.17840573597638126,0.0,0.23394419679709427,1.0,0.1621676476557743,1.0,0.18532969176746,1.0,0.22769857433808555,1.0,0.23507279568133485,1.0,0.2,1.0,0.20704140828165632,1.0,0.22299370256741483,1.0,0.20659163987138263,1.0,0.24409119431081364,1.0,0.2900837716734853,1.0,0.33114754098360655,1.0,0.28783135044875807,1.0
641,0.15280135823429541,1.0,0.1170576735092864,0.0,0.2755102040816326,1.0,0.18614130434782608,1.0,0.2689084775274785,1.0,0.3239793432719478,1.0,0.3424657534246575,1.0,0.290657073325574,1.0,0.2910989557434112,1.0,0.3435688211294825,1.0,0.31420134723632004,1.0,0.3729198184568835,1.0,0.4114169591723628,1.0,0.4210786739238001,1.0,0.4310327556846639,1.0
642,0.47138263665594854,1.0,0.37848366796523825,1.0,0.49453099105071263,1.0,0.4905167913694101,1.0,0.4523608055508546,1.0,0.4632004215703496,1.0,0.4692467173462336,1.0,0.46908097027673384,1.0,0.4463714430038727,1.0,0.428099173553719,1.0,0.3566189311910583,1.0,0.40235720761559385,1.0,0.41848124428179323,1.0,0.4040658276863504,1.0,0.3686274509803922,1.0
643,0.3024505928853755,1.0,0.3365823941516905,1.0,0.3053391601748052,1.0,0.2712964784576038,1.0,0.3178717598908595,1.0,0.33379239111723186,1.0,0.33153092260898953,1.0,0.3390783064818284,1.0,0.31137943651664834,1.0,0.30802644003777147,1.0,0.23848138591964615,1.0,0.2655158240854912,1.0,0.28595458368376786,1.0,0.28129657228017885,1.0,0.29647860658841346,1.0
644,0.36601746138347885,1.0,0.37859225322782175,1.0,0.29962250899833204,1.0,0.3081815805524092,1.0,0.31706481719325286,1.0,0.31047957371225576,1.0,0.30857093033394367,1.0,0.30911914416357517,1.0,0.31085888531255296,1.0,0.33688226421790435,1.0,0.1882154250328392,1.0,0.19711191335740072,1.0,0.18302952776889458,1.0,0.22892011834319526,1.0,0.20599331680500163,1.0
645,0.41027710519235944,1.0,0.2998927038626609,0.25,0.3948374760994264,1.0,0.3876643073811931,1.0,0.3678726483357453,1.0,0.3921891656168233,1.0,0.3878572115847205,1.0,0.36693036429338804,1.0,0.35243982392057693,1.0,0.2890445222611306,1.0,0.22673211251651879,1.0,0.25271193250301327,1.0,0.2555025864692159,1.0,0.24705882352941178,1.0,0.23415421881308035,1.0
646,0.3188823031329382,1.0,0.12536839718884607,0.0,0.2513671506694324,1.0,0.2302960399846213,1.0,0.25432923012726893,1.0,0.28343887929380157,1.0,0.2771128705579083,1.0,0.2831839966659721,1.0,0.3264501595644828,1.0,0.32170542635658916,1.0,0.28608438193930424,1.0,0.3594496464742977,1.0,0.39674641148325357,1.0,0.39686835491977573,1.0,0.4126240869076606,1.0
647,0.43610616467395913,1.0,0.17813071972604358,0.0,0.3419178082191781,1.0,0.32510288065843623,1.0,0.3421277403435513,1.0,0.37228492838850424,1.0,0.3754315827730329,1.0,0.3516386182462356,1.0,0.34071969696969695,1.0,0.2752699228791774,1.0,0.23171434056440776,1.0,0.26549755301794453,1.0,0.2856270358306189,1.0,0.29323915237134207,1.0,0.2815494804801775,1.0
648,0.45330606680299934,1.0,0.41306347746090155,0.0,0.45522135856708346,1.0,0.468760907504363,1.0,0.4350990015231004,1.0,0.4583261728819385,1.0,0.4531277075030324,1.0,0.44221824686940964,1.0,0.4144473455178416,1.0,0.44556873691556176,1.0,0.3520097442143727,1.0,0.41007957559681696,1.0,0.4275605872987794,1.0,0.44408717399071096,1.0,0.42990486447675463,1.0
649,0.21481481481481482,1.0,0.25858258435243847,0.0,0.3984802968722389,1.0,0.3936849790107684,1.0,0.37679362267493355,1.0,0.41548771407297097,1.0,0.4083577712609971,1.0,0.36680404645934805,1.0,0.26418946508779095,1.0,0.25,1.0,0.21508828250401285,1.0,0.24767063921993498,1.0,0.2615113461114783,1.0,0.3296551724137931,1.0,0.35893536121673003,1.0
650,0.1671029300008444,1.0,0.25288831835686776,0.0,0.43234100135318,1.0,0.3127637625433743,1.0,0.2678488534026553,1.0,0.3214702974746113,1.0,0.31018435654197246,1.0,0.22233712512926576,1.0,0.21451755680141635,1.0,0.21033134389792138,1.0,0.18819471061709467,1.0,0.2,1.0,0.20803413466541784,1.0,0.20421799958237627,1.0,0.19211514392991239,1.0
651,0.5674633770239013,1.0,0.43477310801952074,0.0,0.27390569227879014,1.0,0.22632771701645482,1.0,0.2244431753283838,1.0,0.29231344679259397,1.0,0.2510953825412875,1.0,0.23840388900141787,1.0,0.2274862960062647,1.0,0.22003830259046467,1.0,0.18884381338742393,1.0,0.23671395299597714,1.0,0.2614017982883761,1.0,0.2723125743752479,1.0,0.24912744080747098,1.0
652,0.46064516129032257,1.0,0.30775646371976645,0.0,0.3590292648108494,1.0,0.2980184422209143,1.0,0.2835706040784917,1.0,0.32056892778993434,1.0,0.32588320115356884,1.0,0.3175872093023256,1.0,0.33111539135002627,1.0,0.33138686131386863,1.0,0.2749374329638899,1.0,0.3138524135380063,1.0,0.3210496929089894,1.0,0.32435465768799104,1.0,0.3063147973609802,1.0
653,0.5175464464759658,1.0,0.19653279399017626,0.0,0.2058066887173833,1.0,0.20542920029347028,1.0,0.222334465974837,1.0,0.3077955786270474,1.0,0.20397350993377483,1.0,0.18319291423633613,1.0,0.19006236581126673,1.0,0.1859231185706551,1.0,0.18117828560408833,1.0,0.20368453736286482,1.0,0.17644483362521893,1.0,0.18153846153846154,1.0,0.1645367412140575,1.0
654,0.6036036036036037,1.0,0.4566275407958775,0.0,0.16599486991572004,1.0,0.16198862594019445,1.0,0.18395879323031641,1.0,0.2615929203539823,1.0,0.18285331547220363,1.0,0.1748917748917749,1.0,0.1814640147631741,1.0,0.18384879725085912,1.0,0.18564683663833806,1.0,0.19752577319587628,1.0,0.16536118363794605,1.0,0.16837737497270147,1.0,0.14986619090098127,1.0
655,0.36064,1.0,0.3087378640776699,0.0,0.18115002161694768,1.0,0.21365597448883886,1.0,0.29195574723420215,1.0,0.31575995513180033,1.0,0.2410430358278567,1.0,0.21564611918902313,1.0,0.21288014311270126,1.0,0.26534066864155736,1.0,0.28014440433212995,1.0,0.23966244725738398,1.0,0.2271652697184612,1.0,0.26392051335127303,1.0,0.27404718693284935,1.0
656,0.21027340513670256,1.0,0.23909367602299628,0.6666666666666666,0.2039331366764995,1.0,0.16825396825396827,1.0,0.18248789728478215,1.0,0.25376196990424077,1.0,0.23771580345285526,1.0,0.2837006154457018,1.0,0.33008799850215315,1.0,0.4484765491270113,1.0,0.35372848948374763,1.0,0.37024100593782744,1.0,0.35490753911806544,1.0,0.3636714230620902,1.0,0.18931932589188005,1.0
657,0.4395750332005312,1.0,0.442604226156482,0.75,0.243205574912892,1.0,0.24119789558883042,1.0,0.27540198426274376,1.0,0.3563422878491372,1.0,0.3470179408437045,1.0,0.3463333333333333,1.0,0.3435897435897436,1.0,0.39398084815321477,1.0,0.35931286782249083,1.0,0.4219597829556336,1.0,0.4355044699872286,1.0,0.42126822873996395,1.0,0.36235038084874865,1.0
658,0.18113005581466474,1.0,0.1923318667504714,1.0,0.26003987467957845,1.0,0.2579435563449773,1.0,0.27708533077660596,1.0,0.4193080087103799,1.0,0.4398972877547745,1.0,0.44226337121513154,1.0,0.4458187475690393,1.0,0.4854589637062005,1.0,0.3855115267864468,1.0,0.45821422565999664,1.0,0.5013977964150633,1.0,0.5337854399869271,1.0,0.514047696831101,1.0
659,0.17574290708619067,1.0,0.23823109843081314,1.0,0.3981101800677483,1.0,0.38714337305886604,1.0,0.35384615384615387,1.0,0.39156733677281624,1.0,0.3882395252652401,1.0,0.39072847682119205,1.0,0.37615939539677085,1.0,0.373600994848108,1.0,0.3006774361646691,1.0,0.3377025304933552,1.0,0.34251606978879706,1.0,0.3449554896142433,1.0,0.32134336575518446,1.0
660,0.1599552572706935,1.0,0.21626399528579845,1.0,0.2396465084040894,1.0,0.23982222222222221,1.0,0.253882267966775,1.0,0.26464791256047304,1.0,0.2691053965954364,1.0,0.2550081212777477,1.0,0.2496867728655808,1.0,0.2527634487840825,1.0,0.23284786804702579,1.0,0.2484124019424729,1.0,0.25461667599328486,1.0,0.24732394366197183,1.0,0.22871640669047172,1.0
661,0.20354917080384494,1.0,0.22332928311057107,1.0,0.45835395018967506,1.0,0.4711495585481138,1.0,0.4441947565543071,1.0,0.5102266445550028,1.0,0.5067923925203772,1.0,0.49647858819719903,1.0,0.4661224489795918,1.0,0.4724899769683528,1.0,0.3509503167722574,1.0,0.41336633663366334,1.0,0.43535988819007687,1.0,0.4571812080536913,1.0,0.4038425315501978,1.0
662,0.5107125062282013,1.0,0.5189416716776909,1.0,0.41357566765578635,1.0,0.4139459895203547,1.0,0.38153671889748914,1.0,0.41205741626794257,1.0,0.40566216986509596,1.0,0.3842636692703372,1.0,0.3523660539694955,1.0,0.32845494459544217,1.0,0.24303987960872836,1.0,0.2804145077720207,1.0,0.2956810631229236,1.0,0.3136797454931071,1.0,0.2980104712041885,1.0
663,0.5402224729969369,1.0,0.47193997186181025,1.0,0.25889368702447046,1.0,0.30438344940598117,1.0,0.3133281371784879,1.0,0.3931714185146075,1.0,0.3592474263400781,1.0,0.27595242894577704,1.0,0.2746730083234245,1.0,0.309611293753626,1.0,0.27865864771277565,1.0,0.3521671826625387,1.0,0.3869235043526579,1.0,0.3739456419868791,1.0,0.3021466180639935,1.0
664,0.24874333587204875,1.0,0.3114805033400653,1.0,0.2798165137614679,1.0,0.38653637350705755,1.0,0.4053394355453852,1.0,0.5091320754716981,1.0,0.5168023686158402,1.0,0.5087617668356264,1.0,0.47398072646404743,1.0,0.5006683499183128,1.0,0.39064234734337827,1.0,0.45794392523364486,1.0,0.4811868059008785,1.0,0.5134087237479806,1.0,0.4744285479361947,1.0
665,0.1965421627793182,1.0,0.11614897688797292,1.0,0.4244313395113732,1.0,0.43847426630671427,1.0,0.45500251382604323,1.0,0.5738453851095724,1.0,0.5700050182808803,1.0,0.560134989588569,1.0,0.5349893541518808,1.0,0.5521520243919733,1.0,0.4407423644600322,1.0,0.5111111111111111,1.0,0.5337596668649613,1.0,0.5463573648699871,1.0,0.512832477834811,1.0
666,0.6264941639713121,1.0,0.6150943396226415,0.7647058823529411,0.27981563280199734,1.0,0.23979899497487436,1.0,0.16787762906309753,1.0,0.18534798534798536,1.0,0.18718653939491992,1.0,0.1694540864626065,1.0,0.14819326025172555,1.0,0.13039901275195392,1.0,0.13509405282158465,1.0,0.14383423858378597,1.0,0.14198161389172625,1.0,0.148810776678594,1.0,0.1575357066723513,1.0
667,0.2498776708530419,1.0,0.3126895450917797,1.0,0.4228176465568734,1.0,0.4139591908223137,1.0,0.370286312849162,1.0,0.3455438066465257,1.0,0.3397529069767442,1.0,0.31976587122917605,1.0,0.30663595286612916,1.0,0.313184584178499,1.0,0.27496781313224206,1.0,0.3274671208250544,1.0,0.2291494632535095,1.0,0.23206658635417807,1.0,0.22864795159210397,1.0
668,0.5335771535289082,1.0,0.4925373134328358,1.0,0.3166401473913408,1.0,0.35194959986378344,1.0,0.21428571428571427,1.0,0.20757084596883824,1.0,0.22802574654426505,1.0,0.2303206997084548,1.0,0.23079763663220088,1.0,0.24745762711864408,1.0,0.22903963414634146,1.0,0.25396662913297163,1.0,0.2728924785461888,1.0,0.3463676442399847,1.0,0.2672519588407439,1.0
669,0.5655926780266389,1.0,0.5190392946720377,1.0,0.30538922155688625,1.0,0.3426234979973298,1.0,0.1985861780299507,1.0,0.21012710127101272,1.0,0.22888566092550322,1.0,0.24324324324324326,1.0,0.2244184012594018,1.0,0.23977344241661422,1.0,0.24674371674922033,1.0,0.25765837216218895,1.0,0.28277585544021533,1.0,0.34447914752893627,1.0,0.29677836241115113,1.0
670,0.3337468982630273,1.0,0.3924092961043304,1.0,0.32516222062004324,1.0,0.25418938017363213,1.0,0.2535488958990536,1.0,0.29683885890516576,1.0,0.2830601092896175,1.0,0.24715143981769214,1.0,0.23092573753814852,1.0,0.2270356089816285,1.0,0.22921711057304278,1.0,0.22820849759088918,1.0,0.2487264673311185,1.0,0.27437837837837836,1.0,0.3055105348460292,1.0
671,0.3271202236719478,1.0,0.4081237911025145,1.0,0.29782497002911457,1.0,0.33774347666299154,1.0,0.33402777777777776,1.0,0.32869565217391306,1.0,0.30639494026704145,1.0,0.28973302275577856,1.0,0.25301204819277107,1.0,0.24349334875650666,1.0,0.23168746608790017,1.0,0.2468650570840352,1.0,0.25544718821332224,1.0,0.33005733005733007,1.0,0.3280237080940915,1.0
672,0.5439568899153194,1.0,0.4785581106277191,1.0,0.29678821540690653,1.0,0.2642907551164432,1.0,0.2944512713867095,1.0,0.3573543093969382,1.0,0.344554620448296,1.0,0.3362423843240573,1.0,0.33321447673382065,1.0,0.36701135785726396,1.0,0.30328140536957243,1.0,0.35630237873529164,1.0,0.3810086017878226,1.0,0.3955473719450954,1.0,0.40806854694751876,1.0
673,0.3344611740822196,1.0,0.3092302565811396,1.0,0.2927573470370965,1.0,0.2661239824671259,1.0,0.29572649572649573,1.0,0.33687653311529026,1.0,0.34596851911339543,1.0,0.3441630832935181,1.0,0.37129719692280483,1.0,0.3917258671124112,1.0,0.3262642740619902,1.0,0.38733923500918654,1.0,0.4114088885155003,1.0,0.44423760365544085,1.0,0.433918954709985,1.0
674,0.18013368305271174,1.0,0.1858076563958917,1.0,0.1977087952697709,1.0,0.17523056653491437,1.0,0.1792688570106432,1.0,0.2180637179090628,1.0,0.19260838663823737,1.0,0.18499301536619436,1.0,0.2062775870524767,1.0,0.21524500907441016,1.0,0.18569516159877605,1.0,0.2209219497303348,1.0,0.23325771772364137,1.0,0.2627778833365001,1.0,0.27529761904761907,1.0
675,0.20599700149925038,1.0,0.2534856374937007,1.0,0.25082911502880084,1.0,0.28776978417266186,1.0,0.3437657748611812,1.0,0.43535703051273983,1.0,0.43520309477756286,1.0,0.4393305439330544,1.0,0.43403795710538495,1.0,0.454011439171433,1.0,0.3731722822631914,1.0,0.4481229209567559,1.0,0.4586709886547812,1.0,0.48902067639044716,1.0,0.4492368944923689,1.0
676,0.500236183278224,1.0,0.4712320200125078,1.0,0.30159821275133186,1.0,0.3183534064353766,1.0,0.3441603317208017,1.0,0.33691756272401435,1.0,0.34001431639226914,1.0,0.31782670454545453,1.0,0.3039232781168265,1.0,0.3017985611510791,1.0,0.2575017445917655,1.0,0.2984749455337691,1.0,0.2880306066678812,1.0,0.3052054794520548,1.0,0.2850662311740156,1.0
677,0.5178963893249607,1.0,0.4592880361531753,1.0,0.2960903562119896,1.0,0.30822649572649574,1.0,0.3474283741801864,1.0,0.3606356968215159,1.0,0.3507179984142366,1.0,0.3393880610175469,1.0,0.3020249892287807,1.0,0.2869100623330365,1.0,0.24376731301939059,1.0,0.28822684852835606,1.0,0.28673637864612,1.0,0.29045116868998005,1.0,0.28241369937483013,1.0
678,0.33290775614427065,1.0,0.24947589098532494,1.0,0.18282866998850134,1.0,0.185125303152789,1.0,0.1872323861424679,1.0,0.22765917249197054,1.0,0.19862227324913892,1.0,0.19173279202804946,1.0,0.24271844660194175,1.0,0.26136783733826247,1.0,0.264318747776592,1.0,0.3110616184112843,1.0,0.3010167029774873,1.0,0.3531016918319083,1.0,0.3404710920770878,1.0
679,0.343285952513301,1.0,0.31087460990637755,1.0,0.3042142651435154,1.0,0.3262251785190257,1.0,0.30750648653484836,1.0,0.3970164878304109,1.0,0.3814968814968815,1.0,0.38037391229430517,1.0,0.3638463512704252,1.0,0.36253592266829227,1.0,0.29189969330687354,1.0,0.3558785168623067,1.0,0.38610603290676415,1.0,0.40632255759957137,1.0,0.3466558646142767,1.0
680,0.29327965314338805,1.0,0.17056,1.0,0.256057172738365,1.0,0.28453829634932,1.0,0.19320280753601773,1.0,0.24043922756531616,1.0,0.26105263157894737,1.0,0.24237109786039987,1.0,0.24414367516918273,1.0,0.17624763108022742,1.0,0.16167664670658682,1.0,0.17921851124208688,1.0,0.2125984251968504,1.0,0.23691289054417547,1.0,0.23088863019014358,1.0
681,0.14580605407070785,1.0,0.19939854648734442,1.0,0.4704956726986625,1.0,0.44886124884444073,1.0,0.4097498940228911,1.0,0.39053905390539057,1.0,0.3816522136010954,1.0,0.36260546130817384,1.0,0.3254209218879382,1.0,0.32044310171198387,1.0,0.2549458753266144,1.0,0.30667986145472537,1.0,0.32934131736526945,1.0,0.36086742237555447,1.0,0.3213398270549647,1.0
682,0.321701199563795,1.0,0.4039800995024876,1.0,0.4152780069295496,1.0,0.38343108504398826,1.0,0.37787203958996113,1.0,0.3640570053673885,1.0,0.3642433234421365,1.0,0.3448532144184318,1.0,0.22399842115650287,1.0,0.20413223140495868,1.0,0.17106773823191734,1.0,0.17869415807560138,1.0,0.1864030215507665,1.0,0.24190393392740708,1.0,0.24345177664974618,1.0
683,0.1994750656167979,1.0,0.35792287132493317,1.0,0.3086765994741455,1.0,0.30005002501250627,1.0,0.3295404814004376,1.0,0.35524847652562014,1.0,0.3366037735849057,1.0,0.35191053122087607,1.0,0.3244337266385324,1.0,0.3346194317783234,1.0,0.29111151670012775,1.0,0.3640518608338774,1.0,0.39346213716692613,1.0,0.4246944644140906,1.0,0.3872255489021956,1.0
684,0.41495675767339324,1.0,0.5159763313609468,1.0,0.35568288719746854,1.0,0.3938946785944849,1.0,0.3268790705861644,1.0,0.3488454080733298,1.0,0.3543266327322923,1.0,0.3515618086894965,1.0,0.35033827025050285,1.0,0.38377037562012756,1.0,0.3028181041844577,1.0,0.34893770255671586,1.0,0.3040710013505692,1.0,0.3405566600397614,1.0,0.3269680436477007,1.0
685,0.3200645508337816,1.0,0.479064039408867,1.0,0.34376185058778913,1.0,0.3664280331574981,1.0,0.34673366834170855,1.0,0.3585416478657161,1.0,0.3319959879638917,1.0,0.33707422721008073,1.0,0.33579335793357934,1.0,0.36017980895298746,1.0,0.2732181425485961,1.0,0.3298459750072653,1.0,0.32594059405940595,1.0,0.38857198104998547,1.0,0.3801677355698076,1.0
686,0.5538310856626234,1.0,0.5293409569665964,1.0,0.2587031997747959,1.0,0.2959758551307847,1.0,0.3098206660973527,1.0,0.35123306119013553,1.0,0.35504028942608123,1.0,0.332274638019617,1.0,0.35655913978494624,1.0,0.3593872399686657,1.0,0.2863554757630162,1.0,0.3535963753067774,1.0,0.36984775343483106,1.0,0.4137724037389589,1.0,0.3994348831235551,1.0
687,0.5715431153874189,1.0,0.5533827018477245,1.0,0.24640049014602267,1.0,0.2471131639722864,1.0,0.2647591452372329,1.0,0.27856858846918486,1.0,0.2753830277050091,1.0,0.2786142140197507,1.0,0.25286428917218007,1.0,0.22950977559472213,1.0,0.198299188248937,1.0,0.2524271844660194,1.0,0.2736290473516751,1.0,0.29903828706223917,1.0,0.29313852413538005,1.0
688,0.20813150162788852,1.0,0.2935437152221968,1.0,0.21582272685651496,1.0,0.18094695891450802,1.0,0.21099496709252807,1.0,0.3470021238359745,1.0,0.3092482996201749,1.0,0.3164079252079938,1.0,0.32195077649623105,1.0,0.3943685438187271,1.0,0.33661528528770884,1.0,0.39937715680498276,1.0,0.4472597749534526,1.0,0.5010161012974832,1.0,0.48480463096960924,1.0
689,0.2143998782251313,1.0,0.2399086062452399,1.0,0.3010120796604636,1.0,0.3003606388459557,1.0,0.34951538137378846,1.0,0.4818676684811776,1.0,0.48839976204640095,1.0,0.4859532017897748,1.0,0.46631244926573684,1.0,0.45568542456846506,1.0,0.3682508891044294,1.0,0.4234676600067728,1.0,0.45403899721448465,1.0,0.4868686868686869,1.0,0.4539740302704491,1.0
690,0.19866071428571427,1.0,0.209529627367135,1.0,0.33472447638921093,1.0,0.3355116079105761,1.0,0.35873015873015873,1.0,0.4620048168756748,1.0,0.4567781547907578,1.0,0.4264355018291713,1.0,0.392671009771987,1.0,0.4640756839682946,1.0,0.39287984742530196,1.0,0.4606925980633514,1.0,0.4975183171826991,1.0,0.5486398914927285,1.0,0.49920483460559795,1.0
691,0.128068124895642,1.0,0.10240132486889318,1.0,0.16364210194098153,1.0,0.18710089399744573,1.0,0.3158696314346634,1.0,0.22159655515071217,1.0,0.2071256038647343,1.0,0.2099644128113879,1.0,0.2678702480551886,1.0,0.3693140266198625,1.0,0.15265017667844524,1.0,0.15585156993339677,1.0,0.15185601799775028,1.0,0.15677008424080544,1.0,0.15005202913631635,1.0
692,0.395621996796583,1.0,0.4344183048662585,1.0,0.2610587382160986,1.0,0.255362805446745,1.0,0.2555831265508685,1.0,0.2852962692026335,1.0,0.2617278709403524,1.0,0.25746569814366427,1.0,0.24653739612188366,1.0,0.2440944881889764,1.0,0.21666029805120368,1.0,0.2415741675075681,1.0,0.2566897918731417,1.0,0.28129952456418383,1.0,0.29486366518706403,1.0
693,0.47350368718916136,1.0,0.4765247231321167,1.0,0.2993827160493827,1.0,0.2945613338626439,1.0,0.30609156261823683,1.0,0.4061532860003641,1.0,0.42473023173536173,1.0,0.4316484280006948,1.0,0.4043249136834454,1.0,0.44,1.0,0.3373702422145329,1.0,0.4198895027624309,1.0,0.46415770609318996,1.0,0.5064249251892272,1.0,0.4839408155900397,1.0
694,0.5897812362355014,1.0,0.6270010672358591,1.0,0.45090647998563993,1.0,0.4686964795432921,1.0,0.4458519179304193,1.0,0.44532947139753803,1.0,0.4337558128932251,1.0,0.4099028227672374,1.0,0.3825356229448301,1.0,0.34226884226884224,1.0,0.16473149492017417,1.0,0.16954193932183223,1.0,0.16602620947876637,1.0,0.16941624365482233,1.0,0.15574236055890037,1.0
695,0.3957404655770183,1.0,0.3681337427499147,1.0,0.4461643136587855,1.0,0.44242424242424244,1.0,0.41916878710771843,1.0,0.427354976051091,1.0,0.4259488084730803,1.0,0.4361812521618817,1.0,0.424812030075188,1.0,0.44794355532610564,1.0,0.3398352110307718,1.0,0.3844472773629576,1.0,0.4028350977929302,1.0,0.4171142141066953,1.0,0.3649271620874055,1.0
696,0.23464458247066944,1.0,0.2303467215928596,1.0,0.45479784834287695,1.0,0.47150997150997154,1.0,0.42309758281110116,1.0,0.4486543909348442,1.0,0.4404576183047322,1.0,0.4385365019661481,1.0,0.4307640974307641,1.0,0.44114636642784033,1.0,0.34643226473629785,1.0,0.4070221066319896,1.0,0.42418706613080015,1.0,0.43636035385448635,1.0,0.3874858650584244,1.0
697,0.2495446265938069,1.0,0.29221101372581443,1.0,0.49271417133706963,1.0,0.5153138075313808,1.0,0.46954107463661604,1.0,0.48506967485069674,1.0,0.49620336744800264,1.0,0.48702693769624855,1.0,0.47183327906219474,1.0,0.4979973297730307,1.0,0.37631233595800523,1.0,0.43980429844487157,1.0,0.4454959691552752,1.0,0.46714031971580816,1.0,0.4262890341321714,1.0
698,0.36911862160371106,1.0,0.4431477159053018,1.0,0.31899641577060933,1.0,0.3642113854315446,1.0,0.3181126331811263,1.0,0.37581573896353165,1.0,0.3778361147571723,1.0,0.3801039346696362,1.0,0.3738450604122246,1.0,0.3874136049472535,1.0,0.2968299711815562,1.0,0.34746101559376247,1.0,0.3618615657661211,1.0,0.3752283522104494,1.0,0.35858119342324035,1.0
699,0.19757575757575757,1.0,0.20924499229583976,1.0,0.2617861249520889,1.0,0.29406902252531514,1.0,0.3411140583554377,1.0,0.3419868466597439,1.0,0.34575986565911,1.0,0.33661016949152545,1.0,0.3188460097414762,1.0,0.32252527179095936,1.0,0.26024923243633735,1.0,0.29577464788732394,1.0,0.30434782608695654,1.0,0.30118721461187214,1.0,0.20033776651889382,1.0
700,0.17269554855732402,1.0,0.1961488500038206,1.0,0.2855844692275919,1.0,0.34657314290543395,1.0,0.39390938351077,1.0,0.452930174563591,1.0,0.45625,1.0,0.448413331207144,1.0,0.4326758813480354,1.0,0.42385570869491235,1.0,0.3326904532304725,1.0,0.3778387179706916,1.0,0.37026396121386246,1.0,0.34733615793743805,1.0,0.18777927881118153,1.0
701,0.4884017536867278,1.0,0.4615742175395104,1.0,0.4271646859083192,1.0,0.43159417668866984,1.0,0.39363268310636734,1.0,0.4879866052741733,1.0,0.49195821588459626,1.0,0.48080286499541935,1.0,0.4576355086214009,1.0,0.4815586218866615,1.0,0.37524687294272546,1.0,0.4430177986363234,1.0,0.46303501945525294,1.0,0.4768953068592058,1.0,0.43488584474885844,1.0
702,0.5209609418502904,1.0,0.49649163389621404,1.0,0.32484188334504566,1.0,0.3547008547008547,1.0,0.3742847526085493,1.0,0.48730294323211926,1.0,0.4928251461544302,1.0,0.49440214957456335,1.0,0.49665890832645093,1.0,0.5366951124903026,1.0,0.42058912845429697,1.0,0.5086585084276148,1.0,0.527876811044527,1.0,0.5657487851568253,1.0,0.5357962186535875,1.0
703,0.28163123039386545,1.0,0.3170128148475475,1.0,0.40265447833347984,1.0,0.41943687556766573,1.0,0.4103818103818104,1.0,0.4330974047859791,1.0,0.4400667779632721,1.0,0.4190143842029109,1.0,0.40561004990535193,1.0,0.4211224038886434,1.0,0.315063829787234,1.0,0.37830446672743845,1.0,0.3849825592069029,1.0,0.40623853211009175,1.0,0.38055130168453294,1.0
704,0.1531824841282761,1.0,0.1133482475764355,1.0,0.20110410094637224,1.0,0.2158182583087926,1.0,0.2259446825087651,1.0,0.29018789144050106,1.0,0.29395557086275187,1.0,0.3028919330289193,1.0,0.3061751152073733,1.0,0.3210600849686425,1.0,0.2855368234250222,1.0,0.3562874251497006,1.0,0.3752066115702479,1.0,0.4122265844083006,1.0,0.3815737445630684,1.0
705,0.49314847654360794,1.0,0.48711340206185566,1.0,0.5287769784172662,1.0,0.5369458128078818,1.0,0.512031678342979,1.0,0.5489822814467711,1.0,0.5558797782316895,1.0,0.5454141354274707,1.0,0.520142708488182,1.0,0.5368933515898372,1.0,0.39587242026266417,1.0,0.46570868713259306,1.0,0.48278102664067574,1.0,0.4994194725493448,1.0,0.46518771331058023,1.0
706,0.325922466137319,1.0,0.38890313755663847,1.0,0.2462590060964345,1.0,0.2296105440491527,1.0,0.24721189591078066,1.0,0.3180263800683928,1.0,0.3161266013564431,1.0,0.2540941394582346,1.0,0.23614045678639703,1.0,0.2442405920984051,1.0,0.19160498454042912,1.0,0.20299446674622978,1.0,0.2169456781687735,1.0,0.26144297905352987,1.0,0.24402866242038215,1.0
707,0.11357720235648719,1.0,0.14856834143706105,1.0,0.3923644529996792,1.0,0.39010356731875717,1.0,0.34829268292682924,1.0,0.38091172955437935,1.0,0.37801153715643027,1.0,0.37601626016260165,1.0,0.3614697120158888,1.0,0.36585365853658536,1.0,0.2894172032359254,1.0,0.3160294633461943,1.0,0.3202316195823829,1.0,0.3264484509014528,1.0,0.29428571428571426,1.0
708,0.39340277777777777,1.0,0.4128471923639178,1.0,0.27021734873702763,1.0,0.24955230169598652,1.0,0.28596187175043325,1.0,0.3846708096910745,1.0,0.3880210657859502,1.0,0.37650575129064395,1.0,0.398612737591208,1.0,0.43732040229885055,1.0,0.36201556876203234,1.0,0.4282263630089717,1.0,0.4487656994369857,1.0,0.47629083245521603,1.0,0.46135998572193465,1.0
709,0.2277521913534393,1.0,0.2741565673108418,1.0,0.1949685534591195,1.0,0.20986819871578236,1.0,0.22752261039191346,1.0,0.36977491961414793,1.0,0.38825699354442056,1.0,0.4034612490594432,1.0,0.4251781472684085,1.0,0.4701702197983804,1.0,0.41072808780336995,1.0,0.5026323939300092,1.0,0.5425467712733857,1.0,0.605930995152552,1.0,0.5876169906407488,1.0
710,0.6130219391365889,1.0,0.6171572292842091,1.0,0.192326139088729,1.0,0.17550381530033263,1.0,0.18436507172427072,1.0,0.200519987000325,1.0,0.19939508506616258,1.0,0.18294849023090587,1.0,0.1988014052490184,1.0,0.17763679619349723,1.0,0.14821654193799202,1.0,0.15378079864061173,1.0,0.15090283748925193,1.0,0.1760819293029402,1.0,0.23513940031562336,1.0
711,0.5030607439962329,1.0,0.48906287835983536,1.0,0.44703927228199075,1.0,0.46355272469922154,1.0,0.43411536426177455,1.0,0.4292839330245814,1.0,0.44529443159580145,1.0,0.38873891245661396,1.0,0.364413216862894,1.0,0.37908689248895433,1.0,0.27657196087564045,1.0,0.35374284021331226,1.0,0.37779960707269156,1.0,0.42628549126744075,1.0,0.41612369930954,1.0
712,0.17949646803115377,1.0,0.21213878418865373,1.0,0.2358816749903957,1.0,0.2546093064091308,1.0,0.2390715667311412,1.0,0.34311297389979045,1.0,0.34234404536862006,1.0,0.3434840174011727,1.0,0.3818834419571172,1.0,0.2986415882967607,1.0,0.28096222514564934,1.0,0.3572199862569942,1.0,0.38854460093896714,1.0,0.39724323764120634,1.0,0.4203120513065952,1.0
713,0.1859261814418765,1.0,0.2520390695801027,1.0,0.3994915254237288,1.0,0.4006332650400447,1.0,0.3660316895139754,1.0,0.30762655522841675,1.0,0.16399424969589738,1.0,0.16127681841967556,1.0,0.15899351719591254,1.0,0.15833973866256726,1.0,0.16836943195749898,1.0,0.20532445923460899,1.0,0.20294354375071863,1.0,0.2312375600046833,1.0,0.264940015696827,1.0
714,0.3689713322091062,1.0,0.3285318559556787,1.0,0.23435393799345272,1.0,0.24776249727133814,1.0,0.22782608695652173,1.0,0.3880030372057707,1.0,0.38561124468281854,1.0,0.4012665515256189,1.0,0.40416047548291234,1.0,0.32300702189178027,1.0,0.2971386647101981,1.0,0.35697399527186763,1.0,0.3620292083013067,1.0,0.4119318181818182,1.0,0.40772532188841204,1.0
715,0.23721289326384867,1.0,0.24701598219704632,1.0,0.23973758200562326,1.0,0.2697964940560145,1.0,0.3427051671732523,1.0,0.44810307802433785,1.0,0.46853146853146854,1.0,0.42660633484162896,1.0,0.32199413489736073,1.0,0.29924934063704606,1.0,0.25519344387268916,1.0,0.30640554875560994,1.0,0.3223957303814983,1.0,0.3763767565514622,1.0,0.4014455948427427,1.0
716,0.48122183274912367,1.0,0.48133848133848134,1.0,0.4263777512369903,1.0,0.40170636331318876,1.0,0.3896746817538897,1.0,0.409204423831609,1.0,0.40117626091605774,1.0,0.40053333333333335,1.0,0.39186147186147186,1.0,0.3987947536334633,1.0,0.31715652768284347,1.0,0.3753581661891118,1.0,0.3863150392017106,1.0,0.407846556233653,1.0,0.390625,1.0
717,0.447117085249381,1.0,0.5072463768115942,1.0,0.2938457093325628,1.0,0.30946130421085793,1.0,0.32802287581699346,1.0,0.39728609121748965,1.0,0.39024842417500927,1.0,0.4079408330089529,1.0,0.4162670768117253,1.0,0.42287694974003465,1.0,0.3390840373499333,1.0,0.40151802656546487,1.0,0.43015056222603393,1.0,0.451988360814743,1.0,0.45655517108804305,1.0
718,0.614190687361419,1.0,0.5827677781056358,1.0,0.3926791544938993,1.0,0.3843151171043293,1.0,0.3651585322408265,1.0,0.3938953488372093,1.0,0.27159432746024925,1.0,0.2567049808429119,1.0,0.2569458527682012,1.0,0.25334448160535117,1.0,0.21993329409456544,1.0,0.25792811839323465,1.0,0.27677806341045413,1.0,0.3667443667443667,1.0,0.40230799840827697,1.0
719,0.5322362667938628,1.0,0.6081166772352569,1.0,0.1343605214955285,1.0,0.1154020899591095,1.0,0.11813715018158513,1.0,0.15184785805313206,1.0,0.14994320333207117,1.0,0.1389739663093415,1.0,0.1308075541652184,1.0,0.11068883610451306,1.0,0.11460163273741862,1.0,0.1237836614618692,1.0,0.1225821220098432,1.0,0.19359857746165815,1.0,0.2964656964656965,1.0
720,0.5601982462828822,1.0,0.6096432826406896,1.0,0.1370908710655652,1.0,0.1111111111111111,1.0,0.11925078043704475,1.0,0.14313603691543172,1.0,0.14389359129383314,1.0,0.13997214484679665,1.0,0.12675109268183346,1.0,0.10056445110010367,1.0,0.1094003241491086,1.0,0.12079207920792079,1.0,0.11595485726930736,1.0,0.19805825242718447,1.0,0.2989420654911839,1.0
721,0.5411071849234393,1.0,0.5994552361837862,1.0,0.13870151770657674,1.0,0.11536758193091232,1.0,0.1231619564083846,1.0,0.16054834851412272,1.0,0.16096011295446522,1.0,0.14754098360655737,1.0,0.13276134567622488,1.0,0.10223347916186967,1.0,0.1118802809732261,1.0,0.12229580573951435,1.0,0.12092300865320613,1.0,0.2006062574428927,1.0,0.29946577965930854,1.0
722,0.5777845965019944,1.0,0.616,1.0,0.14312096029547552,1.0,0.11772393686538656,1.0,0.11668036154478226,1.0,0.1444916036169035,1.0,0.14524988743809095,1.0,0.13204465014974134,1.0,0.11870255348516218,1.0,0.08599388379204893,1.0,0.1035548686244204,1.0,0.11041883004499826,1.0,0.1086318261890781,1.0,0.1495790566255334,1.0,0.24230726811514283,1.0
723,0.586880244088482,1.0,0.6239281059202854,1.0,0.23782452150843283,1.0,0.14491961063108388,1.0,0.13955666562597566,1.0,0.1586906408483172,1.0,0.15885837372105546,1.0,0.13462669018224574,1.0,0.1174116840059449,1.0,0.08331332533013205,1.0,0.10075592834213525,1.0,0.11222058322932033,1.0,0.11189801699716714,1.0,0.20983240223463687,1.0,0.3089549137751922,1.0
724,0.5156504727746984,1.0,0.575188250205025,1.0,0.14626262626262626,1.0,0.13038066590602634,1.0,0.14212835424956638,1.0,0.15486725663716813,1.0,0.15374977626633254,1.0,0.14477503628447025,1.0,0.12177934375688175,1.0,0.09165590893087666,1.0,0.10718586912886391,1.0,0.11514052583862194,1.0,0.11939074399531341,1.0,0.21349557522123894,1.0,0.2935629356293563,1.0
725,0.3061260623229462,1.0,0.37882631489937424,1.0,0.2198539569765147,1.0,0.26325167037861913,1.0,0.30482409943121974,1.0,0.4134093135072567,1.0,0.4107581687448803,1.0,0.41983300497232384,1.0,0.44100162132949017,1.0,0.4797925608011445,1.0,0.3829822524465085,1.0,0.4497786857337419,1.0,0.4665520206362855,1.0,0.5106625713032031,1.0,0.5044277360066833,1.0
726,0.3407557354925776,1.0,0.3417205032301938,1.0,0.22822230981474181,1.0,0.2240245506356861,1.0,0.2535413672757134,1.0,0.32936802973977697,1.0,0.34745461018155926,1.0,0.3182423435419441,1.0,0.3449944175660588,1.0,0.3662217063261753,1.0,0.29878484631879915,1.0,0.3484027648047824,1.0,0.3471290082028337,1.0,0.38968755990032583,1.0,0.41932040562177547,1.0
727,0.4161501527717154,1.0,0.4281056406912292,1.0,0.43863072011351545,1.0,0.4694539556676879,1.0,0.47774979009235935,1.0,0.5764381973627011,1.0,0.5841992882562278,1.0,0.5798138869005011,1.0,0.568043138924365,1.0,0.596094839609484,1.0,0.47627240143369176,1.0,0.560926629850104,1.0,0.5782901738205037,1.0,0.6158893167879047,1.0,0.5973289294176779,1.0
728,0.12969774508236045,1.0,0.12235094659508336,1.0,0.16230784587742064,1.0,0.13755858976971674,1.0,0.15390625,1.0,0.2156338733923501,1.0,0.19488409272581936,1.0,0.19175656094026727,1.0,0.16070007955449483,1.0,0.14745869065049153,1.0,0.14027504911591357,1.0,0.1592733417828475,1.0,0.18524523713011756,1.0,0.28756218905472636,1.0,0.3636708380735684,1.0
729,0.32251908396946566,1.0,0.3426636568848758,1.0,0.16634050880626222,1.0,0.14468425259792167,1.0,0.1566358024691358,1.0,0.21374045801526717,1.0,0.1997433017808439,1.0,0.19948228441999677,1.0,0.15477903391572456,1.0,0.13522899934881702,1.0,0.13623871221044365,1.0,0.15041179020372777,1.0,0.16603931409452113,1.0,0.2676409185803758,1.0,0.3502241278503216,1.0
730,0.5621301775147929,1.0,0.5988911988911989,1.0,0.15907968796287153,1.0,0.14339886238898314,1.0,0.15018601918934796,1.0,0.1914236706689537,1.0,0.1875863189536112,1.0,0.19098535943411746,1.0,0.14993804213135067,1.0,0.1312044817927171,1.0,0.13451676528599604,1.0,0.1493025283347864,1.0,0.18032786885245902,1.0,0.29263687853996223,1.0,0.38612705516100787,1.0
731,0.5138732959101845,1.0,0.4509427932246724,1.0,0.2848461464261599,1.0,0.3133400200601805,1.0,0.32848572986729685,1.0,0.3693082913421896,1.0,0.37172218284904324,1.0,0.36686763250247456,1.0,0.3239329268292683,1.0,0.3277967757694187,1.0,0.2736796158882584,1.0,0.33835830499126757,1.0,0.3605467306981899,1.0,0.4133730121826467,1.0,0.3877703206562267,1.0
732,0.38953586497890297,1.0,0.27343354163148115,1.0,0.3641755634638197,1.0,0.37656295434719395,1.0,0.3533424283765348,1.0,0.3295341474445952,1.0,0.3070539419087137,1.0,0.31083947873522577,1.0,0.32950291634021067,1.0,0.3610015772870662,1.0,0.32030049513402764,1.0,0.39523974982626825,1.0,0.4201069331229731,1.0,0.4784166218878739,1.0,0.40069622572370833,1.0
733,0.6125157144852633,1.0,0.6448260280162675,1.0,0.15513755823151973,1.0,0.1210404866792532,1.0,0.1266498740554156,1.0,0.17022792022792022,1.0,0.16563549584585469,1.0,0.152411122844069,1.0,0.1259343148357871,1.0,0.09956197466556174,1.0,0.1140562248995984,1.0,0.12068192014356213,1.0,0.12678483505662236,1.0,0.18690958164642374,1.0,0.26755382451584986,1.0
734,0.3849682427664079,1.0,0.45548387096774196,1.0,0.16204262163248895,1.0,0.15466195315952275,1.0,0.19404125286478227,1.0,0.2560777957860616,1.0,0.2794649313087491,1.0,0.26726973684210525,1.0,0.29522317932654657,1.0,0.3426987060998152,1.0,0.3071186440677966,1.0,0.3675819309123118,1.0,0.2740916271721959,1.0,0.32253658536585367,1.0,0.2728001603527761,1.0
735,0.6099410278011794,1.0,0.5924549871391827,1.0,0.2780114722753346,1.0,0.28521806252412196,1.0,0.2767890950397577,1.0,0.3057535199026595,1.0,0.27977315689981097,1.0,0.3252738949754439,1.0,0.329931374274151,1.0,0.42383985441310285,1.0,0.3815789473684211,1.0,0.4710393212595856,1.0,0.5121951219512195,1.0,0.5375306623058054,1.0,0.4818669702390633,1.0
736,0.5309476270926125,1.0,0.5085995085995086,1.0,0.26612558735583086,1.0,0.30613800991231416,1.0,0.4140127388535032,1.0,0.34993296303390153,1.0,0.2987504733055661,1.0,0.21587233124865216,1.0,0.21868916288124596,1.0,0.24243084295360487,1.0,0.20075117370892018,1.0,0.2224824355971897,1.0,0.24910394265232974,1.0,0.2708945821083578,1.0,0.30912659470068693,1.0
737,0.44101321241497926,1.0,0.44064353619891117,1.0,0.26745258841619685,1.0,0.2837519623233909,1.0,0.29870934434692825,1.0,0.38120500189465706,1.0,0.37345036648267127,1.0,0.283227524063076,1.0,0.30165658168832454,1.0,0.3377890939953321,1.0,0.27976748546784175,1.0,0.34767441860465115,1.0,0.34542916957431963,1.0,0.3993869277168002,1.0,0.36629526462395545,1.0
738,0.2153646957272335,1.0,0.2870262147269995,1.0,0.5427914110429448,1.0,0.5495481211352465,1.0,0.4906433218215404,1.0,0.48759768943255183,1.0,0.4867662029182219,1.0,0.4822689004167021,1.0,0.4642495784148398,1.0,0.47139292781553815,1.0,0.3603512326916582,1.0,0.4052551340686934,1.0,0.41838718637163225,1.0,0.43498091780694403,1.0,0.3946576373212942,1.0
739,0.14052554267994125,1.0,0.16424977804084048,1.0,0.20160185477921805,1.0,0.2233785346368128,1.0,0.23612955961990395,1.0,0.4147160144863528,1.0,0.39665693817988856,1.0,0.3049835255354201,1.0,0.32405891980360063,1.0,0.36285773971171925,1.0,0.30603722197004085,1.0,0.3649586462591501,1.0,0.3953270151074411,1.0,0.4595678730969095,1.0,0.4189767441860465,1.0
740,0.3794940079893475,1.0,0.37928893029032756,1.0,0.40299264519401473,1.0,0.35764294049008166,1.0,0.38633899530177085,1.0,0.4078815031544299,1.0,0.40941281936351415,1.0,0.401205977453465,1.0,0.40116678105696635,1.0,0.43040987219039223,1.0,0.3409850107066381,1.0,0.39245283018867927,1.0,0.40551637954119435,1.0,0.4516740366392925,1.0,0.39801361044693767,1.0
741,0.5125573633708803,1.0,0.4705713465403388,1.0,0.43249620765211527,1.0,0.49168141592920356,1.0,0.4565508021390374,1.0,0.4431982633863965,1.0,0.4519853069791849,1.0,0.4355150026320407,1.0,0.38923829489867223,1.0,0.3832457936437283,1.0,0.3001471734049,1.0,0.35368043087971274,1.0,0.35243328100470955,1.0,0.4164375770215186,1.0,0.3450773145429634,1.0
742,0.1927246790299572,1.0,0.2695938858084819,1.0,0.3251785567687382,1.0,0.38889354217271127,1.0,0.41756523170631327,1.0,0.5510506066883694,1.0,0.5725646123260437,1.0,0.5810848400556329,1.0,0.5679671457905544,1.0,0.5990502035278155,1.0,0.46685796269727403,1.0,0.5381508726381076,1.0,0.5631004839991332,1.0,0.6003998857469295,1.0,0.574430950476329,1.0
743,0.4794543199669285,1.0,0.47164425749267636,1.0,0.4155700823499448,1.0,0.39535330261136714,1.0,0.4063517198909123,1.0,0.3192648059904697,1.0,0.3227978305591921,1.0,0.2845032860272407,1.0,0.2591104210430176,1.0,0.27349797272392184,1.0,0.24508334068259988,1.0,0.2933468672141737,1.0,0.3112607212026192,1.0,0.30983847283406757,1.0,0.29921805404335344,1.0
744,0.36507413509060954,1.0,0.33151084381264806,0.47368421052631576,0.16427561123459283,1.0,0.14515757994018863,1.0,0.21790168745414526,1.0,0.2857142857142857,1.0,0.2489768076398363,1.0,0.20474096731026573,1.0,0.19895287958115182,1.0,0.1778836987607245,1.0,0.17185782337852692,1.0,0.20494017753763025,1.0,0.22192410885396704,1.0,0.25662376987130964,1.0,0.2618607516943931,1.0
745,0.5276791000592066,1.0,0.26455439363196503,1.0,0.2681249402999331,1.0,0.259516773857118,1.0,0.30428178106902115,1.0,0.32693124840656074,1.0,0.33462532299741604,1.0,0.32888327620422153,1.0,0.3309289232934553,1.0,0.35435145341178537,1.0,0.29628644863954623,1.0,0.36195193542469273,1.0,0.3912810434161158,1.0,0.40249873374978895,1.0,0.40473773265651436,1.0
746,0.19743027264180507,1.0,0.24343977236800507,1.0,0.3873070892135017,1.0,0.2527955271565495,1.0,0.1680831916808319,1.0,0.17521027003098716,1.0,0.18986263443722715,1.0,0.17162853859814062,1.0,0.17524099441907662,1.0,0.1652210262305361,1.0,0.16373763564774801,1.0,0.17922670260184514,1.0,0.19063406547865727,1.0,0.22445612949788638,1.0,0.22454844006568145,1.0
747,0.23325479636486032,1.0,0.27942101950912523,1.0,0.29553264604810997,1.0,0.299412915851272,1.0,0.30442477876106194,1.0,0.4084602368866328,1.0,0.43830902834671476,1.0,0.40937342516378294,1.0,0.199851411589896,1.0,0.19217751034223393,1.0,0.1657397107897664,1.0,0.193237664635345,1.0,0.2085188770571152,1.0,0.21547177183043564,1.0,0.17104696251615684,1.0
748,0.2645712541959109,1.0,0.23533070702882022,0.0,0.512187450857053,1.0,0.5178364028538245,1.0,0.4574309803273268,1.0,0.5510204081632653,1.0,0.5528455284552846,1.0,0.5255889520714866,1.0,0.49074374797012016,1.0,0.49504950495049505,1.0,0.35250043561596095,1.0,0.41122014441770044,1.0,0.4225878833208676,1.0,0.43896713615023475,1.0,0.4118573961000591,1.0
749,0.4709591769000996,1.0,0.4036625449992174,0.4,0.5187604435667629,1.0,0.5278915852505516,1.0,0.46299595141700406,1.0,0.4572693224378618,1.0,0.46027489104927927,1.0,0.40867279894875164,1.0,0.36122915985616216,1.0,0.3219225449515906,1.0,0.2316464718460442,1.0,0.26109312511902494,1.0,0.263058646049406,1.0,0.28998505231689087,1.0,0.2700098328416912,1.0
750,0.3743778801843318,1.0,0.32314845566257056,1.0,0.3917112299465241,1.0,0.4137872340425532,1.0,0.35651305939111627,1.0,0.37018181818181817,1.0,0.3844545137678634,1.0,0.37907137907137906,1.0,0.3725358045492839,1.0,0.38183694530443757,1.0,0.28778467908902694,1.0,0.3321319156604794,1.0,0.33033303330333036,1.0,0.31035818005808324,1.0,0.31219607080334566,1.0
751,0.5277214059582759,1.0,0.4815946234916756,1.0,0.4385088736288237,1.0,0.48794388426128893,1.0,0.4211899791231733,1.0,0.38316345790864476,1.0,0.3812335361976565,1.0,0.37725631768953066,1.0,0.3187589498806683,1.0,0.30060969308670044,1.0,0.2506656523392925,1.0,0.3062999292142785,1.0,0.3143146181082448,1.0,0.37255272864844413,1.0,0.3883603805260213,1.0
752,0.5419359862939024,1.0,0.5251534608057574,1.0,0.47091713260452306,1.0,0.47803845475392487,1.0,0.4532642838950675,1.0,0.4263368497635504,1.0,0.4394802420790317,1.0,0.43441466854724964,1.0,0.4139827179890024,1.0,0.41209813125498185,1.0,0.31550151975683893,1.0,0.37628350749659245,1.0,0.38499362593334546,1.0,0.4061446234544773,1.0,0.3963595839524517,1.0
753,0.4583395886503528,1.0,0.42828136330674405,1.0,0.4160754528002671,1.0,0.4577132486388385,1.0,0.4627450980392157,1.0,0.4469057665260197,1.0,0.44803735085595714,1.0,0.43411051328038264,1.0,0.4121227491757545,1.0,0.4097074127782991,1.0,0.31780055917986955,1.0,0.3802891396332863,1.0,0.3940406082447042,1.0,0.3910469848316685,1.0,0.39014110317024003,1.0
754,0.475235646958012,1.0,0.5150467962562995,1.0,0.17437252311756934,1.0,0.2599375650364204,1.0,0.33518582841264327,1.0,0.3928310168251646,1.0,0.2209106239460371,1.0,0.18600682593856654,1.0,0.18472652218782248,1.0,0.17343173431734318,1.0,0.14680764538430255,1.0,0.18745917700849118,1.0,0.20140258601797062,1.0,0.21393034825870647,1.0,0.2185013876040703,1.0
755,0.4771984167957322,1.0,0.19851471008283347,0.375,0.42920029347028615,1.0,0.42326139088729015,1.0,0.40188352873342303,1.0,0.4089817039364258,1.0,0.40530716103235187,1.0,0.39325842696629215,1.0,0.3757825076015024,1.0,0.17192982456140352,1.0,0.14285714285714285,1.0,0.15986471251409246,1.0,0.18653321201091902,1.0,0.17472294270219288,1.0,0.15542521994134897,1.0
756,0.3985134362492853,1.0,0.15608154160728668,0.125,0.3518567993588031,1.0,0.21897430562779568,1.0,0.22460101206695213,1.0,0.2681574570319719,1.0,0.259792886087348,1.0,0.2756108805901337,1.0,0.2685528337702251,1.0,0.18741535576622564,1.0,0.16616061145429797,1.0,0.20650841413128274,1.0,0.23210504023718764,1.0,0.24038072093965168,1.0,0.24406004573019185,1.0
757,0.1809235427706283,1.0,0.15143056524773202,1.0,0.44798711755233495,1.0,0.5495388277298423,1.0,0.5323397482274634,1.0,0.5098934550989346,1.0,0.5043661547726589,1.0,0.46443135478024467,1.0,0.405683947532792,1.0,0.35751295336787564,1.0,0.1924735397883183,1.0,0.2070957095709571,1.0,0.18791648156374943,1.0,0.23404255319148937,1.0,0.22571881367443966,1.0
758,0.27964959568733155,1.0,0.28845548914753066,0.3333333333333333,0.44337876493353523,1.0,0.3835719668425019,1.0,0.350834427151697,1.0,0.3609774157719363,1.0,0.34498620055197793,1.0,0.34573586295818753,1.0,0.3295412844036697,1.0,0.33171551241366437,1.0,0.2536082474226804,1.0,0.289593657086224,1.0,0.291319857312723,1.0,0.2904389657245941,1.0,0.26680080482897384,1.0
759,0.471563210919727,1.0,0.26896926842534674,0.0,0.40589649951010953,1.0,0.4137611275964392,1.0,0.3534410309085816,1.0,0.3837401358047348,1.0,0.38741841914430747,1.0,0.3658669574700109,1.0,0.34872025145936236,1.0,0.30790988003511166,1.0,0.24942922374429224,1.0,0.2798242986922232,1.0,0.2821797054993489,1.0,0.30097481722177094,1.0,0.27937711300071716,1.0
760,0.18720555417803125,1.0,0.20550875785532824,0.0,0.2513562386980108,1.0,0.26116449971735445,1.0,0.25181442351860356,1.0,0.3058462648863226,1.0,0.28663101604278074,1.0,0.2702314731742329,1.0,0.27508544386995004,1.0,0.2486987207763564,1.0,0.20082932805579115,1.0,0.20615996025832092,1.0,0.1992886078450746,1.0,0.23054158034921574,1.0,0.2046018050183477,1.0
761,0.2711864406779661,1.0,0.2014278429372769,0.0,0.25038520801232667,1.0,0.2544704264099037,1.0,0.2677363232167021,1.0,0.3282442748091603,1.0,0.3146453089244851,1.0,0.2869765655013446,1.0,0.28347045624532535,1.0,0.2688588007736944,1.0,0.177276390008058,1.0,0.19334186939820744,1.0,0.2159042325780248,1.0,0.20085561497326204,1.0,0.20527472527472526,1.0
762,0.2648141948443254,1.0,0.28914440311126144,1.0,0.20423363386907095,1.0,0.18380699243508486,1.0,0.20815366522932183,1.0,0.2599181640277531,1.0,0.19172932330827067,1.0,0.18556701030927836,1.0,0.1763068972371298,1.0,0.1667005076142132,1.0,0.1319458476459891,1.0,0.1550044286979628,1.0,0.20522470666371487,1.0,0.2832034788911035,1.0,0.3757062146892655,1.0
763,0.502828618968386,1.0,0.4490049751243781,1.0,0.38811069354287664,1.0,0.42292904578818596,1.0,0.3953065308350009,1.0,0.4184135502263961,1.0,0.4165968147527242,1.0,0.40738277352843366,1.0,0.4015267175572519,1.0,0.4109498680738786,1.0,0.32991056641271943,1.0,0.35995814440181373,1.0,0.39481065918653574,1.0,0.4338409475465313,1.0,0.41440981093510476,1.0
764,0.5930876198190901,1.0,0.5034462091699131,1.0,0.41580987695937977,1.0,0.40186915887850466,1.0,0.3626373626373626,1.0,0.39755131436802305,1.0,0.3911632100991885,1.0,0.386685552407932,1.0,0.351692685493773,1.0,0.34553131597466574,1.0,0.28912280701754384,1.0,0.310902739474168,1.0,0.33073351903435466,1.0,0.340198602427363,1.0,0.32170686456400743,1.0
765,0.5584791094405089,1.0,0.5100298762270593,1.0,0.4128731032182758,1.0,0.3796513140775436,1.0,0.33917616126205086,1.0,0.3819795827785175,1.0,0.38814565429254894,1.0,0.3764551422319475,1.0,0.3604294478527607,1.0,0.33507488679902475,1.0,0.25772834749102375,1.0,0.2801254844067171,1.0,0.2692058196645353,1.0,0.2680804785209353,1.0,0.25522252497729336,1.0
766,0.39672341792483135,1.0,0.3672316384180791,1.0,0.4593348699374383,1.0,0.4635806671204901,1.0,0.4033828805740646,1.0,0.45532498713771224,1.0,0.4455852156057495,1.0,0.44859969813852085,1.0,0.4298537234042553,1.0,0.39057412167952016,1.0,0.3242918454935622,1.0,0.34494523253725984,1.0,0.35799782372143635,1.0,0.3865008231205414,1.0,0.341534008683068,1.0
767,0.5299435028248588,1.0,0.4645692883895131,1.0,0.24123395286453345,1.0,0.24238921001926783,1.0,0.24279835390946503,1.0,0.2921328972284386,1.0,0.2781954887218045,1.0,0.2841963231573621,1.0,0.29809444904722454,1.0,0.2991568296795953,1.0,0.26549865229110514,1.0,0.31824611032531824,1.0,0.3197808025455188,1.0,0.35537765402018795,1.0,0.32607167955024596,1.0
768,0.529903080923489,1.0,0.47421607965522367,1.0,0.3943566207717151,1.0,0.36664023261961404,1.0,0.33609600276266943,1.0,0.36796847008240774,1.0,0.36510759381113284,1.0,0.3515534585596012,1.0,0.3265835929387331,1.0,0.3203677510608204,1.0,0.2515750409942177,1.0,0.2896854425749817,1.0,0.29168959823885526,1.0,0.3098488985982159,1.0,0.2791308284291535,1.0
769,0.39049485546300833,1.0,0.38006080972955675,1.0,0.4086242299794661,1.0,0.4019979331725801,1.0,0.37589621031068626,1.0,0.3926628049850799,1.0,0.3885394828791055,1.0,0.3830460780865283,1.0,0.36136170212765956,1.0,0.3804573804573805,1.0,0.2935153583617747,1.0,0.3527519656897784,1.0,0.3643914770675334,1.0,0.3724933451641526,1.0,0.36861051115910726,1.0
770,0.5041048310704136,1.0,0.43682417419641534,1.0,0.3832629492372662,1.0,0.2915702785231794,1.0,0.2653357531760436,1.0,0.2949640287769784,1.0,0.2833467705813849,1.0,0.2888379474519485,1.0,0.2420743998533993,1.0,0.20293634695257412,1.0,0.189413035649982,1.0,0.20245988277121169,1.0,0.19207376888365704,1.0,0.22152500475375547,1.0,0.21034122231727023,1.0
771,0.4924542618666217,1.0,0.40736224373142293,1.0,0.5106540518305224,1.0,0.4732349279743909,1.0,0.3781344032096289,1.0,0.36596027748740856,1.0,0.36742424242424243,1.0,0.3466883926004026,1.0,0.31582319026265215,1.0,0.29239766081871343,1.0,0.2422192151556157,1.0,0.2731758231331246,1.0,0.2754502740798747,1.0,0.2758956386292835,1.0,0.2754249778913236,1.0
772,0.5221826809015421,1.0,0.48,1.0,0.42525795173531167,1.0,0.42177589852008457,1.0,0.37035417577612595,1.0,0.41314979170440136,1.0,0.40835664651204767,1.0,0.3816766250226326,1.0,0.34257777777777776,1.0,0.32828555976203355,1.0,0.2734952481520591,1.0,0.30158434296365333,1.0,0.3142270351008215,1.0,0.3398802843247288,1.0,0.30228310502283107,1.0
773,0.37035217035217033,1.0,0.39962709757613424,1.0,0.3900829243526823,1.0,0.30409356725146197,1.0,0.2973651191969887,1.0,0.32986173460226254,1.0,0.3407095187917106,1.0,0.2909441233140655,1.0,0.27356237369097924,1.0,0.2746346946421881,1.0,0.23197158081705152,1.0,0.25107077299612485,1.0,0.288115003037052,1.0,0.3218216318785579,1.0,0.30504754937820044,1.0
774,0.4869655891553702,1.0,0.41624086156748685,1.0,0.401812146765946,1.0,0.3914510686164229,1.0,0.3728537863726731,1.0,0.3768380586256607,1.0,0.36792452830188677,1.0,0.3553767660910518,1.0,0.3219158200290276,1.0,0.30545783495828727,1.0,0.2337362738765341,1.0,0.26511347660172724,1.0,0.26905688150562507,1.0,0.2943963741244335,1.0,0.256382750482729,1.0
775,0.5247300460620705,1.0,0.4028776978417266,1.0,0.45611604596202426,1.0,0.43527220387774107,1.0,0.4093621312715354,1.0,0.41810783316378436,1.0,0.40146607569041937,1.0,0.3769007346659833,1.0,0.34205889755852004,1.0,0.3380222015083468,1.0,0.27818791946308724,1.0,0.32218707636692273,1.0,0.33011272141706927,1.0,0.3624507658643326,1.0,0.31281241778479346,1.0
776,0.22577447335811648,1.0,0.24957729912519297,1.0,0.3521341463414634,1.0,0.3833189696447381,1.0,0.4289541991124508,1.0,0.3692251058347138,1.0,0.36885540007176176,1.0,0.3621554988113058,1.0,0.36452740134662914,1.0,0.35512718600953896,1.0,0.30834165380775164,1.0,0.3730834752981261,1.0,0.4030663158849678,1.0,0.4305367001538601,1.0,0.3842622348728308,1.0
777,0.1721357736031605,1.0,0.20221232969108324,1.0,0.2839590443686007,1.0,0.33386870106404337,1.0,0.39017000504965493,1.0,0.319660669339051,1.0,0.32307969059183306,1.0,0.3177162198272023,1.0,0.3246304141091035,1.0,0.3083076923076923,1.0,0.2789290298918027,1.0,0.3595258579485709,1.0,0.3951052108732954,1.0,0.4198142973046065,1.0,0.37555818828032445,1.0
778,0.471356783919598,1.0,0.35769851753999704,1.0,0.20859504132231405,1.0,0.20261662936822172,1.0,0.22281031244664504,1.0,0.32158741019500514,1.0,0.3127030261583177,1.0,0.303485987696514,1.0,0.3009057363300906,1.0,0.28996539792387543,1.0,0.24798628963153385,1.0,0.2729879906793332,1.0,0.27785714285714286,1.0,0.3092582758010267,1.0,0.2785934384629328,1.0
779,0.24348496530454897,1.0,0.2669962917181706,1.0,0.2643134605640939,1.0,0.25519650655021836,1.0,0.26515151515151514,1.0,0.2946138870863076,1.0,0.30803858520900324,1.0,0.3044033184428845,1.0,0.3145908591173237,1.0,0.32753623188405795,1.0,0.2843971631205674,1.0,0.3590504451038576,1.0,0.3949055622942298,1.0,0.41688155406566957,1.0,0.3955663318323519,1.0
780,0.24414234306277488,1.0,0.2690196078431373,1.0,0.2499268649439298,1.0,0.24112607099143207,1.0,0.2477777777777778,1.0,0.3237113402061856,1.0,0.28707375099127674,1.0,0.26816074188562594,1.0,0.25750991876062723,1.0,0.25450031036623216,1.0,0.2624965856323409,1.0,0.3292134831460674,1.0,0.3609815102816658,1.0,0.4141498414817287,1.0,0.4201937786843447,1.0
781,0.20596965699208444,1.0,0.17771883289124668,1.0,0.2687523558235959,1.0,0.28810328394419893,1.0,0.3526985519964897,1.0,0.28922831009679423,1.0,0.266260561996463,1.0,0.25300029271148405,1.0,0.2548266256843723,1.0,0.24722222222222223,1.0,0.21826831588962892,1.0,0.27212456052235057,1.0,0.30524171142804224,1.0,0.31401254855094113,1.0,0.32706657621862584,1.0
782,0.5188770571151985,1.0,0.4640444377721063,1.0,0.328068669527897,1.0,0.2982580874511198,1.0,0.2203577355707173,1.0,0.21332918094051698,1.0,0.23115577889447236,1.0,0.21409636675502886,1.0,0.2301463718467767,1.0,0.24331169859110338,1.0,0.24085709682616402,1.0,0.27150987612989624,1.0,0.26490066225165565,1.0,0.31685997646663305,1.0,0.2738255033557047,1.0
783,0.25679404632494357,1.0,0.265398210122584,1.0,0.41810124424748596,1.0,0.4484640436581287,1.0,0.43188506145057987,1.0,0.4351185250219491,1.0,0.4240940254652302,1.0,0.4076062639821029,1.0,0.39442993907745866,1.0,0.38817194318076315,1.0,0.3155080213903743,1.0,0.37113109323237103,1.0,0.38756428237494156,1.0,0.437993497445425,1.0,0.41015402167712495,1.0
784,0.17906081601231716,1.0,0.1823302697895049,1.0,0.2135445111960677,1.0,0.20557491289198607,1.0,0.2459738938803187,1.0,0.34548797303508505,1.0,0.3440925700365408,1.0,0.3405520817447003,1.0,0.3560273732233725,1.0,0.40289126335637965,1.0,0.3412574288395371,1.0,0.3908064779977098,1.0,0.4024896265560166,1.0,0.43798901281837854,1.0,0.3703292637809841,1.0
785,0.20398481973434535,1.0,0.18946423226578868,1.0,0.18958253542703946,1.0,0.18460659173175842,1.0,0.2094240837696335,1.0,0.3114496623213444,1.0,0.31508553654743393,1.0,0.32510795805058607,1.0,0.3510851162074804,1.0,0.38556067588325654,1.0,0.34895191122071517,1.0,0.36224758560140474,1.0,0.37172401497593155,1.0,0.3981348637015782,1.0,0.38738738738738737,1.0
786,0.16807679791734462,1.0,0.18465360198730335,1.0,0.461454023473782,1.0,0.5205502432477772,1.0,0.4935182891586161,1.0,0.4817403459723921,1.0,0.4774679992986148,1.0,0.46815955213435967,1.0,0.43194755908228394,1.0,0.4286478772743489,1.0,0.31451826948597716,1.0,0.3398528272656855,1.0,0.3354170736471967,1.0,0.3358041716945354,1.0,0.2692274933991994,1.0
787,0.5921638468388246,1.0,0.5375094339622641,0.3333333333333333,0.2550959825846032,1.0,0.23496357960457856,1.0,0.22990353697749197,1.0,0.2930396475770925,1.0,0.29492119089316987,1.0,0.23809523809523808,1.0,0.22073314938904218,1.0,0.2206896551724138,1.0,0.18248175182481752,1.0,0.20794644785143598,1.0,0.24533217542336083,1.0,0.3126142595978062,1.0,0.350019105846389,1.0
788,0.47365715754304805,1.0,0.2931836225473517,0.0,0.40792578728944584,1.0,0.36584519264144394,1.0,0.33265009821504826,1.0,0.37252464257170764,1.0,0.3803887688984881,1.0,0.3737108897045971,1.0,0.3355065625804238,1.0,0.23123867645656526,1.0,0.20751988430947216,1.0,0.21563468946725547,1.0,0.20317337461300308,1.0,0.21752800157201807,1.0,0.2248939179632249,1.0
789,0.2492831981649873,1.0,0.1935694112535303,0.0,0.4786492204027266,1.0,0.32507459987340626,1.0,0.30743933872544665,1.0,0.3007895407080397,1.0,0.3139361877996363,1.0,0.30707610146862485,1.0,0.31899221561898383,1.0,0.25046659201194477,1.0,0.2059328931898345,1.0,0.23183325438180957,1.0,0.22969360477071765,1.0,0.26085159156676313,1.0,0.24755037899796636,1.0
790,0.5133491044271713,1.0,0.38136797239699616,0.0,0.39451921517755795,1.0,0.3932921742032371,1.0,0.37427499147048787,1.0,0.44239470936303515,1.0,0.4518743667679838,1.0,0.23821138211382115,1.0,0.23779895002916585,1.0,0.23199363310783924,1.0,0.20716685330347145,1.0,0.23025930980697992,1.0,0.22865013774104684,1.0,0.27702702702702703,1.0,0.2588141025641026,1.0
791,0.5175352343493936,1.0,0.315751960085531,0.0,0.3840536639212023,1.0,0.337000366703337,1.0,0.3131257964682323,1.0,0.3149835603569751,1.0,0.3349866813630936,1.0,0.3277343004390151,1.0,0.3056368960468521,1.0,0.3033492822966507,1.0,0.19866567828020756,1.0,0.18744458237276113,1.0,0.18118004173781066,1.0,0.18558629516589545,1.0,0.1800356506238859,1.0
792,0.3375541486171276,1.0,0.2717924189884013,0.0,0.4229436131541128,1.0,0.3873485868102288,1.0,0.34860681114551084,1.0,0.3782271168080881,1.0,0.38198342689120557,1.0,0.36376034184925904,1.0,0.3448706512042819,1.0,0.34141926140477913,1.0,0.2557213930348259,1.0,0.2948229920060906,1.0,0.29402843601895734,1.0,0.2784663051897754,1.0,0.271714501510574,1.0
793,0.541758588086984,1.0,0.4232688086210337,0.0,0.35286892437269696,1.0,0.32146829810901,1.0,0.29213893967093235,1.0,0.22372284204345272,1.0,0.2199139060452929,1.0,0.17809382296752282,1.0,0.18065843621399177,1.0,0.1611231101511879,1.0,0.15573122529644268,1.0,0.16840093438097262,1.0,0.17346938775510204,1.0,0.17861799217731422,1.0,0.18325501922255447,1.0
794,0.20129171151776104,1.0,0.2072357981593145,0.0,0.39907109682029296,1.0,0.38577342867896125,1.0,0.37051721030816365,1.0,0.39148110505405154,1.0,0.3936285097192225,1.0,0.3519113969274741,1.0,0.30726051348118155,1.0,0.28982963345379453,1.0,0.269094304388422,1.0,0.17085487555608994,1.0,0.16346945980934446,1.0,0.19519094766619519,1.0,0.1801938572930048,1.0
795,0.16067983463481855,1.0,0.13787570863193924,0.0,0.5077654247644913,1.0,0.5185875255079407,1.0,0.47868991918332626,1.0,0.4359958144401814,1.0,0.4113097284290134,1.0,0.24139078356346697,1.0,0.20874715261958998,1.0,0.1835221421215242,1.0,0.1821616143001935,1.0,0.14004914004914004,1.0,0.14886964886964887,1.0,0.15348950707662273,1.0,0.167554766133807,1.0
796,0.24703926864741327,1.0,0.3265822784810127,0.0,0.4535069298614028,1.0,0.4386341288996156,1.0,0.38324780058651026,1.0,0.3860297431275349,1.0,0.34182590233545646,1.0,0.20737830168085572,1.0,0.18905316137150047,1.0,0.17877033963088348,1.0,0.19411881581561694,1.0,0.2489055659787367,1.0,0.3046242181892751,1.0,0.433881482923032,1.0,0.4798663618779673,1.0
797,0.380241289125116,1.0,0.3864986498649865,0.0,0.4634762827533912,1.0,0.45059360730593606,1.0,0.40195988643648684,1.0,0.3916807829851308,1.0,0.38152243443297085,1.0,0.31586882774217867,1.0,0.2774518021793797,1.0,0.2753980288097043,1.0,0.2396348421453024,1.0,0.31256798180559675,1.0,0.3546295413368933,1.0,0.29700611208950584,1.0,0.2832771478189805,1.0
798,0.538510200854025,1.0,0.5142683667273831,1.0,0.5322911732196431,1.0,0.5067532011927732,1.0,0.4397839783978398,1.0,0.39175061775327885,1.0,0.37184520471116095,1.0,0.3246899661781285,1.0,0.28711508687424736,1.0,0.2582503928758512,1.0,0.22384701912260968,1.0,0.2825791415808895,1.0,0.3138043270151254,1.0,0.2934850051706308,1.0,0.28791565287915655,1.0
799,0.2548669405250938,1.0,0.2517058377558757,1.0,0.48278702026025366,1.0,0.49403508771929827,1.0,0.4520829761700669,1.0,0.4164265129682997,1.0,0.4245588764854159,1.0,0.38331495773612645,1.0,0.36635780470420526,1.0,0.34887162412134665,1.0,0.2580893682588598,1.0,0.31713244228432563,1.0,0.35277887268427277,1.0,0.3895522388059702,1.0,0.38670583914799855,1.0
800,0.27166033828098035,1.0,0.29518072289156627,1.0,0.29161015307111027,1.0,0.36266718356270594,1.0,0.3284381821790038,1.0,0.3977162763692665,1.0,0.39663551401869157,1.0,0.3759022765130483,1.0,0.33482142857142855,1.0,0.383365405174257,1.0,0.2689842687900563,1.0,0.3355454168394857,1.0,0.34417916754701033,1.0,0.3419213973799127,1.0,0.3618450515002239,1.0
801,0.5565243535778713,1.0,0.49061201089293394,1.0,0.3755108713421612,1.0,0.4282333051563821,1.0,0.4294627383015598,1.0,0.45208262783609887,1.0,0.4521374685666387,1.0,0.4414654454621149,1.0,0.4270047978067169,1.0,0.435852679350672,1.0,0.3007896625987078,1.0,0.3650329188002926,1.0,0.3624548736462094,1.0,0.3176780011271839,1.0,0.2712680577849117,1.0
802,0.2326661901358113,1.0,0.20066334991708126,0.0,0.360794409709452,1.0,0.3263072557762465,1.0,0.3292021688613478,1.0,0.41313598519888994,1.0,0.407811080835604,1.0,0.40452843644143344,1.0,0.38633093525179857,1.0,0.41700404858299595,1.0,0.33505420753742904,1.0,0.3836065573770492,1.0,0.402724795640327,1.0,0.3978978978978979,1.0,0.35466767657640597,1.0
803,0.2496894409937888,1.0,0.23171131765992345,0.16666666666666666,0.3354673495518566,1.0,0.3054157439098047,1.0,0.27712709321459683,1.0,0.3184661957618567,1.0,0.31704523764077114,1.0,0.30933406613538517,1.0,0.2614481409001957,1.0,0.25974437519805643,1.0,0.2222222222222222,1.0,0.26891906115145775,1.0,0.28732450069210996,1.0,0.2713130056004978,1.0,0.2558922558922559,1.0
804,0.4477762494268684,1.0,0.20829926410466068,1.0,0.18295916563549586,1.0,0.1615920587954567,1.0,0.1786409567071475,1.0,0.25379097430309633,1.0,0.23549920760697307,1.0,0.2426314548455553,1.0,0.19727626459143968,1.0,0.17229585292860197,1.0,0.17686405665945307,1.0,0.19292539133970318,1.0,0.20708421732312518,1.0,0.2162288492100589,1.0,0.20452616690240452,1.0
805,0.49922667124935555,1.0,0.42233333333333334,0.0,0.19984597612629956,1.0,0.19646799116997793,1.0,0.2103712433706541,1.0,0.2761832351264018,1.0,0.26377816291161177,1.0,0.25229202037351445,1.0,0.24822695035460993,1.0,0.2871504295375617,1.0,0.24388489208633093,1.0,0.2764364589182107,1.0,0.2919840406238665,1.0,0.26495079485238454,1.0,0.2547699214365881,1.0
806,0.457518663348738,1.0,0.3043871551334238,1.0,0.17479430062211518,1.0,0.14967822296034877,1.0,0.18351010606363818,1.0,0.19313618108798833,1.0,0.20963219528286328,1.0,0.19110816191108163,1.0,0.2163846838824577,1.0,0.24897376405497054,1.0,0.2351493848857645,1.0,0.2670650009053051,1.0,0.29292929292929293,1.0,0.32077464788732396,1.0,0.3325144762238989,1.0
807,0.5290963570414761,1.0,0.41797752808988764,1.0,0.3242518059855521,1.0,0.36337265519241924,1.0,0.34599316369160654,1.0,0.4269519107697934,1.0,0.4349442379182156,1.0,0.42033063665142456,1.0,0.4029126213592233,1.0,0.39697751566531514,1.0,0.30928764652840396,1.0,0.374066270829343,1.0,0.39145496535796764,1.0,0.4400305576776165,1.0,0.4138760407030527,1.0
808,0.5011563169164882,1.0,0.33647058823529413,0.6666666666666666,0.32509803921568625,1.0,0.35279655808236016,1.0,0.39301781536800434,1.0,0.46727165784387864,1.0,0.4595138306789606,1.0,0.4503383176008688,1.0,0.4302937680421124,1.0,0.43079854495063225,1.0,0.332104939896464,1.0,0.39600146735143066,1.0,0.4029038112522686,1.0,0.4266666666666667,1.0,0.38284481208415755,1.0
809,0.4851889683350358,1.0,0.3448034410323097,1.0,0.20063097702849256,1.0,0.1668724279835391,1.0,0.17423014586709887,1.0,0.213070115724983,1.0,0.1971457019581812,1.0,0.19710782772712984,1.0,0.1787974683544304,1.0,0.16697173073012,1.0,0.18757281553398059,1.0,0.2196714620957045,1.0,0.24064648629341906,1.0,0.30026021992780993,1.0,0.31419266369557763,1.0
810,0.5282417838551783,1.0,0.3122208688591149,0.5,0.3953739537395374,1.0,0.37446351931330474,1.0,0.3274100399822301,1.0,0.3835629102338911,1.0,0.392988433605308,1.0,0.38721971106975095,1.0,0.17305561710613782,1.0,0.15785900192372979,1.0,0.1723631788634934,1.0,0.21364411597498578,1.0,0.2436164383561644,1.0,0.29063097514340347,1.0,0.25224737355139176,1.0
811,0.474792817679558,1.0,0.369148726051748,0.8888888888888888,0.23236430168733482,1.0,0.2428219852337982,1.0,0.28839266905413946,1.0,0.3876246003385368,1.0,0.3776313380926231,1.0,0.2637957152131573,1.0,0.24230530882049164,1.0,0.2446424782516444,1.0,0.19809825673534073,1.0,0.2381956155143339,1.0,0.2601986894948214,1.0,0.2787374706760503,1.0,0.251538951390363,1.0
812,0.5498736435260889,1.0,0.2461504128542736,1.0,0.4095271331355784,1.0,0.40571647803568,1.0,0.3881925522252498,1.0,0.3579109062980031,1.0,0.35461801596351195,1.0,0.28695652173913044,1.0,0.26532195500387895,1.0,0.26118957628804457,1.0,0.2103856433753341,1.0,0.2543752543752544,1.0,0.266421868625051,1.0,0.2771627716277163,1.0,0.27381905524419536,1.0
813,0.4371216642510018,1.0,0.4607257694074414,1.0,0.2267056697926525,1.0,0.2958415841584158,1.0,0.2263838894834128,1.0,0.22742727616169248,1.0,0.192885617908617,1.0,0.17042957042957044,1.0,0.15383847459319158,1.0,0.15226084281759458,1.0,0.13880445795339413,1.0,0.201286458910946,1.0,0.24040669071826828,1.0,0.2313740908197366,1.0,0.23674661474466768,1.0
814,0.24621305166625726,1.0,0.24593023255813953,1.0,0.390528361901396,1.0,0.3391447031073736,1.0,0.35080912274060755,1.0,0.430152637686334,1.0,0.43189979854602784,1.0,0.3930961606199366,1.0,0.38976270570051824,1.0,0.404270091997917,1.0,0.3576739911437881,1.0,0.4173336775970393,1.0,0.4152771715408119,1.0,0.4324950648013046,1.0,0.38105183216252136,1.0
815,0.2630865406341794,1.0,0.22304366020365463,1.0,0.25305285676085215,1.0,0.22407267221801666,1.0,0.2662039123771748,1.0,0.36124275934702477,1.0,0.2910556472759056,1.0,0.26567689001758155,1.0,0.24948607736871614,1.0,0.2364229514488582,1.0,0.2097812097812098,1.0,0.22313887252013356,1.0,0.22408093759390965,1.0,0.2668747561451424,1.0,0.2735234433408096,1.0
816,0.5022439178017479,1.0,0.2572357723577236,1.0,0.19829836604466788,1.0,0.20051464766429136,1.0,0.2066822066822067,1.0,0.2786416443252904,1.0,0.237120935330654,1.0,0.2384406165004533,1.0,0.190976273823415,1.0,0.16696588868940754,1.0,0.15497271944098784,1.0,0.17106588756800323,1.0,0.16918957882813304,1.0,0.17939791112021297,1.0,0.18124061453159293,1.0
817,0.42972797927461137,1.0,0.1520142443801469,0.25,0.3428469496967535,1.0,0.32666060054595086,1.0,0.3080534488985193,1.0,0.40560949298813376,1.0,0.38641344046749454,1.0,0.3773049645390071,1.0,0.33803313359182235,1.0,0.3094832481544577,1.0,0.2829570284049527,1.0,0.3049167327517843,1.0,0.3372874654013444,1.0,0.3673241533308523,1.0,0.3781706379707917,1.0
818,0.42398815399802564,1.0,0.20216736905478627,0.0,0.2868132862702507,1.0,0.2620320855614973,1.0,0.23439774822867127,1.0,0.28939771030363365,1.0,0.26140155728587317,1.0,0.26057244726156287,1.0,0.2725334367125412,1.0,0.2507693940358697,1.0,0.2596144804889516,1.0,0.24511308975539864,1.0,0.27889849503682357,1.0,0.28568536140919215,1.0,0.28721040939384324,1.0
819,0.4650416933932008,1.0,0.18409145034532032,0.5,0.20167746854746474,1.0,0.1741018555073036,1.0,0.17704091526081056,1.0,0.19504132231404958,1.0,0.18698517298187808,1.0,0.17889160554197228,1.0,0.1889040828286775,1.0,0.17693836978131214,1.0,0.1717325227963526,1.0,0.18354175070592982,1.0,0.17737373737373738,1.0,0.2004904966278357,1.0,0.18691588785046728,1.0
820,0.38249147312002596,1.0,0.3663477771525042,1.0,0.2381917697141699,1.0,0.23909395973154363,1.0,0.2463881296368606,1.0,0.3551699716713881,1.0,0.2892983143865151,1.0,0.2843075633773308,1.0,0.3013876040703053,1.0,0.278019278019278,1.0,0.24312896405919662,1.0,0.30287579033244955,1.0,0.3401075911536163,1.0,0.3354722277922599,1.0,0.31554477461087527,1.0
821,0.5292230116892047,1.0,0.40875912408759124,1.0,0.2930541462964671,1.0,0.2892465819839038,1.0,0.2974213086170506,1.0,0.35614082722418317,1.0,0.2262424620503223,1.0,0.21910801963993454,1.0,0.19783695541271298,1.0,0.21608725289706884,1.0,0.18705648594947488,1.0,0.20969526299909483,1.0,0.21614006842423023,1.0,0.19893464454005327,1.0,0.21560107593627148,1.0
822,0.5839130434782609,1.0,0.48133421692069805,1.0,0.31835546661815534,1.0,0.2674477840040754,1.0,0.23350702979058108,1.0,0.2463521141761636,1.0,0.24272452279127985,1.0,0.24063728533002277,1.0,0.23885350318471338,1.0,0.21844799540713808,1.0,0.1913948086051914,1.0,0.23167595370767252,1.0,0.24857375713121435,1.0,0.23432785786121355,1.0,0.21962774957698816,1.0
823,0.3773405268168835,1.0,0.321980198019802,1.0,0.24840405557641757,1.0,0.24735095793642298,1.0,0.2544033154375059,1.0,0.31395033860045146,1.0,0.315450269987807,1.0,0.32181462252106563,1.0,0.33224043715846996,1.0,0.3233160621761658,1.0,0.2856646997570288,1.0,0.3463414634146341,1.0,0.32701594533029615,1.0,0.18466453674121405,1.0,0.17934725574561863,1.0
824,0.5014236001265422,1.0,0.43659768153047435,1.0,0.38902877697841726,1.0,0.4572653028220264,1.0,0.4413275385223232,1.0,0.4275856403515978,1.0,0.40467243914393075,1.0,0.36886842571276784,1.0,0.32091388400702986,1.0,0.2739838137673911,1.0,0.18906264631519806,1.0,0.1959503592423253,1.0,0.2111746590409151,1.0,0.24973736987871265,1.0,0.22333704942400595,1.0
825,0.42071808967531354,1.0,0.37550713749060854,1.0,0.47330494595479855,1.0,0.4704781351029437,1.0,0.41234316717531366,1.0,0.29233105542900534,1.0,0.27542687453600595,1.0,0.22165152113789016,1.0,0.21460134486071086,1.0,0.21289805728019226,1.0,0.204871341583186,1.0,0.2553689134594939,1.0,0.29065672260203024,1.0,0.3490620769677045,1.0,0.3772132409545804,1.0
826,0.4741695841516523,1.0,0.43144251074055195,1.0,0.20310344827586208,1.0,0.18732193732193733,1.0,0.19113573407202217,1.0,0.2365415986949429,1.0,0.22036990959608527,1.0,0.21656050955414013,1.0,0.20680207841284837,1.0,0.20813741483542847,1.0,0.2041715364559921,1.0,0.2020835342915019,1.0,0.2023403217942467,1.0,0.21861180542203423,1.0,0.24370447450572322,1.0
827,0.2781717888100867,1.0,0.3285779329185005,1.0,0.4277296360485269,1.0,0.41686310063463283,1.0,0.3872540169705723,1.0,0.39241938525363,1.0,0.3931877082562014,1.0,0.3945590651816688,1.0,0.3802197802197802,1.0,0.36198662846227314,1.0,0.2891131939437635,1.0,0.3351124666412505,1.0,0.3287090558766859,1.0,0.36439005132254243,1.0,0.3189420458965383,1.0
828,0.3299037504148689,1.0,0.3870477348738218,1.0,0.3503883051621745,1.0,0.34572845156369186,1.0,0.33555322994957665,1.0,0.33229085222830335,1.0,0.34797200115063764,1.0,0.3442592069322784,1.0,0.32571747004736695,1.0,0.3346801346801347,1.0,0.2582303598809416,1.0,0.29114682104002393,1.0,0.28270738753611224,1.0,0.28395568321707015,1.0,0.28152557319223986,1.0
829,0.496922024623803,1.0,0.4492578006664647,1.0,0.5173282923755513,1.0,0.54177545691906,1.0,0.4726384913285065,1.0,0.4612782624176607,1.0,0.45774647887323944,1.0,0.44204182913860335,1.0,0.40893952673093775,1.0,0.42094826032089416,1.0,0.3302523995734092,1.0,0.3809968265820422,1.0,0.3921459147589801,1.0,0.40491834052937864,1.0,0.3560606060606061,1.0
830,0.45839095420157816,1.0,0.4424281878102368,1.0,0.4130415906920205,1.0,0.4155551380800301,1.0,0.3811010975283305,1.0,0.386596535775823,1.0,0.363135671011566,1.0,0.3520526364563062,1.0,0.3386204352637403,1.0,0.3447410025109272,1.0,0.2802487749717301,1.0,0.3346538575814598,1.0,0.3672953529068637,1.0,0.41765845557708275,1.0,0.3776257009789944,1.0
831,0.5509029886527089,1.0,0.5002995805871779,1.0,0.41803137390105155,1.0,0.47001675041876045,1.0,0.41424342678042836,1.0,0.516245487364621,1.0,0.5230326295585412,1.0,0.5360226024172029,1.0,0.5144904954814584,1.0,0.4824242424242424,1.0,0.3075214217708664,1.0,0.3178191489361702,1.0,0.2847799186848153,1.0,0.2913884007029877,1.0,0.24599329109206114,1.0
832,0.37144978652311117,1.0,0.3823385916409172,1.0,0.39241887101172623,1.0,0.4518067043970396,1.0,0.4404179451032424,1.0,0.4517581846526936,1.0,0.43612334801762115,1.0,0.432625318606627,1.0,0.4143204727146333,1.0,0.43778639407825165,1.0,0.3391773432231962,1.0,0.3845067937180166,1.0,0.40626659585767394,1.0,0.42909825269997365,1.0,0.37989581323557786,1.0
833,0.4376729230539146,1.0,0.4466104160605179,1.0,0.40500663129973474,1.0,0.4082680811652774,1.0,0.3822111388196176,1.0,0.4136560069144339,1.0,0.413938014358256,1.0,0.38137766380758686,1.0,0.37715153560580494,1.0,0.3614563276737266,1.0,0.30434782608695654,1.0,0.337245487685605,1.0,0.3356999817950118,1.0,0.33720112517580875,1.0,0.3187725631768953,1.0
834,0.3105590062111801,1.0,0.41513292433537835,1.0,0.3885112168592794,1.0,0.3620021149101163,1.0,0.3364812871633438,1.0,0.37612654037152843,1.0,0.38990410711054824,1.0,0.373825018076645,1.0,0.3537594646944885,1.0,0.3494323301495765,1.0,0.2813439434129089,1.0,0.30318257956448913,1.0,0.2971246006389776,1.0,0.3004283851741479,1.0,0.2772983114446529,1.0
835,0.45612788632326823,1.0,0.41142468548112887,1.0,0.21990783410138248,1.0,0.1940135061142544,1.0,0.20258853136796692,1.0,0.22954803175117447,1.0,0.23497975708502025,1.0,0.2317838185620074,1.0,0.24123579318072674,1.0,0.24441524310118265,1.0,0.23940886699507388,1.0,0.2487688911529971,1.0,0.25570145127850724,1.0,0.274503199730549,1.0,0.2734893468389801,1.0
836,0.6211804384485666,1.0,0.5706955530216647,1.0,0.22853782830262642,1.0,0.22754668511016699,1.0,0.22209436133486765,1.0,0.26602879370473037,1.0,0.25539280958721705,1.0,0.25466713631560406,1.0,0.23488756935656577,1.0,0.23985086992543497,1.0,0.23503325942350334,1.0,0.26623012160898035,1.0,0.2967870756943184,1.0,0.3531127426330081,1.0,0.3868452435556371,1.0
837,0.24793789422610382,1.0,0.32835461334618166,1.0,0.24302632866790644,1.0,0.2354800043587229,1.0,0.2741112039357653,1.0,0.34043843687722036,1.0,0.3255690841715193,1.0,0.3494767793825132,1.0,0.3553347084192762,1.0,0.4063118228921338,1.0,0.351014565967837,1.0,0.4338197424892704,1.0,0.4604682728198168,1.0,0.48229570231552393,1.0,0.43386194884957374,1.0
838,0.2910340418731021,1.0,0.35148009527050017,1.0,0.2862055789071456,1.0,0.2981631781290047,1.0,0.29545454545454547,1.0,0.32786007495984293,1.0,0.3214783821478382,1.0,0.32482963480691945,1.0,0.3276661514683153,1.0,0.391337973704563,1.0,0.35599590023915273,1.0,0.43849343469246715,1.0,0.47411167512690355,1.0,0.5206553948056476,1.0,0.4686126252857394,1.0
839,0.27177049736886777,1.0,0.30525814894123243,1.0,0.41167936162495467,1.0,0.4128022759601707,1.0,0.3719084533038021,1.0,0.39285714285714285,1.0,0.3957623912220961,1.0,0.3954282462297259,1.0,0.37613307167554433,1.0,0.3851233249174597,1.0,0.28742732558139533,1.0,0.3368582964814459,1.0,0.33918532399644935,1.0,0.36890032663565275,1.0,0.3384846964375314,1.0
840,0.2062807881773399,1.0,0.2480167639574914,1.0,0.4230437035757471,1.0,0.4200213751335946,1.0,0.3791384834460662,1.0,0.3961270915585636,1.0,0.3963963963963964,1.0,0.38530399104811636,1.0,0.3743664011585807,1.0,0.380764163372859,1.0,0.2952984680401479,1.0,0.337322363500374,1.0,0.33204259438528555,1.0,0.36814024390243905,1.0,0.3264407428680835,1.0
841,0.42718446601941745,1.0,0.4444263097763995,1.0,0.42926323071601524,1.0,0.44516129032258067,1.0,0.4092677750265299,1.0,0.3837837837837838,1.0,0.3926628049850799,1.0,0.36553713049747655,1.0,0.3503916449086162,1.0,0.3285389856169568,1.0,0.29975686002084057,1.0,0.36702508960573477,1.0,0.3888986784140969,1.0,0.4535481659238944,1.0,0.3151304347826087,1.0
842,0.4579591836734694,1.0,0.4728759806376231,1.0,0.38696629213483147,1.0,0.40918958031837915,1.0,0.388834124921588,1.0,0.41260074529855273,1.0,0.4154818325434439,1.0,0.4078751205823029,1.0,0.3941704795797322,1.0,0.3874545293230414,1.0,0.3104400345125108,1.0,0.3796583163671771,1.0,0.3919256262374107,1.0,0.3978758887035899,1.0,0.3441739130434783,1.0
843,0.5388652017054772,1.0,0.5191122071516646,1.0,0.2483221476510067,1.0,0.2439832192536984,1.0,0.26874062968515744,1.0,0.3556557945870923,1.0,0.3466079295154185,1.0,0.368501822367159,1.0,0.37561305597835276,1.0,0.41112618724559025,1.0,0.328412017167382,1.0,0.41507467870788467,1.0,0.4448083851948903,1.0,0.48944860449285227,1.0,0.48206646923330043,1.0
844,0.26622185154295247,1.0,0.2967013736984863,1.0,0.22199440820130475,1.0,0.221385832850801,1.0,0.24341372912801484,1.0,0.3729903536977492,1.0,0.373811265544989,1.0,0.3350182532996349,1.0,0.3276611151339609,1.0,0.3352520657320583,1.0,0.2910246365456603,1.0,0.3367717287488061,1.0,0.36534528099737024,1.0,0.4226784526185724,1.0,0.4148945796760474,1.0
845,0.18345093008338678,1.0,0.29597197898423816,1.0,0.4897959183673469,1.0,0.49497655726724715,1.0,0.4378737541528239,1.0,0.41205940239756667,1.0,0.405289492494639,1.0,0.38389815312892234,1.0,0.3535853055457436,1.0,0.3482815658886234,1.0,0.2669152903569526,1.0,0.29704690214244356,1.0,0.2985190958690569,1.0,0.3113097551496308,1.0,0.2786012922843025,1.0
846,0.12467718794835007,1.0,0.1199039072988059,1.0,0.21041609760539015,1.0,0.22415669205658323,1.0,0.2542432503737578,1.0,0.393249354005168,1.0,0.4132572153504599,1.0,0.37097058305443015,1.0,0.37063295464252155,1.0,0.39410045176720704,1.0,0.33645815578660304,1.0,0.4092296642126055,1.0,0.4565198505777083,1.0,0.506938097216452,1.0,0.496215306980656,1.0
847,0.12975256487628245,1.0,0.14571472534236035,1.0,0.19242155121373594,1.0,0.21008028545941124,1.0,0.25443570513993047,1.0,0.4504770164787511,1.0,0.4670668667667167,1.0,0.2790328973444312,1.0,0.25687685146000844,1.0,0.3282879934546942,1.0,0.27880386983289357,1.0,0.33697190216292705,1.0,0.3736852550109149,1.0,0.3878444971710166,1.0,0.35708566853482787,1.0
848,0.13325107958050586,1.0,0.12233307751343055,1.0,0.17423701132999897,1.0,0.23207776427703525,1.0,0.23802491924319336,1.0,0.44874208454561015,1.0,0.46917416189697464,1.0,0.30344004772320543,1.0,0.28129339416782384,1.0,0.314346439957492,1.0,0.2933502446095307,1.0,0.3349966413971788,1.0,0.3843066425847883,1.0,0.41200558399255466,1.0,0.3919985318407047,1.0
849,0.10449713818479149,1.0,0.10634696755994358,1.0,0.23290845886442643,1.0,0.2511415525114155,1.0,0.28025351554763317,1.0,0.44144144144144143,1.0,0.4397328881469115,1.0,0.43279944289693595,1.0,0.45590872045639774,1.0,0.4855994641661085,1.0,0.37692946058091287,1.0,0.4405691480131876,1.0,0.4641065559591766,1.0,0.47936278059377263,1.0,0.4683995015132633,1.0
850,0.25939788445890966,1.0,0.38272414358301915,1.0,0.4606779095007514,1.0,0.4699540473665606,1.0,0.43684759916492694,1.0,0.37725548255760155,1.0,0.3772002580407336,1.0,0.36383970177073627,1.0,0.3539926345100153,1.0,0.343962315427122,1.0,0.27052513193182803,1.0,0.3277217648691148,1.0,0.3263441377320381,1.0,0.3494068859099238,1.0,0.31855845063392235,1.0
851,0.35740629556565745,1.0,0.2965018094089264,1.0,0.3196278245458573,1.0,0.2940162757300144,1.0,0.29114626699972246,1.0,0.35008252338162477,1.0,0.35505782999816415,1.0,0.3170910423154424,1.0,0.26832791621524016,1.0,0.21933679584498603,1.0,0.18319203833394765,1.0,0.210305823209049,1.0,0.221815834767642,1.0,0.22580645161290322,1.0,0.18970636753546685,1.0
852,0.17534005549164242,1.0,0.17584659322725418,1.0,0.2684934069017114,1.0,0.3274473658678568,1.0,0.34963887065003285,1.0,0.4384589726484323,1.0,0.4398655677362567,1.0,0.4315490288962577,1.0,0.4061177222266592,1.0,0.3680338421923855,1.0,0.326433661350526,1.0,0.39389038634321655,1.0,0.39965350597246285,1.0,0.3989439184268026,1.0,0.3591385872087626,1.0
853,0.17677436440677965,1.0,0.16172036184732583,1.0,0.24158377964804897,1.0,0.27817289391966343,1.0,0.29981829194427617,1.0,0.4310037295281336,1.0,0.44208037825059104,1.0,0.4400808772066257,1.0,0.4419902348291095,1.0,0.4533018483836821,1.0,0.36703476482617586,1.0,0.43922369765066394,1.0,0.39255939040788884,1.0,0.22150582362728785,1.0,0.20905515995323626,1.0
854,0.17272870414108016,1.0,0.2188026335936304,1.0,0.3916913946587537,1.0,0.49149592595522507,1.0,0.4939098660170524,1.0,0.38323402171251325,1.0,0.3858840650012127,1.0,0.3664849027427362,1.0,0.34156777266489063,1.0,0.3631709039548023,1.0,0.287945869183861,1.0,0.3536711478800414,1.0,0.36415983248996686,1.0,0.3685558210993513,1.0,0.2827504445761707,1.0
855,0.35116895637503015,1.0,0.4774069812044496,1.0,0.2669400507713337,1.0,0.24135180939088824,1.0,0.22796651895617923,1.0,0.3535604900459418,1.0,0.35609491034232926,1.0,0.36428946907306814,1.0,0.38012433552572306,1.0,0.4401720430107527,1.0,0.3647990758313392,1.0,0.4552797644089188,1.0,0.46437177280550773,1.0,0.4700899484761156,1.0,0.4230665346178086,1.0
856,0.23288828798377556,1.0,0.3451032644903398,1.0,0.2571536500141656,1.0,0.24802729793132863,1.0,0.27286897223575257,1.0,0.43420937745568844,1.0,0.3801452784503632,1.0,0.38877682009902803,1.0,0.395987328405491,1.0,0.4248578391551584,1.0,0.3340079264693482,1.0,0.41035023523261893,1.0,0.42169934640522877,1.0,0.45281036596042723,1.0,0.3822090010555609,1.0
857,0.3955211315036201,1.0,0.356479217603912,1.0,0.3915060670949322,1.0,0.38502070003763644,1.0,0.3540812523294819,1.0,0.37667231957791597,1.0,0.35933983495873967,1.0,0.37120506612032034,1.0,0.352367184676545,1.0,0.366728280961183,1.0,0.2951370468611848,1.0,0.3423612435628457,1.0,0.35981577432354633,1.0,0.3633031063090874,1.0,0.35780525502318394,1.0
858,0.1955559133725143,1.0,0.2297778788567963,1.0,0.300933932895192,1.0,0.28410977634534623,1.0,0.30439471555675385,1.0,0.34645999162128194,1.0,0.3632407097422163,1.0,0.35166304529500253,1.0,0.3559011893870082,1.0,0.37924169758392906,1.0,0.3236284079434534,1.0,0.37160014129282937,1.0,0.3904073355669194,1.0,0.419343514130244,1.0,0.3971618465960122,1.0
859,0.17338709677419356,1.0,0.20469319803393055,1.0,0.39585164352258745,1.0,0.4014519056261343,1.0,0.3768609865470852,1.0,0.4083129584352078,1.0,0.41749842640050355,1.0,0.4023219672730597,1.0,0.3836767176585021,1.0,0.37563497014526337,1.0,0.30031866333649126,1.0,0.34102755026061055,1.0,0.34618933382542905,1.0,0.3564522127184827,1.0,0.32479670997289467,1.0
860,0.5407499225286644,1.0,0.5021721641190667,1.0,0.21626906531091122,1.0,0.2175548589341693,1.0,0.23019985196151,1.0,0.2585659368209928,1.0,0.2609130289903366,1.0,0.25509404388714735,1.0,0.25830943141555596,1.0,0.27994227994227994,1.0,0.2779936418226775,1.0,0.3402061855670103,1.0,0.36981066527705403,1.0,0.43148357870894677,1.0,0.40074640127954503,1.0
861,0.42315238718116416,1.0,0.4992106094095358,1.0,0.4498338870431894,1.0,0.4369584438549956,1.0,0.386671482752393,1.0,0.3915077365958978,1.0,0.38883872132923963,1.0,0.3756457564575646,1.0,0.37104233368907863,1.0,0.3759772565742715,1.0,0.3040494166094715,1.0,0.33582368322749345,1.0,0.35087055261165784,1.0,0.3796751038911976,1.0,0.32259301879555047,1.0
862,0.4188062687562521,1.0,0.437829209896249,1.0,0.35875023247163845,1.0,0.34583585400282313,1.0,0.31138652207591017,1.0,0.36558527793587553,1.0,0.36530805687203793,1.0,0.35392194012883665,1.0,0.33470610258330213,1.0,0.31986143187066973,1.0,0.26790646289817716,1.0,0.3119683481701286,1.0,0.32010422930446986,1.0,0.3430747067297798,1.0,0.2991382847763644,1.0
863,0.4881516587677725,1.0,0.49857730003161554,1.0,0.32402124729490456,1.0,0.3505757976212951,1.0,0.4002905920813658,1.0,0.3865450399087799,1.0,0.3803450862715679,1.0,0.3602425620617775,1.0,0.2739156268568033,1.0,0.27715736040609135,1.0,0.21193573068094873,1.0,0.2452750053089828,1.0,0.26751054852320677,1.0,0.25470677342566544,1.0,0.24700854700854702,1.0
864,0.5294291629695357,1.0,0.576577195029862,1.0,0.1806925498426023,1.0,0.17160859896219421,1.0,0.18590308370044054,1.0,0.22958939127656175,1.0,0.2308927424534361,1.0,0.24527700278995615,1.0,0.2697064098933258,1.0,0.33265444670739985,1.0,0.3031804379095413,1.0,0.3346221736572245,1.0,0.31962025316455694,1.0,0.30234690135680237,1.0,0.2763280041258381,1.0
865,0.23986540618490626,1.0,0.313953488372093,1.0,0.1984375,1.0,0.17545239968528717,1.0,0.1889901143632487,1.0,0.21123165283982132,1.0,0.22105263157894736,1.0,0.22083732821987856,1.0,0.195852534562212,1.0,0.19396984924623115,1.0,0.19490175252257036,1.0,0.18962495618647038,1.0,0.1908713692946058,1.0,0.19216480918608578,1.0,0.1915966386554622,1.0
866,0.28734710246641265,1.0,0.3442622950819672,1.0,0.39838854073410923,1.0,0.3713285353044155,1.0,0.3673352435530086,1.0,0.3662551440329218,1.0,0.3602358577482956,1.0,0.32844744455159114,1.0,0.31644122690036197,1.0,0.2822185970636215,1.0,0.2536066818526955,1.0,0.28673908587825375,1.0,0.3103032737497489,1.0,0.3369189396849789,1.0,0.3075598086124402,1.0
867,0.23480495917750227,1.0,0.24867494373048718,1.0,0.4117647058823529,1.0,0.40985663082437274,1.0,0.3611036459733047,1.0,0.38479659327715865,1.0,0.3822470291681671,1.0,0.33283693224125094,1.0,0.30890442890442893,1.0,0.304965901450389,1.0,0.25496238557056106,1.0,0.2739280245022971,1.0,0.263971811686405,1.0,0.2660265735622151,1.0,0.23266745005875442,1.0
868,0.4511157894736842,1.0,0.4053964300539643,1.0,0.3578161123955184,1.0,0.2959750511646038,1.0,0.2595050725324737,1.0,0.27309822209268436,1.0,0.2484768956790702,1.0,0.18878900052882072,1.0,0.19348390965420748,1.0,0.17609082813891364,1.0,0.173686794305351,1.0,0.18484404437931756,1.0,0.1803347280334728,1.0,0.2111854890952278,1.0,0.1765686887638107,1.0
869,0.3582042364843503,1.0,0.48717948717948717,1.0,0.39077340569877883,1.0,0.36281299946723494,1.0,0.33685880486515074,1.0,0.3162853297442799,1.0,0.3197432993582484,1.0,0.32008328601173575,1.0,0.3263310394784498,1.0,0.32710978342046304,1.0,0.26887131560028754,1.0,0.2908458864426419,1.0,0.2938397953158827,1.0,0.32245532245532244,1.0,0.2864460204885737,1.0
870,0.47506234413965087,1.0,0.39356814701378257,1.0,0.37812444602020917,1.0,0.3137715179968701,1.0,0.2813738441215324,1.0,0.3524621946490888,1.0,0.35116804822908815,1.0,0.3531255762493085,1.0,0.3465909090909091,1.0,0.3598841419261405,1.0,0.2937247319388293,1.0,0.3224186046511628,1.0,0.32757000563803795,1.0,0.32757000563803795,1.0,0.29949238578680204,1.0
871,0.4841420215833265,1.0,0.445308779171297,1.0,0.2979039139306251,1.0,0.2982190223569534,1.0,0.29640409351234626,1.0,0.3334576302787359,1.0,0.3339476594176189,1.0,0.32255083179297594,1.0,0.2996046010064702,1.0,0.3113478462251042,1.0,0.2615493958777541,1.0,0.28885166573608784,1.0,0.2960434009914882,1.0,0.31974950929993456,1.0,0.29416174679036644,1.0
872,0.4649593355251774,1.0,0.4493474207582349,1.0,0.32951289398280803,1.0,0.3432502789140945,1.0,0.3314783899091078,1.0,0.3322040278562018,1.0,0.3291582243507091,1.0,0.3220588235294118,1.0,0.3168387326450694,1.0,0.3059744225997328,1.0,0.2603088101725704,1.0,0.29068673565381,1.0,0.30215690017178853,1.0,0.2885476647472809,1.0,0.30805300713557593,1.0
873,0.45456076812936913,1.0,0.4547316996296588,1.0,0.4184975194897236,1.0,0.4258627227910504,1.0,0.4339622641509434,1.0,0.46596491228070175,1.0,0.461031070994619,1.0,0.44611860075777604,1.0,0.40233517689403914,1.0,0.39076923076923076,1.0,0.3186211927776765,1.0,0.3597744360902256,1.0,0.37438609746883267,1.0,0.35847911821215495,1.0,0.3044007300750355,1.0
874,0.29241734310037615,1.0,0.31847619047619047,1.0,0.15164520743919885,1.0,0.1284013605442177,1.0,0.1393357008564863,1.0,0.1811764705882353,1.0,0.17747077577045697,1.0,0.15165979605120417,1.0,0.1506194305585742,1.0,0.13774597495527727,1.0,0.14603296282100423,1.0,0.16858820970197955,1.0,0.254272184476014,1.0,0.38326484871124394,1.0,0.4651898734177215,1.0
875,0.4354171939593352,1.0,0.3996884479790112,1.0,0.46712575832103626,1.0,0.45486507866748704,1.0,0.40523047319163824,1.0,0.3002997377294867,1.0,0.28070519098922625,1.0,0.26245654692931636,1.0,0.23400191021967526,1.0,0.21825676083241177,1.0,0.19468114992040453,1.0,0.19049520766773162,1.0,0.19432048681541583,1.0,0.20857738508885137,1.0,0.19202861522738887,1.0
876,0.1780128109638016,1.0,0.22747603833865815,1.0,0.4023354564755839,1.0,0.41267501842299187,1.0,0.4164244186046512,1.0,0.4660397074190178,1.0,0.476058292852186,1.0,0.47073002754820936,1.0,0.4514854885797699,1.0,0.4838931955211025,1.0,0.36621126291236256,1.0,0.43003352743956236,1.0,0.4344927013876374,1.0,0.46921827044592884,1.0,0.40465465465465467,1.0
877,0.16820580474934038,1.0,0.19162851536952255,1.0,0.3326897084379224,1.0,0.3398129470016505,1.0,0.34099066762383345,1.0,0.4081738230729436,1.0,0.4185848252344416,1.0,0.3944387229660144,1.0,0.36665423349496457,1.0,0.389805375347544,1.0,0.29329852045256743,1.0,0.3392265193370166,1.0,0.3414996288047513,1.0,0.3486273034975555,1.0,0.31404644080700417,1.0
878,0.20088237387034796,1.0,0.28143155937717873,1.0,0.4708425087676372,1.0,0.47973258864347973,1.0,0.43529807449760366,1.0,0.45529150282099506,1.0,0.46296611612463817,1.0,0.44615648005478514,1.0,0.4236741620704285,1.0,0.426083928260491,1.0,0.32329300279211437,1.0,0.3742631722136574,1.0,0.3769623950346842,1.0,0.3792147806004619,1.0,0.3487379361544172,1.0
879,0.49312505085021563,1.0,0.46472564389697646,1.0,0.40963855421686746,1.0,0.34238638421147927,1.0,0.29148461881408827,1.0,0.30900333456835866,1.0,0.2844090775125258,1.0,0.2878338278931751,1.0,0.2930696597185106,1.0,0.28288392770851456,1.0,0.251863158839903,1.0,0.28313140726933833,1.0,0.29500367376928727,1.0,0.3276955602536998,1.0,0.32248748556026186,1.0
880,0.1160720399917825,1.0,0.10081635362049512,1.0,0.3222324491674337,1.0,0.23381505304485842,1.0,0.19549295774647887,1.0,0.18687680926342876,1.0,0.17146217169737357,1.0,0.14652864536855256,1.0,0.15595698924731183,1.0,0.13795594077284218,1.0,0.15937013324104515,1.0,0.18117492183643244,1.0,0.18447524752475247,1.0,0.22612598668936698,1.0,0.24619728572729757,1.0
881,0.11025193315041157,1.0,0.09251968503937008,1.0,0.37489718703734165,1.0,0.3344675059544063,1.0,0.26764270439216975,1.0,0.2287145242070117,1.0,0.21585466556564822,1.0,0.1918909472212513,1.0,0.18399452804377564,1.0,0.16792685071215052,1.0,0.16923076923076924,1.0,0.2002830856334041,1.0,0.211908345877237,1.0,0.2428898332788493,1.0,0.2696438665912945,1.0
882,0.31575048155282265,1.0,0.2392638036809816,1.0,0.2741474566584111,1.0,0.2634291377601586,1.0,0.26750448833034113,1.0,0.28076639646278556,1.0,0.25867908552074514,1.0,0.2528464017185822,1.0,0.3146005509641873,1.0,0.3602867954590719,1.0,0.343755368493386,1.0,0.418966737438075,1.0,0.45545438314586684,1.0,0.37367915465898177,1.0,0.2575265323803336,1.0
883,0.1990415599438156,1.0,0.2692117005453644,1.0,0.40632732414280665,1.0,0.3995787159996337,1.0,0.36867730592372194,1.0,0.3982104971866064,1.0,0.3968778696051423,1.0,0.3896990954402806,1.0,0.367003367003367,1.0,0.37432903286561825,1.0,0.2799068767908309,1.0,0.3221789143454701,1.0,0.32748426473393094,1.0,0.34458825736259613,1.0,0.336802270577105,1.0
884,0.1951039941100681,1.0,0.20032362459546926,1.0,0.36806148590947907,1.0,0.39626017714950346,1.0,0.3789437585733882,1.0,0.3571740078499782,1.0,0.2771627716277163,1.0,0.25878399022303694,1.0,0.2625752573315207,1.0,0.2549889135254989,1.0,0.22059640674198927,1.0,0.23079964416328952,1.0,0.23403329343923404,1.0,0.30109844985114464,1.0,0.2762794243781569,1.0
885,0.34414882111183215,1.0,0.34393523203701026,1.0,0.28538909029592785,1.0,0.33616236162361623,1.0,0.36015204307887233,1.0,0.42370994672815454,1.0,0.42823785803237857,1.0,0.4438347320852163,1.0,0.4287027813960616,1.0,0.4320049620096139,1.0,0.3411801146043054,1.0,0.3869249394673123,1.0,0.4028198252746302,1.0,0.4351762043323634,1.0,0.41573765155830417,1.0
886,0.5600605143721634,1.0,0.5255835170683494,1.0,0.2481527604815276,1.0,0.2829566398292754,1.0,0.3071854408534672,1.0,0.38028394962701534,1.0,0.38365981844242714,1.0,0.39752591106653296,1.0,0.3875090426814565,1.0,0.40675383011149435,1.0,0.33205128205128204,1.0,0.3857283788227557,1.0,0.4101406955136714,1.0,0.42739655615523003,1.0,0.4272696591292609,1.0
887,0.1801566579634465,1.0,0.18437118437118438,1.0,0.37912952281069745,1.0,0.379607984175508,1.0,0.3554828714064383,1.0,0.41615750169721655,1.0,0.43081709513672833,1.0,0.41983984311161954,1.0,0.4137580481192816,1.0,0.4274374460742019,1.0,0.35120553026471085,1.0,0.4093227792436236,1.0,0.41449379607984177,1.0,0.4789915966386555,1.0,0.42493638676844786,1.0
888,0.4543727624753416,1.0,0.5070343275182893,1.0,0.20684884123140782,1.0,0.18128453038674033,1.0,0.20903543127789417,1.0,0.24694708276797828,1.0,0.2542034293324455,1.0,0.24658227848101266,1.0,0.25056270820203475,1.0,0.27477183833116037,1.0,0.2558063727487572,1.0,0.28660306926586476,1.0,0.29604454999590535,1.0,0.32486503651953,1.0,0.3273889636608345,1.0
889,0.12416415366461256,1.0,0.15209580838323353,1.0,0.23471278567016676,1.0,0.23815580286168522,1.0,0.2710311510911211,1.0,0.28482328482328484,1.0,0.2942783945345858,1.0,0.2877463581833762,1.0,0.2823649337410805,1.0,0.27228327228327226,1.0,0.2295302013422819,1.0,0.24823196605374823,1.0,0.25634608509116913,1.0,0.2483128568956567,1.0,0.24088634739099357,1.0
890,0.09258867498765955,1.0,0.09239704329461457,1.0,0.19931972789115646,1.0,0.1849735999307539,1.0,0.23861974012563464,1.0,0.3551530902298384,1.0,0.3617321722758296,1.0,0.3577394426664585,1.0,0.3445013184426865,1.0,0.3404753933712755,1.0,0.3039618609238862,1.0,0.3553469661414683,1.0,0.36805043805780724,1.0,0.3984747378455672,1.0,0.3737505079236083,1.0
891,0.15542099192618225,1.0,0.18366176997491937,1.0,0.25485714285714284,1.0,0.2530013339261894,1.0,0.29265556226805906,1.0,0.37295618051013735,1.0,0.3747616020343293,1.0,0.36894290740444585,1.0,0.3595328282828283,1.0,0.38118077962849917,1.0,0.3293491608677855,1.0,0.38376569037656905,1.0,0.3991851667082398,1.0,0.45366327025715675,1.0,0.4203018058876886,1.0
892,0.49593082400813837,1.0,0.4672633847173877,1.0,0.43843268028345145,1.0,0.4402224281742354,1.0,0.41020103007144043,1.0,0.4454638124362895,1.0,0.44988734039889844,1.0,0.4383607101377136,1.0,0.4194133157547792,1.0,0.4033101792299117,1.0,0.30896106104404014,1.0,0.3377459749552773,1.0,0.3221567739012234,1.0,0.3424883273825872,1.0,0.22841370690553067,1.0
893,0.4137752459865355,1.0,0.4324345947675814,1.0,0.3421945701357466,1.0,0.3652189203446457,1.0,0.37247205392951616,1.0,0.4248807975726051,1.0,0.42184082113410737,1.0,0.4168211697286364,1.0,0.4160754528002671,1.0,0.4205031661817559,1.0,0.32092616863259066,1.0,0.3956386292834891,1.0,0.4140012613748986,1.0,0.4552888888888889,1.0,0.39683972911963883,1.0
894,0.4661382650814619,1.0,0.4270382551497317,1.0,0.23804164321890828,1.0,0.2478507408084873,1.0,0.2336626139817629,1.0,0.27869409964291786,1.0,0.275310254735467,1.0,0.26945613600726254,1.0,0.28800460412727125,1.0,0.2896657050738164,1.0,0.27024551117625506,1.0,0.3240986717267552,1.0,0.22451181357212213,1.0,0.26712258854751453,1.0,0.24487996080352767,1.0
895,0.4743978590544157,1.0,0.448018963765662,1.0,0.2401249311041705,1.0,0.24374420759962928,1.0,0.22767008741923223,1.0,0.23904603438713257,1.0,0.2465449581982597,1.0,0.2296195652173913,1.0,0.2525184687709872,1.0,0.2612029306525814,1.0,0.26140927345746623,1.0,0.31010452961672474,1.0,0.21130434782608695,1.0,0.18360302049622437,1.0,0.19708636836628513,1.0
896,0.5477909327172972,1.0,0.5184304399524375,1.0,0.2717219589257504,1.0,0.2710688082490581,1.0,0.2837061967927143,1.0,0.3832410219760586,1.0,0.3853052776819593,1.0,0.39978563772775993,1.0,0.40889722174876425,1.0,0.4269863994273443,1.0,0.3544902093180284,1.0,0.4146341463414634,1.0,0.4398878373641781,1.0,0.45399751817053713,1.0,0.42022635998539615,1.0
897,0.5158995457272649,1.0,0.6218281036834925,1.0,0.3578329882677709,1.0,0.3639476688032312,1.0,0.3639674007282816,1.0,0.39273814609141394,1.0,0.40883561069662167,1.0,0.407171581769437,1.0,0.3886422493525712,1.0,0.4391619661563255,1.0,0.361485074002843,1.0,0.4466927393300459,1.0,0.4678757806484729,1.0,0.49879476584022037,1.0,0.4516362321460857,1.0
898,0.4400069911736433,1.0,0.5201347419996938,1.0,0.43039944665398583,1.0,0.41967979852491455,1.0,0.40115299334811527,1.0,0.4293250864107695,1.0,0.4250820269777616,1.0,0.42675621709929207,1.0,0.4031915874919288,1.0,0.4283623055809698,1.0,0.33182844243792325,1.0,0.40163708268187254,1.0,0.41372807844616255,1.0,0.4267994737831235,1.0,0.3859992178333985,1.0
899,0.3451861791345186,1.0,0.4566416865683933,1.0,0.3684210526315789,1.0,0.3492014425553838,1.0,0.3507570643263574,1.0,0.39348659003831415,1.0,0.40146548399537213,1.0,0.3892539621182837,1.0,0.37268806899856255,1.0,0.3794528636095257,1.0,0.3007321702973877,1.0,0.3726250484683986,1.0,0.4038669153008146,1.0,0.44400348465782596,1.0,0.41198501872659177,1.0
900,0.2370111391170014,1.0,0.2730120062641378,1.0,0.22246973365617434,1.0,0.2236764993162727,1.0,0.21682151589242055,1.0,0.28623452294246177,1.0,0.2261682242990654,1.0,0.2256437204414083,1.0,0.2366412213740458,1.0,0.23985853962970669,1.0,0.22317556970200203,1.0,0.26909336680505935,1.0,0.2718946765884373,1.0,0.3204062788550323,1.0,0.32413920770085153,1.0
901,0.5279203139148808,1.0,0.49656851892849235,1.0,0.46220633299284986,1.0,0.48053269997455256,1.0,0.4452469904524699,1.0,0.4104960460100647,1.0,0.3931578004656994,1.0,0.3110967384274231,1.0,0.25295508274231676,1.0,0.23081301584289915,1.0,0.21641596382923223,1.0,0.2315492957746479,1.0,0.22852701127089,1.0,0.27504439569622896,1.0,0.25727681187731977,1.0
902,0.5374088948386138,1.0,0.5177679882525698,1.0,0.48678487788558045,1.0,0.4885704537700444,1.0,0.4326988443235894,1.0,0.3843871685518264,1.0,0.3806146572104019,1.0,0.29871580122836405,1.0,0.21660791226008616,1.0,0.19754977029096477,1.0,0.16823104693140795,1.0,0.19296232549244596,1.0,0.19702311006658832,1.0,0.21409921671018275,1.0,0.21189894050529748,1.0
903,0.35517029763731206,1.0,0.39699604743083006,1.0,0.43512341561040696,1.0,0.38609645468851245,1.0,0.3825961884214311,1.0,0.4570459010537596,1.0,0.4729085392284352,1.0,0.4774090026180221,1.0,0.4625031143592725,1.0,0.4909509707140507,1.0,0.3527201437673583,1.0,0.44072632944228274,1.0,0.49023271615423814,1.0,0.5079337401918047,1.0,0.5220293724966623,1.0
904,0.33103108041440554,1.0,0.358814923189466,1.0,0.42725880551301687,1.0,0.3728385467262483,1.0,0.36332958380202474,1.0,0.4840989399293286,1.0,0.49459227467811157,1.0,0.5079872204472844,1.0,0.5013020833333334,1.0,0.5358230485654752,1.0,0.4068704695871415,1.0,0.4867169563791407,1.0,0.5214333556597455,1.0,0.5838634600465478,1.0,0.5630278884462151,1.0
905,0.20988457161437166,1.0,0.278343949044586,1.0,0.39771670190274844,1.0,0.378547733136749,1.0,0.34616743200282585,1.0,0.30688448074679114,1.0,0.30212613900303736,1.0,0.27544630339284043,1.0,0.2326153846153846,1.0,0.2493339911198816,1.0,0.20129694677114293,1.0,0.22447823212767967,1.0,0.22238974745571052,1.0,0.24302050066961986,1.0,0.2200503193342365,1.0
906,0.1854969245710586,1.0,0.23783287419651056,1.0,0.36002785515320335,1.0,0.3399884814743713,1.0,0.3015759312320917,1.0,0.2929472375199858,1.0,0.29545454545454547,1.0,0.25728246570193575,1.0,0.23073762071091022,1.0,0.25072268259780306,1.0,0.19644760213143872,1.0,0.21893491124260356,1.0,0.21216672925272248,1.0,0.22591293583659997,1.0,0.19483568075117372,1.0
907,0.1724137931034483,1.0,0.1679785630547647,1.0,0.19515252820727122,1.0,0.20202360876897132,1.0,0.21926053310404128,1.0,0.2757281553398058,1.0,0.27677860894477163,1.0,0.2852105372329392,1.0,0.31408291659945153,1.0,0.38627380524613725,1.0,0.30640394088669953,1.0,0.24489795918367346,1.0,0.2574775151641916,1.0,0.29570170895908854,1.0,0.19528318742183312,1.0
908,0.2959344468956823,1.0,0.3391304347826087,1.0,0.2210759027266028,1.0,0.21940237413016783,1.0,0.3003721424774056,1.0,0.26341364648714316,1.0,0.2714831958140471,1.0,0.2586138613861386,1.0,0.2871674491392801,1.0,0.2906328140026928,1.0,0.25807622504537203,1.0,0.2889399158055874,1.0,0.3038046564452016,1.0,0.363926576217079,1.0,0.31688511950655357,1.0
909,0.26933147146098796,1.0,0.23061154765971986,1.0,0.4472361809045226,1.0,0.4547390841320554,1.0,0.3916621935945607,1.0,0.3863393810032017,1.0,0.3898426323319027,1.0,0.38152466367713006,1.0,0.3649272275470358,1.0,0.36958174904942964,1.0,0.3033547466095646,1.0,0.35356544405138707,1.0,0.3665191740412979,1.0,0.39161230195712954,1.0,0.3299347471451876,1.0
910,0.2521578298397041,1.0,0.3062980030721966,1.0,0.4728890381064294,1.0,0.4507190459487899,1.0,0.3917018284106892,1.0,0.4443666899930021,1.0,0.43276633840644585,1.0,0.42223811226313906,1.0,0.42175341518243126,1.0,0.4165745856353591,1.0,0.332268937378038,1.0,0.36950524186132055,1.0,0.36168611215656754,1.0,0.40072339615457836,1.0,0.34265734265734266,1.0
911,0.16748768472906403,1.0,0.19515415081152443,1.0,0.33260473588342443,1.0,0.3412906356137797,1.0,0.34746669259943597,1.0,0.36838180462341535,1.0,0.3612096322568602,1.0,0.35078729153079286,1.0,0.33889392565729826,1.0,0.3416815742397138,1.0,0.2853195800331553,1.0,0.3305295354616708,1.0,0.2681394845137535,1.0,0.2858359957401491,1.0,0.255799106192807,1.0
912,0.3924268502581756,1.0,0.3290527018012008,1.0,0.33732498157700813,1.0,0.281183109554388,1.0,0.26357199055861524,1.0,0.32347892427999236,1.0,0.32413793103448274,1.0,0.3041105856675155,1.0,0.2605872662079659,1.0,0.24638251796436658,1.0,0.20023956877620283,1.0,0.2620886678658343,1.0,0.29221435793731043,1.0,0.31061259706643657,1.0,0.3344491483705819,1.0
913,0.19417946645109135,1.0,0.19636842875970129,1.0,0.21335807050092764,1.0,0.20925297113752123,1.0,0.23031423290203326,1.0,0.2668877640076802,1.0,0.2696980215203055,1.0,0.26603575184016826,1.0,0.21398432790837854,1.0,0.20954446854663775,1.0,0.20435967302452315,1.0,0.21803371850729306,1.0,0.2191364281370363,1.0,0.22498962224989622,1.0,0.22780082987551867,1.0
914,0.26801336090345157,1.0,0.3049272312817815,1.0,0.2545691906005222,1.0,0.2988543371522095,1.0,0.3496616177892362,1.0,0.4533823764592995,1.0,0.45737653350110097,1.0,0.43700412567438907,1.0,0.36904560094931343,1.0,0.3666080843585237,1.0,0.27827278958190543,1.0,0.32189925979418665,1.0,0.31411893469536667,1.0,0.3169651098393945,1.0,0.29436012741240397,1.0
915,0.29054654072818276,1.0,0.33748941737858845,1.0,0.23917796239615216,1.0,0.24310618066561016,1.0,0.26941747572815533,1.0,0.3073450251779823,1.0,0.3006677140612726,1.0,0.322293481382215,1.0,0.33008666941807674,1.0,0.3793611341250115,1.0,0.30900646873445015,1.0,0.3641247996983693,1.0,0.3653373653373653,1.0,0.42163317657118426,1.0,0.3182984965163183,1.0
916,0.4863764484810523,1.0,0.5543494205662315,1.0,0.2652317880794702,1.0,0.26073752711496745,1.0,0.2719336534264513,1.0,0.31321789816560947,1.0,0.31725735862009785,1.0,0.30213950252217775,1.0,0.29553966632618317,1.0,0.29820379671405467,1.0,0.2388500126464885,1.0,0.2625558534405719,1.0,0.27101475031100053,1.0,0.2757404795486601,1.0,0.2629972164855886,1.0
917,0.19586296056884292,1.0,0.21036397285626157,1.0,0.24430450083348768,1.0,0.2482132509175198,1.0,0.26612751551626856,1.0,0.22024056408129408,1.0,0.21708480199046237,1.0,0.22074688796680497,1.0,0.2162485065710872,1.0,0.2150757886112249,1.0,0.19936833793920253,1.0,0.2208013640238704,1.0,0.22063149637183763,1.0,0.2554300608166811,1.0,0.26026336173508907,1.0
918,0.23216114714919767,1.0,0.29423076923076924,1.0,0.3725633084350519,1.0,0.3675376692733168,1.0,0.35331984550303475,1.0,0.3466294375747906,1.0,0.3561670956246288,1.0,0.34831460674157305,1.0,0.3522727272727273,1.0,0.3529868114817688,1.0,0.2661710037174721,1.0,0.305019305019305,1.0,0.3175503815300333,1.0,0.32960223865680593,1.0,0.3044154833689944,1.0
919,0.31981424148606813,1.0,0.3233082706766917,1.0,0.279810298102981,1.0,0.16296809986130376,1.0,0.1757983193277311,1.0,0.17163724893487523,1.0,0.17604355716878403,1.0,0.1739456701185652,1.0,0.18468670554807837,1.0,0.1494139012712564,1.0,0.14800727633537292,1.0,0.15411195577055978,1.0,0.15255399382927665,1.0,0.15843097300050943,1.0,0.1543441226575809,1.0
920,0.3992329401548593,1.0,0.41844484629294754,1.0,0.3317793317793318,1.0,0.3087378640776699,1.0,0.314410480349345,1.0,0.2787602552415679,1.0,0.28783699617403685,1.0,0.29251456745853877,1.0,0.24958433401071495,1.0,0.2631191309151169,1.0,0.22993361496680748,1.0,0.26556776556776557,1.0,0.2820888685295465,1.0,0.3127673127673128,1.0,0.28468100890207715,1.0
921,0.2320645500789335,1.0,0.2898703119523309,1.0,0.2885466794995188,1.0,0.27726218097447797,1.0,0.25925925925925924,1.0,0.26325581395348835,1.0,0.2666904676901107,1.0,0.2718389681453977,1.0,0.2764087870105062,1.0,0.2825147347740668,1.0,0.21838235294117647,1.0,0.2576112412177986,1.0,0.27086614173228346,1.0,0.27987296546248513,1.0,0.2610491532424618,1.0
922,0.34670539117807225,1.0,0.3625538383582468,1.0,0.4203742937853107,1.0,0.4689092762487258,1.0,0.4219993081978554,1.0,0.44926590538336053,1.0,0.45496279879689727,1.0,0.41377165704131497,1.0,0.39617607825700313,1.0,0.40723411912902646,1.0,0.2910673059847274,1.0,0.3758125057218713,1.0,0.40312810776602476,1.0,0.44921804781592667,1.0,0.4419599109131403,1.0
923,0.3584262701363073,1.0,0.3740752653586362,1.0,0.18802913959440834,1.0,0.1713382507903056,1.0,0.20726991492652747,1.0,0.31665098777046097,1.0,0.3286255597657596,1.0,0.33541829554339325,1.0,0.37359700694815606,1.0,0.45747287364368217,1.0,0.20257478227943962,1.0,0.23929273084479372,1.0,0.24202927611790656,1.0,0.24497648567764002,1.0,0.24636441402908468,1.0
924,0.4735189622407667,1.0,0.4611280487804878,1.0,0.2218863991662324,1.0,0.21568627450980393,1.0,0.24377484829462231,1.0,0.3077660594439118,1.0,0.3002183406113537,1.0,0.23177164132795533,1.0,0.23556558301712646,1.0,0.24401493520755546,1.0,0.1994011415738748,1.0,0.21256857855361597,1.0,0.2391282910955527,1.0,0.2848132946240865,1.0,0.3624851602690938,1.0
925,0.4294654939106901,1.0,0.40611916264090175,1.0,0.18655605190385025,1.0,0.17854807063440156,1.0,0.190812324929972,1.0,0.30415008527572485,1.0,0.30134905744661844,1.0,0.2276347088633778,1.0,0.23329233292332924,1.0,0.19023374218930802,1.0,0.1789678675754625,1.0,0.2143002648197189,1.0,0.22608165752589884,1.0,0.28641230897182657,1.0,0.34093661687525234,1.0
926,0.4954083306001968,1.0,0.4766211865705964,1.0,0.2705173279758915,1.0,0.30203342914936654,1.0,0.3049308850835568,1.0,0.34692343823391264,1.0,0.31948300622307324,1.0,0.34539507308596545,1.0,0.34464092385420425,1.0,0.41635467980295565,1.0,0.33739979086789823,1.0,0.4012177985948478,1.0,0.42327150084317033,1.0,0.4611764705882353,1.0,0.41048791609667123,1.0
927,0.5894980926022889,1.0,0.5375161216903118,1.0,0.32840663302090844,1.0,0.3189466679342143,1.0,0.2998976458546571,1.0,0.3144180660104227,1.0,0.33076358296622616,1.0,0.3278127812781278,1.0,0.31348236115962275,1.0,0.3159654990318606,1.0,0.25772478022456263,1.0,0.2991806968578374,1.0,0.3009412819363514,1.0,0.31834340561677926,1.0,0.28365943000089344,1.0
928,0.5874072952928712,1.0,0.5312101910828025,1.0,0.38190443917316164,1.0,0.3711759504862953,1.0,0.3484848484848485,1.0,0.3643876784372652,1.0,0.3682672996165784,1.0,0.3700787401574803,1.0,0.3382404486505433,1.0,0.3383406113537118,1.0,0.266838931955211,1.0,0.3099539496989019,1.0,0.31925465838509315,1.0,0.3189038226566591,1.0,0.3013342574943684,1.0
929,0.29212924606462304,1.0,0.3127413127413127,1.0,0.47194719471947194,1.0,0.462875769648678,1.0,0.4175413627468422,1.0,0.4343039772727273,1.0,0.43868921775898523,1.0,0.4378341093291947,1.0,0.41977644024075667,1.0,0.4184295446396558,1.0,0.33144776383242003,1.0,0.38992910379930923,1.0,0.40571842200506697,1.0,0.4337766441974859,1.0,0.40533578656853725,1.0
930,0.6043875147232037,1.0,0.5519298497807805,1.0,0.36928339935181853,1.0,0.355877616747182,1.0,0.3373763761895876,1.0,0.38339472938509495,1.0,0.3789708341073751,1.0,0.3648244958924571,1.0,0.23404715552671426,1.0,0.2209877901220988,1.0,0.19136522753792298,1.0,0.20633579725448786,1.0,0.20881267636205775,1.0,0.23217900905700586,1.0,0.22001075847229692,1.0
931,0.23930613049477625,1.0,0.3089486219802654,1.0,0.4157188932269564,1.0,0.38166070419883263,1.0,0.34444230398767095,1.0,0.3682515627959841,1.0,0.3821001494768311,1.0,0.3795104261106074,1.0,0.37325591472397956,1.0,0.3720784454195397,1.0,0.3056522903830699,1.0,0.3746541228555617,1.0,0.4002892786114627,1.0,0.42826456636534505,1.0,0.39557650471356054,1.0
932,0.4264044007334556,1.0,0.48860835138567266,1.0,0.41630683261366525,1.0,0.38773304512293977,1.0,0.346157224418094,1.0,0.36761833906816704,1.0,0.37988978227482156,1.0,0.36972972972972973,1.0,0.3369113573407202,1.0,0.3139432399083377,1.0,0.2781604915285794,1.0,0.3486072820610324,1.0,0.3900905897578111,1.0,0.22050355650897596,1.0,0.20321145709015948,1.0
933,0.2887516541685046,1.0,0.3372044794691,1.0,0.3333333333333333,1.0,0.3136143460785324,1.0,0.2992157651317112,1.0,0.29490912742243197,1.0,0.28500823723228996,1.0,0.2646061814556331,1.0,0.23084587027996414,1.0,0.188253684680661,1.0,0.19073010664479081,1.0,0.2019616584930896,1.0,0.1841089670828604,1.0,0.22535693889206168,1.0,0.1908688896856699,1.0
934,0.20444290177021868,1.0,0.22066666666666668,1.0,0.2431128091695154,1.0,0.24571883711668657,1.0,0.23731778425655978,1.0,0.3002676181980375,1.0,0.30058436815193573,1.0,0.3201777777777778,1.0,0.26624346527259146,1.0,0.26713395638629284,1.0,0.23422377080913667,1.0,0.2617421891164908,1.0,0.28118650954896385,1.0,0.2823504896853511,1.0,0.30734509643003693,1.0
935,0.5391663537363875,1.0,0.2730072083420813,1.0,0.20023305496212856,1.0,0.17434951854128253,1.0,0.18782523318605793,1.0,0.22835306962291088,1.0,0.2406576980568012,1.0,0.19481046016622744,1.0,0.20756678099989606,1.0,0.19697787371829464,1.0,0.20270953391972502,1.0,0.2498946481247366,1.0,0.2900179431485504,1.0,0.2184376912094636,1.0,0.21802679658952498,1.0
936,0.3208711094494813,1.0,0.2699017292603032,1.0,0.17931173274300663,1.0,0.1660849928146171,1.0,0.16702991876362194,1.0,0.23073085557495635,1.0,0.24279699496408816,1.0,0.17311608961303462,1.0,0.18518518518518517,1.0,0.17779799818016379,1.0,0.198582995951417,1.0,0.22921967769296014,1.0,0.26838060905037475,1.0,0.2077374215454265,1.0,0.21808510638297873,1.0
937,0.39031387107661153,1.0,0.3083565649010675,0.875,0.2317711113483506,1.0,0.24548223350253806,1.0,0.2722944515656473,1.0,0.35493318689364817,1.0,0.35115581436386095,1.0,0.35142067876874505,1.0,0.3598983389307434,1.0,0.3639441020744727,1.0,0.28778063714615315,1.0,0.3293492695883134,1.0,0.3344245524296675,1.0,0.3800533755065731,1.0,0.3690328727965698,1.0
938,0.32008676789587853,1.0,0.39023375759088264,1.0,0.3990401706363313,1.0,0.408592486068668,1.0,0.3696192844844079,1.0,0.43219652659047963,1.0,0.4260869565217391,1.0,0.3989618431836809,1.0,0.38989042064333684,1.0,0.38234207609900256,1.0,0.31285714285714283,1.0,0.34941342092914124,1.0,0.35199845530025103,1.0,0.37930387465991183,1.0,0.3181501740427648,1.0
939,0.2288739564243535,1.0,0.26125783773513206,1.0,0.4757232278802233,1.0,0.4983603800554948,1.0,0.4643817204301075,1.0,0.4439211582068725,1.0,0.44502888678106406,1.0,0.40562393315964423,1.0,0.38097835970176397,1.0,0.39992628086988574,1.0,0.32719725681284967,1.0,0.3764759725400458,1.0,0.39474644290404964,1.0,0.4191407301103238,1.0,0.3774347666299155,1.0
940,0.29286893623712557,1.0,0.12015292190060077,0.0,0.2846251588310038,1.0,0.17620137299771166,1.0,0.18177194588546436,1.0,0.24344647519582246,1.0,0.23797733549185793,1.0,0.24694746805489826,1.0,0.17127536536641783,1.0,0.1544434857635893,1.0,0.14473020675743822,1.0,0.16192513368983957,1.0,0.16158940397350993,1.0,0.16855681565488104,1.0,0.16048298572996708,1.0
941,0.34567039106145253,1.0,0.3673202614379085,1.0,0.4748735244519393,1.0,0.4742215416028586,1.0,0.4242533285354444,1.0,0.4281562216167121,1.0,0.4274396831112712,1.0,0.42521785523741773,1.0,0.40878552971576226,1.0,0.396459120747961,1.0,0.3225747960108794,1.0,0.36173539183115105,1.0,0.38631517735995347,1.0,0.4169230769230769,1.0,0.3700787401574803,1.0
942,0.26996805111821087,1.0,0.33006856023506365,1.0,0.488031914893617,1.0,0.48261758691206547,1.0,0.4421364985163205,1.0,0.4482635796972395,1.0,0.47097671185262424,1.0,0.45693531649948116,1.0,0.433891356337547,1.0,0.4475574712643678,1.0,0.3389592123769339,1.0,0.38202876891462734,1.0,0.39711465451784356,1.0,0.40895410082769,1.0,0.37875904073087174,1.0
943,0.2752503073950465,1.0,0.3179782469609725,1.0,0.26109857035364936,1.0,0.2710170487948266,1.0,0.2608950556966973,1.0,0.34407325758860435,1.0,0.2861900097943193,1.0,0.2547923322683706,1.0,0.2607484076433121,1.0,0.2763509348674748,1.0,0.2313927781871776,1.0,0.2461599054745963,1.0,0.2305863708399366,1.0,0.27358676383691155,1.0,0.2621234778893399,1.0
944,0.25411334552102377,1.0,0.3283348953452046,1.0,0.2533744697261859,1.0,0.26913189638125373,1.0,0.2916209293816319,1.0,0.3768016472203157,1.0,0.37987751531058617,1.0,0.2623179732694993,1.0,0.2413252303469908,1.0,0.2564805057955743,1.0,0.2197423335147886,1.0,0.24184298991496936,1.0,0.23523523523523523,1.0,0.2471057884231537,1.0,0.2706284737067123,1.0
945,0.28697435897435897,1.0,0.43520309477756286,1.0,0.24546952224052718,1.0,0.2572310065561126,1.0,0.24271844660194175,1.0,0.27048721299234646,1.0,0.2925835370823146,1.0,0.2962369895916733,1.0,0.29728783902012246,1.0,0.3183920313055852,1.0,0.31293612453032743,1.0,0.3819198508853681,1.0,0.4103964757709251,1.0,0.4211136890951276,1.0,0.39966018501038325,1.0
946,0.5126705653021443,1.0,0.5123461233892448,1.0,0.49595967677414193,1.0,0.5896841495218778,1.0,0.5821335767961233,1.0,0.5520495206461841,1.0,0.5461902580546648,1.0,0.5353846153846153,1.0,0.5100045822514129,1.0,0.4951409909192289,1.0,0.3363390441839495,1.0,0.3383736559139785,1.0,0.3128524534971804,1.0,0.2961416402204777,1.0,0.2843078503552778,1.0
947,0.17418439716312056,1.0,0.22184684684684686,1.0,0.2964215773544597,1.0,0.33054240990171097,1.0,0.31547511312217197,1.0,0.3584299732381802,1.0,0.33476856835306784,1.0,0.2839460557916128,1.0,0.28440036068530206,1.0,0.27530288909599254,1.0,0.24645892351274787,1.0,0.2548435171385991,1.0,0.24699599465954605,1.0,0.26095095469861473,1.0,0.23836442434520444,1.0
948,0.4232756001215436,1.0,0.5410885805763074,1.0,0.1972802719728027,1.0,0.18764944380912776,1.0,0.17362100549562384,1.0,0.23502384048547897,1.0,0.24505692031156381,1.0,0.2713627835579055,1.0,0.30572390572390573,1.0,0.1782790976242763,1.0,0.16861167002012073,1.0,0.19773519163763068,1.0,0.20429268292682926,1.0,0.19749757307733792,1.0,0.16944889092156415,1.0
949,0.4044971583889301,1.0,0.36056199967325603,1.0,0.40565699964196206,1.0,0.3929148067242853,1.0,0.3709038530788621,1.0,0.3944409462984618,1.0,0.3882751247327156,1.0,0.35956804246362223,1.0,0.35426246904846126,1.0,0.31822824774816605,1.0,0.2679150162045373,1.0,0.2998930689219403,1.0,0.29780564263322884,1.0,0.3316499951442168,1.0,0.29381145170618855,1.0
950,0.47925514537732766,1.0,0.4595712098009188,1.0,0.3855104081447141,1.0,0.4143329274656462,1.0,0.3892194911599828,1.0,0.2091841918114396,1.0,0.20905707196029777,1.0,0.2358844399391789,1.0,0.22149011657374557,1.0,0.2071831120450855,1.0,0.2016949152542373,1.0,0.23866643146939495,1.0,0.26932820826417403,1.0,0.3107884899591411,1.0,0.3440250342264815,1.0
951,0.24275586757519443,1.0,0.2612676056338028,1.0,0.24168435951875442,1.0,0.18126483028989993,1.0,0.1922131550486678,1.0,0.21691009706976322,1.0,0.21986455981941308,1.0,0.22421881915552802,1.0,0.1856971153846154,1.0,0.16637223319131247,1.0,0.16172106824925817,1.0,0.1690468955737871,1.0,0.1782977006857604,1.0,0.20072661217075385,1.0,0.18331922099915327,1.0
952,0.4548296342607065,1.0,0.4567638388470357,1.0,0.4134073367444281,1.0,0.3834445175232547,1.0,0.36702982675477763,1.0,0.3769385148695494,1.0,0.3681323704177713,1.0,0.35393466963622866,1.0,0.3440186246418338,1.0,0.3390894819466248,1.0,0.27920330163287277,1.0,0.32248296744890237,1.0,0.3374419266142031,1.0,0.36212873606296264,1.0,0.330958112662494,1.0
953,0.3926492599368036,1.0,0.5092522942680908,1.0,0.2509448223733938,1.0,0.25218150087260033,1.0,0.2756111214778877,1.0,0.42110912343470486,1.0,0.43795490857447184,1.0,0.4494905888447591,1.0,0.43603573234451376,1.0,0.3749753694581281,1.0,0.29566787003610107,1.0,0.3647738209817132,1.0,0.38695569499904925,1.0,0.42132736763609246,1.0,0.34348974202721916,1.0
954,0.37779887649339344,1.0,0.437836993045245,1.0,0.34148635936030103,1.0,0.3541901377935696,1.0,0.3641007879470084,1.0,0.44206955046649704,1.0,0.44321165410349794,1.0,0.43815301651499833,1.0,0.42516839165434533,1.0,0.4099145299145299,1.0,0.2499572868614386,1.0,0.2772802047157741,1.0,0.29238329238329236,1.0,0.30178911997093816,1.0,0.25925925925925924,1.0
955,0.22573791638212307,1.0,0.2741184298070526,1.0,0.3648704236939531,1.0,0.3527882599580713,1.0,0.3490313961255845,1.0,0.3931888544891641,1.0,0.4073887065555836,1.0,0.40956375838926173,1.0,0.37425125133338805,1.0,0.3050833121881079,1.0,0.23782521681120747,1.0,0.26961735143713633,1.0,0.27827459231983165,1.0,0.3041655750589468,1.0,0.2944662309368192,1.0
956,0.49778534923339013,1.0,0.4825,1.0,0.26341372219106374,1.0,0.27590007347538575,1.0,0.30015881418740076,1.0,0.39769736842105263,1.0,0.4109279017135467,1.0,0.4120102761721259,1.0,0.398156974896727,1.0,0.4007832898172324,1.0,0.3127809890815671,1.0,0.3728670383510728,1.0,0.39498907011938794,1.0,0.41081081081081083,1.0,0.37636647579385735,1.0
957,0.5030492572322127,1.0,0.5417710328569324,1.0,0.3819426164780205,1.0,0.39138925876608965,1.0,0.3854816354816355,1.0,0.41662283008942663,1.0,0.4212364652462452,1.0,0.41252285987982235,1.0,0.3944263976748162,1.0,0.4076827757125155,1.0,0.30833191922620057,1.0,0.3549090909090909,1.0,0.3669314343102346,1.0,0.37926663648709824,1.0,0.34975011358473423,1.0
958,0.6292899819369182,1.0,0.5844432605221097,1.0,0.20909090909090908,1.0,0.17759285569311956,1.0,0.19089456869009586,1.0,0.2568132086731649,1.0,0.2574276404063638,1.0,0.24312561819980216,1.0,0.2453121979508989,1.0,0.23856273316316512,1.0,0.22860492379835873,1.0,0.2855075459995865,1.0,0.28371134020618555,1.0,0.31370239497447977,1.0,0.3119373776908024,1.0
959,0.5169773635153129,1.0,0.5069654754694125,1.0,0.2788443261737312,1.0,0.24497991967871485,1.0,0.25273459988485897,1.0,0.27679938744257276,1.0,0.2887402452619844,1.0,0.25885129819040126,1.0,0.24885844748858446,1.0,0.22224413330704004,1.0,0.20222841225626742,1.0,0.23536165327210104,1.0,0.2491441612780525,1.0,0.24508670520231213,1.0,0.24353954581049334,1.0
960,0.23836363636363636,1.0,0.24800260883743683,1.0,0.3422959406372763,1.0,0.32647141386731543,1.0,0.2969419834238354,1.0,0.3326623970722781,1.0,0.32733209778483807,1.0,0.3150874761822276,1.0,0.30122214234363764,1.0,0.30923258131738696,1.0,0.23103108483382603,1.0,0.2682053322721846,1.0,0.29409437135226035,1.0,0.3319074470153607,1.0,0.31321975825640047,1.0
961,0.4239036973344798,1.0,0.2079145728643216,1.0,0.24302655754133956,1.0,0.2719316524275891,1.0,0.3167283742847526,1.0,0.2952836637047163,1.0,0.29762489762489763,1.0,0.30974414806750133,1.0,0.2886714339480617,1.0,0.2850176559609887,1.0,0.24201992906603614,1.0,0.2833420730641496,1.0,0.259027913332032,1.0,0.20719628057408532,1.0,0.19313304721030042,1.0
962,0.3899965022735222,1.0,0.2891456369717239,1.0,0.27195192866834655,1.0,0.23688001646429308,1.0,0.2515618492294877,1.0,0.3182852807283763,1.0,0.3149835946044477,1.0,0.23751522533495736,1.0,0.23612533278722098,1.0,0.22327302631578946,1.0,0.20238095238095238,1.0,0.23811581676750215,1.0,0.2596593269630245,1.0,0.2859157767479347,1.0,0.29576847182635385,1.0
963,0.6147597411537932,1.0,0.5380355965721819,1.0,0.3112761647535449,1.0,0.17751479289940827,1.0,0.190802743041549,1.0,0.2177121771217712,1.0,0.21145685997171146,1.0,0.20482758620689656,1.0,0.17544623421854594,1.0,0.15031503150315031,1.0,0.14900462497486427,1.0,0.15609969392216877,1.0,0.15456570155902005,1.0,0.1688888888888889,1.0,0.1499330655957162,1.0
964,0.36807028173280826,1.0,0.48130309719713693,1.0,0.38642409679910755,1.0,0.35671360660148893,1.0,0.34782194261748167,1.0,0.3639306798705009,1.0,0.3509796533534288,1.0,0.32443626323055685,1.0,0.2695564516129032,1.0,0.25910064239828695,1.0,0.21127293361074334,1.0,0.23059640522875818,1.0,0.2327096040525173,1.0,0.24618556701030928,1.0,0.21999376493816897,1.0
965,0.19773526636355837,1.0,0.22671252507881914,1.0,0.4709003482009617,1.0,0.47045414694020693,1.0,0.44112415510494485,1.0,0.43733778272154245,1.0,0.4442423139894488,1.0,0.42314582586886423,1.0,0.3968899098780703,1.0,0.40419847328244274,1.0,0.29024034959941736,1.0,0.34105431309904155,1.0,0.33649289099526064,1.0,0.36036847902272956,1.0,0.32221646815121696,1.0
966,0.23996723996723995,1.0,0.2929985966006549,1.0,0.38918872612010624,1.0,0.38251846640872317,1.0,0.36072411039133906,1.0,0.38458705459902404,1.0,0.39168173598553346,1.0,0.37363025804171085,1.0,0.35013517048923,1.0,0.3515811852245549,1.0,0.20357275772236696,1.0,0.23252160251374707,1.0,0.2343596783683075,1.0,0.25842923480718755,1.0,0.24860533522669642,1.0
