farm_id,s1_vv_db_20250507,s1_vh_db_20250507,s1_vv_db_20250519,s1_vh_db_20250519,s1_vv_db_20250531,s1_vh_db_20250531,s1_vv_db_20250612,s1_vh_db_20250612,s1_vv_db_20250624,s1_vh_db_20250624,s1_vv_db_20250706,s1_vh_db_20250706,s1_vv_db_20250718,s1_vh_db_20250718,s1_vv_db_20250730,s1_vh_db_20250730,s1_vv_db_20250823,s1_vh_db_20250823,s1_vv_db_20250904,s1_vh_db_20250904,s1_vv_db_20250916,s1_vh_db_20250916,s1_vv_db_20250928,s1_vh_db_20250928,s1_vv_db_20251010,s1_vh_db_20251010,s1_vv_db_20251022,s1_vh_db_20251022,s1_vv_db_20251103,s1_vh_db_20251103,s1_vv_db_20251115,s1_vh_db_20251115,s1_vv_db_20251127,s1_vh_db_20251127,s1_vv_db_20251209,s1_vh_db_20251209
1,-7.990875871515183,-14.912972635850483,-11.30550703398644,-19.498313779048964,-9.329707048338962,-17.54954194672555,-10.296170191673376,-18.160099467306495,-6.2483068594930335,-15.482445455508802,-6.439249716016531,-13.23769831539395,-7.236932070254543,-14.802336263168653,-4.047320554251169,-13.790863366324233,-8.16221339456744,-17.073833535709177,-9.335598056772895,-16.420729512742838,-10.254090764707628,-17.910019525037676,-6.933299864489796,-20.009626181285686,-6.399388612769239,-18.353249255834704,-9.192419652901243,-18.213727918087454,-6.419074246067539,-13.83387256822357,-9.843947789671592,-15.679695736199772,-6.04201450074489,-15.431980977035966,-7.735091285014666,-15.027717312835353
2,-6.00179840298334,-14.91272918081721,-11.416663373834286,-16.797562483950472,-10.05723558451157,-15.347498851299164,-9.904800192870876,-15.733217677756713,-7.873379067095353,-17.66082778602306,-7.72564696897661,-16.13098271461046,-9.989955024060105,-15.864103062030548,-7.497564286556004,-15.747231150180776,-8.367243710330232,-14.86793137858265,-9.699875184184085,-15.197418114365417,-9.639948142711805,-16.051036519599403,-9.860858693966069,-18.540472799500694,-8.90494435573698,-17.958114447608587,-11.314212053250948,-18.923995732418053,-4.649625014038524,-14.583528092515953,-8.142638218777012,-16.540403302027336,-8.669719262413004,-16.11272393751696,-11.671554134209876,-17.861883131780797
3,-4.5761794881870355,-12.302401057981962,-8.716277362329588,-15.24620688772746,-7.698220476137311,-15.993528078358803,-7.779083332195,-18.31056910443963,-8.8028670027536,-17.700669155150063,-10.480720833565911,-17.895429613854294,-9.276863833251994,-16.356707102773566,-4.778761498819729,-11.5851840537985,-8.22228763682476,-17.64281268315671,-10.438759062045808,-17.145023846166623,-11.044155494953976,-17.380734305474963,-10.414498208664014,-17.666310682221567,-6.493772745541747,-15.85837533964908,-7.306982727575403,-16.47790087488561,-5.462987888110731,-12.86923481553212,-6.6374449385380165,-13.031318305077823,-4.433367742370246,-12.305760748792999,-5.272911984693974,-13.636624365976829
4,-9.021774305911844,-13.414610083490953,-11.641056653173987,-20.00465296249991,-9.003654458291088,-15.306327457461833,-9.968136131768807,-17.592647649186222,-7.717552140253488,-14.223275746773362,-9.237152800969277,-14.764999887160675,-8.36537849194181,-13.965658297128762,-6.762883250268499,-14.07491574129754,-7.7081143501739655,-17.51234796260907,-8.927585634574198,-15.923274775378765,-10.002058843065345,-16.849505856438192,-10.981304189103149,-17.45076350243722,-11.256901483865498,-14.567214997182255,-10.613327264008277,-15.62540928932454,-6.85875896040931,-14.010877257610488,-8.246736153354885,-16.021315007308797,-8.019296965782726,-13.061674281579936,-8.257603409045695,-15.012990268345611
5,-6.541822388345193,-13.099808107755223,-7.988333209493871,-14.99348355126649,-8.16944118774764,-14.733524404933318,-8.304497636273032,-14.960242922997995,-8.904426630513738,-14.799840409505439,-6.381914106458346,-14.455331386767565,-9.468015144454307,-12.025486512180475,-5.723036426501547,-12.694158396579741,-7.509360283453212,-14.014647847991688,-9.49124787532538,-13.046541553254922,-9.25486078565026,-15.163596610330996,-9.38426204842319,-15.014622260372164,-6.510147610227488,-15.157432304625063,-6.893396852286862,-14.80217152291784,-6.875357123276454,-12.68272404431287,-5.422082618162236,-13.534872618380744,-6.087041267210434,-13.619294843634325,-7.339540494113635,-13.18290333972543
6,-6.704445438147983,-14.783335607367478,-9.764522464263013,-16.972482328896625,-9.657956224062689,-17.159372488443907,-9.23073775073501,-17.65937998328075,-7.939237796499601,-15.544758263259999,-8.360599930380229,-14.54730151782669,-8.154751761575854,-12.236238180915995,-4.993246217174846,-12.594181022724973,-6.495787459500935,-14.505249155789867,-8.183304248022786,-14.500627879261538,-10.181519757048038,-16.084355274621732,-10.343929785332467,-17.341175456157107,-9.926941582296111,-15.901694990333601,-6.908971431725545,-16.35456189487354,-7.55152863574024,-15.983791756322143,-8.547747024743739,-15.932710851275607,-7.591554261588693,-14.764048951330293,-6.267117277499176,-12.064446961297442
7,-7.550112161606445,-15.179278088848658,-9.51557660740043,-16.834005615521658,-10.431191307624527,-14.231147368164569,-8.227323773326983,-18.27709294066222,-7.254345324761732,-15.085242029693713,-7.391827111273297,-15.091411756653226,-7.186936969227144,-13.149164875858999,-6.812252504958031,-13.533262204686526,-8.629092450243208,-17.0115599470068,-11.390190595422585,-18.45532289501824,-9.876982594790256,-16.84656108830295,-11.27201710387115,-17.42718209007022,-9.352922453002115,-16.5090720570971,-9.510547044796882,-17.967198270135135,-7.468798637311156,-13.860333616723848,-9.005970628991129,-15.500586610175775,-7.617914655667562,-16.68798304968645,-7.3027263456860245,-14.756537713807871
8,-7.6992542081914115,-12.96728454189602,-10.144325009935155,-15.472352340580235,-9.017446822688251,-14.047657952091697,-9.70101451058284,-16.16329751066477,-7.143865218051784,-13.920194050253968,-7.561563215129768,-12.971501580596067,-8.633713126193651,-14.329397355241554,-5.451374116440175,-13.410549836014699,-3.4466581128411145,-16.77024340393552,-6.477361902993821,-16.51358772784567,-8.83244417043491,-17.384339033630813,-9.445662400955639,-18.126397327186247,-8.500179825190678,-15.807261074478316,-8.152843204594944,-16.051644272880917,-5.393972745879854,-13.363246427261197,-5.809740216122466,-13.720435763439099,-6.397787974881746,-12.488966089999016,-5.897899007422268,-11.920239418712491
9,-7.915625650150039,-14.573958429107465,-11.508022877053595,-16.751023356180816,-10.105785209934002,-15.560212146394827,-10.559188217799322,-16.233646608759173,-9.045998579008067,-13.669238717209332,-9.214498554057508,-13.57519578398892,-9.236028736631004,-13.991761118273988,-8.280540419254638,-12.734451090470158,-7.0471828467853515,-12.920973278145965,-8.067547534529925,-12.32288872053579,-6.87685253088147,-14.018722508858147,-9.155428471990463,-12.614703282411103,-8.440522515739833,-12.736296984651041,-7.8707151925295555,-14.888239174994784,-8.282943908910863,-12.933098307830779,-7.685833706283893,-13.448659181192692,-8.068192270856203,-15.706369366652837,-7.552961780875092,-14.45617632636232
10,-8.176934502773967,-14.399603354403169,-11.880655044835365,-18.616737721259355,-10.880487048454125,-17.034566190581373,-11.779312040443896,-17.23494636857248,-7.299210892804579,-12.54797800798796,-7.490893429172276,-11.988314273755137,-8.104397588537,-11.710268612036103,-5.662884867393149,-14.985635572445197,-6.154201359357946,-14.835976582748875,-6.84309952706041,-13.658955318893163,-9.128283403412679,-16.59021133408986,-10.650370390782935,-17.286303443368475,-7.873393740969451,-17.257274580654894,-8.931082152578423,-15.041546523395308,-5.04247413709664,-13.394408737715702,-7.867364179915003,-15.020160127976931,-8.26942604455265,-14.723784702475719,-5.52908905685049,-15.028307419183449
11,-8.11207647836904,-15.166820407277449,-8.778712382127193,-17.036450560647012,-10.385873971799839,-16.264148230962373,-10.305506985856784,-16.20504038627906,-7.760033756392966,-13.507573022690897,-8.09074621481938,-12.821018705766374,-7.20247164415691,-12.259920143101528,-6.011666540872806,-13.851208788870004,-7.119391746552855,-12.231909424079554,-6.3524121229032415,-13.945395725817583,-8.356312381112179,-14.866708438316692,-9.176799997193761,-15.671464148521983,-8.477821955047235,-15.630707816921474,-10.111237870642547,-15.802574873980461,-6.4985072752111765,-13.680586617012278,-11.451419041040205,-14.078204011815245,-9.349783373232563,-16.350229622507896,-8.99842648567069,-15.901744577235311
12,-7.081830347324263,-12.219262219040278,-10.693019045089562,-19.006776007381884,-8.589032726245515,-16.982794080583687,-10.201417877074661,-18.13145010465589,-6.709340808560489,-12.499477851979856,-8.110700497051779,-13.929558099063378,-7.317199953224193,-13.448126598986153,-8.306596943293652,-13.006669446677934,-7.076770180417615,-11.39622777065032,-7.570863216139884,-11.664178139922152,-8.179773899248202,-15.949742723556238,-11.735025719352745,-18.53205249215892,-8.009774894530441,-16.08936186994797,-8.173389778030408,-16.48568537118606,-6.544316387743375,-13.045628863768107,-7.93676803696736,-14.216462434294908,-8.254027320753172,-15.399066561097712,-5.830607539286902,-13.690192732260893
13,-3.886501322169609,-11.097307573601725,-9.501119016462908,-17.10803852667381,-8.141598008257994,-16.886639363881876,-9.010232712319352,-17.80491457084217,-9.896489616193463,-15.82054567110532,-9.405866428675308,-16.406715604993092,-11.801739621771857,-18.304013531215062,-4.247919470004065,-13.777305368131765,-11.32002496194071,-16.599430533856946,-11.898896274955924,-17.31335199325199,-9.236753652213599,-16.288212563959398,-11.024158976003964,-17.691273077302093,-8.071290164632805,-16.811630687864533,-8.569361819374702,-17.084184645146042,-6.146952201856203,-13.773095299267537,-6.660180138288489,-14.48153791818208,-6.188154011709669,-13.98135056317763,-3.933894548729944,-14.144604034436906
14,-4.002129356754748,-9.767549413626437,-2.353566565615183,-9.85612606475462,-3.3404175814488744,-11.119893114792085,-2.836798341158468,-8.6414413659156,-3.2461387312626955,-10.604696952549286,-2.6215652087297245,-11.214287182432777,-1.765884052415346,-12.016672886141894,-2.5322078628824944,-10.566884830167218,-6.243119912427545,-11.823885458935266,-4.633985018664775,-13.238311761055714,-5.816110650668175,-11.499369745765515,-5.391963443708066,-13.068331675708457,-7.426120202447793,-14.198913040053633,-9.535357152113516,-17.65508189773898,-7.294947884725454,-14.4292854093736,-9.807376015251174,-19.337058169945486,-10.327398899034662,-18.4369614461042,-10.652495951647438,-18.852236734251456
15,,,,,,,,,,,,,,,,,,,,,,,,,,,,,,,,,,,,
16,,,,,,,,,,,,,,,,,,,,,,,,,,,,,,,,,,,,
17,,,,,,,,,,,,,,,,,,,,,,,,,,,,,,,,,,,,
18,,,,,,,,,,,,,,,,,,,,,,,,,,,,,,,,,,,,
19,,,,,,,,,,,,,,,,,,,,,,,,,,,,,,,,,,,,
20,-4.291800469855318,-12.53530937985005,-9.615503823339495,-17.91207675828543,-9.468090290997575,-17.52848313112599,-10.316139329724908,-17.057779592432546,-7.285041526219672,-15.034638855149804,-9.24188498576583,-14.774547066061503,-8.371413971739866,-15.483148451195945,-6.582026381821043,-14.34582219980442,-9.175569805084443,-16.495381330501594,-11.339273741684316,-16.56299850722862,-10.166087361872108,-16.687454264348556,-10.87782513046243,-20.075716520601826,-7.216876948717132,-15.201271560882695,-5.880906010743438,-12.655323863147778,-4.938596278222885,-11.177780713819779,-5.549007983181392,-13.709472742660163,-6.053845996809222,-13.228468225240352,-6.799945637017823,-15.285190225165072
21,-4.344994937685225,-11.758458097265052,-9.72850630249981,-17.107672570269273,-9.424798277498748,-18.623478525689947,-8.672092169464596,-18.139367859191264,-6.902999288284519,-15.915346131200938,-8.263689785593627,-16.595862849792887,-9.735244070090982,-16.32953850653362,-7.514513323670327,-15.777822692433041,-10.540594289607,-18.59800861850043,-13.746622175354117,-19.75996234014717,-9.958795621607106,-18.035646838729097,-9.634241885826878,-17.97887403949511,-7.980101975749472,-15.549306167743662,-9.756230285070668,-15.272032170312176,-5.591886687238054,-12.338866077801892,-8.10642117350949,-15.368087543488095,-6.267719112513106,-12.850627330389159,-6.770461173021084,-13.445869934026419
22,-6.781461111909582,-15.628679458966037,-10.616195419794142,-19.45920707169378,-8.807865759359801,-18.552575124130506,-8.923186556418957,-17.744277164407364,-7.144618796248659,-18.363206245934872,-9.942918595146718,-16.78813235311498,-11.273886696061162,-17.8389867002659,-7.30890866382202,-15.207001940671317,-9.115335466005005,-17.646289332257428,-9.637422678424972,-16.57287837144964,-9.753927526266194,-15.771638752447132,-10.469554872850004,-17.15633084630776,-9.796945867927704,-17.582618662540504,-8.22574885592406,-16.13166931265656,-5.799423001249777,-11.793276947560663,-9.998208348745376,-17.894990667587894,-6.6681646082075705,-17.921188497489272,-9.864384620647785,-20.267196432778437
23,,,,,,,,,,,,,,,,,,,,,,,,,,,,,,,,,,,,
24,-8.926231480777718,-14.093431964504619,-10.666096845733446,-15.241201688651243,-8.647630082773324,-12.838734887316114,-9.284845518186845,-16.851463615120835,-9.438030477910871,-14.546591678898267,-10.063419626437959,-16.20788908151694,-9.486012682534206,-15.471069557404943,-6.010253717856476,-12.854298939904838,-8.947431228875221,-17.399185047997527,-9.36579481246569,-14.680224697899042,-10.46659060393075,-17.39950729364536,-10.380657374322052,-17.946633430616977,-9.41414765385041,-14.816009956937119,-9.297422420547573,-16.954289305614285,-8.99211467453309,-15.998299812564179,-10.539325036379338,-20.066725159435215,-10.137707291437454,-18.622573904245783,-10.23537957741697,-18.579108859582703
25,-2.2505660465051025,-13.924051019525463,-7.99396801364149,-19.022821517395077,-6.842506433710188,-12.368025991515857,-9.590940990271799,-17.835015285460564,-11.384542319365842,-17.392638640073493,-9.46257312624234,-17.249125743710835,-9.471531104933824,-14.664158925071133,-6.367272078372102,-12.310508181640538,-7.605095849798168,-18.670799168695808,-12.280728562023338,-18.950156012771803,-9.653070107933754,-19.561416315592144,-8.579840792094249,-16.152568886708334,-8.198495479499933,-14.190500084646034,-7.599731863990472,-15.505717541167542,-5.138443628592264,-11.371303871393314,-5.919990194244493,-12.177927676202337,-5.962151013557757,-13.948457223056534,-5.283551184964608,-12.551735284397997
26,-3.9806037245225196,-12.853311072520846,-9.521751914678534,-17.828877886893654,-10.093329898296696,-18.100307723728136,-8.445298492166238,-17.772864221615347,-6.482017248065751,-17.82832884578869,-8.25149136944265,-17.268001244331206,-8.098494754251176,-12.49715454403985,-4.057932615680714,-13.114079402675262,-4.973716744611512,-17.034817937611322,-7.4688506667786845,-17.834602547309263,-8.157775059914412,-16.4329449834638,-9.92437020197393,-17.752490661118443,-4.901709178491529,-14.666017983056234,-9.706473983650652,-16.745436536985064,-6.415939687857129,-12.871436150446623,-8.851027189355067,-14.507621705494056,-6.3088308405672135,-12.778851510758006,-5.069381920083941,-13.49035089694764
27,-4.524220687295692,-11.935040284365229,-10.48726508930455,-18.673549580146165,-8.635395214670291,-18.10227879254334,-9.540785236719792,-18.707459035089716,-9.86972912563815,-17.47796335433305,-9.83097096782104,-18.148721190104933,-8.045924864377408,-13.39272023573519,-5.5189566453998316,-13.54399294512634,-7.9601469541360785,-16.5157070688335,-11.202773430644871,-17.64128252298079,-9.484666721291005,-16.842562501964583,-9.31992200963667,-15.752175229100589,-8.032820691126206,-15.237278623174817,-9.979396413253006,-15.16649903625834,-8.154901554173367,-12.905329796334291,-6.520749640222895,-14.124904231299979,-7.1360062961868485,-13.325336417254746,-7.837789510418841,-14.11363951553801
28,-4.776751986951848,-12.30026721053073,-10.003027221576701,-17.061100599477136,-8.981788434954632,-13.936059973384952,-10.79154286648405,-16.395770720998563,-8.394667865415366,-15.428982060370608,-7.068401104076518,-14.204645975972799,-9.00218573300555,-13.400738286789922,-8.164254563779323,-13.861373053710466,-6.937081285498903,-13.979823884967011,-8.768435988541524,-14.626658449343683,-10.281900921878762,-16.356351912474672,-8.731811655212486,-13.593472365746608,-8.811336814871442,-13.678688585326013,-9.977109542944726,-16.472505905212195,-5.4898372593661335,-12.307152385831571,-8.693091586845188,-16.134567929320305,-7.83747660872518,-14.085797635306129,-7.710331162456413,-15.89034929279011
29,-5.590798617657711,-12.652226144593296,-10.03527622331384,-18.7273744063413,-9.426028278329719,-15.278067690274861,-10.525235033939097,-18.250553124699,-10.010862641769222,-16.550434537254894,-7.833194422731626,-12.515456700152631,-6.044733026100408,-11.680229080544782,-7.079102165400158,-10.906115889876622,-7.4541889543755655,-14.329038528409814,-6.1336334462787265,-15.494312131944989,-9.801871610426797,-16.998790364175022,-9.454318132114437,-14.937293017205015,-7.133611787924371,-15.376401199695248,-8.589676708404332,-18.508432464375694,-6.627105755346021,-13.77462430556186,-10.298243608884047,-16.845867663148844,-8.53533589066735,-16.051053137995112,-10.511962695103117,-16.290201462696942
30,-3.994794803786867,-11.12916007228681,-6.341960018503442,-11.996448109207225,-5.787021328960468,-12.481455330557427,-5.738807119136703,-11.197720393483676,-2.7921664741212937,-11.267098629833814,-3.675375737348985,-11.532685550932264,-2.5346130796216477,-10.381825616203155,-1.6354812134493077,-8.889597492396414,-1.625455125068801,-8.289389113349623,-3.6810493974425302,-10.057435915998077,-3.4726508311649114,-9.652676546635215,-3.3163190977574915,-11.101382450833823,-0.8875918426015234,-8.424089705926512,-2.573727805574193,-11.137539390696682,-2.0876701692522257,-10.455778187110507,-2.3947993456371197,-9.87508980498452,-3.497214650238896,-11.432191402187788,-2.2882041048935604,-11.673248352722663
31,-6.451026773997358,-13.517294281406622,-10.068011840100656,-18.284498890767804,-12.157269877100681,-19.5110460382799,-10.53976249112408,-17.16951912013482,-12.100377868471151,-18.68604247596915,-4.7362244049113205,-12.638869510757376,-5.4473159419706585,-10.291792380495963,-5.001094616867581,-11.098259369737065,-11.782850219467441,-17.426973413418242,-6.72553445882106,-13.511821648295275,-9.496024332206064,-17.222927332728084,-10.435465169538059,-16.34244839971347,-7.17619368541143,-15.398139145118607,-9.51068161705712,-15.970345496947246,-7.711546211173496,-15.068404078050738,-11.052434915457695,-16.819193187358163,-8.451484429192707,-17.18643704224676,-9.70361849126418,-17.005612319558345
32,-8.953179228343396,-12.676749639918096,-11.478711373517775,-16.638490873605512,-10.210599831284314,-17.554897678092438,-8.598526280203401,-16.693322048039075,-5.1944332674451035,-11.56687433116196,-8.10601069065242,-12.574435995984883,-5.37712133187727,-9.988823662591166,-4.994189500178355,-14.67996305368002,-8.110173596359049,-12.06534348162921,-8.216706830129555,-10.658884343715474,-8.160040155733665,-14.654912174826269,-8.213222785866396,-16.14719592430896,-6.063500565133272,-15.950566501682777,-11.79939365819685,-19.08499463893666,-11.706587967130943,-17.403239751140166,-7.665911116916798,-18.431845638912748,-5.493413303595016,-14.475272995448869,-8.22795760106214,-15.82252840667546
33,-6.6958300289201835,-13.063406214085525,-10.975293004759145,-17.476336123774537,-9.512525865027236,-17.99261666298255,-8.264348037151391,-18.16992339251367,-6.603263866851892,-17.15210585036733,-7.649468133374279,-16.288135649255018,-8.625212001610237,-14.757024126164906,-4.341337687743019,-14.779705473694353,-9.532869971576174,-17.6807720210267,-11.769135865425756,-19.28376072915163,-9.96730315546987,-17.149964781107812,-9.096493351408881,-17.82750933849046,-7.1866379880307685,-16.32213603121007,-9.898179507123583,-15.627645239877632,-5.096351790516669,-14.627781807882542,-5.336613132296084,-11.730178321237716,-5.157125843982677,-11.936595622558935,-2.8499507600216307,-11.618167277888823
34,-5.178946624719922,-12.914003095139607,-9.340245462656105,-14.708705590678093,-8.343498273419868,-14.78824011925973,-8.284414150373113,-15.210088846999401,-5.526337733497035,-14.084935147127426,-6.241618733840681,-14.07348953027231,-7.518694327706925,-13.048822892259299,-5.611746284776221,-13.581718368580702,-6.757751878685859,-14.85536187497364,-6.019111207565514,-14.440386185992436,-7.954817680270104,-13.824404803095824,-8.337222090346769,-14.215120077586288,-6.5482102396671715,-14.689853991082401,-7.158209479912143,-14.442043876403845,-5.731505758149837,-13.69752931355642,-5.830116468302132,-13.073691018078627,-6.913810456479244,-13.340495926751183,-5.057093925363109,-13.262963782089084
35,-7.719585247238805,-13.595301669697406,-11.842756244644557,-19.156327030484025,-10.69482022394364,-18.568991017498536,-11.81523334837287,-19.151266697270255,-7.149765566956249,-14.84050865465731,-6.208163073527305,-12.700254578269735,-7.485861362908002,-11.741249552166291,-6.762400655061354,-13.12232765459582,-9.01133744466023,-15.881863346143867,-9.549776359033794,-16.876173875430325,-10.159025578536987,-16.635374624835,-9.010656922068263,-19.188099936813643,-9.84022086321874,-17.81096100015747,-10.134325198891299,-17.972269401827997,-7.068771798106226,-14.70044910907492,-9.205719598544556,-17.363882987267402,-9.81445314243773,-15.433999074139981,-8.631925425296398,-15.712693695706035
36,-6.991652219347557,-13.532790856873811,-11.755986793752838,-19.526692484059065,-10.191652120199537,-17.093991615285145,-11.682512724128438,-19.113979941136982,-10.987080822935056,-16.88486190930692,-6.837545890826337,-13.880848107552541,-7.190788318808555,-13.32274171720326,-8.687876038874261,-15.248292409448663,-10.397672573651558,-16.523654148214078,-8.19994467216692,-16.504771782790225,-10.208429826227414,-16.49293240275761,-10.398878743935796,-18.4663772279132,-8.872286378048882,-17.07669763554899,-9.517006155006658,-17.46142894798683,-6.690622883360461,-14.102709361659098,-9.436522241893156,-16.845886053921713,-7.9579246849912035,-16.255143003407095,-8.90029358004552,-17.156224304476254
37,-5.653354380533027,-13.713390243631691,-9.73045212096279,-18.795458194516396,-9.094454509562642,-16.61686072629029,-10.396173573377656,-18.624720146276577,-10.172236402646943,-16.932397015584606,-9.608579080264283,-15.364415291257451,-9.737104889197838,-14.925035092421696,-5.952620785496075,-14.042794267316625,-8.275311495405624,-17.77099412781557,-9.855874864823564,-18.735957210022534,-9.853699345737285,-17.342439798009334,-5.925614738348496,-20.004390594040604,-8.372229998381812,-17.33966267733308,-8.965520116815265,-17.125594057110305,-4.915385659558237,-12.401501818811049,-7.043128136126313,-15.357012323561168,-5.082927165558969,-12.532921605896949,-6.474905616422591,-14.911568506669875
38,-5.534457605214783,-12.432625821514149,-8.546431009304222,-17.746397448602778,-7.911098925917855,-16.893722441671454,-10.373934525235578,-17.30072259203809,-8.273281173497441,-17.090570441379967,-8.602766902764898,-14.559084721643828,-6.096830324079931,-13.945369841159916,-5.004149172886729,-13.586528435893078,-8.115791437623422,-15.1406691127862,-9.20996496413435,-17.43434333419921,-8.713499766277469,-16.587252658463264,-7.943921535521938,-17.532322646944202,-6.856113831645788,-16.254375653505527,-7.992902268110276,-15.53665640947495,-4.417422681659238,-12.4679479047307,-7.093807587689773,-14.882316387212173,-5.757412122056601,-14.020778832395262,-7.354071187401056,-13.500194096351365
39,-7.438249598500017,-13.587894083863203,-11.456084140421632,-17.858700801971597,-8.854931632504268,-16.22399507786941,-10.796483635498577,-17.02726493173923,-6.774396202682516,-15.317819484292531,-7.564117498119013,-13.819484111912567,-7.8653240546593075,-15.627278289501433,-7.028174337076574,-14.182213582759184,-9.346687761286047,-16.216738869915062,-9.015682831188741,-16.4910111066374,-11.376924948525913,-16.473517669950716,-9.670112094265878,-16.783295938304196,-9.139552865732934,-14.37591822836528,-9.20200852366092,-16.019400846625768,-8.524982519118279,-13.718617748112766,-9.017279861685948,-15.769762028760683,-8.362499494217651,-14.73147366935994,-7.468901974225126,-13.867033316562837
40,-5.871549719415543,-13.674132242061162,-11.279175578764175,-18.156878485882338,-8.36874388529636,-18.764745881408377,-10.53143168080683,-17.589053814785974,-7.404703949483792,-17.026714191052985,-7.326786428972486,-11.141511854605215,-7.288473599651546,-11.96080485096781,-3.8654073308049313,-11.888598290835525,-10.562932046468616,-18.41955167178847,-7.089306022300161,-13.501876357451348,-8.861831748321956,-16.368621568920478,-8.7942420814611,-16.239662096464652,-7.922178029643263,-14.456158721777301,-9.01309580468974,-16.825785702073066,-6.180471729075807,-13.201806664645968,-8.085235194862175,-15.435325811506676,-8.86132884578407,-15.484175847190315,-10.465970255599794,-16.08659937255069
41,-3.2338144436953122,-10.927094127135446,-3.737785449300955,-11.008944603697223,-4.952885345000521,-11.06811425824626,-3.4778562755690623,-10.942801001481829,-3.6133558451907084,-9.544802918406592,-3.3645273731593943,-9.746979250924712,-3.682151267077545,-9.59357687425025,-2.8928301973493094,-9.111528324815108,-3.1683738243761708,-9.298073144328429,-2.791209435485737,-10.143208731875927,-3.5652617636919697,-9.821069813943918,-3.9924973424181793,-11.40293189395562,-2.3203058842492776,-9.834611311078081,-3.821825767036727,-10.406428016378928,-2.8628078289562713,-11.443387157892463,-4.237454438875522,-10.98789400397147,-8.098885520665192,-14.359427281410987,-3.7466802164264292,-14.526786087435744
42,-4.8076730220506985,-12.380155776880926,-7.816192906278464,-14.231525844558169,-7.775889894573572,-14.252176794342299,-9.28225372518428,-15.406874516701068,-7.799634326703425,-14.245401770742106,-6.943200552389673,-13.68051110269256,-6.418843292483714,-13.78673938334574,-5.276076889488037,-11.776012955623427,-3.9412075491371756,-10.829511430107166,-3.9735797428282886,-11.309487706034334,-3.2188484675761946,-10.998568417347416,-4.058512866883644,-10.969906811767506,-2.9188839157373425,-9.37411742784151,-4.1888039975146665,-10.568675564347043,-3.485357115827419,-9.293071353703958,-2.8224399999419165,-10.598044393382688,-1.6726500100358463,-10.84889827782808,-2.142287900080872,-10.806957147541123
43,-5.631338785339873,-12.125008474441778,-9.104004858368889,-14.684799007154485,-7.390947061481434,-13.513245925920522,-8.333914979300793,-14.271579468070145,-8.609636451975218,-15.343306698315079,-8.980740962425998,-13.236373173006319,-5.387803073956717,-13.324799959379716,-6.324843017320756,-13.096241865141014,-5.424435578664484,-14.053260975977643,-7.386879747626897,-14.930724163313512,-7.555925703476854,-14.445520107619922,-8.216981751175238,-14.302015264024659,-5.854178715783673,-12.11170306582855,-7.548129432073503,-13.151070765094486,-5.088801534467665,-11.88987007950744,-6.559379841594,-13.571225295479776,-6.764249947432531,-14.990693677923758,-3.958780719887564,-14.586430319127954
44,-8.310999275469943,-16.44725078568725,-10.75751807180767,-16.7471450098001,-8.194122192364894,-17.31877037190124,-8.832316319768537,-16.444416604039223,-11.201145177918082,-18.06842538660925,-9.563549554998787,-16.00580503722009,-7.640919556261555,-15.23243428333122,-4.618913427464582,-15.642999048585736,-6.778159898905617,-16.69556516895699,-8.570732766515611,-15.247081431143538,-9.02524966322544,-15.526997212872951,-9.203289323207276,-17.308852682458408,-6.335997946310411,-13.374631512815203,-7.175580165702912,-14.41497712889084,-6.701193449007335,-13.168221579395938,-7.771795048298308,-15.584964392735245,-5.362878373242318,-13.348194375890577,-4.947781026633865,-12.150003980325476
45,-8.905711124878051,-15.234199470109642,-9.781858639759468,-15.492889168468968,-9.74153435431641,-16.63109201072025,-10.460950208388649,-17.530304319181067,-11.307672689683848,-17.035769477027184,-10.532511708878637,-15.700181068756331,-8.330023516788275,-14.365868922345978,-7.136513002440035,-13.902044589883765,-8.812044650441354,-16.684048415248323,-9.363274852527052,-13.628148203296943,-8.079295745240703,-15.182571711753871,-8.899703321701063,-14.920846269705262,-5.8906226508035076,-13.65129931560146,-6.685142174385689,-14.24675825301044,-5.742207231471661,-12.405683929960123,-7.7068006448921285,-15.609970679600245,-5.744099438703492,-11.26666415612573,-5.837515668825687,-13.040455689107137
46,,,,,,,,,,,,,,,,,,,,,,,,,,,,,,,,,,,,
47,-8.283586342766469,-14.26906885915251,-8.907991862294825,-17.474556190235838,-8.017246330434391,-16.287593155363894,-8.698328751519345,-16.077958777612366,-9.345603593604638,-16.380494110221242,-7.77360584730126,-14.362845051815889,-6.757881327636816,-14.025873006611494,-6.889547649106648,-12.471850783413316,-7.1041034008535835,-14.397292189010212,-6.1738743075769165,-12.075126387774354,-7.874658854960815,-14.287217231372683,-7.891806621278603,-14.11664873825895,-6.479947046203405,-13.034444067239635,-7.06404164589093,-15.473128011513147,-5.78741898671379,-12.418697069162901,-6.7831941931498765,-14.111668855724398,-6.195918366071757,-14.280472332139869,-5.36683899951349,-12.957912012323277
48,-6.433262691092894,-14.877877539208406,-8.532762312679605,-15.679463305543806,-9.366110784140087,-14.292022530443267,-8.605448733932292,-15.952429373501412,-9.28380548741875,-15.903349924494076,-8.190700370283457,-13.947586849392135,-7.16224282203386,-14.454742914855254,-5.940707854157072,-13.06765521433235,-7.588939407205363,-12.760982542381008,-8.19301515110682,-14.506264140638388,-9.337047059290006,-14.602072876691107,-7.964703652806965,-14.863216927848582,-7.814128943746351,-14.474383762426264,-8.228509102144901,-15.872062446107796,-7.4017074701438474,-13.77758875857397,-9.873034268583002,-15.70365333422101,-9.557908689228109,-14.010923295234722,-9.592860449521424,-14.266493803553473
49,-8.06820761794983,-14.613739487241919,-10.670580234764888,-16.423202662096894,-9.11754284325677,-15.215425485246657,-9.217599017387245,-16.168468142335385,-7.678062720364602,-14.957324354658514,-8.737868290814552,-16.812489902923005,-8.462878115421935,-14.451614612187146,-5.783579345759891,-12.737428599634725,-8.33516747685185,-16.289773177021402,-10.428028127260342,-17.496415918305537,-10.829842212027607,-17.716960995689973,-10.205952989252673,-18.089486910007253,-7.9613501801758755,-17.363790186793096,-9.266229506333252,-17.799636568704486,-7.5730053120119925,-15.23589825741065,-7.411884225880252,-15.896484438567713,-5.613053365984213,-14.893155342742944,-6.289173923396545,-14.466873010594998
50,,,,,,,,,,,,,,,,,,,,,,,,,,,,,,,,,,,,
51,-6.710722011575455,-13.695770874101399,-9.032035506385697,-15.947020830362222,-11.257082354925007,-15.348812865251206,-10.754737754693387,-16.313475256171095,-9.677038252832146,-15.517244184842822,-9.5392221268147,-14.595478184008012,-7.294823785504931,-13.560366908486703,-8.509856056578037,-11.375614711674169,-7.61584000008772,-14.68862481441559,-7.109378302406693,-16.62991795447048,-8.015053455935524,-14.867036035429958,-7.168432035553823,-15.012113385291464,-6.013979965362694,-16.98843504686336,-8.69527375006162,-18.097549390118942,-7.586979716780125,-12.418401158491985,-5.77968285288474,-13.621372310700504,-7.519748890395133,-11.605430255140291,-5.785170405937521,-15.975008882229293
52,,,,,,,,,,,,,,,,,,,,,,,,,,,,,,,,,,,,
53,-5.904194024720187,-15.467885837813123,-10.193929978164807,-16.987783383902894,-9.390250352473274,-15.672803486748828,-10.279063002266799,-16.25706470499033,-7.330769474209829,-15.470631641506445,-6.516489298224199,-12.011202295937125,-6.704237430593062,-13.527347514357906,-5.623471047714269,-15.136790766528412,-4.648595881487517,-13.892353263554849,-6.574046699700588,-13.268948575200962,-8.431533070015748,-12.568918889064928,-8.926321188620838,-15.664812252822149,-7.410261955916719,-13.8166563117164,-8.622275488254514,-15.308008427692766,-6.429231318087282,-13.462151192519602,-7.658887156094778,-14.866910873297737,-7.7292910597869815,-13.220346869367251,-7.58765382923955,-15.239811560181433
54,-8.455699224473248,-14.990865982254341,-11.365057520324655,-20.317768352899385,-9.421817559078125,-16.855269628540512,-8.818038309646045,-15.716221536092288,-10.333294780224907,-16.082138262777036,-10.612022980446007,-13.786934781077967,-8.689221271450466,-14.944086471957402,-6.4402756093232005,-13.031201742378787,-8.109021171572145,-12.066420487699139,-6.442488440969246,-12.702043342978692,-12.273279682021451,-14.754718564650453,-11.443936683466314,-18.204938444238124,-11.642837732475757,-18.23199555626135,-9.608604065893719,-16.870294167041507,-5.55523323233472,-14.656731586351896,-10.047117921622853,-20.093720771847817,-10.298917751996248,-19.386509609764396,-8.097447314483409,-17.084982304691763
55,-9.10386151895269,-15.588225620575,-13.280138561745261,-19.983015149428265,-9.676136740805184,-17.71059244278042,-11.2602623344977,-20.732890156260417,-15.094966858854729,-19.46358050955475,-14.154302685023586,-20.09280336152683,-11.835127632464344,-18.530356085815775,-9.004393959965602,-16.298493529529956,-10.821509449659763,-14.662484559571878,-7.572257613658025,-12.037611701987833,-10.141992106562874,-16.869801140530033,-10.942097512334051,-18.119344842027203,-10.866740601973815,-16.7801843016293,-9.593423944553575,-17.8914966235834,-9.682888885723742,-16.787642388410454,-10.197184780439184,-19.562151450264537,-10.646517597992853,-17.854581015312124,-8.936799927465476,-15.33275767890487
56,-9.611016077511648,-13.635485258046609,-11.102130155942112,-18.17967729352838,-8.301603115899463,-17.880984148500715,-9.529845390698243,-17.1329330627276,-4.763026839681115,-11.88815170341599,-5.746230858837413,-11.751134116531503,-6.323985458821777,-12.091561674916013,-5.675340372582401,-15.852496712251575,-8.452588442942249,-14.91646386764721,-11.237538107921727,-15.605681001147662,-8.64644503724029,-14.628277023073151,-10.520260949020999,-16.457951653329005,-8.849267685117493,-16.899471550600715,-7.398840160525793,-16.824441011533846,-8.291985291921499,-15.522444612719132,-8.472135538979076,-18.28100846498502,-8.262790003875676,-14.869073249206913,-9.513679568753084,-15.610490442425913
57,,,,,,,,,,,,,,,,,,,,,,,,,,,,,,,,,,,,
58,-7.459521349002047,-9.872500544598026,-7.895536890896811,-14.34358851377972,-5.8870797826978425,-11.226233624388396,-7.799578569484174,-11.01849300346656,-4.598572465914559,-10.750830143431731,-7.275397363600097,-12.449299154056881,-6.71946312327698,-13.018157238829932,-6.423787359503223,-11.125037469133227,-5.867170715193799,-12.480665155267072,-8.275577969497139,-11.805202962173293,-6.404090861504174,-14.485140210037137,-4.6298242240038325,-10.732882159952148,-8.975280182236867,-13.87039227259892,-9.592160344349056,-8.69857860621464,-4.069651504961148,-10.69629699234252,-7.939855103530612,-12.695271710555538,-5.975519752295208,-10.722046002431796,-6.204720746558109,-14.1768498333739
59,-8.558840035692427,-12.3536688477616,-8.609579599340375,-14.864241028232195,-7.183875163721465,-15.033257607862563,-7.285745182528261,-12.001789700368189,-7.079470635827969,-12.249532833452594,-6.685725776095085,-13.841336248366582,-6.391234424106922,-12.798134691068766,-5.852817445397923,-12.858085660877128,-6.586782959357411,-13.215483506698147,-7.5986861816986675,-12.34905519626497,-7.48650109481292,-12.630330261636802,-7.697016575148794,-13.326486441610665,-6.83644547964867,-13.773531745092143,-8.40498219546794,-13.924932066561235,-6.928366027412343,-12.77529169364509,-8.116058156663419,-13.903546549781591,-7.2348753268292185,-13.130317662890164,-7.134447725130083,-13.804699454590914
60,-6.350754545943063,-12.955567683482652,-7.866836684496682,-14.997545424844498,-8.157454535007163,-14.197826608658989,-9.8223864382822,-14.344959738537057,-7.268629686249714,-13.55990362671357,-8.37108128860528,-12.00746945920082,-7.513602950165922,-12.715752761402769,-7.872049106146058,-13.197063993686019,-7.152637282805191,-11.889098163342108,-6.7531269179240985,-12.490673053856332,-6.633479380652689,-13.999519056982805,-8.533152626368373,-15.583415450146994,-6.653639056265214,-13.115493384806648,-7.57127272079364,-15.895097899402257,-4.87472313681539,-11.932727256506093,-9.804063070641519,-17.069140093363593,-10.215714947412858,-15.038567530375433,-9.647900048121288,-15.967797983870234
61,-7.013455344069376,-12.251124176148181,-10.487278121095049,-15.097973945902009,-7.545633076765723,-14.035898606323247,-10.058379335939833,-13.78554706730084,-6.053343630868007,-13.694099122078905,-7.7118123409518935,-12.960478161600857,-8.683850486781587,-12.285220185664539,-8.012310080055943,-14.25450162074755,-6.414986140763857,-13.541298311913181,-6.183617108365223,-12.196538862964225,-7.442324211365117,-14.568019691583693,-9.153724445636245,-14.289762901946686,-8.335287453320406,-14.397251887602536,-8.945670313088447,-16.505852060540892,-7.852313578328898,-13.36832458595335,-10.848526505144868,-17.599221138580027,-7.270164860735879,-15.717229090286422,-9.224619601880528,-14.704458525349901
62,-6.0508094730643025,-14.680334493356407,-10.26753246670047,-16.555370747595205,-9.137251641402143,-14.38976521185888,-10.121937304534509,-16.031628805516178,-8.51398404681408,-13.219972636435083,-6.612772134826335,-14.069620450366054,-8.439217355641844,-11.216859769660497,-7.8788417680676055,-12.019449080396702,-7.483082787985833,-14.047449643217508,-8.078536682136567,-13.070239647981598,-8.196726751874635,-13.89683795079754,-10.451713181880141,-14.382112356019942,-7.896213200870595,-14.626157785644322,-9.135142670872131,-17.304736373505524,-7.395614833189584,-13.938449126178757,-7.753359062759193,-17.18547201413322,-9.968293527152753,-16.719301977641045,-10.286009732602654,-17.53493136749174
63,-5.658357052447185,-13.64454883178795,-9.08520399967027,-18.22575770006525,-10.114329441046316,-18.20997407026652,-9.151920339402377,-17.847041944958598,-14.244098587803917,-19.094132513939982,-8.469411467621914,-15.790083723932964,-8.042674080220491,-17.129514920507244,-7.65178126258176,-15.268385110837048,-7.577270078435225,-13.894599688896442,-8.31137322882739,-13.723816277200632,-7.745992083829721,-14.416276708034374,-8.146395683454505,-14.963403791772832,-8.271103807950528,-16.46845707636923,-10.200066076394565,-16.44879016225898,-6.162259810135428,-15.096123858354167,-8.240358208105727,-16.214911229729374,-8.41160426315446,-16.171465804475464,-10.400924608538718,-17.215460996479592
64,-6.954162934561716,-12.571514602720168,-8.397537175453252,-14.569556087772025,-8.18777579790645,-13.732238016668212,-8.468679545256277,-13.868512963722585,-8.622072864528521,-14.669972251719107,-7.530340874416732,-13.40273130184232,-6.103651883571562,-13.622272085226694,-5.591329955512424,-12.08503061321691,-7.423550311374328,-13.522384066816366,-7.506717895684927,-13.639781457862805,-6.7767888180425695,-12.341800516156125,-6.88663391312028,-13.076356087619594,-6.987842248895477,-13.310244894924123,-7.417732277153243,-16.154781606775877,-5.332953494028353,-12.238219845105494,-8.729685083841686,-16.25136118219538,-7.381985648109593,-15.410539983963803,-9.425638319864124,-16.014929509513557
65,-6.441514787329399,-13.054162448521524,-10.633419724313375,-17.534076444071353,-10.287867391377564,-18.74198348539376,-9.685348238967697,-17.22793766737148,-10.80382902791075,-16.73241611795932,-8.314546438425735,-15.955463046782803,-7.729894772696299,-15.129085295212462,-5.992768160799785,-13.328786359728817,-7.848237745417757,-14.567491007929355,-7.26108025646726,-14.464189302424781,-9.054841144305346,-15.879802908146804,-8.52299512754817,-15.933243281669823,-8.594928937276988,-16.969538161258527,-9.995275727942145,-16.705238094298906,-6.6955111556855575,-13.825605884552344,-9.584361799520245,-16.853377963965585,-10.55867446644397,-17.411617044469224,-7.500983823176124,-14.925752734337097
66,-7.040673618567903,-13.150301592097534,-11.423492549699665,-18.50539584904114,-10.57614183579243,-19.046939211240183,-9.299175385646011,-18.19490335885146,-11.477390076730565,-17.360274047253167,-8.413268039149859,-16.085059170863918,-8.231296297320647,-14.988945239477838,-6.265520414666051,-13.808459633045047,-7.8943667028605855,-14.84105166708284,-7.961204286180977,-15.66105171665466,-9.67575775014473,-17.549648695268043,-9.27642212201343,-16.199167032965754,-8.540945463789258,-17.53629629235577,-10.486658973256349,-16.31663292843506,-8.121076869316564,-14.409321603427266,-9.997067236599019,-18.337039040522818,-10.73604237502472,-17.935376786723843,-7.953323786631557,-14.051627179039885
67,-3.7843218606614597,-9.893432892645551,-4.019445560765405,-9.986986836712749,-3.612742608681239,-10.698092501470251,-4.307314706424928,-10.422900134999937,-1.7050880718523451,-8.972392739571314,-4.490804716613616,-8.889510293886891,-3.5318172285131437,-9.721252742483351,-3.2898745931426454,-10.288972546382261,-2.4474167323161646,-10.90125793282829,-4.426621637819647,-10.897350570996194,-4.443544035479018,-11.908261604782995,-4.911517925377619,-12.163420909019955,-4.790697330291529,-12.16246891014988,-6.584487285338562,-15.786698519461588,-4.812422341247169,-12.07866967250739,-8.273417498935787,-15.508823717213593,-7.6634621604668,-14.55799955424508,-8.700384125668895,-17.815251880666217
68,-7.647061933055678,-12.022268287648929,-9.653477597209758,-14.870743040191135,-8.2945288380696,-15.853808216179699,-8.68547369549535,-15.783717467863825,-6.910420634998841,-13.394448506271278,-6.394803463128889,-15.200427891925292,-7.374422007667025,-13.225430223203691,-6.136902341533366,-11.265263133735388,-5.718997755464016,-12.932997860980347,-6.206748095752333,-13.362545598206438,-7.32933571689847,-16.476322397059928,-8.292069361310396,-13.910630582882622,-7.957168951956248,-12.951761604270867,-8.209687754517258,-16.48751045272452,-6.807300316284306,-13.147268839081123,-8.493952096025646,-15.996583688228153,-7.7897460878917615,-15.183984334432996,-6.441744667991099,-14.124406543571318
69,-4.93793713433588,-11.64422073907958,-6.439934188161366,-12.750631424045846,-5.750106926457851,-13.338728613295203,-6.830224850565375,-13.205351713135618,-5.764883380028096,-12.140140647317548,-5.221146428117561,-11.998792514075447,-6.3990903546393065,-12.152937008067477,-4.431357962894057,-12.069901300989574,-5.60211378332604,-11.621625882312651,-4.4443351847587484,-11.648964335768175,-6.839703162026382,-13.884063449187625,-9.799251782456107,-16.83663789481694,-7.375844558462951,-15.445828750656808,-9.260985141359408,-16.6336434096442,-7.6895370955034075,-14.573238423491839,-9.586160537972763,-15.743481624478763,-6.8309101671335,-14.35688347570881,-6.840342767761873,-15.270583542386568
70,-6.314331364818394,-12.716067828593829,-8.23085037228002,-14.846152935160575,-8.386208526597404,-14.190540423175623,-8.897761310081481,-14.647436700586402,-7.003270521507074,-12.859225399550859,-8.228199452454625,-12.44079022976589,-6.5805509210469735,-12.786368644547473,-6.40196137447592,-12.31523999284368,-6.3408584355058375,-10.315485647198177,-6.499480929641574,-11.565312502593233,-7.601013386850543,-14.68038867915054,-10.128767663510992,-16.92201274830156,-9.065795744842115,-17.470098024990925,-9.700718966729,-16.96851448312057,-7.378107880108122,-13.431897021389467,-9.321315557938235,-16.920076668857828,-7.512478892159454,-15.918867448635334,-5.694619505039694,-14.472499362534828
71,-6.853886926938056,-12.240949346219537,-9.731122414056747,-15.72186649018402,-8.590075211422182,-16.666261235906084,-9.091297769976599,-17.011582305073073,-8.384104293452062,-13.827394265008389,-8.172165229082722,-13.524427152385975,-5.989609275932963,-14.419060528952603,-5.375783608218705,-13.339250040831917,-6.8155718179305325,-15.08117435775926,-8.16911300811265,-14.930031878296289,-8.407345243820934,-17.278256481088782,-9.611552492199118,-18.39657193498776,-8.528786620533225,-17.24057476879346,-9.388804996579639,-16.397561397301878,-7.243507440995129,-13.853907503586951,-7.852229119446122,-16.118143081753015,-9.368990261290447,-14.23238750500321,-6.581296909327588,-14.611812836862448
72,-6.669096958887187,-13.916615572114118,-10.84923978596563,-16.8931567309198,-9.15717593973822,-13.295262643447916,-10.529971345322444,-16.9400949750045,-7.338129432782682,-12.825643009174035,-7.7569566058036745,-12.705347231844058,-6.413300404193848,-12.66008406342827,-7.420965680381881,-14.208675456440474,-7.93917256761432,-15.638196603551084,-8.136864200939595,-12.98352107628376,-9.517181895775463,-14.040757031764503,-8.961495404687035,-15.23136747532333,-9.69861887410056,-14.838761463702085,-8.67622396343866,-16.512892020577617,-8.578781632507756,-14.613538686351848,-9.342162493467729,-16.5146812591371,-9.313091626257904,-16.48291184431828,-10.035685640667882,-17.21050183801193
73,-7.760329728897716,-14.25225087319763,-10.003838416903113,-15.96971735316875,-8.266038382529478,-15.14189253568934,-10.644312576101393,-16.34137107928504,-8.895121376435561,-13.086553583458942,-8.022186556147613,-11.765226218091824,-7.638471498136261,-14.213172198833657,-7.533301862335034,-13.46348187028972,-8.220728721529959,-14.000125571225173,-8.874392562587229,-14.72144129409244,-9.946410648797553,-16.495218182090905,-11.039858687147818,-17.177731623018655,-10.583567113776173,-16.60191715441758,-9.398463793137653,-16.908853042194618,-6.598765556097975,-14.089721610676182,-8.731057585220473,-15.409532107738805,-9.989611711051896,-16.002134414176858,-11.544886034567707,-17.15721627431628
74,-5.329906738215438,-13.980267854888833,-6.447851654244778,-14.259452457054433,-5.573595790649382,-12.615207416726559,-5.438943551178883,-13.0055118485462,-5.1023250249010355,-11.786437664314185,-4.425680944979346,-11.357870984535499,-4.272180066854981,-10.755737685961455,-3.9773587460811006,-11.022404276573122,-3.54311659439351,-11.120513340565438,-4.169833262339438,-11.39531546848758,-3.5304655599108288,-11.720467508286468,-5.223827342238958,-11.813923284702032,-3.070050879789425,-12.411772174188068,-4.753311163311757,-11.946331405868058,-3.743166947587751,-11.899160075460166,-5.408761809439974,-12.737030700586487,-3.371583064411499,-12.165526643191534,-5.043893901686893,-13.068517614479461
75,-7.690927156385098,-12.41406730503554,-10.235728702247613,-15.465764226814949,-8.884827199742025,-15.345132910407465,-10.19557941397921,-15.600091566553756,-7.502834435471987,-14.217045974188899,-7.283233809862342,-13.32420930615202,-7.374446755997246,-12.583556442901411,-5.275940810867298,-12.912595308767518,-8.566907347827211,-15.374985388383148,-9.085435192826024,-13.930593241630566,-8.325613090667263,-14.5635900482194,-8.075139260812895,-16.190915729730506,-8.649262330471577,-15.31426606268693,-8.469971296348817,-15.669674828088727,-6.804052423499466,-13.809301979912174,-8.107838286074768,-15.34945407987233,-7.295965284898688,-14.863477206437016,-6.142025785461483,-13.785807205682996
76,-6.639309527740145,-14.15306064779399,-10.167527665149665,-16.690385938216256,-8.177655450246652,-13.832077608847356,-8.55300997646458,-16.512410038176693,-7.296534063551925,-13.760989707772014,-5.997054299705508,-13.517579385976573,-6.999935045612368,-12.738158859740931,-5.949909122103124,-13.245723600124723,-6.6953720623196835,-14.132954615310549,-7.2551496219398794,-13.382145417716309,-8.995940102204727,-14.746330310187448,-8.779489186436606,-16.1902030468426,-7.068499787974433,-14.349992150981613,-7.081083123587692,-14.514464168467269,-6.127680329155792,-12.230920390850956,-8.249599729599403,-14.015087032365834,-7.883139610133835,-15.2736234948902,-7.935483898463936,-15.945389562373078
77,-8.571698905142588,-13.252055997299031,-10.849202407614165,-16.772142473335983,-9.815211259919593,-15.429060276500419,-10.482474213032608,-16.440621263222376,-8.018874950290316,-13.425440220696899,-8.795666527458643,-12.614237013957254,-8.146732287354753,-13.879217021364173,-6.6114917239320565,-13.07936370577486,-5.812525129079584,-16.3906124093372,-6.329933275324013,-15.391835443521364,-8.847154540688324,-18.55064630526296,-8.177717129776587,-19.402946260576,-8.177741376452355,-18.916513457067715,-5.188748210981946,-17.38571392641589,-5.213543930848972,-16.38355386058621,-7.569979416969006,-16.229428310268442,-6.164557748949317,-16.19207349985799,-5.03779111018646,-15.229210104944936
78,-6.3612259031607685,-13.869637375340735,-9.610715501224762,-15.641599776040787,-8.407763243319296,-15.0519722278173,-9.295378394808886,-15.731238510450671,-8.410507251604265,-13.419420341381516,-8.032562326401075,-15.579606459500841,-8.50802405542968,-12.945793957532894,-5.420569997228231,-13.450682371863405,-7.01422909377293,-14.241300065646836,-8.694028325062538,-14.032619270433958,-9.370953618375701,-16.632081249583713,-9.019590015795261,-14.98733982779278,-6.8684368545259655,-15.359364600675427,-5.962857505194687,-14.003259663151686,-5.524931086395151,-12.780358684427792,-5.220291623552803,-12.082438497413229,-4.925406018524162,-12.245025316650013,-6.935854215579802,-12.357729672839097
79,-7.125040928760589,-13.448572202620237,-10.754056185337205,-16.854970827963967,-10.021802342318342,-16.967289445911305,-10.391417638374174,-18.314089414336802,-6.227243749797726,-14.523533957342103,-7.168637207731827,-14.705382278589932,-7.919802729437176,-15.84806668061766,-4.572174007797855,-13.228915329672947,-9.59583196003414,-16.756258970051636,-8.323360288531969,-14.296250540590359,-10.207249945293196,-16.217939438796623,-9.49186439864505,-16.175442380335532,-7.586653744543087,-16.708253827791204,-9.139198282297201,-16.5543697381405,-6.430223129480501,-12.302799690269858,-8.764945959129943,-17.344268206942758,-8.431264970404067,-14.901012601252898,-7.374220490799067,-14.235369054445876
80,-7.822275450561796,-15.059135604550036,-12.125966814065967,-18.971034629534962,-11.76500054930976,-18.47025027086113,-11.047911819058289,-19.78755317426223,-7.328468763108785,-16.142393289223026,-6.6754648313983544,-14.649535436595105,-10.622190402456862,-17.01676597796499,-5.2532748512774265,-12.901421994917822,-11.24919132744086,-17.88730036619517,-9.3069957403015,-16.126435685338997,-9.921712631190076,-17.506466136966466,-13.037318110078713,-18.36442364669615,-8.959400289456244,-16.586539890386515,-10.479210602605908,-18.486649076137645,-7.1172656161881065,-14.056330737346766,-9.064885653519065,-17.451644242011604,-8.489386269661097,-16.489590968731342,-6.910870869580545,-16.107980050936966
81,-10.73506670495425,-17.69351269880296,-12.61652467549994,-19.8367164787799,-11.03992693229856,-17.468694580246037,-11.947400828257585,-19.76638855258912,-8.514768006535405,-13.977930190461493,-8.437893167034803,-14.291846715242507,-11.321785268082355,-18.405295772931908,-5.972207882286601,-15.14120857086976,-8.48227821636215,-12.984190347401743,-7.817075804598124,-13.835356022581735,-9.389273468612721,-15.192117046956351,-10.594944388756463,-18.513923003412213,-9.501599906715402,-16.177749655244014,-11.082885161267086,-19.84607618839489,-8.232079306913143,-15.507567207861184,-9.351343990352778,-17.801929864457236,-8.894803257212212,-16.090394889293464,-11.765939495993463,-19.497399685632537
82,-9.534704191106742,-16.24935417444587,-11.589818307608525,-17.783930538011255,-10.250818075352093,-17.45603531026608,-11.395051563542062,-17.0307206892963,-7.618263737836655,-13.774379690108168,-7.134094798840938,-13.897377305726561,-8.56385120385331,-13.627364137045674,-7.60065991543309,-12.88501752722992,-7.516838772960609,-14.290552986428668,-7.770895935638099,-14.359250261269947,-10.882277104242071,-17.118117659853056,-10.618427621558013,-15.437832238563384,-9.736304252539668,-15.166400157651987,-11.71851540368511,-17.216288251275596,-8.969908959893644,-15.445063749756859,-10.341526568935109,-16.858348628405643,-12.03474659202778,-18.572808343471326,-11.683996878334046,-18.36483442647832
83,-8.358411170458384,-14.090330688942537,-10.62705220457574,-16.374348773739964,-9.883307203534425,-14.827873336559083,-8.830195586441704,-16.76538441462928,-7.521764420524269,-13.8566301117664,-6.369401450160987,-13.002425728024933,-8.145489685513754,-14.652699612354109,-3.8668886705068823,-13.242701157936823,-5.6848332654451035,-14.913291329335784,-8.615646823829389,-15.377867703643961,-8.569922577335689,-17.131272963775046,-9.197230807364662,-15.311830886210846,-8.078288679590141,-14.414926155391587,-8.794113389474429,-15.968335852482555,-6.699949513937346,-13.79008809079143,-8.487858921320917,-15.626528524361094,-7.307990939115059,-15.645138570845043,-8.279274182615165,-16.499721450703678
84,-7.906269008195075,-17.493758225634185,-10.064421161842144,-16.471185668833353,-8.815444163603788,-16.959016618925272,-8.55933766446632,-17.15125609671114,-8.29705048293528,-15.189007481424781,-8.295036633543308,-14.963710352698612,-6.612959786114435,-14.983064007294153,-5.355128725998934,-14.018649451147038,-7.396520703897076,-13.363939646865212,-9.215505776178631,-12.829517017335775,-9.396272548643626,-13.018475900338215,-9.760270823080043,-17.263719892567057,-5.714687799218877,-13.75253223703343,-9.487752732084346,-15.389415012919239,-7.227319699753679,-14.28491757406977,-8.172194542841071,-14.789441889939354,-8.287583858208901,-16.08356088077657,-8.124159999772745,-14.80115584422152
85,-5.220740751775726,-12.212765711469569,-6.451527004489813,-13.193909813599095,-5.908931942075457,-13.105940726737273,-4.797036326029883,-12.796977907343276,-4.415375726514371,-11.168300287315041,-4.546503187633009,-11.697830125404412,-3.8172685597863554,-10.433166829286,-3.214723836204816,-10.4481841521076,-3.8409073526285296,-10.959056566509284,-3.4669939370455314,-10.295921649022679,-3.136626661148547,-10.975158531760666,-3.959210989289741,-11.173935645281944,-2.5188686200965855,-10.444147212752203,-4.736611521941761,-10.409449625744267,-2.7445330449838585,-12.077416951784954,-4.39419875196377,-12.466724620098972,-3.7404288145150213,-12.102957348342255,-3.6755564580288964,-11.725146659216195
86,-3.865517649397633,-10.826630834529045,-4.948709226756403,-11.260864003829045,-4.479395584608611,-10.69790345554919,-3.8578581138559622,-10.63483512358795,-3.350867571082591,-9.78480793730265,-3.7424399700600466,-10.989350555369217,-3.6171714847992775,-10.0679549785273,-3.413079821158327,-9.776331756024044,-2.6537853837843177,-10.072754348328932,-2.3425672105495106,-9.391146596632746,-2.663653749545113,-9.782182838290069,-2.0559502358183144,-9.739575946779928,-1.4573852562384828,-9.68480458816281,-2.2794978165022823,-10.14947045331149,-2.5716775462794272,-9.840954638090215,-3.000126142331421,-10.261536458110847,-2.3822380225627238,-10.11146610568726,-2.2553737732194565,-9.935728009369358
87,-7.7824047553842455,-13.63995539176004,-10.362238487899607,-16.80307809517035,-8.916591240093187,-15.227965882918802,-9.717489360493886,-16.989921187964235,-7.125246564932656,-12.80950323294276,-7.145293020068638,-12.354359878649575,-7.941275685902705,-12.901222090102234,-6.890191792304061,-12.873432446792865,-7.454906693308408,-14.110939000131983,-9.198963025344915,-15.241635730240056,-10.183174441992293,-16.39042073454818,-10.583404083260987,-17.940502000951316,-7.938976886836503,-15.163927728442705,-8.709982423415216,-14.68988757417044,-8.21522371562231,-13.897546984207024,-6.874927099790922,-13.373047766385877,-7.231155390635333,-14.636193805026325,-6.74356045790939,-12.772778258466865
88,-9.189978413170646,-14.103689427567932,-8.951590087497069,-16.451982764627818,-8.911982133180393,-13.81055919285085,-9.348421321758785,-16.6375775641236,-7.235060893733021,-16.527790972744288,-5.874433632708891,-14.653661313761905,-7.598109739946643,-15.345975525178153,-6.240474095064242,-15.333803969902824,-8.689519178515049,-14.963656572965302,-7.927927589771226,-14.6550952867025,-9.681375574400652,-16.63125550265487,-9.401078115115014,-15.868656346718375,-7.361056614620452,-13.740170805838982,-9.156249962030287,-15.367835289072966,-6.234229241725908,-11.794127144089057,-9.41765421253175,-14.7549898289953,-8.911048307796484,-17.02425017592145,-8.881669588837811,-15.992112463385366
89,-6.9362625078602775,-14.452309545736838,-10.778433863921961,-14.977621055765049,-9.028589773458668,-15.291623777624931,-9.023845721829552,-15.270157078886282,-6.365984950003037,-12.720557599879163,-7.2656513014497595,-13.52447177196491,-7.861307384225923,-13.43823434888324,-4.247363774822542,-13.720459579460789,-7.7555359892514275,-15.657139680755506,-7.787165470326225,-14.760742832323103,-8.353620774346668,-17.233129819692124,-10.136277176241222,-16.26559819659239,-7.550085655446681,-14.002032223338944,-9.321904131567099,-15.888886232820155,-6.94649176081279,-13.670792615498309,-8.70043498272823,-16.156981264146552,-7.957937220997834,-14.97373261075927,-8.089849875005077,-14.482678627249655
90,-7.385341397570702,-12.722679682812025,-9.414255096859417,-14.635565256455061,-7.8218368793438655,-16.62462226374907,-8.29388849735962,-16.963039910095777,-8.906055699538323,-16.30957453468547,-8.102994141716984,-15.479938297253973,-6.868707159967455,-13.61445097174518,-6.566528093534468,-13.643250416912691,-8.793335680781416,-14.236715968851477,-6.479812961776189,-13.483488592887063,-8.482597396548105,-16.2856376084357,-7.288799259976095,-14.089883207245162,-4.95047760256311,-12.440705088431326,-7.804395825661768,-13.258463249069813,-6.4188920924632855,-12.581387650941975,-7.361969758764879,-14.719313044146023,-6.137626674042708,-12.338234607127985,-6.084302573195775,-12.929401741687244
91,-7.890315728608837,-13.737912544445825,-9.643773971614596,-16.47566587035322,-9.054251105519516,-17.826227528113154,-8.403270063492306,-16.46850012343393,-7.765418509153832,-15.067941535469325,-7.048853746709768,-15.238906181413832,-7.254994150705229,-12.666513561641839,-6.994479215593796,-15.59270772706828,-7.826234393508776,-14.626304481406438,-7.398441085237688,-14.037976609220218,-9.054463218747541,-16.510062135656966,-9.434442951777509,-15.685956897612517,-6.7072454954629945,-13.147227764383565,-7.4851589816054265,-14.844126318759889,-5.800562407176653,-13.063853186728165,-6.436245130600043,-14.148481232400075,-7.235432051329226,-11.333406438183548,-7.763812978028693,-14.26393193393407
92,-9.157803052017679,-12.832022054559207,-9.648352111856408,-15.782886289139624,-8.758808677090565,-17.545657762910103,-9.88252718579518,-16.01410054114752,-7.5705040527869105,-14.259639692802285,-8.803956089052829,-12.137477724587239,-5.743304280974842,-13.71513394903394,-7.659917796863491,-15.592185983487283,-6.862232323611543,-15.495290421065578,-7.3181627270116625,-14.28250268240032,-9.487537056898386,-15.045598428552402,-8.397976159864186,-15.020760389262733,-6.322061357395624,-12.635305615829683,-9.002017557655158,-13.244277168582691,-6.996301223017928,-12.664658835346504,-7.863240770355563,-14.163322735268924,-6.435727146602436,-13.542906587699282,-7.048230896492095,-15.391626457448957
93,-7.56325408725405,-13.806699049105024,-11.299704782537592,-15.02859645121812,-9.552529228205813,-16.43843011632374,-9.254237760496029,-18.664030366618018,-10.4218368588054,-17.968376951055763,-6.795737983207405,-13.65158922904456,-8.912031247678314,-12.843987816233387,-6.909153270355308,-14.761342547047974,-6.596544230612256,-13.897653557589496,-8.743668792464575,-15.941395487819431,-9.027600015773537,-16.364689411600242,-9.206804844942013,-16.428272609358412,-6.3071574585346015,-11.154309963430808,-9.58565916326857,-14.168890970333932,-4.762886545822709,-13.388189530795314,-6.6988976390823,-13.767379652640217,-6.668213286836034,-13.974735934521247,-7.184276489166123,-17.098754518436245
94,-7.717230757287195,-14.242828027765931,-9.94810345446033,-14.815548520399709,-8.924364967282916,-14.655718161150052,-9.756284737866336,-17.398062486457597,-9.064200340786995,-15.357589614262858,-8.080427413467246,-13.899091859428069,-8.070591638545988,-12.920563908438696,-7.633668836799355,-13.61754136957786,-6.768950281261032,-14.288016623585555,-9.483825096750676,-15.67325121943947,-11.414052602291685,-16.545367916846807,-8.721279828949317,-17.356490074690047,-9.027677227386672,-14.300873118248719,-8.802130700819038,-15.588420118424274,-7.344928764681878,-13.76159977414809,-9.018150606766133,-15.365304646238812,-7.279590884536745,-15.590254509246957,-8.773897342272246,-16.71068635721021
95,-6.453939209972569,-15.229576604312127,-8.913594890222269,-15.600339761373244,-9.102146946123353,-13.963318205397758,-8.716810700371093,-15.990039065215015,-7.840807582680719,-12.031103230879259,-8.410662764412454,-12.366823133028342,-7.34680520886411,-12.7943909328046,-6.98594813435934,-12.420994168422471,-7.3266998815889846,-13.132589199149983,-7.48173212719199,-12.530866900976953,-9.218255051420513,-13.546490091212268,-9.126652974166943,-15.396600758361723,-8.715939334566936,-15.671597914464572,-9.22483735948228,-14.134047989055148,-7.264909696049232,-11.368253731581504,-10.138303186520579,-16.860564002479663,-7.744846097970473,-14.724971887914345,-11.057278687190609,-17.41863567482206
96,-8.679040833807823,-15.509253995981195,-10.625418293437113,-17.234112771182996,-10.817131020833825,-14.697991544162505,-8.930978179891632,-15.700261920402458,-7.721536202447963,-13.257861509149198,-9.069035839994996,-13.46899080589164,-8.723963997665948,-14.394338930612944,-8.231085494600926,-13.62838285387637,-6.93611404802644,-12.288230245431762,-6.896598895221545,-12.584226959955815,-8.493823080406424,-14.515845579853426,-8.946878707841154,-15.051674775870405,-8.333676869223375,-14.867718226254258,-9.666045169853467,-15.833053128912926,-7.874167758958114,-14.343666807548885,-9.624603948703607,-15.171348178316485,-10.181897307824713,-16.134230283225904,-11.704704375107282,-16.955571276986674
97,-7.170157840726429,-13.263166131963882,-10.026716826749325,-15.157821711122148,-7.331375560096705,-14.301322622617299,-10.344369535598926,-15.0924592325582,-7.306434506353126,-13.805012419446445,-7.78004721695777,-13.199305829723995,-7.614963443349144,-14.188107618523736,-6.473328621713469,-12.878157184474261,-5.7320785736817745,-14.901057609329367,-6.830353358679564,-14.544965018212723,-9.667307676078783,-16.29996639671408,-8.640871297655586,-15.655391502057853,-8.454004383718194,-15.628553364765141,-8.66477413610532,-15.771888391686543,-7.252318475647231,-13.960594959990903,-8.99724681720135,-15.410658779764342,-7.503987507482938,-15.33890700678878,-9.967859579411115,-17.543471951120374
98,-5.9417054732459595,-13.409175862969253,-7.742894074480318,-13.68197593720019,-7.345450259297365,-14.367829242787373,-11.490741802724429,-17.979175758989914,-7.760931782213479,-13.487102287310805,-8.503620407193143,-15.829357610210037,-8.313253353185546,-13.119671231868997,-5.509103681187105,-14.380096787239829,-2.1244242839913654,-14.598166396725192,-5.9390498988278075,-16.382171237723647,-10.742110207659227,-16.72024803361698,-8.024466598699481,-17.011811583522185,-8.694197922387698,-16.159802107464838,-8.094786208209756,-18.307363901209694,-4.842400811703706,-12.210209281607092,-7.0935538893104555,-14.880084451691298,-5.9195111678248935,-14.358807963178585,-7.9345715720539465,-13.462621937589866
99,-5.82279465360691,-14.989029187227029,-10.878585229041269,-17.94463485290883,-7.230285583767989,-16.372639223124605,-10.931663886649446,-16.929004228023132,-6.051873514089968,-15.0598223255271,-4.627141845264344,-17.504703414756115,-7.164490464794727,-14.225760549831882,-3.336309296801465,-13.429864028532021,-5.2703395560357835,-13.954805080125718,-8.081476164611217,-15.598768002475312,-11.732756738351789,-15.657006508183919,-8.910243082413412,-18.104343163064996,-6.605805703314199,-14.33410649826052,-6.937045162051513,-17.248938973792093,-6.379997354773208,-11.3151650736022,-5.955554977488573,-12.740916295924992,-9.745169426052222,-14.90854093330594,-4.431094059874229,-13.145852153374573
100,-9.006380136760816,-14.913951608271539,-10.060713680785183,-17.557886364531303,-8.145880058562625,-14.20017634762255,-10.248695558311072,-15.91408995367698,-8.212379278486729,-13.195325889117612,-7.2802204869445175,-13.518091457505047,-7.613419108430499,-12.554821997055408,-6.8487996660892625,-13.298737180059286,-7.193691367661703,-12.533693512586233,-7.444265137659823,-12.5509530327002,-11.452330774338876,-17.715145884717558,-10.530138780000964,-18.179263445328182,-9.102150893245621,-16.303727250738053,-10.77999491239314,-17.91587274546314,-7.7621546942547495,-14.174910789904793,-10.69187369488019,-18.632855438645983,-9.846768394468612,-17.18450085504947,-10.694011318899793,-17.077140433968726
101,-6.440424018289193,-13.127489137096935,-9.730080827981514,-16.65300854616274,-7.696758394988354,-15.8458096114538,-9.78786524108614,-17.05894288895329,-9.19053642796505,-15.181943463765158,-8.780274437406348,-15.108057128986918,-6.755320979660629,-14.728948020841413,-6.698717887945637,-13.413678993682225,-6.7458789354072906,-12.836749654093982,-7.199125685963511,-13.239810446859623,-9.217511463594786,-15.265679767052639,-8.917448080163577,-16.836169756701473,-7.631566199819513,-14.98881944847174,-8.088490293063916,-13.88961372183185,-6.823176766923705,-13.239532431247099,-9.25946020018554,-15.22299511457616,-9.208432481620413,-15.49949663556784,-6.982106177777779,-15.973186071214126
102,-7.712571081835548,-14.675411636428873,-11.402146881548749,-17.754642454930895,-8.86833239667934,-16.085438340236312,-10.718088658669467,-15.971302919324618,-8.511868222953085,-14.294715195857286,-6.604219546021083,-13.165654989638366,-7.589992033493893,-13.983963161944654,-8.748175361271755,-13.527120810853466,-6.53822077021558,-13.74168615624084,-7.632932010071034,-13.944374903702194,-10.670748270196011,-15.51559173793532,-9.116938943740157,-16.480683073672523,-7.636025570165025,-14.60848497925134,-8.075873214554937,-15.166948802844091,-6.8415748838746095,-14.20685854158915,-8.770428277239347,-15.583918437433372,-9.20096902698117,-16.475535259607604,-10.485097469446371,-18.474048495367583
103,-8.305632152406856,-17.223293954848693,-11.141190338378406,-18.177882818092385,-10.276399523593868,-18.51608360022325,-9.70082105318556,-19.124476074791705,-10.680231655856415,-17.09552727783905,-9.239343682848993,-16.6720491198762,-8.26515656039233,-14.97456719081725,-4.509930791469383,-13.727350178434204,-4.267998453392122,-10.85559366381043,-3.81514005049866,-11.409053285891574,-4.544484970227954,-11.730443636876316,-3.245281046803637,-11.440607209271466,-3.092612792758533,-9.80688295141278,-4.963006499700244,-9.909824988057713,-1.6163385871100027,-9.309966564211726,-3.092993755006015,-9.213943527181721,-1.9227516975276073,-9.533792942600465,-2.6276667821599413,-10.348783864941096
104,-8.211074244726575,-14.523000805535327,-9.800843826435536,-16.640666468842333,-7.393602483134941,-17.15094965520749,-10.212469509478172,-18.528558451091154,-8.293103220303914,-16.931294657494295,-7.4745563711322935,-14.467859376210574,-7.3480702685368655,-13.433066699765586,-7.225355297250669,-14.037790491107279,-6.759266243390539,-13.586935073606789,-8.550461364475199,-15.946488775956777,-11.454396329867773,-16.858924344272943,-9.946838782698265,-16.899622090879415,-8.355800916138612,-14.401333580033107,-8.609028966051111,-16.190476598257113,-6.842339093433632,-13.183938795748256,-7.031189205674234,-15.962143606987397,-7.032427174894364,-13.916270343630714,-7.5976668047287985,-15.525285476955073
105,-3.2315614695782724,-11.062992421305642,-5.31835847388696,-10.75897643278635,-5.249634887037632,-11.530442275176938,-5.111839517007891,-11.042232069237883,-4.2811212472482785,-9.406042526692426,-3.9656298319745993,-10.244487864845578,-3.9793113634702353,-10.036124787758126,-3.86827589455247,-11.046776015877132,-5.123166169095219,-10.665752843112841,-4.536237542881491,-10.66360268986957,-4.417457936169097,-11.85967687613405,-6.8536830837132925,-13.946684535380117,-4.44965911310906,-12.47679699001253,-5.335848500252652,-12.355805028266182,-4.1185491571076795,-11.420945441576361,-3.6249087099793362,-11.718143399068916,-3.838528841348464,-11.708041294532592,-2.7051169711558147,-11.118916470178618
106,-5.804558717948341,-12.463418564672413,-3.708007459102904,-11.784056521513078,-4.612834599196988,-10.808814987004459,-4.160300785513133,-11.350387422221965,-2.47367450979148,-9.1458559297622,-3.6771973174535075,-10.92427739621714,-2.1588637487984124,-9.653083252152344,-2.691535534289216,-9.551317301391313,-2.118507538670535,-10.48043276860886,-2.2705463024711694,-9.477034424460696,-2.6236256628220507,-9.819175469744732,-2.866015532237652,-9.744132397573447,-1.3751810146301244,-9.808408597376776,-1.637075325897657,-10.135157957508728,-1.6794005558903156,-10.440398888171508,-2.765334043214303,-9.787064281274777,-2.883971543327559,-11.491102355223761,-3.2251897771328126,-10.905293962244162
107,-6.259016313127253,-14.800221023683473,-10.026215964190099,-16.417308429981784,-9.754267687022605,-15.72991038683481,-12.584952736807281,-17.58883140995751,-9.132642910259472,-14.632683613374953,-8.02362570908045,-15.347685078410414,-8.54456592857169,-13.18552697462648,-8.620002167997491,-12.670762795308129,-8.712677659406765,-14.030517226923642,-8.757912071634307,-13.858065312242998,-9.804790297190529,-16.627078147816995,-10.184123804050556,-14.890441133605187,-8.867663694088266,-15.483625375192307,-10.572138170550229,-17.015063843795936,-7.463751852166297,-15.612620633066845,-10.836557888730262,-16.363894932572787,-10.09388898476341,-16.49825746645403,-11.599077828884251,-16.04784403475534
108,-4.182343607994227,-12.134543213498796,-4.346734835114767,-11.581181274234638,-3.8532475581181362,-11.129391517138439,-3.9737775097731083,-10.57536323065601,-2.63501852334276,-9.438724937167411,-3.2096896806510604,-9.969686403660416,-2.467263119851226,-9.701384081962782,-2.562461937496577,-9.865247493139083,-2.578196791642328,-10.180092176301427,-2.761553692471728,-9.50489949377299,-2.290333128647316,-9.804100805476303,-1.8022999603888352,-9.812572218363282,-2.4638436673226796,-9.805008086725037,-3.74546925857941,-11.311330176609083,-2.979151255440153,-11.274581166076914,-3.813537033774565,-11.022385646038346,-3.7633625242811815,-12.141736774260659,-4.611468684916729,-12.71665569259875
109,-4.726139175162246,-13.239874921734101,-7.54743438443467,-13.596398436991205,-6.373562528516807,-13.781569954589603,-6.29477353014421,-14.054000746812969,-5.3545566752579665,-11.919649358299953,-6.545200908168704,-13.49681071671763,-6.647560566694313,-14.248919005387917,-3.861609037800876,-13.154123065837457,-4.734945430706276,-13.677933076419686,-6.440189930759516,-12.508176733957722,-5.9835452911306195,-14.371645405633831,-5.866325223053729,-13.283323455122991,-3.4865261183209273,-13.20174681034366,-4.824898125391975,-12.570814316275975,-4.954296975121256,-12.51043283867024,-5.824222005542133,-12.867596914315524,-6.055936029821715,-13.405406321753116,-6.811953388020484,-12.961557423698268
110,-4.628892586879514,-11.365920057286214,-5.1994285076654005,-11.736242215308241,-4.144333297923925,-11.73913499317186,-3.7836175010942608,-11.543249920191787,-4.16686864851255,-10.973919307961628,-4.700171584738467,-9.716688390717918,-4.928020296385308,-11.786956188045393,-3.9360244133959608,-10.9152732379035,-2.27469369963504,-10.584146560062342,-3.000934681695183,-10.933160664296771,-3.496522629381577,-11.687145650792274,-4.391011020600145,-11.369216690549951,-3.894813844004042,-12.213929202190116,-4.300619290793218,-11.803813079017068,-3.34770037511983,-10.805632942930131,-3.681556941816586,-12.378332511358758,-4.251313868773627,-12.97350302922885,-7.09767919617053,-13.712517036863792
111,-6.344844409567308,-14.182433966806109,-10.944685707919323,-19.134053512334074,-9.84995372976572,-18.29666196723509,-9.75560473872476,-18.263262322649304,-10.822355947000679,-17.25150464990125,-11.151733655096166,-18.151058512042134,-9.670483994042767,-17.753258278759375,-6.066439372483425,-15.024264789836153,-4.459052609717641,-16.37638946333689,-8.631829554085906,-18.07374803908044,-8.14288971245962,-17.143990861217247,-5.901118029320596,-15.387698746562569,-5.419867082912395,-13.201203087009075,-6.000820513161051,-12.364455085302698,-4.786176442313572,-12.396705336080288,-5.984931478765474,-12.758506227755484,-6.135317687191593,-13.212128472688656,-7.536038822591763,-14.577338369251168
112,-7.369165301259406,-13.425468703312315,-10.653010957079886,-18.94637058892447,-8.037121552708154,-17.571997494401284,-10.142258073174988,-16.41847922505819,-7.646782425791149,-14.34845090278669,-9.264388443734745,-13.390358141633424,-8.882261153346368,-12.585682743063721,-7.1304832185156055,-13.47016332448407,-6.540931260467766,-12.261352038226933,-7.491251879384633,-13.633621398140958,-9.234125425408406,-17.524104918017237,-8.400423606314583,-17.34754938157326,-7.8066877311157405,-17.769820857159257,-9.371479103391717,-17.188093175570437,-6.165845554243869,-13.863415852985748,-9.84986104894627,-16.983200550069068,-10.276245901242584,-17.630399664172025,-11.382831805847422,-19.900069305763715
113,-8.09654478942607,-14.105834275308853,-9.567496535073484,-16.381688074205247,-9.714823873642391,-16.303303499932184,-8.566779403376124,-15.74496361526843,-6.919703247751448,-13.821446649112074,-5.279798896842145,-13.567009774425804,-6.430961659836802,-12.033506604449212,-5.789703587009632,-13.65289876877694,-6.818331245469898,-13.572644515182116,-7.590310639300293,-15.126548283939613,-7.832424332822586,-14.703914403565248,-8.851351059512293,-14.434417446076942,-7.0244338073522075,-13.366134460413404,-8.35546986997065,-14.58078435112685,-7.6170627287794,-14.836827972460798,-8.129793029180249,-17.24520440321341,-9.463527317990282,-17.33399663442669,-8.683733149748608,-15.009842086171485
114,-9.235435948210837,-14.212072166821523,-11.277097461652904,-18.9182323832561,-9.336138442772834,-18.760322422694905,-9.364949631326203,-18.029122870738302,-8.289696391272411,-18.48397910813404,-9.586875416906315,-17.738969202824602,-8.978847298444517,-15.471956073122488,-5.5420213715838385,-14.793835129159543,-9.079531043264952,-15.960815417304639,-12.432039058657832,-18.201839504887246,-10.110435906322675,-16.82698120231771,-10.186976345227228,-17.978209213111924,-7.865003819258939,-16.35272388845032,-9.243767097701085,-16.47906061200126,-6.688151376530749,-14.186112216541144,-7.398106565744679,-15.66121971581558,-8.009693455814405,-13.826379327294129,-7.371045889913348,-15.073136795413776
115,-7.4254996768211665,-14.75664727881938,-9.989091063375849,-17.09745487595906,-11.321846903786405,-18.893565059522118,-9.523118987874193,-16.284245061083148,-7.2202296214995085,-14.530606356358135,-7.097341517804535,-13.112419903375542,-8.603348177549782,-14.489286508784474,-7.767609424922735,-14.039135722433247,-6.210372398242341,-11.746546142570523,-6.225993518923274,-11.734962032799217,-7.764558619462587,-13.064144423409845,-7.997897304239271,-13.370449021163001,-7.751168189037875,-12.93771373906052,-9.008431087775122,-15.550707084775999,-6.262971088992634,-14.108426408191836,-8.207925600767686,-15.910824897451592,-9.328952034306624,-16.04671170791815,-9.588484472043472,-16.462685818891952
116,-7.62888272703322,-13.379858648142562,-8.953387224856616,-17.363210063453366,-8.617364525955281,-16.97569840528206,-9.213222678680967,-17.17584891821071,-6.745389202640403,-15.545830216453593,-8.617155541782008,-17.267034952957424,-7.598149010753214,-14.333944112221946,-6.7050834608240875,-14.094914584913887,-8.797734153688374,-15.744469258504068,-9.94562320997227,-16.43659527121985,-9.078723020195255,-16.196400030857202,-9.681937892041057,-16.84799798905948,-7.67540569404778,-15.20040686257615,-8.189821554719142,-15.132044378996516,-7.0045263688996675,-13.277967670136995,-7.343412045395769,-14.697423656865858,-6.512769889150082,-13.392506811996398,-7.225321135647327,-14.106296522149101
117,-3.5723735240257932,-10.281467623981662,-4.572412129377322,-12.24715444439923,-3.625054090821313,-11.032870883314933,-5.332825785110059,-10.55913485254492,-3.715425567187685,-11.13848217233141,-3.5473253067496637,-9.678662588104956,-4.9431104799647425,-10.346650611697735,-2.994448009899636,-11.723896932847325,-3.1371899452607943,-11.946104738357342,-3.6764936711857485,-10.63867381338822,-4.7377894558752764,-11.107772535337336,-6.363261554811931,-13.307986133413028,-4.887068177846958,-14.286573178526998,-9.308670338599164,-17.512783193156366,-7.5079514783154035,-13.541423002847004,-9.36859224043537,-15.991181617683424,-8.849694211287058,-17.182933835619206,-8.790040359275574,-16.032609731719496
118,-8.85109921360537,-14.069051017838017,-8.748684977791294,-15.653575783775613,-7.945449899446157,-18.06181967208022,-8.952832165876538,-17.679124374439475,-6.94419418516789,-12.768616761312682,-5.975632475859321,-12.197452876047123,-6.280654112606475,-11.595518917895863,-6.595331975877638,-13.04370150890155,-7.081796304703925,-15.79165276597375,-8.290432375372545,-14.031711193808135,-8.274849718208856,-16.814771743955014,-9.526433520322216,-16.87786066120647,-8.07324107100471,-16.112589421340523,-10.443468602325591,-17.127106078154753,-7.995712339781433,-14.563520180447867,-10.91330741194071,-14.16710624658073,-10.29558375775178,-16.66948445793067,-10.073278871171512,-17.420648091912433
119,-2.1964655409672793,-8.690828776243723,-1.6939948709728982,-8.858753005894703,-2.413351310613882,-8.145874146756679,-2.0797458101431836,-9.84963396585496,-2.689241866040035,-8.307735076182453,-2.778557378333748,-8.021426534328615,-1.895980355433853,-8.912782138979484,-3.478171092750526,-8.23853805765486,-3.081101294246624,-9.64338467956196,-3.0243453319188673,-10.193119364895537,-3.591009981878195,-10.667620290094213,-2.9043662525772067,-10.558951207473704,-6.440220723526262,-13.730149811470733,-8.405588022970036,-17.018844193983306,-7.02203416443826,-14.42664073710646,-8.443517936735866,-16.693880263732503,-8.644117356040514,-15.585766735662085,-9.041581897905948,-17.542460075914406
120,-7.694577042682276,-12.927439081044074,-9.054749262683169,-18.558591939240404,-8.545572792124872,-18.202683320538515,-7.653724233226632,-15.918866500386343,-6.784506032151711,-14.704275710031183,-7.281252263605142,-15.861398584592676,-7.685587964057751,-17.357087788237997,-5.91604119538691,-14.430333049777959,-9.202721049710265,-16.90487802831722,-7.776986889060899,-16.57507060047697,-7.565971937364365,-15.169326002675003,-8.04092707505102,-16.230234050952095,-5.287690234183442,-13.421309016237553,-7.527666466529769,-16.219259228617727,-4.874491508802393,-11.994374873033644,-6.05189150452916,-13.118492079248742,-4.34734900015498,-12.818151755730147,-4.94021944549109,-13.084607326544479
121,-4.107158931415665,-10.696685209239638,-5.06875335632885,-12.04629963741006,-3.97055361018315,-9.981937593977309,-4.032539754967762,-10.75164181527562,-4.076102292344897,-9.730153502815078,-3.55628611008916,-10.45057301287541,-4.241853696452466,-10.944286541906349,-3.9326427398152903,-10.391632046410859,-4.693881335099642,-10.785558773480815,-4.6965903808981535,-11.422166170038793,-5.9522497552401425,-13.41077603513694,-5.867513806084368,-11.829156404009337,-4.648575875090767,-12.671641305333047,-5.45159527912357,-13.425492913682291,-4.615270840867136,-12.57575206946207,-4.833774386223295,-12.283827619400249,-3.1768632869934392,-12.254217669412848,-4.715785943639519,-12.585026230676345
122,-5.608237703175577,-13.240029801798919,-10.390818201882015,-18.2137710784682,-8.850347239957717,-18.43833082959925,-10.2661558044889,-18.25294943083717,-10.181318005209798,-16.72960946665343,-9.689751413216953,-17.189921475795177,-10.318444619838221,-17.485914141304637,-8.518944844591122,-15.451166815033963,-7.880907919992581,-15.745743222119543,-10.231877242990075,-18.049486172829173,-11.216479104498173,-16.408052468870697,-9.374226546517834,-16.232733714875526,-7.1674353098142385,-16.61876963777964,-7.693037812075651,-16.65292507893651,-5.886019091757598,-12.809509412040441,-5.959149067560827,-13.908923009400766,-5.677495711619534,-12.91973831302682,-4.9595032384247055,-13.70564174888922
123,-8.261389292435094,-14.386399269954463,-10.554706350147283,-17.934093160007375,-10.763925216137945,-17.726432764056412,-11.18228420950911,-18.08947427503655,-10.164537136110921,-16.049232172737646,-8.86373558759539,-15.102927347773536,-10.432954650858896,-16.824042123914968,-9.055076974023477,-16.522240912487643,-8.053759963414318,-14.69981357970984,-9.769677128978884,-14.126823999963701,-8.857820604981292,-15.678392251131188,-8.225195985004918,-15.278016964158457,-8.18086905618125,-14.198005676724858,-7.582509014224539,-14.425412456333122,-6.308186911118291,-12.291541967568625,-7.232994769486931,-14.590663564415046,-7.014003755041973,-13.45766031573656,-5.649914476418665,-13.276224754482268
124,-7.580988410292121,-12.838702539151587,-9.102705236411818,-14.87852549043414,-9.881951514526786,-16.478674777616593,-10.91415262403398,-17.663985835309376,-7.859142617802664,-15.25069247921109,-8.651234598672401,-15.641647814805484,-7.8952098362336685,-15.18725615717605,-6.716119664460648,-15.105941657503493,-7.796252562454059,-17.1092363611366,-8.802303835978856,-15.883768146705485,-8.689153796544174,-17.051257181902045,-9.10494056373935,-15.59017773115053,-7.663487289370488,-15.56763826568101,-7.465441525426773,-15.802669194703075,-6.012789378456085,-13.943207311607775,-8.115256371459106,-14.85593792792077,-8.199873269934187,-15.173041986058065,-7.298040923095348,-14.81541294289344
125,-6.011902142180398,-12.37968743573975,-9.729792877312054,-17.885561054927855,-9.171277836699794,-16.98111630743197,-9.99872410627194,-17.492707910836497,-7.205469399507731,-13.303739211408995,-6.508949526127383,-13.029916671251232,-6.825500762704859,-13.37747096583234,-4.710125600514474,-13.536595580686992,-6.8874201574076235,-16.129034874009417,-9.589261846282904,-16.613369939953802,-11.871141640002671,-18.600957133549553,-8.701036676537527,-16.531511153853835,-7.811170984247179,-17.39283413432363,-8.896124306984168,-14.786435407679566,-6.176204158681582,-13.008423241197615,-8.209665042906654,-16.31138173786108,-8.822661987116279,-15.051032696019393,-6.806173110370299,-15.45180387832536
126,-6.608892907706649,-12.734871074446335,-10.626283855254567,-16.32440616602294,-11.951622069742061,-16.422027221491458,-10.990729955586547,-17.344094635182852,-7.78502975994391,-13.513603249154212,-7.3020209759834405,-12.18299879573591,-8.719196474152184,-11.99960622714505,-7.756009605143127,-12.387578734472104,-6.345774169155644,-14.336666855759383,-8.374601771902736,-14.790733457481275,-10.013704210158942,-16.169570214956153,-9.966039623303423,-16.218616386348483,-7.318306515825866,-12.622685161955756,-9.383582560058654,-17.330822807423893,-7.984271990537344,-14.038371419199198,-9.762823269101444,-15.349171994764745,-9.520885541780405,-17.55716011616562,-10.314790662838007,-17.98742885003612
127,-7.012421181589527,-12.721834994409072,-8.67073340894795,-14.183532239421302,-8.93394098504901,-14.568535932337758,-9.957176660626036,-15.991663408281813,-6.078508858094931,-13.339200478092447,-6.836439076368376,-12.787714577844554,-7.500787266980222,-13.017927415083188,-8.048484137037814,-11.643999617412863,-9.297514628013722,-13.79491548351403,-7.606432660790002,-13.357776157297723,-7.863116928729276,-13.719079799321543,-9.47534841467822,-13.781440879795417,-7.673826841192289,-13.545110865411306,-7.874432340938544,-12.917176322018008,-7.020293060627473,-13.343751089340905,-9.626542949313722,-14.16146796108809,-9.0008803591966,-13.892989797978672,-9.2763284439158,-14.509727969652593
128,-6.133260971253352,-14.01449901656655,-10.207869376759115,-16.90252100876949,-11.138684253638193,-17.070724477476194,-10.920222494734617,-16.890369604668905,-8.627336843684464,-16.674550221544763,-8.611839242286477,-16.198199671016905,-8.790938968982845,-14.084997724600726,-6.460062950587913,-16.41429212642198,-7.932339031241402,-16.329864061373524,-9.769310598605983,-16.652069164575792,-7.778180575588137,-16.06695476766848,-8.337061904091527,-16.420610655335555,-8.731847658624668,-16.015704336511178,-7.957978873150684,-16.77521312585084,-5.9431551616557075,-14.50529184155726,-6.400744307219503,-13.921882312651183,-8.719322001419773,-15.856960246936445,-6.9711019602661395,-14.45161821960177
129,-8.270292873227106,-13.490192429086335,-10.12934333181142,-17.700141562535435,-6.747983946742917,-12.804637143533872,-10.073304210453678,-17.22648389148152,-9.928422789035782,-16.758667536813917,-8.36717772430794,-16.15981012620776,-9.581460125199078,-14.309183616450746,-6.761449901336995,-16.910873888247963,-6.05877688296416,-13.936217954558867,-8.147152762123806,-12.765534457200264,-9.525661218222005,-16.2705666980374,-9.225662474291768,-18.11446411447968,-8.192995728104384,-16.28381340876518,-9.62288415162315,-16.758580480014803,-7.6433266803565765,-15.82875928158063,-8.982917316320142,-17.907912296563712,-9.214525692923871,-18.446572473729514,-10.090352016831567,-17.765474748312446
130,-7.394939505965683,-15.041164950515157,-9.70146685093032,-15.830658891868909,-7.81337826389623,-13.510121554041728,-10.691446258363568,-16.545353311546545,-9.082741324512572,-16.064452272538794,-9.886405822627525,-15.14850119609251,-8.020764906568168,-13.583748947922691,-5.496488663189339,-13.87481563279264,-6.676404771871487,-12.63909379024194,-7.245718263291866,-12.162883520471368,-10.026737500575958,-16.52596615503946,-9.097205069506021,-17.81244874882671,-7.233853823704709,-13.644230931361125,-9.264410569555913,-16.681344796415676,-7.258054724188497,-15.045373532264216,-11.001558863646059,-17.382300643106518,-9.180741179236499,-17.055330127981755,-9.891674467150134,-16.421018154644813
131,-6.126950888931414,-12.613639076145178,-10.277816864203222,-15.593367069565087,-7.4905065032071345,-12.813223249567718,-8.413720967783055,-14.909546465949763,-7.995689700246087,-13.28332758995844,-7.669793192206641,-13.537802389966656,-8.395478210347747,-13.374359334016447,-9.443628690000844,-14.622146579770046,-5.813195353446793,-15.16809509420959,-8.176541753730055,-14.458133588642577,-9.708514036352728,-15.272674813291703,-8.562526814220446,-13.661877360908147,-8.646292694315987,-13.163350511249783,-8.943765616295034,-13.939921445838436,-7.227465126145759,-12.770709642464592,-8.576928957725762,-13.475480495089634,-9.63049249545656,-16.248237127039083,-10.847527400819061,-15.659688602072935
132,-6.937000407754659,-12.71546099691269,-9.301976780543578,-16.13149155351042,-6.743701103245016,-12.550548424849081,-9.498728048861432,-14.730311871322805,-6.73041861743338,-14.616018221384124,-6.3132413355792885,-16.447468368258495,-8.229702073084063,-15.048657398787972,-3.385268773017385,-14.744823446030766,-7.846270233420936,-15.39322567380275,-9.458709320994457,-14.388905536578074,-9.272584344349566,-15.085282857403898,-8.671788544210008,-16.062894744679426,-8.566343490036392,-16.25373203106852,-8.509375084336567,-15.327195136914714,-7.4257339957684865,-15.067191957301826,-7.068240479822671,-15.455970438459515,-8.14515001139511,-11.97967905037851,-8.310013114217599,-14.052630336501489
133,-8.162868736593937,-15.573360912670914,-10.289514161179712,-17.40336231604817,-9.996220610995305,-14.730708559632998,-9.92455559324108,-17.073561373314217,-8.118024456901233,-18.439082106372414,-6.366750901707054,-14.280191431565845,-7.486527578516466,-14.20390501315586,-6.2038112457156425,-12.428777688911858,-7.338985342469403,-15.299868676364767,-9.454744779183418,-16.08798763155398,-9.719724792900127,-16.768468164582877,-9.17871101913079,-16.784433116090874,-8.698157554201845,-15.074295929775534,-9.22447181984569,-16.252677857259243,-8.030289543815087,-13.508299829561514,-9.290350851376504,-16.954929240890802,-9.742886704311292,-16.32174360050852,-8.86356148050513,-16.932597800999748
134,-7.849854287227225,-12.617675609428451,-9.779069409044016,-15.047973992737521,-7.861597090083756,-13.61878075039725,-8.939133550630675,-16.01124051471108,-7.63954164914518,-12.234462966159274,-7.590675160441522,-13.335424902084902,-8.487092593613804,-12.733245722134235,-7.8698054725067035,-14.505029342144294,-8.326411091669211,-13.60990112619099,-8.37143843474091,-11.66511025547166,-8.277578025885115,-13.2571514502378,-8.916354743675932,-14.491768452507205,-7.649022942294179,-14.201403414015433,-9.200358260368809,-14.605661889683528,-6.582953679483602,-13.213631372929758,-7.730527543154193,-13.378112929272554,-7.738057254077987,-15.066689539543576,-9.648116973163308,-16.02553813848588
135,-6.413576261323577,-13.994957371599344,-9.747501737794522,-15.991928592689952,-8.443398550523163,-14.061565116044935,-9.252727309181322,-15.828142926745679,-8.06951978758808,-14.559564305979116,-8.085947950209604,-14.631303312439382,-7.89824415897308,-13.2592449674367,-5.129553816463522,-12.761355906484386,-7.018162120106318,-13.318939595999861,-8.636250094759001,-15.034215475181398,-9.132507632094995,-16.258844886439334,-9.198472935840652,-16.722505298737723,-8.141465547495743,-14.728867991457948,-8.01372015747125,-14.642195942527497,-7.503776427980844,-13.745212214968989,-8.994020807067308,-15.361914999798461,-8.367967622828104,-14.41655492038059,-9.233560968454222,-15.509952283033044
136,-7.416542973322092,-14.287334460567333,-8.887624678603402,-16.898411181793183,-7.669829143055239,-16.390271699152105,-8.899804036703806,-15.87141302753208,-9.29656746156467,-15.850457312780824,-8.377281476025406,-14.688665174181534,-7.7484814859221975,-14.36883251912632,-5.456230478661248,-13.680633814128884,-5.62686618340938,-12.0389268568681,-2.4696182274721368,-11.198632197102862,-8.144725508873064,-12.836555346533153,-5.599894019489833,-12.613411677592861,-5.444667158759108,-12.960175242205125,-4.762388577974142,-12.70124213480603,-3.7372728215128515,-12.207282380935025,-6.553675552545581,-12.664623425267472,-3.8665768504924873,-13.23004809817424,-5.159223810613238,-13.346244754838406
137,-8.574049365889863,-15.012236902720348,-10.124334874550943,-17.98807167511748,-8.584260320820341,-18.868667971089224,-10.641190257099263,-18.792310815592263,-8.759371338051325,-16.426000116266778,-8.883524344490883,-16.087293939454288,-11.400121431859079,-19.008361878779034,-9.786500046865722,-18.23801876322922,-6.62876759042025,-15.076154572824896,-5.266586909929099,-14.098811679617693,-5.4404455994048515,-14.124135139590365,-5.15635864667551,-12.519744706613833,-2.9461308189550195,-11.064920517127298,-4.198726362104216,-12.001338246376164,-3.6340328430055497,-11.45880248232774,-2.1926185838786703,-10.622005565237856,-3.1006649573016514,-9.86585436675263,-2.4266029729588663,-10.40641096114759
138,-7.063784578630628,-15.858438773277847,-9.52596002656227,-18.65692978445155,-9.579205585954266,-19.471013355199705,-9.41359860502524,-18.73849963604432,-5.5897023818715,-17.119940279760606,-7.082804145351208,-17.039674279058346,-11.559526266907131,-19.31763300634525,-8.691222307104587,-18.054330299225544,-5.506195283093484,-14.064300673958146,-4.371313836410185,-11.680007547144942,-6.949585246247253,-14.035988345668208,-5.847157494044878,-13.693100469239576,-4.215948420254108,-11.452956034774076,-5.2361567927285515,-11.84628636969017,-4.373294951357288,-10.644574559762985,-2.451099322618454,-9.932050369972332,-3.0911333193517523,-11.663579384362388,-3.172514033949483,-10.42980965569846
139,-5.943865436427323,-13.954552515829665,-9.345626972029272,-19.006335188114832,-9.036447798157756,-20.383842827174806,-10.603825642253295,-18.426354224388884,-6.3470242046799115,-12.435625881388262,-5.723942236373426,-13.012632358511153,-8.724440627913422,-16.6778025663286,-7.054654411779163,-15.230167410309086,-9.372670148820859,-18.170431104171985,-8.337876797247754,-15.573261080240817,-8.624592667878563,-17.296602691836704,-7.664599530692487,-15.493273021756377,-6.515441328596797,-15.13678403469504,-7.945204542855292,-14.78170856835465,-7.146893903481525,-13.686933377597457,-8.105345464436994,-16.322788484549008,-8.937474800980482,-16.937980552482177,-9.425469788128769,-15.387765873820907
140,-5.029964780077765,-14.478945418127484,-10.039957953624896,-19.727178629836214,-10.42559452920588,-20.595896872910274,-10.590953204805352,-17.04835486903576,-7.519877575538521,-15.052774077491444,-6.062222755352572,-13.034886279120524,-10.281659409072805,-15.773366812858164,-8.547962423330372,-16.57089733086794,-11.594955480775464,-16.99063618086137,-5.925669189501495,-14.350493906848696,-8.48516446720745,-15.99668762770466,-5.975603782310865,-14.287492073693983,-5.2541678522348985,-11.992591872269223,-8.859888675877476,-12.46514690903409,-7.5670265872696305,-11.954609451159794,-10.876221794444165,-15.484564508143468,-9.54385546495209,-18.129744332170755,-11.727315341370414,-16.386588662171047
141,-6.579212557009728,-13.198761567074598,-9.391586771699215,-18.05267262593359,-9.177448825656448,-20.28137570478688,-9.51342210297084,-18.372099988775492,-9.558213962657279,-16.096043028741114,-7.657568821019787,-14.968998731117033,-7.953213709322209,-14.153299133490027,-7.253356881269592,-16.412854528891284,-8.12620353538807,-17.340474250541224,-10.375472083654355,-17.224439047998324,-9.87766189204685,-17.23455073220347,-9.459770524759792,-16.48251775012507,-7.3771326110528985,-16.14491031444619,-9.194330707774004,-15.992451455204037,-7.9156434709785515,-14.343793048228013,-8.424597120201689,-17.934792998747923,-8.66510844265203,-15.738335172632485,-8.348373737823376,-16.832885814384795
142,-4.269708461717186,-13.459165609305874,-10.197017174376096,-18.692287460905458,-11.065040844791271,-18.843371989414386,-10.025027277614694,-18.53474800296553,-11.962891102045123,-19.137275450077883,-10.645726649680709,-18.29347902155128,-8.19192930381474,-15.057016219896472,-12.18929916132716,-19.833943618864232,-10.638582541673083,-20.174391846434553,-12.502692009869147,-19.79632901829332,-9.321543615563993,-18.084590161534862,-10.500231127819415,-18.54379681894326,-8.267054121459235,-16.369349416320492,-9.273389292921294,-17.09848535186192,-8.434087046741638,-15.415235664742838,-9.17882163084236,-16.31610400803146,-8.434340654260144,-15.643225679437991,-8.004554856648609,-15.287428886212684
143,-5.338568000461285,-12.53634817910778,-9.934258810872183,-16.561452935690497,-9.445813347816383,-15.777023233531601,-11.162390164536118,-17.71377567133142,-9.037686776233922,-13.030302022637423,-8.902925852766781,-13.110969168689671,-6.648646594713069,-13.664476341308095,-7.269384695826256,-13.755825656812178,-7.59142510748751,-13.730341151883591,-8.648412233554657,-14.291226094509,-8.903247583885992,-16.054152765959813,-10.512312204942344,-16.69335850460674,-8.665750954531797,-14.979027614101998,-8.537418587474093,-15.898421461106862,-6.609288633871971,-13.866089065755796,-9.255714524307225,-16.076578636790096,-10.123052122299312,-17.441981177702996,-8.318234240447872,-16.641296160080998
144,-4.167730584153731,-12.309903677124215,-9.713723178176046,-18.11579641748688,-10.713212393629314,-19.608984486161013,-12.14904841613367,-19.752687197169138,-11.484202777925802,-19.402516564598574,-11.28762944846854,-18.716239982965867,-13.1843961586664,-19.511318542991894,-7.117597182687879,-17.004179947941015,-9.15555354371144,-17.815731760639796,-10.444515143852982,-17.811212913866534,-7.54964022890853,-15.330185283800898,-8.620781242694065,-15.725402094993981,-5.657440055695487,-13.066633344302776,-6.209066457425244,-12.271841119738994,-5.0988633670806225,-12.377159098138117,-6.25125785818369,-13.990569769695316,-8.686152702239479,-15.116908783685334,-7.932967822528263,-15.289023676152894
145,-6.792657041335389,-12.872477834015935,-10.674052525411772,-17.929436725433284,-9.587140069631465,-17.941115258055508,-9.552871343168244,-18.016971673779185,-9.869780624041436,-17.636419954258418,-9.681962852212152,-15.762333968094445,-7.9484799961519315,-14.2843903610739,-5.534673318494807,-13.072162736250643,-7.151194470847165,-15.15455687067059,-10.36971230326355,-15.997993518982636,-10.484921812783929,-17.80665458357393,-10.845464033995736,-18.544580161912506,-8.460657641599203,-15.395122172585712,-9.759842474030544,-17.29505523775093,-7.252269148533283,-13.635504689141547,-9.641143650153879,-15.570622337092352,-8.081153316968843,-15.53184328085001,-7.285686641180079,-14.926103552006325
146,-7.032050094375341,-12.888056068481728,-9.832729733201084,-17.71735863807696,-8.956958028578105,-15.158201071189282,-9.231913992685383,-15.699670746260141,-8.974595320351503,-15.81848137374842,-8.518363714716383,-14.258777353701884,-6.471118689426948,-13.547523699539084,-6.65545668332649,-12.975840690331923,-7.142016278328538,-15.15657827912718,-8.791187350170443,-13.86925051177153,-8.856242845593927,-17.023710008578647,-8.322697430440773,-16.52073809463787,-8.243762601110353,-14.96894082209086,-8.763882067809964,-14.893592150015207,-7.920981796950639,-12.950011869852771,-8.19946668438538,-15.482304527000375,-8.168444413530835,-16.906527195636958,-8.628600450209555,-16.175941699618928
147,-6.861569065261257,-11.800660894228763,-11.117336299421472,-19.666320946538967,-9.38502842546672,-17.985576997290266,-10.674557999322507,-17.763953936214772,-8.014949178019714,-15.694864545859081,-7.872795721617033,-15.627517550043347,-7.14865530535636,-13.42760756927758,-6.854865821304621,-14.237801227484777,-4.7754468370934,-14.549969752029195,-6.567675372816827,-15.52093482070173,-10.531244266778572,-15.867834525620829,-9.129990451630634,-16.651007271842396,-8.555050129051443,-15.094405140785048,-8.440216580117923,-17.041626360103244,-5.983549526030126,-13.286684134995827,-9.419833767106645,-16.215280418743994,-8.344872232565384,-16.557813220008992,-8.42874014427954,-16.83308575769843
148,-6.663055035630398,-13.895502353419364,-10.31914175633526,-18.740332605885108,-8.346155089905647,-16.125664552569884,-8.390747967163216,-18.346659670804705,-8.3849015154364,-14.931314329018477,-6.37319472694376,-15.231579817631577,-6.288961753457852,-13.653246195057926,-5.77741085940378,-13.515601131392646,-7.831145342370362,-14.358426175202306,-7.932796544268619,-16.428683316432224,-8.81022262599741,-16.541651721814596,-8.337704449931698,-14.307372371152118,-6.3304936987751494,-14.004983584884322,-8.664168642788928,-16.504116366792804,-7.667140840657223,-11.894795774649257,-7.519872091718832,-14.531032517995579,-7.349960199675293,-15.751865279810193,-7.296430927827618,-14.569949481472598
149,-8.454301091781362,-14.589011705303802,-12.0753621080902,-18.62101857854921,-8.798825266179598,-17.979408412239838,-9.474704269907988,-19.14914346344935,-6.702846778081946,-14.442223853736262,-6.988384685305543,-13.588971421337071,-8.516228971597153,-13.315696027455697,-6.248004477664968,-13.629321769569085,-6.367622274693645,-12.963209868556437,-6.901338064129817,-13.291230592898604,-9.22196556913692,-15.492510363324307,-10.228766198806735,-17.18040030932585,-8.463531144830865,-16.03007311222297,-10.328494791420454,-17.917833085868022,-6.774185741483586,-14.021816345019433,-9.307774536494307,-15.959413773489945,-10.009904190020071,-16.508413819614088,-10.213904035583221,-18.36091694734309
150,-7.811456582813231,-13.409013413096877,-7.945772896142107,-17.481143100251202,-6.138484914470201,-15.371802892859286,-8.906732855819495,-16.91529212911999,-9.189171593636633,-14.973710743968171,-6.870717199283932,-14.580908849560291,-7.219254198998843,-14.513192505392823,-4.69353424151173,-14.073729266333697,-3.435806763270231,-14.630687453859876,-4.541610583919976,-16.178104961723815,-7.607511731927055,-15.522450815660392,-8.089935331985942,-17.503450813804346,-8.035776110952831,-15.319525146688653,-9.426348095919959,-16.59968379042929,-6.184557470277289,-13.348156077892362,-8.753704777924721,-15.387264402339081,-8.51233293118814,-15.903011675278362,-4.875075274825445,-15.169158439257798
151,-7.286979584148963,-12.309883023558958,-9.486513752229019,-15.251446627178424,-9.272491569999131,-15.908589536878097,-10.342871309877516,-17.92073741783172,-8.550033110780129,-14.319049318719166,-8.853664055396438,-13.984872850341869,-7.017229409289665,-13.731432067844016,-7.309423412762853,-12.758020751598107,-7.135814205043528,-13.467403374927775,-8.09099638918348,-13.115615547154668,-9.254942008988007,-14.369025415391354,-10.08217809587231,-14.043409523879193,-9.112239082506035,-13.516292563638547,-9.592533287654337,-15.23385849656387,-7.0284374668889,-14.63435475698246,-10.62787864488097,-17.243117069667683,-10.080238246958611,-16.57405971107037,-9.656904230008696,-18.029951257557943
152,-5.963730944932522,-12.698588971528356,-9.591793176718282,-16.690019936986943,-9.484359533856972,-17.875389750681258,-8.980332713622527,-17.753924750333788,-10.695767903273246,-17.60987651769771,-4.627995337560046,-13.929808614125996,-5.391294480023275,-12.693225388495863,-5.611243539116359,-11.896276175576041,-7.4776227438926535,-15.084701913909997,-8.836143330114261,-16.67818655115631,-12.786533674902646,-18.52594008788338,-10.696673433069968,-17.2360938964979,-7.412779764533272,-14.026927889341643,-9.331340079919851,-14.400181282275717,-7.257708817736472,-11.866389384272885,-7.988980343166805,-14.686215932431576,-7.254822863620634,-13.028466262323859,-7.415551540673565,-15.904521717651662
153,-6.858142378222013,-13.093535047968674,-10.260780129899986,-16.17995544095713,-8.894800497604809,-17.182904234755686,-11.622706644209435,-17.05393298922519,-7.679708162505579,-16.08058537082555,-7.090204339541443,-14.73911147241338,-6.934237723065272,-12.18831201775573,-5.547993055070642,-12.874853154857039,-7.951764382674982,-15.1592783160699,-8.938614521439558,-15.388573300242754,-9.272688067872483,-18.12031708083334,-9.612691668546399,-17.760668277010517,-9.48887973723722,-15.000828236001809,-8.41331002905933,-13.353115066844651,-6.045182460987152,-12.751679587494282,-7.641092671249531,-14.721733041313943,-8.089093341418089,-15.056811465652329,-7.766946267985624,-17.60696432998133
154,-7.9392843028771765,-14.270726217222961,-10.880859585626219,-18.740305368911525,-7.678355433783293,-15.92259218747294,-8.964939029078087,-18.451000336428617,-7.0207628161174895,-13.127012798558608,-6.330090609130298,-12.563474175773699,-4.534188793238313,-12.88350251035361,-4.596634347496672,-12.277947026849107,-4.755918058388717,-11.179314260981103,-4.038775039833465,-11.242493841152736,-5.141404605105915,-13.910747032799776,-5.184226186064178,-10.994435248577542,-2.129702741141462,-11.654792897582471,-2.842825823335218,-11.823323608753276,-4.079036028647195,-11.354835565478501,-5.502190338829106,-12.10886649878572,-5.513153240673909,-12.914879355331513,-3.263214903123393,-11.091541887904313
155,-7.4678875000399785,-13.859871046898537,-9.73000511365344,-17.912155786678493,-8.013070555786959,-14.771814696561869,-9.375767667829866,-16.349752791755325,-7.498426375950629,-13.580436017449154,-6.699800138543402,-13.368216186612916,-7.003034877545887,-13.396919466309447,-4.52322120979942,-13.932247742536806,-6.199812026939221,-15.523033354604356,-6.681722689326044,-14.180763565093578,-7.596228135287937,-17.668386139481004,-7.425966180752615,-18.309471116938823,-7.661799441426536,-17.291194540799072,-9.326002000535757,-17.92753012117603,-6.905865311185852,-15.138619043476783,-8.83706366135102,-16.41792073558337,-7.873972605368063,-16.649287765865093,-9.180181072607667,-16.83615882497145
156,-8.626727820397125,-14.07584654486942,-10.882904353245571,-17.725346930331803,-9.560322820472257,-14.759443694111038,-11.252708770130493,-17.713588357992446,-7.76949708348786,-14.323771548842165,-7.048910493165186,-12.08875628631407,-6.6346033382027105,-13.617467687803483,-7.149079739203179,-13.648316544054769,-6.95787488101594,-13.986889300206848,-5.615564716017399,-12.882747399524687,-9.34214552980362,-16.558250278976203,-10.285416030105415,-18.501869753852954,-8.792905341499464,-15.58342890919948,-11.143870087128601,-18.190121121260717,-7.254682537067677,-14.15493394447948,-10.486433669508441,-17.344143129249307,-10.742768596547398,-17.416290408688106,-10.66941190747472,-18.38713302043792
157,-3.250690011152062,-15.590671537654151,-10.807376816482812,-18.983168698756742,-8.33645805944047,-18.92348273907433,-10.763348284280989,-18.962185943156918,-11.550290953381664,-16.963348048617036,-10.541735615133327,-16.370845637980768,-8.795997085328414,-15.505127262462086,-11.69598284184156,-16.958842720639723,-10.85638121233857,-19.050973939144853,-12.574032413677283,-18.20246379504901,-10.403105997831695,-18.918404534010385,-9.355136835213969,-15.521526675084447,-8.82857223676494,-14.298793241841231,-10.835080697668033,-17.653956019105596,-9.012706285375394,-15.561642933078414,-11.247886713792454,-19.19131724537928,-9.708804513244512,-16.42512313222913,-9.103995512863332,-15.585887787859406
158,-6.191479027119389,-12.360152279419253,-11.585376097315978,-16.533005871739274,-8.896942982399688,-17.98889150420785,-10.4975969028154,-18.769305613500332,-8.282291765773394,-15.17303160401745,-7.269461308337604,-12.03821400073495,-7.632460559088459,-13.57886044337916,-6.717705134791153,-11.922196707476704,-7.772948168313577,-13.378433594382466,-6.042372467097144,-15.268391097377593,-11.04604683691239,-15.243083795779073,-10.329660778348766,-17.47141492906956,-8.835609983713933,-15.049251521743033,-12.228999897409476,-19.212010734999943,-8.001867122106447,-15.475024203824635,-11.958552733458827,-18.325169285320886,-9.680203511498696,-16.962206055793516,-9.507905300686302,-15.719726883450832
159,-6.184671854323367,-13.506344658156026,-8.807522002805262,-15.645658256135262,-8.978348308863138,-16.682735212560026,-9.23058583028984,-17.553977902441545,-8.899581261262295,-15.045772537297522,-5.9942506924854655,-13.429722720463,-7.472452693104785,-12.73958630603454,-5.096555174166705,-13.022451571065707,-7.476590485410011,-13.924100339058754,-6.112331571757988,-11.679247273289889,-8.852769269324753,-15.00153202763416,-10.234884975018987,-15.935189633868967,-9.288492670032442,-14.412333332622769,-12.247843527340178,-19.119712273110935,-9.021011952184043,-16.412071905125604,-9.83776841288016,-18.733195101569503,-9.52764316569115,-16.861945650672247,-9.57691963349922,-18.29276984814623
160,-6.401706177483435,-14.223482928761289,-8.95692545401706,-15.967518925838856,-7.894862479732845,-15.88083363160669,-8.810354010613754,-15.669227463932756,-8.250148146804468,-14.328523465355648,-8.005682341056133,-13.737967638018215,-6.7979378940571555,-12.542355226372361,-4.892440371572435,-12.820462695314676,-7.700199773220408,-14.642015258251016,-6.243992853222818,-14.275366507009927,-8.835643393282368,-15.497163187202382,-10.982432124282724,-16.85809003241651,-7.709934497158811,-16.088558835938272,-9.783082011917719,-18.17679101873354,-6.681788098655544,-14.568441897373871,-6.590419632933585,-16.698928430532632,-6.8847981066456,-17.995119467631145,-9.443084013636627,-18.677228057410957
161,-7.561855563410721,-15.090682539655125,-8.57548449443899,-15.663073797699225,-7.609038853793461,-14.724866240464113,-8.56150671920773,-16.575494876529525,-8.7624091181485,-14.767176471024522,-7.999134510045963,-14.499400608917943,-6.667389279291756,-12.714820090897526,-5.83783681764123,-14.014792198958528,-5.574730249710614,-14.741881188513448,-7.363501261577229,-13.961724939841888,-10.268417669744476,-15.179211442106917,-8.566602613609923,-15.445578459502585,-7.316159078609816,-14.652670330092299,-6.8433936012670005,-15.17756399321784,-6.371338225638359,-13.565278015200906,-6.829026040595157,-14.039756612803629,-8.74853312958474,-15.36735754934023,-7.135323641481727,-15.804366548446351
162,-6.299442055320165,-13.107547123355515,-8.160462344673595,-16.039010086476416,-7.775970748946921,-14.196788712249111,-7.0844463125916715,-13.476489413474527,-7.19107640111516,-14.181392962450545,-6.349341069925886,-12.527042369076554,-7.094958447544856,-13.981704848657618,-4.62671328409297,-13.15318932690872,-8.173418675097043,-15.397057059685073,-9.449692060203125,-15.753337355663131,-7.689263964343254,-16.18485425673731,-8.751914100353972,-15.974672369718041,-8.339143461938837,-16.60254032698354,-9.912265206078033,-14.287298857292154,-7.817013363638364,-13.276806680810157,-7.77661725027806,-14.911958162785412,-5.950958531676292,-14.225211791566448,-5.860340279618167,-12.172017110316053
163,-1.7665593363267602,-9.603884038512296,-4.500742119910853,-10.778838010141413,-3.481948948700187,-10.18937663932308,-2.7923316633961477,-9.441904945757257,-3.77140528105919,-10.294061408254313,-2.660000960196194,-9.402345685019721,-3.3823932322027033,-9.953525799262747,-4.7859948786645905,-10.422180973036209,-4.331520454286929,-9.67185024929708,-3.8270708181680964,-10.160867303915076,-4.110794377786236,-11.344645771982451,-3.988672235984163,-11.843181370178073,-4.051378625943057,-11.870851907585052,-5.299255788103903,-10.49683787472821,-3.3341478383884176,-10.953132694678185,-4.571869513087324,-12.90636289837612,-4.816369921282969,-11.541252650877418,-3.9734776313952813,-12.21734512067485
164,-6.073578851722435,-13.016534632207197,-10.84251941353794,-18.564999011382,-8.496413505518873,-18.6080848711371,-7.274604683529554,-15.086243006213952,-7.041475809926252,-14.11845752843611,-9.820726864595239,-13.794406145747992,-10.229917994342223,-13.848669718197096,-8.764788671822513,-13.497470023654056,-5.3467890445149795,-11.878284774692622,-6.2655866935436775,-13.008284651593694,-7.949645484364809,-16.084892340258875,-8.66297955211343,-16.368895023291213,-9.15896810079728,-16.787242426685204,-8.613046621612725,-15.426803304978215,-6.107082991623562,-16.1429788504537,-9.561025269531918,-16.21939844461492,-8.211479989331536,-14.301436312779687,-8.094035073220535,-13.74166394668203
165,-9.055880739372903,-13.972834360337485,-12.990374162595801,-20.24759542278835,-12.336099292141709,-18.79673679357124,-7.876596806258921,-15.681013227888732,-8.284369028831133,-13.117960171877028,-8.918261452922927,-14.630396355382512,-9.697410611059336,-15.204578023853712,-9.339342290882003,-14.04710535972385,-6.713195621780335,-13.921773147370347,-8.105624093959733,-14.834619779028547,-9.05932657555525,-16.561315504873978,-10.200204659814055,-17.087297359670487,-8.728449189277434,-16.454165923506622,-7.211717162757676,-15.223992934222997,-7.344180169425904,-13.959093071587624,-8.927401113223134,-15.226392814353002,-7.8427741961161335,-14.580296379550441,-8.200769303372644,-14.057034178320226
166,-8.58162421651453,-14.39470252616516,-12.712731303153571,-20.52639123231755,-12.283669130871477,-18.79164547803289,-9.167155310039421,-15.483936490532619,-6.769847002246014,-13.673797089409232,-9.08164944737724,-14.020451764076519,-8.951298303992703,-14.30470999276126,-9.042326459094092,-12.976370722314803,-6.226138175511455,-13.442249448069912,-7.086211512214788,-13.980504522549268,-9.172587179716853,-16.159287769450515,-9.510897288280116,-16.943047653657242,-9.595478189887345,-16.627813416307575,-6.9867967054703515,-13.42412595118911,-6.98563002354731,-12.613871950509095,-8.172656791740613,-15.290813249779925,-8.448480567559681,-13.392500098505893,-8.604763219531495,-15.403715597295049
167,-7.341306720044768,-12.360773013918768,-10.314045004808134,-19.008779241849112,-7.923779805058028,-18.838471826268407,-9.416193910248857,-17.847359035317247,-8.631265231973092,-17.2479367790914,-8.636332590017846,-15.991460593317079,-8.747608813578989,-14.694193599999288,-5.230011427559637,-13.911589944610078,-3.7575610062098512,-16.565678581461224,-8.53902125295642,-18.399803528839794,-9.162911805827543,-17.906066812580526,-11.360681229279503,-19.26801475850368,-6.603053693015962,-16.063239633719476,-7.976864330163732,-15.258423790281405,-4.47913455497307,-12.973600887934664,-5.456277987687969,-14.119398547512116,-4.91129796125745,-12.868121727067212,-5.3447352042797105,-12.732894042305746
168,-5.519536928254903,-13.50320422245481,-8.819587947139514,-16.81995471297832,-8.329716015582418,-16.388181514591146,-9.143382406253064,-16.681613424786317,-9.053553937601569,-14.671965680459827,-7.803217936715397,-14.418330621243225,-10.113211213777324,-16.439435219832387,-6.569060702483858,-15.185123786332293,-6.477207769260643,-14.736755206993248,-8.999436343226442,-15.634457701183624,-10.7859612567049,-16.647758475139117,-9.40742361977369,-15.54677521062952,-7.7369902249902145,-16.886429632987948,-8.664460791696582,-16.336090431849538,-5.500441733270993,-15.30743727785605,-6.657323628150486,-14.475986009414871,-5.715842590873107,-13.808512129114705,-4.830130547483161,-14.156836278933426
169,-3.7996849918007793,-10.030922476254121,-4.298238529658468,-10.726737688431472,-3.9655198437270474,-11.634593009026721,-5.2217537214870795,-11.893885355920709,-4.677404809061171,-10.562127263393286,-4.2489351871192875,-11.524115784277189,-4.5751614874235065,-11.28277826664607,-3.9642517933451753,-10.372909083451137,-4.468770317159854,-11.823257383174528,-5.341705856967537,-11.2605000077134,-8.533883491334018,-14.75393242894295,-9.47676291503346,-17.221588293944748,-10.548174289984862,-18.387035930967347,-8.33010678375479,-16.37451376290389,-9.57586228655915,-16.281145886477052,-8.84693370520948,-17.170153624440935,-7.980845449261244,-15.23172471281509,-6.029232916100767,-13.226881614229075
170,-6.842653448245679,-14.219548480707962,-9.238846435726764,-17.942215108382438,-8.131163921520153,-16.516802766288546,-11.169509200039197,-19.03566770458718,-12.622757965361515,-18.431938520380196,-10.779102428834243,-18.60579646087633,-8.459352090752592,-14.085805510807127,-5.815183932415935,-14.881016712156836,-9.319473269369677,-17.71514397271301,-7.906300577134704,-15.6713877126903,-9.27605618629549,-16.89901045442801,-10.978711718223506,-18.459304093363993,-7.960565324176018,-15.641960079728905,-9.224877285149343,-15.98884766669677,-8.250892167277554,-14.042534071621212,-10.909609821347278,-16.79882707327028,-9.231517358336394,-16.792967201893244,-9.402136465384226,-17.675780744122424
171,-9.105610346114808,-17.271256136009796,-12.32103121732633,-19.3773356544396,-8.780634615557478,-17.954057386815794,-10.653073010049637,-19.439253959331417,-10.95596498292405,-20.820144991121182,-9.768671660851618,-18.854600690843398,-8.46217794984392,-16.148762490667135,-9.14254913668048,-16.872794984098725,-10.576886582601723,-18.95579939604972,-11.733643641457817,-19.056779733515558,-9.88392306453486,-19.615054203341536,-11.970200373839738,-19.644284895863716,-9.292427152337234,-16.717159005201083,-10.401113934765347,-18.320021460506716,-9.25269870463737,-16.282633502989,-12.637975775514324,-19.16952943049651,-10.288161633903169,-17.871617818749876,-9.816234540777655,-18.758264929918912
172,-7.036428401263612,-12.96594313469055,-10.67701799321534,-18.388889933636683,-7.141680161560461,-16.18630924736569,-10.562222282646234,-17.60818885261387,-11.52361438270999,-16.731421292676675,-10.294425324531367,-16.312362186503066,-8.735467887470525,-13.289352434925942,-7.0397426075372085,-15.143405146404017,-9.25346251060818,-15.828858816694865,-7.670654202203756,-15.664683316485364,-8.945806875306952,-17.45135049236354,-9.830813180684402,-17.74132012231822,-8.065960882980509,-14.138344104888393,-8.792942590138797,-15.92603833566873,-7.763764252806223,-14.324590398432273,-10.305519483503753,-15.764987960071393,-8.399677699652857,-16.302484089376822,-8.123080308572774,-14.883785306440478
173,-3.327418445690477,-11.2185926673624,-5.502764709406623,-10.56390093055946,-3.8723006889175076,-11.812975872380632,-5.113225429463376,-11.196173089209356,-3.246825875522587,-10.744078184947753,-3.7635661866091747,-10.047612858592764,-3.178047904042092,-11.967286233667885,-3.271469986320633,-10.375011358655934,-4.195729042255183,-10.032557431800974,-5.197864240650066,-11.113296816155774,-5.183014234292554,-11.293666841333891,-4.6960077934322815,-11.59013398235744,-3.8854948816302883,-11.54192199721817,-4.940732575685757,-12.394615217421478,-4.617328976565351,-11.331966353402564,-4.639227124660059,-12.165267599061991,-7.844149779863029,-14.866399594301456,-8.913639487609254,-16.365024617826027
174,-5.352194433092526,-13.15784061450241,-9.005961749457786,-16.255448512652602,-8.237502010721702,-14.75108061825772,-8.958358838601539,-16.428812703425773,-8.629688116236627,-15.263891683407236,-9.25602735850091,-13.68058926003725,-9.62790703184205,-16.884665490127635,-6.077126051095246,-12.408158793856039,-6.434163599911001,-12.447082108753552,-5.858601491785778,-11.334095314530613,-8.697972937206686,-16.908760341712863,-9.050033765238947,-15.62048636741472,-8.927719733433936,-15.334627811401603,-9.97603944500893,-16.19765986918164,-8.295054114651183,-16.796653793812524,-10.553288337528674,-17.154577126325048,-8.92412173285246,-17.051335538837133,-8.093467635153385,-17.02188637002445
175,-3.941130090752348,-13.161800240344743,-6.768112012292465,-15.617293719037896,-6.8451982137745135,-14.887065087247064,-8.30675075129374,-15.05602571365728,-4.86060727041954,-11.064119658133336,-7.22361408096222,-14.810640027661023,-8.091410876429421,-11.134189798377447,-7.552701341290553,-11.944389793216256,-5.725200336995479,-11.67318128477405,-7.704492173831615,-12.888605069210051,-9.660376957426632,-13.306636775113676,-8.02539841900488,-12.849844546736481,-5.599964743008174,-15.001113142088302,-7.248355358827853,-13.489823837499909,-7.938182175286582,-11.808057171259932,-6.434091565882477,-15.251884675840738,-9.19968622025867,-13.257903301086518,-9.109947668637204,-15.23168774654544
176,-7.017273695496867,-14.91772562542188,-9.665533439444769,-13.829973484687843,-7.685367681454705,-14.725330147947577,-8.390166317980492,-15.282752591412587,-6.5044164279778265,-14.428330414842641,-7.366710582896356,-12.205143673802928,-9.82393369856407,-12.024548283150656,-6.346805422488528,-13.230406350698834,-6.244794145770727,-13.86804124311876,-8.443667626359328,-12.526418251778175,-9.076306915274984,-14.464487787226549,-7.810544140722166,-13.120878585845766,-6.642648569157856,-14.619982986823866,-7.996094578222074,-13.994938902290524,-7.270214736693931,-13.28108880807038,-9.223676698074318,-14.15971917044179,-8.762467033699568,-14.393819624761392,-9.174043791226449,-14.498161151169434
177,-8.010784615900894,-13.992446063520951,-10.261139721595507,-14.402480164576465,-9.114586859956024,-13.820476382785241,-8.88250405580946,-15.100970810717381,-6.410854868967862,-13.608637537664986,-8.170489151099522,-11.58765842945482,-8.309101054097423,-13.320497821580267,-7.054816833565351,-15.137395090083306,-8.172553546220954,-13.381778128372046,-6.220895078246832,-12.495254057222082,-8.891000426319229,-15.663833177793835,-8.604133186182315,-14.172495602389896,-8.430036298315475,-14.652840831195215,-7.985070909030131,-14.205334658671962,-6.607492297136083,-14.582211187014389,-9.142724436731527,-15.456216782973735,-8.0718605241476,-12.635234530994992,-9.223965176757343,-15.370160148209733
178,-8.851886094255882,-13.299170482251863,-7.463173016836158,-14.413374432834322,-8.872433630468727,-15.250156862988211,-9.607694326830055,-14.646078819085336,-8.625668012168887,-13.925196894871252,-7.372351778927559,-12.247900944542568,-8.155788144391812,-14.111668021771981,-8.020680594736328,-12.066825768350437,-8.419080203297295,-14.414799171381109,-8.6240120785124,-15.123924050257285,-7.892824736288931,-16.73374176229373,-8.240097338485167,-17.65378870597463,-9.099532634262568,-17.58218634433197,-9.822677953965806,-17.22994162544278,-6.514033988763167,-13.641074346013314,-9.258104085546803,-16.726189062674187,-9.53687393550046,-14.426075864118282,-7.0946009257334675,-14.7702077377972
179,-8.002358165820436,-13.657935603855542,-9.311568992516209,-17.895568132781783,-6.86420337356854,-15.053848275397089,-9.231019922166531,-15.072219464271763,-7.338023902139183,-12.942899543885144,-6.4198745924189,-12.250160092660387,-7.058012144633957,-12.64155687354221,-6.979283186569654,-14.303935852444505,-7.674801930522559,-13.753320610104964,-7.219308610818745,-12.37380466170978,-7.594174596214337,-15.048801879734587,-7.976663491598104,-14.99179296923094,-7.274296496513911,-14.54597619496797,-10.045646692267374,-15.051431444780363,-7.501172197878513,-13.661030799968483,-9.78976847896608,-16.226232964828856,-10.12887282477955,-15.14100905737772,-9.43738388477891,-15.386458197855992
180,-8.177333454786416,-14.88026710522335,-8.982255566823634,-15.03030953786196,-8.626960380790473,-15.485845705425278,-8.902769017487529,-16.37256974628165,-7.4798392269714835,-13.878488646331125,-7.8526644554787275,-14.076673312031932,-8.10132782399202,-14.937748408006609,-7.6909191706291224,-14.820722259567145,-7.846797207438756,-15.140467378227342,-9.102090634236351,-15.511642875863439,-9.386772865682424,-16.457431718130003,-10.977886069438581,-17.560304994845932,-9.530598833545106,-15.582539823606197,-11.253410873328702,-16.194687695082383,-9.021530462143641,-13.656800468777108,-10.233461599587043,-18.7755551747038,-9.32261431799655,-17.240662616447327,-11.118484848589452,-17.487421135362847
181,-8.895871356949296,-11.565523621744463,-7.929487295102006,-13.421051502130881,-10.725722230470438,-15.131591884258198,-10.360165939042716,-15.552615962635274,-6.831866734187243,-12.630186477157759,-8.236965968558197,-11.775393469103472,-8.058400689538,-13.90068514713358,-8.746789438912753,-12.740748732479085,-9.512127339352258,-15.781735523935742,-11.244723752596045,-15.08681345599458,-9.742768680900134,-15.900306314799783,-10.837713005203597,-16.812744244549567,-9.369212161512479,-17.44445915225339,-9.725945839620424,-14.45092474922138,-9.593781967614945,-13.425808372897698,-11.306187564762634,-15.862292350139505,-10.760809229213306,-16.313280033025837,-12.111979062616165,-17.27444004951607
182,-5.986799681383528,-12.862191684310284,-7.632740834562291,-13.593981250936142,-8.317723066541209,-15.3912321688499,-8.261211714753989,-13.47013778466379,-8.512778620003651,-12.627503916807065,-6.397436608218796,-13.181372159173101,-8.45767714815237,-13.815843698770852,-7.584940750505439,-14.41279765170173,-6.814691868981342,-13.579239620871824,-6.801957562375649,-14.622502554086843,-9.581315702072766,-15.601749600805029,-7.680213979656374,-14.671221891257932,-8.387377762493573,-14.122500174492487,-8.779395620570366,-15.223310998667756,-7.23703397389431,-13.70019163428459,-9.075327538084766,-13.610328348326563,-10.802806285499242,-15.233732426821955,-8.940276368433178,-16.37312629401936
183,-5.805188546747332,-13.92996856745496,-10.216424524838608,-15.246916120817325,-6.680540065677619,-13.079293022651973,-7.787844554352326,-15.559533520752002,-6.115504563048182,-14.436852492304993,-6.341805738252331,-13.508768708119845,-8.004245851116366,-13.0704991602277,-4.422522167345847,-12.673892484603604,-6.055694635144303,-14.74950159523737,-5.8651686845149085,-14.699907637922053,-8.025461670114579,-14.788541749010362,-7.94771702906512,-15.021340939220822,-6.5512514930021135,-14.416635882626617,-8.44120902875422,-15.747803308846098,-7.052597649471516,-12.944510004637113,-8.322332835642882,-16.07883659175984,-7.202654812118361,-14.095162983714808,-8.721571988197969,-14.719978534864854
184,-7.74059826907534,-12.074110080104028,-10.19528460834155,-15.043173006733543,-9.36051003015211,-16.461859062645317,-9.137331623153212,-15.796113014355642,-6.840082349952528,-13.543503785419249,-6.529408025936218,-12.378348177660756,-6.823483509222713,-13.354274047727897,-5.20048966790164,-13.181202023923817,-7.210533585183253,-15.001081925601758,-9.110789734787307,-16.061971798841743,-9.407510570227771,-16.448765522224452,-9.21874818940734,-17.269423260739053,-8.112670658344342,-15.483405777781766,-9.290555029184075,-16.07879002413235,-6.648813815110927,-12.660481392882621,-9.184428217908962,-16.414315863083626,-7.130664043756455,-14.966312869871118,-6.71450804639896,-15.040023660190105
185,-6.981722944139211,-14.173090815045526,-8.033690110793987,-15.04029062295395,-10.000565256902277,-14.790067273623924,-8.749069473429413,-16.658684148961637,-7.843156991990293,-15.354071096396801,-7.676817771264592,-15.017487396029326,-7.365991392793867,-13.275295175852657,-7.015242530437858,-13.435330458474755,-9.107137130255653,-16.17032121758952,-9.417608371691223,-16.220591956089958,-8.870262288139815,-16.789086186054885,-10.539159262070148,-17.47333101572977,-8.776265868090999,-15.451790679140306,-8.729656826754889,-16.00107562723939,-6.773175454188731,-12.66194251063866,-8.64850799745037,-16.822525361739974,-7.1221253480691304,-14.565154501499336,-5.5725554880220844,-15.107028433055273
186,-7.112557105981212,-13.366391197194892,-8.984537428166208,-14.275343991421508,-9.115773499310725,-15.313878322541537,-10.215736200743716,-15.79204139286677,-6.939086767979889,-12.88459408652015,-7.211101158226722,-13.795001929566551,-8.201408890553562,-13.636153999273876,-6.508038473399694,-14.143224479483138,-7.8615860156479345,-14.012417134644773,-7.881954478020709,-14.089122780826767,-10.569607362660637,-16.101388970779656,-9.568779933502666,-17.140418280304754,-8.531959867768045,-14.925262391535068,-8.140223607998863,-16.36269744735583,-7.867527154104641,-12.97339362259799,-9.027073539004494,-15.761250512582299,-8.997668090585659,-14.400685528124171,-8.181054660081891,-15.980143691035412
187,-6.951750795029543,-14.170428321528908,-8.25179857372816,-14.261111111769058,-7.619233162948367,-14.325794869544808,-9.726353540748459,-15.684020556638869,-8.68105843858271,-13.483331638051164,-5.544336312273708,-12.677410725915967,-8.34952287322158,-12.736173799366659,-7.6778134366032305,-13.491874615655508,-6.260166670659032,-14.233710336391859,-7.724030397672754,-15.439689018926055,-11.687704950470948,-13.872106463349747,-8.07433710171168,-16.119330931732986,-8.269334809492763,-14.361836532031225,-8.798984527244317,-14.513235040620184,-6.370216681638048,-11.518293259593037,-8.751481292093525,-15.449355902937791,-9.80023623457883,-15.689084420985642,-10.4211071772329,-16.58809755165096
188,-6.2557606700085,-14.107136188202,-8.1634993741109,-15.846966135140514,-10.649773398335835,-16.066283228971546,-9.071847037603483,-17.130220057708836,-8.815421993881868,-16.72189376498219,-8.239666258269043,-16.02739116227717,-9.050897319949483,-16.1528961194075,-6.681917111649409,-13.758433246327664,-10.223629394446402,-16.62515907337124,-11.153178697594704,-16.537381769851866,-9.876629383332261,-16.535461842425065,-9.794718952619125,-16.997860061532432,-8.50474991009368,-15.723344294845266,-9.231002167323675,-16.127958461332433,-5.340105218179527,-13.03808381160241,-6.257996535037137,-13.220960416262159,-5.257355166900823,-11.852837651311667,-6.40170151455497,-12.827265471324743
189,-9.093459608021435,-16.780658970790157,-10.616333581946655,-18.618877548875194,-10.298472008633828,-17.34187260798762,-9.666968114825638,-14.643170165251554,-9.518625149916648,-13.670728007752551,-7.145885336854988,-13.198827462990021,-5.787330179048494,-12.173460472873534,-7.495712646094194,-13.596621379002434,-6.491359379922414,-14.279579408667713,-8.498430214444685,-15.26250731813628,-9.591319130130852,-15.259955274380445,-9.79633249173512,-15.44455930270093,-8.410023918339828,-14.167555209806626,-10.092773197721488,-15.533550951238933,-5.754310495582287,-11.394609898835764,-10.05802581638089,-17.07650286806197,-9.242069640999249,-15.069657088305561,-9.016232308530427,-17.27565292491662
190,-8.342545133325862,-15.673433133365698,-10.184227107161508,-16.411651789955254,-7.945012017192168,-13.719522088941083,-9.923779737423985,-16.734861841055604,-8.277917117178431,-16.275654127097212,-7.72336524103956,-14.671026477981188,-7.283349442399127,-13.67840931097762,-5.670719792421954,-14.767715240617347,-6.941108215750436,-15.447395736683116,-6.102404148294704,-15.944867406174424,-10.172445813373612,-17.190803823928476,-8.906227745586818,-16.451115882268773,-8.338793376172976,-14.874188422821152,-9.506049873514906,-15.988910625783994,-6.949575948869394,-14.737801689571903,-8.112741479292287,-15.786831283001469,-8.251729342696638,-16.02222190733185,-9.445805657943819,-14.355287958433873
191,-7.174433573868535,-12.711418523984879,-6.13892806377245,-15.43584474181078,-6.7368887088768235,-14.432110354054126,-8.103097419273762,-13.963688352131223,-7.416534227022118,-13.689420274987596,-8.31817931986787,-13.217570944182446,-7.236234736741198,-15.263742856900684,-6.1878703163550774,-12.266235030118107,-4.705760249493601,-10.946910448428584,-6.754052251701841,-16.236266403487026,-7.250574148722463,-15.57332967830137,-8.612772957160896,-17.500184186176746,-6.316663273170348,-16.049808563537994,-8.18226170464475,-12.808095554698005,-7.823723951680211,-13.524908339539984,-6.85244172823579,-14.456774473254537,-7.135251032074449,-16.23718871340173,-8.127422970280788,-16.490053120550083
192,-7.9180940305894705,-13.858809349205124,-10.65677522751711,-16.792337356395365,-8.960893968044811,-15.325836772317418,-11.40194914247087,-17.115147645279357,-8.451049516227961,-11.735378665932725,-9.386902813787044,-12.571711738586735,-8.728041406755363,-14.120799176477883,-6.178411642435842,-13.112123258274273,-7.538088361601458,-15.017133227690652,-9.664556435529635,-17.198771708708346,-8.93359001435688,-16.76129847237806,-8.734961028482402,-18.017110793402892,-8.482609032580616,-15.410249826581337,-9.439689687673473,-16.43054664778533,-9.440870145607327,-14.34720381482876,-7.591301531979173,-15.078479191138127,-8.509883378318499,-15.669507695326764,-8.149274763891949,-14.990960178178472
193,-7.247957168411498,-13.727736247176644,-10.186652397846663,-17.823507478843748,-8.90868593118612,-15.319122345134446,-10.87349720397665,-16.77970101337637,-7.643311447149227,-13.182366178424607,-8.170352833617436,-14.206209036171147,-8.46205827665745,-15.020380895229028,-5.453146004873247,-13.37437059382243,-6.501645050611348,-15.720523714698489,-7.487437192222651,-16.16775093252592,-11.551750716219981,-17.550942539771064,-9.378788170213099,-16.646960391773135,-8.600491343642602,-15.824717885121238,-8.85641118887937,-16.72071752721266,-5.649829149501714,-14.316565546677186,-9.068514499740477,-15.673968165772045,-6.118344685555908,-14.685756660001733,-8.476832042238176,-15.504226336875202
194,-7.251477241468018,-13.560937861536704,-10.568560855572963,-15.833478950597366,-8.663429080026386,-14.416040331001831,-9.516350881244646,-18.01468030005362,-6.383939638493979,-15.24905792516388,-8.561712577855209,-15.706003980747097,-7.318189948800483,-14.429919347441691,-6.968389951405841,-13.52740911269224,-6.424702924631268,-14.173574868711595,-7.467628139053007,-14.55804045108049,-10.285964977461388,-16.280414292553125,-8.879251140875615,-16.772818453954947,-7.704222105665347,-17.14099347343197,-9.167377417587728,-15.573719394229467,-6.6526112116089795,-13.448380354808346,-9.638188618475077,-17.6874538829713,-8.478862928569473,-15.64235555855725,-7.431523361583954,-15.791016794456398
195,-8.108368671262083,-13.835329416089754,-13.096103909963865,-18.90879975346804,-10.054314942081572,-15.483653397535743,-9.844344243623068,-17.651984019164843,-6.443632088870191,-14.55613257329681,-8.43676872553812,-14.320890163348107,-9.342809943155515,-13.84901334318383,-7.030833791724821,-12.566186696433743,-5.850115846657662,-16.10944715901619,-7.345249731062142,-15.174058481378111,-9.1577857272578,-16.76657896141939,-9.19617484044928,-17.72749729796018,-11.287671667787016,-16.89059257221276,-9.28721134939377,-15.311467685631184,-7.683967249276713,-13.649671959024674,-8.328298619612388,-16.27841012638083,-6.671058478740882,-14.851452771806004,-10.226662951958875,-16.82721925093867
196,-6.733700351231759,-13.137138004662798,-10.182545023878104,-19.57691702833789,-7.594481421518476,-15.913762232580101,-11.297656302095024,-18.958889971519287,-8.049361241266084,-14.29599559097843,-8.817867010775702,-15.478382232376777,-8.498884097316331,-15.172101713434355,-6.334450967099718,-13.221157421747268,-7.160944070748548,-14.33403825149653,-6.031962525906865,-15.655989323500862,-10.208124472440126,-17.305221747537576,-10.788966907109906,-17.19491548104773,-8.443544392079469,-15.12993129508631,-8.549838232251801,-15.577008997221842,-6.076906552617766,-12.371686845786062,-8.379869024832606,-14.577182874654595,-4.785609762874644,-14.720649644626251,-7.396728411022457,-16.232640278532898
197,-5.8547482594132045,-11.59260907952276,-10.141130125598783,-16.39753775203625,-7.451793148732597,-15.412235627326865,-10.197325642254233,-16.92821097820742,-7.970328747462999,-13.471533342265712,-8.152355359490842,-13.503059239282837,-8.21640445853803,-12.620053221137882,-8.15405406696141,-12.84208049063714,-5.720397673376059,-14.04111229951914,-6.793249705385604,-16.15612039596723,-8.248416629928052,-16.101932268278976,-8.827726328804399,-16.049668489791316,-6.927053707566798,-15.236277746733567,-9.347315839462368,-15.901560714994506,-6.524007447261821,-14.440243163935362,-8.304968490197366,-14.763890987000334,-7.492901422184329,-14.222167057925692,-8.692359055122253,-14.865592734431058
198,-6.337712276024947,-12.006915967672176,-7.290239633500653,-19.080179180134017,-6.787203474852315,-12.81377787000563,-9.221200791184259,-17.93362364751353,-8.366956000843487,-15.517305996337091,-6.930894493306193,-15.215318362930272,-8.94775881359865,-15.33178425803242,-8.109171279353703,-12.830469683312701,-7.905027611723058,-14.176768987335981,-7.775041693018361,-14.726505025599137,-8.609555636882526,-16.88059914181553,-8.00940781852028,-16.76802345920957,-7.99550063414025,-18.4421964486971,-8.75834673684613,-15.419855417478335,-5.667946031150935,-12.932949863463886,-7.604661521408463,-16.331046617925814,-5.88397574568747,-13.810133208964103,-6.976137515952827,-13.574845333229531
199,-5.917037460622124,-13.758052510978683,-10.964416988320007,-18.181417696145733,-7.896930288185735,-14.35635892387814,-8.805483136670414,-15.059643632767079,-7.079106459362265,-12.79289227056454,-6.370513524494434,-13.190559424368749,-11.067350872485605,-17.329752549569058,-5.6356449514613125,-13.971403931673457,-9.09532431586412,-15.118458194536139,-8.505409954584955,-15.036457125051825,-9.920820675037467,-16.56911342274869,-9.853054753973842,-17.324934079640872,-7.4707273961306555,-15.278242781744773,-8.436032802998882,-15.444918360971702,-6.051285867386143,-13.637515716990812,-5.749882188799738,-14.16911152439578,-6.1124235788756245,-13.124239571530552,-4.727610834479854,-13.462736489685094
200,-3.49391710339855,-11.025930981379526,-4.1579737809572315,-12.484481439904286,-5.22716798346376,-12.038934877326916,-5.052094994168393,-11.53373127420837,-4.855019743609713,-10.53367871902382,-3.813908609338335,-11.185640293187571,-2.377932760021793,-11.88461086900788,-3.610470641202166,-12.097086381465939,-3.4604121404245998,-11.150115778114904,-3.815704331058811,-10.875118137263616,-5.783381300789641,-11.656382743954552,-3.813258606535777,-12.91809741297985,-4.5744786233761605,-11.703289283352982,-4.199003744269301,-12.890726846381016,-4.145520563309707,-12.544217875760149,-5.742127112552634,-12.247395482054909,-5.5456736124156345,-12.523826635163468,-4.339590282999783,-14.189290102949707
201,-3.4036547689368946,-11.853733058773194,-7.8439187458793045,-17.02696752309444,-8.428587588212581,-15.080911124909848,-8.679829140104228,-16.66459385147143,-5.61675571618447,-12.242737247597987,-5.833966744382241,-10.98315435133884,-4.525840879582265,-12.03084330139895,-6.204096659409657,-14.428660086261116,-7.7068876658153656,-16.28353821198123,-7.680645307856288,-12.684881154515999,-8.553818871828687,-14.37312161643009,-9.741020358322587,-17.01753852667164,-7.334993357139091,-15.24635376081072,-8.735216385158834,-16.725565211346137,-6.437220310170177,-14.691364295897806,-8.81343161410194,-16.5358928321488,-9.14779872030749,-17.002279507372243,-9.16565801660907,-17.254716242541654
202,-9.396046727417875,-16.789401923873218,-11.359390043140802,-18.139313836976235,-9.09481622904897,-17.221363881059265,-10.259682640187012,-17.08109460692494,-6.810543498380499,-13.047851463232101,-7.007783005059377,-11.953139982068832,-9.774690913826294,-15.237956270476644,-4.739252156658822,-16.33226356602192,-9.86633816960964,-18.04076457230344,-9.403112157863484,-17.39679140030453,-9.502832232697964,-17.70435790055368,-9.281657336502134,-16.851279866345266,-8.529341932891102,-16.92216486842907,-8.755965363638929,-17.15937837660951,-8.930039755615747,-17.842890370310197,-8.274082445744828,-15.862858964851505,-7.791051078358269,-12.670340587155156,-9.578443517042507,-18.543534193474578
203,-8.631384701581965,-15.136113939501152,-11.673960002698893,-16.338206167510027,-9.609133085327366,-17.580063162448425,-9.326640949070327,-16.519144517518694,-5.667523127339419,-12.855557742961386,-7.263385510217164,-13.098387995446966,-8.383117225814901,-14.33625056320743,-6.171817481339775,-15.970893757774551,-10.275547513921758,-17.248786558316112,-8.77376461614394,-17.70124398249528,-10.09633116165755,-16.212055220930942,-9.692772651674002,-15.95325079408327,-7.203742084879037,-17.031321349987326,-7.614715513224347,-16.199308135124372,-8.398858514025836,-16.193353800979512,-7.532045294655888,-16.247891550203256,-5.945822408126011,-14.102457202129868,-8.935092438946967,-16.7260695381523
204,-6.997538200120146,-14.370277458474055,-9.516072995124516,-15.884083891725439,-7.980720647387916,-15.122876326884256,-9.120160491767876,-15.223167057159388,-6.1505780020094285,-12.033145632503373,-7.731484932422916,-12.10657124854264,-6.574186665859689,-12.485997651562254,-5.126578782500686,-13.995733762492614,-8.958435338104518,-16.538044595126234,-9.151021827211592,-15.938086352274588,-8.995789372446223,-17.100118649000926,-9.660279856813949,-17.946029727919047,-8.219158555512792,-17.42314051232101,-6.996447865722551,-16.31116723476002,-5.571827541147343,-13.220058550944241,-7.021238652179891,-14.357062164264246,-4.651704220634644,-12.477203799746572,-5.499656663158649,-12.634303857372153
205,-3.275660035390933,-12.33124799059642,-4.310665590591956,-12.562558022421966,-4.8457053689984875,-11.819098274231505,-4.429133780435865,-10.07710875432021,-4.013053374485666,-11.441388157211716,-4.005202968224187,-10.131793191934499,-4.1073192202990985,-10.670683509703682,-3.871891886159889,-11.321656515892865,-3.9419810861823184,-12.006831216496444,-5.587296134877457,-11.680301021778421,-4.200785538708072,-11.884591892418381,-6.88300348807815,-14.205521706113037,-6.366983306812828,-12.981070963983532,-7.485257268254195,-15.694751824764616,-5.013009229241358,-13.728018902554584,-8.632297595664877,-15.621102866360594,-7.243092029470808,-15.818772021341053,-7.779706815258887,-16.045223658258184
206,-6.940034994212697,-13.834198986412877,-10.818095810675956,-16.92046855275511,-8.541179950726455,-15.853078550813624,-9.197946450572976,-13.995406139055355,-7.077867497120435,-13.899213360782765,-6.5299713607208085,-12.10183541313212,-6.978584866175296,-13.958164415519787,-6.64616850909033,-13.504919378182496,-7.118754031479114,-12.247910039062706,-6.816087250554444,-13.188929282088903,-7.806535811028037,-12.99408207396376,-7.056421341930392,-14.311328070658256,-6.012064383845189,-13.287467845960794,-9.068739714185755,-14.543070933787927,-6.11228028127997,-12.960869876981107,-10.706790667757007,-17.42670100818247,-10.15604056084241,-18.861838315070703,-10.290418040493856,-18.25344732851516
207,-6.164290440724567,-14.21220232096438,-7.394909134694416,-15.44444666030792,-7.10874122448251,-13.452976473210366,-7.037822618406954,-13.886559758622228,-6.8926894223870585,-12.594773199826177,-7.5927824395394055,-13.04432092837131,-6.02376264736601,-12.77197614698964,-5.867764706893822,-14.010734055200233,-8.023020599230207,-15.76508482393904,-6.27465890976568,-14.183035841754421,-8.099952109711575,-16.219942141071744,-9.29656732397014,-17.11450738947571,-7.759961698255421,-16.069579784413072,-8.04688111285296,-14.943288531897059,-5.363591704812976,-12.664342694816664,-8.41147542624298,-16.177954481351676,-6.971903969958011,-14.79990710008008,-9.033861716722106,-15.899011058628425
208,-6.223066276268382,-14.19873287102259,-7.5178576221203555,-14.499788838439962,-8.700959180991328,-12.784192797201502,-10.691845804929754,-14.036111279287722,-6.931712259440216,-12.634634288963015,-6.693580424035394,-13.186376543476637,-7.56432783741655,-13.999596060294415,-6.82304784820043,-13.366829721859592,-5.191583285739636,-13.521531502598751,-5.377209724529019,-12.800834281096435,-7.482063184166057,-14.385085729555698,-8.861603443269018,-14.382354659932094,-6.416515007504408,-12.521958395519878,-7.888966442127692,-13.5061622107214,-6.073410889373108,-13.215380212740937,-6.646814322883539,-14.5973826776765,-7.341842868744951,-13.84337375835524,-7.5767198075002815,-13.848726234887586
209,-6.3108124629640585,-10.902051217786234,-8.504484819694639,-12.243705108837093,-5.87243375580508,-13.09369766011696,-7.426286394584755,-13.542043951180627,-7.486641133761087,-11.506210175006814,-6.809230290503158,-10.642435238760013,-5.782920047888922,-13.993224642980849,-7.228758114225728,-11.304354701929725,-5.865259597772954,-11.471714507175735,-7.260026056330528,-11.129505250678617,-5.925114073000975,-12.160160327789416,-7.74292909616027,-13.359999771617135,-6.783547495881313,-13.324591586673382,-9.908319220039921,-13.100025458936368,-8.425145347323404,-12.166092998107644,-10.814365566494416,-17.84995970475754,-8.246850902194433,-16.182714501394532,-10.503877941555057,-16.425767444271038
210,-6.81241775804062,-14.308907616169817,-9.612542651613897,-16.80636108695642,-6.608808135105477,-14.306155118744343,-8.470163761251419,-15.428234136826601,-6.771799637098445,-11.326237352329363,-6.230092993095154,-12.730788353730116,-5.1302538726400995,-14.609370303797709,-5.697685747357698,-14.06697047798205,-6.167084209386947,-14.297515503422888,-7.718400475960779,-12.935419722248911,-7.513558230497809,-15.460003210492392,-8.873228879822278,-16.626856400984888,-8.888047724705574,-16.17331865130599,-5.854327696798625,-15.2286600094226,-5.58854080520401,-14.020551392765828,-8.007872737580682,-16.088194018946034,-7.099588999365627,-16.15681448577958,-9.606063659729854,-16.520756248087253
211,-5.380459626431025,-12.420779743676535,-7.088894507386543,-14.406610734210224,-7.766309136703262,-12.983683158430754,-8.029825756049053,-13.975064426671704,-5.303499816350127,-13.311976026398698,-5.4587064137837835,-13.997241879758457,-8.032621156507718,-14.963525677906906,-4.46681178592272,-11.177480901361598,-5.5044765544855325,-10.089826253874234,-7.1548547497227775,-11.958939054387162,-6.4083286296749655,-12.441482490770984,-6.528404653158331,-12.907158622387529,-5.243632772231025,-13.154308031502728,-7.204712329207173,-12.047930472835,-5.089147861522715,-13.392999398509474,-7.473990202121941,-13.944461567957081,-6.2467901159119235,-13.516722674033785,-7.897750588275185,-13.309512354169168
212,-6.439728350542881,-13.754618368451723,-10.006017736569195,-16.737947842000082,-7.430413003816605,-15.358122672950643,-8.839843166099717,-15.396883838918168,-6.740304874412876,-13.688936400403842,-6.552076720935734,-12.553061969979256,-6.81820962456653,-12.800732838890045,-4.515733366679655,-12.724709635503043,-7.490288815764491,-14.564759921978212,-7.800920060586197,-14.764195291511271,-7.850612088110451,-17.441762138714722,-8.482653979900954,-15.715099457115878,-5.982364813506104,-14.309522040733851,-7.585472949757795,-14.149642459125891,-6.087078329267167,-13.873928705392732,-9.54317734106277,-15.900921980135527,-5.760687612633857,-14.319457404452818,-6.71155124778341,-16.748355592785828
213,-3.4984087178588164,-11.451081427346438,-5.709860110561779,-11.486843088966936,-3.6291644921677664,-12.104273008353497,-2.833297746166696,-11.082544083462995,-4.267115351120106,-11.142776688019701,-3.6788075465566106,-9.888615610434986,-2.8007246989494305,-9.9829986712787,-3.117494727591452,-11.272524763864267,-3.3021090865593488,-11.825531788222365,-2.9878620774731868,-10.274122124858378,-4.088928318897243,-10.834154865656629,-4.375832438236649,-10.25237266395269,-3.650189122336779,-11.349426642072205,-7.345622348702929,-15.596335423540996,-6.031906076794732,-14.052400400075108,-9.372550987571055,-16.383666783090675,-9.04870470498271,-17.044899803825853,-10.292709194977636,-16.512390832467432
214,-7.3818209655124045,-13.41916649441016,-8.709548004124553,-15.749872581767274,-7.413239018166414,-14.262241983577276,-9.064550418515232,-16.34267630186248,-5.7735932582119425,-11.76619145491257,-6.513495769938426,-12.728695664330825,-6.657475296474288,-14.00637322703754,-5.04135936125948,-13.006436835519018,-8.036792308165538,-14.727119969717087,-7.805788004258028,-14.79650767402992,-8.914083722740823,-15.264819143759585,-8.531828333566118,-15.406581935422214,-7.28244142899967,-14.62124551828703,-9.09769214323746,-15.641728473679585,-5.799434563574448,-12.312125197205727,-6.554019448479219,-15.125861464607183,-8.286231608522325,-14.04200716152792,-7.730732858412637,-13.606190890953815
215,-6.67805591721342,-13.66085113375047,-9.684276350565547,-17.205274806408216,-7.639839294187172,-13.781278575618774,-11.20061081050988,-16.101417980093508,-5.426212310568656,-11.88938111668129,-6.980213109844247,-12.639000809394469,-6.634208876469327,-12.788091169600586,-4.682221602849967,-12.586007588350608,-10.740686279231841,-16.945975913567917,-10.402324256174488,-16.510907538631947,-11.437510951823423,-15.561457345185914,-10.89798994846902,-18.897297342030775,-7.844155885787185,-16.60396513659461,-9.266538999499655,-15.246286076745141,-5.226731126945228,-13.68543474048863,-6.5970118459061435,-14.888593208528953,-8.90836480358179,-13.524886482798063,-5.284150663480057,-14.12417528456492
216,-3.0396899276709917,-10.559834725540274,-3.6103183174120286,-10.696796704557407,-3.8153129724206347,-10.812884783218156,-3.5901160316940066,-10.208614678390813,-3.1649753037243005,-9.470208813383403,-4.142835729136809,-9.985165298562416,-3.8336513453500816,-10.16893497340174,-3.431260606203451,-9.988024463159523,-3.6391540819392625,-9.829005728790499,-3.44052717001698,-10.468258995154567,-3.378984573813375,-10.7237776506499,-4.7109744977456085,-11.15450877253675,-3.769043404102177,-11.196841815067526,-8.57919546720326,-16.49572118254611,-7.687235500451336,-15.841200410429568,-8.142312902077128,-16.25949952326974,-9.439674187408428,-18.427414443249113,-9.615914615182387,-17.645027446597382
217,-8.79557776175228,-15.134616794877115,-11.404662416702875,-18.095721344150927,-9.55966083260005,-16.22277859624323,-11.45071356225059,-17.845045078777854,-8.47078534918971,-14.649994198322332,-7.050172883482265,-13.982017477496061,-7.565731776097245,-13.34360259802801,-7.303117243205533,-13.955135688072584,-7.535632626615307,-12.988148584298466,-7.421133283546642,-13.83856799743455,-9.220362192178627,-14.930937661101865,-9.693056047674503,-15.424489962238274,-8.23983454275136,-14.684776168820019,-9.856201192790154,-16.361295548745026,-8.70991342309322,-15.340990908810955,-11.035316424235408,-16.573264398405566,-11.310340807061163,-15.668634232845228,-10.72802733714894,-17.00271032002019
218,-2.1700872307914083,-10.346141947587476,-3.4667140029664933,-8.902329205170185,-3.1217269212396612,-10.139177803933162,-2.4411143497175716,-9.953864030271708,-1.9257032979487134,-8.756956350130572,-3.9317183616832407,-9.561577189937672,-2.7145647222487646,-9.389427106958832,-4.000760825695932,-11.14400104402498,-3.7897492900479746,-9.30930660413784,-2.2292433084708687,-9.721903406839537,-4.985724453627119,-10.763632979289806,-3.9062847157326446,-10.91051796191062,-3.489819501314479,-11.630220174479987,-9.118600992111302,-16.43487617477474,-9.399062493714736,-15.89017015135132,-6.90491198128194,-16.583615577343014,-10.905954441765562,-18.319612150473727,-9.081145445576412,-16.57299540693556
219,-3.5992743042514124,-11.559882148945242,-4.0016683074512525,-12.013894606853599,-3.4576663416105715,-10.313399636523963,-4.187052397850249,-10.711476375705304,-3.12476856097725,-9.287489112997767,-4.010673068295915,-9.785341770723518,-3.3038585804155414,-9.83397670906358,-3.7935194823742435,-10.6666717530358,-3.3364839789064407,-9.643329984737834,-3.9027107211981056,-11.216619548502882,-4.202266781905274,-13.14952720944582,-4.856307057681249,-12.679443911225123,-3.741271851794959,-12.05579125164735,-7.696880248018822,-15.249996041970702,-8.931478587096155,-14.257446866166081,-7.305507386804604,-15.96148265336899,-9.090920726888815,-16.876004050829092,-9.139808735834956,-17.436838921519964
220,-7.014869217166729,-14.678628461932684,-10.38938332486267,-17.831868656329654,-8.423885541309783,-17.3673272650284,-8.06893231138136,-16.750292002845185,-7.501476526737431,-15.571974556505094,-7.408179208112209,-12.201774000151783,-6.710482753635043,-12.694468591332688,-4.485952609109851,-12.423846402809772,-8.969439070526011,-14.764640157174451,-9.132725987185461,-16.07543781112879,-9.254986846011414,-17.46524729326644,-9.633681099889957,-17.24564284071558,-8.375066711240088,-17.30369165512951,-6.159881560496067,-15.274837401255771,-7.1372080626260885,-14.867234391925344,-5.3132813803917305,-15.29783016126066,-8.270660295681791,-16.856308532262897,-8.561772060274716,-16.064433314792367
221,-7.700020665913461,-13.566089197192746,-10.554876211873,-17.148687274907402,-8.66947701720475,-15.370590834924656,-9.218482760961832,-18.73774767051878,-5.934031867902969,-14.470419224106127,-6.059746362291714,-13.116253764541986,-7.744198149077862,-12.465112375361496,-5.560644927467581,-12.980789423042323,-5.218862301160185,-17.042620335084706,-8.761936088949998,-17.128198316439704,-8.612468749049473,-15.997735849941286,-9.067469004884012,-16.69333432612354,-8.01019357093009,-15.805817111869567,-8.838464582790843,-14.994197266356688,-4.907960565876609,-13.333949684144548,-6.991463818344558,-13.343498482441301,-6.4657590922360875,-14.124501058030132,-6.783687590686359,-15.413020186566545
222,-5.9071675418115195,-14.500282439292793,-12.051396751688888,-16.896599607823266,-9.682937613968496,-18.12646025357923,-7.247687264491812,-16.7203618859042,-6.998561528935003,-13.80998013728834,-5.945341541733555,-12.158440001271886,-9.035550184362197,-13.210795689916138,-4.84438900968459,-14.262360051484432,-6.728327889537797,-14.828385755419184,-8.768941651814297,-15.99668601871548,-9.258955051872348,-17.39907348990358,-7.3791891934575835,-17.072877537475073,-8.715692330916118,-16.36634888285447,-8.795669715211126,-14.743841346632202,-3.9059616233907235,-13.618803270948066,-6.024265489158674,-13.741360108347767,-6.008266728679188,-13.660843992359828,-4.264566979476651,-12.972415341825752
223,-7.016384475886172,-14.782576392628755,-10.63943910941433,-19.526992088824777,-9.772482286849389,-17.799199887731454,-8.71026011872178,-17.139544434066345,-7.724050706476783,-15.329063702953585,-7.6749712865305195,-13.419213067462978,-8.074597548314676,-13.361124985362975,-5.912541673298751,-13.302946501658575,-7.080453982247706,-16.706598666766727,-9.83188730466053,-15.272021004226586,-11.137536237221095,-18.236319399135745,-8.99984343618869,-18.5644155518717,-9.045486489989237,-16.409209447359107,-8.126856618854053,-16.174968264590085,-6.0133604679750094,-13.531700547878964,-7.931850212936185,-15.299293388810582,-6.282468943207869,-15.178052219007768,-5.212583593181057,-13.486175023486492
224,-8.497768482339842,-14.188008314673644,-9.910114984400526,-19.382287614858782,-9.132235366096372,-19.0602945320664,-8.554293889775916,-18.027810725199767,-9.297859253547053,-16.284145696453614,-5.340509140646917,-14.07547147029912,-7.419799069976141,-11.07244016207912,-4.004854043249619,-13.041763112633246,-7.944764871102816,-18.14506425263063,-9.272229677880807,-15.320529697729445,-10.277075802416501,-17.351522729034205,-9.713344528293394,-19.281142744536893,-9.82437525269657,-18.49556551519897,-10.140613052551261,-17.69715347778827,-6.538741354136923,-16.59247378937401,-9.05334056777413,-16.69354211435587,-7.151396479328259,-15.875291594897035,-7.338491271600988,-16.169286592451673
225,-6.8919356007759545,-14.79780964675144,-8.726921590030559,-17.616750565679954,-9.345662874855002,-19.048708278926977,-9.642977689081537,-18.50662480873484,-11.641853479576652,-19.541886816907184,-8.918244553396624,-15.037570385068452,-7.327964694006526,-13.36883710374998,-4.78823436949381,-12.450998275887065,-8.483446680661569,-17.508981646096046,-10.214098638817124,-17.60113509718181,-9.1736665848204,-18.20218425703134,-10.006392971727035,-18.52484546517187,-9.23132406983024,-18.603502511099713,-11.70153830255887,-18.07914583483756,-8.627812186495508,-19.494987107777263,-11.121894823377836,-19.174421297954737,-8.569726804291841,-16.824347759267955,-8.844978436445606,-17.572757452674523
226,-7.631505432088569,-14.114922906224605,-9.261784393810673,-15.787760434754482,-8.671886016566212,-16.393596615290637,-9.211901838581532,-16.666618106304107,-9.463935136634454,-15.718529043219409,-6.8381234644427025,-13.473643180064471,-7.234653820998823,-12.806084450802299,-5.620194232367856,-12.3906116505133,-8.320500209897554,-15.567357534589592,-9.32939551636045,-15.84441911340478,-8.637478939892233,-16.34016446323987,-9.477184314115721,-16.360134643223276,-8.534853012126112,-15.799619657212382,-10.05928064586823,-17.50856388866589,-6.480888199437479,-16.965278582689532,-8.3373619823502,-15.888438465444427,-7.687090361466865,-15.80257902835742,-7.995302602848624,-16.95877886597327
227,-6.826115688026468,-14.104281111565042,-9.850877832883329,-15.111421036966217,-9.712049340935799,-14.320687579735807,-8.90805326203183,-15.11672825217069,-7.002383352839631,-14.936719433955187,-7.3821329823492405,-13.590529218546408,-7.588113013387307,-13.935352632593045,-6.817284048675583,-14.287710917933104,-8.23421154853319,-15.266029639463657,-8.77531586209664,-15.734031679579118,-10.131365275458927,-17.595807528019176,-9.734068185368308,-17.50967480640032,-6.970045782555198,-12.050504143146322,-7.842283345225085,-14.564610430831713,-6.852850561881617,-13.82912633783648,-7.97287062590042,-16.234053420603352,-7.9793021420038635,-15.101890831157533,-6.561544998445855,-13.935692374038025
228,-8.223999521734429,-13.049061539287825,-11.431195484838357,-16.359549846349722,-8.458107280379373,-15.488253799932357,-8.265112723550136,-17.073048847107945,-8.411644216840696,-16.920003430893402,-8.966273173276797,-16.410038981882657,-8.195132992846673,-13.820294287019737,-6.2247135316508935,-13.185013237104306,-8.240784825195888,-15.603650479700002,-7.211960319608368,-14.231392109606706,-9.305129460045537,-16.69893296983124,-10.795264042984101,-16.958538716576477,-9.689985201628566,-16.626698655097172,-6.36634695572045,-15.183161093651671,-9.030351122060681,-15.64670315719621,-7.219634243135712,-17.058560704897285,-8.514874430036272,-15.954414141729512,-6.855816071113932,-15.138380827454757
229,-6.825388287685018,-14.038105133762242,-10.50775894906691,-15.560472479268995,-8.145335150551213,-14.466784771319592,-10.464220644678663,-15.721217853022813,-8.845021590706022,-14.455972975184096,-7.877811045578728,-13.450986594316634,-8.233589518627182,-13.41488941384669,-7.156081412237719,-13.556548833759148,-7.776431473094913,-16.080687731393322,-8.1286288679094,-15.718271285118046,-9.560085235919244,-16.171882412506175,-10.734117309186502,-17.986909010028032,-8.34067657837737,-14.883067842047657,-9.934438887670742,-16.981879511908712,-7.681189176280331,-16.68603914178322,-11.230126799572982,-18.294579117879575,-9.037638812560617,-17.45663945201965,-10.253146222525649,-18.069729504932173
230,-2.8536505739207527,-10.046555665771077,-3.953759125140684,-10.131728818328455,-2.655449428071938,-9.792198438190566,-3.2492734459432544,-10.10538156292685,-2.4701311416932077,-9.48430120230881,-2.284888984641743,-9.131025413160897,-2.6298636464646425,-9.128883190102975,-2.8432026787612417,-9.868230287236726,-2.95548690899129,-10.192585579516036,-2.909946212134902,-10.06057882149318,-3.0194623756176,-10.720193968092834,-5.025389697941036,-11.71838274722077,-5.346945981184908,-12.552437888066056,-6.689134979476869,-13.296221216203879,-4.877910518958773,-11.845667666802736,-7.969375419656471,-14.853191969837571,-8.912771558596127,-17.07032889382148,-10.60336700089585,-18.923446910726202
231,-5.542862835702903,-13.448464466145273,-9.189874498219217,-16.107621686956655,-8.304523915146994,-15.547618118753414,-8.163656040789931,-15.887923425262935,-6.637227733728794,-12.742506037388743,-6.028885627180436,-11.365331794263238,-7.784369571726499,-13.006184194149737,-6.912237110430411,-12.99666711048063,-5.059070879954937,-13.747249205686003,-5.543215329858028,-13.585383182186083,-9.0612488885691,-14.779356801992085,-6.691016914456957,-15.110036933263746,-6.673196116035043,-14.37735644022367,-8.637814698731304,-17.80033530085594,-5.643144162162227,-14.364089569057821,-8.51707542969708,-16.46956513604942,-9.946156569126863,-16.480621559416043,-9.23889477292692,-16.61719945368287
232,-7.104212035398278,-11.805165696716113,-9.47461725389107,-17.730567741966322,-9.161701547330303,-14.534464919073356,-9.907906429128795,-15.507789180557133,-7.184293578467372,-14.010714296490152,-5.314987681507416,-14.105856970063776,-7.185260502528806,-12.037377763069726,-6.702753639512096,-15.647738510245158,-6.778915495672232,-13.490336079867209,-6.521004667512481,-12.516042859166996,-8.86796088252843,-15.248214944392897,-10.469282868681638,-14.991397743757025,-8.528254205386434,-13.557817910127994,-8.554591730262707,-15.056220583481075,-8.70692053756753,-12.476199937310984,-8.089682092410085,-13.455740532131077,-8.591159820599211,-15.709659374499935,-8.477238097960292,-14.415981965522143
233,-6.612134774352354,-13.714944038577459,-9.35257538172695,-15.12230585686691,-7.570230169079576,-14.485080226870997,-7.737637483689623,-16.084281230121103,-6.6610611271814415,-15.34780895711691,-7.5261402278111955,-14.74689835464726,-7.904093701787586,-13.523277400207917,-5.353767564327897,-12.805652276136772,-7.50436343288095,-16.63962265906931,-8.583826853103012,-15.99043509246745,-12.31061118988922,-18.578445216759025,-10.856811399850411,-16.937206840791376,-8.441883896819137,-15.315206132493993,-9.359272757777283,-15.390006841454662,-6.858819712933504,-13.68872190874548,-9.33302312206665,-15.9805255119016,-8.657825675298596,-15.72911788304383,-8.420701185599487,-16.064971681611937
234,-5.974233885974377,-14.023014662995585,-7.301500671908366,-15.971744434759845,-7.018341259987782,-14.54868050410592,-8.911764524856572,-14.61661443854071,-5.32686608990989,-13.334769691443796,-8.004010024385359,-12.191431417900889,-7.280283452205673,-12.538026273340964,-6.862928681067308,-12.812319031518744,-5.232421032635082,-14.863892197133667,-6.7651661317768355,-14.462815180227697,-9.267581190316472,-15.935078272400581,-8.705834975788086,-17.794052701928095,-8.632258393476082,-15.258798193697203,-9.572116610227837,-17.664299522499647,-5.963947863163822,-15.031658024140615,-8.55808568998134,-16.71487699051069,-5.664457590224481,-14.343605667911765,-6.372442374956215,-14.655794726997126
235,-2.3376737895752835,-10.69699519989873,-3.929252502249321,-10.492312764882005,-3.2438590056852146,-9.636214952604888,-3.95273279798749,-9.501435469144452,-2.9425226663180255,-8.861854654180576,-3.247894390337931,-9.03455080790142,-1.8164611669518167,-9.689594757921311,-3.541098375096609,-10.165284113162837,-3.4670935789533885,-11.313918656184999,-4.567440250274327,-10.459603660053853,-5.199358658474083,-12.87407289168228,-7.483603012262309,-15.178678038436946,-8.275748521496745,-14.41073406860127,-9.328604378261517,-17.062931938526326,-5.654025701848852,-13.797292019658414,-9.266094101468548,-17.75757479630212,-9.176449051779134,-18.107536912145584,-7.802380182978398,-16.485550857382044
236,-7.250750766245101,-12.521611560307512,-8.170935928727094,-15.27514563216938,-9.872426705114025,-15.293903531339332,-10.608927504183765,-15.727111095718966,-8.871135485392575,-13.978890179258592,-6.624852784393901,-12.666541363903574,-7.619204735367003,-12.882637427627241,-5.817882410718296,-12.583551163650323,-7.71968305171769,-15.748297437473344,-9.529947168268475,-14.95785025144405,-9.831278155673015,-17.0691460664218,-10.165754043526888,-17.77927242458873,-8.419430075577042,-15.465811213753927,-9.666817074044069,-17.29680432896628,-6.906173188779307,-13.421321821204899,-7.7486051842389525,-14.83382569505852,-6.513440965836547,-13.715439573877415,-6.303516302625915,-13.67506168140315
237,-8.246981429984032,-13.90779574201122,-10.273796436552704,-17.305437704227607,-8.691641729611645,-18.014432434922796,-9.948781337125777,-18.25601130280952,-8.341046249922986,-12.975785796712447,-6.072723516779286,-12.600510970956744,-8.290205368160604,-12.833418715755101,-7.193163026317478,-13.012731264782198,-8.596922824812763,-16.03889083176462,-8.330864630589625,-14.240033759830581,-10.9188365180147,-16.086034995540352,-10.69660847477243,-17.311897008865472,-9.326084011220875,-15.262561396177087,-10.36827927436157,-16.825500996381756,-7.951185150799987,-13.011578199702626,-11.302730944058894,-15.344953993534062,-7.240109848604237,-13.970673252268773,-9.308024785108671,-16.13992311998123
238,-8.887922109024496,-12.165181165666956,-7.8982870374596414,-12.923321203114904,-7.022416896701773,-12.350935568656002,-8.200724401091131,-14.129944754680865,-6.712244498473337,-12.170518623410958,-5.726255120386224,-13.17018217939453,-5.349947488696647,-12.922415333928486,-6.8474729621911,-13.334241828854658,-8.177287305477673,-12.988419978419314,-10.055271448397358,-12.61153461777469,-8.07030549526593,-13.558970969876402,-11.013867993663984,-15.462451647736923,-6.885480559457532,-13.638005112658519,-10.434024765029067,-14.667166970868726,-6.726091691812146,-12.275037373216367,-8.07636521789131,-14.537461930759964,-7.909265283663101,-14.60471309311705,-9.143881993088566,-14.414712430916758
239,-4.47109316682093,-12.489171854516234,-9.026367790396808,-16.62026182011083,-8.44107185306102,-14.983542189394662,-10.04247503291499,-17.02781717039337,-8.260414330867974,-15.743480106615927,-7.2687361318911385,-16.18814388902222,-7.976299609585052,-14.346025739240387,-6.559051490965864,-13.941469442479539,-8.417852725300047,-18.08302534025526,-8.418949120877675,-15.212688579473909,-11.281066508607118,-16.462889845565385,-9.8269714173998,-16.643824615801726,-6.9098861016155,-14.863606359984242,-5.532761203974774,-15.092484579954908,-5.732611493177081,-12.633219411259498,-5.763864070061176,-13.507757525047353,-7.6469414698066265,-14.675973566087565,-7.2016374610799385,-12.85805801089296
240,-7.751217158734373,-13.834909407258156,-9.01043328249045,-17.156090447931202,-8.388336328827965,-14.80588972056834,-10.607027627601713,-15.55935500627971,-8.834668434533793,-14.901235395791597,-6.493954747428235,-12.427780712243282,-8.726203842571506,-13.222702866134624,-7.372662232663448,-12.952138805569302,-6.4069187874416205,-13.605496502342405,-5.628827524544068,-12.459327439050362,-7.57370335399769,-14.887730115386404,-10.049230056794041,-15.29990759804633,-7.6436669025767205,-14.129147557064037,-9.65589912299355,-15.36911286068233,-7.662068017547878,-12.205739147117649,-7.89868692465989,-15.008643122384612,-9.943357243884389,-16.749858914455714,-10.516376775615672,-15.866045833330704
241,-6.933289164615328,-13.679948184816668,-10.073029106158165,-17.948711616066447,-9.309297772228028,-17.42530793820243,-8.15915587388821,-16.277026416035955,-6.045088483208991,-12.923570338375885,-6.368547949531651,-11.881948714456303,-9.591022858881784,-14.923705480100399,-5.029981265182598,-13.818756330813851,-7.037398777460277,-16.517003184423743,-9.128560981438293,-15.523395352910125,-9.470175016579862,-17.40717823905129,-8.673252528081001,-16.729961103734617,-7.233878468404664,-12.829419558569455,-10.230095745663906,-17.93317403885519,-8.902547346512442,-16.09250706397108,-7.303791832836376,-16.04705466304176,-8.871377766372097,-17.49942635937479,-8.120070983627425,-15.959502150641992
242,-6.22702250383962,-10.913558182963811,-7.312062546220375,-12.643314185814905,-7.568152470303443,-12.177985111454483,-9.262824078840417,-15.255835886579415,-7.194575245338118,-12.23199597858538,-7.098448192425049,-14.192822070711724,-7.349110911829591,-12.558165740494239,-4.804192051323562,-14.095496142873888,-7.01400294156593,-14.305567331107616,-7.14823292661146,-13.241594604910711,-9.199188380145662,-13.382489823755614,-10.48301663869716,-14.527499120562348,-8.413801363622014,-15.555783494940446,-8.828940890728669,-15.349633736744243,-7.396925466571204,-14.783087874637186,-6.925929906336368,-12.118279925700593,-7.909431837363407,-15.334113928144646,-7.998878957959813,-16.0311002321775
243,-6.225875191788396,-13.087078693798675,-8.684107635643024,-16.620694806800543,-7.485975626225011,-15.593701397535305,-9.657493889433708,-14.954510774235468,-6.397312669669573,-11.91391529833252,-5.1485031019795136,-10.415552924199371,-5.890295816491409,-12.080522460933501,-4.546269800569846,-13.613215985740897,-7.596665528199454,-13.25121674192413,-7.557920663236388,-14.11147371522401,-9.637225187224912,-15.143793693770139,-7.6845952614388615,-14.781152492912458,-9.203699953817774,-15.48184189628681,-9.334648656458413,-16.060769976338275,-7.0594695361510515,-13.748105456284724,-7.3940827979270125,-15.559902503016318,-6.821152966560997,-13.636904143398002,-7.672059434334839,-14.764926339401768
244,-6.39198454046257,-12.479100983534595,-9.414618019412234,-16.838582242611206,-7.883429583546578,-13.352418321335664,-11.060157021858938,-15.659322805048761,-6.413155044311914,-11.68107101053896,-6.783991093500581,-11.555712097871131,-8.28767678630933,-12.107903118757527,-7.74917420333896,-13.176163422581983,-6.667333249451197,-14.450744410958489,-9.424197577485288,-15.76077167113912,-11.462050564990431,-16.98146065127021,-8.095035989375756,-17.113389041582785,-7.086013009294426,-13.011535637325316,-8.97260038129718,-16.04294928164376,-7.2048576805484,-14.8461554042104,-8.359389311562104,-15.401180239194222,-7.717554818544797,-15.619267497594503,-7.125450541598941,-15.48676385752444
245,-8.868861048778832,-13.999350629696291,-10.941475320902441,-17.914763029284448,-10.81418017264375,-16.303449580503404,-8.98159366220739,-16.780358707127053,-7.45937208694005,-14.08236403417215,-7.531433825681589,-15.372130903240997,-7.235890221331123,-15.483806093890195,-6.2784474846040705,-12.883413574542049,-9.74817024020315,-16.785037314692723,-10.379432241408237,-17.726750515205165,-11.227464998181148,-16.885847495219615,-9.391041692481432,-17.794684569391165,-7.453693124754642,-15.264382507236219,-9.540681021591396,-16.584772759661274,-8.083245179928088,-14.085625206863604,-8.382155797671551,-15.969922033626862,-6.779243172417968,-15.143245982902533,-6.4838090728442035,-15.914096899863814
246,-3.4647993753702493,-10.105185637740167,-2.6969881572989585,-10.326172302161103,-3.367769687158699,-11.210519132153907,-3.6085973554902298,-10.050446174199122,-3.9696293610268714,-9.275316739658164,-3.7992025667937206,-10.338253807332066,-4.535881488996782,-10.43780803178359,-3.88210674753422,-10.73274043142237,-3.47768820943951,-10.146032508788155,-3.8725545132358246,-11.28599844305468,-3.830221017181393,-11.639327983563433,-4.111922468083951,-10.436156661877956,-2.5033938639002624,-10.001385379106134,-3.038747116252725,-10.945457197696875,-2.52152690144515,-10.26210782924565,-2.52912964497017,-9.420160348722064,-2.775038169721982,-9.655714390378073,-2.4944266862060727,-10.533570418988985
247,-4.434655050067035,-10.588746007536233,-9.212613155597877,-16.93495882358728,-7.207710101098441,-13.601699926436002,-7.534082679428038,-13.610016657770503,-7.31031827382647,-13.380630637430206,-6.1759468641344375,-12.4630873558105,-8.059030203232673,-12.560394875224581,-6.811859588198147,-13.48577392046022,-8.286296594117765,-15.675123594591662,-8.157748595601428,-13.328499456170162,-7.659933843570982,-15.685759480102256,-8.669012573031186,-14.92214158870868,-6.5495167147305295,-14.282019778429088,-6.910774273331002,-14.343837035389422,-6.361096834297168,-11.805489328461224,-8.075694752458467,-14.20858548805328,-5.783652879607379,-14.719895073138922,-6.885761879367466,-13.351631203415053
248,-3.9136284605704907,-10.47594348550765,-5.774151352135921,-11.072223536716788,-3.0381912452945095,-10.858119959931853,-2.9815334892362393,-10.005489448758151,-4.351467980917758,-10.018157045162301,-2.4764096475492132,-10.437739674439445,-3.6250271018048315,-10.352745369893594,-3.644809497545023,-9.83048642081981,-2.6383302773965105,-10.078827422637687,-3.3805055454132944,-9.988295525830738,-4.9007483632430064,-11.559639098744992,-4.518080745325799,-12.489134976894785,-3.2872033169214667,-11.69081534051901,-5.201472843947488,-13.206249344470177,-4.851538207178994,-12.088586701645117,-6.684642653101803,-13.466648874512376,-7.567909416022108,-14.546431059367793,-9.347661794538547,-15.454251956271673
249,-3.461887942237247,-11.310270365193357,-8.569862983179931,-18.271764705701205,-8.261973246799187,-16.362461665711187,-8.792137404562428,-15.797800122339256,-6.28948455557869,-11.820314196088521,-6.712813690234523,-11.207205514273163,-7.57235937151851,-11.89864401348856,-4.419634785366412,-13.66126573040007,-8.581483233517217,-15.981548033835109,-8.84713394544416,-14.910594957848922,-8.95924318381993,-17.60617645342098,-9.320301621451895,-17.869908551986573,-8.482281182188714,-15.311515093744852,-7.149582266114906,-13.60418281203543,-6.306570454868604,-11.422674403065582,-9.23027550084713,-14.652185076193602,-7.483065931586436,-15.86026705739741,-9.282271965080298,-16.260385405714967
250,-5.001543338359977,-12.143816910449019,-10.337838109068793,-18.178195494906806,-9.557402821386887,-17.974955622245446,-10.448581845545997,-16.804576839330853,-8.916295999760962,-16.02082781285274,-6.9685947423622965,-12.7229401325199,-9.180296142433905,-12.461052017217604,-6.163220034815044,-13.927833076465673,-8.203561854416794,-16.17648870288308,-8.619917156513687,-15.032933081709604,-9.437971912422622,-17.09075797496666,-9.750994993365232,-17.83805380306014,-8.730230940570754,-14.26461518177377,-7.567592818943582,-15.475717436513584,-6.463014129197171,-12.179774132321612,-7.762112559129944,-13.216776160983159,-8.064102959124943,-15.181656447371106,-8.50548105639762,-13.75962948371881
251,-4.3161993864282495,-12.800835360281583,-9.43825451240728,-17.823293075022168,-8.777461726020219,-15.672123015477357,-8.4806379683361,-16.13843786908638,-6.207542680356579,-13.219407273066805,-5.911489135118666,-13.607608033127585,-7.395518021550433,-12.349944488283489,-5.065719107821421,-13.292419442784562,-7.161136098537426,-16.513510703451164,-9.492026603145144,-17.306586826592813,-9.31335944736157,-16.607206325526,-9.38770352038241,-16.815652758254025,-7.210366255519551,-15.965254999286971,-8.85304655626415,-15.164746268305883,-6.136171616707012,-12.836450268626141,-4.739869101249486,-12.301796443878104,-7.701082460951288,-14.266626463195639,-5.668331740058776,-13.586133289240054
252,-3.6201327859604513,-12.90140826793144,-7.942162023127851,-17.357474937483286,-6.765737231773112,-14.650781333009718,-7.503660056352645,-15.358403117529814,-5.83964403272502,-12.92093159452586,-6.611307843255978,-12.422812401537712,-6.974184658526617,-12.208139207890644,-5.131254389742216,-13.328256612690016,-5.901614172768102,-16.69340459521321,-8.4703776211473,-16.98970337617989,-9.310873448341873,-16.756821884544667,-8.950391053711295,-17.625172574888687,-6.965425267584041,-15.169944048413203,-8.111731447125283,-15.107625482313464,-5.184435008106286,-12.284270815778807,-6.842505651731284,-13.428068350382196,-6.895774255859611,-13.973163516458126,-6.503030590549274,-14.618000151664317
253,-2.9317024319625644,-11.092719423185066,-3.632613588279898,-10.30597844978444,-3.799632524708038,-11.02143743689955,-3.899126641821561,-12.01524814303764,-2.449672596687947,-10.41858231637618,-4.155369689154224,-10.53765439409439,-3.4687652582525264,-11.348164175170899,-3.2730607360254234,-11.95183888188151,-3.3733308035012293,-10.453894014362355,-2.0260385063070396,-8.964676940351069,-3.5352841974241436,-10.698228543626636,-3.9678763303980684,-10.308956659691981,-3.567105263761656,-10.421626302869987,-2.798840096768205,-11.887565236700617,-1.9358680106832693,-10.749948247372616,-1.4895303284347317,-10.91898765036513,-2.4859936940425458,-11.417512453672558,-3.4003025903975184,-10.241572680214306
254,-5.628985056723792,-14.600326378357098,-10.30790893050103,-18.067951753727417,-9.48634930990336,-17.610253976435434,-10.08276279198711,-18.261604010678,-8.702314232752617,-16.929980734431535,-7.9230909652179236,-16.81874636855253,-9.19431794043264,-15.814049940816908,-6.419188876239853,-15.055979847961991,-6.490792521539522,-17.919781283876414,-8.541568940213622,-17.983639998974095,-9.424640973640798,-17.702074555383,-9.720670140711755,-16.484084981061876,-5.092810842901983,-13.505149277204254,-7.477618218289325,-13.85842679247239,-4.973451503751259,-12.03682885140229,-5.636116412239188,-13.359487418942235,-6.22473360909848,-12.770665701953812,-5.275323276862704,-12.885542248607312
255,-8.615117296805089,-16.53337999573222,-11.36690975972709,-18.542775763593003,-10.173907592925557,-17.785907025189285,-8.743527295514177,-16.823344110068415,-7.9582496218818735,-15.467770024688203,-8.557935022280606,-15.568684097692458,-9.48343307435641,-14.287721122249057,-6.158057647839685,-14.410286496319975,-11.218388975334578,-17.557601243980486,-10.33079966736921,-15.391035947679958,-8.990275798175361,-17.25999035111592,-10.640395403524614,-17.755145111698468,-10.724463086403574,-17.976670700506236,-6.367759388872249,-16.811038887342157,-6.572090879971092,-15.570516733191406,-8.200559763364062,-18.308480398189534,-7.684866200408268,-16.091769396366736,-9.160803276549238,-15.682810070813304
256,-7.3861889381799415,-13.128056456980016,-5.514356335688899,-14.954758481492245,-7.148877167143556,-13.3549164444086,-7.7382719600192065,-14.021644396054622,-6.547605079374176,-11.34261764367422,-6.030391957185786,-12.735067718647972,-7.242095512544121,-13.474772123029833,-6.704027463660639,-14.24649350355363,-8.47751976160325,-15.52333129043064,-7.715452867964878,-15.469559133647298,-8.54579271292599,-15.701940909025225,-8.611483157695133,-16.25401029643861,-7.767430805722331,-16.265786494875897,-7.36184443462324,-17.619788800555117,-7.414382636968067,-15.948558507879124,-9.081690435286339,-17.09835844706062,-9.22951969072884,-15.643832509140356,-9.81865406475067,-16.24859807705016
257,-4.891548669393658,-15.185136866808335,-8.700115216873014,-16.429795317263572,-6.906454106450476,-17.026727652770383,-8.899795497186517,-15.836328443404636,-4.150680634077323,-14.433936214306964,-5.5359620350613135,-16.092603619706676,-5.791770578257479,-13.515541336036303,-5.90233179216842,-14.243818095607775,-8.294170969698893,-13.61071176953864,-6.920592633473321,-14.430871325637973,-6.3321473138033415,-16.77399214774066,-9.130899986262888,-13.87053309084052,-7.584562423961811,-14.300555618491334,-7.460769185841079,-17.308171256450056,-5.933741079093807,-13.492026998856556,-7.179591312713306,-15.231844518070318,-6.616043620395646,-15.110513558862253,-9.132769845023365,-15.775822944760323
258,-4.12020966657092,-16.737344434199223,-7.9857830814843,-18.268216901191888,-6.972774458239272,-15.394655569119202,-8.57590360974436,-15.437260450105192,-7.091307209314184,-13.760272047080285,-6.451140535641894,-14.198089896562845,-6.698389876427418,-15.634026678595019,-6.154470049525179,-15.049389554103417,-8.989320115713967,-16.605874866555396,-8.849261230444839,-14.312388467355374,-10.440204439748953,-17.163955474892706,-9.291042291729712,-17.74649181447785,-5.997706237489354,-18.07322762672201,-5.5987539085563505,-17.421092990297584,-5.451506948939235,-15.678339617455725,-6.0287432441565745,-13.99894431813508,-6.141858083104336,-16.743733513468083,-8.45305546201281,-17.897319183630763
259,-6.491062815773786,-13.31790253664405,-8.32613817907544,-16.388344917107084,-8.4291464608042,-13.43217086905761,-10.774010070951103,-15.73343498238456,-5.524970346225361,-14.452178307068708,-8.131254824707772,-15.166665699649622,-8.184936279759512,-15.15772223407117,-5.279544843687917,-14.066984097323287,-10.865450965846474,-17.824649755771485,-10.645299038121392,-17.97894819756274,-9.098158239566983,-16.802847177610076,-9.611671441440917,-16.691708254319224,-8.015590864934822,-15.173044914330418,-9.470580309142605,-16.78274211557004,-7.640371874161542,-16.563932568106807,-8.783423708466485,-16.418770377256937,-7.634083556170714,-14.720488933417101,-7.2448925475069545,-13.795548944257131
260,-8.399231828640058,-14.493979054114314,-9.138874378644916,-16.542105217764153,-9.214839760003084,-14.03250216783395,-10.49542285200811,-17.78585552504689,-9.108691463915381,-15.391588244740266,-7.552042576219542,-14.028459969882059,-8.186864537368912,-13.18749911196499,-5.511887160587366,-13.290513849684642,-8.97896137587247,-16.69775593729134,-9.955853931735975,-17.838720629555862,-10.886792581975119,-17.600646926185878,-11.500781861220972,-17.831349676665404,-8.759249754314444,-15.781305405332448,-8.503086254180475,-14.900796568978476,-6.370211070437288,-13.328935215826812,-7.527737518537308,-14.774167238127864,-6.872486904544225,-13.902891576557533,-5.152185778604464,-13.166505710991407
261,-8.83946120070343,-16.01433155716021,-11.396949448388575,-19.168301563030443,-12.345643672051889,-19.431264710199464,-10.464575696022072,-19.968737878680177,-9.96363077950246,-17.879188540475155,-8.020311365118017,-17.638173571135393,-10.4115255565644,-19.306669076461855,-6.239027864330817,-14.411789753585662,-10.786003523485093,-18.248045734436705,-10.157270858282587,-17.460745473419145,-8.54620712027725,-17.291769025534148,-9.074700324373206,-17.16281169506534,-6.373604083630039,-15.608789190288014,-6.988571820560229,-15.237121925533971,-5.599879686957031,-12.274249458309788,-4.146225949947851,-13.54771997744064,-4.304956430229962,-12.48735058901471,-4.587905448357222,-12.661008634438616
262,-8.061494503227195,-14.973842963454631,-10.527657532728085,-18.123034259619924,-8.9381345760129,-17.61463003946526,-9.678856262983631,-17.527045818072118,-8.238224025653203,-16.62978466906582,-7.045266776582317,-14.676462435182906,-7.41031810129148,-12.963938603358319,-5.6129173848138585,-13.255203409180986,-7.699131717045491,-14.448107819118603,-8.713587110744118,-12.605358966207438,-9.190569728516191,-16.50721997782487,-11.427930603937845,-18.93317212663754,-10.054120979511008,-17.772007651153277,-9.04458090389586,-17.07248814757434,-8.325848558338382,-15.612494562424445,-7.566171466055643,-15.941819356188356,-9.458399679495983,-16.59689619363212,-8.65940472675672,-17.78135308155513
263,-8.638108863723195,-16.168063577922666,-9.861355573819225,-17.42504748593785,-9.946145063984133,-18.489161017701193,-9.21589109129532,-16.163435111448553,-6.997283418525813,-17.701400268645468,-5.472941119052388,-17.491723230150257,-11.327378155602982,-18.16422479999384,-7.298474999801034,-14.852854163772342,-6.895838061649641,-12.154257404157988,-7.193629475830132,-11.407198200442693,-7.987783079166533,-17.5556165215721,-10.542847358086629,-18.20890764658216,-8.168171486725388,-17.99837493983583,-7.547282254117809,-16.41854784443347,-6.704888604726688,-16.229410485837224,-7.9995354223715065,-16.47466258599665,-8.067104424532877,-15.9325925775056,-9.335728009855183,-16.09673532081368
264,-6.030064551208185,-12.745827619970678,-9.231679477910493,-16.25573696452655,-7.306653960573989,-13.909481578721849,-8.111781304226358,-14.005921697167684,-6.761815716540857,-12.929696804904815,-6.471202970219823,-12.545171303392411,-9.344812002061815,-14.141048076739018,-6.265602989538347,-13.515992456890231,-7.664400152859155,-14.307683171916656,-7.174200780603137,-12.999511250839596,-8.962197058657312,-14.633212770625185,-8.356702225241012,-16.049214747024322,-8.83184476387682,-14.216054515560417,-8.701333955561383,-13.727354567554764,-6.302351920814284,-14.536732085049726,-7.8155123104757624,-16.037540427555037,-9.582073719920148,-15.486908221625722,-7.698076874086653,-15.677700288855643
265,-8.03756614451534,-11.526455121047565,-7.392451896917146,-13.740931669238295,-7.718622249128874,-14.928799380638708,-9.620519800838581,-15.65743178193728,-6.6783721559939835,-11.011497191839306,-5.638745922323526,-10.875646970986534,-7.317307072628971,-14.328198459126991,-5.073480106311048,-13.63439015743687,-7.0336542202077155,-13.535758116639736,-10.655594614851957,-15.097350099081952,-9.715624802653167,-17.74198067603458,-6.7062644515818075,-16.07775238424842,-7.287602288061386,-14.788328072136409,-6.818267013033883,-15.570546051143983,-5.9468390178933825,-12.78419126140512,-6.970446188162802,-14.693372099192157,-8.488651887349038,-13.438541271643052,-5.779709546078684,-15.605306638747898
266,-4.6337611781503565,-12.288798306677812,-8.696163626534348,-16.83033339600459,-8.420266645417588,-16.045852729903213,-8.966735323371473,-14.806285544198449,-5.158559185662634,-12.308547084250705,-6.720307867468601,-11.569673848292435,-6.2355993472421005,-12.77181718201065,-5.871776339775288,-13.220449262670984,-9.116719400737797,-14.955489281236174,-9.710625883032408,-15.860164461047301,-10.543766479381741,-17.26671161028123,-8.77791373766168,-16.643545055999066,-9.242708589666552,-15.997547878673505,-9.283282547582978,-15.11045346940646,-10.021873887587308,-14.406604486322315,-8.874189563502293,-16.08079091459966,-7.591193197245606,-15.576103114850879,-8.304858546712822,-16.718543077289315
267,-8.234229432941225,-16.42165174387449,-11.158961145275175,-18.662183240827936,-7.817003380997627,-14.905779546717914,-9.320718347261028,-15.12227770369108,-6.8531616022118245,-11.774239472793282,-6.959410225056447,-12.412939750453763,-10.029654961859698,-15.79538299281798,-6.963112510627932,-13.34917572427047,-6.150101525580959,-12.608209423660794,-5.2428895292279885,-12.158826566509601,-5.510592677150827,-12.6672873082311,-5.3797247580852305,-11.786772109915544,-2.9270080559118856,-10.932911566641241,-3.9291418321664375,-11.149888075309784,-2.915833235032319,-10.23072066242245,-3.5208648208071147,-10.411574648315653,-3.0242892374682024,-10.89447234998591,-3.110170411603108,-10.052088825102192
268,-4.381439301360514,-11.346876483912991,-5.227506113839528,-12.238713404550944,-4.304082693119079,-11.369035967031017,-5.866633019104953,-11.867682790339416,-4.279934995609906,-11.270250840172126,-3.6757857638728404,-9.970012720369319,-5.081175556678042,-12.144664089587105,-2.616703827553153,-11.172962245587154,-4.261625924069158,-10.522772096934982,-3.9948167226875513,-10.610051184043893,-4.112656784816476,-10.373665799403764,-4.626356307269781,-12.016234295478759,-4.743823597566437,-10.741247926777163,-5.20672386049287,-13.092049061607163,-5.086529369944608,-11.211324570380079,-8.01904986232836,-14.126159786987827,-7.222763536479512,-14.282966988712293,-9.487513189502701,-15.347159256791317
269,-5.779321408905821,-13.236091628070524,-9.20673772510334,-14.366689557898336,-9.194150758920907,-13.275139376961526,-7.730852981933651,-14.293352132410444,-8.483794930595288,-14.496136567973048,-5.408350814716285,-11.985913920415474,-10.025172102905211,-15.697046748302036,-6.712847085134572,-12.23448542927243,-7.493600514596038,-13.703986313167158,-8.55950626278734,-13.724712928374409,-7.645536061188655,-14.939189532727683,-7.3838787068402345,-15.408835727415244,-6.9952223766044686,-14.577905159373174,-9.257037169281322,-14.856425455099853,-7.022493512407575,-12.761722732838125,-8.808939497602731,-16.667230730233605,-11.078994561885555,-17.16223465733745,-11.290529607456467,-18.62973561491262
270,-8.160400909712301,-14.439497996275033,-10.678582725282089,-17.59369069308483,-9.867564860807171,-17.509172647330725,-9.39310705476445,-18.039302115113774,-9.184105616137895,-18.301742631221153,-8.973203441412249,-16.762872117576258,-8.713378738143131,-15.706604295326876,-5.396205373356877,-14.236547313491783,-7.501156727184364,-13.125688100894937,-6.931016438119601,-11.799321920433512,-9.165040181345427,-17.611953647014392,-10.51008383367101,-17.604132370537585,-8.91537057281534,-17.253350176646194,-9.4637086295457,-15.769069402333004,-7.474361730904241,-13.052503954933446,-8.511639677332303,-14.98807702405043,-7.158226635136647,-13.853720464323416,-6.363593219217312,-13.85440264640616
271,-5.667815718927713,-14.323770673149848,-10.202145461656858,-17.400161192435267,-10.220515740124066,-17.418396827792705,-10.699828688790827,-17.866224274180958,-11.130637502474395,-17.14360991965442,-9.368812581392636,-15.785761164923894,-8.059696651805686,-13.62378671999118,-9.356441844428506,-16.369133258152132,-10.344409817618521,-15.328849575761403,-11.144556917892125,-16.74217156229305,-9.941282556326584,-18.561525422666033,-9.35936935900212,-17.30586247213145,-8.91841153369092,-13.394620310616148,-10.403638422438952,-16.873390535287676,-9.429943978567735,-15.011432242721277,-11.4478950505827,-18.297703424991322,-9.454924154696801,-15.956511726976014,-7.3663208009559344,-15.340755026094024
272,-8.52559541254169,-14.32624608472789,-11.423309553468034,-18.55642938691539,-8.816155625435647,-14.118263335499716,-11.065688024978538,-15.682589447246883,-7.784457383795696,-12.615426341207423,-7.41839169384189,-12.224380647572008,-6.873645475846011,-13.660760551718322,-6.433328591027479,-13.416554581287684,-7.31681807834396,-16.709321849466733,-8.31470404030673,-17.383912278529287,-9.115368590812041,-18.28452368650145,-10.006640878022694,-17.073459522985473,-9.96317965099632,-17.00378145191509,-9.60697364839316,-17.318743320995495,-7.659319202642063,-14.828963897456449,-8.156556810115362,-16.37962415769622,-8.502049772127208,-15.983042650725466,-5.988180998815915,-15.620567814627758
273,-4.581594026448022,-13.276349974728316,-9.886277687220206,-17.433271675825583,-9.196088927529434,-16.89153240343075,-8.896043752844484,-16.145649238350682,-9.576309261225543,-15.687893652738618,-8.655625322108616,-13.336025627753475,-7.275747792275226,-13.182709745262551,-5.696378413958872,-14.117186035632997,-7.759350507870884,-16.434814949965563,-10.201388898242346,-16.449697834283327,-9.100619679075846,-16.89535669148014,-9.457339381738985,-18.072735563468697,-8.574013948122417,-16.360987576722344,-10.443766052517464,-17.298804277395902,-8.149788044767822,-13.459639439891088,-8.911844363681254,-16.981073518662846,-6.997702713989213,-16.10738433455612,-8.631573829164328,-16.343243495595775
274,-9.865079202294718,-17.705567272648736,-9.256904095862799,-16.663628322452404,-8.04814391453257,-17.510589236061374,-8.500138819569843,-16.72334154318767,-6.911296681289786,-12.564038092216832,-7.187711436389648,-12.664811684696692,-7.549883183175058,-11.1200239788264,-5.939029067247143,-12.031389261673572,-7.664137479450313,-13.247826310297997,-5.968819495599178,-11.055514271204007,-9.60861589346074,-16.904043170349233,-10.467219328389826,-17.77796427557876,-7.518780218381491,-15.277620448160638,-8.976350111746633,-16.89701095688655,-6.829648170437711,-14.571464078696167,-9.222669067381089,-16.634165496810102,-8.695081947876988,-17.289316831097242,-9.64453506981435,-16.238633106870207
275,-7.014526200829083,-14.64754991585604,-9.586733608519088,-17.93297777376154,-8.955764126967079,-14.265232443064122,-10.761972135805777,-17.435889461218018,-8.320398664242003,-11.537359751232806,-9.445261420436207,-14.364019081810195,-7.952088051277222,-13.842780512693222,-7.357287631293322,-14.38286150047144,-6.089036496728348,-12.938787835526103,-8.623220640773088,-12.775172301681623,-9.480873660185287,-14.89260927064668,-8.41142335387204,-16.016263849166304,-9.582873021788263,-15.063236535730077,-8.029605803102662,-15.767649985501889,-6.852426052865185,-14.580575313276977,-8.805905875680141,-15.233858766524417,-6.7466269474348515,-15.992955410866843,-5.784789380976163,-13.777559993986952
276,-7.107723357606025,-14.409842543040067,-9.249089233737088,-16.414940679926126,-8.982151897605101,-14.374828031035669,-10.276865423930843,-16.562830049329357,-8.014499725834165,-13.418359366748886,-8.129347939894512,-13.109069372990177,-8.506999472615448,-13.684724164992833,-8.078320068903317,-13.375991254732412,-6.80766954874837,-14.544495335386898,-8.949671487430436,-14.504189450627639,-9.276555657882554,-17.14657053449764,-9.686720684420955,-16.349571463199922,-8.524545712537403,-15.516426454036012,-8.860061391412463,-16.898160882214565,-6.0653122567857585,-15.04168456935529,-7.6288041903064,-16.242370143642006,-8.141629858502379,-15.543065313429015,-7.543569866289326,-13.833252069716849
277,-7.954255414960839,-13.054394197858414,-9.534125155554966,-16.13629111377697,-8.216755760939533,-13.998910799128625,-9.419608274498154,-15.819519269527023,-7.49853642288354,-14.099134100768516,-7.457031614946041,-12.495039239407275,-7.887114269375201,-13.878037375941943,-5.9255686453478855,-13.280594805548798,-6.534488830023082,-16.51035369778341,-8.319491452584803,-15.300601394429298,-9.20265143458643,-15.632876803591955,-8.802044995329453,-15.641773400135868,-7.910535291989707,-15.662816628025434,-9.05967769381519,-15.309104257137886,-6.224858145610305,-14.44896600052348,-7.782771974088259,-16.006485349774835,-8.365146423030694,-16.101529733693162,-8.885959194210987,-15.252668448634736
278,-8.72113640812776,-12.48699761440979,-7.620190084036952,-13.559973033201636,-8.176904093755969,-13.442336836232974,-8.387408788691321,-14.181696148019753,-7.742577352772519,-11.815356463565562,-7.217058168017211,-13.211285035487194,-8.041763900752164,-12.982617354100016,-6.288167412970058,-12.133708715666264,-7.2297035295575975,-13.248235763577842,-7.873028891782409,-12.454253606307702,-8.09908352797261,-14.45602962366764,-7.932056627441906,-13.410214728148004,-7.644207852480096,-12.527461295879005,-8.484893036387831,-13.870972338974692,-6.046008173129019,-12.569080975240947,-7.618801345599698,-12.481423674949303,-7.46295904051318,-13.351331586493984,-9.494876604663586,-13.689240376303545
279,-7.645925570510034,-14.286541705523971,-11.428433667345395,-18.77366275647113,-10.962818930440644,-17.00893103451151,-8.208482917582318,-15.183544541660412,-7.668306979706817,-11.817558873739442,-6.203347657204935,-11.552410579966883,-7.428007724845038,-12.816011912353034,-7.420753773485861,-13.813185265417985,-4.002130007299808,-15.657045789948011,-7.353469842631437,-16.445583490481514,-9.601080280840645,-16.845936531124067,-9.868697088223527,-16.498033532124694,-8.254657480812732,-15.432909007181685,-8.888450019910753,-17.7884205856014,-6.338634103686493,-15.28230022579758,-8.70166772889972,-17.176289275971822,-5.745839384338877,-14.435787103901184,-7.888676894781739,-15.729007748868991
280,-6.407560262679209,-14.963446533971494,-9.703301766717061,-17.804927990432528,-7.407228155119482,-15.327285608524523,-9.389438071293782,-16.656746003179613,-7.942124954492321,-14.989529845493731,-8.246133501600694,-15.48843671514275,-10.598189035097436,-17.271669157490507,-6.103294239317545,-12.477670468742962,-9.165001469443117,-16.893645690577628,-11.01832977779538,-18.179621703655954,-9.110562988327198,-17.990411180724063,-9.774264212070173,-18.061642356003226,-8.439136262046086,-17.15220872214626,-10.715640207905091,-18.619647473892748,-6.672748651482756,-14.42460305679223,-7.122823614397387,-16.00055253067269,-8.41220989273787,-17.687979698898268,-7.050213569523213,-16.12603120481762
281,-5.328977278182183,-12.520550263379068,-8.547374155670513,-16.051085071561452,-7.897952397070588,-12.681363458000995,-9.077505380214651,-15.361493929933506,-7.980782438095185,-13.056072052718541,-7.021060207546849,-13.7028726663248,-7.678401124639755,-13.040033434992452,-7.0723576304079385,-11.743524667738903,-6.710906053443376,-14.077429493036886,-9.396119935007771,-15.072201907717687,-9.67904198261617,-18.292726850979946,-11.111713045796892,-18.719537646942694,-9.079226348299608,-12.400290778741788,-9.671800895236721,-17.66002936990381,-6.315393963537035,-17.33216641671468,-10.64229192953426,-18.327099281703994,-8.5090004450143,-17.799641930016058,-6.849441239595151,-16.68047798984589
282,-4.6425662392178655,-13.74699251677936,-10.055351412560725,-16.97059832297971,-8.81244685876672,-12.54312982875758,-9.228125892599724,-15.717560567730214,-8.308545142176511,-14.215349824773714,-7.164533583488513,-13.10728853128844,-8.410196242692765,-12.643525610661046,-7.371014802103218,-11.7038875512622,-6.531183993571174,-14.26931099074153,-7.665910360736263,-15.199190414382048,-10.158763785254104,-15.77743839531224,-9.841496198228857,-16.4922127639175,-8.713095309706576,-14.227507449622783,-9.355053437311033,-17.986201995174433,-5.675277973838304,-14.209322345644447,-4.975007380695317,-16.245303411313547,-8.228022150827911,-17.714512579249032,-8.701151842751983,-16.65189328702161
283,-7.69973677691095,-12.769880359446502,-8.467505042656853,-15.14361402430126,-10.72680118634574,-13.861525585747952,-9.400557210552597,-15.24516348731333,-7.968807415255414,-12.846221566511373,-8.073791336045629,-11.511615035282494,-7.984367397317763,-15.203216723038205,-7.692020202675436,-13.721726589560852,-7.590239670852458,-14.263408125802268,-8.235914345163494,-14.144568741942251,-10.517857518024751,-15.916857625678652,-10.387878868070866,-18.09645476641931,-7.971836008126094,-16.270052439638395,-8.72632016076985,-17.208924559667686,-6.430520404140507,-13.93160762874649,-8.564446357736292,-14.753900522380562,-8.302559569703403,-16.966824312047933,-8.6397633217506,-16.642623028380065
284,-7.587704145877873,-13.864418607334429,-10.479418006903554,-17.265927927522544,-10.363092550416557,-17.26658400433014,-8.238175283710707,-15.408610885769933,-6.031914122370477,-11.832936036069734,-6.847081229836325,-11.94153263369823,-6.871651400438093,-11.379804904965614,-5.314178226886494,-12.509372539722467,-8.077167959537569,-15.172665586395869,-10.296300444094616,-14.829912305593782,-9.77903096850575,-17.087335623445913,-9.761605742724063,-17.541821601761196,-11.050119207093907,-15.275320333319781,-11.249895019590834,-16.476608827598504,-8.620065280092206,-15.874095751015888,-10.32690452067822,-18.32170992874415,-8.674186665607111,-16.790750488937604,-8.615624709903049,-15.671254550353154
285,-7.695322310003626,-13.536680322199793,-9.650471023058573,-14.96626718041959,-8.702094881014654,-13.528394440308457,-7.786977103103739,-13.75112975898103,-6.874889126146253,-12.444077109567564,-6.478875925021621,-12.481901255111634,-6.294080128134771,-11.309400217967518,-6.301259923223843,-12.702701508111316,-7.608489580282457,-13.584310796617507,-7.903008253911747,-13.091006602373563,-7.754032494922599,-14.397655586547755,-9.685093333050345,-16.090807245067424,-10.785356770429877,-15.33427333596127,-11.25752386753332,-18.30753784272688,-8.07021606638904,-15.440857094561085,-8.231178944186519,-16.921872977698246,-8.204713320573411,-15.16636905920084,-8.83291702803752,-15.522764436377587
286,-8.292430113889786,-14.950971761905404,-11.018316482741477,-17.407863577579,-9.594058976901742,-15.16508132700908,-11.076947425984025,-16.478615988527327,-7.720538121263367,-13.684467176952634,-8.74201254939987,-13.333763879177399,-8.081584340580992,-13.850711457746224,-7.413294131866083,-13.295868033204165,-6.875175118399804,-13.48766386925183,-8.703268565756002,-14.64130248852128,-9.482537689452254,-16.710468833992564,-10.649177803045855,-17.006140090420644,-9.430610467151403,-15.244474160353986,-9.818916466403818,-17.051600568058298,-7.961648458602614,-15.907417906797654,-10.514713114648215,-17.16556830788063,-9.790200869089707,-16.819079242251608,-10.293563020550627,-17.544572992134203
287,-2.649082427899473,-10.097564016758476,-3.7845563631935564,-9.79293355282689,-3.495805534151058,-10.296184394540184,-3.4118110242116186,-10.653611027661139,-2.408641202423831,-10.337851924232185,-3.567365111320978,-9.825380336379391,-3.5622516507914126,-10.525555301932245,-2.868355157602165,-10.016213747299386,-3.412012053266666,-10.390594098323165,-3.8605837909208383,-11.881218373746858,-4.801386135140796,-11.661220288838056,-5.701890815566319,-11.838269862375661,-6.96106954653581,-13.39748860862995,-11.198715349814654,-18.099551063643176,-6.999445647039905,-15.122275072562473,-9.651245837368434,-16.168166012680025,-9.140747674682475,-17.425616924149235,-9.031985663150822,-17.576387937633616
288,-6.676857581212926,-13.212309654271138,-8.701209427004473,-13.34918796847743,-7.5427862392211065,-13.029135184164218,-7.232567530294453,-13.168091385145225,-5.465650833762645,-13.35443358721655,-6.870419695100411,-12.68162234158855,-6.962018566135811,-12.279460352608943,-5.083487896396923,-12.021416174666332,-7.268454237782878,-13.48166123235577,-6.200195110155619,-11.723739088122219,-9.102882093743316,-14.106942292562659,-8.68270138949801,-16.34500113389311,-7.581706834399338,-14.331143908363494,-9.156177490955024,-17.918632748221942,-6.84580576116217,-16.072505845272353,-8.666352860220748,-16.369340825887917,-8.427032813481919,-15.282094670270876,-8.066980851145438,-16.097478278725333
289,-6.870133858426155,-13.199959001148255,-9.511494632053768,-13.07299894885408,-7.547852356341296,-14.373376705489349,-7.428484521567068,-14.861146657399269,-6.272023848563219,-12.659923171758233,-5.649100492644742,-10.627294269311044,-6.907827531674338,-12.602656195335518,-7.173085267999632,-11.643520559087525,-5.872541333351301,-11.721764348425928,-6.261828197823269,-12.322882782108167,-7.370574297620478,-13.482172152093463,-7.026251622843497,-14.577168021730698,-6.731950923013253,-12.296548950679284,-7.6384083794865285,-14.575426404488873,-5.796644262045434,-12.320707654226178,-7.6155253087555685,-13.9109781503449,-9.225839943186786,-13.949711992451167,-9.051648031775258,-13.585686645007804
290,-3.035578289525151,-10.17705287808444,-3.623986586899697,-9.59634438822916,-3.6967680189426444,-11.017885335978288,-3.216705988139743,-9.404311347276371,-2.8826280644343285,-9.160223200394565,-2.702951416946022,-9.865864406212436,-2.973239687964555,-9.225318251336335,-2.3995830679019567,-9.727971355225774,-2.3276059266750906,-10.213985784875224,-3.833414176907671,-9.877772942638188,-3.46343076157442,-11.436914263345857,-7.097582334857481,-12.523660732933612,-3.1261037452603073,-12.094295634993276,-5.135571234216911,-11.784257075790974,-3.9739398986791734,-10.202468871712904,-3.7620082510982,-11.009018079623146,-3.43785075271231,-11.332875338972364,-3.972851605075704,-11.104678449349164
291,-6.843003175162065,-12.790099492987885,-9.272049071827892,-14.568048640203772,-7.72025269652434,-14.282486418483087,-7.898810388546136,-14.359347378658418,-8.582466475186376,-13.597778491142613,-7.340979729903591,-12.697419407313873,-7.853171678969021,-12.510450430800464,-5.728035119102152,-12.389720023471785,-6.188933630414338,-12.246672680618788,-6.499281499114902,-12.300373273495213,-7.34697085256462,-12.919674617176947,-8.944204950940312,-13.900824964977831,-7.699860999882242,-14.082134174741721,-7.910790098268729,-13.829860157499843,-5.861341564537149,-12.225345236286,-7.513737111933219,-13.741256536306814,-7.757758996245628,-14.189824151556302,-7.145574746178412,-14.084889975869306
292,-4.420441110440521,-11.482012847681913,-5.246549400764849,-12.05277928846088,-4.6329276147939,-11.569305088231985,-4.107423527885109,-11.429923418451036,-3.8588119062529556,-11.02292739729133,-3.5224958736236682,-9.817157545634906,-4.1493272443213876,-10.242013647795007,-3.1736032571590185,-10.454982595704083,-1.600125210720623,-10.912001480386639,-2.4868251965296437,-9.554627879811783,-2.661450241033334,-10.860941239100397,-1.7468930116131354,-9.952622965129747,-1.4023280944175096,-8.913362588075481,-2.3978696550332708,-10.348217629525081,-2.1569206958041622,-11.480733547115564,-1.5761022678787397,-9.968011664968547,-3.0935884817149253,-11.208794581301538,-3.3338352022453717,-10.552233445361372
293,-9.183045462894807,-16.889996634022406,-11.684494491027378,-18.04101420252208,-9.027186950493004,-16.829339472191577,-11.681871638663443,-16.93532229468714,-7.941437831807546,-14.878509570320478,-6.895644430595414,-13.47020756988032,-9.019473446181872,-14.113359189369632,-5.620840850993333,-13.437934588952329,-8.094624911882601,-13.14253094775998,-7.539132772554632,-12.269928780036173,-10.713993608849988,-17.043918003073642,-10.155788506103782,-17.156544988585164,-9.224047312795024,-16.01163848011053,-10.325120586346234,-17.07954339220126,-8.23307959381844,-15.048490288056824,-9.754949005942224,-16.639186102290115,-11.401481530958751,-17.069900385519784,-10.321403170879414,-18.169177193300975
294,-5.17391310104526,-11.126261656413732,-5.496243637120861,-11.89221929343435,-5.661739779945814,-11.957531853415395,-3.7084064421352148,-11.98083304701589,-3.4567150744116857,-12.441213548880556,-2.9837513376491898,-12.46141187175407,-4.951551682987404,-10.644059240169703,-1.9133549011551174,-11.844436215433078,-3.0860576438418703,-10.040950499411622,-3.576690473619676,-10.984465622118226,-3.793785795668852,-11.620979622126516,-5.148284565720359,-11.223591147972913,-2.6452271971092127,-11.031835848766907,-4.858817853582343,-11.52605391699078,-3.6283538296358815,-11.874364100089798,-4.948759181277253,-11.374849275619876,-3.8117820570712957,-11.918942347974017,-4.4988777963284505,-12.197781608246602
295,-6.345202007311038,-13.057863090000822,-9.558752225574361,-17.39588351899861,-7.511351658732984,-13.752407861072879,-7.641080077418315,-14.105788886154787,-6.49237414022053,-11.384889043006407,-5.88090901873367,-12.204325468033996,-6.713354719233696,-12.59708858155607,-5.946909515053073,-12.447251080055766,-7.412474276295463,-14.380988437931144,-7.4639965451618835,-14.546246020127686,-8.589709447883925,-15.931724806564407,-9.040419246748696,-16.279781054002896,-7.569403259745875,-15.094814166836523,-7.742543873212808,-14.334024426719985,-6.826599806278024,-12.569285162740101,-8.211302297250663,-15.152833159610367,-7.8589696807328,-14.133721079594775,-9.149320592722678,-16.078123046854728
296,-7.254235620334494,-13.830103423809796,-10.359405420345936,-17.088731964772553,-9.431352139295354,-14.387456608786852,-9.578953603863166,-13.907464143149538,-7.226152022049991,-11.042108052943359,-6.98422563594833,-12.762876581555831,-7.976234633862326,-15.721005537898872,-1.087649971941266,-12.653167372919935,-7.297136953017434,-15.160142825864028,-6.617779787589142,-14.506093133547719,-8.713548852207808,-17.15999205135332,-8.71818275157313,-15.145005566107612,-6.053376885384259,-14.450163321848713,-7.972837757780555,-14.007012652478036,-4.794698987516062,-12.346370083800537,-7.206827968556478,-14.551027539335147,-6.749859718203268,-14.926884757526281,-5.578922400038696,-12.706834387347094
297,-7.648392144756513,-14.006405379219746,-9.623870073446858,-16.658697453869465,-7.472531164857107,-13.864499357643265,-8.821869281898614,-15.687326185572537,-6.563122242709843,-12.274573402551614,-7.346492382586228,-12.447926746740114,-6.6844149314869705,-11.830047188348532,-6.679783765266427,-11.760725018409548,-6.10444286876294,-14.08884071431999,-8.005208091498266,-16.853581400881378,-8.197985171022438,-17.806055384082786,-6.765092694719468,-17.704335490290106,-6.631692976262241,-16.381291104524752,-9.19387984177578,-16.76939423573597,-5.90531663798272,-13.90927362414287,-7.100080853266466,-16.060540885534774,-7.875697559156578,-15.509069626663845,-6.56965813838174,-15.295965123916865
298,-6.477811251298572,-13.66804320984059,-10.625250508020956,-15.869171606790664,-9.800074461351675,-15.001103290959712,-8.28978609084514,-15.732794002856934,-6.962519360433886,-12.067687880383069,-7.294033625672535,-13.012530540824027,-7.93808113575805,-14.533228280499848,-4.818325823941251,-13.220805705288237,-8.60753551334142,-15.490435114752854,-7.747756129786255,-15.457318969301049,-10.816140478892502,-16.91606751346785,-9.315325447634718,-15.763599307019316,-7.308106014049329,-15.35691762021741,-9.188815351982734,-17.44976445260452,-8.3374712071574,-15.686791602532713,-9.415749254278307,-16.279331127742854,-7.783079987912834,-16.32059027107856,-8.641331558655516,-15.761382805267752
299,-8.765722252989844,-13.706102041753077,-10.173021239853666,-17.565517120112595,-9.236860459251442,-17.033999404498857,-8.847634958671934,-16.424141929891633,-7.888929625758182,-14.197819803367437,-9.198034686881174,-15.352430466329947,-7.154244741024764,-15.865606971382164,-4.6652131619294686,-13.732227127052603,-7.613867762668848,-16.13853844375995,-9.208986400045529,-15.566140659992207,-9.949558794152672,-17.777919658979865,-10.578196619618947,-17.767650645781504,-7.576084054491055,-14.502721856260948,-8.905800661357834,-15.79615418925967,-7.438211567885097,-14.687999940707986,-9.573906469761182,-16.01738244410334,-8.73457947233754,-14.986803207213192,-8.548011989678448,-15.04804589792575
300,-6.680623236629356,-12.961325296523592,-8.32756367624484,-16.19049056229093,-8.477695924606895,-17.03205809964412,-8.437179180681749,-16.316689738386547,-6.598110585263881,-13.520067936046889,-5.474577785160464,-13.312141650560143,-7.395817167601965,-12.905321268460778,-7.058132123430635,-13.233949621160814,-6.323521215265982,-12.594519882807235,-5.046961135503244,-12.630637709576867,-7.809251451717182,-14.863532486659816,-7.818213013484022,-15.297095171352801,-7.651523684923669,-14.821977740609324,-7.859534172774886,-14.88912032319071,-5.86642565410783,-12.78031878913482,-8.493503074163835,-15.327861030008549,-7.10494364521162,-15.454833371691752,-7.834944527563065,-15.834678386801386
301,-5.905481500557882,-14.620472391032827,-10.778641158362392,-17.981254078534622,-7.993921121861231,-15.988691879001315,-10.77191542946964,-17.909521740026804,-8.3164345250882,-14.387416398547128,-10.19627673772738,-13.907736661056251,-9.223340344219732,-15.561796503958398,-5.025929872633053,-14.023095352497279,-4.282303659611526,-14.301047992568352,-8.852577464704066,-17.476787442673047,-10.26074336491603,-17.930760418557945,-7.38579527735562,-18.924909326295033,-6.641798336158688,-17.442002049822435,-9.466995999462426,-17.62097742008228,-6.219703719255227,-14.054352367287219,-8.239709191767368,-16.27961103821964,-8.117487857005518,-14.00204320105436,-6.806454923197754,-14.28396603364382
302,-8.442860448859063,-15.161904357498013,-11.01968445030817,-17.428798835119895,-9.764210920916609,-15.753122247530095,-11.426847349772892,-16.776090964075355,-8.229426560887255,-14.576223572917621,-7.95544205582887,-14.279925719812773,-9.346367075545523,-14.339999072973587,-7.5464028724097565,-13.439959932972968,-6.90747381569309,-16.5652712194841,-8.73422212632346,-15.349220370712505,-10.203482311385955,-18.302107033554613,-9.389672546005093,-19.17747787594842,-8.463563401350005,-18.49112343867518,-9.810445226454377,-17.815636856622216,-7.322208255123838,-15.28595844795461,-8.420787559014299,-16.7093214702857,-9.419079481509915,-16.552838755304535,-6.96616556494763,-14.882599972684655
303,-8.61212013488932,-12.496119327394073,-9.299706989784019,-15.972693844966901,-8.62873707196718,-17.204594351695267,-10.329943028798695,-18.062465836882332,-7.792631287513062,-13.066045804146903,-5.627708406352589,-12.434059283849614,-8.82834913230756,-13.272123895251916,-5.180907519939195,-14.221813988133063,-7.841930352786331,-12.58224020166457,-8.15465169115143,-12.914952477321869,-9.39872707035383,-14.718941133214589,-10.167881803755215,-14.399283009630832,-7.348657335016705,-14.070388414712802,-8.991788216496873,-16.367664614192744,-5.717300634164434,-12.458408485395466,-8.423185781950108,-15.448113359490607,-8.810717430338912,-17.002665289579593,-7.041278031437219,-14.777413360772751
304,-8.05390569269732,-13.072841869749938,-9.143947749956448,-16.430726943778787,-8.848921877128102,-15.512965481499233,-9.647221444076816,-17.60520136273716,-8.19573821920602,-15.174666948214446,-6.504414691787907,-12.791210143094574,-6.931252516409216,-14.74668382105407,-7.916180933468527,-13.850502175531126,-10.244047159399788,-16.39591447710778,-9.835986885923672,-16.33800460788604,-9.723492238650568,-15.843391093050595,-8.224117970871692,-16.26988109081844,-7.919775872396507,-14.88716902233731,-10.310488063465113,-16.794212473666953,-9.397857147119822,-15.210237859861218,-9.53386763743692,-15.83793739868968,-9.660979957443438,-15.72049714123564,-9.348829613829086,-16.502521825790765
305,-6.5444388984806565,-11.465412395735035,-8.93278857097052,-16.853636475519867,-9.703078592537986,-16.305333009435003,-10.244945903605311,-16.036047398257395,-8.41358712773223,-13.577592762912897,-7.884374764945592,-14.01013501921106,-6.8322467987596225,-14.991281327606853,-6.44218407053147,-13.552424695259566,-8.356407234790755,-13.696156040294621,-7.452398905315424,-15.257564467813374,-11.266611095266343,-16.241003824057756,-9.587083577645904,-15.470164693902726,-7.3533729104102,-15.253277590097063,-9.751352953051278,-14.773434390387006,-8.055731547221404,-15.801636240543026,-10.674408713055081,-17.984792379631894,-9.705615929308241,-16.5159991915259,-9.72774432649864,-15.43606010902338
306,-7.637641072837969,-14.315289779887783,-11.217383720543147,-16.75902709604661,-9.618531029932573,-13.283459906771451,-10.167531196303763,-16.301217984558015,-9.217931008218963,-14.799988937898927,-6.845800126638295,-13.09009589166859,-7.38496836906826,-15.050654688562268,-6.887332614325711,-14.207028392196872,-8.477710510221167,-13.131860727441037,-6.779225909432492,-12.032096477812706,-9.06746469758464,-15.32568387776215,-10.517480040229852,-16.72099582591781,-7.977773398208469,-13.320881687121505,-9.745164391335226,-16.455721881644124,-8.305856681558492,-13.201040794728115,-9.755374119919916,-14.030470981124715,-9.631377150172074,-14.733907672276843,-12.076158590409642,-16.32626659399838
307,-8.208283286274975,-14.560395325666626,-9.742425302859647,-16.787903194104835,-8.489249163348653,-14.4488905170164,-8.647712557484688,-13.468402867428196,-7.78000801312217,-12.29637434928264,-7.514450520572953,-12.772935879989573,-6.989055789396936,-13.329384600682143,-4.059504844334076,-13.123972842308305,-7.350803324308959,-13.572003341635146,-7.486661813470272,-13.518528293510839,-9.450741368050497,-15.46246957446569,-10.514442274420283,-15.811696375337409,-9.1075894869838,-14.643859674745448,-8.886544582626442,-15.83372318158241,-6.656696928454088,-12.85610265058423,-10.297933087671922,-15.355014687355453,-8.770518480760394,-16.559276908839564,-8.53917311509669,-14.901056609144822
308,-9.095449901808534,-15.135938018702221,-9.789307926782282,-17.27481104630913,-8.94350391423749,-13.963439502049734,-12.254337703034338,-15.501934423763748,-6.70328569208105,-13.295704410698807,-8.041999312804153,-13.131870211098066,-9.941408494093544,-13.321340493527206,-8.740831980675862,-14.596621479341001,-8.183554274183054,-13.36589073256043,-7.553661950851501,-13.687240427633093,-8.921591185510676,-14.237251160394727,-8.698223250973898,-15.15536913895804,-8.035470433638386,-13.104145957630626,-9.581189501055196,-14.619918065217261,-8.083878513580483,-13.34836296104876,-8.213930695180188,-14.271883174982744,-8.609294877506697,-14.562000487536189,-10.473901318633716,-14.810676272148878
309,-6.841094096563506,-13.554147484973338,-11.053610141860794,-17.91911041198116,-10.16768068446079,-16.975632488083974,-8.846403249685062,-16.25800801799952,-9.907363176254586,-17.24249410902475,-9.081198867781648,-16.301226096120228,-8.459052541258055,-16.088100354662433,-6.823932918026946,-15.05402232668457,-9.44331371726197,-16.627319998713148,-8.40118173276406,-15.461132102245411,-8.54162768481704,-15.676281423271604,-8.518643917275998,-18.036785307614497,-8.880104645215514,-15.584469771395302,-7.446045007550096,-15.067907756199785,-6.875573332920862,-13.40082572869013,-7.305565673963704,-14.94003970277285,-8.413079650916412,-15.764993451508483,-5.924822361383883,-13.752073522367255
310,-6.992620250279947,-13.482826173785218,-9.657300417298645,-16.710153093868325,-9.044145188717254,-13.513277170093875,-9.619595705019993,-16.477336668971798,-7.553779301616026,-13.277915360443878,-7.863528428910732,-13.57694625007496,-8.40328440127935,-14.342854028611258,-5.535890957020393,-13.085669651162743,-7.292909808935038,-14.056407725333422,-6.659504744512827,-14.562085594786598,-9.854507684201943,-14.199746977555382,-8.903732236376408,-14.980574183142682,-8.563454634867178,-14.049642934233852,-8.936428589097494,-16.14184191214794,-8.059285180172965,-12.652660601087904,-7.956251250775343,-14.161180313179324,-9.345738856232353,-13.354039740201152,-5.299704825392483,-12.743850464046972
311,-7.786204669108284,-14.516173266238358,-10.656360640475985,-15.989834237702302,-8.146861107544083,-15.043177140557017,-8.99034632238508,-15.876180086674305,-7.584623837162921,-13.958567130794899,-7.436515238928459,-13.052307592013264,-9.500647697605626,-14.18443658356078,-7.598337180540295,-12.24885285047484,-7.860198770398749,-16.15344756729158,-8.272048785721584,-14.486053692437569,-8.886034804530144,-16.006806434976866,-8.883046945646903,-15.135116313525426,-9.547447383554049,-13.864550565934152,-9.536208823581578,-16.418840242503197,-8.355986171190569,-15.215596053082965,-8.345946818126716,-15.66116311962768,-7.962098343310231,-14.575592971828781,-8.745304822281621,-14.333410475464293
312,-7.64030590887793,-15.013819981191713,-10.630645120651398,-16.67127663043814,-9.457640237234727,-17.678519761960708,-10.882556619314459,-17.951775487561157,-9.458393109850961,-16.183327192189203,-8.688007840334286,-15.482389569518633,-7.123350641278183,-12.536783092347699,-6.416910176311662,-13.39796955489075,-7.832043267404414,-14.018195622952408,-7.614329726972966,-12.725160494634672,-8.184399230590051,-15.26374326463757,-9.091356173243492,-15.503372562361502,-8.86275828709778,-17.01180142021398,-8.317229962655375,-15.282175198833341,-8.39873788744619,-14.064275308170778,-9.303823651146622,-15.565211838503208,-8.364281548140998,-17.44208980359408,-9.89603087570875,-17.110539534583523
313,-7.563938745424187,-13.512975818514168,-9.44317410041338,-17.218730882502513,-8.471917268161164,-14.72526291190843,-8.557768806351291,-15.280794954742397,-8.260410862416117,-14.018860668839073,-5.881464655331014,-12.880501069151551,-6.149040476527661,-12.581274498261914,-4.366172044228799,-12.258349386183589,-6.660775693606036,-14.29278868099449,-7.615800382109546,-15.464639539699645,-8.27086976863977,-14.875643657174384,-8.31053938989027,-18.129586833163025,-7.693261337666957,-15.536120373104055,-8.433656354025917,-17.693145768743985,-6.822744094697612,-14.709481667378121,-8.266030351345236,-15.390705106953163,-8.102979716504734,-15.886016801738565,-7.9740075696000625,-15.360953368883896
314,-7.452442459698101,-13.131245498644704,-8.457589357410573,-15.028588082536906,-8.67868444791872,-12.992983903234055,-9.027374855406812,-15.410201468902262,-6.837011816853034,-13.358736358156051,-6.538625420383736,-12.864101920327816,-6.823686407023558,-12.41956924761627,-7.47787871969382,-13.622252713246503,-7.138637025966531,-14.162939818669003,-7.974414693379962,-13.304175782796273,-8.53279670319208,-15.627543265055293,-8.008162773933128,-14.482077583357018,-8.012003388432039,-15.831030891006847,-7.768193133255501,-16.59341199674263,-7.373277728189578,-14.932467951847183,-9.157981900885872,-16.511169089078553,-9.1603994820101,-16.445121051255686,-6.700049251736623,-15.03746846411562
315,-6.014386938209433,-12.483367699944882,-8.042111457533355,-15.408017219247022,-8.42500169837225,-12.630880540643181,-8.691676443905807,-15.65690294887256,-5.713819615493033,-12.539212182898076,-6.4450450532237715,-12.191722979986304,-7.220446468681843,-12.9288539110524,-6.774141710657445,-12.009695438475518,-5.712259058064993,-13.113737245757251,-8.072593923948451,-12.317462727718315,-7.808217577477804,-14.719325273866446,-8.57963173925776,-14.230764639057806,-7.31754679240005,-13.617835178780384,-8.640933057352136,-15.58419307142515,-5.050527200964159,-12.495120998246199,-8.20039278004489,-14.85066203051641,-8.544453452104586,-14.408844707074849,-5.494744186052415,-13.986006329924884
316,-6.17242488366127,-12.613438108371493,-8.471401109288454,-12.987517006703817,-7.194582029438782,-12.291891200380151,-8.254556164129577,-15.182013086771436,-5.247462684303196,-12.533303555721204,-5.016419533969906,-12.14877854481347,-6.536902528367592,-12.882520860456207,-5.547486724582958,-12.643940758870663,-5.655475748399042,-11.798125323210147,-5.672598781654599,-10.16913547794169,-7.17365404404136,-13.236743026717415,-7.232134858707029,-12.91198601072747,-5.736068579247185,-13.609774453618414,-6.858169218444939,-13.82897826040502,-5.375770665958374,-11.001714532404293,-7.279484691368441,-13.982891743606931,-8.710952631120124,-14.085812142819048,-3.46377829833226,-11.506114055853926
317,-8.712875893942352,-15.505604594585176,-11.467545200528006,-18.75736369705804,-9.08839513302574,-17.424288127595702,-9.79022137207904,-18.07887659128143,-7.68494158026786,-13.003832570607297,-8.750205207887205,-13.016467070505904,-8.729788453212834,-12.816912721669343,-4.653910465055887,-13.481406786810572,-9.283836767033279,-16.608473358783343,-10.719586345906041,-16.86662083193488,-10.090914189453983,-17.581225894247307,-9.840592803743355,-18.591773644158046,-8.742244099595926,-16.744099674063282,-9.900274177866194,-16.76216045226933,-7.379327053274808,-14.70688077799727,-7.747808335969393,-16.306805260638853,-7.802735242846602,-13.978680289951422,-8.176381219544652,-15.618475164898086
318,-6.308594611373702,-13.169224340132946,-8.464179047037007,-15.494229435406183,-9.323154059838123,-15.299116350424438,-8.387300309571556,-14.075602349862669,-8.03533355481193,-13.818915948846168,-7.329213605187309,-13.30121342909657,-8.00262148126194,-13.795805029736275,-7.698192669533989,-14.666319296432793,-6.9652819209525765,-13.145097922542945,-8.192496736132831,-13.759731380003648,-8.645942302178755,-15.042560856748954,-9.646211864372663,-14.88360773479508,-8.745322758774405,-14.912042766271917,-9.754840287430627,-16.908232363850885,-6.864830720619054,-14.453809826857034,-8.935810353291053,-17.10119872539108,-9.247718257711526,-15.769249724988919,-8.195103096765191,-16.605657346693622
319,-5.622083365526321,-14.080273796521336,-8.215341496567016,-13.103942121147556,-7.920433917709553,-13.40820090024912,-9.822199611401624,-16.65790073040869,-8.104647504840298,-14.425934209082227,-7.550194994398408,-14.833963572090953,-8.218715592602795,-12.698528739108157,-6.764285122639722,-13.121099483648486,-6.05679145789368,-13.677453121051325,-7.175785338123143,-11.95160698204863,-9.10186578867609,-13.553119998917202,-8.26951858492848,-15.048564529956286,-6.982034954808656,-15.898435618060336,-6.6083220584303355,-14.11698375853992,-6.103838962641217,-13.265850045773558,-5.886794379656509,-14.304725904186844,-7.225549169439345,-14.032241973883686,-7.113946847669337,-14.802237271615795
320,-3.670679185277304,-11.304822677053624,-5.3468041172822955,-12.27317919379179,-3.7564811824954703,-11.672430765189999,-3.981671786185662,-10.818375522623603,-3.3656959005927134,-10.868138897487018,-3.9791304927281783,-9.920346331938882,-4.292791550237815,-10.973490926559858,-4.876153937285103,-11.214218495401045,-3.6844610547759524,-10.032932032799044,-4.228709365002226,-10.111519057931828,-3.951978725939877,-12.209616693343673,-5.057553862370403,-11.918757874715805,-3.982880490360218,-11.395282674692794,-6.385830396471439,-11.807501780305083,-4.83939339875021,-12.339522594178556,-3.387397668132623,-11.99090837153037,-4.953281737534035,-12.157800854497378,-5.440416608784804,-12.25636626998501
321,-8.541251178062435,-12.455812270352688,-9.883283893887086,-14.609219269203294,-10.037393865720583,-16.17532166703065,-8.609394481041873,-16.05249755210184,-8.50391708535478,-14.938371811044133,-7.596459198278971,-13.661461954036529,-7.744725971802988,-12.92923754403616,-6.911603672943322,-12.707372869541738,-6.96697245740998,-13.74962108471717,-7.873198423869601,-13.306421304662347,-6.687143248660696,-12.95094473974711,-9.038081135489252,-13.453253265767362,-6.27791268831638,-12.666060678893544,-8.10668648072683,-13.610253302786955,-7.617602244375375,-14.886331381255482,-8.679531658228965,-14.470680998572046,-8.15056896508322,-16.09123411070633,-9.996345727242742,-15.879258195982386
322,-7.905933152861327,-14.254692090662378,-10.00452878088465,-15.984698715937963,-10.062514502814174,-17.078263933188254,-9.616001102627042,-15.884029802691945,-8.558017204014844,-14.019779942567268,-5.988461580418409,-11.245945077141574,-7.9239017776033505,-13.133370886350708,-7.094851204486268,-11.447111802979391,-7.4310492757250435,-11.863941894857152,-8.127164381959165,-12.853641116958714,-7.6397598074352295,-15.882263107879997,-8.891878555711877,-14.44646312624618,-7.286706031553889,-13.569740656188067,-7.112025396486304,-14.122607188287624,-7.035295397954117,-13.007032209166315,-8.670902098995803,-15.107845627245982,-8.207455728170505,-14.221520391079283,-8.663447395113021,-13.819849412776826
323,-6.479422529200239,-13.516791212042367,-9.093439255366286,-16.730851371903018,-8.641257014360683,-17.244838071572463,-9.80396548740462,-17.71077867190415,-6.298015239782887,-12.794142171716004,-5.897693667110783,-11.845442480830846,-6.867663005494529,-13.062369624269138,-7.002709508656768,-13.790855620629486,-7.279544186895315,-15.717761397733373,-7.67827827230794,-14.705746097700807,-10.305078963156786,-16.07463587307706,-10.302122315555158,-17.592402639338818,-6.77237191790975,-13.053716798904988,-10.311238499013077,-18.423029257453894,-9.429990943010369,-16.17601195767788,-5.586844936260046,-16.543356316732773,-11.095618019178744,-17.733039628342254,-8.63146120163456,-17.303133415435557
324,-4.86335812084991,-12.903927344157001,-10.075712445944564,-18.146650404048632,-6.053772046773275,-13.72564562675581,-9.498613017998602,-17.428881176143324,-7.22473633067393,-15.142862903971633,-6.523306690429436,-13.864312255560073,-5.7409327875602,-12.625219201625704,-4.9659216821946215,-13.522376239355447,-5.994500532050492,-11.52171316746196,-5.764053662638075,-11.022132196812235,-8.411481261978631,-16.071729003804805,-9.23390259041264,-16.834508449437543,-8.357811222831293,-17.128271392642304,-10.101239842782977,-17.610119132650194,-6.908173019976198,-16.29205108142156,-10.063551618873838,-17.473686617607488,-7.467219622727502,-16.95148473318921,-7.015046268457789,-15.97604131547046
325,-8.389012408278315,-17.2259448834575,-11.770521016858622,-19.465543297660123,-11.830625938580816,-20.672324107508405,-11.603077019194323,-19.969832488008564,-9.694989211199475,-17.24930371930236,-8.434740499751666,-16.81265687360899,-10.265601615567757,-15.900150838483029,-7.563075000849651,-15.281222054799244,-8.775958045343263,-16.604087454076097,-8.174187280148331,-15.990363114038086,-7.216395041049818,-15.949992148671395,-6.048889306174759,-14.236655887310745,-6.884532324951157,-13.316228931554,-6.508669861414894,-14.662080564363455,-5.484888504650332,-13.355989535840909,-5.286089266996633,-12.249006136064294,-5.013402115577003,-12.741991623218778,-4.193035431209614,-12.200904597298308
326,-7.61488366323401,-15.180121391765166,-10.232898081395184,-17.992801374233593,-10.46540168079476,-16.702782868149036,-11.746376346486773,-17.845521120047838,-9.290893468859084,-15.036804101328654,-6.318500979714373,-15.226836294087558,-9.4036181378995,-15.057225649413526,-6.447342279704458,-12.822620382711635,-8.10454858227424,-15.26381339595157,-9.677827736387275,-16.231306396659264,-7.839774040451792,-16.508092159532293,-9.056495345997522,-16.94166836707592,-10.169336832839804,-17.88710069287494,-10.384666281079474,-17.590839037712605,-9.20180025439549,-16.385626508872832,-9.869934180832429,-16.829173223166457,-8.114005764667922,-16.67466814844979,-7.6720641671617,-17.096908221713
327,-5.519711305025807,-12.953860172395729,-10.04972736199759,-18.843041338652988,-10.90414663284591,-17.772025086017706,-10.10358177049394,-18.021229779295275,-6.445517190229268,-13.597960382836966,-5.816594459860141,-13.485597389104182,-5.511867129183315,-12.142301889762939,-5.906445592962591,-14.281937384371295,-8.423771645484836,-17.92309457562532,-10.995528754401215,-18.54266139605103,-10.1059027470596,-18.923997468806114,-9.784105908440878,-18.69569578063202,-6.610734007658856,-15.84584411153379,-8.94021184958197,-17.388432209618475,-6.424294120693848,-14.484792591836001,-7.17039733246204,-15.876523138829713,-6.91552973988866,-15.07528592713722,-5.824141348889941,-14.18176352546514
328,-4.9190390961748,-11.835921124811211,-9.800612338130911,-18.814313713621146,-8.659291137536494,-17.410784492437234,-9.087171369551815,-17.478119050169788,-6.774723230662926,-14.096599655463255,-6.299025691364674,-13.687232486410432,-7.606400587424186,-14.372335186137672,-7.185368478360052,-14.37773679281731,-8.698171940271326,-16.186822929427255,-8.777673440364675,-16.276845695952638,-10.470551105133598,-18.898090630074968,-9.392998726833824,-19.728037156265298,-7.285575795818552,-14.634441294026884,-11.327920444174966,-18.41645576716925,-6.828365339617663,-15.27740393407337,-9.59754638455723,-17.776842210323252,-7.795099276294579,-15.133600782886038,-7.48933504130447,-14.810111578202282
329,-7.568352653740292,-13.68974793295666,-11.315376421932324,-18.234152024151385,-9.323403396429637,-16.072971034360357,-9.398594654991705,-16.30613809847201,-7.060568903214207,-12.034715833572898,-5.414041422958978,-11.937485467860206,-7.87497107491294,-13.020649289566704,-5.741063613242751,-12.726879066757316,-7.734993517077763,-14.119473319866742,-8.66746121322427,-14.889035042970836,-10.012051513117719,-17.742181242623264,-9.87954730588176,-18.446150071895254,-9.154454527612035,-16.960752770610327,-10.226289670706484,-17.079984209572775,-7.086940261143402,-13.27803959699381,-6.795158283695786,-15.087773943290161,-8.05351915907438,-14.65372461592165,-6.666491386734602,-14.981061387524253
330,-6.699956475833799,-15.304607075853616,-9.154944202687428,-16.802439227430796,-11.72930344872989,-17.59936425479005,-10.056994936645866,-18.020526386271335,-9.240532445539518,-17.70918977333296,-9.660899901752954,-16.415161610595984,-8.76203390249093,-15.60394679551604,-7.535234173167491,-15.149215830001953,-8.118577488480664,-18.052363949001403,-12.839230093141508,-19.938206076717037,-9.614760824181603,-18.037184254076074,-9.504786897671206,-19.475168767101742,-7.239615073933855,-15.912872648158183,-8.85961916377196,-16.734907039265167,-5.460951414332174,-13.326425366094796,-4.9477812288345095,-13.426942577527324,-5.356346583383842,-12.650284136997616,-6.044663265689082,-13.022681634356779
331,-5.894399232544015,-12.210267952782383,-10.704410415937549,-18.409372827368017,-10.585276804555395,-16.88008483032554,-9.748316808492191,-16.944696370759207,-9.830487043196182,-15.001975010426754,-6.697375739226855,-13.224475929294158,-7.298935700088133,-13.506869191882751,-7.769121886667322,-12.687416009885911,-8.013176631643544,-14.37856011758696,-10.233805789651655,-15.55219443857451,-11.02683344553953,-18.38662918315958,-11.364218633169118,-18.523555054736313,-7.79334062251692,-13.585884285879752,-10.484443903429227,-16.45263286126121,-8.290187470019704,-13.809963994084299,-6.801866612158911,-14.331084041227594,-6.75201123279439,-14.377711080286806,-4.963445620780655,-12.972072939480748
332,-5.831800513101728,-14.142888268879595,-9.681502615736328,-18.0284174276403,-7.539131487310346,-17.1539776581264,-9.917876486707533,-19.13806853925889,-8.630139404139568,-16.391449676342372,-8.608332552518727,-15.821455175371796,-11.781615235268614,-18.692992529789677,-5.7471398183923945,-14.12729329890595,-10.952613883894175,-17.1133457618554,-10.156289443613616,-16.59597662748688,-7.23703208993978,-16.135620563752973,-7.740026526442758,-15.332801039179614,-6.664143744892117,-13.851486832193704,-10.462508451642623,-19.44402332771623,-7.657761281296208,-16.812361184555193,-6.743053560991056,-17.50940445844233,-12.361494158032214,-20.17949954093394,-10.358374793481048,-18.872690273420517
333,-5.199324162815476,-12.436457520095557,-8.729098243626037,-15.0037932230149,-6.692647033480793,-15.68436478185355,-9.294754619220639,-16.35855991207874,-6.720963280776841,-15.011847764175075,-6.77441960499676,-15.777232492136212,-8.148118889014704,-17.24434267219303,-6.835196862401868,-14.922404417792897,-9.174401766326847,-15.753417529524508,-8.799571806882314,-15.665651401417755,-7.293162412464493,-13.626444662144738,-9.393815051360995,-14.405825132799102,-9.36119778879701,-15.588311591065224,-10.16231679339348,-18.781494466175747,-8.75495857021355,-16.653637970649086,-7.051161924746769,-16.786011115581797,-10.722848681333605,-18.67168946544451,-9.477812472581011,-17.51371447754852
334,-7.333096618985192,-15.014272688651713,-9.68627228547377,-18.20375851395985,-7.74638897503269,-18.5243664295151,-10.306335379934362,-19.078684971956715,-8.986912994729744,-16.218886144976214,-7.935094487028827,-16.222913179034858,-12.272183175349568,-18.480253286311704,-7.131303008769354,-14.465160131548826,-10.890861066227064,-17.89232331668442,-9.415752931272044,-17.641661781361854,-9.473747332923276,-16.89094701138204,-7.72286356730141,-14.748563823956486,-6.171642326151416,-13.825336324689939,-9.449159306719967,-17.69018863114414,-8.15034175456692,-17.11815911241304,-6.5049056271367265,-16.2676591376182,-10.707128416702936,-18.232911624727144,-8.293955563761482,-16.91105818981229
335,-4.068661501274135,-10.799798630812402,-5.580955075497319,-12.167362103728989,-4.495286187337681,-10.38844392926649,-3.5709489440571067,-11.086678264908116,-3.804637136286807,-10.711789520567708,-4.07885840578347,-11.104624618740292,-5.52268185989472,-12.740179490803998,-4.981051046915836,-11.806649206963055,-5.896508368900281,-14.452440788370966,-7.937362253032979,-14.881625551911934,-9.672853503395547,-16.282391889580747,-9.331460473737375,-17.26138595693016,-9.527719931575891,-17.421369064619924,-10.259644510453967,-17.824297311317743,-9.532240627120986,-17.623448301394532,-5.149038477577329,-15.819288501611407,-8.857265438904916,-17.88090047102446,-7.191388568339336,-16.33798963923703
336,-7.487656006873015,-14.277066771125757,-8.776411609389077,-17.03493359901254,-7.635984641136875,-16.494464422161336,-8.090820431710581,-16.893792468337296,-6.76572478569426,-16.377606538709678,-7.140814353432777,-14.406374659549408,-9.55067550387136,-16.253812948116792,-6.430990111130093,-14.307800300501556,-9.077259695422608,-16.817072664985055,-9.342225343030297,-15.572818867687365,-9.597603307746162,-16.613782209743178,-7.09870897875861,-15.827388777263094,-8.216834952760646,-13.000352314149161,-9.554284458401845,-17.38227872774675,-7.548297231549334,-15.815049126571978,-6.96706741472663,-16.334675180231834,-9.33295541045025,-17.06206161689567,-8.494153404647415,-16.115444570242033
337,-7.148892607266154,-15.538287791094547,-10.633142502370758,-17.21103318684937,-10.015192256599228,-18.526433125443205,-11.633871989279815,-19.19391824083426,-8.675239301208963,-14.957499139877298,-7.327314667663663,-13.501841934036351,-8.75219521822401,-13.284004550058873,-4.686078811918953,-11.837396161455736,-8.95687277536117,-17.475822876222075,-9.952227224119245,-17.207516045483647,-10.359323172086622,-16.607742838705008,-9.75247300896719,-17.043283657465434,-5.905712923721599,-11.959096919936208,-8.886851329618388,-17.13554256451941,-7.623545649492288,-15.396363797687581,-9.629506406274214,-17.712591002719073,-9.278807896593598,-15.41663185854544,-10.155958888809389,-17.41372498814467
338,-5.902016669854549,-13.299840750685359,-9.384748986877746,-16.745853315600378,-10.388361836913942,-17.587072073840847,-10.456196883395105,-17.785356102514076,-7.040542990004667,-15.020214097980041,-7.767969782007796,-16.14818747867946,-9.035760090414502,-16.08277730001532,-5.56215775901509,-12.007166635374652,-8.65963999421412,-15.997787672218024,-9.337935029182438,-16.955710129775273,-9.99887177720004,-17.62273697767877,-9.380797207559748,-16.981000253966318,-8.510817012667687,-15.502812902552245,-8.803334685616601,-15.48748730010008,-8.026083962286902,-15.298458685878401,-9.290300014518602,-16.52850925733229,-8.343647648592565,-16.874136024525978,-8.491663781508548,-16.18215999669029
339,-8.141997313313071,-15.552107872880201,-10.083703483579562,-16.411790230498703,-8.312049277847509,-13.809270476465247,-8.859254117257434,-13.8243638230761,-6.894361902220574,-12.397330193587218,-7.194370370490571,-12.897281883679279,-7.141448949773474,-12.7449239308317,-6.354276203435778,-13.784163857025549,-4.856445056321706,-14.589863974045468,-7.53187738872526,-15.37935508144164,-8.405514951612277,-16.51474543312647,-9.602932911363022,-16.67372651524393,-6.447660721043431,-15.137575690637128,-7.252688532804652,-14.544712088044767,-6.0947280271271715,-13.417765980984528,-6.164952720945466,-13.525468638242486,-6.865069045079184,-13.85442779802419,-6.884351198439768,-14.240790148445978
340,-7.91271582907755,-14.544975614880054,-9.730030655688868,-15.489693284649235,-8.921021245708637,-14.476539497774287,-9.78146400263849,-16.181012420365576,-5.342899359785346,-13.274025044766093,-6.437893348812491,-13.95990132901848,-7.788398515148517,-13.176937358122071,-5.345055138823733,-12.917164762110712,-7.762500681610833,-14.845731242043867,-8.82302865913534,-14.649906642831157,-10.20982753089056,-15.632319734262076,-9.89558450328262,-16.751423824790905,-8.539484021430376,-17.761387821661497,-8.41935092462521,-15.825280237092356,-8.070982600087701,-14.394574351921218,-9.068871062030887,-14.376097480255517,-8.941461835240931,-13.285080597917876,-7.970929601518694,-14.57606997437189
341,-8.332027874303554,-14.58586706621709,-10.114050895311966,-18.769515833777543,-8.959844137220529,-15.851448105407737,-9.178304752831977,-16.456565894004505,-8.176084831620795,-13.649547307657652,-7.154541668440353,-13.443280704707396,-6.643836007731724,-13.797176439277951,-6.046932485225406,-13.138135112768417,-8.869410965116618,-16.296652716693412,-7.947823336113922,-15.307384834689117,-9.55120218228483,-16.51547715616289,-10.354257538669383,-16.66061134907373,-9.027596653154912,-16.237186672676863,-9.238446588228705,-17.76258370334788,-8.81826630783218,-15.582898332274056,-8.694388847075098,-15.879809016577411,-7.758636273618411,-14.585999617100606,-7.649284891417906,-15.808139761069848
342,-7.724597163916208,-13.155047638409707,-9.413447218857664,-15.24729874053051,-10.24723134183596,-14.293538226559864,-9.542547957408292,-16.634450043970123,-6.523982304092556,-14.270325279664352,-7.280898103376568,-13.137186813481673,-6.507417456711657,-14.450624039335406,-6.226926272151947,-13.883062083159775,-6.510034755175723,-13.852839012704631,-9.512449945669278,-17.396597948821334,-10.872296734102964,-17.243638487391657,-8.543638663289629,-15.996034427101197,-7.359423797259289,-18.33006782100393,-8.449102682052583,-17.00867529932408,-5.330703450404782,-13.007619903437888,-8.522424047394598,-15.06516718418472,-9.031885590019487,-16.33648607506877,-7.951409243199441,-12.663256398615474
343,-7.317358190800613,-13.4241811197283,-8.718137708080505,-15.98801258147775,-8.485392765303686,-15.552790568664324,-8.300323504436912,-14.189250625015614,-7.285081875567494,-13.493690908549867,-5.82823792822505,-12.567180314350965,-8.535402403252943,-14.173512270704778,-6.50809147170846,-13.867986445634902,-8.133547392394659,-13.659358462561787,-6.800986647103042,-13.952111683933872,-8.265466469105839,-13.114543553037201,-7.6728527281326375,-14.706605328983713,-8.508457826242704,-14.136466206715957,-9.151285559590459,-17.431369148150942,-7.399084956699026,-14.371106231185596,-9.17912026975161,-17.707986550409114,-9.979040892164528,-15.725228571668243,-8.030590950182813,-14.68207543120057
344,-4.077209988423485,-12.596724809593738,-5.481561826422636,-12.555418884501435,-5.376448401355631,-13.216807718772682,-6.033643098967724,-13.155310930064111,-3.4697895228349855,-11.864467767500681,-5.995665267415815,-11.376656605418486,-6.307613318983881,-13.313833633383068,-4.2391000743291665,-10.954125357466433,-4.613510603051316,-12.091178039190902,-3.351713881723046,-12.447858521521207,-3.9989620325266158,-11.822388912170215,-5.645773420401924,-11.318591279417609,-3.1211637801313126,-11.600454685951053,-4.800364190152443,-12.811275758565854,-4.816517446625951,-12.545724707163298,-3.6056878470959344,-13.573225004351926,-6.545497394981413,-13.408052139262574,-5.761644232341199,-15.20944130454405
345,-5.186704513434785,-12.08414505235992,-6.458180115291865,-13.080288281203643,-7.300052562586018,-13.661526236121215,-8.212806372068282,-15.77519662607635,-6.450461154183755,-12.921351618878834,-6.314506692317041,-13.017508966122174,-7.820127697340517,-14.884217186999331,-5.136453026159865,-12.052672873939137,-6.531370627322125,-14.535942361843269,-8.978086176877074,-16.257997765353082,-7.740562881540585,-16.24425775399195,-9.151231534398212,-16.56304341821794,-8.192381707193372,-15.778262105650905,-8.903033931656147,-16.11099702678764,-8.146543921104225,-14.836539722880591,-7.398335145352086,-15.791021398162659,-10.235034237902072,-15.593774278584132,-8.394940646771774,-15.717322782529221
346,-3.953398387406499,-11.518278801414436,-8.377705723013891,-16.00888898504062,-8.985137025322425,-15.835388843575673,-10.285328605801851,-17.570593101075563,-6.972337419728849,-15.28666901108255,-7.043626577536642,-15.130915075993606,-9.483689055655555,-17.792839608588856,-5.743296024144588,-13.384356507230713,-7.571366131735076,-16.5076070897759,-9.633187293474702,-16.542631923541467,-9.370023467020639,-17.897140482796367,-8.555082144539623,-19.571899123494592,-10.668686226590609,-18.50754933833963,-10.24540672975974,-18.804664166203647,-9.60870844528488,-18.852917631785417,-7.5046794612370835,-17.696295051498907,-9.6138903531618,-18.792414185580917,-8.746166827236976,-19.55316414725623
347,-4.364174729785219,-11.165068220536728,-9.818802410514374,-18.337903885748148,-10.475503566918027,-17.690390622288533,-10.202986920393515,-17.649081130921395,-7.973225698609085,-16.27708974707534,-7.844181885302275,-14.655889727239398,-9.72271596371127,-15.906954828029471,-5.5793931214734656,-14.642783277249528,-6.728287520251373,-16.569412648074987,-9.580338217471933,-17.107805981809175,-11.30354733399617,-18.263060320101914,-10.7416488190726,-17.89666174036931,-8.340861189385606,-15.543022266193171,-9.33872717431004,-15.012780780332115,-7.946933624348991,-13.479152231950529,-10.77419762504649,-18.652806924761382,-9.629996525675839,-18.445755000031717,-9.781814635559497,-17.449163514423425
348,-4.633379359191846,-11.325135702069469,-10.040676130408166,-16.675120513407393,-8.802884196084765,-16.420547502573847,-10.87533742127691,-18.083768979589514,-9.083721196079084,-15.16265904416982,-7.655458921371904,-15.652247414690715,-10.093752099459763,-19.296219430138702,-7.055938678693998,-13.689066159759628,-9.470016919771371,-16.718326870065276,-10.09643901423722,-17.615634345599275,-10.240320494299056,-17.940557381861787,-9.379224570128635,-18.785916768970893,-10.06379689905373,-18.51192139885991,-10.792825884938107,-18.721464475165828,-9.93875627245626,-17.42657442831274,-10.119916917099093,-17.511395990810552,-9.41848339274188,-19.60212489013545,-7.9200612870559635,-18.773424584943477
349,-6.003139252092794,-11.582933302952267,-10.273871222077421,-14.902426577774374,-8.948769149078462,-17.93742846094045,-9.453579660868899,-17.983182386277534,-9.309674524339053,-15.04626827488626,-8.376270576755497,-16.20713679037673,-10.55822627170601,-17.402768431207466,-6.7968392695556865,-14.833008371111902,-8.912912128650124,-17.229950602383212,-11.81109836162025,-17.801584135009783,-9.919628085120165,-18.467993110538167,-9.511223128256157,-18.903629796241187,-8.263169590111964,-16.635379098190043,-8.182698196640649,-15.917305331184096,-5.602007528436431,-12.226720118459376,-5.123458399310832,-13.799950441541837,-6.295425677186685,-14.104286314912377,-5.920937274181658,-13.453534913583189
350,-7.635700777024361,-13.712265625429751,-9.130540943649267,-17.03350909409592,-8.72057265352205,-14.248971510161399,-9.522257414929108,-17.48254694962913,-7.471415335792306,-15.08796476103074,-8.231287899468093,-15.051138947791152,-9.227530254506407,-14.269335204642923,-6.651920678546894,-12.547095364660482,-7.01784782889649,-12.720812019517773,-6.260990104587885,-11.497627345090226,-6.19724947593057,-14.098117443251574,-7.8318358561573485,-13.310346482739714,-6.97956031871179,-12.92440522806068,-6.871920646364336,-12.728671403661796,-7.293368531174686,-12.126947542953566,-8.32337304525389,-14.253324727818203,-7.976661867057079,-14.119308321133357,-8.685807925689122,-14.085424187154134
351,-8.083173173470694,-14.303194315327747,-9.501933993796936,-17.187276776357788,-10.148828990392085,-16.96895846331456,-10.15954249879547,-16.577317455471594,-7.329643285677881,-14.491873585375801,-7.520023082083621,-14.297468066106841,-7.322959011799047,-13.265271472885669,-5.030539735074661,-13.568816924095252,-4.877055812447281,-14.502397464362485,-6.944575242091245,-13.212912912914437,-9.0741755584871,-15.335581695696735,-9.108673279817674,-16.48851076352666,-7.51045270912959,-15.135219232587886,-7.49635801243946,-14.911413355812751,-5.143222769842714,-12.889240675357552,-5.847400754318657,-13.89662722766552,-7.02817303126118,-12.94682381670852,-5.848144051108072,-13.80284621687739
352,-6.816752615919407,-12.326359946849259,-10.242997005950434,-16.686872165574968,-8.840058191230938,-14.390805139617841,-8.305599295455877,-14.334395736000173,-7.546153492228606,-14.478611000053457,-7.658558195344915,-12.305561979899304,-7.267734748934461,-14.329068776564737,-7.38015607415769,-14.10779770613985,-4.9081144413472995,-12.352337031796308,-7.416124063185226,-15.697682022544386,-8.122380543175513,-15.035861267653223,-10.061983400931947,-15.66805271824466,-6.22901738236107,-14.288063957776647,-8.523984102811678,-14.689827315339379,-6.688428501781496,-11.871852362797934,-8.821211641295134,-14.868830008825585,-8.434563588402135,-15.74242956921396,-7.847623861697167,-15.728269256407843
353,-7.999611975521558,-14.057969393924912,-10.413475423757387,-15.637531605370933,-8.812495106575918,-12.931606783853386,-8.954805070368913,-14.353862546174891,-7.9643539334709645,-11.587679183431288,-7.371058254445141,-12.525806958519079,-6.384867390661551,-13.591720036362284,-5.879080545007028,-13.734168584727037,-4.6304047661866505,-14.065586686669473,-7.195362441341552,-14.943000955899192,-9.16015292976339,-15.952779617030428,-9.92532284107593,-16.537659316763392,-7.719417970319399,-14.250015281853326,-8.51666034337466,-15.14510303305383,-6.6172992394581875,-12.488879998951553,-7.078442762300146,-14.387440835665014,-7.320203263590691,-14.636246501853885,-6.145104806740428,-14.824318558975628
354,-5.460087902745373,-12.262483675504646,-11.566628568706355,-14.87996227221329,-9.627271634122064,-14.466799025234975,-7.5651412206032544,-16.09540598704826,-8.988882602819933,-17.281898027229317,-10.534590046390107,-16.19429667786996,-9.14652753318937,-16.18003180610559,-5.363274629372095,-14.802386859722594,-7.668929326048852,-14.895251169877943,-11.347295669789014,-16.766858485551026,-9.46806424004866,-18.833473758961322,-12.615803649916193,-16.741121406277983,-9.086551226755974,-15.632798232513498,-9.394635751463213,-13.863974113611837,-7.9757778007574025,-13.666310214416415,-9.152729185965926,-18.05915887986211,-10.859549005454843,-16.06041222115993,-8.406857329632095,-17.91347822507613
355,-8.863272064707227,-12.365580719760771,-8.878330824160344,-16.937060586407114,-8.195628443590603,-17.377879743407707,-9.10773492559765,-17.51757361010325,-9.50411888750512,-14.644738333499793,-9.472374075392038,-13.265120493829007,-10.020830419047558,-17.420791026183515,-8.248632383214735,-16.63936333158855,-7.864817784814294,-15.766422986703848,-8.091609377287929,-14.529482371963907,-9.270095449168613,-16.21299371140826,-8.354541125478352,-15.31872646312743,-7.368750936006796,-14.175514585129878,-7.653089359740196,-12.253575552680886,-7.191204858092006,-11.81446647582388,-6.898363972287819,-12.197104044598957,-7.131931034337704,-13.094445160601886,-6.552716299989728,-12.733974368290779
356,-7.698596835075024,-13.235961769063337,-10.152761973296247,-16.4813997250015,-8.405024553577565,-14.298660248982387,-10.709380239863895,-16.26350966028735,-7.75030764637644,-12.926724221065948,-7.653124795600865,-12.823533567303079,-8.473734325902868,-14.02281856311403,-7.856042061458598,-13.346853447566806,-7.6800857654609045,-12.971403288147258,-7.852455267713782,-12.828203680500973,-9.863016953603672,-15.192852666929769,-10.337176606539064,-15.670694178715767,-8.969455659996399,-14.661483278852852,-11.175488618546803,-16.31765284942726,-9.131720558407157,-14.882620389561428,-10.296224232097384,-15.902311324896967,-11.145080009641848,-16.75775371916523,-11.63293382930523,-16.78013439018469
357,-8.494768368772233,-13.973498150430368,-10.213124690286513,-16.03827543851954,-8.277087500354579,-13.974878156854984,-10.685866125335622,-16.50439089158773,-8.259535166964017,-12.873641110140372,-7.388761816822337,-13.23808055790801,-8.484342693415655,-14.17894219511818,-7.952005264123626,-13.494313026992323,-7.275141298987068,-13.528806062138903,-8.6508482320031,-13.30624256236825,-9.254975534499843,-15.06396699954381,-10.223948105477314,-15.400571737786109,-10.051212252580102,-14.410654109689904,-10.961085000035807,-16.604365965883872,-9.247693495672236,-14.576307103108073,-11.380928516891679,-16.782939185064357,-12.418163710406704,-17.381621761038886,-12.12289142820335,-17.498753250785423
358,-7.7068807956790835,-12.363283184815245,-9.602626397764196,-14.464834236219598,-8.725246869597528,-14.52887550460183,-10.096396997729737,-15.999056384292722,-7.760724261471338,-13.517189190182929,-7.65518622775096,-13.125325923257227,-8.923588584370135,-14.237275625417688,-7.872408520248508,-13.924861767942438,-8.035706534023024,-12.370447229254975,-6.973888847627023,-13.05935149491988,-8.32650661512885,-14.820317754799285,-8.896701027922544,-14.834159561977474,-9.200167430237974,-15.333468897329379,-9.774039972373304,-15.826038970860104,-6.884328775282062,-13.429335527838813,-9.519950099489343,-15.96991467775579,-9.728957411523805,-16.93979827810708,-10.223762429184124,-17.031492457528444
359,-8.440555957572343,-13.854286322067482,-8.938225290249118,-16.560547071894117,-9.198408635035971,-18.743155282290317,-10.21138127143293,-18.152476099751635,-8.812242550005223,-16.954804054910127,-9.482644970786842,-17.28525037711015,-12.366922602830392,-18.83054157502025,-7.931350597793301,-14.93232414149497,-9.55736980028943,-15.724897264156413,-6.737733185620419,-12.404521116959348,-7.315301726260735,-16.31685982628194,-7.694985058795386,-14.207659902590725,-5.760085413636262,-12.727507354073925,-5.473620953286583,-14.047140279836851,-5.992737810587723,-12.828467433200913,-6.3128655936871585,-13.221010346117247,-5.750155572503683,-13.6321057571633,-6.927335341240318,-13.35700331301328
360,-8.116183553822607,-13.868808480499894,-7.120219782448787,-15.07344690834609,-10.559230726453928,-14.342969031110584,-9.074543959993425,-17.361801735346127,-8.150455886735775,-13.927817088730997,-6.945107336748638,-12.633149547204008,-7.02957488687551,-12.91302243779646,-6.444169708864708,-12.218459819837285,-8.810405925855479,-14.071074307835525,-7.29360849482497,-15.371621062603026,-6.686938482417455,-18.011992435560312,-9.024233398478948,-15.005783301334512,-7.172491086301227,-14.39638182464944,-8.270170768092704,-13.840945629077979,-4.390418927886991,-13.737740381536616,-8.08834423209658,-14.501218497045276,-8.295965633397563,-13.45444591493111,-7.54671333028488,-15.952312631934998
361,-8.053715935528981,-13.995761776052442,-9.825486328148392,-16.732268976182393,-8.622385521610601,-14.941759724715574,-9.824268666554168,-17.298660090517657,-7.471951881451392,-14.599466922208519,-7.024942340593102,-13.841484551851533,-8.182262982118289,-12.840542412791438,-9.414456983808092,-13.10842526008602,-8.517412817170856,-14.184930172876797,-8.162321904914943,-15.508645980806396,-9.775526313875819,-17.64074541443295,-8.693235042470285,-17.862901401284837,-9.486399906878853,-16.77039203024944,-9.122287312159237,-16.769608771047988,-5.652174705050487,-13.866749940941167,-8.384649886200954,-15.688423125859224,-7.031791319757275,-15.077018184581174,-7.4779368322847,-15.776702940546306
362,-7.07685601436424,-13.845179275911947,-9.742283202305906,-15.011070873977603,-6.800563459800446,-14.735423750310828,-9.978673164558023,-16.07799402448112,-8.110463425713506,-12.065927510149486,-6.339950902040381,-12.809215914609403,-8.56430337387182,-14.104491123615404,-7.849048504544477,-13.75609669942083,-4.564600434084111,-15.348834487029377,-8.366297784337696,-15.31696098794872,-8.412980407958313,-16.039594059413428,-8.217375598921222,-16.330451476855615,-9.70307028227886,-15.790980732259525,-8.498727912286997,-16.900964507024945,-6.015039285771808,-14.52087366341842,-7.9200466550898865,-16.22082015976959,-6.259475489687231,-15.109922278043065,-7.3607764177990695,-15.492148638117358
363,-6.716663384423961,-13.593645194975107,-8.480452336120388,-13.85121114509457,-8.384508016569956,-14.086594791339893,-10.283809155361844,-14.54050979848245,-8.216156396501317,-12.807289519154615,-7.176346023306816,-12.635768808764878,-7.73762556772321,-13.422428526429066,-8.567195818237185,-13.198726422995193,-6.988091787105891,-12.393467014214455,-6.156696559476414,-13.774675622539474,-9.217835475492901,-14.95337962655178,-10.812022380125889,-16.457077854272775,-9.998561237369234,-16.394760152849564,-10.272758877202396,-15.78695209215117,-7.749243384804259,-13.24113049633219,-10.090456251983891,-16.422153925895493,-7.483819820984403,-15.624510682640633,-10.756856287742993,-17.48194485603321
364,-4.24215962858394,-12.77260011780131,-9.812621183975113,-14.796634118920931,-6.688549862851081,-11.850156995007374,-9.209669321749637,-14.707113201692119,-6.234717621983195,-11.863216563504933,-5.4673150642773525,-11.584326487357057,-8.035240932489472,-13.275076439921587,-7.341740756789207,-13.198604772608647,-7.175081881934783,-13.428059622338422,-8.137957862349586,-14.338460707478728,-8.504252305623927,-14.497451095338967,-9.280051923454424,-15.62281500260598,-7.678156181766866,-15.197548756299888,-7.847659343942449,-15.107962194507392,-8.939350506995691,-15.46564491075137,-9.813053220955677,-13.955913641087696,-9.682038335048212,-15.005320720767719,-8.412625217583313,-17.862567597190196
365,-5.251712324442682,-14.226167668821857,-9.750193014107559,-15.022978773107605,-7.552195978338104,-12.475523147925271,-10.046214226538561,-14.566315768407112,-6.358135184022381,-13.088266477638628,-7.648376705487896,-12.185418832100233,-7.693360073059411,-13.115515098622822,-8.736281500480052,-13.85848382964199,-8.767772745067411,-13.750487395646754,-7.274573932946021,-14.267685941211239,-9.219724359602218,-15.191669211411046,-8.23611783748752,-14.203038764508529,-9.31039555063571,-14.505945191590776,-9.465693542292327,-14.441568772079743,-9.14258871137664,-14.722610320431029,-10.230341573059125,-16.55610916508657,-9.81367655807203,-15.333451495255579,-11.124716331732454,-15.986414804439576
366,-7.686067687075427,-13.17931247306539,-10.108851665429828,-14.308798529986085,-8.386686538430801,-16.50336467723445,-10.725988597882019,-16.741339324286958,-8.309991406715632,-13.875312967804675,-7.250680839966224,-13.286187771657225,-7.043624120406146,-14.171848890064195,-5.516490616422301,-14.139043333389465,-7.280300231563931,-15.666696054153881,-9.450534936150541,-15.006469322698203,-8.500303531644061,-17.065921809929876,-10.34758644294393,-16.39675259058531,-8.769152707491278,-15.891219827552764,-9.21382756239035,-15.423732940948886,-7.070514154347139,-14.316834165415841,-9.621141015212567,-15.033326176459491,-7.911983326572043,-14.026123824692796,-8.646646668829774,-14.933972579281507
367,-8.196097892606577,-14.52435902760062,-9.222961131755046,-16.5729244870966,-7.498781082667515,-15.371651715446045,-9.1418254348634,-15.426939762685086,-6.176292431125664,-13.710188709864424,-6.104032514842995,-11.633415020434693,-7.512372505896648,-12.585873480350479,-5.4479252999383,-12.95399208524384,-9.794748118801724,-13.256790471069879,-10.692283906541595,-15.226285825415209,-7.919626357877739,-14.221797736065634,-10.000127749132542,-13.851281243360166,-8.497822058281475,-12.233758955299335,-7.502751044472262,-16.603070713757976,-7.334656507407425,-12.957593128422447,-9.008784296163714,-16.125631568645677,-9.536521590897928,-16.8960155115887,-11.704978440751733,-16.368351286712674
368,-7.577028735947677,-12.654108656231575,-9.863496520926606,-15.689913430404012,-8.268454706819512,-13.635099269888936,-8.104255383169294,-14.878403603550934,-6.505584028190282,-13.328718636245425,-6.071449014765697,-11.500333655080626,-7.048654811957636,-11.913772515116705,-7.397037769134326,-14.067792873869195,-7.88299333891167,-13.720807117707466,-9.037757556027548,-13.792947072576105,-9.013476592943732,-15.793697130478604,-9.054333997615306,-14.259331016985357,-7.509248138440312,-13.539142565858683,-8.9517174312164,-15.390272560923828,-7.536877020002769,-12.903924502448447,-8.688473602762052,-14.602851839779628,-9.150238841327154,-14.967506550184748,-8.83430473694521,-15.399710751570373
369,-9.624882188989938,-14.444615110389261,-10.55005960652636,-15.029438938067294,-9.227230028617129,-14.503003608689301,-10.408475308294827,-13.625245963705428,-6.110407536194168,-14.786975841228752,-7.262616898905836,-13.635277873891155,-7.625173745389615,-13.030806395409025,-5.222858911798851,-13.491941497303653,-8.244137504316374,-13.3165184977459,-7.823045898928981,-13.522296873339133,-9.348466995090414,-15.448204258332856,-8.336422321175707,-13.805695542121283,-8.263603443582175,-14.4635367775569,-6.243684095249737,-16.338536028353666,-6.14709131786296,-13.694712553430627,-7.67158295972467,-13.548832447520542,-9.627764619829971,-15.65773908227709,-8.499183200454825,-16.761024869832337
370,-8.983764554050953,-15.061159772120494,-9.687066159293002,-16.32064262545956,-7.81074271933805,-12.957947178898646,-10.485468524535674,-14.928736217320305,-6.315727533537615,-14.679630614781365,-7.453931850468757,-13.17207800468404,-6.992096386016788,-14.080925852637527,-7.608000442042392,-14.479348841361448,-7.892468209550224,-13.898361731701627,-7.776170467639272,-14.158278749902216,-10.078114110842897,-14.92859781485435,-7.146287863218619,-15.697001396579019,-7.634559875512869,-12.863220517420766,-7.748088834546022,-14.531755435195702,-7.44130964274122,-13.700635987274282,-9.198552573303388,-13.360590753086946,-7.574533303873968,-14.186488485236433,-7.737049796433643,-14.03142791930743
371,-6.694607884223815,-12.835937195421263,-8.418409094041934,-14.811935711060084,-7.258160050430556,-14.176047577156755,-8.297150828268498,-13.828533081754,-6.9600047182672355,-14.002040151686185,-7.59444515921662,-13.048252934772082,-5.734864284885609,-12.58002928068384,-6.2583910742151625,-13.232884122610415,-6.978652159554074,-13.267156751058886,-7.915068235532613,-13.380415164268562,-8.698114396279328,-15.571421013271848,-9.017236896716813,-15.406801334417464,-8.495153680846014,-13.580534901846873,-9.587469915113704,-15.148875242442077,-7.60612331186374,-14.485977561565118,-7.551934479781761,-15.07027709949799,-7.475844725895387,-14.110328692369595,-8.516163441787107,-15.070117343914264
372,-7.194417009196448,-10.995927978061559,-8.625017256779547,-11.345154275238077,-7.142257909744072,-12.745728520066946,-9.134880579777612,-14.128928185916633,-5.9230573163793,-13.042984207963341,-8.934925575679456,-11.886489961934448,-7.359243937686642,-13.700612279714006,-8.396452881714808,-13.264237886083457,-6.564455656613953,-14.74214610774963,-7.563206453242092,-13.772817601381256,-8.87808965444788,-14.670969088859074,-9.121500766775835,-15.283586601926363,-7.023901852018469,-14.712623994247407,-8.5140732148123,-13.10671002245234,-8.424133376340846,-11.996121715068064,-7.725001686343057,-13.601345476750762,-8.2735668747839,-15.005283583268604,-9.497214152121913,-15.662589270533429
373,-8.353284800642315,-16.106710146233706,-9.806559224935326,-17.26278470335261,-9.417729766084099,-16.429569907898273,-11.573058707439635,-18.12920849077441,-8.034568759444134,-17.030457339459804,-8.400569579028792,-17.944923619524214,-9.098217918231153,-17.689084262151997,-6.629739918850007,-14.474095021859785,-8.39021277557489,-17.10605907235914,-10.462155008883302,-18.335115374132805,-12.8205515902552,-19.506786129191006,-9.311361063112885,-17.028418041748555,-8.898738987061302,-14.979737938803465,-9.217178829320954,-16.130914342889696,-6.77301445799503,-14.206053919325687,-7.171103066596679,-13.734309259474301,-7.131286795311281,-13.995055808251443,-7.527302434788218,-14.703940688074738
374,-8.217981357098141,-13.361761379299766,-9.046072092050583,-16.732775607050343,-8.605776861621035,-17.093501734670895,-9.701804135679986,-17.312625856117577,-11.080866694368993,-17.25848138009296,-10.090391497046593,-16.53798481459699,-11.446492800892793,-16.51206525426373,-7.245156786932094,-15.059800799014107,-9.229170691224326,-17.807815142253105,-8.458417428517448,-16.757054393163365,-10.366501679364664,-17.905576846938267,-9.81561331742914,-16.396079758416892,-9.233712450540141,-16.301181051253526,-8.628249123146919,-15.472741370938198,-5.867561036304563,-12.868883381998437,-6.598145622963479,-13.984885607176022,-5.931073886094998,-12.97018483892731,-4.690633280896245,-13.038489754917219
375,-7.413010722911398,-12.477907757889628,-10.042236018380436,-17.999601155927802,-9.421813310464564,-17.792419424376636,-9.735838982653798,-16.144754653630955,-6.327213357961897,-12.295570340045654,-6.189028889369139,-11.014913265220338,-6.40131987789875,-12.934820251791258,-6.252256259372126,-13.021753992431506,-6.926588398172219,-16.03529880334171,-9.528136725808691,-16.82256194620056,-12.20793409736578,-17.3579673425797,-9.774240251659677,-15.624261693371494,-9.10321569469868,-16.16335285140364,-9.54384643425621,-16.941243967015087,-7.878449461182733,-14.59001433700687,-9.087968638797673,-17.206645389841952,-9.507987496810363,-16.65093207363952,-7.7600519160049855,-16.881613350061635
376,-6.565394616232525,-13.416645184709807,-9.649809330605589,-16.726382630859653,-8.348450942052212,-16.81462003714923,-8.674403658413611,-17.299476416447728,-7.614170565101254,-12.913705615174592,-6.282701143403992,-11.169659358253783,-5.754053404781395,-14.023435490546763,-5.225444747020075,-13.309107654991198,-7.5684794598414555,-15.338043640936633,-9.24371843438096,-17.170075202276855,-8.84646651389619,-18.99266643798576,-10.498512484607614,-17.156123859147126,-4.763707251670521,-15.681362751145734,-9.358190189294048,-16.422168655078657,-5.67318944810199,-14.403988749885153,-7.649156645480277,-15.685507553642054,-7.94934096634952,-17.108395369057035,-6.706217921167181,-15.112314529167124
377,-7.399405861471118,-12.197563702979735,-9.30617543796074,-15.086616686717518,-9.903634304887424,-16.426262286825104,-10.41210935745718,-16.5859564181886,-6.935540711513889,-12.881990849190961,-5.980290003645395,-13.24901940346753,-7.050841790686048,-14.343524736190725,-6.583237137691364,-13.221856014084935,-6.912371882758417,-14.930973161162168,-7.185117328685566,-14.790350992565212,-8.379828471113273,-15.709642656954133,-6.9847102518810065,-15.201370164839323,-6.695916063689661,-14.883885427174931,-6.999584288154066,-14.871654173678321,-7.088006224981984,-12.719760988975615,-6.335980270592573,-14.04460950440515,-7.9387467920160155,-13.261734966315554,-7.071862310990413,-14.23908534619188
378,-8.546775316193829,-16.515786126791088,-10.677346248982925,-18.65928406801273,-9.90997711487205,-18.689598145259616,-10.318188706198438,-17.559524614585197,-6.889944495791744,-14.395160958066233,-8.29001635005498,-14.972248969859168,-11.024167168584725,-17.563180051669804,-7.926931326469059,-16.786073444729986,-7.9329706370161714,-14.569688141754808,-6.235396442105744,-13.834280545896718,-5.9083174105384355,-13.792394574156262,-4.952284549301452,-12.615894953503721,-4.8203203073811505,-12.518967617454296,-5.355516057789647,-12.035130186351859,-3.2332549736489797,-11.52832966039783,-3.486011978399798,-10.77610030675918,-3.669681458491775,-9.157421390240415,-4.042424744831898,-11.181285577353941
379,-7.955049234325569,-10.328462509153377,-8.647817312105994,-14.19290534038768,-9.028599216822933,-13.558381736818152,-7.669283479038976,-14.80856186327311,-7.828075888275916,-12.802611291466647,-5.369458994692753,-12.194936282836908,-7.056566249940622,-13.309308873294736,-6.060897116334844,-13.452134379874991,-5.9878177085438855,-11.356459026358232,-6.267536347513043,-11.900708378791919,-8.926452847712188,-13.206779142328875,-8.366241586200777,-12.905832970513238,-6.752100072679289,-13.89489460610884,-8.858583825442047,-13.567684792232033,-7.576798148785774,-12.230332811102734,-7.680637340984076,-13.57952255015883,-8.940472465992377,-14.116291411775999,-7.268414732665253,-11.992021589444628
380,-5.880460475198841,-12.655379175674595,-9.279516415087706,-15.8878677192146,-8.69876396836158,-14.354500341034493,-6.823431968773901,-15.10160984223913,-7.751471077392944,-14.257244848842237,-7.7069973986318505,-12.614971221110467,-8.727637766325532,-14.207720010627165,-8.58651967754806,-13.346477593331137,-5.010887764602416,-11.695819314399966,-5.958245417932535,-12.901551535627114,-7.57861632282631,-13.977243892167463,-9.492679944189508,-15.752815729242531,-8.316077921198922,-15.29049063996453,-8.445745045929247,-15.495093885518735,-7.515097582052305,-14.193638479833375,-9.8435509037193,-16.261173996521133,-10.271663523509995,-14.902604045084995,-8.22738315040975,-15.392821299100003
381,-5.429885443657386,-11.434356122185424,-7.541207836398791,-15.022583785217801,-7.808708109569562,-13.286593616437582,-6.284733734343306,-13.736754210883625,-6.226052683699707,-13.651987938518666,-6.5653657108533405,-13.154115373041904,-8.098244774083438,-12.246522598370166,-5.314601087049522,-12.939965032078643,-7.730451559781035,-14.104927831334537,-10.26413581548039,-16.40691383597217,-10.82899053393347,-18.463830719435027,-9.339333814547773,-16.506984361356277,-8.929124291763653,-14.888722363157692,-11.057869599714715,-15.689957208898742,-7.867323981875339,-14.35621864236847,-10.259521879257944,-15.826381488608767,-9.017987490071848,-14.681004258224018,-9.147295359096162,-15.773143986016189
382,-7.2099197909282475,-10.675665145477485,-6.836353960490556,-13.312963968325118,-7.7235060419073855,-13.187801119274145,-7.687790644830498,-13.954642600772411,-6.597979750782914,-14.180212414184677,-8.226678852818402,-14.732946921255978,-5.6696311341885774,-13.885535848833772,-7.9120997664033705,-13.054789082761873,-7.0728902772368505,-12.606087546420879,-8.216362827760458,-14.373242073285423,-9.428876277545793,-14.125382525307028,-8.459171904716836,-15.599667905802178,-8.133556656048267,-14.476739505592471,-9.964712908855677,-15.784405845932028,-7.424092419306028,-12.265612668603907,-8.804383224966884,-14.119402515844959,-6.738387569560662,-12.998099837830333,-8.66707625702161,-16.77287867019511
383,-9.572077319604103,-12.841768287110504,-10.190026486045271,-12.326374597503854,-7.48266520355075,-16.462206152144468,-9.046292248976384,-12.954324280625354,-8.408348151350852,-11.517187233190374,-8.385281663845763,-12.486875851280583,-9.333283710636378,-11.100609651705952,-6.94922875414642,-15.283576361834491,-7.913884967732004,-13.957876842108865,-8.814627899806926,-11.347948356549498,-8.463371228724823,-14.72077485957072,-9.802109349089859,-15.627195534136234,-10.22016187904063,-14.301851459605611,-8.349334353458872,-13.83842155548142,-7.23173284979966,-15.685637858607258,-8.847154540688324,-14.048529506438873,-7.04226635893352,-12.423267891443592,-9.063115852859237,-13.175612304526044
384,-7.770638361186338,-10.703253307572023,-11.203873502851723,-13.254727232531833,-10.543968187719837,-17.465877767142043,-12.130028181326733,-17.94301297632861,-9.119391107364198,-14.517621148819611,-10.260829780302194,-13.934687040628976,-10.738784853883626,-14.082583136737874,-7.521661281072781,-14.58560941747791,-8.213933912238389,-15.078916286468928,-9.567349500167817,-16.359177982387102,-10.175538995804237,-18.400878275984415,-12.04824004170731,-17.89058846318849,-9.341266290923835,-15.97483085713865,-11.755621745872173,-18.512914690560876,-8.542911938634695,-15.301817107397744,-12.690628671516242,-17.801241358512446,-11.43415128387013,-17.11394693091069,-10.430016500352,-18.804019352147662
385,-8.77195735829843,-10.811745027425022,-9.420343114907698,-15.939273273001808,-8.80422425719647,-15.318368053103866,-7.2790552754436675,-17.573118976763794,-5.638372076944203,-12.93690237565092,-7.09786131455704,-13.251981420661679,-7.424029479820765,-14.926404976056958,-8.712680065111453,-13.57387151603758,-6.200301678043668,-17.00525103648777,-4.786246186591468,-14.99757380360202,-7.1810160320562035,-13.385510627539222,-6.865079578190217,-17.80843656166108,-8.751155804034184,-11.145984829131311,-8.827569962578895,-16.095076473984264,-5.196639270158876,-12.620429157298783,-11.007422502971686,-12.210483132064851,-8.915261808395536,-18.78932961207981,-7.1299347724764885,-19.38684851607907
386,-7.802313466176981,-13.928051314928961,-9.536590370739562,-16.08619727105654,-8.221542269718524,-16.373821026027887,-7.716325273908403,-14.710642452722904,-7.105731376569589,-13.926369843034522,-7.469733998238592,-10.73695883443737,-7.856440645334002,-10.74945372551111,-6.311678911356223,-13.140650641550216,-6.347296581585057,-11.589588273796377,-6.937764810539354,-12.995065570519497,-6.5083873184119305,-13.79202983198654,-9.468161287783465,-13.085939141722227,-7.961608390160135,-13.873950812220901,-9.331050066581332,-15.596959069475716,-7.1961317957223505,-14.804859965315114,-11.02136334119326,-14.60194426901429,-10.835872575910276,-15.63779054109794,-9.373272166150791,-15.3506365415797
387,-9.104270753008826,-15.194162170197178,-12.554616303327728,-17.110133654338387,-11.345411416202039,-17.284988882140645,-13.207947972932356,-19.320585591123397,-9.067012715943498,-15.983843733324147,-8.689199018971896,-13.53017647155294,-9.119537734331988,-14.710662316314068,-8.330059643000961,-13.92261880096207,-8.886276666245264,-13.92080075947742,-8.748739314541616,-14.305915720853918,-10.93581538428995,-16.837381787694664,-11.543701885093684,-16.111548466511614,-9.74751746069326,-15.71095359822481,-8.769619942282285,-17.18180026663417,-7.1911567286476625,-14.220957629781196,-10.062937329980738,-19.97515645071867,-11.203545629134169,-17.782126788948787,-10.589276299660577,-14.911010841629826
388,-7.058961382583284,-14.278755134533585,-10.626149674400017,-13.901178501766383,-8.413619913671964,-14.698811532631868,-12.222003305800389,-17.17860790695803,-11.69688928760359,-14.760124319513071,-6.05733899419239,-12.317573763292302,-7.684215557620188,-17.016561670358218,-8.574014414143797,-13.774747776007343,-6.670312245248915,-16.07219754782351,-8.962089535697936,-10.71990064896892,-9.3630733747714,-17.224695428015636,-12.617471942256884,-15.61232873208237,-8.847289528802925,-13.197725611954631,-10.529467983428724,-15.618975149529408,-7.942619766268107,-14.160510614447169,-8.347062139315453,-16.320265757340483,-7.78542693151448,-15.074064858776403,-10.824068995990908,-15.853388491830415
389,-4.688723559592243,-11.279843957932165,-11.080183015217193,-12.730652581947808,-10.380636004816576,-14.874743864645373,-11.611513656438607,-18.812589419051896,-9.854739403308628,-16.278469013799636,-8.14950065071857,-16.188674605241506,-8.74058040966469,-16.26055757713484,-8.907468741544067,-16.349737608034363,-6.917739156303806,-12.755027722903474,-9.450007495888974,-14.12476119251582,-10.754203038035868,-14.813266822043754,-12.743656160528243,-17.53177455871314,-9.322519222960631,-14.503364780437435,-10.829780910693476,-16.504081103007703,-8.825285878982228,-15.098122039289558,-8.854903791543249,-19.199095478735007,-11.904569137053805,-17.81084079042416,-10.784214912589253,-17.290876330640174
390,-8.033182756729685,-13.080705259415993,-11.28400925422939,-15.589770126660152,-8.85144618854149,-12.966906503430089,-7.733735215467911,-14.819733891118192,-7.080200732326508,-12.583378565003589,-8.232426494952916,-12.057727587232709,-9.373136603445051,-15.34248619133457,-8.586261933276768,-12.764445641369576,-7.458962003215111,-13.623488408814397,-8.05138433564596,-13.479977588441155,-8.20536140865568,-14.120937279352745,-9.403331154807242,-13.893204111625494,-7.320996802668872,-14.342325232222606,-9.639705268690108,-15.836408148188777,-6.8575591544599,-14.399605804975808,-7.895820716976097,-14.40840536577097,-7.291146851142848,-13.725344051440338,-9.532989400417485,-15.609384309900587
391,-9.257690597115126,-15.800643980522553,-12.028209503872185,-19.238513996271074,-9.23228083714664,-18.43903721245207,-10.133418191033666,-18.921031152128013,-10.7664929232868,-16.157355411891142,-8.35082370559766,-16.33833288681242,-9.61860215821628,-15.930836289876833,-7.474809633559204,-14.128701081469533,-11.05641052392726,-16.74438062196369,-10.2141399400138,-17.266878020971962,-9.278891076432025,-17.57422131370018,-10.075919558617702,-18.900278885406642,-9.646444215449723,-16.298235854990786,-11.100527105625487,-16.605293233571825,-7.667081085883343,-13.661702170902768,-8.176528783198032,-12.659985856115735,-7.290795177775136,-12.719252136419577,-9.16821306042697,-13.86240230600972
392,-7.242372099806853,-11.137300784178773,-10.005446845089738,-13.743922244486084,-7.836039438567559,-13.90807464679929,-7.525687366204372,-16.52956453282964,-8.249472150352556,-12.681759439147386,-5.411337482417434,-13.458938490368457,-9.838244732465977,-15.39875627880116,-8.19768516839863,-11.94420600788584,-6.880982075231072,-12.058666514817787,-7.598223644876184,-13.516551424639228,-8.653109522433622,-15.772621656243047,-9.975830605517151,-15.22122330417928,-8.988862734396927,-15.077154107769971,-10.371590611140288,-13.266730750087802,-7.684765379517904,-12.619775800528032,-5.807365694175112,-14.773593187851667,-8.84229528221568,-14.55924234303813,-9.278693749589781,-14.55879260562221
393,-5.977767090085035,-11.77097829163623,-10.049245274568664,-15.760276121267813,-9.884187076709281,-16.207355336609172,-9.28441657822281,-16.745583743211718,-7.393960450226124,-12.871680289756354,-6.546043976924034,-13.257596722040075,-9.007863027209472,-16.45777380200668,-4.961990847214727,-11.931170526602479,-8.516847529746617,-13.593433507873524,-10.13405087410504,-16.54925430651235,-10.277256529122031,-14.875438577557576,-10.331074833115858,-15.782506444712752,-7.808973422413457,-13.756645559684731,-8.293996197329632,-13.553694217047727,-5.879405283459618,-13.112437792170136,-8.701386503364754,-14.059414205759701,-8.237945815720838,-15.460001788541193,-9.326588023049394,-15.794169941382542
394,-7.623395322481324,-10.805100102490744,-10.724508964382435,-13.176329326341317,-8.729892791147893,-16.70674380449949,-12.44154068091772,-13.840064024306752,-8.845905603362107,-13.243955159781716,-7.54722578146287,-14.159706100387544,-8.18581155018444,-14.014886396667965,-6.6361699106535355,-14.518311615001032,-5.888977424193579,-13.950998065414076,-4.0024881471488944,-13.866617127298879,-7.469513735760682,-14.863974010014832,-8.035971673381843,-10.770781929903869,-10.997990200550806,-12.665956657050701,-5.228212649773725,-11.840156687612875,-5.995124293140909,-10.422007842727517,-8.303267962795411,-11.303044115634233,-8.51090381917244,-16.749063468671547,-9.494318695090097,-17.129886899532206
395,-7.019844697648857,-11.668056505126398,-9.35701887390438,-14.53348628656869,-9.124304617488567,-13.54237786646689,-8.571914330500345,-12.8485909834216,-6.859245789399202,-12.06621493256054,-8.230785349855763,-12.318589491233109,-7.716638174151113,-13.290361472864351,-6.425834793539358,-14.090642521946272,-6.0211350092081695,-14.094165943700077,-3.049667128252933,-13.882751947862742,-9.116061498276887,-14.3817524753433,-8.18933721565209,-14.068650312582252,-7.445842835393901,-14.590564509642478,-6.1744672468873985,-13.623909329776815,-6.9096036912228875,-13.1232723824157,-7.68399059876849,-13.331890935005982,-8.438965496083018,-14.83832816460004,-9.333392918269965,-14.687635700697497
396,-7.122212750320625,-12.103997500840578,-8.63389715779291,-13.743284776901971,-8.110271390662625,-14.129523737390269,-6.316372859193995,-13.499527132621933,-5.017877862213216,-12.77070581487629,-6.940103612306753,-12.293985266582528,-7.630682900715753,-12.122914640462376,-4.511113360881587,-12.111710432531176,-7.343796441491039,-13.95815495688921,-7.152231480232231,-12.85416377763859,-6.346492058523135,-12.776275001325994,-6.8558744293146345,-13.865066227684796,-6.309410680041701,-12.858665101325382,-7.501994772142522,-13.752754894253652,-5.869727181257314,-11.325495277392253,-6.738379935021838,-15.215842306252267,-8.842025124766785,-13.813621281775566,-9.05982310026366,-13.279167868847024
397,-7.507852494439238,-13.386905540091563,-9.42355629899106,-13.874381917863676,-7.0416816204498485,-13.299059991273568,-8.846063375384638,-12.889336024303448,-6.742479169708117,-12.697906135412438,-7.147087659629032,-12.673619688339615,-7.47328322758876,-11.871434378982702,-5.94925349718583,-13.110543479966088,-6.09310906726357,-10.959702470634554,-6.262162057345357,-13.227751729196477,-7.694728521802569,-10.249171003818534,-8.61582585667689,-12.636062392697934,-9.825476226182053,-14.404067248121688,-7.7427757340798635,-11.708781208931853,-5.289062774175828,-11.177546675854028,-7.842176046663435,-13.389432942371997,-7.826485085959596,-13.684405955574183,-8.388555350968817,-14.906790449171115
398,-5.086472795040937,-12.976547146460401,-9.166103692201341,-13.541964407787692,-7.308898738613169,-12.726680216463874,-7.181218079815834,-15.703167116069077,-4.679056950199363,-12.946681439275462,-5.609855518821487,-11.966695344910768,-8.10217135401406,-15.811390166294165,-6.593562372409242,-11.177581897443387,-2.8134547064693183,-13.928164235655142,-6.231756368266833,-10.875523267208973,-8.520041979453007,-13.02231642673297,-6.113035290693677,-14.914346118298525,-5.374978806886722,-12.462049959740263,-7.491539895772908,-12.009033229162444,-7.057941638092849,-13.837269182655898,-6.076514918314764,-14.560127856358047,-8.398928340218934,-10.578347440611466,-8.788946065061138,-11.892039078268265
399,-6.991994566830617,-13.769550970544369,-9.615733500651423,-16.948529720261146,-8.475116636590071,-15.217420028863451,-9.038022536779843,-17.914596996684054,-7.426623807441413,-14.934280975136655,-9.739992396410722,-12.119119633781878,-7.220826446540546,-14.94289908433418,-5.023289336989688,-15.142382979401855,-5.086337101781223,-13.906163652713834,-6.339404021500814,-12.319594554904638,-8.34552013537731,-13.29003326824703,-9.806375553385521,-12.985229674835178,-8.240227231904129,-14.182659872061134,-8.27487364328241,-15.836821892245624,-6.385627951855174,-14.097429136398356,-6.090795603864988,-17.809247592790914,-9.924548279198943,-15.290269244212203,-9.547286157124391,-15.889949571036768
400,-4.6179672604494035,-12.118013276917964,-10.288780956809827,-15.909072342948047,-8.268251431063957,-12.749187241563815,-8.528793999633935,-16.58226463201801,-6.384060803609838,-12.989910533869867,-9.412403773167267,-12.065050000178434,-8.517456056178816,-13.6836392497904,-4.462725576697423,-14.552761936113585,-7.817929319627954,-13.93827784213787,-6.516633805569216,-13.683131462020366,-8.397565589512885,-13.70072437019955,-9.578437937840295,-12.672709493278525,-8.0056214216192,-12.463380621290867,-9.021509281445644,-15.320751677576364,-6.6701117281296955,-12.92064061279412,-7.385066540683947,-15.480961219064163,-9.657579713681404,-16.7268426992104,-6.501891294745329,-15.964321107965144
401,-3.037455187268814,-10.51231074859299,-8.855829847834709,-15.320250448875576,-7.65374591255263,-13.91254274738408,-9.410971369333364,-16.984286876523928,-5.228031475755595,-11.802547618208315,-7.967154908479044,-12.30404682084891,-9.135855580338053,-14.096909653344483,-7.530785791871301,-16.528593640838515,-7.627323129892366,-12.16663997632375,-9.573477194028486,-14.32707942279318,-7.436209511045428,-13.509800273965102,-10.602526624935889,-14.138834371223775,-6.029814862367543,-12.745581929425025,-9.859521114565176,-14.699744350347494,-6.958041593301507,-12.475259670625613,-7.896099777553634,-13.341110972505403,-7.251930233129592,-15.385574704751946,-6.869674607396142,-16.477546417755796
402,-7.793936171852875,-13.962051039305653,-10.819427142884377,-15.018789771635376,-9.535108282734157,-16.135043800774657,-9.450263082589267,-14.81176913653179,-8.707227710237767,-12.226542763920596,-8.707617803991996,-14.803197707137164,-9.187783704635946,-17.66962479482506,-8.665597694917523,-15.807644630736867,-6.7092009682311025,-14.847813441194171,-9.063776607100664,-13.831403028899022,-10.569103812616618,-16.901116287969348,-10.206748525075383,-16.451769422620266,-10.361123323851292,-18.600016168676436,-10.895690300256591,-16.874014721205025,-10.882489811593747,-14.271645442481184,-9.982560029000597,-15.548881626682272,-10.972502126116533,-14.479471827100989,-9.899237386380067,-16.2234881691148
403,-10.250598338307773,-13.682036746631642,-10.424194498583905,-14.98268486274939,-8.348138594144018,-14.81933045993156,-11.555850294319999,-12.547634033538614,-8.143602708701462,-12.833809078456898,-9.987283160891065,-13.931424813566293,-8.880113646155039,-16.850595284498656,-8.704073047024064,-16.28546065673975,-9.527298534063197,-13.833499730488143,-8.026183989181755,-14.449997664836014,-8.111822153958453,-15.718524968469993,-9.118149599942226,-14.924189488287844,-11.441942841787407,-17.033347303809872,-9.746460947445732,-14.07379250925933,-7.86985619463603,-13.562589438425919,-7.291435424920042,-17.593644676286367,-9.59523926393806,-15.567909831246805,-9.387433463863513,-15.394799705157137
404,-8.597761027321877,-12.692208077098128,-10.597983307378769,-16.891093895655853,-10.416934677568591,-14.567218238817416,-8.238919844174239,-15.842405397574606,-8.664424153052208,-15.793454679376941,-6.680739859450745,-13.075974183882892,-8.567618787723081,-13.402696415772223,-7.17318821600525,-12.680468433662435,-7.345882251751545,-15.101196771781783,-5.731552743133376,-13.007775772978254,-7.970763106125711,-14.917244219385191,-8.534245044869586,-13.864566716366525,-9.00392727074223,-13.99208866966871,-7.311166628846431,-12.979239988951804,-5.955255094210685,-14.368325101287338,-6.802855236271185,-15.82732904518322,-9.097276300300404,-15.432720502671168,-7.827618286519231,-15.307180284933139
405,-9.377543156991926,-11.081185435606764,-10.735855311490763,-17.591976315657355,-6.123742090925014,-14.696981328881904,-7.419871237085296,-13.787268138293857,-5.962700156545373,-14.340379683909433,-7.50469785898518,-12.60224468013438,-8.388908578140473,-11.843716607744925,-7.333803026489263,-11.928051173742329,-3.30405799767566,-13.975515790358795,-3.3483500546092686,-10.526318270324047,-7.763260404187438,-13.607429635239782,-4.973065468930191,-15.02653476687038,-8.705068831970728,-15.66758821890999,-9.831259169775613,-13.696671227427561,-8.950274166897321,-16.501743300780557,-6.299951765640253,-17.045515129613122,-11.67555593064938,-14.636031248751966,-8.239086805437303,-15.462578274627957
406,-8.284187021573373,-11.500006614925688,-7.093804770578719,-12.645254565946535,-6.111691806048947,-14.354245476408318,-6.545782508780359,-14.350086859020353,-8.41043319984326,-12.577734689582751,-3.8676353639177288,-14.296354090952324,-9.261151094249229,-10.76637981727588,-6.683074179848885,-14.352676933171244,-5.71590050744137,-9.054352606262427,-4.616773225018057,-14.181854634993957,-8.164766225337994,-15.652181423061053,-7.702464402824599,-13.81793747926472,-6.438653705905217,-15.255459839297892,-10.192909293238372,-12.576388148712034,-6.764632742735971,-12.935295051020589,-9.353404217174889,-16.771000432117656,-8.014378049879573,-13.955759165698744,-7.71230433233355,-14.238113528336068
407,-10.671158001815233,-16.98996972689763,-11.023066429012196,-18.280004346715884,-10.420269611855527,-19.712934411984907,-9.43303151690035,-17.319751299212772,-7.613775674567367,-15.459260873097907,-7.815592536178025,-13.530036602879889,-12.14028444951319,-18.037659691685867,-5.280658291594654,-15.724604217126256,-6.642980463565359,-14.663635453744137,-9.410650845713201,-17.51567351864414,-10.454387614466098,-16.78356226888136,-9.220179268762916,-15.96167369869164,-8.450900251452726,-15.142566034431217,-8.349032340613938,-14.931339508520045,-7.216727444225224,-13.014569939387382,-11.051342858540094,-16.040821893557563,-10.001082750870637,-15.090379290396214,-9.004171671743455,-15.145809436228475
408,-9.334221292770025,-14.6038943329245,-10.472231119598842,-16.671969421178485,-8.710016803775794,-15.274065693544,-9.28850077303762,-17.12701214846963,-6.727262723069818,-13.14519355022582,-5.725343991115258,-13.749883875574739,-10.433434614330316,-15.513211625586052,-8.324620305709688,-13.659984104421842,-7.787977545163517,-14.645888306287931,-7.877354524807042,-13.054255277518747,-8.904789207705164,-15.355804802355287,-8.921543982163731,-15.162585747244236,-11.075900591041474,-14.107535253086265,-8.455235095172213,-15.213856548517892,-8.454251223462819,-13.081578149421599,-9.046702459023924,-16.689171212200357,-7.4599817862801086,-14.859216054426811,-10.022624533550449,-15.42318697471301
409,-5.1728449977246544,-9.93210452404139,-7.391554328231566,-14.808625505761714,-6.1487447942917415,-13.362159962354273,-7.458449588176227,-13.548555722575532,-5.452281772613824,-10.590039426205891,-6.274431392966263,-11.6088759149917,-7.675749196606864,-14.365816753560788,-2.328779135439242,-12.610183164721981,-5.952881239129871,-11.495709616479528,-10.176668165497016,-13.722204982473409,-8.040457204215983,-14.278306226625642,-8.902103033320563,-12.896889399325788,-5.376342839959168,-13.776342017524897,-9.38978781998916,-14.673739809355187,-9.716674143160594,-12.910847681301096,-11.733704414695833,-13.755062371859736,-6.582207111994646,-14.918581645948699,-10.252074663742004,-13.668694202806861
410,-5.4163600730099395,-11.226744115002408,-8.785035158622312,-14.424009548180006,-4.600578648425729,-15.652272979285186,-8.351566359479772,-16.973917178506944,-3.5126174571460282,-14.901600493483294,-7.38053258401518,-13.874904078841524,-8.34662075275061,-12.817367220092127,-7.470359611825494,-13.134627838781146,-5.275758507089959,-12.188077717926282,-6.2794760607313584,-12.932645679617266,-8.299928187733215,-12.32353136162981,-5.519295672468463,-14.407232890344257,-5.318771170108436,-13.510872752413905,-9.426509998377608,-15.267164301124637,-5.789542079544486,-13.527533769982703,-10.72894861264675,-15.641480719293977,-7.31187819028139,-13.362108558523705,-9.275595523641728,-13.364124641129031
411,-6.240812308097906,-14.022120437704853,-10.010293059154833,-15.971877538073123,-8.118765484903939,-15.303861336074949,-7.184845209852661,-15.070988206626954,-6.494933589412353,-12.328463789229431,-7.499317745335605,-14.741687872754703,-8.3778703108246,-15.463300545324454,-5.036571662854318,-14.232872424933332,-6.81923246605707,-13.385695837380405,-6.021573852606479,-13.568354027889267,-7.846759367233296,-14.829291979952492,-7.627707636071081,-14.303685463279745,-6.045794667947929,-13.142538786852347,-3.042864365048338,-13.741803715624846,-6.450514026083024,-11.805603095652042,-7.936385149742832,-12.9566465248231,-6.3876556396923,-10.708977172192348,-8.050530576088322,-15.057086460601479
412,-6.613610769005353,-13.124868758650326,-11.671985175825764,-16.028598207596968,-6.043364833326952,-15.736043486374847,-10.014617073586521,-18.669622017322297,-7.0006029090491015,-15.213087808459933,-8.46843097445273,-15.381902306791384,-9.872402511173185,-16.21231053789789,-7.662856843446422,-14.173868837635439,-7.520695107718984,-14.218387644346475,-7.582176887127778,-15.130914812356867,-10.41128437471627,-16.935060272899833,-10.029245135324716,-16.44180263919822,-8.777385784866121,-16.1115435101807,-8.274730964794484,-14.02085029254759,-10.171211041874237,-12.503325971021281,-8.207600496624169,-17.566822861719643,-9.131859388851188,-13.610999357663866,-8.035971673381843,-15.6666289478676
413,-7.954692209800617,-13.934052371098094,-12.687606010963286,-16.779972711876038,-7.871658205215403,-15.500679905767555,-11.541788858065518,-18.889021494715575,-8.230091479114384,-15.929077227105793,-10.678538086485679,-18.173146763432516,-10.584572634727696,-16.457375541659125,-8.025218528027308,-14.966124023250666,-7.961804688585808,-15.394790460136495,-8.511109934160375,-16.636473344683615,-9.135778012447966,-14.223281843365992,-10.990319219174731,-15.288062740988156,-9.569416353860277,-14.21129303047386,-8.458202568598688,-14.876473520606059,-10.310591288454116,-15.403716720207878,-8.918492882156983,-15.110353628284429,-11.273141799193978,-16.056274298532188,-9.648909721944092,-11.747086051154538
414,-7.927084907180543,-14.2164212135412,-10.485796186566365,-17.0826482353908,-9.296305627061296,-17.281749641908323,-10.156283573572706,-15.628367704000743,-6.515082489037672,-13.90653432937631,-8.361084449903451,-15.338560340075826,-10.500077186324145,-12.48464169520274,-9.118977804474952,-15.508365730003192,-8.88200738356441,-14.480771786011994,-9.264503034855608,-14.300528399084866,-10.654767963056159,-11.940021301145077,-11.77119721681727,-15.96987374096178,-8.239657412726642,-15.177166151105757,-9.314632755833932,-16.541998862693568,-11.286011495629161,-13.386411703578492,-7.7409529296430435,-12.792938129315425,-8.534416597082362,-13.883531877465867,-10.69795779353403,-14.553151965057054
415,-6.440380535790215,-12.18399182129081,-8.443671696541987,-13.496491505511719,-7.248533431642899,-13.800191650076423,-6.049559235405091,-11.074791428645398,-2.631021560861831,-12.225652048488431,-4.067837331022078,-13.437763740404696,-6.16398743102681,-12.41280157605642,-5.7146385838311815,-15.489150129453408,-3.8858614231992576,-10.874771224070203,-5.357307916810213,-10.70260982085503,-6.884747096776287,-8.706805218279209,-9.40567171321925,-14.80590684445345,-4.526536507618651,-12.751275503248106,-8.488726370997439,-15.012718436187383,-5.925906629833769,-11.53817039782487,-4.482181664489346,-9.77659822093312,-6.535484574880458,-13.003121500898436,-6.610099021653507,-10.18198604883009
416,-9.793298225729414,-14.136255691135114,-11.524233445092962,-13.45343457893351,-8.433750881665437,-13.202473571767,-8.805172007385254,-15.552429452801144,-8.249902475014128,-12.95734171416541,-7.065336100478245,-14.935150346033186,-8.190737489223798,-13.43378471023633,-10.551065847516837,-12.751877604025148,-8.059869282801484,-14.15145452570518,-7.503042737890054,-16.02613585397031,-9.713587769186013,-14.962560829087524,-9.165099184287888,-16.50537628555291,-9.499484906822332,-16.589007336772465,-9.681237261432315,-14.992366467564771,-8.149731198406583,-14.051445409824959,-10.287226419687531,-13.741812906069109,-9.574978157669968,-15.499083966085676,-9.655033518270885,-15.546022389710235
417,-5.577895782287753,-13.424622137308235,-10.839359106122945,-15.70417044251352,-7.811624705740852,-15.084201900398174,-9.299564065725862,-17.26744541727,-9.696405440262298,-14.681353204337553,-6.283977297508173,-15.412249691321993,-9.376020183661616,-13.988013377104341,-7.1752828095475065,-12.327917339230943,-10.35351507803792,-15.45884191584185,-10.070838765785622,-19.04323806506484,-9.487872076957034,-16.207408032554987,-9.564941999200878,-15.6650216893661,-8.134647800022599,-17.013840249419886,-11.208739017178974,-16.00794324480491,-8.13965305491976,-15.303708801696931,-9.723594558211788,-14.23277766620781,-10.645703747555576,-14.835910074956232,-8.332563657345347,-14.791339766297325
418,-7.174330258711025,-14.044407705495507,-9.916481239402867,-14.034171997252296,-9.009105337676225,-15.250232059357256,-10.412183005191686,-16.285799261573302,-8.97611212804173,-14.24559700239186,-9.559673843315332,-12.861643667063321,-11.854743960629772,-16.27331278198547,-6.822206700769772,-14.153917404965133,-8.08332322295698,-15.076135047863609,-9.473037220159753,-16.64251773026832,-7.132963788062028,-15.187884506427359,-10.078656085326427,-18.084588990537508,-8.774924154976553,-15.401929550884638,-8.963265680905183,-12.905220672401896,-4.038761262647352,-12.714177163719263,-7.742248725502887,-16.923427631341283,-12.619557248156465,-16.886715398769603,-12.396606586477319,-18.332472739276792
419,-9.295325573293615,-15.033189427004094,-9.657751217738102,-14.898742798854228,-8.83310178293977,-16.382168600222286,-8.997957611291858,-16.50565306085882,-9.086127273111387,-15.469595758451307,-7.582727849978102,-16.45558221243308,-11.499444236581544,-16.82572280037222,-8.927653505015869,-14.471377631019834,-10.023651190161482,-15.607622292103734,-9.3564333346545,-14.288969052008262,-11.53497675261426,-15.837884346705103,-9.397034289130465,-18.40791036001025,-9.346744830240892,-16.053340892272136,-8.90394856268671,-13.545385174926029,-6.153405397237378,-14.845459681500923,-9.028888219571558,-15.831388827000396,-10.283824872284878,-14.443597326397219,-10.199569719747005,-16.471968787140295
420,-6.738481933568631,-14.012619694166471,-6.819737442872361,-15.166699192586178,-9.388794877129314,-14.878362809521422,-9.931472556242653,-16.247651179966912,-8.62890720627831,-13.685119502755809,-9.965048962959695,-13.110849951771877,-5.6977607249243665,-15.479313519136024,-7.47974649624216,-14.498828472474068,-7.898159799279486,-13.189707519450721,-5.915983074333967,-15.037583028593922,-11.454625645407726,-15.394414092444944,-9.083207652927596,-13.80874428600859,-8.294061299215185,-14.892630732878844,-8.73921748228523,-13.502489864704572,-7.262419986760854,-13.555999920825752,-6.9435272559169565,-16.062068494764635,-7.656394432098928,-15.966240538678704,-10.667068272166606,-15.565220725108777
421,-2.4862348225519764,-13.704838821726643,-10.275328418259242,-19.0170233361618,-11.748972871742087,-19.178843760218488,-13.21234389149037,-19.91461141419915,-8.61211919463273,-15.558554909309121,-7.538627333676235,-13.554362033617657,-10.021384151280348,-15.941348305631038,-5.394330391135095,-13.171737292826043,-8.009413342845663,-13.120024641869012,-7.751180720600549,-15.19240876646824,-9.82347774238023,-19.50662221720531,-10.702542681562102,-19.332658143970004,-7.410591887232619,-15.062033900320097,-9.464529058854067,-16.258511794506642,-8.383706629414627,-13.764971493747867,-10.24131715161067,-13.405628709018417,-8.991342631264459,-14.016199668429515,-7.6634504462907085,-12.52151441093303
422,-4.9661629087382515,-13.355575052188218,-9.692347743067154,-19.381747349763458,-12.68700104038897,-19.306177609874833,-11.991360278005583,-17.91667830572254,-9.361667202966187,-13.306979402073766,-8.052491395043779,-12.925522048770802,-7.620626155346114,-13.356346941502846,-5.706253577528237,-13.485995948611043,-6.248845934259835,-13.242756970902029,-7.697371121883315,-13.983165999911177,-10.491881331711284,-16.00331189893565,-10.34671316940707,-17.39916082498058,-10.409608921927347,-14.729104238601575,-11.144212857267418,-15.190382375711184,-8.424972203642643,-13.742137647584187,-9.33631201369407,-14.925744687239169,-9.462486924757364,-14.870620130028176,-7.803345350311686,-16.411248531783297
423,-3.8369165436846875,-10.268624885630597,-7.496800552845858,-18.08991626034323,-7.487400542753831,-15.106224630763442,-8.494644819882321,-16.186951695645867,-8.171491492014106,-12.656593545134546,-6.699733852020508,-10.907700393011941,-7.917858628708958,-13.75120881384245,-4.294233019523175,-12.307644484047389,-6.500150678586011,-12.46487235965358,-5.268033334435023,-11.747113145110164,-8.212161459780983,-13.524251228227426,-5.769637787636589,-14.286101975558259,-7.345351223179854,-12.264198715624339,-9.920130305367493,-15.008184594065511,-2.7082191864543232,-11.066148760247291,-5.2349451696815645,-13.071726394036848,-5.387373921229804,-10.497637724289383,-7.368572984710298,-12.701070068374865
424,-6.712891713265519,-13.141585523555603,-7.411201550748043,-15.89041978956294,-6.857978986057497,-13.129358763824294,-9.564845106340389,-16.93190287551047,-8.473089094575872,-15.140648899274378,-8.735196555788313,-13.409050655434697,-10.596267680098173,-14.797377728418201,-5.033556714083181,-13.049727273841437,-8.326815650115163,-15.377605113935335,-7.025291726673091,-13.872939540006575,-9.498854903470848,-16.816417355418682,-10.279781971293563,-14.76719441277039,-6.412207349146853,-14.703887641319032,-9.971546946362398,-14.747982043976078,-5.142676690642705,-13.239691733721452,-6.831075507759413,-14.105024837198316,-7.915834098348132,-12.557205374922853,-8.719028066108418,-15.399831495332975
425,-5.818958218989859,-10.519627416862669,-7.693085750212104,-13.66243756521986,-7.869137818448123,-14.6884289736794,-7.4181638418238,-15.886894155632296,-7.050697237626506,-13.497121988332726,-5.594184253607816,-11.429082925556546,-9.150483500937092,-13.549387232499798,-4.851714422943967,-12.988039773862372,-5.278719928192045,-13.746491451605532,-7.597909855183699,-14.70620987978257,-9.869731323728253,-15.281539200353443,-10.166271765311329,-15.420494244738098,-6.542249996193633,-13.992622134416052,-7.128440850648339,-13.83521281897372,-4.716928139615602,-9.934782488543215,-6.639199683395209,-14.023629166636038,-7.019741085463652,-11.682779672376585,-8.136627382607136,-14.627237817211737
426,-9.153020178642002,-11.810254777419775,-7.008260183192888,-15.02498705520817,-10.333710742652471,-14.199301694571956,-9.404999447609303,-15.337858241541326,-6.78393215026751,-11.840414225244349,-5.787072598026562,-11.964364637730727,-7.762975057681576,-14.39535992366806,-5.200248355459039,-11.643117723277241,-5.94272747613525,-12.312138284540639,-8.396578813223964,-13.093576607492277,-6.259514736630397,-14.322962703308434,-10.18979678918802,-14.664950525982597,-7.157205008302057,-14.664583004414917,-5.651671062206182,-12.811861506155191,-7.377472064041597,-11.806828979073396,-7.529858260150658,-13.282692077490525,-5.69054598257262,-12.58154390029195,-7.702961246907483,-16.391450204971015
427,-9.064312247811896,-14.089016588932836,-8.66788620450454,-12.87515394485779,-8.274477809014625,-13.709576319675534,-9.323856142992707,-16.481530332335605,-7.60698689612558,-11.829578720997507,-7.738053794266104,-13.568214579958887,-7.711890864770387,-15.632492395918867,-7.715059749747834,-14.255827542234677,-7.735533477120956,-14.137086909657528,-8.010325362078493,-12.326794788255862,-8.640691702608986,-15.045435312957892,-8.848340793050713,-13.716774603510784,-7.583143111862007,-14.147784056729758,-8.112623724387912,-16.596019110182343,-6.8517178986378005,-13.293714307738192,-6.667785865048238,-15.008821266902048,-9.647373445747425,-12.923260150504978,-9.605604747845927,-14.92822138245983
428,-7.474329532896988,-13.38303239798636,-9.460912869191883,-13.956352155852151,-9.220826498031046,-12.931431063747471,-10.17345833209671,-13.885156075901463,-7.59702369854296,-14.49044654424326,-6.7312828737474915,-12.717864329673343,-7.300293417192901,-13.976472820377762,-8.013682473003746,-10.844874596404178,-7.858950312209798,-12.389706560002022,-8.210556455639404,-13.563979189335573,-8.65221359554858,-13.682649043074893,-10.350027036916945,-12.506510131700734,-10.137029326401892,-14.333774271699578,-8.492160402941018,-14.464242214143674,-8.81761340226498,-12.969861686597781,-9.465943043551956,-14.5004785272565,-9.578315197204985,-11.846234890248189,-8.407698208565739,-14.930256921755973
429,-5.881143147031926,-13.95265473178841,-8.872942812908546,-18.28102398388448,-10.543016573270535,-17.551874908193003,-10.267694901020725,-18.03852034811888,-8.503713489504054,-16.8558508192492,-6.537812804359565,-15.645312188082286,-11.82151077115565,-17.935174136527287,-7.100362648919432,-14.08195899275052,-10.662627515301947,-15.615074142514853,-10.795801118963677,-15.835685586311413,-8.49943972185224,-17.41454204684239,-7.569953898760566,-15.393676859271466,-9.690956341556163,-17.76081053402064,-9.37664018491729,-13.941643458730242,-6.058784717328393,-13.542780939707859,-9.54085452078684,-16.249978386504882,-8.83722903470161,-14.70276807582168,-8.755123761622603,-14.92672754937169
430,-7.423748587726112,-15.747497773424852,-9.542834095772465,-14.389699641177652,-9.806258886527873,-17.862156435263906,-11.359873722749397,-18.088176455571112,-8.677469422908668,-16.223425106344504,-6.949148130718821,-14.840851420266263,-11.09669919164186,-14.578181618248768,-6.557740973106496,-13.33168100231111,-12.128061592262732,-14.843730486085065,-11.462111505322474,-15.8606300621184,-9.120733919750876,-16.659550739634703,-10.197582489799842,-17.340551206602306,-10.87144914787231,-17.728385168287225,-10.622170424721691,-16.051506746998893,-8.547079820148939,-15.676791396179038,-11.53497698299285,-16.912532287940643,-9.514044530954939,-15.792007471045757,-9.9212915745537,-17.464412744395513
431,-4.749955970437539,-13.462542219732924,-5.3449917704148415,-15.149884507680964,-8.904643871465037,-14.857298191171768,-6.976489449383264,-16.1353846664111,-7.613146427001761,-10.465614730038945,-6.946729322627156,-11.441385451606925,-8.972629242495099,-12.434144011621505,-5.535983567075274,-12.740561409674259,-9.358297094182946,-11.487638776879061,-7.611292647194139,-13.243029560123746,-6.748094587885586,-11.146986331929838,-8.973510495294505,-12.165984303384455,-9.585355778056819,-14.785057472547354,-8.668666296723305,-14.118188583974277,-8.667996685239176,-12.246391518117674,-8.67158502707626,-15.476335988234096,-9.295598216243667,-15.817593181362673,-9.664982827347998,-15.819620910156015
432,-8.198201852473106,-17.040941190215992,-9.014644947257132,-16.520509367676958,-8.138867981720127,-15.835281562268609,-10.88405242976373,-18.5142652884399,-6.354240143914922,-12.878502306471331,-8.576450058849199,-13.891727921178747,-10.47581513370741,-14.20343651898217,-9.409720486501726,-13.54024059411911,-8.198309128750491,-13.672664397020725,-8.697622905749325,-14.295433101514652,-9.160758601264039,-14.303239200545166,-13.219539184603214,-16.229017857635263,-10.544811796833658,-13.587534106825316,-9.232997534019564,-18.814346036253905,-10.90072995298051,-14.904467577008592,-11.920642739913937,-19.055701294809626,-9.160812745101541,-18.07541975028482,-12.617818389062126,-17.274408090855896
433,-5.222553238554198,-15.172090135974427,-7.765603428954883,-13.85568988888269,-6.142739790827836,-12.329786781602248,-7.500242416035519,-14.196293135636633,-4.65813640323093,-13.683489249754006,-6.179075140068324,-13.666307956402617,-7.202480819362648,-11.951343399625966,-10.017746677656259,-11.8074689104518,-8.935779709725127,-15.292712470015532,-5.006497503637439,-13.328441311763612,-8.145293984378055,-12.869529578062282,-9.56358686638927,-12.499913691534923,-10.262967519269026,-11.060283619886505,-8.072188494031524,-14.406194376768065,-9.568581876950335,-11.272454498968546,-7.799809791155146,-17.095884958817155,-9.345714642242509,-14.379996099884384,-7.686526949015942,-16.030457726736014
434,-6.4850761487877175,-14.603463296456834,-7.440860873623919,-15.444533515127938,-8.888260640937824,-14.259697504548953,-8.201288279144606,-14.891785799987062,-7.898699889200299,-14.357387793426799,-7.549046520597336,-11.489048222295668,-8.399596221812693,-14.046542568396942,-10.35917572664912,-13.41314748843441,-9.392850448566566,-15.407307595647461,-7.438618440986046,-15.770491421492705,-9.479930002861694,-15.32167056348225,-9.022456831280252,-16.276406369847894,-9.862171137834824,-15.113672443274114,-8.186201089459422,-16.503016271573113,-10.164899265295853,-15.345771365830467,-9.796009241985889,-17.085309554913223,-9.825729093237607,-16.788446090829698,-9.53661160110096,-17.107286073989766
435,-6.089569440423413,-15.11741008047877,-7.556359055965825,-13.993271102499577,-9.76642055711312,-12.58168124606092,-9.36532830693693,-14.402337716631173,-9.668718803005769,-13.192227463196275,-7.366062671284831,-13.389876271850794,-7.046667276850167,-15.47133743202674,-8.2365744365313,-11.292609152295867,-7.679497090879788,-13.225575748502695,-8.682029849576626,-13.24641488103664,-9.827325277442071,-14.733653600503512,-8.578513384182338,-15.467097144582251,-8.660858360706653,-14.428421464447336,-8.228690942863741,-17.100621517075915,-7.458898195866265,-14.698199629021534,-8.98598687390455,-16.762071214444134,-7.34260527528975,-14.758221522836791,-9.985834961673897,-16.414696730246504
436,-8.612349563582246,-14.10474111155445,-8.696057459616638,-15.193664373355203,-8.734847138442834,-16.08234617751644,-7.631015945266388,-12.612067020979472,-8.930303556290664,-10.948093082259954,-6.381036908277366,-14.391186227222319,-7.868142075344248,-11.723343178157693,-6.471743727130958,-12.002051744763838,-7.57798436778613,-14.2011924939551,-6.0750759950438225,-13.351548596686044,-7.501390613559477,-12.504984870814917,-11.996673832531798,-13.97805917408817,-8.512789877684524,-15.363525840220003,-10.674595983103153,-13.738681048119396,-7.363183880382617,-14.013312217493334,-12.33057169490888,-17.903178386326974,-8.478529206358862,-15.508019934926839,-9.676941379747468,-16.17342523205088
437,-9.314560909029,-14.736587639096365,-9.667159920214218,-16.593203591249118,-10.198922169721527,-16.668025411375,-9.22893916937201,-16.59695679060566,-7.86933275489929,-13.434466805283398,-9.400852325758194,-13.77835504781104,-8.899255783529567,-16.373088042239143,-8.790277178404466,-13.614568669757654,-7.4365575583839565,-14.347165956505734,-7.976124583449568,-15.08578690906141,-10.381020848626507,-15.047170701328143,-10.114907019449998,-16.346293671476936,-10.372806482072674,-14.5680796733388,-10.438984948916046,-14.942173176603504,-8.663594870054025,-14.287832068593351,-11.493113195257473,-18.898398507542478,-12.449158111889705,-16.29788541455772,-10.964696183640072,-18.441744665618366
438,-9.204642301887825,-14.706869061494244,-11.267368952459464,-15.890871529897382,-11.033499945316729,-15.813767322195382,-11.4587578870701,-16.946351120090448,-9.397521676005782,-14.565839835945585,-10.396545438859414,-16.274588958744932,-9.852197740568428,-16.6255536809832,-9.740991855580045,-15.778768587597389,-9.361249602032395,-15.332982079908305,-9.892357013452258,-16.88793510130585,-11.504900620086271,-16.185349786125162,-11.392934212121755,-16.121981183398006,-9.287499273743226,-14.927275161428351,-10.845264728705818,-15.164253956934282,-9.61041198761948,-15.704893564827922,-11.020847162540369,-16.92042158054974,-11.38550444548689,-15.568945522147796,-11.075643999517089,-18.7282489147462
439,-8.599944674229672,-13.428192504251157,-8.35231511856494,-13.884147533294627,-10.587629863414612,-13.08620650868611,-9.124814446761814,-11.608880367306337,-6.930894972140386,-12.455638693947071,-8.464716615709268,-11.180684639753176,-6.848534981981945,-14.5732337861614,-8.351620818383468,-12.580677710626667,-5.4630363818017456,-13.942106199456898,-8.06939365605344,-13.727948475557328,-8.896085660886456,-15.7387944131459,-10.954169292975099,-14.570779014893372,-9.263697136897676,-17.08695817121224,-8.883355697604701,-17.232740337240642,-9.861117233626008,-13.247194262683363,-9.07642815946055,-14.941309339171786,-7.569541190299166,-16.05519489294266,-8.478114140949856,-11.871112392081677
440,-9.182137004338273,-14.594456349040254,-9.794374220094415,-13.59902743662122,-7.885141397506889,-12.914714914487167,-6.155919634730525,-13.561323926365123,-6.454516153213854,-12.510545890979063,-6.399567408002039,-10.816773282798863,-5.708679443410411,-12.271618647907683,-7.161678904859476,-12.636616961292926,-8.938478692009397,-12.455228204095945,-8.036721891372157,-12.04742157297154,-7.069949497018394,-13.182785498589846,-10.067513587125314,-12.930336547939573,-6.646133978696419,-11.905515920335494,-7.829224422021914,-15.443473806661121,-5.749745503400947,-14.46255794801386,-8.00730622032194,-14.950492979383636,-8.996902636354122,-15.04022710808144,-9.560709124150247,-15.363172057641323
441,-7.821563529609394,-14.653082189075938,-6.867288479989842,-13.277483141301744,-9.93453307240388,-13.00541553063277,-7.489683560407025,-13.676996231692456,-6.8259485107059215,-10.93028347435919,-6.329938000814675,-12.575594271817977,-6.920701868839582,-16.309526117726826,-6.042870963581818,-11.598531930504512,-5.429301654146103,-13.944525764816438,-8.315870867229627,-12.870514405400028,-8.649536170125682,-12.179876223992887,-8.484441526314946,-14.27892825379307,-8.123647218012987,-11.717808189645023,-9.00732310379066,-16.33652748572154,-9.339334231416283,-14.656137399333373,-8.058682945406549,-16.406279740860644,-6.922428343538842,-15.76128541429346,-9.323212343234097,-14.710746079444801
442,-7.723321181841762,-16.04964177856648,-10.927515552481397,-16.887154847251807,-5.286067627484598,-14.13667211927743,-10.318688361134996,-19.587833333209318,-9.810537844320375,-16.604249377372284,-7.892822346068092,-13.882555751255,-10.69320351342357,-15.552936708557631,-6.229013308584391,-15.434665855673703,-6.965530327098506,-16.666827436358286,-6.8938700133073265,-17.4916119936587,-10.107548932599721,-17.684655352610722,-7.798023894199192,-18.00039381355089,-7.947107881354263,-18.307539486301998,-6.200303566612101,-16.378947297006537,-9.104035132679908,-16.559758992177237,-4.376626238879958,-14.73459898634611,-7.827126594975891,-16.2248652679044,-7.0259243468458275,-14.77513533063539
443,-5.1360594072505865,-11.39117893578683,-7.327921670693166,-13.991748746847888,-6.68870504090039,-12.916249410154045,-6.799540049845446,-15.262563026681239,-7.926672359530375,-12.676627382999095,-4.983882950158219,-11.58345324860365,-6.851721660108194,-11.629367796148111,-5.104598133459323,-12.329704065480573,-7.227188119552979,-13.351178285829679,-7.24216838720611,-12.060517157635102,-9.715903329040597,-12.81466955497405,-8.644518044244201,-13.39256511379773,-7.972501381076077,-15.679356816374039,-7.961332575508707,-13.44582200111288,-5.3339624823254415,-10.976466174745013,-8.522433257769006,-15.266855548050112,-6.71163987086178,-15.877041837570907,-9.030060210281693,-16.239124772871534
444,-6.071462241156932,-12.604912710389131,-8.688319060743844,-16.565639512672245,-7.841639790467365,-14.886278551233112,-8.65400373544454,-15.34282694312511,-8.614288673069385,-12.48888559481778,-6.6931692360153665,-11.245351720942962,-7.79997980347483,-12.96657286376602,-5.2036283793658775,-12.447991277412617,-5.449383931987475,-12.11062766131457,-6.10549782782257,-13.136464898708692,-6.078358543062102,-12.979070041128606,-7.941346183378353,-12.741864321961692,-6.38908009318362,-11.438670325077116,-7.433014194646061,-12.866559374551422,-6.6502927544491754,-12.258091140737783,-8.562942821510273,-13.068441204814626,-7.1476496852347555,-13.358346152354269,-8.2820627871859,-14.181146149855703
445,-7.328852013709839,-11.789175016469276,-7.621595359491428,-12.375043420037324,-7.257413700429909,-11.224420247851475,-8.177804333365362,-14.038082790307158,-5.960191522246822,-12.2075007743904,-5.845887190396805,-10.6388102559973,-6.962338489057585,-12.611434845561476,-6.743571617644656,-12.681375456899222,-5.326318487400305,-11.51392059309728,-6.0558988411187284,-11.01080943986359,-7.122366375716439,-12.572388766606029,-6.505262469087852,-12.79747992811738,-7.30644372982037,-11.293250184823897,-6.153799756613724,-13.102947873510507,-5.998953482793791,-12.440142346186942,-6.469739559668318,-12.409922627087479,-7.021954785947539,-14.05300796871048,-7.193106736997735,-15.412496521850311
446,-8.528371566304804,-11.648984675271075,-8.52909609233238,-14.681744019235968,-7.630932681734327,-12.775379515502777,-7.681232620399923,-12.900415148815636,-5.259091331473551,-13.391385449655349,-6.705974667668995,-13.14215718958515,-7.717930178277459,-13.182150894880127,-6.255424706408847,-12.086595362394558,-5.969155107219148,-11.858184574979306,-6.832920262498378,-11.166872852623372,-5.54438920251481,-12.499072546061388,-5.9746114096321765,-13.504873689921169,-7.199915914823932,-11.639491757538496,-6.4416000642196805,-11.117928534475709,-5.2255216992062525,-13.009833969495624,-7.719154818870276,-14.542786339767193,-6.994005006681724,-12.54232704576944,-8.338766006218021,-15.0674190255549
447,-6.621377568322061,-13.10213214885618,-7.388138980437702,-13.997163090609195,-11.433456706301799,-13.460011758803994,-8.032156708334544,-13.929426349533543,-5.705739290801705,-13.696063013751703,-9.005581748182234,-13.631799593565642,-6.530434336618183,-12.904784361993418,-6.84142962577173,-11.529021174355197,-8.169100696552047,-12.818102224728074,-5.65371072456736,-12.199054103503034,-6.882322213554066,-11.433961310595429,-8.308657809426723,-14.991238438232893,-9.775902127315705,-12.332869426063038,-7.155189198569017,-13.659515146387875,-4.644064145015856,-11.348331011639075,-6.190626806509462,-13.038346457316214,-7.150422290622168,-11.531212385778076,-8.768570501408915,-13.530908530503257
448,-6.279693675362973,-12.983383279057172,-7.224112329503871,-15.130852462717495,-9.98820274950026,-11.576018961918312,-7.696492614927156,-13.933561671610137,-5.880626151433152,-11.029553447600577,-6.407386373065377,-10.596406137746538,-6.352601568625163,-11.163317420016465,-6.070201462643753,-11.128797507142988,-8.136745368774257,-12.248925487347222,-1.7868176160375657,-11.172692225182244,-5.0548994233857165,-11.595028125486744,-7.04471669773741,-12.083257581008905,-6.035004855612148,-12.92717528020384,-5.378096205886412,-10.668092372017483,-5.5898139620865095,-9.640639760314956,-6.120557647540768,-12.408028658357292,-5.968342214596118,-11.71626343686784,-5.06979033775098,-11.943567123256942
449,-4.43371513055022,-13.584032725050072,-8.80460977023693,-17.461796878568464,-8.089327998618955,-13.212645427963599,-11.245950896873707,-14.66959766703182,-6.637015014822553,-13.159800718948556,-6.278287340955063,-11.928026457958394,-8.183635631625299,-13.837528914539273,-5.058166910952168,-13.32459993530408,-7.564034768684513,-11.011715097978767,-7.773835690255019,-11.400255434860666,-6.154228187584376,-11.046830781295434,-4.554693683812323,-12.060046298440302,-6.36350974048678,-13.432850570827137,-7.340423341896395,-10.41929892257471,-6.775671196660613,-11.84068265403938,-6.576767291428421,-12.21268654078946,-7.286628248053479,-14.44920958460888,-6.50499490722667,-13.556546632098112
450,-4.614871166828166,-10.440191548448556,-8.277246795383903,-15.497315785615704,-9.018821720910832,-12.848591451043468,-7.773813984498116,-14.821078196014959,-6.091139723088496,-10.835788243224977,-6.025288580169507,-11.197998156727804,-8.974036777895186,-11.59959316380455,-5.944230918441615,-11.361545553751128,-6.6560400548316405,-11.218428170849997,-7.652195642311489,-11.76836663574701,-6.648478782504128,-12.31686539125485,-5.183956739329357,-13.269251663491769,-7.029080994182245,-11.480398651969814,-7.148733677325368,-12.595107547983995,-7.851026350632527,-13.001257958768395,-6.76883095797315,-14.0635843021285,-6.6078455189936545,-13.750408737610385,-8.90964341491632,-14.231171370217915
451,-7.552225443951213,-15.194641831769234,-10.697570412754587,-19.33368530851523,-9.296746475741621,-14.238141432597843,-11.209232280476424,-18.7817482045843,-8.669618980309211,-16.455642300045042,-8.840073055112668,-13.66894536383078,-9.023422160038702,-14.325514526441573,-9.354820545293629,-14.846783576092243,-8.812327718513483,-11.904503416781878,-8.969237704930727,-12.838804250058049,-8.965904916687958,-13.423042654265167,-8.350195592594806,-15.736706314166593,-10.89906759407983,-16.90170562875954,-9.421826622800944,-16.208348222181787,-7.006259050710702,-12.912091666877954,-10.516340879575578,-15.181850634826317,-7.872693614474131,-15.086461939424138,-9.774633157643636,-15.992858955497118
452,-7.148487825674909,-13.012418527938543,-6.097600964631865,-11.997910010281991,-7.8092862310554665,-13.612477541550756,-8.773460264097267,-15.392224187166427,-7.6431508434983355,-14.14506160238383,-5.8492607279509645,-11.140677813296158,-6.890738772394027,-13.801390905686253,-6.695308564655437,-14.189187163927429,-7.156306175442047,-13.236711494182048,-7.325385098031012,-13.45510115127295,-8.610444450650412,-14.929350525860896,-8.714702290627688,-15.732403525675506,-10.054645714115956,-14.057999047383312,-10.57596375103629,-16.051666270908235,-8.252114670678925,-14.915129350720733,-12.297405450234987,-16.008637445144043,-9.390771709535757,-15.33794506443386,-10.624611189152112,-15.839312788140013
453,-9.474753011107603,-14.622034259279271,-8.445170461411037,-15.447451599525568,-9.163843208769189,-14.748174433128906,-10.198877625623332,-14.938825044913804,-7.1862757167663975,-11.78481804259183,-6.170900909629299,-12.957508736000099,-9.204519580317507,-13.515922477377645,-7.914526706874641,-13.572490381824231,-6.998081362689556,-12.383498319015915,-6.0182902049019145,-11.30472217394223,-8.512248393315799,-14.334503491858484,-9.09244314230273,-13.844845561291114,-9.663241279744856,-12.863821760277428,-8.427852825265628,-15.617621047035716,-8.014193084377627,-14.125779296249299,-10.16487422615774,-14.298507671357193,-6.012881367892756,-15.130721966369645,-9.600346532904235,-13.792301206541463
454,-5.144796462585325,-12.369379099645235,-7.632583810532536,-14.363553541165588,-7.694497879816974,-14.070103845267361,-10.264688269785475,-15.742321221390192,-8.962984197599644,-13.729050244926889,-7.121376162762908,-12.211151884203934,-6.563494166961576,-14.60051046966474,-6.156035269933117,-13.110684709289211,-6.166962791110012,-13.505265863141119,-5.928796844278166,-13.97549396865379,-8.180256108828067,-14.624523577896742,-8.07698944423006,-16.702379477331355,-6.6992166097498185,-13.855246877192155,-9.661370979620294,-15.023524512094815,-8.254345095297516,-14.060685378522491,-8.906170396146692,-15.415509969640642,-9.37188984905774,-14.105559657353604,-7.727168851111992,-13.843999037234827
455,-8.633530992199228,-13.949816439025934,-8.888827299461324,-14.924605167559967,-6.840727014151775,-14.27196840709236,-12.101059666051675,-14.165724592678842,-9.84709544458039,-13.00068646049885,-5.383612706831073,-11.746785126083418,-9.704714814573995,-14.232655469093691,-6.947572026984124,-12.48571002383514,-7.2809993137821705,-12.188876799243346,-8.298629605773124,-12.80918409450078,-7.867188539002742,-17.277816467729533,-9.69486479094612,-14.066659720983065,-6.978566469605754,-16.395328017351694,-8.107437295917933,-15.28614642642829,-6.278591426645127,-14.702847386797595,-9.891577104547352,-16.44647104072632,-8.991501543723409,-14.77067845544019,-7.741483820624355,-16.139230061615272
456,-9.12371828863516,-11.218052508167322,-10.346734547878478,-13.740556676126605,-8.233434402082922,-15.019488899983116,-10.924592055426368,-16.50889209997734,-8.856359715424475,-12.924621906896283,-6.544459341609984,-13.403998901061096,-8.705262876934045,-11.751144770491297,-4.578580019245609,-12.20563456372657,-6.8628749419268695,-13.841267877659666,-7.184611350200512,-15.272180872627928,-7.986115197253335,-14.69631672870646,-10.803904565450877,-15.516851003649606,-5.444443628213445,-13.501202070544378,-8.947772526986377,-13.470781721750766,-6.185357280832063,-15.20373143359208,-7.24562559409886,-15.877530854732981,-8.197230075777597,-12.477780095289933,-9.123588973710657,-14.547239287047123
457,-6.683019605609923,-10.71348886330159,-7.594324101109221,-13.084289206439113,-6.540550175627532,-11.37363888740457,-8.230786856987026,-14.574377037967833,-5.1809177608109005,-11.45290856065036,-6.531003190674794,-11.129964202067207,-8.541923964001455,-13.545992780036716,-6.889500061560661,-11.792756446326527,-6.237506193845627,-12.213007271749856,-4.85583943922702,-14.21821927190852,-8.74390333865975,-13.22497633799899,-7.6026649153324,-14.262632245854617,-8.25173951093525,-14.704625575095193,-8.66461710419069,-14.384839054783875,-6.411031021586319,-11.402928318285658,-6.806065477275407,-14.935914024039946,-6.637216993113505,-12.964306938650287,-6.698142522502909,-14.840440721232614
458,-8.194983087423584,-11.44190315468422,-7.9740714972788505,-13.711920671549514,-9.340267422394593,-13.749062179520873,-8.71029714610428,-16.937593679406827,-5.99586087888889,-12.180683554309102,-5.596485853418799,-11.95395228940079,-8.3358498872025,-16.20789989221814,-6.482738726391711,-11.948808551032224,-8.354209289277646,-11.744311267440782,-6.452470167146967,-14.49017447674218,-7.48648259259531,-16.41912609882146,-6.695585239839955,-15.377660086237272,-7.534054070218128,-12.431032271648155,-8.216294588483088,-13.607104416740547,-5.276695403104254,-9.518073737785375,-6.542490233954128,-13.329374153392749,-6.005980853699228,-12.534302437193334,-8.144263901558759,-15.652583333573961
459,-9.118287072811079,-15.914672682658743,-10.436585635636611,-18.059865582754643,-8.627801570331236,-14.20364797395848,-11.852476764070436,-16.16074223889693,-10.024740733040662,-13.256946983020983,-7.899375295552632,-14.74951270290775,-7.988251561026023,-15.405214663690836,-6.287934507395708,-12.902601257668175,-7.157062756368048,-15.264401809666905,-9.006136512306668,-14.367968351702025,-9.697247794415755,-16.896809434527277,-10.780848267204583,-15.687778415090934,-8.338809489210993,-14.274480909704163,-9.054585806698734,-14.808717544241016,-7.384877287640426,-12.548228624710443,-8.827312081766793,-16.711599239080375,-10.682567450913824,-15.835716905170688,-8.699954982973928,-16.30208048378305
460,-7.9818594449696345,-15.418283124828061,-11.229041528854381,-16.655402455030753,-9.048612433258006,-13.39089410578753,-12.342204029950032,-16.847287111940513,-9.676662187084712,-14.757101531464919,-7.0700417885853515,-15.178479994681824,-6.311502452410032,-15.80169392810933,-7.7392110628436335,-13.913564081394124,-5.0522499197972195,-16.785305874388353,-10.286602133679013,-15.70719340363464,-11.201258886133846,-17.568042123822107,-11.800663833176852,-18.81886495247284,-8.106639611396181,-20.23264220920886,-7.995256716350805,-14.683443189137588,-8.520028171503625,-13.292029453106501,-10.896854093867317,-17.910613992333456,-12.950549290784611,-16.73344777518177,-10.643344349568455,-19.58598639599129
461,-7.497233500635022,-14.296318413658069,-8.931374604918163,-14.446454794000685,-7.616087059973594,-11.481913848860465,-9.850140972936064,-17.075448510565526,-7.827248433542201,-14.193042993761306,-6.676186813994268,-13.42515504880806,-6.78210376436653,-15.175725111292884,-8.341120011332693,-12.758364090595407,-6.966838233151459,-14.87211751205685,-9.306027198772274,-13.449861489415913,-9.447260282985035,-16.268261321782173,-9.792834985332286,-15.463783406734652,-8.079376420387112,-16.331169826660854,-9.630716874270714,-14.60622140775669,-6.987043758284781,-14.473057164849006,-9.050200170134584,-17.574980504195153,-11.270552790656478,-17.244836999218407,-9.521787419512313,-19.126683704480335
462,-6.741806137258867,-13.07791279540535,-7.657492405334371,-13.107812349256228,-6.31749056064784,-13.222975728668413,-9.712714528052128,-15.288626700773811,-6.564766224381586,-12.985921732707183,-5.847362448627305,-13.383100444892461,-6.036951241633433,-13.440487941893975,-6.542020279440031,-10.634461757877183,-6.337979056781421,-15.370247897859779,-8.412681345608885,-12.715128439533,-7.950805229566721,-13.734414003957589,-8.594334741953071,-13.81291160965316,-9.130477640799935,-11.448806947707602,-7.202857359340938,-15.306876635545276,-7.756161698137757,-12.146640334529057,-10.121451959797225,-14.266920964799425,-8.913925476088261,-13.505764697725036,-9.744414588802032,-16.017537647663435
463,-8.2114902781186,-15.458741980532489,-8.712785917437046,-16.079310166977997,-8.248688809439614,-14.318369479682163,-9.740471827686596,-13.733918974720362,-7.85956896179953,-14.483618847608957,-7.212499468017413,-13.203589652794264,-7.2283726558269805,-13.602390556115143,-7.682820620976884,-13.529165944188804,-5.525238939171527,-13.359994861722186,-5.691497593262078,-10.583049360368065,-9.119377105408198,-15.863521149063395,-7.024146458580093,-12.61519796274654,-7.812630451349896,-12.727515994605472,-5.84190882970867,-12.664637021508398,-7.742402646186636,-12.119070878049254,-8.279595334092694,-12.648351779566065,-7.161016269508358,-14.55764420699375,-9.477408512796096,-14.989108798749688
464,-6.61256342864884,-13.883743746598693,-9.503785498224635,-15.757880237449683,-8.140604440124351,-15.454905663514564,-11.182206893332134,-15.643147217549256,-7.9434618414722,-12.765115473144693,-8.623922274421316,-13.496931965217433,-8.665277390268354,-14.29520995302563,-6.680195947726451,-14.343267436118959,-8.346301239866824,-13.040028059336674,-8.475681984949588,-15.028927735199439,-9.626458923842335,-16.46998497024005,-9.709237390119315,-19.251947902733868,-8.45123638755603,-16.736849671826928,-12.010028765571674,-18.10457412311212,-7.073994202001676,-16.83570303536339,-9.604831828822842,-17.57394483565252,-10.269872348288796,-15.364355061535901,-10.891931579971248,-18.01810846034528
465,-5.657712919977639,-11.136234678026442,-7.327275148080216,-13.553581457497074,-6.275893581478396,-13.115048689840599,-6.721884219957465,-15.343676032411546,-6.400742753253667,-10.717020643054106,-6.963490406750976,-13.173319503384185,-8.280513631751042,-13.377029604990454,-7.011434906561731,-13.275692436730015,-5.112020947880657,-12.135375094100372,-5.383108417737846,-10.911581557717822,-8.689734306443032,-13.670265045088941,-6.706910624146029,-14.702328069546764,-7.473071645922128,-14.578233615838982,-6.418141853367196,-14.530036292787468,-6.52485993043034,-12.532544327531639,-8.147808158822697,-16.50908219574827,-6.611041526661202,-13.724878853929322,-7.674538816671364,-13.672356679889091
466,-8.068218609820486,-13.371946186791188,-11.751115472164752,-17.09346673051823,-9.823623922778024,-15.980967805656794,-10.509798908821557,-17.39951440554312,-9.062810221196834,-15.168681184924077,-8.021308151973447,-11.673451941208343,-7.915481083884424,-14.383425663135124,-8.294583678868864,-13.988903241241282,-8.594304308604993,-13.049895274482605,-8.065184665306314,-13.489497732301672,-10.450487942995021,-16.947509779824106,-11.988060472546813,-15.779762443167902,-10.757784277656492,-16.02531721515661,-10.389720275712985,-14.992244152350217,-7.22628374170804,-13.97785074007139,-9.498787583574655,-15.977008643733612,-9.884113353317543,-15.518510559542326,-10.308199497170179,-17.088874727181217
467,-6.68388835213305,-12.894595100240613,-10.5435226081746,-14.935974014997775,-7.106628610635598,-13.374554625414188,-11.238350509668605,-14.241181924488126,-5.9573057298923535,-13.53929972331928,-7.633495079278772,-14.04968116329092,-7.90121374666267,-13.602407800086922,-7.521031159536562,-14.603998012216872,-7.014060210651603,-13.566377890983926,-4.908432227478885,-12.728283857848545,-7.864794036309838,-14.616929675189901,-10.181631095687724,-15.124513160236377,-8.211724997694223,-14.947761918715383,-9.093776859157469,-12.550191004091637,-7.017644610212024,-12.764248121114035,-9.223408803512292,-14.626404002632526,-9.051387159983603,-14.37118989179871,-8.915487532264482,-12.816847421411644
468,-7.294692921077438,-12.306045231106014,-9.985837864363377,-14.115992966510738,-6.70305744520746,-12.84085592857122,-6.381354743811612,-13.905824224958641,-8.074316333117507,-13.043362243396556,-7.425286117739408,-12.967520672447407,-8.67596417984799,-12.876496148682332,-6.678127746572381,-11.044924898027677,-6.373924604840489,-12.302951180133633,-6.310124381704922,-13.642190033248262,-7.02049363332525,-12.153598417753532,-6.763187606095752,-15.305785896700975,-7.577685559737026,-13.54777216102471,-8.000034777357746,-13.425068361689231,-4.81260854120291,-14.362090296496199,-9.376494145911328,-16.578372517715085,-9.493371536259701,-11.188260622773143,-11.378970054365663,-14.153406487901197
469,-9.112386787013518,-14.180834529267038,-10.055488403770493,-15.824546997752186,-10.699553847580486,-16.32120798896437,-11.267956225695222,-16.328407245557674,-7.872886529597852,-14.125187813344137,-7.22522463056968,-14.117850130179747,-7.45791813184317,-14.04865978206206,-8.27641969995221,-12.545478886591653,-6.815775123613891,-12.082174954703023,-6.953785849151309,-13.359791982702271,-8.28490070808597,-13.074569395652238,-8.981429353489363,-11.66496901298277,-6.8102232315272095,-15.066630313151588,-8.343911719344439,-14.656981197509499,-7.518644987023773,-13.194735871873329,-10.033006206976909,-15.638255864289148,-10.992744772748047,-15.285285835818094,-9.377348866179577,-16.04764297472238
470,-7.127114427558415,-12.13426088642861,-9.578805005893468,-13.34514051523004,-6.827220653555132,-12.817068239269833,-8.091668595687642,-13.832424420079008,-8.51886362897236,-13.686950960541843,-6.062965974847093,-11.594106024931758,-8.525450130546188,-13.834038805697697,-7.370019933064492,-12.024808351898661,-7.589178255024401,-12.282629244708742,-6.719709566044733,-15.147844641324085,-9.204565920437105,-14.405505890358834,-8.29347934920387,-13.329675567788655,-8.287596073995914,-14.777773299708702,-9.52937312171758,-15.080102500414208,-5.819215721128257,-14.563616885145663,-9.089642462424152,-13.585999365035267,-8.027041398386881,-14.96720670298508,-9.588704336218486,-15.531868001854638
471,-7.302816415927317,-14.450596088349668,-7.7534807782289725,-14.688330401865839,-9.282881468510768,-13.486791010790204,-10.088201630704688,-13.633509905723214,-7.781678565498039,-13.718500814670026,-7.6171502132420335,-12.233895743402595,-7.683343124023109,-13.216024949696795,-5.889102992040959,-13.618886095465907,-5.916968710474251,-13.400556682314805,-6.511427032369649,-13.155251378585316,-5.874702955759292,-11.296975580081849,-7.157337680085131,-13.22314835790473,-7.758759682121452,-11.69758473219745,-8.62526292905965,-11.366179760327313,-6.276058029565846,-11.169440158653279,-9.765611432490545,-11.602439362742821,-9.986947801501806,-12.269624280749023,-6.959596276615154,-13.91527945910508
472,-5.858638899201197,-11.994403810587082,-7.310721178248155,-12.773734185290078,-6.885873717386501,-12.266814672560464,-7.47996492373815,-15.245979481139777,-5.100405357366587,-11.981385266680096,-6.707026287508045,-14.000714895673,-7.71654464598292,-15.537431492652573,-6.229426408992291,-11.43611970698809,-6.7381049478811414,-11.443858626746483,-4.616995816897652,-11.52164036075786,-6.1734167189015565,-14.357171807671813,-7.431687073822088,-12.226892211965033,-6.360800354405357,-14.246719109507032,-7.277673408156485,-14.218553459116706,-6.543431025513189,-12.18690935295787,-8.420265295981636,-13.269439880804448,-7.8242583922234825,-12.446366220863112,-8.28365760909386,-14.208973729899558
473,-7.454582741757565,-14.578504291921783,-7.354270363825944,-15.504823245629442,-8.834687115062232,-14.905287699347518,-11.336586914970756,-14.106736951732174,-7.86005900272698,-11.938715907914615,-6.645500970125933,-11.280425750930682,-9.327058976460744,-15.137236542717652,-7.125557207516595,-12.212040707365324,-6.520505664577637,-12.617754536720266,-7.954845967189076,-14.166032808666703,-8.154664596510061,-14.654549990459975,-7.886625741003136,-15.195660987497163,-8.923001969367913,-15.00668747355805,-10.165554535404883,-15.718924312085088,-6.277495224914834,-15.73734969028437,-10.809165442715349,-16.164996174072265,-9.709135710863073,-15.545327995482705,-9.317374184674351,-15.536596058662672
474,-9.236029822149801,-12.271642395891128,-10.589540172837346,-14.999092593295476,-11.140603758843772,-15.22854972904817,-11.309765054855447,-17.998852653481848,-10.937428228769207,-13.176654932994726,-8.662996200465674,-14.114967973648309,-9.587609834836844,-14.040914970538442,-7.858612365149868,-13.421961939841207,-6.606746091889674,-14.924356785926282,-8.856523089799099,-15.84865165810025,-9.049599582487243,-15.225391344728735,-10.599718558576686,-18.82527671321085,-9.670193819510777,-16.819591240911667,-8.012993560262933,-15.290074797215459,-8.520920715589641,-13.620549248259856,-9.846273180651849,-14.03178754190321,-10.334719105877221,-14.1522926570867,-11.246388261281204,-13.521277622241461
475,-10.018437793964948,-13.273541815058731,-8.634383378919662,-16.83517625292276,-8.96597058342498,-12.791124615557369,-9.65163658133076,-16.367052168675436,-9.564412188516316,-14.067009478936829,-6.979324666492924,-13.989663144306263,-11.718526098087448,-14.840079126165989,-5.844937441019131,-15.456749440653166,-8.04013285813155,-13.769091803597428,-7.487854147062692,-15.394572367403265,-7.185574621492757,-17.371551495497012,-8.964797529795023,-16.611696040806482,-8.186993061483435,-15.0016407858333,-10.596826734563518,-14.959319857503527,-7.387029552728097,-13.768994311534614,-9.277502716206937,-16.073130693631906,-12.601706558389537,-16.27047055913369,-11.44918910714948,-17.560468514271193
476,-7.572368067300803,-10.76284876293811,-8.382610621193177,-14.689760150354914,-6.767751969171157,-12.536702141221019,-8.999404990426902,-15.858776685960446,-7.160711494559685,-12.9421499624279,-7.820030542595378,-14.078652567684497,-10.385191145944201,-14.63626791012273,-6.97983343303356,-13.683626403236826,-8.445592343807785,-14.651978476026885,-9.456563422120665,-16.098521960643662,-7.507232028128757,-14.470054215464662,-10.358642223365027,-14.795181445014018,-8.06809147912955,-15.18402570072916,-9.955339236719402,-16.862060136910447,-9.23048676638574,-15.131783054896637,-8.74832355867183,-17.204366140604204,-10.682122756207455,-16.385625980952582,-10.913098580244112,-17.586633511309792
477,-8.85982222951133,-15.263092429393687,-9.884180617986058,-14.769814096880868,-7.617585418552183,-13.068809000153234,-8.712871322898474,-15.960838874954025,-8.929598184594367,-13.327297209106801,-6.522145211953268,-14.42509356358876,-9.957533920980442,-13.371919811394754,-9.648710663189993,-15.577929533368739,-9.768967109939773,-14.505793830267281,-10.975933023684645,-12.33069869985599,-8.599537764315862,-14.699866099272601,-11.097756677062325,-14.65809753203102,-9.766784390390196,-13.543219717579998,-10.21536827776475,-15.166327196252865,-10.324595085446413,-16.21172400757682,-8.13871115273913,-19.019210401499393,-9.696249751634973,-16.58699146247781,-10.332926893697872,-16.87362247781359
478,-6.812512657154969,-14.58829106129528,-6.327532557128207,-13.421269356647683,-5.730237113581089,-12.542093182872861,-5.871369882313955,-14.289931355800896,-5.772415675699357,-9.661468703251959,-4.061941588516716,-10.973027366692946,-7.919744606200174,-11.04172409791634,-6.928306208390405,-14.238099146978865,-6.095165943690279,-11.229019843382593,-6.351288052696006,-11.068535936419643,-5.859601627536213,-13.945768963613052,-9.091007996394127,-15.14298094367043,-7.1985474531562685,-14.355072959107812,-6.667295996766938,-14.286561457519905,-6.631053577974417,-16.00427984098154,-5.634686432878207,-15.167685888103229,-7.4485003982010305,-15.524841482935564,-8.054168017730172,-12.790553962333348
479,-9.508202023021397,-14.85870704236614,-11.601139769480868,-16.60705669887574,-7.733781684715366,-14.566265765268527,-11.861892195892397,-16.366999076608636,-8.131812910973178,-13.720086159271116,-8.047943674668373,-13.229035790336388,-11.595509573400589,-13.227687944324465,-9.466064365857669,-12.705715390781137,-7.041707818193185,-14.771022063004672,-9.124417687298639,-13.964929591485863,-10.39503212042643,-16.10220344794992,-10.250838815538126,-14.495464194102341,-8.594919337730882,-14.861354779784666,-11.038250303224984,-16.87106726502632,-9.738089822968206,-14.5722296888746,-10.183529858843112,-14.0517596039368,-9.484312121455266,-15.712733182973064,-11.976131684775362,-15.267331880264992
480,-8.64211139234701,-15.672038505312557,-11.254890584176962,-16.142258682868828,-11.216917578874462,-14.083686479914338,-9.76886018757,-17.596079587997334,-8.415915544731412,-11.558944777636029,-6.185136545287434,-13.105235727589616,-10.07400883334376,-12.549666277560778,-6.180649120772839,-14.115919714898533,-5.743077466698093,-11.597589686655889,-6.602082289213907,-14.488694555195478,-8.769208275818649,-15.969379811391452,-10.476773982639875,-16.911764486756088,-9.130804494717573,-15.842750606252206,-13.076004734945993,-16.268190069243662,-12.744276379774728,-11.987303632073832,-10.04885650169236,-17.33420570741659,-12.293699652637391,-15.236441437062112,-10.56246849530548,-17.26539499195759
481,-9.31690649211126,-14.171758624378041,-9.19199705825927,-15.884121362494348,-7.648885853723789,-13.844461095800904,-9.79801643466818,-16.05920446405441,-8.94964049184397,-12.440123050216943,-4.866051978805009,-12.859758265536687,-8.529784757748471,-14.114412592011407,-7.757694119902581,-13.494137956745714,-6.486790270717417,-14.393284809093522,-9.003622689166827,-14.568874104453442,-10.18960259580365,-16.743540508043143,-10.386360961880253,-17.2427779244713,-9.814852804240383,-16.02629007467604,-11.441319164816083,-17.3400535376638,-9.322748312789368,-14.89087916472238,-11.204611309232124,-19.24796112365679,-13.195138830623677,-16.850972721572155,-10.455713499439119,-17.124128869444426
482,-7.729592809832575,-13.764985160666805,-8.406755538270277,-16.3006569428385,-6.4461606808614444,-11.835384378278885,-6.530445107471719,-14.723708128752943,-5.081550469602848,-13.20727277574627,-7.362409215024938,-12.045227479400754,-5.348696164948011,-12.67319959763897,-3.4199917291149267,-13.519209277898348,-9.24365862546069,-10.1594864401827,-7.38020669840745,-11.294018807762738,-6.039062403609553,-13.739348266266367,-7.102981999358452,-10.15270432636539,-6.287779519236497,-9.5893221935339,-3.6793136211002295,-14.508984492532118,-9.614126902681418,-12.973548910249148,-9.849295160577336,-14.471475929509394,-7.900100287411838,-13.905843114499826,-7.212927632912153,-14.222426264924069
483,-3.6755783320771473,-11.938322028047528,-6.817723952538552,-16.46279186141008,-6.733762734897476,-12.523174344702472,-6.899763207321121,-15.136120802272385,-5.053882981495845,-15.057788670905982,-6.936019285683811,-13.617705483477344,-4.3224562828957085,-12.669807723907384,-3.385998187368458,-10.301134496833178,-9.227786891644909,-11.539341855223864,-6.329924102327408,-11.430869561041977,-6.0584761846317505,-15.311821953558333,-7.058253256071395,-8.697280094065153,-4.326456200532844,-11.877558415204135,-4.068539294245832,-13.479221080764871,-8.981796881276633,-11.183122456197253,-6.293403237461103,-15.976191205213864,-10.604196755186258,-10.334460484078722,-8.597216575529409,-14.244709500167849
484,-10.920874648623343,-14.246480599849615,-13.070142211863079,-16.9167443979969,-8.197570856612252,-14.995164698461355,-10.263844743487972,-16.528773688714516,-8.83141677293954,-12.374965288444098,-5.8516704735659895,-11.897106211872902,-8.72172386091767,-13.060758242992696,-8.878758464732746,-13.775887921331854,-6.63114802184257,-13.853529307517196,-8.322533820786676,-12.917826101621532,-9.444452025331536,-15.851126788749186,-9.922791675853524,-14.561917000794198,-9.791572932957784,-15.864062642385935,-11.599888503529815,-15.686311163217397,-8.951699384274596,-14.59437479902647,-9.16273729007616,-18.464091834724584,-9.788165850970561,-17.613058883084733,-11.322118900970564,-16.545550304670257
485,-8.359392194643183,-13.683644539558802,-8.482363769864937,-14.317650833444443,-7.752704249639589,-14.154606301367767,-8.905230275137457,-14.779278269620477,-9.024869521609677,-12.363871744366818,-6.522647599722284,-10.57088512929356,-7.382629209666762,-12.605310919289817,-8.818187184943325,-13.170579676735436,-6.932493135953126,-13.151098172424673,-6.460642140287268,-13.071556726352798,-6.929892887735358,-13.244849535840329,-9.058083232839401,-14.125905216376555,-9.716549857940672,-14.398021686872225,-10.183332907735723,-15.250828392342285,-9.74915967216019,-13.862449946082426,-9.994870748644322,-17.636990799715733,-11.509758460118217,-16.909700340856617,-10.988595200374334,-17.559310634094064
486,-9.275688090454251,-13.176629885462365,-11.242403384901705,-14.068539665816044,-9.590428021379315,-14.895237186023916,-9.215563037811739,-16.37885083713204,-8.38471680744685,-14.309565682148392,-9.559322275330825,-11.530236996778537,-9.977808869683239,-12.874261358812317,-6.359791102690959,-13.04530037512055,-6.869589467150822,-13.632883957890872,-6.135052704137164,-13.464601707959762,-8.179556858569923,-14.597323688779376,-8.995312951877668,-13.985122324119608,-7.930872540413181,-12.302341816099396,-9.542215681958435,-16.257743336597276,-8.739674850459394,-13.357412325032625,-7.90824910456762,-12.190360738323147,-9.235629826844407,-14.464734957214361,-8.781460645691793,-14.380919450460784
487,-9.764377033721907,-15.691632517630454,-13.947652497793834,-17.726222380537713,-9.042611185625903,-17.491254694080368,-10.979479546259622,-16.98469611177063,-8.152583309766978,-15.696285743019224,-9.956979298898258,-12.262199308580477,-9.547164293740703,-15.197854227471463,-6.479198413166096,-16.181555193728855,-9.133548759802284,-13.637800225255347,-9.233693192900343,-15.149862794889836,-11.635566186573271,-16.117781396482396,-8.966990394153797,-17.55403040974362,-9.421383089051842,-14.346348561345954,-10.773416911934092,-15.419213021659468,-8.242573318264828,-12.07724585168278,-9.435109705041494,-15.748660320497033,-10.69675092845027,-16.444076462409953,-11.705093917644344,-17.379331566089906
488,-5.624034750463571,-11.208614214203006,-6.219304956007839,-13.137406043474238,-8.575865845750732,-12.752061756830557,-7.240570569291585,-13.199961029259084,-7.8712457358433845,-13.202188466586204,-7.685298560596117,-10.36636261535776,-7.328978838448928,-12.68987840706888,-5.72798575222733,-12.568824767858068,-6.40087427723925,-15.122277177465229,-7.5201298387297495,-12.272064694937567,-7.289749343222171,-12.359534558366768,-7.035126511100303,-13.26955460119679,-5.391175121039348,-9.211092690130004,-9.95900909261137,-12.164202683812547,-5.209941396421927,-9.628135583924797,-6.180878088973961,-10.817695416404797,-3.250133423861288,-13.159488261756643,-7.654079787839726,-12.420780591184338
489,-7.004268417395407,-14.52272439919235,-9.727752380192882,-15.51837912068838,-7.634498502831224,-13.178216570449191,-10.059234723081705,-13.107423864179781,-7.057281003040369,-12.830700664115035,-7.4138511940514835,-11.598718252987563,-7.985363089086213,-12.468483271531273,-8.653678588923437,-12.672662791045626,-6.794032213843835,-15.074044432483351,-5.830703183184285,-14.163432236636579,-8.26031699848958,-15.14826362853344,-10.4489508701816,-16.494873316628144,-6.882277703970342,-12.383985839275379,-8.407484049278484,-12.664438460855552,-6.617693653296014,-11.834118570981238,-9.401440220058273,-14.714316369023447,-10.982888168290899,-11.98381262335771,-9.784244765672948,-14.61202548923698
490,-9.469586335637036,-14.242617449867756,-10.127044781284178,-15.47042909182899,-8.024054961245707,-14.47729626520221,-8.824383590772646,-14.383804549929435,-6.724130579144324,-12.956034051348482,-8.326000628824795,-14.466250396373287,-8.325537391623229,-14.119961460419079,-8.9700179529043,-14.208273171506132,-8.635525669316186,-14.168061457787655,-6.1724748788541595,-11.910535511990503,-9.836727736604939,-15.079721824088306,-7.214070975301815,-12.392431659529139,-10.273334483552006,-13.079175822706627,-7.209084686648119,-14.434968356862715,-6.946271991663369,-13.873957128478189,-7.6855068759725125,-12.6823245247666,-8.579659270194348,-12.466180192207831,-12.588139346443974,-16.20893581735644
491,-4.855504297449395,-13.056827331646106,-7.9608518135632655,-13.754616448120347,-6.533289256325033,-13.253356162792722,-9.280363774079207,-14.277643782248484,-7.053491852791531,-12.89767692583638,-7.827352617056281,-11.275765991684368,-7.956033982081145,-11.148366778766386,-6.751920403549531,-12.895287516801934,-7.487415783089439,-10.056353875155523,-7.680835378998344,-14.094807835947876,-6.371669384828438,-13.710873236978692,-9.169840995287679,-13.018408146341125,-7.189420019354257,-15.303901116604667,-8.596244627023456,-13.95085983749489,-6.852390313231763,-12.69274324491782,-8.977501871295587,-13.970724315093602,-7.823319930052407,-15.423361247799631,-7.430498419649205,-14.40092062518752
492,-7.178542850158295,-13.651858907175674,-8.194229154415801,-16.810782704846485,-7.438194884748736,-16.150336956812453,-8.717508834099068,-13.692362893619809,-8.561138474974442,-10.574216173837328,-8.777021969461147,-13.693951032772919,-8.038664125005358,-13.297542451321622,-5.830649909769134,-13.656670167869944,-8.238781146093721,-12.096646149316495,-7.884943960779055,-16.09961103679334,-9.194791566729656,-14.451718552021566,-10.560899750006525,-13.41453248504882,-9.506182140516067,-17.10315748987783,-8.993451291846817,-15.336248599621534,-7.8350602959452695,-15.294729556677762,-12.0433668932555,-16.733486667276143,-10.657720852345546,-16.16991832243786,-9.632057147561724,-15.437599100483325
493,-6.61953819157696,-13.045455482602277,-9.103043561301693,-13.103489681323964,-8.105336679112119,-13.036729150672466,-7.295685437031172,-12.901261691667107,-7.181087043586625,-14.122050201979274,-7.486743807672411,-11.985443157859375,-7.131863496753807,-11.892101108459903,-7.6541842351821625,-11.000921168998923,-6.84979997312527,-11.233097112274756,-6.133875758167321,-14.70140090585508,-8.049471098251566,-12.605257861961569,-8.502337175137155,-13.967222554652622,-8.064849970720743,-12.354191144576902,-10.323146712915616,-14.975628829371033,-6.878026143378085,-13.961706007085883,-9.822595638018232,-13.594593842744594,-9.436988641905673,-13.601334354320818,-9.715297200896098,-14.808943242597914
494,-6.605488632832523,-13.600811632241822,-7.543101033010018,-14.107034553317934,-7.323689980115972,-14.571901222563753,-5.847087602764155,-14.25201012153764,-6.057800440120476,-11.993474320069764,-9.343777821240488,-13.806285492189454,-9.576059648230249,-13.768027986838376,-8.603965427347582,-12.850662886462628,-7.838965010712382,-12.008521672862376,-6.410269963253076,-11.713663343088061,-8.882503805645454,-14.2781563121195,-8.940907030467471,-14.525124174465736,-7.8315879969960065,-14.477450945917685,-10.948218065445662,-13.09333715093113,-8.823135754920358,-12.37101344028945,-8.91253602578342,-14.934407716057049,-10.706528711464308,-14.190723012785229,-9.867271415037589,-16.337162440506976
495,-5.1460617112412,-11.756020730705652,-5.612140229259145,-12.256451409202487,-8.69551899605028,-10.334769608823052,-6.74159923589126,-12.814754000813554,-7.07598916945254,-12.767978673773872,-5.044442999026417,-11.880146165681541,-6.978519671666071,-11.953990853676384,-6.185709244144816,-11.787956791584861,-5.927364861434975,-11.31130173072864,-6.995838318258989,-11.424489397085097,-5.008330989797322,-12.523125173782939,-5.9050454098102625,-13.81074438243828,-6.107799726277101,-16.125096070734525,-8.355505322169014,-14.45894429350738,-8.164345950211896,-16.39049719204357,-11.205782748930563,-14.713276008483325,-9.342168055339236,-15.874378568714167,-9.491440997166068,-13.834981590328837
496,-7.096642195766446,-11.395071863353152,-11.56901530380847,-17.387066650233365,-8.66305851343625,-16.159079312019763,-9.017619467630784,-16.336756817409036,-8.400535100368444,-14.197009199300174,-7.981436172585653,-12.2912700872602,-9.667209820973435,-13.030063266525872,-5.920161685394165,-12.788291929407304,-7.808060720483598,-12.358533716429934,-9.671138345030393,-13.198630285115666,-9.806702980033945,-15.967386435491111,-10.474191116107487,-14.101786096372532,-7.098885001796212,-13.66982454181758,-8.484661340572835,-13.617329072701827,-6.637967706733563,-12.156364148114513,-9.168314053731788,-13.112155886587322,-10.054859689039448,-15.56352516955943,-9.405168315458214,-16.53351417846667
497,-5.4910087060133375,-11.864566934931869,-9.263430312606431,-14.034175478867194,-8.515065677092936,-13.689295801707404,-10.405693636131591,-15.60156449472187,-7.221894043164653,-11.731383577455945,-6.996711673020576,-14.173388769175277,-9.344841915448738,-13.188292431615576,-5.84257788978076,-13.469514443788519,-8.747932580715075,-11.836098408938412,-6.8572391680232325,-11.128003872088122,-7.753364656580802,-13.674413503728783,-9.07599250707294,-13.44509806382969,-7.513989018692728,-11.327531237092876,-5.666387791346057,-12.22275467184025,-6.525629125766178,-12.783110195506929,-7.750373954532507,-14.543594119670304,-9.526400153568757,-12.896851886614172,-9.703430508832568,-13.26381886030539
498,-7.347452186124483,-15.597182429870596,-11.292672118329786,-18.057307741903326,-7.9726446118798435,-16.69336643820087,-8.79196246919005,-16.372593606890284,-7.195323256265578,-13.538937904203001,-7.593118724970951,-13.772899944666374,-8.351486000637472,-14.001679121627436,-7.05204549248426,-15.220783223279158,-7.110764032593472,-14.905387566138746,-9.802390385958786,-12.942353512126925,-11.133611304957462,-16.392548658049332,-10.119390722617382,-13.476069932862735,-10.637523405301872,-14.846901121488571,-9.530189062906295,-17.010852272063733,-7.447620655451858,-13.92770097957375,-10.048373202122459,-17.407292009338363,-11.198969934938921,-18.03958076305971,-11.116569234417133,-15.054391172704216
499,-8.543770324288046,-13.633493845074769,-8.918278856981434,-14.7650050973457,-7.438178919226638,-13.93407098354849,-9.520308200720407,-15.2154968567886,-6.918843967820523,-14.660169255941868,-4.153968857876288,-12.932325626200104,-7.6024134013622335,-12.170571027052823,-6.2558594556289595,-11.641008966274853,-6.8846692407624355,-12.980184943028444,-7.49992580059724,-13.82177076948306,-6.526683628865344,-12.814227555739901,-8.509965574170714,-12.916049613255169,-10.169811071443837,-13.117137477467967,-9.092120737881276,-12.84095411111915,-8.464834317138036,-11.52554907331782,-9.462102255402293,-14.945704012899416,-9.606245996843276,-16.24881326322385,-10.666304693855134,-14.90537204784004
500,-9.265934654331192,-14.32152751014124,-8.915887209498978,-16.144826739710606,-10.337130097067567,-14.371774011725511,-10.485818984513191,-17.1108393946605,-8.414909315955839,-13.96186814665893,-5.48471254592131,-13.365263389412302,-9.224085336758584,-12.530468795685476,-4.723407607941604,-13.605374040186804,-5.819759688983714,-12.445056528220437,-7.865388183745354,-15.365668342363843,-6.350012493960201,-14.718920632280941,-8.926049417457552,-14.751561588056838,-9.192324411040623,-13.738105566311392,-8.790125093488507,-13.473233513491078,-7.462123623448996,-12.52747012649182,-9.765941932029014,-14.127359419105494,-11.427720449485122,-12.205083458925357,-9.47612200210412,-12.954626312998816
501,-8.562407829520012,-11.754303853591257,-10.467467960882207,-16.402805355268924,-9.287195148209378,-15.044045330673042,-10.715339947429321,-17.69978955218703,-9.254328510567435,-14.418342703327568,-7.8662963849324905,-13.275644969882482,-8.751115271435076,-16.31087473187955,-7.930548439805987,-16.061613454684974,-7.784535095072343,-11.838604864729454,-6.722667818427887,-15.622666197088853,-9.063263721631152,-16.16889551175075,-10.490668438679,-14.743100095496475,-9.512412203396641,-13.912971726213215,-8.89640738758758,-12.925423998180083,-5.926695024842767,-11.690051262439242,-11.12567729928178,-14.16762870397444,-10.796596750820715,-14.744568734876326,-10.528129989772921,-16.048589421906193
502,-5.162135263886729,-11.353746082540646,-3.095778247517244,-13.830202492789939,-3.962820360442741,-11.794853500733684,-6.479226031462061,-11.45688462081458,-4.92283533109339,-12.792283687696663,-3.741520429719643,-11.417367378630557,-4.365929934093153,-13.994885727356486,-2.9056354842807264,-12.382221446204905,-6.640795087149115,-13.836553287767966,-4.7259322450476295,-14.826916770048149,-6.69288168443248,-13.606592321223275,-8.217718608235739,-13.408291861503391,-7.4208988553372714,-15.267071128831507,-9.456805546616273,-16.10954062428551,-3.5944328948481283,-13.12608304185336,-8.851599566756086,-15.419640711461653,-9.407068919479935,-16.530729416720277,-8.313904675902778,-14.573049919999875
503,-8.888197516448601,-12.349767310113496,-8.45519269794793,-16.158737416727845,-9.316313066482278,-17.459520357510073,-8.38711683870876,-15.481685553396735,-9.812368149274143,-13.152355251783677,-6.436993375480316,-13.77286696859662,-9.533437360478667,-12.232027219776008,-6.775555538654201,-14.608919319785858,-7.782496217319014,-15.440592933632761,-10.359132319947268,-18.425795570232765,-11.456676228304708,-17.849685318815517,-12.048705603277451,-18.187107601415086,-10.33276444660329,-17.49149304186914,-8.941366996130416,-16.53457139939264,-9.939200403875164,-15.29054944369809,-10.19275825765787,-17.24437419592451,-11.759692578281653,-17.11263295685861,-9.799241586850282,-16.070281780694064
504,-7.142903108035089,-13.325851715777725,-9.440743124306781,-14.543325840867048,-10.585758534331966,-15.429364259781241,-11.91042046964972,-15.435488978003608,-11.079835925841211,-13.206581433843699,-8.79438744671063,-13.129406653863843,-8.542991754404762,-13.043622273931986,-8.465350150596946,-15.01974727964221,-8.966416505958977,-15.839011142606951,-8.650821431906769,-15.393839308719102,-10.873048151022848,-17.792985599880907,-11.124508611244416,-17.098085365480642,-9.451768541136067,-17.38676815061717,-9.949008547420386,-15.737123095831835,-8.230642605365357,-13.372365577117185,-9.17371018927628,-17.080411442497734,-11.584874564641128,-14.621750774341,-7.1723743183143025,-15.037028296282502
505,-6.720250390462122,-12.915819589064458,-10.075955285729483,-13.149315385126128,-10.565364244709375,-15.102770970483006,-9.739557052829662,-15.934209528893655,-8.87442976763044,-13.099984828633609,-9.932445710205188,-14.911560861788606,-11.098869012149867,-13.049743110359138,-8.63588325802956,-13.514727001606147,-7.728285249840857,-12.883796514310662,-8.609099200798548,-14.904807795110628,-9.523388771876824,-18.278411056022343,-8.40993484189546,-16.165322337286433,-8.510144895102007,-16.1399477315728,-13.001229543518484,-15.51766290648229,-8.8302262355049,-16.226754105545677,-6.8674835249414015,-18.95803474895736,-8.291699686517074,-16.237740424529438,-11.576051288720482,-19.45037805161766
506,-7.269916179818297,-12.224831050353341,-5.605625418201571,-14.584911424318214,-9.8030288926428,-12.310856601737498,-10.204448842513392,-12.847654126176637,-6.627039676162213,-14.1386176570283,-7.605426937865779,-10.293904909394051,-9.077584923317325,-14.841559477190069,-7.502626871322135,-12.675028171965634,-8.10522749155742,-11.687632886487041,-7.604857989042296,-12.346965521041506,-9.227898624952989,-15.75011154780878,-7.975809472969014,-14.901658261752345,-7.938618564234514,-15.889196542447216,-7.393065587814762,-14.193518016376776,-7.2680990496565245,-13.197045246206931,-5.281665027855153,-14.923997311351016,-6.849942221524099,-13.90277414489647,-8.384951039928533,-17.71881418103785
507,-8.087536505719072,-12.246279709517525,-7.0959887456948225,-13.595447173527443,-8.464683896187598,-14.434761953644767,-9.869034270918576,-13.898068365298677,-7.661705009324901,-13.55520052535249,-5.506313936329348,-14.061950327781332,-8.299322484464486,-14.62020143054711,-5.126330796956189,-13.262205911261072,-6.1443708362132545,-14.724818699949962,-8.819189021643286,-11.384999875785052,-9.072049428359987,-15.820933183783797,-8.701714281640903,-14.386559853369835,-8.725437957789516,-17.136853656734253,-9.208755007807522,-16.604819395406658,-7.973618138448948,-15.439613724780221,-9.837318949765827,-16.809129332742152,-11.070503343377405,-17.710469249441076,-12.742620883880896,-17.091208833876973
508,-5.868940435250709,-12.92815850387653,-7.167623073904923,-13.888949952705774,-8.135937227745654,-13.18422371573879,-8.734362595099034,-12.197191115671043,-5.276504779855976,-11.117893374804119,-5.459185437905471,-13.452618550156723,-8.201417658534814,-14.049633890850215,-6.887834351761629,-12.809782382453045,-6.908024882150082,-10.595231058388348,-6.968992920973729,-11.446958737359882,-7.684876643383792,-12.646199789128723,-8.593729392498714,-14.485991878612376,-8.06291090773653,-16.33422857413421,-9.020118039163586,-15.957686791876213,-6.889713498151195,-14.884242343995718,-9.842333003989642,-16.991617540971887,-9.73383703346836,-15.429153460010095,-10.41389290873893,-18.54935530255193
509,-9.206660632913996,-13.841129964093605,-9.828713321474511,-15.593207393050514,-10.20350943915022,-14.837516399717634,-9.867689777429412,-16.38250955451137,-8.482274794257094,-13.523222050798253,-7.290353025342485,-13.677456516775639,-8.031744547037373,-13.289817239627075,-6.548648123746569,-11.65701059984553,-8.203068706859893,-13.41356927885444,-9.011825548869034,-14.628840167090935,-8.133395808142739,-13.161877975295607,-8.017218863987214,-14.889442009267267,-8.796423807021124,-13.786394846980352,-10.695552184089447,-14.550762953019076,-7.994946332416943,-13.408715485890962,-10.520444059583147,-15.863526142353333,-9.53771019580699,-15.498417980737937,-8.818784709334759,-17.938757863666076
510,-6.64902112948072,-13.456788983462932,-8.099579421329281,-15.382244070331385,-10.346312079727147,-13.633630362479767,-9.194959176149682,-17.316403400952204,-7.6561094194823625,-10.548773999557724,-8.867353562736952,-13.624834604899668,-7.268456652954564,-13.573013573551485,-7.370257458751145,-13.353739256672725,-9.63624069288793,-14.81453828777179,-7.77555951248901,-13.320456465524863,-9.6053769351673,-13.282042362566449,-9.0785145605053,-15.893088674897083,-7.7434992965360365,-15.311991814528604,-10.162021046166954,-18.922178588253775,-6.683487127048975,-14.359809157408456,-7.991704126345891,-16.61810737339387,-10.975416342841761,-15.80359789389875,-8.487425147241916,-14.551079212824957
511,-7.17115839668268,-10.440052253226579,-11.18606418478748,-15.376530642826399,-10.821047757833249,-14.070552184827925,-8.852616470916132,-15.417029023181449,-8.0901558604515,-14.198776476773084,-6.516724632927625,-14.37027989255485,-7.759987005400758,-14.387777637587561,-7.437724016202311,-13.852275111093492,-6.578420273805866,-14.190151490436772,-8.017121298012153,-14.815912369564511,-9.4831152016348,-16.829148666405594,-9.80470429808107,-14.523922287084886,-8.615377229813145,-14.665934130693426,-7.902268803153331,-13.464274437642974,-7.315960944722248,-13.648102924865848,-10.099037549059044,-17.71351955103971,-8.787413194610355,-16.22644229574014,-8.43402071412233,-13.990485829967207
512,-10.052801150104127,-14.544855827972611,-8.766001830685203,-14.462089182617209,-9.527202767603358,-14.957988575916037,-9.360160397263321,-15.86286988601538,-8.026210074602886,-13.68776344583852,-8.311837809283308,-12.349584303075208,-7.187028055924435,-15.021656116396825,-7.288378280600101,-12.800024351188108,-6.63804200937566,-14.434063534557156,-9.861837621972482,-14.363925837114932,-9.712514946076814,-13.666733236379503,-9.409876120995563,-14.785423645556556,-8.045189971421214,-13.042740352629947,-11.004537913680256,-15.702403083018549,-7.532767584142778,-14.624814752260365,-8.721948545856202,-15.91398955094453,-9.001094766332397,-16.208121179671377,-9.33951334962157,-15.845977141435036
513,-5.755208972165774,-13.455004723528903,-4.334417418634191,-13.591898714945831,-7.906461622258705,-13.782709379939446,-6.915636621260516,-13.272202599149441,-6.424362015277865,-13.261286013205666,-7.735428207497116,-11.485519088477872,-6.410762547458759,-12.553130994345363,-6.663295746848938,-12.56309335827802,-4.108407074976536,-15.198720426024677,-7.50093249931126,-10.975802176702445,-6.808793263515858,-12.724456350772158,-7.681836329956732,-12.948028711178953,-9.290846060982421,-13.93710407715847,-8.857422629265443,-14.434264739599556,-8.080249803980236,-12.914443023073144,-7.818259416520013,-14.35630907489816,-8.982921156553457,-15.122112471907993,-7.827099520203113,-13.380056300974573
514,-9.267528979161058,-13.845198295672708,-11.182261906624493,-15.438597806043223,-11.251000404569663,-16.397529458578056,-8.33385104105346,-17.126842871433425,-9.188297283265504,-17.25346192172083,-9.745816664639108,-14.96902666995843,-11.322688614794767,-14.849073320520962,-5.347565803460245,-15.114044552242188,-9.505921075895916,-14.44058206189219,-9.977296233656173,-13.892001237244768,-9.80856665627033,-14.762461816356545,-10.360880705459019,-15.65566965208429,-9.257473367813134,-15.35187522048725,-11.678354264411816,-16.80035164928417,-8.482159813094603,-13.810203425349757,-9.253469458630537,-16.061809609332293,-11.754431069223966,-16.684009020929146,-10.816165469090656,-17.08612313593995
515,-7.7785193055878015,-14.989824985318851,-10.426632309674064,-14.180960361130024,-10.134436502270972,-16.421742238818698,-9.139133658869321,-16.867295164853292,-7.601936310067571,-12.553549823938088,-7.5342106896113314,-13.062673206472224,-8.077608356384257,-13.04985053898314,-7.290785467277483,-14.255970006444606,-7.553932580859687,-12.927765282940353,-8.30610751077674,-14.299718427622626,-7.96170916906834,-12.424674374903288,-7.338139249717095,-15.764993451508483,-8.511474534765956,-12.956224671063882,-7.516156750750495,-15.789876606704308,-10.361527366297132,-13.95840290056632,-9.713376636522403,-15.508001819187038,-8.335038020666843,-14.389520938312865,-6.695880833077114,-15.764348560205306
516,-5.8003279077202174,-13.773995625345908,-8.300844012241738,-14.993911536340672,-9.013209238457335,-13.314361276895179,-8.443427944551292,-15.954492378562055,-6.957407703128346,-11.4485070257885,-6.593093504022486,-12.242096148124144,-6.734366331701569,-13.278703686135598,-6.885080645842575,-13.096730024028941,-9.375790928940699,-15.741046288929002,-10.603659060788168,-15.755312314979037,-9.837479155277213,-17.46425663681063,-10.993959074704797,-17.596235855793225,-10.250804191481249,-16.831825390909163,-11.424274692890366,-19.08865367947609,-7.448139705493286,-14.380020273507878,-11.688016127892542,-17.13842610878848,-10.945006474953864,-17.288970592414028,-9.374569608841966,-16.698178376602407
517,-9.998029327762424,-14.55899620656562,-7.521939982670551,-17.103409507829806,-9.219223271143463,-14.528921865909268,-8.58074828204487,-17.490945769411617,-8.509811515621763,-14.533960984257837,-7.468256520117611,-13.006343406607847,-7.480991643916338,-17.038790810904587,-6.847960093554514,-14.305311180005303,-8.949260559822644,-11.310385435419576,-6.851658655908804,-12.6385362320435,-9.562834262516963,-17.32238383636501,-9.974807951871263,-14.904368732317582,-8.29609502293727,-14.586389154075128,-12.15104364896468,-16.94568942496999,-10.413847883918077,-13.010604709894206,-10.027703908304728,-15.318427923688244,-11.246054791181844,-18.21078263250697,-11.93083057892095,-18.835923734435585
518,-8.097527283532568,-14.366023663954275,-8.720983591825675,-15.958054842304502,-8.10026967213338,-15.02072479020774,-11.091322435618672,-17.321457759180994,-6.7185907279211685,-15.713060850710793,-7.509619048605829,-13.279346360908287,-7.904921947593837,-12.986170462917077,-7.736978310799584,-10.20993416402153,-9.251840111175024,-11.91267841857471,-8.040988285652308,-14.191429027395138,-7.741665030880274,-13.28763357281839,-7.120081904433814,-14.652270788632983,-8.890433985440554,-13.082191480966001,-10.158597655394017,-18.78303774865348,-8.239522142895789,-14.381423683186927,-11.482671304158172,-15.371925789343985,-9.135936597169094,-15.388064322984576,-13.116349919706403,-16.904757648157208
519,-9.198467285941001,-17.31579970598942,-10.661988323688949,-17.84710723362147,-8.44335694700803,-16.179863468890485,-8.387694507981667,-14.800111575368181,-5.959013291196867,-11.57420974233451,-6.998665447659301,-12.37171128697861,-8.474205218583295,-13.258439780849546,-5.771459858244415,-13.415175510793844,-6.024580669299425,-12.188048531747185,-7.912915933191057,-13.35806184657577,-8.42976806568544,-15.206666985698396,-8.870869515864277,-15.830173575369189,-8.375900121052371,-15.874640441787736,-9.903631931334042,-15.950624769009094,-9.007888261323924,-14.792495083485646,-8.31666817799668,-17.266378376953398,-9.903285406460009,-16.318942297516127,-9.437508533735361,-16.44446744028885
520,-4.612459856463943,-12.753587415537787,-10.593258708838668,-18.436989103293644,-11.358010767935125,-19.890152499058583,-10.782285039433631,-18.696641230021186,-9.216840006302947,-16.56373803955411,-8.283192546562638,-16.279074244187463,-11.63127504767116,-17.284550783472746,-6.317363755104807,-12.9955450675621,-7.771116338537871,-15.174872807716868,-9.920747439181174,-16.415686609629144,-10.120576912314622,-18.015733628580712,-9.150542040353193,-18.250768335261228,-8.774939529730071,-16.080291097631296,-9.561974428845444,-18.56027212060734,-7.843555379697833,-16.9874852304163,-9.830554415965947,-17.21351182929808,-7.591657959316018,-16.30762496845616,-9.286847798371028,-18.02262869806404
521,-7.94480901770039,-12.114295996009965,-12.160406163363476,-16.966430033426086,-10.066703883647264,-14.933764096941335,-10.469130380755425,-18.37553963053419,-7.467777143297925,-13.39417119446119,-8.830840992635277,-13.560479109802039,-10.209837718656194,-15.1876056443597,-9.309883615162263,-11.991923051750707,-10.917806519197429,-14.464962239379846,-7.976859862470772,-14.279070827776836,-8.497884335420352,-15.20318254520034,-10.451350564188166,-16.412866924519847,-8.930370457474904,-13.71159361820224,-10.105321060551116,-16.1254616805418,-7.74252809557874,-17.956985042444114,-10.704495470428592,-17.02451681913519,-12.197798783510798,-18.609760819708683,-12.336581104609882,-19.199055621208213
522,-5.537974234534007,-11.539264140262873,-10.235198535473291,-16.47119177097424,-8.368555418327507,-13.358048525676388,-8.436430095383926,-16.807905765392512,-8.244931473011679,-14.597616542730583,-7.318496554705601,-12.924407131488012,-8.430227452349733,-13.250040141941184,-7.145683752255349,-12.936493569560357,-7.580153889746429,-13.967809851172879,-8.055279715796717,-12.039886053540316,-7.313744066274196,-15.077235351247392,-8.366368643894688,-12.806106678090753,-7.486888933948811,-13.107546296101063,-7.613453474976093,-12.40803189761351,-7.478182687923958,-15.07626912103257,-7.407426934520414,-14.957341072940416,-9.154716870459893,-14.067679565913654,-10.256908631393722,-14.987507152712542
523,-5.341172761687582,-11.632700086742865,-9.287939641322843,-13.870896399322543,-7.8831853209010845,-14.401391080368253,-8.772866869437404,-16.334664049303747,-7.59617976616958,-12.728353601413344,-8.084574392130367,-12.230180318353877,-9.312324028394315,-11.746421334546287,-8.597733849968495,-11.788510665427419,-5.372283017058041,-12.63244726080067,-7.245104967284041,-14.132149324000931,-8.632802532595102,-13.423677510356015,-9.366592894954694,-13.328345566682708,-8.987715391024675,-13.132877759647467,-9.110457528890914,-14.512292045496189,-7.627403326227155,-15.208374358758936,-10.337783723219694,-16.518318555936006,-9.411008381517282,-16.064530719265782,-11.242821006990484,-16.357466349525723
524,-7.03703614901526,-13.824761540744532,-10.211134646576799,-17.134481513890528,-9.925406014113815,-15.286410101805961,-11.390419888177124,-16.981790286160056,-7.667946097514424,-13.977375887509975,-6.3440534477065995,-13.331668981576001,-9.348922362193704,-15.035953607299682,-7.360647780030369,-15.503336226086649,-7.953510217502978,-16.203999651752415,-9.5267941877664,-14.80072481466597,-8.81741377916006,-17.76248367153232,-9.198523247175961,-17.78074450270907,-8.718317884854127,-16.178514657118143,-8.460654009480834,-14.33112526832428,-5.190268572991364,-13.958308712502205,-5.588023867552422,-13.168782163914104,-5.48910540878938,-12.389137205631727,-5.7294970201169395,-13.700292714431278
525,-7.587850828703825,-13.688277070926002,-11.387897665333044,-15.950563317698398,-9.688782952246672,-16.303320421543418,-10.734456806901784,-17.144995131355934,-8.972835107576172,-14.288831364761494,-7.7103023232669665,-13.083011529864484,-10.352490234553338,-14.898020610551692,-7.72415531748127,-15.87841385488856,-8.350910913809415,-16.017959958761093,-9.836813437267772,-13.5428599493743,-11.56578115460409,-17.062096574468594,-11.822115212404213,-18.000110012225175,-8.499590893342585,-15.278894664075846,-8.476523993863513,-15.759603287969952,-5.759853820869571,-13.275640498394594,-6.039540240926399,-14.630802113015019,-7.3069550537981,-14.555400045269186,-7.256054698853854,-15.068587549596291
526,-5.765815292836707,-11.584886682777588,-8.107493172806265,-13.975411127994118,-8.726435999416166,-14.16921377739699,-9.348566141292606,-14.66122157819955,-8.949065335198705,-10.535406762569837,-8.277809162263672,-13.305032954447721,-7.753119499643769,-12.990157238096971,-5.861215050063182,-12.997355347774658,-5.632204127286052,-11.787945070150412,-6.204056694962724,-12.40277466767424,-8.615532256090068,-16.748679670830942,-8.27324421199478,-13.869276143867598,-6.674716787177786,-14.432833152955187,-7.848857236926312,-13.769451926651692,-6.0612139211129605,-13.93198688477735,-7.324631650024616,-13.3669754967724,-7.097254117121768,-14.592272502327148,-8.802171221195229,-16.362852366540533
527,-7.4642149037970364,-13.333234744608706,-11.360466779496978,-19.409859314461272,-11.598148790568658,-20.141123523922708,-11.066545428775544,-19.606832955645498,-9.29717828665064,-17.068136118427233,-9.263644153083023,-15.722909345393179,-10.854322301915989,-16.488486257483117,-6.194733703384486,-14.386049471865777,-8.991732932713019,-17.16440768147126,-10.34727254897739,-15.947529086696065,-9.586622106835716,-17.31190789928703,-10.423735175629487,-18.020971282581403,-7.137086381404398,-13.532198961734974,-9.42267926381145,-16.143349130965756,-6.606989183389493,-13.656701334590007,-7.042690183891215,-14.549571476305099,-7.232545801590846,-13.868845150428363,-7.196078861132157,-14.379394685707714
528,-5.251583512639181,-13.170616608234154,-10.065612797261354,-17.153717228210443,-9.944340252589715,-16.684644839890424,-11.214278837221412,-19.328692259976307,-10.837385743327054,-17.839099084381083,-10.655122572513475,-18.29798111635699,-11.816866075670493,-17.975201751957886,-7.177321652969194,-14.849451849785302,-10.205200172303918,-18.79362800987371,-10.419682040031063,-17.8071122763483,-9.816970478221323,-18.33579882402227,-8.63458090703501,-16.939190152806475,-6.473351031256952,-14.718875434657981,-8.269360007555823,-15.138917756310573,-5.9900508571478674,-11.868164341176389,-6.220707496469187,-12.387628356905061,-7.9315097609807514,-13.343058289761409,-6.670422278066907,-13.137531322724573
529,-7.234832531159223,-12.49546716124533,-11.147496441369814,-16.240580192271825,-9.799465741221022,-13.434873901543193,-9.859188898521642,-14.721112861995708,-7.506729194644958,-14.224862326050474,-7.525627146855969,-13.479404923261399,-9.307499196907557,-13.547318642549726,-6.692986246441577,-12.569325942925474,-8.080719632234835,-12.205058056024283,-5.671003762418604,-12.315219451744586,-7.351062482656541,-13.141435448678953,-7.459500617853331,-12.07315568221199,-8.098278605143944,-15.170363443932793,-7.932257423701753,-13.57904209772597,-7.446144928997597,-13.131392560013857,-6.704543915701918,-12.180303859166493,-6.6826376051381065,-12.871511991997593,-9.128544964293546,-14.072229066986136
530,-5.371304542851034,-12.980706506929241,-8.745022695844384,-17.143455289544843,-8.209908448993428,-15.123248962150956,-8.012356147090632,-13.991337467693175,-6.484493115440927,-12.811420410782858,-6.44088895182753,-11.320916319692977,-8.793294262447017,-14.104513603207625,-7.61590466039441,-14.963247285353694,-7.851090663500821,-13.727608380766906,-10.597614024576888,-14.94504848765089,-8.339096002252733,-15.958571728341813,-8.497080983082459,-15.87289898530318,-7.411776531161895,-13.683224211976492,-7.397970952270424,-14.470778148992967,-5.497710787989748,-11.92723701398474,-7.812232935018092,-15.055001236101099,-8.792863927268955,-14.907719946023697,-9.863448546133274,-13.995432729627137
531,-5.862585445458622,-13.065037583654078,-8.877024919056307,-14.562022226729596,-7.900752763849814,-11.410076595725089,-6.546379088164258,-12.523457232924628,-6.356643369147305,-11.736481597751592,-4.309680548447624,-12.461628169513064,-7.36879754350368,-12.080570655209343,-6.124719554636268,-10.462402271823663,-6.7944959088970815,-11.51943813294242,-8.236906891530856,-12.783944619553582,-5.416744344948796,-14.129562257415223,-8.802516764852053,-12.591282754521185,-9.4417609637444,-16.3949626003724,-9.15681165387121,-13.30678816508847,-6.705077551373767,-12.38092997283146,-8.844543445605998,-14.391664746295055,-9.125685196332947,-11.461741798681162,-8.99136045892629,-14.020337847187413
532,-6.477939953217997,-12.298295076184882,-8.58346488465699,-15.968434162564456,-6.799803622995918,-14.787786495865099,-10.607084747631724,-14.617142344041781,-6.0592780495932566,-11.232666026672515,-7.372075799419125,-11.145912369230501,-7.853895709907388,-12.953774894309138,-6.2918727316022185,-13.963846333995342,-9.367229452694591,-13.816498140232556,-8.082410311329284,-15.979359636889615,-8.74210603993863,-14.731454912701547,-7.193732403280135,-16.042501443672876,-8.905370098337915,-15.149299624195216,-7.5897752462877754,-17.396666133377984,-7.692512809974809,-13.443822167792874,-7.981488621967497,-16.24843575665869,-8.67039557202864,-16.179328122715834,-10.701222930008043,-15.975771334817036
533,-5.021054060469727,-15.063780218586833,-9.784604244874181,-17.24508278969314,-8.381575743843369,-15.448374149257404,-11.278687338170279,-16.59484637098968,-7.600959004759902,-13.713660743203961,-7.383170130150571,-13.047339232905502,-9.393768476496195,-15.630599558699195,-5.907463366204116,-14.096633729214957,-7.171177458735325,-11.402665291137646,-8.070212954048294,-14.71323482069943,-8.261770707873385,-13.710538848827065,-8.337443845533677,-15.097482343460193,-7.42031891431198,-14.13518712548245,-7.967484589507335,-12.540323641142976,-7.755290130788404,-11.531756793198902,-7.513872738177202,-13.70510651090597,-9.075727030350379,-14.210180251434206,-9.94914174518879,-13.590992450223991
534,-6.63360487978781,-12.61610460444198,-8.94365753384396,-15.595798279384923,-9.015546117580582,-14.357842523780214,-7.70109199007917,-16.26750620709741,-7.440794459733829,-14.257820957206803,-6.122081410803998,-12.933940277289896,-9.896433218831417,-14.480501458740658,-5.538995396169954,-13.240127372252637,-8.345959420275303,-14.624292951623426,-6.4436453573524854,-12.89685031045691,-9.974861194057937,-15.320365698815252,-7.700236548294253,-16.26302822776089,-8.143686697616431,-15.161143828684612,-7.389778374080123,-13.95309553076919,-9.795978832431052,-12.28089856906972,-9.590695982645224,-13.545622899452933,-9.23938700117346,-14.6981879359153,-10.09997283283054,-16.61801751967681
535,-8.246862571737788,-14.211751705541376,-7.916944789307334,-14.154442910184146,-7.666324011151349,-14.074877289465837,-10.146640926682435,-15.258575285382669,-6.608929069949099,-12.44667896324444,-6.334957706651878,-11.735751908591983,-8.855901703141617,-14.527069634851724,-7.065895877341243,-14.017461109466623,-8.168328958729937,-13.081464999297998,-8.761309355955358,-11.857955264767293,-7.402057744549739,-13.76682423472092,-9.398897666734356,-13.154825174421568,-5.294611152347862,-13.618695508378185,-7.699911299764704,-13.917770652576046,-7.063322817402317,-11.75388225127707,-9.57477717770481,-14.950640174729843,-8.22745844860249,-13.043183736148338,-8.563263569419563,-15.99749959969529
536,-4.725723979938878,-11.091327843788171,-9.683508256388075,-13.055847080532912,-5.842447572745933,-12.293094602718247,-7.712856575456362,-13.532887202557415,-3.4128182505433706,-12.002984227722433,-2.15718549037743,-13.451524183675428,-4.678085808815869,-10.502492045861942,-4.660237857312147,-12.200364698980046,-7.6472213637742525,-13.818678375421145,-6.861279255362732,-11.934439874772902,-8.372421961511575,-16.855849348526778,-5.573859700525004,-11.734898709027068,-6.065505799597709,-14.367113422060843,-5.522069077194586,-14.756745841318343,-7.419473796974491,-10.007931191423747,-7.056209246066194,-11.816590265608033,-9.892064255021896,-9.864559627816865,-3.6025411557808256,-12.936787047078887
537,-7.717744598819688,-12.858532302806001,-10.065890388846299,-15.13311911110389,-7.965262411678751,-12.373410496507734,-6.797344435149268,-15.116976846277097,-3.8872213014295287,-13.6529880614309,-5.373975635739279,-14.171715500450198,-7.674982274061179,-13.857384914214228,-9.314515038229068,-13.927561492814817,-8.219470352913273,-13.434442901605903,-9.089182657401656,-14.475876725910739,-8.983163354128342,-13.915328878398842,-11.317972355442095,-15.245043855393156,-9.648373895653792,-16.02610961107613,-7.626330167130479,-17.038062938731578,-7.813434589720879,-10.723274251128654,-10.3853700635202,-15.288313957848342,-10.739354503552915,-14.557813790416617,-8.813385325600116,-16.50879977074791
538,-8.003303438284956,-12.62425721737024,-10.258252489155383,-13.535246513973359,-9.339125107405549,-11.616843015484408,-7.885403268524933,-15.929343211501749,-7.523007224031528,-14.43042862869822,-8.921216097137929,-13.233157455286022,-9.131283562917892,-13.927997553703404,-7.97182333051536,-13.797132224778046,-6.919525742688348,-14.713387121662569,-10.277431399715574,-14.969531250969014,-8.131975594413326,-13.22056422453054,-8.10695243190861,-15.390668021894381,-8.441627814305704,-13.235355641306533,-7.275191059349401,-14.467789673830794,-7.3277041121721265,-10.668058784957267,-8.907637698379798,-17.369433900623182,-9.007828137425388,-13.238541953408165,-8.352641938574692,-15.819862509283213
539,-8.008933775734492,-14.473290774348657,-8.525769849526412,-14.759826351240344,-9.272603364704565,-16.589045509872392,-11.11024642564984,-16.47173794730985,-6.067889829736196,-12.708207354626893,-8.508716273259644,-12.439036938846977,-7.9715260765057785,-14.063619354995199,-6.740817867197871,-15.39528005307683,-10.131259553565624,-11.933979457012754,-6.729770157076292,-15.055891875286186,-9.745447259937828,-14.339596083663412,-9.286434721625918,-15.197612070864313,-9.293848619248456,-14.284980930720932,-8.543851775621167,-15.709944486336937,-7.404756640814769,-14.92468134412599,-10.723472049220423,-15.666450748429021,-8.933480413021384,-13.876605238917923,-8.242188188261325,-15.897955880352871
540,-8.685384045848492,-14.783736925441344,-8.839784457171024,-14.489671788156823,-9.180169418441398,-14.464635454338255,-9.003835688225433,-14.372846836732567,-7.592354545145352,-15.531282397625844,-6.73940354101634,-13.613394807370671,-8.32492678624625,-13.894999329345485,-5.562980535806993,-13.511369871012688,-7.525926421459198,-15.158760621448302,-9.111673367958238,-14.87949560810576,-10.139297751834766,-15.224440883022405,-11.873341399157855,-17.06898438481348,-9.132475038769531,-13.959174192503701,-7.7398596140970515,-17.345005141292308,-8.87644905621391,-11.392290558148169,-7.807886875639532,-14.695157857788958,-9.481388064173254,-13.50224162480972,-8.6314914242489,-15.315120038058435
541,-6.863684870708987,-13.431380751397018,-9.783137725872853,-11.868304140210984,-9.555294066285532,-13.946541627644182,-6.792331442967439,-13.05877066510966,-8.629577661696882,-13.457216289218788,-7.81980646816384,-12.987368943697941,-7.763690005899347,-12.395846022892464,-7.09004158232929,-12.798572744078216,-4.876211218888974,-14.825982901242785,-8.03320188944499,-14.537446293208177,-8.8516193138186,-13.67936759881961,-10.492973496986998,-17.17336614460298,-9.300896966967434,-13.309558286009134,-6.415627107731158,-14.047823948959284,-6.629526523996679,-13.575562110805334,-9.357438579865084,-14.847880131526232,-6.889130129650302,-14.69821967441975,-8.63888338855257,-13.57212063138715
542,-6.44225780780331,-13.49077718070161,-6.390895426992448,-12.360211757988624,-5.821822739595336,-13.728867169980797,-9.12924487596332,-13.264614752228889,-6.612948215286614,-10.358452103976067,-6.261810684589605,-10.409014791131991,-5.031126308821769,-12.384739145374365,-6.0701358739440545,-13.140319054390384,-3.7744900354367172,-13.991816891534143,-6.284465252951213,-14.459475511460916,-9.579649086449475,-12.712231732655347,-6.867073626093982,-14.57656884144214,-7.429977892632436,-14.707209331177367,-8.416338864009763,-16.252261105876954,-6.193835989585993,-13.958358623871499,-9.191517827127981,-14.002946518162387,-6.615166817611058,-15.324520456213612,-5.957719034908932,-14.930779550882448
543,-7.306800153520752,-14.273542256824873,-8.460552311399749,-14.096182481445371,-7.4251097694961645,-13.982344901920818,-9.669534213209412,-14.16027953330869,-7.214667295316236,-12.264191085669733,-5.397439066726419,-15.76136603984269,-7.02377368368092,-15.90996335724663,-9.803283393868249,-13.072201630106592,-7.147943309624196,-14.01689398682343,-7.9958135052732295,-15.237755775292888,-8.807382835857766,-15.443925992871119,-10.209149588799702,-16.349080570272527,-5.533292660950961,-11.261188663061962,-8.723473431888198,-12.56060930346444,-5.983290691426118,-13.668284544028793,-7.874296676200389,-11.684272024640094,-7.459750299573425,-13.192346404377545,-8.425184975456443,-14.074477906701366
544,-6.646186596549092,-13.032760722520996,-8.962945971305626,-16.585212171821293,-8.208765030258425,-13.97011926930217,-7.415030660732535,-13.730904146420766,-6.393722246112952,-11.390986152760068,-7.209420444958009,-13.073894753014557,-8.016394541468006,-13.645699309076802,-5.935037091589343,-12.973000294838169,-8.475828686880222,-16.696848228890477,-9.349681692059924,-16.2312208030504,-9.172129205712029,-16.481451715604695,-9.8060045203196,-16.475944531717637,-8.135883722151323,-13.40111886660827,-8.94666873781121,-16.41282017547702,-5.564197282518128,-13.596217906788453,-9.107498853789224,-18.405712818691512,-8.80625196243206,-17.791831429375193,-7.142422300520339,-14.054482200416478
545,-6.165142325615913,-13.976350957076749,-9.730284867943194,-16.528798059404615,-7.883260247851531,-13.826660276113289,-8.11648238271799,-14.362249983564713,-6.21800851715406,-11.88165526591611,-6.581415607790756,-13.007671320365041,-10.652644110516169,-17.586282229142583,-5.861107253656044,-13.503477891382152,-5.447901704442164,-12.34475095737011,-5.7867426713200345,-12.815775214006518,-7.052021365940813,-13.789455813167944,-7.83097430202469,-15.294891084553143,-9.199518293755801,-16.133872569765224,-8.676959266245385,-16.14849188730694,-5.841835544950556,-13.516301470818345,-7.718271512130228,-16.037027049487552,-9.808613873803985,-18.44739137435193,-8.164069676460166,-15.494321304621701
546,-5.727781514845747,-14.054414917153398,-9.091846004141432,-16.53877478592304,-8.820118589629205,-15.890274715044445,-7.939210416354372,-15.84500763953364,-8.753292917407173,-14.931801326470897,-6.784761286588386,-14.481454374835092,-6.599857048615357,-14.886574357793386,-4.453830128862682,-13.047096764561534,-3.9848323527039757,-12.311480660322383,-4.192548566551403,-10.822165128576898,-4.207443264783211,-10.437183192639836,-3.99965782647047,-11.364469817133031,-2.9713621118086686,-10.316346399008285,-2.495611813534811,-10.493853481471913,-2.5318090550195276,-10.816470243937244,-1.929454655731147,-10.019917549059095,-2.2783196907673418,-11.241388465712113,-1.8337216258249667,-9.976348861268775
547,-4.579301236115761,-14.190570571163445,-10.370498415459345,-18.714973127145143,-10.184240948614685,-20.26425831912458,-11.266904995603866,-18.7714297632831,-12.629183823939629,-19.02380540544462,-11.056752857101992,-17.75380056281903,-10.92537519945525,-17.864270019026065,-6.0797628665788706,-15.658592494204083,-7.9714019477930105,-17.490094467680183,-5.839067528868037,-16.26656014413522,-8.01392968088141,-16.56734951380418,-9.44822066231935,-17.45923058114737,-9.202627601425206,-18.212771663786747,-7.911270550775504,-17.094310844186285,-7.114853940147915,-14.561124534831869,-6.589372705828115,-14.708792425908886,-6.945345143130847,-15.838159851786065,-5.4416219211391486,-14.920125419680435
548,-6.095082201570267,-12.988393578721062,-9.592093771740682,-18.843534689985997,-8.519022610544637,-17.68421346934098,-11.561440402989572,-19.25926191257725,-10.301875166376746,-17.219452575159973,-9.349775294367403,-16.102887489405767,-10.14156268259919,-15.89254684943295,-5.433022170341269,-15.290124570441847,-8.271812304653523,-17.1233976079991,-5.977573829710944,-15.520772882399134,-8.865947778732195,-15.524357702378369,-9.418111798552856,-16.052032432214567,-7.959946280295613,-15.49179897518017,-8.206081096657133,-17.343179054734986,-7.694933293434031,-14.6676403948889,-6.194853071266744,-13.910014346074833,-7.55919119698231,-15.18070057416482,-7.302353565170318,-14.090903956089686
549,-6.2573121232945015,-11.597565379422814,-7.203831825081787,-14.07908337389863,-8.269923961079606,-13.94550608849227,-8.665969430226394,-14.528979703481685,-7.310037499590305,-12.693219222254442,-8.622616907056026,-12.71177586996166,-8.66344311365728,-14.489902426283932,-7.525608294161681,-13.615008252622617,-6.93277671940364,-12.390538288097705,-6.3975028137450725,-12.043238566160078,-6.552339446037532,-13.946988832124978,-9.331424965536344,-15.070027004667866,-7.6679366408371195,-15.402353998401972,-8.673810411472564,-15.021411890652075,-6.807525265099268,-12.883660273765143,-8.065065913129514,-13.141378088095994,-8.334781545617908,-13.829295910278535,-7.744973158109648,-14.762992734679802
550,-9.783905789419757,-14.496304677707105,-9.003975120802833,-16.661565519023142,-10.180750586242379,-15.722738942895793,-11.12784738596794,-16.83413458677222,-6.905408613391668,-14.127118587400151,-7.293381370542581,-13.144841757537463,-8.202269520235546,-12.997680713752208,-6.601889336628995,-14.185588803374662,-9.40797781757639,-16.195456697256404,-9.336360614795145,-16.432224009644838,-9.406454014317793,-16.67124129844096,-10.618638424262548,-18.76790242532276,-9.729440186561183,-16.093629677561243,-8.365486424866011,-16.82190853186764,-8.65881067373853,-15.829664779100208,-11.213227041015742,-17.927884016040775,-10.426958418472584,-16.7663741805874,-8.07190369851416,-14.943279442285242
551,-10.03847559953217,-15.371808744993984,-8.587639395269388,-17.545706262168512,-10.633383034910633,-14.735678647776203,-8.153057856883747,-17.506343133127885,-7.4105102487332495,-12.404234331987855,-8.127944398435515,-12.741285201576328,-8.333107221793949,-12.859430412391223,-5.445177286761872,-13.477154649786874,-10.119533407488419,-13.511293974134793,-10.317850992911733,-15.410043607320015,-10.159046724067863,-17.91587574913933,-11.222122275577009,-19.042650444052796,-6.449953616698187,-16.591833421883013,-7.874242728827221,-15.693366089703218,-6.987398678776621,-14.353310806831107,-10.206360833731111,-17.0198183056312,-9.674160917057444,-15.61093842161239,-8.261762467731614,-14.511865432629001
552,-7.2466285858093045,-13.47609442696707,-10.431245267781506,-14.518058400796416,-9.198013434679636,-14.82654560719623,-9.115919212257694,-16.425247795954203,-5.987855731844354,-14.482149785971782,-6.473117173252692,-12.483057176359434,-7.8023641864589175,-13.354843933591836,-6.8385911100655665,-14.291154824415804,-6.906375701611415,-13.623407545979223,-8.133221071750471,-12.239983995745812,-9.157108783060176,-14.236361499775343,-8.190064277747501,-16.32253370043473,-7.81465477074133,-16.505801043389578,-9.191730304809292,-16.382343909631082,-6.54305774991936,-14.969477272097915,-8.030587660505184,-15.321990401219965,-7.598063583244067,-14.859867419336885,-10.231066341603025,-15.72801727194416
553,-8.611647446562039,-14.794291214615727,-10.660137045630158,-15.151945201296058,-8.558723241680397,-14.699869441448088,-8.622540327005058,-13.770111940739948,-6.398660514844967,-11.766709024870357,-5.931430685194739,-12.375978312777411,-6.199852761647527,-12.324479959291168,-4.05647244570216,-12.75299727610311,-7.464167802369368,-17.832387943559667,-9.540222999551672,-18.03190504157492,-10.838429418085475,-17.906934377141674,-10.058650398023786,-17.493811145511778,-11.528419141530762,-16.083886237995642,-10.37766243051619,-19.145270670800215,-5.605275585468813,-17.52208103187992,-11.094809606336662,-19.997939415761753,-8.711940133181075,-15.69779767348021,-9.66701321829976,-19.350869838913653
554,-8.103505954167407,-12.379984498373949,-10.505105070871402,-15.172920996894664,-8.806706488987722,-13.306331586195956,-9.93556286311359,-16.287445026564814,-8.06495151619745,-13.640659614699002,-9.035603437344657,-13.75072990158397,-8.039621042300897,-13.21830935412326,-6.241933337675251,-13.439819724881826,-8.676062461619615,-16.797054042875377,-10.0823457798546,-17.589020848006808,-13.43341463288674,-18.885531782814066,-11.452029478873992,-17.92759110951094,-10.119656472797406,-15.980140325005763,-9.779610534165627,-18.068313908431325,-8.12774780425888,-14.602456388254977,-10.856777700618824,-18.00724921478034,-11.063531201527452,-17.75853015283523,-7.373983455293725,-16.27504971621317
555,-8.300150672009956,-14.174301156142935,-10.159765397683799,-15.086339293715573,-8.466224253228537,-14.981373909646297,-10.703531426817165,-17.38344947270601,-7.420076669827829,-13.348985068930109,-7.359736499361215,-14.554692575594865,-7.781053828699852,-13.496740140791324,-5.599427649046978,-14.699553855936305,-8.836585401412846,-17.33199748548756,-10.51693602686244,-17.823030904162604,-10.408187552270615,-19.2843107219184,-9.535309761167468,-18.857892431046103,-8.407027286165711,-17.928763105228352,-8.963957552396144,-17.54716747007836,-7.569768988686433,-14.7698176146232,-9.243665150030148,-15.714882615601812,-7.91359955839276,-16.207623552116587,-7.270605135087917,-16.31096329365278
556,-6.754215611439082,-11.767626708964299,-7.085251503927608,-13.565338131605277,-5.69150263260288,-11.66507132431027,-6.560471738334687,-11.103200853584587,-4.288131442460422,-11.288753188076111,-5.328595837669161,-10.97227099990916,-5.309587278889723,-10.988212493982486,-5.122259917292754,-11.55980012667069,-5.632681369911756,-12.33246082705995,-5.225784467788549,-11.55334700456856,-4.674980944133161,-13.583439159061044,-6.1525982399091355,-13.258327066639144,-4.1985228463357815,-12.368142095244616,-5.790330283022937,-15.381625088857625,-2.9433953645106135,-13.18651385802912,-3.5645992539484572,-13.295169872851522,-7.29940461530731,-15.515851714272204,-9.66990381431152,-16.38788043338367
557,-6.4734560416197615,-12.550029912414235,-6.441359781617914,-15.319926195739622,-6.053686751470218,-12.281389342753268,-6.690118201229771,-12.749467416253182,-5.074249038022169,-11.648945178881622,-6.244082378064051,-10.964868315892778,-4.66394943426453,-13.045750381504797,-4.669924265142184,-10.144330194817272,-6.356925020806518,-13.249801817101964,-5.362497280595137,-11.987709906051993,-5.15263067376851,-13.454013864307615,-5.418087311286523,-14.924794731522272,-5.221767505017191,-13.748507948556302,-7.3731837105956615,-13.822150500831905,-3.094087228385046,-12.959508382197868,-6.037734458364752,-13.73346738143457,-7.27828993775924,-16.797749585127193,-8.161365962684028,-15.198423194686473
558,-6.238993837968497,-14.957524471652047,-8.228617775268539,-14.691825114897782,-7.136912317908121,-12.303571491388777,-7.102435022598909,-13.815294900978687,-6.466934847787646,-11.408833525074566,-6.29458190301199,-11.106752896524677,-7.746196205779502,-13.566814461868894,-7.356694995782355,-13.139917316034406,-8.258449463097179,-15.404512376931706,-9.457333242047914,-14.673904495143379,-11.239537973940832,-16.091332775914402,-9.982297058252756,-16.262709013016707,-9.78936526194271,-14.849212176641498,-9.57769332548147,-16.392011821144102,-6.9573388110881575,-13.900271280920794,-9.972137833007027,-18.022507101984427,-10.016332944986141,-17.092630857170654,-10.875434004751705,-17.166538401637347
559,-4.4344315492401085,-12.424848556108563,-6.241236609359499,-12.031775142544685,-5.289027777327586,-11.71779112949887,-4.531375222698548,-12.01935944818703,-5.033370282621618,-11.385102253957069,-4.9907373787602705,-12.519729099885062,-4.090789006122966,-11.163010991457627,-2.7706991395703633,-11.228437382066186,-5.351564851932133,-11.240519953865128,-4.84867604852737,-11.020952767455244,-8.568468108282111,-16.036915644228777,-8.210191725717998,-16.697265097027373,-7.736971392897443,-18.28198299610453,-7.9046109624187535,-15.63318932635957,-5.789814043901714,-14.413693136707128,-9.91224855817951,-17.307835914845096,-6.868734537591888,-15.995126544916044,-9.772284852024809,-15.267103908928616
560,-8.018804413313976,-15.53197830840292,-10.288411288905268,-18.01327677126783,-9.052767383425863,-15.251847537575392,-9.724410772059464,-16.945578318125975,-6.358519060275787,-12.632398320046669,-6.155622415646926,-10.994465151028546,-6.51464130496281,-11.512457903744373,-6.348903841461935,-13.856922854944305,-7.277676001339436,-12.945287088674796,-9.053242213017697,-14.527823557266055,-10.77342271166266,-17.441695262208654,-11.040400361165476,-16.428521943551104,-10.48189678495987,-15.869163794629111,-11.8697486620174,-15.93703020844787,-6.2422457849910025,-14.433472997695361,-9.668735142688815,-18.189430890846666,-11.397287790064212,-18.541944607156847,-10.527677263084385,-20.586511506130826
561,-3.7711241443455084,-11.746158668910642,-3.9625740983866513,-11.187872885299186,-3.509680045091932,-12.100400698297793,-5.433151051057451,-12.632912670438625,-2.0117020069057414,-10.658178869271422,-3.422431728492674,-11.379031840258005,-4.1976313010301,-10.780737691468552,-4.342928878840334,-11.877971130053446,-3.793160031827725,-11.720984226100978,-3.5602151199621757,-10.33503593857035,-6.678696550553946,-17.04781948387296,-9.774533929399832,-16.388398799025957,-10.367746412496569,-17.505755496201537,-6.501100702530286,-17.365387689719714,-6.891609433534257,-18.66038473538521,-8.429272667794992,-17.36928359769962,-7.3942253932834765,-15.925334895518768,-6.928771223279776,-14.449156855720409
562,-6.124501614458911,-13.791041908417323,-9.626099829767966,-15.94896047796696,-9.517302341661523,-15.30935435922614,-9.294415465950344,-14.003290775542808,-6.260963976628055,-15.109219589001718,-7.612222985914193,-15.898726946948841,-6.5565390605782845,-17.801042311889383,-8.594438216931767,-16.75753516769268,-7.445114734200256,-15.93338393156792,-6.2837520423251245,-12.171086829971243,-9.956433076593763,-17.184977417199573,-10.062375648523801,-16.79373245468986,-9.984217014246449,-16.32462357976929,-9.806405571625062,-16.282612709272318,-8.19925400101039,-11.369610538650651,-12.426097436352528,-15.248395608050547,-9.890064083055426,-15.176074204524028,-9.419846365595205,-16.8921817451355
563,-5.677215143721285,-13.658785130610012,-8.45281344877245,-12.824919749547876,-7.14718932215626,-11.566711880388565,-5.5236613377345645,-12.772947828209972,-7.249436958879753,-12.495595488536932,-5.138676037672766,-11.16643305257681,-7.05408064674068,-13.805644634507901,-7.232452215424866,-13.329069451841033,-8.677321953318858,-10.008408390085675,-4.064453779222219,-10.57168009498839,-3.412826486511445,-13.155985959668964,-5.434858516218856,-11.642562010546255,-2.8357294654185234,-11.942058877923305,-6.127989705053229,-14.695374630667486,-4.674994806138815,-10.183700320739417,-5.474344948837331,-12.94245242352352,-7.845858000643799,-13.194635939837653,-9.168884255761128,-14.100008770488214
564,-7.130082154277671,-13.085433263926722,-7.019237070250584,-12.92095283251805,-7.985932042033759,-13.233440683551784,-8.003655695296569,-13.209238385917848,-6.850250546822718,-12.809995734601928,-7.530565159891109,-13.331180863309772,-6.586825278488009,-15.083918141601067,-7.166029191234104,-10.944587572017294,-6.886816872857161,-12.647995297809999,-7.084404147103593,-12.538382113796985,-8.775737871480553,-14.469401714422574,-8.526582214429721,-13.420971121020171,-7.707686965851034,-14.119544333909413,-8.322244440308044,-12.505746642067058,-8.564251993827986,-11.604404815042367,-10.116636725667883,-13.375638916299323,-7.776085149792616,-15.376291845573673,-9.39677210015364,-14.718734929401762
565,-5.38618245042972,-11.322030280662194,-6.43898262724411,-14.22447651282978,-7.296454888434047,-13.56736511132098,-11.928151551534958,-17.559260368654456,-8.594068808521795,-13.449633961462666,-6.4505263153193715,-11.816977191269253,-7.923074517844421,-15.790671530394434,-7.958768317637819,-13.639770610603204,-8.4926003673387,-16.978957413476042,-8.605935535976968,-14.557400240279271,-11.696956722678074,-19.08390900820998,-10.687078876374612,-16.20523654355234,-7.007936697161206,-17.817680686697,-8.598021095079583,-15.286557657707808,-8.470896388904412,-14.459606970830654,-9.175926032447116,-15.109676579737405,-7.909872145734177,-15.56833827758236,-9.536134960855172,-17.41348195176553
566,-8.701918255719939,-14.345053896897541,-9.836902567751132,-16.112785082610888,-9.296450920558813,-14.605984742672607,-10.280419774182626,-16.166358360664024,-8.850656159212564,-13.077383369995943,-7.711258893381826,-13.536394326220817,-9.367146661348242,-16.632799110269,-9.950418284389968,-16.33480631862627,-9.457670223974478,-16.813312004326775,-8.315384120692315,-15.128677113094259,-10.948172177481354,-16.81352716661796,-10.04605594389373,-16.948765710751857,-7.901761401959629,-15.60998480996748,-9.397475343031333,-15.324646156888768,-8.487149235564372,-15.827558074202123,-9.14800348508969,-15.522908126663172,-9.918341509997093,-15.954563605580255,-10.364711438620475,-17.45940138011646
567,-7.341654963548388,-13.93635271363802,-9.141246029184515,-15.53444366059945,-8.797530290564715,-13.743364838305553,-9.645859633109087,-15.211287807102362,-8.156808264447786,-12.275537047339462,-7.860483459624886,-13.411896559801445,-9.29861686523022,-13.105029359626938,-6.534684056119699,-13.387333259534323,-8.50606046488196,-15.057348642122843,-8.361403721019776,-14.369517428146674,-8.904573719553214,-15.032877793531714,-9.955073905961113,-16.392726325848514,-8.106586256300607,-14.347439776466551,-8.693936342842745,-14.66469216833456,-8.2904013794576,-13.612638676351136,-8.430721155585214,-15.649474995354248,-9.779965938894225,-15.777674293415785,-7.1829829734980954,-14.336435430818108
568,-8.479481431041492,-14.684826127832654,-9.356856751012469,-13.618621062568641,-7.78220280804021,-13.992975514825869,-8.25593799832123,-14.813348421907342,-8.279286810495902,-13.203442663457846,-6.811840020940931,-11.206743454244867,-6.057498242974949,-13.710297056038725,-7.401525850911176,-13.142857699798203,-6.96400890157661,-11.961200267006603,-5.770658209400649,-12.086029863990843,-6.785852846018374,-14.502657523451994,-7.150510264217881,-11.256671138081158,-6.713209588117305,-12.661976704321578,-6.966880399078338,-11.899321670577642,-7.1952665996813225,-13.006795698812104,-7.302809112865189,-14.980191181584,-7.805338601143676,-14.080937859668094,-8.500420139656853,-13.91464024730798
569,-7.565157475044137,-13.752601336328441,-9.644714556980592,-14.085244935158014,-8.641333451860618,-15.100399807397602,-9.78652068641779,-15.74814670101034,-7.271106732897704,-12.34308539893356,-6.270994293453393,-13.448455875976602,-7.990008461761288,-13.295682295352623,-7.758366679760062,-12.157334085488555,-7.744338279564143,-14.793634608215116,-7.978390925602189,-15.071620630781926,-9.411125777210433,-15.478868058949221,-9.338811370799498,-15.582897162062983,-7.09046330662111,-14.239617179544606,-10.575613144922073,-15.723128703131719,-8.255451859541656,-15.00355588810345,-8.072371171541725,-16.076045056201252,-7.1709598526660265,-14.272622846402692,-6.997238039148467,-13.798599106516377
570,-5.300439434728751,-12.088802870916439,-5.610908564710479,-12.892230530515633,-4.452617949666985,-12.489310614753757,-4.904625132589704,-11.71055214460125,-3.528514313392621,-10.062222355917175,-3.5027843644760153,-10.510124590733216,-3.1150291992206465,-10.640458213976888,-3.354815490065807,-10.723275397758298,-2.8547553387313167,-10.120983804099042,-2.5746085908177925,-10.62262171989653,-2.7822675807110637,-10.069801552353724,-2.9691109631936574,-10.30400371186139,-1.4022737521075055,-9.015741645159215,-2.586404243600989,-10.577500249431965,-2.1784332927938985,-10.800174425128809,-3.8909177857802435,-11.24111760227998,-3.619842656287393,-10.99318786922284,-3.8131069428317614,-11.669965141862324
571,-5.848150519443016,-14.014398303399766,-8.983893612925385,-15.271256059546044,-7.61677411732285,-15.214358009104181,-8.355533684136077,-14.706396840999453,-6.559789545462477,-13.570469107809984,-6.4912070565072035,-12.551179804231234,-6.6076857951491785,-14.22413502290042,-4.516080815899724,-13.35566999803586,-6.470453402389005,-13.074452487303926,-6.984631875848827,-12.658773223604722,-6.433989068929115,-13.715216918533326,-6.885289284962672,-13.237988830276006,-5.309453442641807,-12.810186076429723,-5.245071137676738,-12.742151781713533,-4.691038273354588,-13.312142170855418,-5.23946282036775,-13.340448444581067,-5.263481967506794,-13.119805291995231,-4.965322734827006,-12.56823874846926
572,-6.98922677657464,-13.563068074072884,-8.969587612348189,-14.217747094690738,-7.421952452197012,-16.637601061204805,-9.149584886886892,-16.34091838481025,-7.785487948369684,-16.236701857635893,-7.853170692095376,-15.261553725837336,-8.774332878373999,-17.594334514577206,-5.326460566188417,-14.692311482089282,-8.0884517458265,-15.695340978644799,-8.466091967429763,-15.81489435808084,-8.087023655571548,-15.281376257791264,-8.38235867874986,-17.016422079253402,-7.064112251534411,-16.95552271968923,-8.061606738347644,-15.661962981566527,-4.352243589629474,-13.659020315295379,-5.644854328410239,-13.901160426996542,-7.910234103847311,-14.754606388982232,-6.809012081900795,-15.171244931702399
573,-6.929326434910081,-13.956621723599412,-8.3099512810128,-13.844323864959836,-8.706715127215773,-15.309395700936498,-8.87531978729181,-16.67598775636035,-8.017227472854952,-18.107384140294414,-8.212905861745217,-17.415451606825037,-12.111180851072481,-18.524994211670318,-5.998180060951533,-14.380317243036625,-10.143061588532197,-18.037075119273627,-10.049615426541326,-17.328215322024437,-9.255857375644512,-16.592887587117737,-8.079291170921627,-17.15733356030466,-6.888996550870709,-15.6108056276954,-7.0695984773671325,-15.110938669588268,-5.717055138873722,-13.232490758112876,-5.842312042208748,-13.723351052645068,-4.189190092880317,-13.273743970785166,-4.654739749565184,-13.19286539720752
574,-4.194526613212338,-13.405434673281075,-6.181401605321404,-12.207298786958404,-6.410077277362072,-11.988133478830697,-6.619335251042491,-13.794192970352213,-6.369851688130835,-12.830158313313564,-6.161437234944821,-12.356710456993197,-6.96134535809097,-13.338783405614759,-4.400970409459152,-13.36118216579004,-4.732584881400549,-12.198891430930933,-5.700531957775297,-11.60174354653302,-6.495826157624165,-12.16870408735046,-5.286405565907662,-11.423452806304322,-3.880554735675148,-11.76440060430275,-7.506456752106391,-12.323218385057553,-4.183740395719812,-13.245524793964648,-4.375460582437475,-11.753427257459135,-5.089083941423462,-12.556495878730944,-2.6884504973498062,-12.657542731346558
575,-6.845409797139834,-14.342006226537872,-9.031984627453307,-15.076767180525293,-7.984965924339774,-13.412780407890821,-8.73196606121246,-14.607804568575137,-8.03767693918277,-13.20397787064682,-7.469076135007785,-13.780652215660158,-8.02543004444458,-13.814778494566426,-6.968663008160481,-12.636447733175537,-8.430713941252598,-12.910166534310783,-7.061748327350306,-13.576463686457078,-7.902403747517649,-15.969709358034121,-7.432608204536533,-14.725663942267158,-6.941007424981176,-14.794135196040934,-7.460506823666364,-14.372826688381677,-6.8082433176136465,-14.604284310684346,-9.036749376864611,-14.143020356012581,-7.060803907237572,-14.972879887479639,-6.797603541036455,-14.318910674522861
576,-7.456602115739552,-14.6018737814859,-9.368709334523652,-14.589239534664129,-9.753516005586052,-15.12443405481029,-9.66937753582579,-13.62933016532004,-8.074662143150977,-14.995906929990529,-6.232685739309597,-12.675105302855133,-8.787386762113957,-14.27444216488647,-7.055703937781787,-13.069087613967936,-7.0899036656816445,-13.086251126327612,-6.582393005316894,-11.841801285970588,-6.604752840092737,-14.669447368081794,-7.181929295073536,-15.348596791983747,-6.880696962550844,-15.011600113732184,-9.757552640904505,-14.260733716468582,-8.436910054998448,-12.036568061854753,-9.033371259214979,-15.023968715042116,-7.28471770597513,-13.590416792919779,-8.590226530538397,-14.141264912250104
577,-6.643159117500651,-11.498361046558843,-8.128801106248458,-12.76365240428548,-7.797740346822493,-15.109178929124663,-8.924004793214301,-15.043760695058342,-8.625813738151017,-10.779705657936745,-7.414787462065479,-14.400689316317202,-7.606688696789853,-14.364789421446876,-7.3839509881604295,-12.294952268217319,-7.081957926896717,-13.113754974291297,-7.745028603699014,-14.309879040383837,-6.705026942564429,-13.47450295753617,-8.20437048085472,-15.102311039095115,-7.977232321381455,-14.087870006310013,-6.511133876660424,-13.159689698625609,-8.653998276579404,-11.770883184246175,-9.756406494340156,-13.600669284788129,-7.271800711137749,-14.117447193677561,-7.57494185886422,-15.684140485858997
578,-4.095394032275791,-10.187321262585154,-5.396964113832045,-10.89386052150263,-3.651891689775713,-11.196092755267959,-7.10097974236416,-13.194531452549988,-4.19396971844988,-8.713852282944575,-3.871948074528137,-12.678220888269284,-6.911320197481263,-14.476263991883407,-5.836563778322396,-12.163376445814212,-7.466741443768473,-13.134487327031398,-8.004541367852966,-14.58942362207025,-9.560300011791181,-16.747342574405813,-11.119191541426991,-17.253274965234066,-10.460173095084517,-16.07868377310521,-8.913154987994382,-16.68593033430917,-6.682728052095436,-12.149333165806457,-8.873444066480655,-15.794015761596265,-9.678907049602275,-15.615157256693093,-7.431610411305506,-15.342699331077824
579,-3.29854748130935,-8.772935169729603,-4.36390957473804,-8.927823248957624,-2.565424151731392,-10.399961071267379,-4.3726207820227,-9.313255162296898,-2.813529171111877,-8.312464347748618,-2.677852564871847,-10.099128254487972,-4.331883302631622,-10.625377187279078,-3.7163012244028337,-10.135248752871442,-5.829270232061421,-12.229672047858518,-6.507132968349976,-12.744544976191413,-8.69136115253621,-15.876118427800384,-10.069856465180463,-16.590756636314353,-10.215427782603147,-15.782803884583243,-10.321404216167625,-17.53343553383656,-5.6121067708630346,-14.317146299839717,-9.330590051669553,-17.75968081816217,-9.795168349618457,-18.355140953840916,-10.411505635432317,-17.21420539572246
580,-4.084087497687735,-9.763839795150435,-5.393225505772201,-10.173343835269094,-4.284933803699202,-11.896656745677983,-4.138234688856769,-10.62683781564829,-3.48946944089422,-9.24358604028656,-3.03166797943,-10.684802972874483,-5.700342953897094,-11.638044907866554,-5.2078447678552875,-11.371846125854715,-2.7779973915233924,-11.961887502384084,-4.8833327496686945,-12.786545045940176,-7.447388388514095,-14.895429717686104,-9.986300706892237,-17.487446989657794,-8.40206182695814,-16.84174540025787,-10.474298667287979,-19.281866385479535,-7.397350525754202,-15.27420874341229,-7.97205224315346,-17.51431232044348,-8.79521977483061,-17.990189140865333,-8.792174156586768,-17.660861066381617
581,-5.142037852444564,-10.715563137797531,-4.362820310902562,-12.330791811506876,-5.927828538039547,-11.223427105321369,-5.021796488145438,-12.51385354070587,-5.959443094085799,-11.263645049836459,-6.5301198103642015,-12.995905128219247,-9.683961635153018,-15.51569788705834,-7.2225450372918605,-14.963827807922241,-5.925986539339805,-12.945208672739309,-6.6647988429309235,-12.71711569724265,-8.820006636421256,-14.564582430740218,-10.442481428726323,-17.488619212703185,-9.85235255346698,-15.844841700651136,-10.148578190927463,-16.35221849444408,-7.558102672187869,-14.041341639059349,-9.005994050456032,-18.055873309971734,-9.866793470419301,-15.628074742727954,-7.160131959460952,-16.889716185938102
582,-6.560422933438259,-16.22401593190466,-11.404364857181282,-18.468953518375006,-8.588078152794608,-16.552982502059777,-8.547114324225118,-18.714931607009422,-5.339350813755914,-17.12867333373737,-5.169876773320099,-14.982142702791794,-5.784673903177775,-15.560924642819678,-7.649080377665577,-14.394169826773908,-7.8939466918220464,-19.610068785434578,-12.236949634460988,-19.27002631835296,-8.702648081440724,-16.9760663101598,-4.880636915050195,-14.891819484360212,-5.7316811067622195,-12.404915582771693,-9.777385110087739,-17.910799498786314,-9.293285971238722,-15.840443990309332,-8.374679221242877,-19.671577458871447,-7.130558422183726,-19.142781975203548,-6.794310919878037,-19.570449490207253
583,-6.1456766465539525,-12.820209029513276,-7.062693611,-12.66072559986995,-7.524897442576926,-12.945794913945146,-7.1221393589986945,-14.556007397396957,-4.33221950832935,-11.969376365168419,-5.107958627948607,-11.92121329442,-6.58026381008373,-12.56420306220309,-5.654197949842842,-12.806883469790392,-6.951986559648198,-13.703510302374376,-7.716511557767719,-14.659963458332584,-9.284692104849594,-15.865192037052022,-8.295976342858404,-14.92833511394139,-7.878505049072193,-14.172356484514989,-10.766587888287557,-18.61463981335682,-8.117638047949145,-14.955190515744214,-10.044824544977457,-19.028506659802687,-5.603579049447209,-18.514320734545983,-5.747690876604253,-16.385403204334736
584,-3.7064114376231876,-10.670782822107386,-3.891116897029654,-10.465730713902703,-3.0440097238563917,-10.5819324593203,-3.6060748672582843,-10.930542443634934,-3.929362535416585,-10.963400157970398,-2.923575096031076,-12.434177449792404,-4.817508664376095,-11.152079999574427,-3.7136003644126543,-10.789024530718772,-4.051608590526606,-11.197962769172015,-5.652071023090198,-11.684329249631764,-7.9419327667482005,-15.493366590242568,-8.703580641662686,-15.583411353921907,-9.009640588405418,-16.630210228685563,-9.545620015345898,-18.19461790145975,-8.282125531782588,-14.165651552917895,-11.254948037876709,-17.990307798368363,-5.1027223034567015,-15.743379625276086,-4.997289308555191,-16.025252430387546
585,-4.167422754493116,-9.78317358633807,-6.198563329334089,-11.951342765728889,-4.839444872623002,-11.607269630314898,-5.08020672973072,-11.912094912590522,-4.202647944471658,-11.56136600010295,-4.110821726007017,-10.780052029841245,-5.574484974032976,-13.56756504708611,-4.770385828060182,-12.957409161444101,-6.374009828433712,-13.539998777441625,-6.808865115429348,-12.525342467907251,-4.99778999957562,-12.241937955220283,-6.89167460175235,-13.66065362224884,-4.919364311829729,-12.161382459509,-6.972109248955114,-13.93806950574348,-7.8867759138668925,-11.347763661399359,-7.9447596299840475,-15.367536277982596,-5.5089515883899995,-16.820966916420232,-8.682539168813157,-16.260095619184586
586,-2.0400866655056844,-12.84087133265935,-2.4490610911871045,-10.90536849533951,-2.724192538315915,-11.437302811084496,-2.595391337724082,-9.594066049710598,-3.147629444849787,-11.739583662183419,-2.8204493147703813,-12.416767236296543,-2.4358914158040292,-11.326420914685487,-1.9269117710174477,-10.540629104030128,-2.915992303955222,-14.812653524389475,-4.948160573820451,-11.450601943499999,-6.028681261019874,-12.87535814264221,-6.857610159871324,-13.724393301150553,-7.0351327236658925,-12.958087848047771,-6.870085066600506,-14.396253378227662,-6.905227090150277,-13.552519461180612,-11.181386237223926,-17.066126394669617,-8.454168715320513,-17.93083225256749,-9.49692480771679,-18.541505455305277
587,-6.890636297332506,-11.340767141758647,-9.130818136238354,-15.337210166249069,-6.409333655113092,-13.304304927708078,-7.3502279214761685,-11.874665028245392,-7.473423745212131,-12.718592668694125,-4.477126712436378,-11.023875727028347,-7.734183990928059,-11.783471746402398,-6.75787687968231,-13.849182123836364,-6.201414052157183,-15.273420256637706,-8.147429440255303,-12.388941034063695,-7.276289906535768,-15.023541358569378,-9.245341337566238,-15.194608925239379,-6.828601983110046,-13.63660156593917,-8.595588547152492,-14.475317654572423,-4.54169492422696,-12.58034549724847,-10.801684738178379,-14.753098342745973,-8.045411746620657,-10.672087499508482,-8.985710702907417,-16.93718326393196
588,-8.069610654351868,-13.489050619548378,-8.724242829659461,-16.221005679392334,-7.382111908996617,-11.24844612484939,-7.684880250962989,-10.95528193656625,-6.056722417097003,-12.424491576979179,-5.726501620114575,-11.66927933317401,-7.637581346942568,-13.283044362830896,-8.242625132082509,-12.62513939827394,-6.318968984575774,-12.74193945510781,-6.804138923915184,-12.28486751878036,-8.346476139855286,-12.514401813249705,-7.671613057289149,-13.100379751464997,-4.910192694907223,-14.458671482329894,-6.849177142929708,-12.059686363484762,-5.851283071712875,-13.520864347683917,-6.9930314859063225,-13.472340696649761,-6.223408967847219,-12.05417459809778,-8.869857433674058,-13.439409307341903
589,-5.656275694098608,-11.462446465871729,-7.7089713452326345,-15.376684919528447,-8.41962166282983,-12.160964267091376,-7.548084723438593,-12.26803064622628,-9.605036420337946,-13.383268980162233,-4.990566253695996,-15.084679350766379,-3.980068578583844,-15.638755612624507,-8.263163516471007,-14.457779093961374,-5.345849316448752,-14.82807716580261,-4.612803151011436,-10.298768010398318,-6.701970294463084,-11.063801133436591,-6.370057887457063,-11.810926145685439,-8.672164980716863,-11.430421540092953,-8.876060235836169,-11.062081896205711,-3.2994504744821604,-13.929969367236408,-8.171858933384925,-15.931433316284894,-4.2530774549683406,-10.848003126752827,-5.772484375542664,-15.983618504141388
590,-9.880811261968017,-11.76508216766636,-9.297220947165076,-14.524185930961115,-6.684097649225185,-14.110002104557534,-8.233064299153344,-14.504311772547247,-8.112885220033174,-15.101476162840337,-6.9124516674045235,-11.425015871539532,-6.4139348876197,-14.50739195148379,-7.062134904742559,-12.309004924829768,-5.5096964567468385,-15.061037838863221,-7.004396011378749,-13.59738991302422,-7.434369680971255,-13.298004848939645,-7.438434015827347,-13.342716297834817,-8.132549559959806,-14.393126868644044,-10.05366428429202,-12.858157364198622,-7.268816701072433,-12.555218261725823,-7.622060766607905,-14.931738874934378,-7.777356947225434,-14.917599621397367,-8.019833464501634,-18.222183741865834
591,-7.2525087426207495,-15.692537021084549,-8.63552035179477,-14.825811977924605,-10.142487609938655,-15.10314280142116,-9.476852555730224,-13.906896485575373,-8.839493525267475,-11.638521946911084,-6.336918853289082,-12.821489744129861,-9.039632214410624,-14.258990442083693,-5.395334240889592,-13.568853538420626,-7.721310450988801,-15.389951992487989,-8.950672611387361,-11.686386631221817,-8.840572758872394,-14.248043947555608,-7.234759437130121,-13.905933785441192,-9.058977439719708,-12.175283672119011,-8.347094648015435,-15.671621801673597,-7.524959115872665,-11.874614830584992,-9.022927066345348,-13.958545192819194,-9.069994862138774,-13.891641708294335,-8.08499034885439,-15.42419097383145
592,-9.529772071672756,-13.990987464928438,-11.511146005600715,-15.991636408595781,-10.813698575918366,-16.13195248090719,-10.276170040357348,-16.460637485264918,-9.222229181642671,-16.50786500258417,-8.775141358922422,-13.37051810164252,-8.75655706083985,-13.412126910908075,-6.840634935739801,-14.566371559625528,-7.354568793657702,-13.152549169571113,-7.222517213574994,-12.726072657914276,-9.199515871786433,-14.665546156937939,-10.10997922461261,-16.397396765400792,-8.461872301532567,-15.389573945238372,-10.121448798662021,-17.118946786236783,-8.15382328968332,-14.97298030385529,-8.240442362939008,-15.824844083187005,-9.260433966701793,-16.811990776511053,-11.058678803525382,-17.362051591564313
593,-12.65396810651703,-19.381439358574305,-12.402928982000516,-17.684573712358606,-11.745400752352174,-19.42784805125938,-9.76699491551583,-17.070627638563373,-10.955243029544297,-19.082242434748885,-10.612960773109277,-17.436434097905476,-10.759167963328009,-16.60150027617967,-4.774744181680318,-13.262457605727988,-11.897335344853525,-18.73801625789922,-5.020603113041785,-12.545496911991705,-8.521999930812356,-14.90018203592709,-7.733115992997908,-17.77816893585149,-6.814553878324632,-16.538879239126683,-5.528262506124545,-14.333162110979654,-4.377409545729526,-12.184599785348029,-3.0545622156887964,-12.006924699705475,-4.814509021248789,-11.63801282403499,-4.696211776025047,-11.572230950500654
594,-4.596711184234222,-11.433021245267804,-4.867400328620947,-11.397875263819826,-4.74611517731736,-11.427453893868,-3.8916514988208144,-11.46282155719568,-3.8164734410676555,-10.200946783195647,-3.2772805361809376,-10.040356708334329,-3.192270484098577,-10.315334811355786,-2.806423429312555,-10.34732179605567,-1.963312438982591,-9.705632257218227,-2.8992715841195844,-10.345298919403662,-2.7132085697686037,-10.524754858794738,-2.9730574631042606,-10.479166521435682,-1.739673401548232,-10.118666727346497,-3.3736911871697925,-11.619188221714186,-2.8627237571697233,-10.66157474599187,-3.3222507768238603,-11.432913230684676,-5.810776518054385,-12.29281316183722,-5.58099718445991,-13.656415022228867
595,-3.0891202620546236,-10.99954504559025,-4.234596022444949,-11.9480833495941,-3.529705057352648,-11.264621023212984,-4.069469144983669,-11.474814351473949,-2.8175105586737286,-9.168682512183397,-2.441881889564836,-9.748404141116149,-3.4895841974772694,-9.36170714950756,-3.154915831302681,-9.571844515290795,-2.370954986579214,-10.201788518139898,-2.347741711619075,-9.784661979853114,-3.4367139102676205,-10.49101334048273,-3.446899975617004,-11.201825124838098,-4.296195981854966,-11.82128240482821,-6.182000409183715,-13.336055797010253,-5.863180557824964,-13.39880439462507,-7.655199805451515,-15.427869680184061,-8.122958072515843,-18.91602119972437,-7.8513210928848585,-17.17332078625298
596,-6.221253051217632,-12.676696601567334,-7.687068325081836,-14.300041962619927,-6.38503207612391,-11.989582862822893,-5.853296145463188,-13.094104711946297,-6.265378685336356,-12.222504876787298,-4.7622556670272695,-11.478099902611213,-7.61988480405517,-13.016138998051346,-5.1436667477280364,-11.00456176900201,-5.242234914119205,-12.7838593885464,-6.138149257641178,-12.443867080298725,-6.555151131503924,-13.222713399737467,-8.090003490344387,-13.31173566581396,-6.373105869632408,-13.417220116356493,-8.082589049603449,-14.789736047898632,-5.39515716636452,-14.034323142868619,-6.83499342614404,-15.662379802278004,-10.95542789140259,-16.462035648573252,-8.104871082323434,-16.57537483234988
597,-5.940724881656076,-12.149444098504986,-8.064403198827847,-16.151907491613414,-6.444295277261622,-14.017157138840687,-7.819315268515589,-15.803909710520852,-6.2386865239412295,-13.606046511330593,-5.6783755637945665,-15.26199184418256,-4.663454159389932,-12.443487235714155,-5.811702542911547,-14.040423533171168,-5.422471456778647,-11.825376610132372,-6.008851164384729,-12.541384408285005,-7.7912674474100685,-14.219308252730489,-7.857013895993749,-13.967102765595087,-7.8224624152959485,-13.290347667754048,-8.109800657995835,-16.184411369537695,-4.518159135239633,-12.815917850288987,-5.97260839914913,-13.620615161994547,-7.325458859418465,-13.697046050734587,-8.386837852859262,-15.54445450429317
598,-8.395263087486668,-12.585952418693804,-9.175948247442879,-14.663603020011832,-8.430747983989779,-14.460462683356859,-7.5256798616199685,-15.39086100760748,-8.622585332348333,-12.04379230333001,-7.812532682031076,-15.006487127906725,-6.824860067934615,-14.524279929604715,-5.519924211025887,-11.772699706168801,-4.410824213988521,-13.939756316007292,-6.8388558138683475,-14.218527817243583,-8.380662795294814,-15.992775523330229,-11.11594224999661,-14.432104518279269,-9.992337010975067,-11.543524140475805,-8.17522129720043,-15.144364481197574,-6.277874510719821,-14.484756014022322,-8.29587471332444,-17.27765309494359,-8.031119798260143,-15.433693494257648,-7.798276471575796,-17.083586548279
599,-6.291760999757496,-11.907038632195041,-6.886645920604161,-14.790660569599916,-7.4520566046713075,-15.018306280118557,-8.031587014678525,-13.693849721386929,-6.339882224773409,-13.820192714433539,-6.131457894614628,-13.43464662223898,-5.426119077271082,-12.699788824807206,-5.278229199630538,-11.93440603000608,-4.795726043166776,-11.487944376188215,-6.94495537167803,-13.265312649902974,-6.860194799669919,-13.061463588691304,-6.863857121839969,-12.623802355035995,-5.674880173037385,-13.265799082966307,-6.616154216694392,-14.91356641246222,-3.643825333189193,-13.192906399609637,-7.0731556355929435,-14.23240722659662,-6.83204818122767,-14.672317459326127,-8.288379483093756,-15.796651852647006
600,-7.946966498688721,-13.0300166220381,-9.04491628894483,-14.343858149385149,-7.54974274658921,-16.060931147245373,-10.487717423909974,-17.397022842676954,-9.250527897103943,-14.431042762220196,-7.916256632113658,-13.39268030632425,-7.957482712788605,-15.639964699170715,-5.510500376779258,-14.674915290097829,-7.0011010353142815,-15.843660268577661,-8.206661943153152,-15.167441685675966,-10.639464415406971,-17.54529162248088,-10.257501024334255,-15.182289188992677,-7.555104645823668,-13.74621027470641,-9.648876296148583,-13.833361183420834,-7.246188847375519,-13.831850261157685,-8.878367813031339,-15.843855209914999,-9.879259186083821,-16.28157280674068,-8.747274400807479,-13.971586620734564
601,-6.858381120766012,-12.532636216361706,-9.078896286208687,-15.526777144249861,-6.509225442935129,-15.16901481861712,-9.388011534579908,-13.656755407502448,-5.115609124249221,-11.62384316809689,-6.70437756568762,-13.506677290798361,0.8680421554190942,-11.041750009185352,-5.478813475723108,-11.264530104918665,-3.769987754078053,-12.418865363233122,-5.66456395317101,-10.559503270181207,-9.293289408505261,-14.350488620268738,-7.905539789604071,-11.574293896997514,-8.449854182984518,-13.811769292805359,-6.926983541203575,-12.450334077319194,-6.924338139727961,-11.792525186790112,-7.9175509225978296,-14.60522927627344,-7.151271209454353,-13.471095450830934,-8.424776552836077,-13.122442538461659
602,-5.254130097748223,-14.04705400712656,-7.3177603530349975,-13.802795342652395,-6.30249886709411,-12.999143629341372,-11.331068328816507,-17.500419839950016,-4.12165999881613,-13.284731421842821,-5.215351588038581,-10.637516472669821,-8.466682056835293,-14.262859555255986,-8.213315851875295,-14.107817078303306,-4.4745320837251334,-11.640028667985888,-4.661401880214959,-11.625043729902366,-8.492978168595236,-16.88408793102373,-10.563018979331604,-13.485656773595833,-6.516424880836734,-13.640684493719817,-8.533822311880625,-12.283155246278616,-5.729647110656915,-12.183241514349001,-9.055472134640796,-14.95314920620348,-7.601618340407992,-14.36250553926473,-7.845582346731849,-13.824560530697456
603,-4.480492516211649,-13.314122866396097,-6.1776894673937495,-12.068624405305721,-8.341739303237421,-12.642036934789939,-6.105923895943109,-13.285589245680452,-3.9890993155298498,-11.232470913258458,-4.721508758895362,-13.835362674230199,5.254596374254637,-10.572826666684147,-6.49938988413461,-12.131463072033988,-3.424470427902795,-12.794588135351745,-4.961783525859807,-9.628659264521518,-6.520719723424354,-14.125852923521636,-6.3888681986860565,-11.65286606020397,-7.372818616456093,-13.950388127663778,-4.870056178375628,-13.116423198002487,-3.7403124407516444,-12.759735121888411,-7.441600110834069,-13.309262770775694,-7.172823352273008,-11.84441667140093,-7.411738909960887,-12.379384796966386
604,-6.620214827584338,-14.000616737119593,-9.095961084585099,-12.559529392922231,-7.290231484659686,-13.478423979260443,-8.108485473545896,-15.680045751777229,-4.986387830878815,-11.681491321900763,-5.331879795502922,-14.066479797480103,-2.594838126636558,-13.250560604056126,-6.42988605316865,-13.467958460347742,-4.637071808183012,-13.566461744496848,-5.177739769499047,-9.9952207804121,-7.320247083418555,-14.234921391232085,-7.505416707263811,-12.309619217325185,-7.391498779848557,-13.215343916268687,-7.093029803013392,-13.487526265930963,-5.625859135138525,-12.714058382231563,-7.977474619598861,-14.295416571603738,-8.098137644130437,-13.810545381758967,-8.238843268481018,-14.176792479092404
605,-7.155254074543857,-12.834118690698794,-8.240809426548868,-13.317265764932532,-7.77857343499472,-13.720672595766874,-7.109914345081952,-13.7664855108813,-6.741595415796205,-13.111834417299919,-7.206007742663145,-11.724890090633671,-6.753911270752137,-10.65849873793205,-7.737208529494907,-12.401443881419564,-6.579443660705988,-11.566189294260418,-7.685076773620968,-12.312813093416501,-7.361916173879186,-14.464840342291726,-6.723996349215499,-12.914903887463769,-7.865693007781122,-12.06087651136675,-9.168283862365463,-14.273849563767849,-5.924831477075334,-11.676934401226385,-8.243899946685199,-13.79866273497062,-9.503701794113123,-14.216289865044459,-9.38122342697978,-14.519428131435761
606,-8.41105302958821,-14.72505880887998,-9.844373276712572,-13.131283760738855,-8.896178010574049,-12.917036021661016,-10.03375698616684,-13.522877589407262,-7.6069238604130245,-14.868922339284534,-7.28213510817573,-13.98352245778784,-7.8775780155019355,-13.261448858339671,-7.103780835390649,-12.728455792920258,-8.340980881577023,-13.710807269795936,-8.713641010134443,-14.806652532820529,-9.38685266038214,-15.725290241184975,-9.192360277617427,-13.82105937454044,-8.72221085370975,-14.45086253167458,-9.293363379140406,-15.273177799850261,-8.241037751017128,-14.485282446159166,-12.20270268347245,-17.65201181413681,-11.75043246554125,-18.02888034569185,-10.736243630651801,-18.10077092481143
607,-6.446996447443945,-13.653506970623223,-7.456248495382431,-14.889575678086304,-8.443796291201211,-14.718743800759604,-6.591987765802551,-13.518458273125756,-6.977379571464697,-14.549916707988928,-5.67939235235726,-12.804008861694879,-10.020970389905502,-12.512886619550976,-5.307245410333551,-13.203285699900997,-6.912020339185813,-13.800695262163078,-6.502687960525383,-10.973159142215387,-5.133730310535311,-14.531713062681643,-8.255084638886505,-15.032071877488606,-8.96621030732054,-14.812654259412732,-8.744978584948289,-12.006257006640295,-8.199867711725798,-14.628669196550492,-10.00438431844594,-15.827823948711778,-10.580446170229454,-14.42842774380078,-10.600244061953303,-16.25397546961253
608,-9.35376501770447,-11.1352533013973,-8.368345180628497,-14.797552053203052,-6.230895257055165,-12.734598368730037,-6.955979179720563,-13.61235246640961,-7.132660975340275,-11.903858808817741,-6.4796555761098045,-13.2618205109464,-6.240508405330961,-12.294574936344649,-5.214757337835373,-13.808162944964087,-5.500139077558984,-12.30511495507148,-7.150337340711448,-12.56345476188547,-6.414804158540356,-12.071414208678526,-9.862006570885974,-14.026321096033602,-7.261331704291546,-14.50471071200168,-9.828522956228518,-14.620099707532212,-6.932857837895645,-13.616934834605578,-9.060375063677498,-15.418646496132773,-10.915534110209382,-15.58319425952087,-9.218384378163996,-14.82049791185693
609,-7.751057527269342,-13.46117036824705,-8.469837076464971,-15.85524922555589,-9.005434543619437,-14.411539546891603,-12.382764130787914,-18.251387260244304,-6.795621789568225,-13.460055183136369,-7.640593645139489,-14.53714988026544,-8.051330828726194,-14.759984893958329,-6.6050833316938675,-15.607884305617096,-8.937864471658626,-13.710171602820829,-7.32032826474604,-14.358055012363478,-10.112891061514357,-15.851736143597277,-10.062800760183855,-14.347543233839293,-9.62395464231618,-13.821270362748976,-12.303022665389001,-15.373094733833545,-8.42724929056191,-10.680370167283842,-10.389865930102806,-17.31818837830803,-9.65681393426495,-17.443083273014604,-10.566508043984914,-17.011464011883525
610,-7.432636869847982,-12.38502716750778,-9.380350549804014,-15.504944504990503,-8.200313246073348,-11.774826657914492,-9.591340335210013,-17.081822084527815,-7.73045117603,-12.326170874911384,-9.160863155488082,-10.693509459662545,-12.50150379793407,-13.339278312788764,-6.872058582322477,-14.935822778877705,-6.708806345510704,-14.476048587929284,-7.244601559572617,-14.225157861188922,-8.416919085170381,-14.83833654426374,-9.541361958380833,-15.955990304092731,-9.614230822751537,-13.490064863948472,-7.509382165744601,-12.50040769591205,-8.59616160162294,-15.204836122592582,-9.39377368272517,-17.59577218472586,-10.606240117582546,-16.810048592806236,-12.34469863007732,-15.522900624643084
611,-6.807319863098399,-10.763761156001186,-6.410265574280177,-13.766279285484618,-5.154207567794086,-12.923908462048333,-7.928531442186502,-15.090488206943842,-6.969318350013943,-11.826305051862988,-3.84441749513226,-14.079801479234899,-6.535261627091722,-10.698739309755418,-3.168063232829498,-11.649815601744159,-4.486010240862707,-10.37618708028323,-4.127150809113348,-11.727113907804757,-7.319234975689586,-13.870691467511573,-9.269355239090707,-9.684470275959043,-5.834015594967048,-11.672532063493776,-7.684560327300916,-12.874610248419376,-5.579879096081227,-9.616979982137018,-8.68931674305571,-12.248063562866449,-8.161334603036549,-12.700430830478904,-9.693043535652363,-13.887142384547941
612,-6.370393438173069,-10.56985731485955,-7.8806657854112565,-13.223848290245726,-10.662151504585955,-14.976925580962124,-8.099368022628914,-14.328368081730464,-6.810174176741667,-11.062259688275788,-5.6353539269767685,-11.580958449521226,-10.665780000223817,-10.677148460566798,-4.863559606452403,-12.989112866900461,-5.208407691815204,-13.650927669624188,-7.662868556021502,-12.491872520482232,-4.941604349676131,-14.19028608439758,-6.540765224753548,-13.685603897266574,-9.306171300984522,-13.399413421129802,-9.097136074001726,-12.870272838084645,-7.399292075348355,-10.104893921183669,-8.476463161449978,-17.124420699242226,-6.990124043860691,-15.021053032264557,-9.214338019654999,-14.348733170799523
613,-4.45244944781826,-11.848854186054734,-8.614848441292523,-13.37779845040965,-9.066950332336525,-14.153772144307757,-8.335405227562855,-15.231858549532628,-6.646962783935038,-12.291556089905423,-6.023642580154677,-11.250149170655067,-5.6099273467607365,-12.008860048660882,-4.938944754977231,-12.181090951588871,-7.400904382812391,-11.46915825563223,-7.347294780666846,-14.444187441001027,-8.750721615211004,-14.70937783157137,-9.52183538772832,-13.542595492109399,-8.190066410698915,-11.754224860616596,-8.351361591258113,-12.852718771975251,-7.544576622906466,-11.79241567282849,-9.987082974513505,-17.75820186109934,-9.49003839688679,-14.928739237059636,-10.205739581740827,-15.377477871073317
614,-6.215676172783066,-12.921000063649114,-8.823980522310277,-14.712794710513034,-7.438089585141059,-14.801525820939363,-8.548865360750211,-14.868548561957608,-8.727039858392251,-10.651888327536804,-7.660649020574709,-11.38619562529178,-6.492928218046741,-12.841781671247897,-7.045950170847889,-11.628355990656514,-6.552096614930692,-12.992890279862124,-7.046301578971313,-11.798986507024132,-9.198502799718046,-13.853707890544243,-8.130898798090358,-14.20527287939633,-6.585264019861359,-12.899764656630337,-8.042252879463712,-13.000435283355527,-8.430931278280223,-13.663133973604856,-9.657712789474918,-15.670181040837113,-8.82017185472369,-15.324167907284696,-8.217547100192085,-16.106209482655355
615,-5.448944566234935,-11.71728103805953,-5.0276430660402225,-11.441231009461053,-4.488505137990867,-10.95259071514953,-4.860014150907206,-12.17996268308346,-4.37909418723185,-10.051134001625911,-4.120708544935534,-11.011759619978449,-5.517259832144921,-10.751773389644239,-4.207312315410288,-11.188945575523487,-3.878251466678096,-9.297041500601292,-2.9639558268591317,-10.871167578600122,-4.929903301652692,-11.920383169975912,-4.514496834071399,-11.624499967160222,-2.935044892458512,-9.478785515769093,-3.650247013667886,-14.010979518835985,-5.125553431924052,-11.214996155985986,-4.727603338477061,-11.229550417048655,-5.892735734462365,-12.397925633826418,-7.669186424625662,-15.436253142554543
616,-6.086203906743127,-12.51666173259041,-8.903854916331404,-15.288470326495931,-8.950645166334427,-16.50519937567646,-9.9728066156378,-16.68961697491938,-7.1630741863192995,-14.188085975183407,-7.011605151070598,-14.598254547733458,-7.909504219233861,-13.28360049780253,-5.91872571931667,-13.582858226058983,-7.832710350277241,-16.46140813846239,-9.015771568362176,-16.628256274703645,-8.437547223504447,-15.466245226241988,-7.98847574167003,-15.917346723367473,-7.098363257763242,-15.77002988614657,-9.096305716952411,-15.929954609638193,-6.564652381185482,-14.347786698572321,-7.85153930184265,-15.908867041319322,-7.998088311359933,-15.284158583529582,-6.668573435492017,-14.13180957105464
617,-7.83935140592107,-13.659330658348685,-9.268566212609835,-14.619248515230145,-8.123442836423989,-15.270567479484939,-9.449474418661413,-14.69061813014655,-7.547733509884184,-13.087099771989406,-7.658161890184704,-13.62963652804548,-8.831947131911203,-15.092639672660725,-9.300786920677265,-14.714526195685272,-9.038031611749469,-14.128687685817756,-7.3128007453756,-12.846623520550573,-9.68954203865994,-14.91572053703968,-10.725386091613075,-14.201223780138406,-8.969732330658903,-14.100301544556471,-10.172151227217672,-15.80728325512224,-9.022092046618692,-13.568943511616842,-10.805585031356141,-15.581454677864246,-10.490890158122724,-16.272240130037154,-9.997137243774045,-16.963662239756808
618,-7.072862736310097,-12.790098570255866,-9.325620366452455,-13.888698614513322,-8.780138339870389,-13.345101719893533,-10.195104214761098,-14.088249056380242,-8.335343693431016,-11.172934691715453,-7.341566014063668,-12.719849056933077,-9.403357102375828,-13.147680108385039,-6.391660710010597,-13.462073996634317,-7.5159083707676455,-12.716246840481771,-8.549943664852625,-13.684186397110773,-9.805981312465615,-15.34011689267157,-9.532512431139335,-14.640343755136069,-7.977823975275871,-14.814750806882149,-9.412154078725644,-15.755374260966374,-7.944051129265217,-13.996948458347614,-9.768538976082827,-15.394757402344894,-9.387532239091977,-16.58395908942034,-10.88566857914756,-17.636239702859374
619,-8.317398863650938,-11.631722604219764,-8.700830824537338,-14.435056176658144,-6.162320118835382,-13.164566550815216,-6.917215654639632,-13.105862994264928,-8.398501567532547,-12.494382494453307,-6.949714930713472,-12.721326504293044,-7.307157302700885,-12.701746319661268,-6.80837955618724,-12.631298781532292,-7.400286738043751,-13.156316904702017,-8.395676123846197,-13.777031068429169,-6.7857665546797294,-14.998886587736013,-7.95502862430178,-14.625799634088963,-9.097138702381807,-13.799194301774278,-9.068003534737436,-14.269855836179524,-8.106505911040493,-14.697728111577726,-7.223400660931328,-13.451619638709541,-9.041345242939133,-14.614486136092278,-9.801039936662775,-14.299014397739677
620,-6.120620028811795,-12.584820421639302,-8.226766399784466,-14.617764249390168,-7.4058495960443995,-12.288166127410857,-8.924193211546834,-14.806315880748729,-8.979356961285994,-13.929929578288045,-6.729081416861947,-11.983471467738088,-7.860291687747457,-12.741653226070346,-4.074346440906963,-12.682793660190544,-6.232273280034095,-13.641313250724496,-7.31674795238988,-14.830120658467825,-7.359624276354707,-14.858850540335846,-9.475321890027342,-16.06923815454555,-6.766507575185015,-13.341031184474915,-8.962798293550517,-17.36890687005895,-7.08892413648189,-13.650229653686424,-9.245334266554528,-15.556679914102325,-7.076296308529892,-16.343105828865095,-7.998192797442027,-16.494375286113186
621,-6.44445053048082,-13.375628005175795,-8.074242397728389,-14.46014323979288,-8.652023804255242,-12.671065936751821,-5.464255048935813,-11.808111144132052,-7.368512963099995,-10.638285312790806,-7.283724057568755,-10.694257334624421,-7.279637582680298,-13.010932526341847,-6.068734790310053,-12.114711034867724,-5.503004818822288,-11.410359548080656,-8.195795030244424,-12.61560302515135,-8.36264952437862,-13.42417328931232,-7.277632436071336,-15.325095235727348,-7.674576132784577,-15.56417776574597,-9.432878883908566,-16.27619564637803,-5.898271211484619,-13.3449164856771,-8.954828471881678,-16.67025136763357,-6.755777186995317,-14.293334306052966,-7.750827729956145,-15.265048082816687
622,-6.2792614792026855,-12.264985217849294,-7.258714604245005,-12.55415396502678,-6.358127629946746,-12.61515542009114,-9.841259101378052,-15.634410926058775,-6.160026170079692,-13.435055519458386,-7.122754883728685,-12.441886147745599,-7.664141258811172,-12.597954519657604,-7.426417706970948,-12.11732011938052,-6.092956798409076,-11.402573447687148,-6.048377222656059,-12.128811142006446,-7.677316049256181,-15.774360350109935,-8.483912693771668,-18.222186159248736,-8.547629370672352,-15.752336752169363,-8.287965617794638,-17.53923238014372,-6.812784008617432,-14.098264179772954,-9.823991803404121,-17.102996197759953,-6.372464269926442,-14.03096252140751,-9.868034415283935,-17.98348999838907
623,-9.774355447150898,-14.223591176456729,-7.787531147670885,-16.280716775120585,-7.26362950943415,-13.650522682975751,-6.222423683794586,-13.522526601886092,-8.515155327049937,-13.924120905669287,-6.986343542371113,-12.77090056684986,-8.169947303790481,-12.385381898057194,-7.9850464937593895,-12.781632457562711,-8.705346933755457,-14.07023662825424,-5.707059319533215,-13.98913936652499,-8.232340556866971,-13.597665507265965,-10.919910551419461,-14.652851222060546,-8.34548255393148,-15.124106723713663,-9.539216743272766,-16.092001785150092,-8.421768377660477,-13.5500269075011,-8.959485846941789,-14.266478463693362,-8.29716110341169,-15.422626697464146,-10.523847965563851,-15.156008138200187
624,-6.247814903043438,-12.778178330285572,-9.645164947388869,-16.53047523689308,-8.638177914984954,-16.999244341534826,-9.619435927831383,-16.21199773441264,-6.94867067195256,-13.88439603607652,-5.4526435708680046,-12.238120300258505,-6.746455612241505,-12.89171176993134,-6.172357598814201,-12.35352114165413,-7.108402518674046,-14.372738125310393,-8.468021193447715,-14.211205141061317,-8.776972893340107,-13.856800171720945,-9.225441291328004,-16.398419595819234,-8.92063914017894,-17.039918752675465,-10.124455911615616,-17.911089774782866,-7.514381693802882,-15.093010637159118,-8.552472265009149,-15.854979330808927,-9.206260368544594,-16.63662529338123,-7.881708311564195,-16.44252680970336
625,-3.120231391756084,-9.943870361043674,-7.040186155059112,-11.851295167356074,-4.203416332278077,-11.498834866113475,-4.802689131415735,-12.25978321342394,-4.770744165857931,-9.567761327617358,-2.317405100684766,-10.89608403010474,-2.273024042347095,-9.950716122885613,-3.188435841251053,-9.448295324645935,-2.279522318610244,-8.583529803229066,-3.63822578869897,-9.227560318864516,-5.073439311355309,-10.228071482743125,-4.681811916212725,-10.026994059558028,-4.004307276914098,-10.489618323391932,-6.030103205620986,-10.019180046038336,-4.618383338617127,-10.784206191353999,-4.4027756865136265,-12.987625482153211,-5.600200183085551,-9.735393856161421,-5.255663106988494,-12.815656714974397
626,-8.538769085698553,-11.201649314112503,-8.79156852289335,-16.345420778481646,-7.264256801980565,-13.471203390387476,-8.54954651010862,-16.50268542958948,-6.568642487515452,-12.766812914211625,-7.033520697469279,-13.87345067276005,-5.694643038924695,-12.217379761147129,-4.952991424032872,-10.742555904908302,-5.375030343616995,-13.405540638755438,-5.9358572280079125,-11.669486537687417,-7.933941744223313,-14.182240706346072,-6.460095603145425,-15.442081278253216,-6.702414571412315,-15.694526091182485,-8.23125775346449,-14.510419010266325,-8.332579086054974,-14.804195768193942,-6.804214884482357,-14.162496394910026,-7.937160214472962,-15.755725558610006,-6.984872018019766,-14.778458505622758
627,-8.766960519443382,-16.96984494939672,-10.20421482050498,-17.481486885875352,-7.602904519224625,-15.230331005360666,-10.824906993434304,-16.269761150666834,-8.713272871367675,-15.394063947104048,-8.117274745809503,-15.200983800179305,-8.921610117478467,-14.542272920381372,-6.662621068814088,-13.643147661032103,-7.738684294389834,-13.24010280885503,-6.445099000985529,-14.651005344339067,-9.336180099161282,-15.406435301044032,-9.330048414331932,-14.63239073574818,-8.654501707742941,-14.944670374153642,-10.684421877522915,-16.321216831480456,-7.6627536985846545,-15.054437798729056,-7.720126357558793,-14.90159174078229,-8.284317368510866,-17.30731282493686,-9.335409798307161,-16.368048422356313
628,-9.56718226133624,-12.52143446672358,-9.316289292441814,-18.123559887292828,-8.662404985237778,-14.298492218002236,-11.129396133571003,-16.708341587505995,-6.788178418045376,-13.857145227120402,-7.634260339995562,-13.53419884778306,-8.864524761321945,-13.031992869497257,-8.736859151817386,-12.70656072094968,-8.315624303640586,-13.30861548068966,-7.210428896998778,-13.177409788824718,-8.436109324103903,-13.681715901504187,-10.928891879195648,-16.168785526648513,-10.490405614360036,-15.83870424288298,-11.522140156266826,-18.06100485449973,-9.666088465971336,-14.616830136628971,-10.56743808672925,-17.054996506399064,-10.578668876844961,-16.52926276551914,-9.545846026322844,-17.02645393938465
629,-6.41672357615448,-12.07388303462224,-8.700198934240404,-13.226551199896086,-8.195452466681433,-17.11325816334251,-10.719744640292006,-18.404861118546563,-7.626533799666875,-13.11583253054337,-8.103586871216175,-14.06450587418906,-6.656713711198591,-12.99851093491711,-5.478714993437871,-11.800246032679468,-5.640329136065436,-15.26100481574151,-7.5924303808694305,-12.611399276436144,-8.351119423790076,-16.39209059771739,-8.456988707644811,-15.642127193685258,-9.120166701296743,-16.51339779721941,-9.145124368382326,-17.115774463052112,-6.2805205455281605,-13.342075179207836,-9.116789632168663,-18.007013787263674,-8.0628139669531,-15.608869388349827,-6.65367110078071,-13.978231225609479
630,-9.654981515746258,-17.437637695839612,-11.31783977165691,-17.12832839293394,-7.969772174862079,-15.741902726749753,-9.041997502501594,-16.470463881951517,-8.85971870461466,-14.519417825931464,-8.180827977490912,-14.085462939714365,-8.725819918099292,-13.158046996539177,-4.5402816116784726,-12.72151799477291,-6.2485080498652525,-13.67817967789035,-8.620672192086106,-12.26283834310598,-8.799228460752715,-14.245884490522467,-8.13269269483175,-13.948613045378522,-8.943015817974642,-14.787880286290493,-10.025893697731984,-15.44280340542558,-6.651346241098492,-14.463579055303873,-9.761213554114784,-17.056407130690864,-10.257367123759005,-16.66623232712101,-10.252936314048792,-15.320434409613252
631,-8.679999616430539,-15.53381822410265,-10.692667590072993,-16.857765533893197,-8.445202808047625,-14.84791767616372,-10.981517340520666,-16.91685118994438,-7.341857431298514,-13.020894178160642,-6.579829498803189,-13.085176314401853,-8.220092081902798,-14.793389214402131,-7.650300258352956,-13.046852678206175,-7.806172825550596,-13.872002093384967,-7.466032940030632,-14.167242028775322,-8.988619193371669,-16.000007114991647,-8.249754559617703,-14.963011775383166,-8.804791358980282,-14.689470781182996,-8.57604138117201,-14.92188983044802,-8.076357945476696,-13.82164927026423,-9.28962201764556,-15.549558589777234,-9.040135831229314,-16.101609512358287,-10.612016088400916,-16.186579359906695
632,-6.378922347252534,-14.024247435235909,-9.223150395628267,-16.0734259559333,-7.60436646385135,-14.88872460719098,-9.248625162628844,-14.603753996203316,-5.29987629621581,-11.48988945797125,-7.218732289526609,-14.348699482623275,-7.559535959534848,-15.69164466642869,-4.978671833470798,-12.421609391721253,-6.656807066398636,-12.996004299294988,-8.709087908442752,-13.97129331264044,-8.309349439953989,-14.966293451795487,-9.65862738467403,-14.763841321488727,-4.3079796856721595,-13.063683334980636,-6.669559978058473,-16.03144893090245,-8.291723486250076,-14.174252930615252,-7.557190491242231,-16.853366596866046,-9.180188574156523,-16.4650365577696,-4.70145143857999,-16.72757677760134
633,-7.4489803493540165,-13.514104132477183,-8.169758564863034,-15.02742615115636,-6.538644086238115,-15.384360893825251,-8.706030736403973,-16.306581133866377,-10.701480953634292,-15.74833679392329,-8.169195793650648,-14.964379103499827,-7.878632705382879,-15.072961976406932,-5.130204527634628,-14.138025891449072,-9.283769817957818,-18.30670285003444,-10.369396982239834,-16.075968367573687,-9.495269805470231,-17.43086185862323,-8.584340433007027,-16.201885699791163,-10.153803268930083,-16.615347447959564,-9.60246000950843,-15.817172156399984,-8.620223299844804,-15.84460880649053,-10.314708559390688,-18.257725025942634,-8.218385815335907,-15.406484740434404,-9.87123429274419,-16.650398615314835
634,-6.470458857500583,-11.37085618530685,-7.049187675814449,-13.743522283935421,-5.717297495985644,-13.042488361437146,-7.363779518172072,-13.952584786952297,-6.237897243011513,-13.913208738260455,-5.507024083917208,-13.119350035332722,-7.568468923333408,-16.310161114436784,-4.757794854200535,-14.750758874124646,-4.953771305928079,-13.759877115071468,-7.741686576551645,-12.48239436088074,-8.888507135825035,-15.102052545510624,-7.929182379474348,-15.15473288458611,-7.3589007982628925,-14.384555096404416,-7.77471641531857,-16.294417027728784,-5.696945173113672,-11.699570758209969,-9.30281062053722,-15.670458945681428,-8.921881232310332,-14.84326362758049,-7.036924275173697,-16.61748753195765
635,-8.551139519203142,-14.301809202553205,-6.829917007999985,-16.864950195626555,-8.765951661237121,-13.8425343797069,-9.933573312473726,-14.566333362240941,-8.92503033230051,-14.504647719125138,-8.888446512817685,-13.072119575965907,-8.938081871405121,-11.447176597868282,-3.5250180620465437,-14.840314597202083,-9.371102550666311,-11.636600898380326,-7.133432512223635,-14.136306012656632,-8.48025302977337,-16.48011544887272,-7.35509989463179,-14.1151666097185,-5.595487232721491,-13.888424515997706,-10.9453751349193,-15.842510991558036,-4.934310908841487,-13.564822113592784,-10.702861840209012,-16.082320741477243,-7.3720750927079415,-16.242475367735267,-12.277637318038952,-16.315261747801117
636,-6.730415264392848,-14.385522273884405,-7.920075317754667,-13.418964387368199,-9.495757827262754,-18.236826039237584,-10.81643529429451,-15.852078048405065,-11.929412146066587,-17.93351193212876,-8.010339073499086,-16.28892550937025,-6.561710657682054,-13.034963076942514,-1.9130816413819518,-11.241659992037391,-10.024708190843308,-13.276250727066202,-9.466324619358968,-17.17084662591361,-8.702206715417951,-15.770840889221036,-10.342301468391057,-13.927639428990311,-8.17008403317617,-15.719341956726723,-7.27041424625427,-15.716207357479583,-7.728648879641392,-14.948229909977753,-9.533265319751674,-15.91715809195841,-8.969075139011956,-16.362040546382946,-11.051141297080209,-13.864936617099183
637,-6.607195844085315,-13.17731697987602,-7.539610542565592,-16.566776686580337,-9.18962250807471,-17.746948747638992,-12.417065999396327,-16.54164624950582,-11.941335308552382,-18.287617997056984,-7.75818438508792,-14.613854401951444,-6.916381364786327,-13.569809667966766,-5.271958692549243,-13.29756336618819,-9.94191914611396,-14.157443676540824,-9.42719652051085,-15.479980295166182,-8.960753491984725,-16.487633136952052,-10.731350587777197,-17.014100559779067,-8.427159184326925,-16.128035410179212,-9.222449930539897,-15.736983507408553,-6.531348207555325,-15.026909651078919,-10.797005117763113,-17.03990975089239,-10.348455334225903,-18.006956785560398,-10.435157378173997,-16.580324028194788
638,-8.974133355122945,-14.14159280993668,-10.023837126844391,-16.70926648938664,-8.90982819028118,-12.665900312926105,-10.141909695324149,-14.020482387405764,-7.531147549954338,-14.196466400309347,-7.1978942751124855,-11.90136129228452,-7.61996018676132,-14.597448895416726,-8.304975060613263,-13.290356295942845,-8.609416563267052,-11.371683708659841,-6.123714390046761,-14.130916955998492,-10.156830360004399,-16.896143764552807,-10.425960356443698,-16.85941770754654,-7.739149346884718,-16.148049027298963,-11.225771895576386,-17.102813531809907,-7.423437857484555,-15.825080559779545,-9.36069253741362,-16.015395681871627,-10.39784154498808,-17.56546193381037,-8.93427489550437,-16.154782941687937
639,-8.78310486432005,-13.768158975196298,-9.975392364841696,-16.286859614562548,-7.894589476623596,-14.241246364721746,-11.379036729826588,-14.134382048885243,-8.885596683549297,-11.516385196054333,-8.896508779100117,-14.316617782868581,-9.340200431640945,-13.30773334585018,-8.961224353044026,-13.759741762023477,-8.133685086009207,-15.102379920934146,-9.5071318087994,-12.318752432628365,-8.34448875323827,-14.86301863082208,-8.425362856189778,-14.695249192017217,-8.470393547305552,-14.274059064345954,-10.658138204902425,-15.173261878183716,-6.181376086129729,-10.487725931654857,-9.054069451137472,-15.822273366572997,-9.6486251632429,-15.742791962247383,-8.631079659216537,-13.809484004302444
640,-8.564281287353149,-13.15943367615091,-10.791280406989621,-16.8960711269923,-7.558753319745697,-17.46899718366309,-8.638651134852102,-15.51533969817276,-8.743939927069912,-15.38795747191109,-8.654030317842395,-15.819651495491737,-8.738589662848417,-13.305940172098062,-5.9112389770679865,-15.27149187362238,-9.209986274901391,-14.581879409328096,-8.407274833701612,-14.169869605946417,-10.066827103942623,-17.362868020960953,-8.982426562447992,-16.61929402526265,-9.472795621987151,-14.682151036611884,-8.787319702613425,-16.74479959300075,-6.130002513078693,-15.155971015339942,-9.817216180363445,-17.37214223078391,-8.01007078774456,-18.39438459340409,-9.65289146999816,-16.79921765132616
641,-5.359442184322334,-12.23115052313003,-8.734531115270352,-14.788001364198422,-7.687179837937558,-14.036161068393692,-9.025080333880537,-15.820006949963501,-6.683756114141333,-12.512535891484259,-6.670877170093231,-13.069908472511159,-7.97032448925977,-12.645895849320215,-5.9096502671079065,-13.570044132174692,-7.013597036027584,-14.992417539655055,-8.717070289940875,-14.935169751369195,-9.553546165119236,-16.152721992516597,-9.290798378799497,-16.016458127785377,-5.78211040037913,-12.516200529231325,-7.5152405547452155,-12.686254555571017,-5.078404540279094,-12.316095912381211,-7.81039110847596,-15.209777144735718,-6.326792934287254,-13.979931283096258,-8.607310095679011,-13.467410564699891
642,-6.451275166965738,-14.825861374195316,-9.14516768720408,-12.222917700887283,-8.4413767189304,-11.94945327621009,-9.292432375950376,-15.063795145192163,-8.771953700150696,-13.715540819228098,-10.281709816640896,-10.725254549473055,-5.294536251298833,-11.832413967442344,-6.441347090502939,-10.832134484514748,-8.301475312855763,-13.023730215351963,-7.176895632589884,-12.50766080566994,-6.24782294956784,-11.318871402192968,-10.279644276145802,-12.204402067487202,-7.316159078609816,-10.603736959137787,-7.678959691559085,-13.7925255246493,-4.817188043858012,-11.20611378167708,-7.900401970755151,-14.249231461177787,-10.904944431049557,-12.761237202550655,-8.85821015903156,-15.688443508792439
643,-7.965831978213211,-13.861038682865527,-6.610389446178476,-16.474294563593308,-6.8043218516154,-12.160238280636833,-10.063647824843432,-16.955853401612387,-7.16780713778693,-13.577729378027898,-5.699986129304163,-12.161676003279409,-9.756216213110896,-13.408080685373845,-5.786233235221597,-14.387406623738475,-7.62948745116545,-15.094242665255804,-9.320194264308213,-14.793495566280646,-8.214778579699086,-15.942942140014875,-8.644343745068939,-15.102067735184328,-5.306844789280801,-13.776079164727298,-7.088708130114524,-12.709200797095408,-5.844745030191242,-14.222322751362984,-8.44384445670079,-15.146624832618214,-6.847770464404067,-13.978654408350188,-11.335534125204633,-13.666803618586655
644,-7.069665712737411,-12.871611810272388,-7.043607575763657,-14.283632848524508,-5.543058791093126,-13.422703734625197,-7.213141220203156,-16.042023898285255,-5.348360218637438,-13.070537054906273,-7.398841938226043,-11.886173601032617,-7.453894942543786,-13.597639391738934,-3.8184635376009672,-12.439452001067986,-4.12253140051103,-13.502966996259014,-5.8176599438921786,-13.374439384833618,-8.532058636419148,-14.075320643213667,-8.067710109384137,-14.012490902712786,-7.02235250795175,-16.726757991198905,-7.198424889913468,-15.687278088384385,-7.578800312948838,-12.181168345352297,-9.220057188907603,-16.62497796011038,-8.897757418894836,-18.132130654451057,-8.32726119224693,-17.478050366797945
645,-4.232043334744412,-11.11563391648831,-4.205858667480461,-11.299756503410146,-4.0379084743071205,-11.119361742636686,-5.302496782766544,-11.680024459511454,-4.123092253016971,-10.05222440347926,-3.6556144616271546,-10.168052157065082,-4.620769060584764,-10.598999043450064,-3.8526777501882785,-10.494009921684901,-3.176328452262353,-11.45338558615004,-3.6895101703714666,-10.339390578860566,-5.134566978101361,-11.398733404014301,-3.9624122950562386,-12.17297627459352,-4.550872753230173,-11.145162985700924,-5.42764018135414,-12.069550710012107,-4.770807256559404,-13.067224734156897,-5.465535564302079,-13.189143216026146,-8.666054395964746,-14.412216478613821,-8.316003705597709,-15.662671362199877
646,-6.961755250276841,-12.739644374364234,-8.672306674197948,-14.50841885887356,-7.703423824379378,-12.378993342678983,-8.003684710778815,-14.165762590728093,-9.469762029427962,-13.940939016606851,-6.62285730284503,-14.330014904915382,-7.779069167575475,-13.444977180922743,-4.99319922186341,-13.298862705296855,-6.701075518726048,-13.943227166674712,-6.173700812378204,-13.641024209496457,-8.146848858902679,-14.024262555927532,-7.565787935696174,-16.666961487988353,-8.196953197685607,-13.550001992851112,-6.939431233714444,-15.140555891909473,-6.521045043365414,-11.875547505693085,-9.396649882129882,-17.18623475154392,-8.475167200610098,-15.978694616057034,-9.532896704754139,-16.47917208964123
647,-5.2558703999093135,-13.67435204687622,-10.12664115248731,-13.048928829027515,-6.925436660911215,-13.14032939005834,-7.397372739438976,-12.298715305535817,-7.930009799120661,-10.695222739288749,-7.414201022104291,-10.90163902604093,-7.466239484739527,-9.866605978605525,-5.979901856459181,-12.479504143448427,-6.107866414495238,-12.225744150395247,-7.083871078355055,-14.199034291425015,-8.13038185394964,-14.395843354585203,-9.022546094516127,-15.272817817353136,-10.020287322808695,-14.51278386827912,-8.335544619931836,-11.877960409691086,-5.021661155304162,-12.50374607164523,-9.143875351036064,-13.72668174806958,-8.109285172122396,-14.110819975048695,-9.255072024002594,-15.154434009762902
648,-6.363129064203128,-10.918678994125512,-7.48391662703617,-14.789650991064114,-6.855220924996961,-12.459439738858277,-7.431704985820059,-13.930984808579296,-6.592715049706758,-12.475637583870347,-5.9293182123938255,-13.328762682504017,-7.147880556229564,-14.012450961835327,-7.1916766904666085,-12.52855237440723,-8.28923024522255,-12.268770377821522,-6.659100818058116,-11.067828334908272,-9.199778797902153,-14.621147521830824,-6.955469989486906,-14.11066656048894,-6.078014648130475,-12.24121226659727,-8.901338157141922,-13.564980203084854,-6.356382431130248,-11.469251291147389,-9.716080031319722,-12.344367469842958,-7.337421269626038,-13.83755475156702,-7.838385088942451,-13.155640150727027
649,-7.730540207178967,-13.780360511904515,-9.072697821714051,-15.643401593474508,-7.287430403157727,-12.99153175955347,-6.9778619719029065,-12.346309544847253,-6.611494689813213,-10.117234058029787,-7.719369932028805,-13.225297962617468,-8.29535567483833,-13.226592861666804,-10.160985501807328,-12.445118459446185,-7.039656522012882,-12.482200378252905,-7.7871209534961405,-13.435189329264944,-9.998871130218978,-14.815393575023759,-8.989990892026869,-13.628667883715757,-7.494905255144375,-14.34000830217441,-8.759233705515479,-12.666390695713208,-7.390129106952222,-13.995673676046207,-8.595023529061088,-13.869674841023269,-8.64154123613626,-16.573108587108507,-7.765613874450552,-14.719996282680041
650,-9.329243709809509,-15.174770143058346,-11.201287046977447,-17.4057221980309,-10.57757620158285,-13.317029625717687,-10.616422709122197,-16.38868054543608,-8.034816953297476,-13.98878893284027,-8.257115134294915,-14.841885306008653,-9.156128067441042,-14.752748538277151,-6.278030244462406,-14.344131101008138,-9.311119043615834,-14.536449975295413,-10.078470587358323,-14.391102180524014,-8.47749241481781,-13.961427866215587,-9.943200589940972,-15.689692745533568,-11.278819817958599,-14.805672986943652,-8.074283518941144,-18.290191589859624,-8.356795757576439,-15.844378410480793,-11.776918967661151,-15.664245110613248,-10.572789378038959,-14.063174616952338,-10.817048222947253,-16.589901081044218
651,-4.463779235849752,-12.6937981351392,-8.560546561667534,-14.668357263720761,-6.237644839468768,-13.2938048021329,-6.607623862994036,-12.448392696785369,-6.9111223794348415,-9.818817617793236,-6.787808522336607,-12.254099134369692,-7.9090925384339545,-11.306157185553023,-8.166681939730392,-13.406889886781501,-6.393116374462512,-12.186948034621954,-5.459283250845739,-12.081714675278405,-5.149188428460163,-13.359425351573048,-9.474463295720627,-15.817342908212176,-7.652225605816573,-12.056697027614181,-6.009243973120366,-14.919368279249504,-6.347650613370428,-12.204265130117735,-7.908992573268697,-13.571068635273644,-6.904064029928341,-12.003813098485015,-7.561873282120866,-12.811676963957906
652,-7.840670602549713,-11.705434616328068,-7.06580433242526,-13.513872668876354,-8.957993416140791,-12.50417110855858,-9.113039912157108,-14.620140958974561,-7.445239609616868,-13.613513778022291,-5.064678943586297,-11.515269564637343,-7.246068021505517,-12.472954568446044,-6.051927224897425,-13.971832304218182,-6.2822286448870415,-14.758726877568506,-6.104004543575776,-12.987102764858227,-10.036422689182453,-12.809593448641719,-8.774182814785092,-16.655741392988684,-9.31725542497841,-12.753390083505652,-6.574485285212054,-13.812731776989285,-9.375872764200304,-15.337099444627398,-9.054480917006602,-15.63617777697906,-10.12854335020135,-14.478723074883694,-8.920755989226246,-14.346142146081291
653,-7.119822498897241,-13.765813533251205,-8.072599114028892,-12.822417564952078,-7.877881115840802,-14.024773216680835,-8.844763167574316,-17.120185771020246,-6.3211134965343,-12.153370366128446,-5.469176686539653,-10.710327291309966,-7.578500707643676,-13.3712130104347,-7.993774537343774,-11.828525593648141,-6.9230711688114255,-11.93056560475068,-8.497857089062208,-13.624370917719371,-9.452572597623915,-14.693583538553689,-8.563783324295233,-17.16876921763475,-7.680863643780848,-18.009614934377865,-9.74332787189633,-17.293156990702855,-6.995980732774246,-14.218834033836396,-11.019391672690551,-18.22618514355582,-8.711038962455097,-16.58905196429443,-10.234080341760329,-18.16254359659158
654,-7.379032580104558,-12.76045753431866,-7.552857529492085,-14.733003331086731,-7.0423855759926655,-13.00020155315015,-8.786114766017926,-16.088440513555938,-7.5659933677843805,-15.36836877153225,-4.621128954330402,-12.369989287645257,-7.079686183224162,-12.65416246278756,-7.715669710068497,-13.07156099257696,-7.784847897023882,-12.702069715893913,-8.138184215119587,-14.388637978480292,-10.369020388581875,-15.677111579759318,-8.451897636854302,-14.261425309202387,-8.747992728879003,-16.29917383617883,-7.804324784207607,-17.055387410819122,-7.357932473971752,-15.963314768202224,-9.054318512158556,-16.406056609499995,-9.475463978020572,-16.969528901586035,-9.373622576137475,-16.383101144700557
655,-8.411603365323037,-13.449508656114391,-9.740041312434851,-14.917879244835374,-10.363344087662767,-14.344174871639602,-11.482632836447195,-16.048359507288264,-9.072727878570264,-13.059928474898385,-8.437853874411136,-12.263348875589381,-8.912470784193976,-13.060572636127613,-7.933652198858086,-12.878069456605878,-7.757989932998177,-14.379032369433391,-7.370786596127823,-13.86135435660349,-10.330355877119883,-15.717786898225437,-10.059827164302773,-17.46635846906164,-8.84719126498051,-17.44655299539199,-8.451667015011054,-15.97752955276582,-8.540984775311552,-13.957544013243146,-10.221517907244088,-17.270840133180595,-9.58554136552401,-16.01762656886892,-8.978473370575689,-17.488258076216162
656,-5.949565317320039,-16.323790248422295,-9.044368753440766,-15.646978969894692,-6.358453026667165,-14.56731039488632,-8.839560775993515,-16.28628890092746,-7.383450712693994,-11.862241694318667,-4.779876026659245,-13.051875690175706,-7.4150422589549025,-13.338519920217758,-6.1935076106362175,-12.720958230527366,-7.741551148392956,-12.303602839256143,-7.162097374895614,-11.5958642110938,-7.027846589730955,-13.606553531380811,-8.475062428970219,-14.645421019444784,-5.969147944505191,-14.687502391728799,-9.831079274735744,-18.514027998594713,-7.009627669352513,-14.631945580777295,-7.902765482977224,-14.73570801369549,-6.193297773596464,-14.561679500197197,-7.162854628726557,-15.360841206377673
657,-7.10829028767174,-13.922509417565124,-7.107516887093228,-13.97060664948647,-9.351788789508454,-17.56471594847017,-10.213768073432728,-16.02660339284829,-5.926829794553834,-15.34804480755393,-5.460445801207076,-13.438042064523291,-7.206715716178971,-14.471690200747918,-6.2018219715726,-13.578272931196047,-4.5294165397395165,-15.789989676144863,-7.158504491935291,-14.221397655004015,-7.442282733465566,-16.068969843414965,-8.195048857257035,-16.082163861844563,-5.49283581282539,-17.66810667503847,-7.703711387064639,-18.3704985429905,-7.56253630915333,-14.208375711186074,-7.236665590693676,-13.643902009419318,-7.121980237528462,-14.690677208840366,-6.1359343603008645,-14.390105306190566
658,-6.65634255796527,-13.833648451066091,-8.271186387504864,-16.893249890104602,-8.290530821611751,-12.738305655932734,-9.261134580560782,-13.861140821669986,-6.403554221695594,-10.606380195741297,-6.555543601064282,-11.165333747272687,-7.072733114892448,-12.397672723326554,-5.4557256421133085,-13.04179326101349,-7.323382133816061,-14.723283037120488,-6.506609645304113,-12.936007029120152,-7.6793764831278,-16.269066590980515,-9.943675838907154,-15.765458418365487,-8.671828104853653,-14.598451844569013,-7.863718958786747,-16.29764243383088,-7.080032072437313,-12.471071213102253,-7.313766030731557,-13.4743429064996,-7.502615218892021,-15.032318894061929,-7.513813047504914,-13.372986032552781
659,-8.635195758983311,-14.894705083890758,-11.453972557667353,-17.967085307847462,-9.948985681947809,-16.16375513790828,-11.263698507326513,-16.185357684135045,-6.737951506212462,-13.050282402741871,-7.078504355194961,-13.34753496299506,-6.936498871501252,-14.457957015063428,-7.076774141947042,-13.572802153043785,-6.597418611658772,-13.67590909620059,-7.25784098172554,-13.220477450969415,-8.258969960302897,-13.776158289079321,-7.731546539560994,-14.369975421763101,-8.033016943394376,-15.054583378761379,-9.458966134519954,-15.755505765942022,-7.262608801729983,-13.42544662926908,-8.965505072317315,-15.418698610014232,-10.63125146354589,-14.865551564537892,-9.478698704917134,-15.26486101532192
660,-9.019073673610228,-14.832072576379726,-10.314881291538697,-17.053614662118687,-10.416935033747265,-15.90064057625398,-11.377686529032436,-17.518328214916,-8.534438994035547,-14.611307098237788,-6.973114514936314,-12.507174909150095,-7.809191467782547,-12.261218331134977,-8.955905077802184,-14.122976113479417,-9.867718025404917,-12.893427301137155,-8.037092518883837,-12.19772042191991,-9.31220140208147,-15.238803748590437,-11.249216349486147,-17.790171995385936,-8.537194007347145,-16.779643785434068,-8.269260953943288,-15.931685179221834,-5.645541670266719,-13.307170993947064,-9.787286883672525,-17.381583691890565,-9.788799341561381,-15.275002006378166,-9.962935496434872,-18.565916574637374
661,-4.926742942942854,-12.58986312968824,-4.799641467589638,-13.498603005728864,-5.984574108069007,-12.686378285080375,-5.018842131704579,-12.715045757628198,-4.390858054100423,-10.427279553364126,-6.331457512681594,-10.908518388724158,-5.0245361365737455,-11.99623892207156,-4.047573312566915,-11.075544102878244,-5.864104591429892,-10.190478985517785,-5.496714888668381,-11.949895312924872,-3.2677146317970456,-10.7568275921704,-6.425895891880385,-13.277992964852753,-6.171202526128638,-13.102196760031301,-6.2137656238541625,-13.312992243145326,-5.7045325452153985,-10.99533973622381,-7.249277226454327,-12.892028056948156,-5.482778385113212,-11.992163257293743,-6.014562197711982,-12.757510907394074
662,-4.5561656462035325,-10.724173301702645,-3.774677706098744,-11.380352668370685,-3.1401901606748064,-11.244529389581038,-2.842584981773893,-11.731505543631375,-3.399994216833803,-9.848492635084606,-3.446286328758018,-9.008226103590072,-3.1774229369195077,-11.89466663272457,-3.165584665430993,-11.021184043002172,-3.4115520852432324,-10.87618457905193,-4.783031710871244,-11.405980776848061,-4.830619417625449,-11.354326811438929,-5.043550337683019,-12.870319991219839,-4.043527659830123,-11.299702600235836,-4.985159887618532,-11.39162025169435,-3.407407472648318,-11.181444425639071,-5.079610363372796,-11.924437605512619,-5.979663240736589,-12.663993263796073,-5.802858365471567,-13.700329505912936
663,-5.882368641088201,-12.569049551388758,-4.42923821542081,-12.16738448893257,-6.973778588664448,-12.806337292921429,-7.71232000054765,-14.295539242441638,-6.255720363934673,-12.246452851242282,-5.535324689491659,-12.662628078197942,-6.454107107709019,-13.739600484967475,-3.6883562003084682,-12.213509286142417,-5.575180658647241,-11.74012850237374,-6.677710490307758,-12.200836116053068,-6.490909060427104,-13.04097052975762,-6.231540055420033,-14.559508139870829,-7.048229256667348,-13.798288155255342,-7.345480462250681,-13.6408438724822,-4.552470798877951,-11.720404275288857,-6.025454173339426,-11.20901043329168,-6.502775459502091,-14.886706692271991,-7.669923751973625,-15.5704276136652
664,-6.700545099134839,-13.263349626865796,-9.8102646427837,-17.660736915420895,-9.336133444033068,-15.565611170975806,-9.163175727525477,-16.349636908148028,-8.584169700069753,-14.117277052960786,-6.439358893637973,-15.203089931313196,-9.058009255723995,-15.259974828732894,-6.323412274415957,-13.308467665989918,-8.08483212238256,-15.451198602120966,-8.13177965948065,-14.808007723479516,-9.041540378557956,-15.065150435140367,-7.650608437438679,-15.083923879187209,-5.245101018469689,-13.24113561490632,-5.0536784785117135,-12.570674243294079,-4.659150392952061,-11.62350363746156,-5.123308913098348,-11.9570639033034,-5.289644638099176,-11.05649925145425,-4.069620119999214,-11.888711756846737
665,-6.003586594628648,-12.885770045836475,-9.162455918208835,-15.518634507719987,-10.642368272996565,-15.875935960220815,-8.978571836830161,-16.380773938052847,-8.187217295081641,-13.160500731441571,-6.519834657018713,-12.820962481975887,-7.024726231154483,-12.104396979303914,-7.855781362359301,-13.338722680410362,-8.32666399130922,-13.518860041796811,-7.557010179787729,-13.44922673229883,-6.136404632392637,-12.845823076711556,-5.37504618403359,-13.615733550044439,-4.427049195012051,-12.24043507118989,-4.332184939006502,-12.07930315391079,-2.9488246096091224,-9.592605169824061,-4.402589667644364,-11.831941051127966,-4.486571145023212,-10.35025659799783,-3.242287106165774,-11.197604006799507
666,-2.8593617195108267,-10.424623541183353,-3.855365585741773,-9.62442469720333,-3.0208107198741545,-10.549282358194123,-3.3239242351387426,-10.030052445839265,-3.597058704482125,-9.259980006341493,-3.393287909122831,-10.058369825296737,-3.0225828581588408,-9.142941446747555,-4.169746376995426,-10.340265880532101,-3.792315385892281,-10.220673531633416,-4.086113578451709,-10.843969467218733,-5.560533162790949,-11.720663464297436,-5.170763643279725,-12.156224331236396,-5.48272898436307,-12.66737970063408,-8.540359995466275,-15.91283035166266,-8.39869917127652,-15.201684479892903,-10.961605429488866,-18.405314964282958,-10.99440168484717,-19.40586501766234,-8.559834189010836,-17.73723351222424
667,-6.029598909311279,-12.699709145599392,-9.302088096914012,-15.176130280489733,-8.790155828416522,-14.404468458709678,-8.686822727737761,-15.192380021466406,-6.793192801179017,-14.296921268768227,-7.7175448706139775,-13.448350468831933,-8.510957557402048,-13.05560462719172,-5.554056657828204,-11.706159468618306,-6.3458831144123184,-13.434229914945162,-5.829809515198098,-13.228278372897218,-5.3949357212961155,-12.560169518179006,-5.211899363939435,-12.215923078006517,-4.886543804304071,-12.313954500272434,-8.149091358347862,-12.726375441498606,-7.723457575243108,-11.734570284541775,-6.8982617923977205,-12.510910447040356,-7.196268546400053,-12.268552973125082,-5.8548576422643395,-12.69179430330039
668,-5.433085253582374,-11.318835892672132,-6.437870409072437,-15.288327489528012,-7.3226099933675854,-13.863396753274497,-6.299563370060982,-14.009186833294473,-10.787653800521023,-11.686927343030796,-7.098772850572431,-13.931791251739597,-6.637840887891406,-10.29595767383557,-6.142138389249398,-11.75690851863186,-7.2510473211585715,-13.334212718088507,-7.4695196984206005,-11.835058758044203,-7.268814113173998,-12.451290441643108,-7.303881751252974,-13.324852141088503,-5.2540940794059345,-14.887826089249632,-7.3769000152828434,-11.128348119444036,-8.44187711597544,-13.096384940510058,-5.660624301281361,-13.249351360750072,-6.26763348327586,-11.05457777744572,-7.438228430475146,-13.395851950826419
669,-6.3063613038691315,-13.022613165728368,-9.438130410652457,-15.173628212307959,-9.985057272047861,-14.213190126007888,-10.166346066813428,-18.765787914383274,-10.42656787618575,-17.630876423494726,-10.45141572543297,-16.19114288412369,-10.8952176727291,-15.02567804693621,-8.978245244350925,-14.871170397345711,-9.416869608584982,-17.746490370086757,-9.468621077323805,-16.60145755489412,-10.427868868204452,-18.8149906921435,-9.850023124456598,-16.379556150570224,-7.409237563952951,-14.707302114887568,-9.766128194009715,-18.66844905458548,-8.49599970263335,-17.947578475752586,-7.852708070423646,-16.874069464816735,-9.349314823893627,-16.46070229794808,-7.231671439800502,-16.16440579732352
670,-7.322856294753385,-12.729043819858493,-8.769272862706629,-14.428664571759098,-7.020960803214225,-12.428393926263226,-7.662506236469481,-14.632064973725651,-9.215477145645195,-12.752111455034932,-7.394171764094509,-14.168184174256789,-8.356819030152954,-14.165066856913178,-6.3234325358194186,-12.827792878788236,-6.088861624447172,-15.20231076619253,-7.443113085098473,-14.844595244546879,-8.785029043324004,-14.916307161717198,-7.701828464331704,-17.383474715388353,-6.7481698805653565,-13.703693640066689,-9.54562467825174,-14.875093568489252,-10.625818912004746,-14.414927049658349,-11.112541124493056,-15.121397417014006,-8.62337948240162,-15.193621577794854,-9.741610269912538,-14.551831546970641
671,-8.704345562531223,-13.932523820728411,-8.598173862861135,-15.531812921914037,-8.512940825326488,-15.58145935715597,-9.946529384205334,-15.48819511984603,-8.616958333958163,-11.968888043207693,-7.4922093443469535,-14.155475999631452,-9.029601623811544,-13.239240448734622,-7.346024502573641,-12.43413522705999,-5.051160586716627,-14.47494951388389,-6.935990042410415,-12.949905925355093,-8.66608319425325,-15.714028926213906,-9.209267431440312,-16.30476487225846,-8.69750879200232,-14.518587740626455,-10.734581347141418,-14.570299812572657,-5.824321962490192,-14.830800396193764,-11.258437290616579,-18.43547005313505,-8.8546363285469,-17.15475189927591,-11.850504807062475,-14.668266019297446
672,-6.066160378221467,-12.709776711385077,-8.582679166663498,-14.716474762282939,-11.36540357802469,-14.614804027445489,-11.634381569779146,-16.172385846259996,-10.472847311826348,-13.020367765835015,-6.434078753631017,-13.035924791766744,-7.124752186609761,-15.722306923975012,-7.7974821496800875,-13.852039044456866,-6.619239726679517,-17.338817723767143,-10.908585598049038,-16.16486688640835,-10.113130509270466,-17.295413028008003,-11.687727381226518,-15.157290927935644,-9.115999858028358,-16.981236198964503,-6.829509547826527,-16.03032411311154,-8.740832343878424,-12.665893139190818,-8.849299710366,-13.795497573893861,-10.902544107099526,-15.095397902876769,-7.3754536022863215,-12.143697905091205
673,-5.760416612751547,-12.343478070130164,-7.768020489862037,-15.155961867255257,-7.168368985409995,-14.030488988279913,-6.193138853702349,-12.832249856881132,-7.356314913551879,-12.957517686633818,-6.1912770958880445,-12.864956434067018,-7.187398686741425,-12.16933830889971,-7.119981708042319,-13.889023435729067,-7.742131364647049,-11.247844016910623,-8.516873515716103,-13.07971944016386,-8.087668790054071,-15.760404879557825,-7.382507007099454,-12.550394450900026,-6.906188424525949,-12.679970911094117,-6.816967171346392,-13.432459533177587,-6.791865814784789,-14.00306384321787,-7.057529468911442,-14.146422406066057,-5.918248475737763,-14.656313945221115,-9.424204945795513,-13.592038000555345
674,-5.5195546885316995,-13.913513287853615,-10.360195821165236,-17.588829320613332,-8.073697682241832,-16.628680567961098,-9.205817829604992,-15.954699370380489,-8.965455476841468,-15.251786409224366,-8.732059819021048,-13.970448421517577,-10.715475577131981,-17.20195047332069,-6.534843740108441,-14.812526122237742,-8.741378998160231,-14.016520297559767,-7.626821561646206,-13.038714643980509,-10.036464292595657,-14.467784016219184,-9.934207179609945,-15.939357747889822,-8.101179867825422,-13.24471480418139,-8.504973736039467,-15.960275447668888,-7.882501498314328,-16.13805653768001,-8.33457756724804,-15.682704547288564,-8.775741288727954,-15.863817635603114,-9.405002551219809,-15.752070135866505
675,-7.394444534003563,-12.744874923590917,-8.634752924482584,-16.695101976893174,-9.19000687609759,-16.492813356522593,-9.044964462908403,-15.436111159547677,-12.049134907977502,-15.809427302534786,-12.212735281751694,-15.538746048875252,-10.782260824586098,-14.679904358186187,-8.856696417581992,-13.764604042994486,-8.396610352592898,-15.120116768590258,-9.027215788778216,-13.962907393566546,-11.507813389926888,-16.098110848161802,-11.18555313905977,-18.484312051108613,-10.63012864538611,-15.063742967195568,-9.522735143552904,-17.16745856919824,-6.603452735961477,-14.752044544025315,-10.820264049625553,-15.317340334616453,-7.500971447153216,-15.715382060985192,-10.162383637408222,-15.363914144211135
676,-7.61839874125025,-11.649034341899384,-12.300083942031181,-15.448569290940856,-9.720470496210163,-14.374342282405921,-11.94047325460222,-16.18947769748581,-10.064645800180578,-13.23057961596631,-10.848529258899601,-14.46773943449756,-9.79499148659616,-15.306921385432226,-8.877266279510632,-16.10459732229916,-6.714395068753448,-14.19540374826969,-9.888401787152604,-12.715112416956822,-8.920236123418668,-16.99548100637848,-9.425521948639869,-14.356775824918115,-12.482474592565465,-16.31475099930744,-10.165059250311035,-14.353863207510608,-7.183524795648026,-12.86865255387691,-8.810987369749881,-14.43046991226263,-6.701472467545705,-14.389811889896196,-9.63616377006761,-15.311930795745536
677,-8.216398449947551,-13.731493191690786,-7.946508498863503,-14.32362531067259,-7.819351499446693,-16.143575641709027,-10.798870760417763,-18.441269482350343,-6.993459115112995,-13.94398573832194,-8.290662450557857,-13.085709983139024,-7.819183077141043,-15.832634166084116,-8.515164062272897,-18.402858460373057,-7.1176151779758925,-14.326924967152406,-10.751684903518786,-16.405488931552348,-9.415075002824008,-17.271023963541975,-9.291174079120129,-14.799374092675082,-9.827479983662615,-14.659059956641174,-8.417821930405,-14.919241976462196,-5.392910515932297,-13.861868457960382,-11.67834985935649,-15.647260293140018,-8.292382725188785,-15.410747913895175,-10.120356847320357,-16.631778792703408
678,-6.503402321906368,-14.088945242712423,-9.420324568956504,-16.83631148126363,-9.800308547769598,-16.074908630076575,-9.544940450354927,-17.18390527876205,-9.961772982840936,-15.45122499693251,-8.756187939246285,-14.306420259677743,-9.29710149878065,-15.445413496322761,-7.688883281994794,-16.123303602784443,-6.94434564328594,-11.804738147509033,-7.883134045377629,-11.59478263329311,-9.165010012729816,-16.134561451848704,-10.125699608844558,-17.342953535190585,-8.613285504336647,-14.96258821931537,-8.634067258118764,-16.433716609623364,-7.337364130801943,-14.054454217036717,-8.483474064965842,-16.573481955605914,-9.354452127260647,-16.13372743352308,-7.889165653951091,-16.172806563951127
679,-6.911706326132487,-12.78177366987704,-8.086085808886414,-16.616469134670126,-11.055413598751615,-15.112318860584661,-11.02625165844927,-14.992648137620474,-8.544314827709275,-11.106287833667409,-7.17046209869301,-12.962602549598984,-9.195558698232842,-13.17026896097138,-8.678912168683592,-14.772553582665164,-6.04742681707982,-11.704734320249532,-7.974017310899869,-13.198882208049355,-7.002310498493972,-15.158785828111865,-6.793848327147681,-11.962984279786887,-8.948145598535339,-12.965032815490483,-9.124851611754831,-15.083988297151915,-7.350869958526522,-10.707156214572969,-8.371337247766762,-14.473069400146265,-6.932289241953814,-15.38271423118682,-9.281515690798681,-17.280245525905386
680,-8.079506169126647,-13.126969255911167,-10.373479252797324,-17.708250457718343,-9.764519859036614,-16.217630969932426,-10.27349110440875,-15.474057744167105,-8.809384220039027,-16.411266587318615,-8.069818949724173,-13.356169286188509,-8.865348215695247,-15.882904276545311,-4.451448313626102,-13.292174810371126,-7.186001155593273,-12.167623271617028,-6.820930267583101,-13.853189646756485,-7.309843824716439,-13.928310137578087,-8.382850091541176,-15.274569794985855,-9.844125096886621,-14.061941670962527,-9.302988100868944,-15.811932599683454,-7.484177325223799,-13.390356552381737,-9.259125974497733,-14.47327015457585,-8.276767187053917,-14.130308440958743,-9.576467753113548,-15.888734774615305
681,-7.8822960347377595,-13.862944685663505,-11.676853946687444,-17.804195585420597,-9.030595202759075,-17.918710142715966,-8.613647145115738,-18.08932370027692,-6.881088425318173,-14.08513075652992,-7.032324732536804,-13.31662057963937,-7.290795871382942,-13.851891558420535,-6.008556613414734,-14.878776986222388,-6.14860935775374,-13.672933314044231,-7.717466435803696,-11.434067550549528,-7.607912955159943,-14.186995460226077,-5.523975334493936,-13.40378722504723,-7.358384907104153,-14.05743957841031,-6.564022336529791,-13.293289147483808,-5.238877478357933,-11.722451039360791,-8.004628637014553,-12.588581532912375,-7.152848093394817,-14.15567923510422,-7.826968268805819,-13.710007378630795
682,-6.409928344529575,-12.972881918497803,-10.266126218439314,-14.851372677670218,-8.279958753795857,-16.512074856387873,-9.03214231524387,-15.389563592075696,-6.246125872115677,-16.4386552734955,-9.883259009401648,-12.785989743829173,-7.035905439929855,-16.61258241500792,-7.054642094904641,-13.364091994509867,-7.39391392704118,-13.088269772000062,-5.67566959459275,-11.069566923677726,-7.289465735219355,-12.427683092712012,-7.221402533858898,-12.627752054103967,-6.374258629117005,-13.871730032999238,-5.1706023033263975,-13.073162763626922,-6.302018547972247,-12.66170555133396,-9.760336962223889,-14.922957767724581,-9.62570662686665,-15.21508450406775,-8.709156655274743,-17.16320105997314
683,-8.024679105123553,-12.079825205767323,-10.381898575509103,-15.72780840514863,-9.833111930850933,-16.408380778843807,-10.599437907495092,-17.890244312803137,-9.708955357086214,-14.517632594645324,-8.474335702233207,-13.494993842429832,-8.633447369032766,-14.143468726243482,-9.805251256695215,-13.528799316914071,-8.404653878100614,-14.533524885410845,-7.506748147805217,-14.541536971639156,-7.522372700512618,-14.761232379272542,-11.414621732798857,-15.529244168210392,-10.744471080873447,-16.469317381153296,-8.36496832687949,-14.794636573553625,-7.765044631559768,-14.523792534323485,-10.595770493910756,-15.688181535437536,-9.364482937044109,-14.970706632592366,-9.501171516588581,-16.556000270352445
684,-9.157407531644942,-12.948296493186632,-9.707374102297775,-14.900680056032058,-8.141690606635978,-16.372916790693214,-10.224428515845638,-15.691735258538944,-9.669200624617785,-14.141440403707339,-5.616835442314248,-13.312687301116846,-9.933175320514234,-13.856243029023283,-9.902039569409311,-13.152291394545369,-7.013251842811803,-13.178811075073526,-8.558354769032274,-17.001380496027732,-9.74968822501953,-17.69677410241361,-11.088055468314248,-17.380951837030928,-8.329277930052458,-15.496702556093393,-6.507532849924419,-15.714827879156367,-7.2623874273451055,-15.482183755193342,-7.7847066476385995,-14.749249989966316,-10.624452961985732,-17.607215874522034,-9.798829148319921,-15.411412822252633
685,-6.324346756530296,-13.656632430152854,-7.874921284839386,-14.298243448320413,-7.582583194600509,-13.281938851217161,-9.10176475010873,-14.833920238837662,-7.8175326883405125,-12.615465784240582,-6.290529109095711,-12.588896757725488,-9.302482549050671,-14.497158310870331,-6.51135877734529,-12.688144818119111,-7.486015891157819,-12.7720567037187,-7.233819081761058,-14.674812277451297,-7.1886691288426405,-15.892833070640693,-8.87718107723875,-16.111811821029264,-7.342553683605412,-14.051195386773248,-7.00940468203799,-14.335620272112951,-6.640830172316566,-13.491817134413356,-9.863668199773604,-14.869751167506898,-8.846348173357528,-15.303513477726124,-8.868437623241126,-16.114196451466544
686,-7.122384557583288,-12.424487053075527,-9.261765284283022,-14.90504905454949,-9.136661970671488,-14.91316570464245,-9.399118141842843,-15.855554960409009,-6.128611840201471,-11.677403828431018,-6.174695084763647,-11.910956271396262,-9.972419963120307,-13.505130058050149,-7.327647625688819,-13.050569138281752,-7.887084828813028,-13.875193712773664,-7.637169110410802,-13.434962211859771,-10.64014192101952,-15.72193596579838,-8.97230194732363,-14.990609187483312,-7.5381164467095445,-14.108508908655397,-9.771821698396959,-15.34619022141231,-6.932212923874278,-13.325449318419043,-7.616133408628256,-12.349508017680522,-8.38411120773102,-14.615632573834853,-6.934539471652857,-12.406395395124354
687,-7.333439301582532,-12.44022307804996,-8.534635491844758,-15.193116220867886,-8.18266774723899,-14.404875505658714,-10.615051136273912,-15.580992476423681,-6.755211840386003,-12.223723758916654,-7.215510290740608,-12.1566408712138,-9.643394068660985,-13.693356075232884,-7.730325883129665,-12.582319953620775,-6.397878044517835,-15.039170728610362,-8.732968263013765,-15.955045494214236,-9.51080679757544,-18.550455107217864,-9.863719155988617,-16.330407517844684,-7.190876605531713,-15.453351299508007,-8.86646642017681,-17.360867435727535,-5.216698332825922,-14.677636990618517,-7.569750128301339,-15.662280732973656,-4.506222267251598,-14.922019476591935,-7.994500576690332,-15.558931954826274
688,-7.658206048112265,-14.43291801115123,-13.386573486633537,-19.804874944559735,-12.560373870578589,-21.248890400105104,-12.029207897423536,-20.37032402968049,-8.593484327213236,-17.35627662550027,-8.920719142319031,-15.821523480866887,-9.88380445331163,-15.16229058029921,-8.535111418211143,-13.456694669853935,-7.808379519222445,-17.523264471167636,-6.208734356851831,-14.59740226310015,-10.337632110959591,-18.522683528387546,-10.741303385497076,-18.33604380592588,-8.124779157819818,-15.015130755227243,-7.358304067986863,-16.861750657903816,-7.222255542799808,-14.282100656221886,-7.33143139496026,-16.048174053869634,-6.626708848879956,-14.677490925690632,-5.369669340003668,-14.199540818410641
689,-7.839514119281404,-14.60419790540633,-10.115286631788258,-16.537137951416028,-9.867813285210168,-17.46286139251166,-10.921600312423275,-17.415261783458693,-8.02971968389167,-14.813724830314756,-8.029770458418952,-13.162272870229035,-8.862279430364739,-15.900272323550663,-8.38428317608152,-14.467629000528614,-6.66499431066128,-15.744101260398725,-7.023273928520149,-14.324236128511213,-9.41145933391557,-16.626977876664238,-9.362346483839428,-14.578988115213413,-7.190314719137274,-15.22027738720598,-6.497566196703018,-15.640877775904261,-4.986193621390061,-12.902854573460306,-6.234094103883726,-14.529343730645136,-6.6924675408604495,-12.696852504845433,-6.556125124342555,-14.219824844808658
690,-8.157327940536806,-14.391618715449187,-11.204433464226808,-19.9592836394405,-12.217594079939452,-18.576987220752788,-10.226257457526932,-18.63269188072856,-9.164563381549499,-14.664753737048247,-8.23617733492606,-14.279512230104235,-8.556912987881418,-13.638084565210473,-8.88250405580946,-14.782384419925314,-7.64900222808431,-16.564781555297717,-8.853795766773098,-17.25811779915572,-9.109831548028978,-17.155483417202593,-10.930634650046144,-17.952884100009882,-7.770543856496468,-15.504250326571265,-8.130438447602096,-15.533511179897282,-5.9491578802252985,-12.13267530307462,-7.0796954330069894,-14.599393675668422,-5.420646878338551,-13.81970418543454,-6.537722555474491,-12.829771848203498
691,-7.129569514423139,-14.562546775577037,-11.742981818155787,-19.42836677904165,-11.597980490848759,-19.159972191456063,-10.583771234388522,-19.570871944590184,-10.352323895786865,-17.229535545161998,-8.703211434287741,-15.167638960822487,-8.81062958676528,-13.79100511497774,-5.882819513351192,-14.673701842335953,-10.792085695466952,-19.552475592744884,-11.246641991625125,-19.152667954857474,-10.716473186484025,-18.723473853934248,-10.886995985149513,-18.96133707688404,-8.97208933999295,-17.61538955376931,-9.532948428109139,-16.35873584503888,-8.221902367689607,-16.870514138665026,-10.227232310267036,-17.81282687656428,-9.646167125541162,-18.354815828831843,-8.424243454746069,-17.336716902071604
692,-7.270926523850765,-15.623690223943328,-10.811697438446565,-15.875740981897792,-9.488700967255166,-15.590977813815261,-9.055789486622755,-17.220546109412698,-8.606752941595184,-13.226504777250923,-8.111833047285238,-13.546704261892675,-7.646769439022247,-15.194730653891352,-7.987497250651789,-15.245690231751528,-8.599851381606795,-16.555687876578492,-8.450684857155522,-16.6261183186004,-11.080888275068643,-16.141120269655794,-10.095317941364563,-16.615774192878895,-8.31296327390154,-14.926924752188832,-7.608414209854194,-15.159520600307157,-6.96411376599621,-15.694663571142815,-10.997478827874641,-17.020919331095634,-11.803439577790453,-15.472603751743923,-8.773962242921924,-15.640675281608562
693,-8.951772589235798,-13.00319063205341,-7.424751371805592,-15.975005360079402,-10.271114658677563,-14.316890120637007,-10.357501631852955,-17.035274879404064,-9.209315170825851,-14.557547635197167,-8.393095458460108,-13.361106393116366,-8.526639373767498,-14.778828012351008,-10.32816831533427,-12.66793020873784,-7.983262109109969,-14.802973285013444,-10.442619010427357,-16.08214745216853,-9.517862343086428,-15.98620581398217,-8.67774528561837,-15.219157060400555,-8.728985714604407,-16.476135885948956,-12.368651481215839,-16.300148944208388,-8.732419403817076,-15.658949298081222,-9.382869773099529,-16.017924063954553,-8.70713508764144,-14.436725314958727,-9.806557677543573,-15.41069955066973
694,-2.3296888503120146,-10.279963328331391,-3.9554787908136797,-9.962909509701078,-2.846421853377741,-9.809223413103322,-3.5242879422460045,-10.890071609737891,-3.206866285878613,-10.236174714177322,-2.6344556124143703,-9.186228174890047,-3.447851528674727,-10.48636128524296,-2.959216115498617,-10.835938474218093,-3.309985146032295,-10.674166464488072,-4.430862484720239,-11.145482058158686,-3.7484475819255447,-11.584025214127783,-4.3066599470571045,-11.543028571497524,-3.44134382423428,-11.256261040460497,-4.335816221154788,-12.43974410041671,-4.561287224830607,-11.700876690791926,-5.651994214426706,-13.56060067980183,-9.238097956684749,-15.406662558348728,-9.218812792064073,-17.665782048258514
695,-7.486419105192995,-14.373924134671856,-10.9363990303462,-15.81918192619124,-7.959540510518476,-15.945163456580476,-10.067429455060877,-13.966066345056987,-7.521139403743592,-15.199456094120197,-7.559103027754707,-13.090534577907686,-6.799959730265651,-16.85255451419534,-7.429975385945325,-13.018795557854329,-6.553051341249265,-14.281035488475663,-6.910444464170313,-11.474271355488492,-7.6926531847552235,-12.954327794366154,-6.707234277083254,-16.401675868537907,-6.41959180827974,-13.079893043864818,-7.481473206401784,-13.593014235034182,-6.168723621494899,-13.184741738736378,-6.418273337977055,-13.17076366586224,-8.08032342576675,-12.793543879600087,-7.543983238748872,-12.093311902724937
696,-8.90758473354157,-14.070505510748495,-9.408342333645345,-15.588817342899066,-6.310870857343205,-15.462003788086612,-9.153093528912024,-13.30515502557441,-8.121405008052044,-12.799901348780182,-8.837967845255413,-12.90803713705316,-8.960484651559828,-12.177431894627237,-7.378161311296173,-14.146040766459265,-6.4089386089228295,-14.330215731611009,-6.529505523756968,-13.442278934676837,-6.180142479211591,-14.047240111826316,-7.02476814738988,-14.016971502815235,-5.375257469481123,-12.510350070095864,-6.319739028864078,-13.853327158034155,-7.9196628341354955,-12.249906271949227,-7.392998835628466,-13.487515792365933,-7.968070458174457,-12.669675191433502,-6.855345469123305,-11.208011620162367
697,-5.260160653792588,-13.0933701331445,-7.63022088119982,-14.98753470072592,-8.282033158108122,-13.806485075126314,-7.825017230403861,-15.042782378169356,-5.3640563455897015,-11.654757847932483,-6.716429116177352,-12.261469682086899,-7.748524645059318,-12.240397807249643,-6.1860762950946455,-13.252515800818468,-6.482767230989445,-10.194968839884917,-7.831009059391146,-12.75087008494372,-8.941607394481895,-13.331447387897574,-8.814697845190423,-13.330605365352016,-4.399620330216564,-15.988316726617885,-7.347652464708484,-14.702618535572213,-7.318028889031707,-12.128922872444326,-7.991097946487767,-14.154745272933734,-9.509253137909088,-15.64657045269907,-5.466368033448382,-13.853778618525627
698,-9.21127509629542,-13.147485906942071,-9.236483999880445,-15.267174094532855,-10.110376163252518,-12.647430642963194,-8.813138133655478,-14.896700990481015,-8.151027226734435,-13.930668832500004,-7.024165701547473,-14.232712065224362,-8.401268614536324,-12.244984893401494,-7.457686935299048,-13.751782580351543,-7.134169396035828,-16.15603860817753,-8.223438060883147,-12.292400222875346,-10.490296033453294,-14.710378490974339,-9.549323939611421,-16.11918992167902,-8.43877260186766,-15.476422198560488,-8.49338848152195,-15.945623630840185,-8.21331928291835,-15.871147284810602,-8.662543150214285,-14.975347497859037,-9.229551801175989,-14.468521151933782,-9.999616839856735,-15.359172870530164
699,-7.644721027181262,-12.46556361797106,-10.234059169213925,-16.24155227499392,-7.656366892009233,-13.357512218139293,-10.085409254103963,-17.47665781094034,-9.802535703683972,-15.102975807540709,-8.512836976461745,-14.126909361312382,-8.395166934144353,-14.05490485368205,-7.809003901215476,-14.923723828946692,-7.104211370958552,-15.132715297125843,-8.081764501157313,-15.40851814198232,-7.6652464850284385,-16.18142994523104,-8.907162547618302,-16.907737591733255,-9.895023838596558,-18.0313781800011,-6.998554557877129,-14.562181804991072,-5.292865111234654,-13.229681707039385,-5.883195192397337,-13.949510337325071,-7.141809511494726,-14.674488301989717,-9.471697852253168,-15.574015718507429
700,-7.642038252732074,-13.61351842537951,-8.89014152033336,-13.860659471749742,-7.860681962322099,-14.201715875474928,-9.928988100683775,-19.88144692017134,-8.426603945908852,-15.265257591662238,-8.223219686835666,-13.791270228361155,-8.65399590316192,-15.87649997569609,-7.532342628724984,-11.79567465013551,-7.809910548010359,-15.493274311354279,-8.771322837692901,-15.21924046615348,-8.658933517238342,-13.837107127225241,-10.859457310022748,-17.246544200464925,-9.043207043436595,-15.592152268019476,-8.57012231683684,-13.745746094738555,-5.684053435780939,-14.90842596570537,-6.268980044359825,-15.134472728857947,-6.927365802148868,-13.875561952853753,-8.203332068501128,-14.411716477275494
701,-6.839362296275596,-14.544714621880509,-10.556020377935669,-16.35074752839173,-6.615010979879682,-14.558059397767543,-8.39877973710447,-18.495599984284627,-7.719853592780278,-13.944812856757622,-6.557237438619037,-14.070100747734477,-8.478020466105407,-12.281408082981491,-6.992429864610323,-12.018602541891044,-5.52802723605054,-13.808737869445265,-6.313804317028943,-12.477910763444477,-5.852311032189671,-12.766238716725809,-8.22614177897478,-15.251422096675487,-7.801901093255874,-12.749504439056803,-7.738682179754733,-12.497394481592606,-5.833133145493571,-12.29598385505553,-6.499707251028087,-11.829125588557122,-8.977529742292742,-12.512859495185214,-9.274677219854507,-13.308473730972407
702,-6.097375159373023,-14.238570966201333,-8.91237153825013,-14.421155611256397,-8.108555179631377,-13.771514394148472,-11.200678216107988,-16.909649911239526,-8.095487802163255,-13.892838139299592,-6.007716826880713,-12.865163125859993,-7.889573658734648,-14.654241696843025,-6.883140039967106,-12.701395825123177,-5.909209973006631,-13.984281824778748,-7.35051851411159,-13.789765745473394,-8.607738868895986,-15.620749600873204,-9.865139742332074,-16.154679487219802,-8.163388078482896,-14.018064217527042,-7.9234660624731035,-13.119567703118264,-7.72709235129712,-12.593798091200908,-7.336158781990142,-14.101617400107997,-6.945938835152901,-14.003744065656749,-7.319775388827219,-13.409545654169367
703,-6.834056149942613,-13.443662707141002,-9.971085352013823,-14.542049383194048,-8.159692775644045,-13.154946440972177,-9.770032182033011,-16.11745448274136,-7.631452917450438,-15.448359258718662,-6.011032392522826,-14.008090242391551,-8.094253932198491,-14.435167133107687,-5.764750370542512,-13.043477991743536,-6.375140919336139,-16.74096021892282,-7.356258229751852,-15.26476653298569,-8.691661839927553,-15.633266276703484,-8.708019828242353,-15.69242091010241,-8.059967399879046,-15.879759209624568,-9.023936951954031,-13.870800736975387,-6.632683544194066,-11.638204386899444,-6.910718032425331,-13.370090453122351,-6.944765302725636,-13.877333495654849,-9.350552048485396,-14.01556969705878
704,-5.836018942197287,-13.337087607102774,-10.364729386644647,-18.375378108211038,-10.958089605039163,-17.94192652179646,-10.602590377022354,-18.340884652770196,-9.662855029334365,-16.615587904287423,-8.301480564961537,-15.17203158377628,-9.83329922776328,-15.652214716010143,-5.491535306976099,-13.329475144909678,-7.638941159754042,-15.840020899552794,-8.973580492312811,-16.63755966167087,-10.611881416309316,-17.704561982318,-9.684192705047149,-15.25475097290531,-7.7420024637551155,-15.574586236169512,-8.424503692091195,-16.289059576142428,-6.789306215232998,-13.328816304639163,-8.556589459545151,-15.255348876300193,-7.816260815161808,-14.96204957654026,-8.571401286390277,-16.139683663127144
705,-5.014861894951909,-12.213499859371911,-5.855732056614869,-11.116771344782904,-5.8621945728992255,-12.771715190203999,-6.389670183672747,-12.027426023762008,-6.10766556060807,-11.248580489123443,-6.510722506638446,-12.915897634447688,-6.210036006578838,-11.642852138984969,-3.858191964568447,-10.361547411156929,-5.059405715676575,-10.86414907858945,-5.113572239278979,-13.135388412552068,-7.25436544327244,-12.393283981138548,-6.5519708162023,-12.157059843871272,-5.605353924849346,-11.75960596637961,-5.971804586713523,-13.036661111310575,-7.56905050287077,-10.789742464693752,-4.999332114217102,-12.650610872111855,-7.1097317205685675,-15.15116337071699,-8.833109450314408,-14.44345194815323
706,-7.617046091976325,-14.390926754957782,-8.858980414709675,-12.21810282613896,-8.515980193496755,-12.837341024352376,-8.225929075657731,-15.365372819551009,-5.425337847348962,-13.3679735716379,-5.367559218141588,-12.647766242094043,-5.920353672458458,-13.910013350931067,-6.506563034248992,-13.09410388724843,-4.878890375535899,-12.728494001638373,-7.134956758911452,-12.882276582261094,-9.387908251837471,-15.160045817037652,-7.195350227773453,-14.100442532291854,-6.33502380142458,-14.115054980136492,-9.94967601642825,-16.532714969370044,-5.413034140570119,-12.420136674182704,-6.54083365170864,-17.580543695800802,-10.982604149493493,-15.769096885404071,-10.152038928379305,-16.329909057265077
707,-9.699934672427803,-17.069349567243712,-14.359094877965493,-20.31238273699858,-11.075590113077912,-16.268633532530664,-10.932357265321366,-18.978207267101443,-11.03131370548229,-17.625483236903634,-8.45327799919733,-15.577193351794314,-8.533503038378631,-14.386474563513623,-7.018896966340899,-13.452445331723839,-7.646802564770452,-14.84577271823974,-8.35044965978171,-14.985078003087104,-10.788877853945491,-16.135748817543874,-8.938413312939996,-15.439692415685212,-9.196106540211753,-12.932275093606048,-10.594511915236334,-14.087013533050198,-7.683332115319381,-13.169533638531307,-9.24433995218415,-14.684097734744535,-9.3441337886999,-15.09468736333327,-11.015606164487387,-15.98755206855611
708,-8.324777173519207,-12.945730356590841,-10.189737803508173,-15.250979758233406,-11.50265335302869,-17.94749400956887,-9.343341908651805,-16.748509019873097,-7.047236784346806,-15.897619938215847,-8.525632972357343,-17.71498504027799,-11.932828247396024,-17.724273822185125,-5.42868135082438,-15.19071754712365,-11.004919410644387,-16.97174836559791,-9.619407470915421,-17.154405721223995,-9.764424539474778,-18.382096997372287,-9.172108882145427,-17.19676468550407,-7.896093000155727,-15.297937968414402,-7.5831807637415025,-15.742009243314596,-6.163347501210783,-13.711251759693962,-5.951082847472252,-14.123129754459718,-5.68174830672902,-13.523340033285393,-6.001672111510019,-13.412451339813181
709,-7.984059011107492,-14.435764639645981,-10.201187915872694,-16.37335897036198,-9.3261222464615,-15.942507992176688,-11.249378133430778,-16.362267203623563,-8.168164271163878,-12.792803016665975,-7.951973765035739,-13.634426581625416,-8.74930358366097,-14.193621695482992,-5.556444088207336,-13.412448145099685,-8.663802294897726,-16.917049070232984,-11.218699336399723,-16.73969403679096,-9.582773082638434,-17.22351718696831,-9.734208495550252,-18.710301293671655,-9.250875077154243,-17.391619815895968,-10.860785406665626,-17.324686786590586,-6.841939379579376,-14.465935729609775,-9.201660381678167,-14.211024674687966,-7.224455911830853,-13.373846340070157,-7.509817281530708,-14.534291648979242
710,-3.7472583693195265,-11.36270253478906,-3.5371844222678717,-10.606454422254377,-4.014318305374588,-12.407478724011527,-2.875236814751909,-13.336401973712611,-1.9804551884741126,-10.06729225099117,-3.31858994506893,-10.838266345767433,-2.859734761799371,-11.007440661372476,-2.850971487980169,-11.562188211194544,-4.335825880534055,-11.50742283216755,-3.491654817277328,-10.264608311731688,-5.466209227756169,-12.963023423004428,-6.431432125911975,-14.922265463150026,-9.224203605591844,-15.918080157168555,-9.404237296235348,-17.314095031502347,-8.239628718774084,-14.712157372103983,-5.54046871978965,-16.071497860945524,-10.608821406296977,-16.840364496003982,-11.245065956071619,-16.54616398000436
711,-6.732928637205076,-11.182055026277391,-9.386029637244027,-12.584468823204396,-7.703391980080621,-15.11190175177296,-7.992804227765573,-12.950845475161831,-6.675868175650672,-11.058182529023153,-6.998534293237549,-12.884693577230168,-9.833304521392725,-13.85843328287116,-4.024783393723855,-11.582848048987396,-7.181791980535114,-10.557532728163473,-7.0120484359922735,-13.335172604645146,-7.89743333668752,-13.842015312156564,-7.740356524105785,-13.25734308277523,-6.582208879564043,-12.988991635635047,-8.891519060210285,-12.746584720435374,-5.403118529518789,-11.582996429234138,-6.084590616457065,-11.313684390670215,-5.475717950271718,-11.974689586375167,-6.702063264815555,-11.97571654796446
712,-6.809011771512299,-13.913585793324055,-9.985493747917856,-15.167981289030852,-9.99999119877969,-17.41571773040181,-10.286672819366839,-20.53420223776157,-6.6453951538453175,-17.277158908069712,-5.728215409759919,-15.914665419773566,-9.627315881758044,-18.37314634840522,-5.376080398219692,-14.923120745484065,-8.87193473950156,-14.893689002378022,-5.7701935407845095,-13.283819835791535,-9.635200341594054,-15.235413342625233,-7.244856687681095,-16.604002516155344,-9.042057841785647,-16.743452416338705,-9.68844185840419,-16.651729016334986,-4.973450079955998,-14.08815802328464,-6.4199781757627985,-15.987609870845386,-6.200022718526582,-14.059088952449754,-6.1073537998969645,-14.302970549829961
713,-6.320366645232104,-13.582613840226506,-7.311165060891691,-16.708479770003407,-8.696710079717851,-16.1746603182643,-10.125751569136872,-16.29459279382382,-6.412562179394939,-13.29327999542581,-5.684510775123139,-12.748066875826806,-7.145211859508819,-15.213813284803319,-4.317250611946672,-15.145533130423237,-8.497975005204395,-12.352420736298269,-4.819463705868477,-11.871260625065034,-8.742953359441614,-13.108480035755665,-5.497839307764528,-13.899050962677897,-9.382926617707467,-12.011796572049377,-8.97200659833184,-14.205217704855153,-5.500662423456383,-11.600979306630608,-5.391543285749415,-16.62056329019114,-8.50931998829169,-15.926639294229668,-7.880944867063308,-15.722170982854244
714,-6.1536075770128384,-12.566494310970048,-8.09692348054875,-14.3834727169909,-11.069215921813738,-13.425170001176006,-9.33343801752213,-17.342438481937464,-7.168661147927214,-14.118128867199676,-8.13619591763341,-12.802598335965875,-8.852126558450312,-14.256028415966187,-6.712555647392438,-16.035168287314843,-8.558471553135323,-13.552182199233522,-8.29506853661815,-12.288363964691964,-9.123440623294325,-15.12833641975853,-6.270575849338096,-13.717193812099918,-7.204702469292381,-13.683843288383082,-9.209624815286855,-14.578867618672016,-9.623737437168648,-12.95983412332232,-6.8572918958970055,-12.2446105214617,-8.234307866636579,-15.22952158698164,-8.414058280972727,-15.200110453347623
715,-6.7912897231119835,-11.501324524539516,-9.775705766114044,-12.021983243496429,-7.9968146811822916,-13.009028106408092,-9.034477748692646,-13.688398488973029,-7.407454009121313,-12.56164862815194,-8.254303315709038,-11.73941558698418,-6.360515372039027,-10.956019623208793,-4.996783358377895,-14.295113389397638,-8.007255912253612,-12.122902242990413,-6.731606366287418,-10.952167454013352,-6.962429164965979,-13.636267615169684,-8.569250095429924,-13.352173436586373,-7.306600009658236,-12.721241585130464,-6.646233235633283,-13.219173169664602,-6.849219121634583,-11.247676036788352,-8.629189912979058,-13.332771543353232,-7.108598555782097,-13.989149906321943,-7.459705590167042,-14.61680554510065
716,-6.3716152189284845,-11.562083890480368,-9.835443052646985,-14.708355396789262,-9.034141743972004,-14.23979969691646,-10.995081146639901,-14.53408575610473,-7.000977917711179,-13.004546665073695,-8.082568449590283,-13.767820339860748,-8.59722594589522,-13.592742265913724,-7.156489928423965,-14.209531315285025,-7.306997173705305,-12.280274239565633,-6.736268736671837,-12.986384131289439,-9.968780685954354,-14.023936859702602,-6.723596271238666,-12.870467563476168,-9.135296061818984,-15.369257961781209,-6.676318821706182,-16.092261654284737,-9.511443163576388,-12.34938560257072,-9.879282788843827,-15.935425056970438,-9.778174294078504,-12.626281806775694,-10.0695158195693,-13.646907975520659
717,-7.041650674569125,-13.017624189524655,-9.81169790324452,-15.359660965444679,-10.03114049994874,-16.67385156561671,-10.229220876796665,-16.351742318315548,-8.639836894134477,-16.533736854486506,-7.947328334551135,-15.421473097986881,-9.785253076229916,-16.244533028082728,-4.915846085117859,-14.015399014820044,-8.818714944616197,-14.448311478224287,-8.671923194862769,-13.838293324938501,-7.889647700784934,-15.605099327029123,-8.201696104609988,-17.116895507907376,-6.787301067417575,-14.186442033165791,-6.8157025355534975,-15.248028465126474,-5.034346249289911,-12.52898433539511,-5.982380208975173,-14.300651649919995,-5.46524057042684,-12.682408536339747,-5.134625027365415,-12.840169490738695
718,-5.080706022847769,-12.29746846913503,-6.816496718017065,-14.441299299451236,-8.034956903017468,-13.03764762359364,-9.497548766650754,-15.437815827949251,-8.028099322108035,-12.714756912359931,-7.901664399669488,-12.387945449228226,-7.222357956098234,-13.031207107120522,-5.978520733910049,-12.941176623459613,-8.182383917981564,-12.829535019512804,-8.384324217524435,-12.023572100554443,-8.304044788659025,-13.063446339834242,-7.0815854447097495,-12.483245465353106,-8.886748911274632,-13.390745406631314,-7.251131514830389,-13.325073398499004,-7.799631987225293,-12.968851029016212,-9.011837919699042,-13.386351014433995,-7.099468533522181,-12.37453006947792,-7.826526280939131,-15.055321456535493
719,-2.576211179036458,-9.698173018200473,-2.3087388042812655,-8.733394395725194,-2.711074738388551,-9.517507194199688,-1.3418299271388103,-10.13434739259089,-2.0865356180114323,-8.904534872476633,-1.8570481687246856,-9.477032990134918,-3.051556659260287,-10.06238680922467,-1.6202096875339485,-9.354222753318341,-4.080818287685851,-10.691104035925864,-4.265548062054135,-12.255967661121138,-5.639237873172779,-12.757821996828845,-6.164347700561179,-14.541337179742488,-8.700125051780942,-16.21149053340317,-9.287998689949982,-17.730525048729426,-6.566386906358874,-13.804154782455624,-9.87286787541135,-18.857131788047937,-8.068624498939789,-17.521993018464705,-5.160598172580456,-14.409398188573629
720,-3.040958407491345,-9.79926923862468,-4.920701788712432,-9.368998515887597,-2.7426013521571697,-9.70754365157118,-1.9271655285400626,-11.0636411564515,-2.716667607949181,-9.44219491611569,-2.425475440050044,-10.485294119267719,-3.400267334460037,-9.71393720569333,-2.564106532101855,-10.21516290732823,-3.3401542063560004,-11.422019368212684,-4.667157114340453,-11.382799995965263,-5.508345571047974,-12.585249066995313,-6.01316225780947,-11.657611531094238,-6.19898689414825,-13.34160212892414,-9.3799499436096,-18.807566169573075,-5.602219100472188,-14.184118790918081,-9.779803996222258,-20.30186432682246,-7.912916533517269,-20.221698975688728,-5.976413038716432,-17.22963748911553
721,-3.00232766983556,-9.541668982546184,-4.76319833763921,-9.129309617203802,-3.122979345375951,-9.788176020607807,-2.10981917878958,-11.12718290718263,-3.0092687820909116,-9.130329319745803,-2.4871342972306674,-10.523693549715599,-3.2608691574848523,-9.649226085963003,-2.495752762899609,-10.684400096244229,-3.86104348471312,-11.129072155852239,-4.615310922673494,-11.714596777256322,-5.645206176868874,-12.86941774762706,-6.267880648102815,-12.577837498351629,-7.5707113726017035,-15.389368145784179,-9.50165428787858,-18.81501516878704,-5.767141990366724,-14.184118790918081,-10.36550826157267,-19.350899271579905,-7.22655932377233,-19.93141900725019,-5.105335483099514,-17.033196958643913
722,-1.9711661602435637,-9.445918301697484,-2.07039814378131,-8.62913020794429,-2.352360168560432,-9.968579423154933,-2.5048899648315635,-9.552584542749138,-3.060565696483321,-8.540511673207012,-2.4951303668441325,-9.928528620218218,-3.1598576535484115,-9.475761790037295,-2.7255768537074316,-10.294402297526393,-2.9054263835668577,-9.849127174219674,-3.4026322403020943,-10.112353265478355,-3.8795809780009427,-11.171258261568052,-4.9028743245973425,-10.765205117245824,-5.263920361977674,-13.110290338312145,-8.763274768455071,-17.284543424485186,-5.33067231228931,-14.620221822313741,-8.85574456781949,-18.166320822750844,-8.764976638123155,-19.106055728915308,-6.704502857865703,-17.918028166862857
723,-2.4993221686106954,-10.033394867774316,-1.6335194662173884,-8.813288564527658,-2.2346741781406076,-9.801749500047706,-2.581724634741342,-10.056581866494799,-2.468678270544035,-9.487569551274444,-3.092832818123898,-9.099520668552097,-2.887680585657831,-10.542332969746667,-2.3413924907263883,-10.31914715418228,-3.9883544667623467,-10.701611587505461,-3.815787997891044,-10.700179963458908,-5.2754327344678185,-12.548394304413515,-7.944036214702823,-14.431551053119465,-6.197632063536096,-14.64411938852033,-9.24699069358353,-18.06010350476963,-6.16665879176937,-13.968591086691886,-8.078713805784258,-17.414410914621826,-7.584520678323924,-18.876174673811576,-6.322014188346364,-17.471621458742106
724,-1.9705438757862126,-9.321001306401552,-3.5298429095302435,-10.637369016333427,-3.1503858385553722,-10.996715545175634,-2.1450553427939454,-10.092428766711276,-2.591829577079152,-10.107505481732906,-3.194190021152554,-9.835007692388787,-3.2363997605172887,-10.79827030775175,-3.704383028686387,-11.114703609921017,-4.527623202119819,-13.379360856535987,-4.972583888766787,-12.956262540352217,-8.334121572417146,-16.218555764932603,-8.7088513891936,-17.353378056031815,-8.63417522803209,-16.429127478265563,-10.78463413395096,-16.997371180345453,-6.958401700830237,-14.815117776125486,-8.404079550476352,-18.987462688112263,-9.14637919466185,-17.96652940397259,-5.896772271667526,-16.25747012849271
725,-6.14062447194663,-13.036822096116731,-8.946614152343887,-14.14741469989805,-9.28863577956861,-16.126745038898086,-10.87196468049806,-17.4081350264734,-9.075587759643478,-16.483823976624187,-8.762764167222588,-16.28527545845912,-11.37607799148197,-17.210744416120455,-6.112161575228883,-14.08708484754314,-10.457535364970141,-16.50584898502189,-9.76017161625281,-16.85716643285513,-6.565494392623626,-15.513949709644104,-10.35099674766883,-16.99067016365204,-7.322194631608802,-14.388639089567876,-6.577011800176692,-14.356872666390048,-4.3077847704218675,-11.556445723614285,-3.7667881850833846,-12.377821429251426,-4.133264537229725,-12.91074616654921,-3.4896700501028337,-11.455340355335672
726,-6.752407350156183,-14.3468613410802,-8.220584159200886,-12.301499184381628,-8.485340712281543,-15.606259811874988,-7.33730453896418,-14.69888599792571,-6.7588553860200085,-12.331248820811329,-6.500138248122417,-14.276923829768133,-8.218479636137225,-13.522535339820323,-6.2392862011688734,-14.743463230049617,-6.96562267860218,-11.210603367968407,-7.976733753578956,-13.732748712992478,-8.374291320740165,-14.283584261163544,-9.740233934160356,-16.50403426591021,-9.136963958027447,-14.673273787161246,-8.029026578452532,-14.133482199780737,-6.2548755254224915,-12.324801731113418,-8.245123723386326,-13.79015585411189,-7.224468890622506,-14.986619588020677,-7.05517290176844,-13.85318925387336
727,-7.78633411122213,-12.875642812257269,-10.084699974716685,-14.979084384887072,-12.705366687229677,-19.611026136526654,-9.261706591259548,-18.800017473336034,-9.375493868696699,-18.637962340345872,-9.655829174768177,-18.367540854256156,-12.513673444164901,-20.458826877545828,-5.47554213436959,-14.483880056059206,-8.627321039134813,-18.335563367664562,-8.739360291203218,-16.034628245897217,-7.731289177223733,-15.588949466170765,-6.546985392604485,-13.400927156419515,-4.183889969175447,-11.842138538949296,-4.489809077779504,-11.414937699646204,-3.0278808737142833,-11.01942174746912,-2.7454684049943,-11.20851634040569,-3.2694429033387893,-10.738280095472197,-2.9376893004896907,-11.20389186109633
728,-6.783481461571155,-15.45631566567079,-8.950934872862597,-18.055902779833396,-7.14848732223871,-13.145228263762503,-12.012576465897025,-19.22382269403728,-10.31631455493827,-17.618684655686145,-9.114376803671579,-17.479157466897323,-8.217178777899095,-15.01002002347829,-5.213984192423375,-14.253547026927219,-8.24377771754895,-16.517525040463582,-9.198412401584052,-14.028063605712447,-9.057683406740079,-16.070001950393944,-11.581384550637825,-19.959074882900186,-9.370816168481522,-14.709897035433087,-10.347791686832492,-17.81154768117315,-6.468759204029926,-14.281299100211783,-11.948324056421214,-18.723533242251843,-11.629135187141594,-18.810593908510263,-7.716109546528412,-15.292305854297572
729,-4.358801960240869,-12.65551723642968,-5.099695856572427,-11.385313694777558,-4.977871586304833,-11.584327885425399,-6.051263186964225,-13.65062842584646,-6.407432639190885,-12.954315017140505,-4.741201777085311,-13.04928256882116,-6.501136267413258,-12.1691386217597,-4.481337280642154,-11.493040638269731,-5.230592770261846,-13.243094424199299,-7.0783131393563705,-14.231024359723142,-7.80433102956358,-14.9410752681852,-10.063584125089339,-16.85601554331209,-8.001598542233314,-15.35378565854071,-9.178190405230001,-17.936433939328026,-5.840460008348032,-14.615127092571269,-9.783981833561517,-18.973216852214122,-11.668147486692087,-17.83085677705792,-8.752516899596033,-14.516902869145891
730,-3.0909951307796915,-10.359832503658277,-3.8245243889068536,-11.133408409396806,-2.9610922859538755,-9.953818088214806,-3.571824227699201,-9.73361897978673,-3.4005035122272957,-10.674982642877575,-2.627424071462086,-10.363103631820628,-3.954018077075394,-11.127928774828108,-3.984249390554912,-10.49407355077646,-3.8599434493015483,-10.576114679242593,-4.957976415346262,-12.636552089735195,-7.0463950084904035,-13.985872451733828,-8.327315567365828,-15.746774662346104,-9.049095386992692,-16.940603445458677,-9.778763893040162,-17.45715088778126,-6.468537359489067,-14.481688890534699,-10.647397516539975,-19.093125344154778,-10.931805641302335,-17.619218575087316,-9.013092195482134,-15.875317255019926
731,-7.875698154360068,-12.490602574860034,-7.65781543587234,-15.11385704945454,-7.70637548878546,-13.648405929938816,-8.232493911233158,-15.695614042923786,-6.837146149254247,-13.326632956748654,-7.569457617912763,-11.260817934898231,-6.360470722763532,-12.767546755492408,-7.286079818636171,-12.522495256782696,-7.01106370886694,-11.618299021817114,-6.371010178423216,-10.708687657064186,-9.012437560615044,-13.64387917114281,-6.776016802984697,-14.373115416535299,-6.240401254721963,-12.435901848148399,-8.351371552731967,-13.938790312064448,-7.300443219508294,-12.43869552812926,-8.558107977172844,-15.314708018670062,-9.824062338131585,-13.204509929258077,-8.32878153057818,-13.26524299234377
732,-7.7669282730165765,-11.887295143814491,-6.481123195823205,-16.10130853687745,-7.741685422316541,-14.62906281464241,-7.2041165245507965,-13.978159250230746,-7.654639383429663,-12.35994362333857,-7.692353800121734,-12.359770354479272,-7.068396985431696,-12.771836018597334,-5.469111480944151,-13.02510371689875,-5.726370506642919,-13.455034476098863,-6.276448035275573,-10.775538776165984,-5.89109799871308,-13.482900492465046,-7.660532900143426,-12.782883727867393,-7.653385107249097,-13.483807030183325,-7.046216182870793,-13.895067361134494,-6.532752141165154,-11.655366046855107,-7.079863088735331,-14.2953378378916,-9.377619417810239,-13.859301510305908,-6.548561011112715,-13.43493955429416
733,-2.2467381973531793,-8.655314536379917,-2.7597805707645606,-9.44523764185944,-2.8984266273745805,-10.22104275552801,-2.6727129660287234,-9.915218918938052,-1.947341043079225,-9.032054019732916,-2.519922164844617,-9.895735500284811,-3.2653756514950865,-9.985825124796193,-3.769450654896551,-10.537599461718877,-3.442924258993378,-11.845009711125664,-4.475226795275396,-12.020988055185951,-5.841210563157268,-13.586532500234325,-7.8219652322877185,-14.561872598527025,-7.919382255422724,-15.835846059090343,-9.282584660925584,-17.156717318791937,-6.070570532099038,-13.727194462940215,-9.500704374309692,-17.148248028838175,-10.327701589636023,-17.741440346676924,-9.634862537653984,-16.357692068778814
734,-5.245596896425123,-13.519772480272207,-10.628631008673345,-14.417384295729024,-8.017558312272762,-15.40655300142678,-8.904235045081359,-17.14031443120085,-8.767104730778497,-12.302104719206234,-7.849252401157834,-12.668605207166987,-7.818965117039093,-14.681615170048847,-5.338275532662977,-13.07933214479644,-9.152928459267038,-13.220315795260028,-8.902283467246031,-13.81520259758824,-11.207609082642795,-18.336290731890145,-12.363730382426258,-19.460361234343036,-9.546339036271744,-17.747462553934568,-11.818536551145332,-15.887524868142426,-6.5414450192598945,-14.362674077311242,-9.276525115470331,-16.605972985462817,-11.819294058195368,-16.652859578873375,-8.257395224854438,-15.317924623574159
735,-6.511339793654448,-13.076366436446254,-10.253599172358223,-14.817630522077984,-6.714183091747042,-17.256953254238546,-9.32209692649403,-14.633831338683684,-8.003107706888471,-13.708803637651734,-7.78637842562506,-11.651086779810838,-6.9044182614999,-14.611373060805548,-7.499561539435472,-15.865200466474604,-9.085184078840488,-16.708463089303994,-8.594310863461946,-15.85460916777343,-11.132406672743276,-18.752259431205793,-12.367277810927336,-17.859346593574987,-7.309066425450465,-16.826980812723463,-10.694830286372612,-17.943166623035456,-6.685521981732977,-16.634997761218177,-8.779753527008197,-16.607700611585155,-7.5085255563635345,-14.707397291990095,-9.028540745911222,-14.57419706600076
736,-6.09076824387364,-13.672763519367809,-7.324860414549472,-13.250754852944091,-10.352450930303721,-13.014688809708087,-7.6438632618586375,-15.472151421758527,-8.449529022300528,-13.413560047312503,-6.055926112803115,-13.328908926250232,-9.047022288670819,-14.072240636788734,-6.0718655999573725,-13.405609393656944,-8.981891071677383,-13.897520589341317,-4.939893269931495,-11.938179830517619,-8.831346805006756,-14.224886935377668,-10.637930388933858,-17.49712912372112,-8.248589145224365,-16.388347734445755,-7.665155758189868,-15.872890853679404,-7.787664517724984,-12.87838679191716,-6.790357812802013,-17.710085844472285,-10.148236336745766,-17.809791051294496,-10.311102583746932,-14.674319796835068
737,-7.32222938912276,-13.180102111449177,-9.415041066759407,-12.620518339692314,-7.468022243825087,-12.655638155015914,-6.533760451894867,-13.507222725626242,-7.488780191255843,-12.774507506329106,-8.010176585715872,-13.3672366744249,-7.290314014053659,-12.378758319172348,-6.7282969651074005,-14.007976852853243,-8.438465886085991,-14.959762103557177,-6.204432456299456,-14.18876694333325,-7.845651110794637,-17.164643277017287,-5.745775964417571,-16.05427912541317,-8.881252165378775,-14.853614511701824,-9.122869878438113,-15.587306413896744,-9.077067395937236,-13.918296860280662,-8.943457233220526,-15.500284920304646,-9.699292121742214,-14.203852198557865,-8.38411366118749,-16.154702680829793
738,-9.050974036666965,-12.630658760328386,-10.049486147952527,-16.00062451713263,-10.099483149408746,-16.107587024114327,-9.878043974629513,-15.727589113385426,-8.462137074380948,-12.489210167396244,-7.693929700251304,-13.780121754405473,-7.593514902244865,-13.746381240358525,-9.294999167087322,-13.977463212820545,-7.757678287132645,-14.961529509834522,-7.330007042740306,-14.710532845624753,-8.200448155363652,-14.340827361976993,-9.529238549704104,-14.417677791181383,-6.849837571368001,-12.89945111760373,-8.928103600091477,-13.23065723015498,-6.900384617927421,-12.99964552597598,-7.8479183731156885,-13.575537417785126,-9.391887325801223,-13.54305199275083,-8.473454729069857,-14.30009879056893
739,-8.330794568270575,-14.377284850773993,-9.629181968446144,-18.37070491038072,-10.929238333480153,-19.12925983653233,-10.61383373191962,-18.530070196138805,-10.298070670782174,-17.097728747206585,-9.227359758322306,-15.132121117919713,-8.569492865914292,-13.718581372714223,-7.191994663895419,-14.41266804850445,-8.394310145341759,-15.971883457425786,-8.044096733639966,-16.16684458892603,-8.594249529115872,-17.23029473242248,-9.623668301743745,-16.224594968075884,-8.339481434049368,-15.56672821483234,-7.96221309869127,-16.01276202101848,-6.036073733744035,-13.14891281375257,-6.864925985951612,-15.60576231822081,-5.872528574014674,-13.439155360821314,-6.451207850782119,-13.081081001599117
740,-6.411421301551542,-12.255881579465946,-7.781951940379923,-14.089350313997732,-8.454032036325103,-13.961588182746727,-8.248259037357315,-17.07147371276595,-7.715979694521953,-15.480770760200123,-6.764663926985706,-14.731750219238283,-5.700593999009367,-12.73336867259925,-6.778177774039415,-14.364875170511677,-5.832219147640718,-15.213826183256982,-7.875958464505191,-12.525499607768761,-6.94194678964366,-13.479784528569255,-7.4237900677832585,-12.788217373571914,-7.416569390824883,-11.464345819334396,-6.9651173436176625,-14.171755664879113,-6.320662457879966,-12.136052883787505,-6.647286635016383,-13.07221328192027,-8.580631830841805,-11.891992306088689,-7.9408140564299545,-12.714062009099134
741,-7.466884277965594,-13.285364992069177,-7.684773543834362,-12.687333703699174,-8.72230801771708,-14.200088895667864,-8.425763001884839,-15.830467329388389,-7.435753379950347,-12.267902733444341,-6.487254718595587,-11.110708569634863,-8.452947370163027,-12.691205134592929,-5.815232572181767,-11.346268736251329,-6.357188369045047,-15.231225964518316,-8.163098299247784,-11.694051268328717,-9.2295022129903,-13.187564668686651,-7.945545868490354,-14.541358585577509,-7.8679943278663735,-12.632764350926555,-8.098199039920583,-12.492954693462877,-6.749593647615681,-13.119177169757272,-9.804020696668678,-14.739665563449755,-8.97846736037011,-14.381096912407838,-10.116345069850572,-15.335978840818033
742,-8.224685754695836,-13.358438704736662,-11.357928047468487,-16.58911650904241,-8.919310613470259,-16.027491142412586,-11.314371678338171,-17.610429886213367,-9.088854461167198,-15.771303427337815,-8.427810018622552,-14.829142200086165,-8.190952315989062,-15.3000812423329,-5.987099824312249,-12.973819874830024,-7.244305787573224,-14.549827226467563,-8.47522573717034,-14.221049137671821,-8.876421326784937,-17.269984086761035,-10.1573035703329,-16.381901341722426,-7.968835185335075,-14.409873359256707,-8.049200590753,-14.40601008552159,-6.519478793546403,-11.661231673188816,-6.809669844956009,-14.053459072443037,-5.338805174892699,-13.466029627906448,-6.765943288706497,-13.621477904886511
743,-7.36696610402937,-13.562269030064499,-8.392311703049922,-14.912005164518884,-8.564486580061994,-12.650388528726035,-8.042143617217928,-14.646187047280442,-7.130289533286396,-13.44196334902451,-6.972329684930053,-10.856957235796767,-7.2593759617965326,-10.661564948728993,-6.900875026123358,-11.076104341313444,-6.562847573045704,-13.541511678196676,-8.449631368302637,-12.837961241238547,-8.05837089233501,-14.218422687146608,-11.06579762094848,-16.82578648104721,-8.602210800239648,-17.22012576559991,-8.17332688507943,-14.138025471934547,-8.156559349985328,-14.950508153930947,-10.861845769406433,-16.314684866098293,-7.687275585502103,-17.97369563124737,-9.974199010627267,-16.40285553008922
744,-7.257159898378198,-12.735843904814994,-8.82369323853678,-14.825440663745752,-8.099870215800673,-13.628342563209186,-7.233573157820892,-13.309111641137532,-8.483597752891404,-12.426546057549928,-6.907409044971638,-11.899264547895568,-8.171842365994914,-12.698666070245196,-7.572942397514687,-12.691936533596852,-8.25576475777151,-16.01053314656786,-9.829205136984934,-15.462503151712319,-11.081224034766484,-16.499261701076808,-10.56569706917568,-18.496357372036144,-9.71699517924849,-17.7093511193251,-8.173141186207925,-17.8207411347902,-6.891899218153031,-13.775342026627104,-9.309238157306586,-16.927352884145854,-9.11047703869357,-17.095260797720016,-9.370715953174555,-16.4641100857327
745,-9.9841831622929,-14.005221196418727,-8.780309623100514,-15.964296353872463,-8.168424038931176,-14.684934136424268,-10.835776672123824,-15.60790284282599,-6.739339090854695,-14.020262720838302,-8.973057202498815,-12.9141779532446,-9.0883839848883,-14.33819667839173,-7.598782045593257,-11.541625035593084,-9.025072837008727,-11.874044262227226,-8.530073771445688,-11.971573984235807,-7.9263489736638,-13.826972093962471,-9.387613031311814,-14.548679351309993,-8.15280471634073,-14.581520709028972,-10.113451177394223,-15.292749685737903,-8.536830129016877,-14.03815966047464,-10.20989001622933,-17.42822897957723,-9.514519186816926,-16.713243403537675,-11.779788278402364,-17.59362701340231
746,-7.794547965292389,-15.132920628280884,-8.264124558890597,-16.13453122377565,-7.628136404352356,-16.93094309524617,-8.168516574340059,-16.654255505440418,-9.616451487175068,-14.904667775680284,-10.075682318294339,-14.951921389578795,-9.033200188440052,-17.166745043173158,-7.545881507605005,-14.063469660610842,-6.77528003551765,-15.405552228565076,-8.230813124215892,-14.828966602683035,-8.58028249596648,-16.247467246055084,-10.732021326169063,-17.27966780702421,-10.031049573938432,-17.462526068399914,-7.645138872924083,-15.433247601047121,-6.311767627934859,-13.726896596282057,-8.48767138123934,-15.3319539351328,-8.660292393378535,-16.72465015047324,-9.01875228159895,-16.756915614881013
747,-7.809552947036592,-13.949452493758084,-9.228444737461464,-15.190637360221249,-9.881493205011614,-15.015910939553688,-8.659950851975095,-17.0893796058059,-6.935996434365926,-11.606251718345579,-7.5328112186751035,-13.219607433843443,-8.366128747868869,-14.234414581486961,-5.945278447872603,-13.888817052605853,-8.04179440877475,-13.346041992746313,-8.886905669915944,-13.417588283143942,-8.657023301900116,-13.892772917783807,-9.667696720633018,-15.215331803477453,-9.563262048565138,-17.710860328730636,-9.640457462815462,-14.90022903538403,-8.285182814448218,-12.427715066403792,-10.226169341214176,-17.670204752612417,-9.796603274370062,-17.442149504104382,-10.418134453005496,-17.67523366877903
748,-6.3541417504663755,-9.753877230599596,-9.324187079359508,-15.487529084879325,-6.929839590151808,-14.631897166461933,-10.44749558459046,-14.822439369670759,-7.23320352798993,-12.113959176312495,-6.224510863154457,-13.08500727262076,-7.226278445509814,-13.487277074163536,-5.55693634204279,-13.79435226952352,-8.33360808429806,-13.081722880620838,-5.10020933257209,-13.859948171239324,-7.779465794386182,-15.079581651889322,-6.543209275212588,-14.026642473303514,-9.245235409577171,-13.595729679616714,-9.016649751401246,-13.732752534366044,-7.2559267175781885,-13.489772526249839,-7.405163596074673,-13.97087185571985,-7.118954703281765,-13.041498467726038,-7.443067828280544,-13.986689557792582
749,-7.262934423470754,-12.706493287611293,-10.693652570947151,-15.485570783960531,-8.42561775621931,-13.835758661306144,-9.794917409983501,-12.703770881172636,-7.70402070982919,-12.420609962949099,-7.53979839659242,-15.277680168680936,-10.253053443099702,-11.749365921376917,-6.568756729038965,-12.636209340541846,-7.694933293434031,-12.591593621017989,-6.424199524570307,-12.224536987129417,-11.207152747650365,-16.914025568176125,-8.597823348446779,-15.77761279345359,-8.201087695247244,-16.04242794671801,-8.533682179550349,-16.01892276169902,-7.945223291883767,-14.332213542030631,-9.688910059849986,-13.876767194869108,-11.234069898319985,-14.997945045509734,-10.807342524462873,-16.035240687511994
750,-4.609285948224956,-11.199639944664776,-7.807346633720586,-14.330699858590116,-8.319999538092333,-13.43398768653039,-8.827440773246483,-14.40686378122445,-5.99395918827782,-11.901361041627109,-6.773018459740134,-12.58367610764741,-7.795598651925543,-12.70040115332408,-5.657082929397191,-12.432688567201723,-6.491947375339496,-13.71883676873235,-5.723947313502404,-11.278664317504443,-7.565461333461147,-13.880025767466979,-6.68734877909375,-14.050729921672065,-8.744147347990175,-14.896433218006017,-8.723889227424435,-13.281852392713208,-7.156585758772658,-11.83293406215711,-9.64627509604052,-14.235043008632452,-7.862692807808063,-13.972956932738326,-10.026091612076858,-16.14230443857804
751,-3.6683081887236177,-12.924319733309975,-6.416623615082482,-12.92384755978083,-7.253101769049741,-12.025485867368548,-9.433350572675076,-13.559432499820863,-5.611027286860528,-12.36673594187787,-5.129760236960096,-12.515961138657033,-6.671630718029114,-12.739738775059886,-7.5031485316675015,-11.695415781796221,-7.188291445944466,-10.482469331509224,-7.002376375644479,-11.075509284672776,-8.353554330550336,-12.88824404229333,-8.972499496315871,-13.752199232236524,-6.511289219188438,-14.26040058286101,-9.530779336563997,-14.244444660610798,-7.436853626786756,-13.077301217895702,-7.957881820209676,-16.15597601652176,-8.152507395498368,-15.564738398104046,-10.102438477686617,-13.994294758177414
752,-8.884912552153331,-11.788780057295087,-8.087025738512208,-11.205737260595994,-7.199059981529771,-13.870042219022663,-6.950112183622325,-13.2161318214232,-4.933265669459858,-11.387851119783942,-6.30429922448157,-14.293850647869665,-7.1353191242712075,-10.877866122484399,-7.062165832420515,-11.11269935941472,-6.254448796902466,-10.750734560784016,-6.377391901225486,-10.79030078889975,-7.679299113880582,-10.773137760823827,-7.4768395226890405,-11.863611765858657,-6.96354267156908,-10.59305562551215,-5.911200482784463,-10.744635854259823,-6.439689436355592,-11.328052677092462,-8.008781160108422,-14.35728851365593,-5.860957041828473,-10.604973666397965,-7.4873735094329525,-13.146701675273677
753,-8.147169235595385,-13.7096086286078,-6.34458404003155,-12.698984418112191,-8.643646618312474,-15.752422078927227,-6.267406745209897,-12.89824101878408,-7.721863840579047,-11.103735258400762,-5.332413739552438,-13.279283879246154,-6.442789123995833,-14.54853294871411,-4.607748569751015,-13.128765669500401,-6.1666146192633295,-11.91693986072248,-6.318937237390843,-10.670048039603117,-6.6926902457751165,-11.739438044931712,-7.08277554973127,-12.72785435314723,-7.556413804124929,-13.011418957053689,-9.453324021567477,-11.60080902600832,-7.819693455987692,-11.45902931402585,-7.497867635208896,-14.071901819620958,-5.5746389121014275,-12.746403540203373,-9.222655404822728,-13.255680836386873
754,-7.719576251634135,-12.30558151249479,-8.455814640974246,-14.003857954862713,-9.135209886462874,-14.513885927295272,-7.661653639123926,-14.389055767453565,-7.194875112705487,-12.891936427378708,-6.6148756282163745,-14.235690834181431,-8.393794633115242,-14.712656796150688,-6.630479808583799,-14.850097797702553,-7.193154209869814,-12.146911929674184,-7.11839637864866,-13.06349154316258,-9.046602435902695,-15.162596635477412,-10.355368482759753,-15.400940924411458,-6.9110173568085,-15.29586653944346,-8.80325214968692,-15.360775327891677,-7.857497523966916,-12.639439292429488,-7.882065346890049,-14.502502398612254,-7.2407351242397535,-14.879667910927862,-9.835337129139207,-16.63684362406871
755,-4.083351367003331,-11.028384302182832,-5.600004217100611,-12.73709678667814,-3.4319544281289716,-14.005122732527425,-5.1110391277567535,-12.856606087324637,-3.412198893697748,-10.505842823691403,-3.542807861358682,-10.32967823300835,-3.225824104807682,-12.511665036867434,-4.090707339547607,-12.040218341554327,-5.191076856084406,-10.59495978865055,-6.542282980664105,-11.457998479757144,-4.382920443385764,-12.565295526038616,-3.6612050607482356,-13.232767301555429,-4.284630397770878,-12.721537976874695,-6.993340747797419,-12.787306051145453,-8.218639372324581,-12.741906603207891,-7.325140750535414,-15.41092281331066,-6.874535246651274,-16.587548896210066,-9.253645070180678,-20.04959906195026
756,-7.205650313451903,-12.02549141275423,-7.132091356719068,-13.405436445257717,-8.429865889784235,-14.260422373850872,-7.999798770871054,-13.663445174897664,-7.8501753798386,-13.312807332625079,-6.907626379959744,-12.665336314146922,-7.947402762722586,-13.012628797279904,-4.712457115408039,-12.914685793754632,-7.45461821498492,-13.348842695079794,-7.359885018724563,-13.035596222599835,-9.077959632791549,-16.28126906198006,-8.907799364648014,-16.15818947166785,-7.907572117011849,-12.720548216453508,-9.808264940610632,-15.63474295153535,-8.478805938671378,-14.90064855306837,-10.663466031613169,-17.757363381468156,-4.6676016280992725,-16.330327419763258,-9.712428180749189,-17.527873262234518
757,-6.649097416479885,-14.592584812463933,-9.292865407835386,-17.20297333547257,-8.178011927490555,-17.305507299809427,-8.984701854517832,-17.528264493353458,-9.2508846079784,-14.287226349085447,-6.291877966950277,-15.353685475272417,-10.816195340375554,-15.556907028579111,-6.2646427257493995,-13.29650530399904,-4.688707558292304,-14.235810971394862,-6.017821167153343,-15.530860337397652,-8.721353590073274,-15.254965546732018,-8.515569579857216,-12.880159713564211,-6.816554239318075,-12.87991289909886,-7.020356604184007,-12.668627938226669,-5.523244172746256,-12.742497366982171,-7.242086767666857,-14.395002059199562,-8.680158160644284,-17.08102149410944,-8.51851692668385,-19.29912065931059
758,-5.057810602225579,-12.14187559563453,-8.620410057874535,-13.349353093726016,-9.58301764368877,-14.752551476042592,-9.379027399440643,-12.939814442628625,-8.613036746822301,-12.296313405164822,-6.139697963651891,-12.803348276316735,-6.34308753171678,-13.505745475847279,-8.139631549950288,-13.196164374826262,-5.128591634234567,-12.8206940737463,-7.629183766401458,-12.72584293230195,-6.298211571592248,-12.595798674579674,-9.733617458166567,-15.925800571547793,-7.454370808765906,-13.006520244341989,-9.036652174736423,-14.202169282555753,-7.8712409790969,-13.140434748593117,-7.420485063252315,-14.27037826012114,-8.649600424181903,-14.984882220677989,-8.562184277238918,-14.4265712447994
759,-6.345179830931556,-12.960224821019178,-8.095640573517407,-14.827361592748733,-7.918814740184895,-13.256493387859065,-8.822703316364441,-13.513663926176903,-8.055654825620465,-13.411264842887974,-5.80216831818014,-13.309631431300442,-7.816784943074272,-12.503384707801233,-4.911916776613513,-11.985920565637638,-5.4544859616481105,-13.669510058481336,-7.633430344183035,-12.553193903583944,-8.997525906249908,-13.670524584393158,-7.786088057894707,-12.48280384453623,-7.711296144283683,-14.056402579035064,-8.850475870868182,-14.624311954953038,-7.0237802061512795,-12.375816705087619,-7.048418496530282,-13.052274593458783,-6.946544622398587,-14.142334554620202,-8.16030600499757,-15.026350875668085
760,-10.423045658080973,-12.531677421683954,-9.458182172400708,-16.01853819706762,-10.097600584230387,-13.673937707113817,-8.005576448086536,-13.958273493131157,-7.570644052682932,-13.122101382111747,-10.39924622962591,-11.273466293014494,-8.607394391122774,-14.466473233140311,-7.130607890195451,-14.495442102282842,-9.079470050207513,-16.43221404884137,-6.547493584757297,-12.539770489611715,-6.970316205304514,-13.476142515059033,-9.792797656755607,-14.757176519164943,-7.336375187385558,-12.369506965390407,-7.711163570734058,-16.02377139025377,-7.8591238414446885,-12.93281588644838,-9.535319791723333,-13.50255002424573,-10.394440511820317,-16.56683466309338,-9.184113526701038,-13.469757762688229
761,-7.2755418169656805,-14.352743489966329,-7.628543848402842,-13.767114645493727,-9.217477415374395,-14.149037623557689,-6.889359515341163,-14.047531404286584,-7.436532812211608,-13.084472373628046,-7.435084151655682,-11.968601898814272,-6.774476879613598,-14.646929626737927,-6.409262173293692,-13.89360877890165,-7.972307032949715,-15.932968654863902,-6.238877061520486,-12.814060541847638,-9.805524143026979,-15.84675955160459,-10.313995959712102,-16.182715509038694,-8.541173013061359,-13.852390988763382,-9.082308836564689,-14.079968709280127,-9.238793754222437,-14.862003987490857,-9.56468059833786,-14.720306161627974,-8.47879659239947,-14.396942180425,-10.605674270134589,-16.04525782690741
762,-5.585322077108083,-13.824019215922878,-5.354214724386603,-16.339722516018305,-8.482074947998706,-14.30667669426799,-9.204957945302919,-17.352563408537055,-6.1137616037841696,-13.468375180545527,-7.272239252077549,-11.344114839928704,-8.39181944198992,-13.208808205652547,-3.9721331188636633,-11.683759894535871,-8.710968502490283,-16.852646610532013,-9.771573485575223,-16.816699134188017,-9.786920558590964,-15.03119371010696,-8.410591627270922,-15.42495230653406,-8.774867537305887,-14.49072681888942,-9.172856905544949,-14.165727970269756,-6.972568503196412,-13.020561879035268,-8.218192812783943,-15.165292445866685,-8.779117866413483,-15.413155227193345,-9.321944682840238,-15.423591084650425
763,-6.116326686882603,-14.113833919011816,-8.490308193499109,-12.454270687646147,-8.486616190960639,-13.760509715783133,-9.913767426284704,-14.776924416569035,-4.993014923419304,-14.20788200805921,-6.3112987377432725,-13.375099024551876,-8.141309257429022,-14.727036370637103,-7.36360247579141,-12.98135155890247,-6.274316952953836,-13.101798036838181,-7.251646334497703,-13.54551602245898,-8.623292755095072,-15.22286558989001,-8.96914889265426,-14.519343398015396,-7.141883571092982,-13.893125799677295,-7.4804757174809104,-13.320452990244027,-7.2410066535362745,-12.170015553953737,-8.835307329481953,-14.188189100301782,-9.87524920902975,-15.658089862799901,-9.616417865932688,-14.385997948432701
764,-8.566286270936256,-11.750958814218889,-8.43815648195074,-12.9602048294938,-8.86271869163697,-14.609488142484977,-8.707367669010956,-14.798698767071778,-5.745369467144611,-14.063781426633476,-5.974913144807732,-11.711996960916478,-7.681942585452298,-12.796222751890431,-5.891825190742072,-12.953884766012694,-7.513083682798946,-14.185697383092151,-7.897771725910916,-11.785494031865927,-9.074566969782998,-15.29424815711092,-7.985014347195581,-13.559731033377387,-7.841016997439211,-14.79703300588671,-7.886354050713207,-14.51534677514058,-6.163053117007639,-13.476103071978052,-8.834706043096844,-14.918252271452822,-10.771361202811962,-14.844529591888582,-9.362159995783179,-16.760552917172948
765,-7.416859815452746,-14.845113343010885,-10.55373933112394,-15.022941355722239,-7.03712692596074,-14.550832615856308,-8.738380813200312,-15.511201857009132,-6.9086951151080225,-14.628596630045323,-6.2844180778636485,-13.79130837968334,-9.033600097956125,-12.117646793300088,-6.179904285450476,-13.339811151432606,-7.555543261127413,-11.375267284247288,-6.886367229140413,-11.016026659031674,-9.103892582005908,-14.431822390363774,-10.6899656384968,-14.515723619097923,-7.878472291836945,-15.491614342733593,-9.503247510970517,-13.87138283057574,-6.298398667647041,-13.335462390515666,-8.273594054348031,-16.330375200436656,-9.927730732593192,-16.299261297122193,-9.929756291249664,-16.240070493247643
766,-6.874281592983601,-12.537624609194927,-9.49041504582452,-13.889884725679378,-7.851276110846088,-13.186407038726141,-8.693396465650927,-15.718850809576978,-6.706989299151608,-11.8747726499988,-8.075703478024916,-13.044404904907609,-7.6876838661697535,-13.702604735300884,-6.086423350011154,-12.400851473762076,-6.958516388979525,-12.895308472198186,-7.183118803298486,-12.158403700215029,-8.793331269342389,-13.292804978290853,-11.670907295435464,-15.15550408988773,-7.469670213123378,-14.354131277215442,-8.76113030599641,-12.77676344234708,-6.664828567871095,-12.172719187115037,-9.054395809862498,-16.992065710509923,-9.76940541178498,-16.202851521121282,-10.827651373442016,-14.07447046513505
767,-8.936654529260954,-13.466699553854289,-10.206992016326273,-16.00680611242834,-8.546238144541437,-15.792426984405338,-12.43079951192103,-15.768233389354204,-8.256449098209385,-13.106238107633574,-8.079503258054725,-14.252546339807363,-9.40330083583383,-13.40154161482413,-7.32995822508742,-15.14037833792547,-5.803805358734322,-13.340173337518843,-8.01896312312183,-13.674042890625422,-10.544272234899996,-16.13945752155403,-12.550873563579163,-15.519167957634014,-8.162367259652678,-15.438981418693258,-9.422027445762303,-15.945673880878772,-8.14504066267055,-12.937317265687941,-10.183341008376352,-17.029949466421968,-10.043024832609573,-17.129317143398595,-11.536196317689033,-16.140744357723204
768,-5.132274547090251,-12.506487945391509,-6.058083989349448,-14.324409537618273,-6.735703634783298,-14.29202166112934,-7.574477771500355,-16.22420548780873,-4.486105325836522,-11.83935352533325,-8.066426472877561,-12.184353646631543,-7.682767861722604,-13.221277497577129,-6.0865291335113305,-13.498394271530593,-6.337629571748645,-13.058246348855516,-6.145829709396654,-13.534226044842478,-6.265711037638001,-14.846016398890342,-8.095214204603007,-12.662292075346702,-8.417702349379187,-13.04416390475836,-8.69557722453827,-15.385207520856186,-7.587262456250591,-13.912483601816493,-7.718026414871238,-14.624883970633732,-7.834962413478282,-16.161397460590962,-10.418200899187603,-17.5840902578118
769,-7.501518209802617,-12.579458156377793,-9.676252817064624,-17.308601515237644,-8.96829914287006,-15.835126536159798,-9.694920892728184,-14.339541592886285,-5.9641727132844835,-11.914910637811783,-8.152016205157448,-13.753669444152354,-6.062470001878626,-11.265431145954459,-7.324625533491494,-14.028346660849039,-6.65841569836069,-12.466192752963172,-6.925420719847507,-13.810290370757794,-9.902413362096599,-14.808961357725071,-9.430874281285655,-15.924328053683439,-8.133244229181464,-15.019339866494068,-6.660655256164514,-15.361103340379145,-6.048212837239597,-11.471764457816276,-6.935033592299775,-13.79773381328693,-8.414812052791847,-12.292637476264531,-8.878652737867474,-13.94889578881588
770,-8.993271264603433,-13.263747511601817,-7.3193964292889255,-14.048522520159391,-9.256213297648557,-12.754784867299227,-8.932867025658952,-14.458104008680518,-7.253069279418286,-13.118589279216526,-7.081120960885649,-10.822816604712681,-9.554298767085088,-12.337975032227417,-6.461837428676459,-11.909436831356162,-6.897101862763714,-12.634641262868747,-7.698196859558713,-9.206169674034534,-9.135661066555702,-13.443613189721876,-9.592301004432823,-13.739901903613404,-9.643089007843935,-14.529603571974214,-9.552918488255798,-14.326997703025155,-7.93074273652244,-14.147089094913692,-11.159269401071626,-16.387555782066844,-11.086896651461636,-16.106126814360067,-9.420097918348224,-19.191171364405836
771,-7.303609218958071,-10.376661869205769,-8.560609512506572,-13.481122784761382,-9.40380768406036,-12.909454037338437,-7.09443071127251,-13.296100605472576,-5.912392954300927,-12.72270981543852,-5.5184779012276035,-11.529673451598105,-7.155313068823434,-13.020672966933697,-9.162890591382425,-12.520937775822613,-6.925578379539912,-14.028178748025493,-4.653957141176951,-12.503034602269274,-7.1206397788545015,-11.794207844384005,-6.9800873543671385,-15.488790974254199,-8.298245595626435,-11.884625351197757,-7.643314456173604,-14.133446159405674,-4.52040062304683,-14.199447209645776,-10.748633043478682,-14.48325477195334,-9.5395841489473,-16.403330452872915,-8.527525439716698,-17.905129882666913
772,-7.306468615876889,-12.569426067943912,-9.708079265059174,-13.379954831017402,-7.885804954074782,-13.647261292565018,-8.223055483662499,-15.716172665324548,-8.23750783294268,-14.903688891937998,-6.809051967007123,-13.541727431969985,-7.2415154738379295,-13.41649240356227,-3.3639415424021517,-11.861090219474818,-6.4585186790860485,-15.673149960308878,-6.99900932125926,-13.106304268555327,-8.447592827768487,-14.356910830023416,-8.286135004216256,-16.72857853026895,-8.417640761939957,-13.547647470764705,-7.977680979787523,-15.38625953603777,-5.348339375300104,-14.58743793800911,-11.15870931716221,-14.069122657346185,-9.285305379002406,-18.00906979944278,-9.5516323260548,-17.11152465889018
773,-9.080283710506437,-14.237109094300997,-8.225345431696024,-13.838535889417907,-7.922245410243861,-14.082101457001064,-10.004805410713832,-13.650612301767186,-7.9947909448510766,-12.406425804622167,-7.2651520571055395,-13.395427457792843,-6.065897619424414,-13.601454848829125,-5.262202700144648,-14.766524314631585,-6.7240028932088,-13.396563657604085,-7.8667640202914395,-12.50018499857286,-9.403150513259424,-16.0507253437371,-9.552993074873063,-15.506750003321894,-8.979649484892747,-13.254209009012092,-11.102940766990699,-18.261647107388413,-8.678393966118612,-16.97486574501165,-7.911751456549927,-16.623159064673306,-10.499299937719066,-17.19957392877739,-9.737112503415837,-15.473411275034543
774,-7.30599945939624,-12.524257981691635,-6.058543817092352,-13.284558740003206,-7.2689997556674975,-12.06331190334458,-9.345544174008438,-13.457419287631787,-5.656766540031095,-11.581329830395239,-4.603833060560375,-13.073154063889433,-7.4877171535678775,-13.451211148867328,-8.59460350108428,-14.541297130399043,-6.79890193456901,-14.971485483842166,-6.9703915852243,-13.276492227932257,-9.446413627106216,-11.926627471277822,-8.653172642896248,-11.850800493987588,-7.688121257332051,-13.53758829247321,-7.577564041699333,-14.994166099540763,-9.378776110940901,-11.202393784720952,-9.660220011600893,-16.421873016216622,-9.77060901333281,-14.744598643366595,-9.554212623684114,-14.155909650345649
775,-7.679067962502078,-13.378475506234203,-10.009903217080083,-14.107992056598066,-9.000552084848373,-17.123688345807754,-11.564706346068219,-16.663727754896527,-8.481276795353303,-14.275774622283027,-8.394375874195676,-10.94315258776372,-9.723313564722334,-14.6686857595186,-6.502855584078262,-17.62909997563972,-8.92773919770303,-15.536223841494653,-10.709425387296678,-12.660211079522586,-8.124593632251162,-15.295855585751221,-9.628451477850959,-13.002811231860932,-8.672453973583707,-12.765032445701802,-7.32343472122424,-15.239366618412928,-7.919615936146079,-11.707134555813528,-8.65266556945896,-14.60345372354311,-7.665082233038164,-15.086075617169994,-10.313723960793501,-17.395653913728733
776,-6.19589976900622,-12.480897452168707,-8.098270669439426,-14.036464323010884,-7.817150969828254,-11.805496193638245,-7.464097782800359,-13.387088868473347,-6.537338690621416,-13.645316719085137,-5.451041712401258,-12.97255968813964,-7.208705054060141,-12.846882161811655,-6.1931169016656265,-13.214905160015222,-5.890064710993283,-12.338355599555735,-6.664108170673457,-13.104026431914665,-10.323481700905344,-13.379713320916498,-8.303740653978139,-14.755249987902197,-5.018200083612711,-14.396090877799374,-6.896489947711578,-15.457607740901881,-5.626156261011995,-12.729158007605621,-8.308073242828584,-12.992776194212833,-8.322741632493564,-15.03113367756578,-8.737582049913748,-16.819545347190388
777,-7.3512210797208155,-13.989042685350263,-9.820006122703639,-14.689153211777061,-9.671574533798886,-14.687009660163515,-10.149005295347067,-16.855109638273408,-7.0598703799092535,-14.337372843888776,-7.24065233175211,-12.021740481040917,-6.459158515042712,-14.006925952104938,-4.806352872054834,-15.156701996331883,-7.078620277703908,-17.540552511211718,-8.713539468089998,-15.071553925452344,-9.836904593465196,-16.12906390269884,-8.74142137733502,-14.949102457184162,-8.828038213484227,-14.388004704811234,-8.7744548851134,-15.985123622598564,-6.482779755796098,-14.487065337070522,-11.392164380156444,-17.18076758537508,-6.532236206156512,-16.107933004693237,-8.529552960980567,-17.350993032328766
778,-8.994005406845021,-14.218303029970347,-8.185228585122085,-15.168939552659582,-7.396666755261602,-13.15057111299221,-7.337141541937996,-13.230113279213382,-7.4072673403029015,-11.463771495408974,-6.517034272735028,-12.357420903969668,-8.016337160344838,-12.51241398729235,-6.761330323443851,-13.05154966867526,-4.4418081173828945,-14.278843101655367,-5.92496061809313,-15.195584990737379,-8.762414958337123,-17.19407808440652,-7.77863416161982,-16.575426857214815,-7.357989884050998,-14.974545319823633,-8.276628362948173,-14.418359260312553,-4.8439613676422235,-12.794728845843826,-7.486639682557122,-14.331190179865448,-7.8754138547793815,-14.057760795804029,-9.214006708371153,-14.01483012246598
779,-6.592083726050088,-14.60925387109236,-8.787750957337291,-12.87010067865893,-9.470291874441779,-15.033358012247497,-9.761194718926854,-16.90107824316135,-7.649648557982939,-13.97936378180155,-6.204863615988811,-13.261453658078363,-6.437039388272567,-14.106535160719563,-7.872045736160095,-14.166482083203464,-5.548179954921522,-14.681530065117554,-5.9527736918026966,-14.183779823596739,-10.508844201147038,-16.54510575917889,-9.255098463590816,-15.468554708348082,-7.598831932884256,-16.278237760799467,-7.534913162219813,-18.1379671881036,-6.137113725652251,-15.097676466142136,-10.346306998444135,-16.676410717698893,-9.223766541163013,-15.412019047553002,-11.181548062411466,-17.232413977416357
780,-6.71671792728845,-12.443573425571357,-12.12508619474124,-16.510695991344686,-10.549065532011015,-14.604575999576394,-7.829996496897557,-14.700183139940279,-5.13879140170805,-13.95311643616404,-6.0522680171974494,-13.75336130916639,-7.050358926799002,-15.427115315410273,-5.042444585129334,-12.741324739902709,-6.931116518423863,-14.200720036139373,-7.561118639839279,-14.60912505059192,-9.190895227993813,-16.61663634554006,-8.495724847619798,-15.79300589649273,-5.932373668548476,-14.239600431275889,-9.056898968938121,-15.258776201016165,-6.221335195334499,-15.011242706323305,-8.379680297281432,-12.445154681099915,-7.72523529556504,-13.822716161220761,-7.48995531580066,-14.177198631439357
781,-7.484613186631453,-13.91409316629759,-10.325496879872006,-18.368485134243336,-9.363569960258168,-15.580696260555937,-8.65389550879017,-15.191479797556479,-6.137483872060113,-13.597004517879832,-6.926483798125731,-15.11685543807528,-9.14209856833484,-14.644571450082651,-6.51167006374561,-14.397989395760787,-6.421216684702985,-14.951653226469183,-8.378783118016294,-13.45177007866943,-9.586945293073917,-14.268783074772005,-8.764951315763934,-16.19829961671347,-6.923354615681429,-14.772638548061565,-7.453977760764392,-16.225116251439868,-7.851056928718015,-15.711953752638962,-9.341687118822941,-16.051222747023044,-5.781858274031557,-15.916386905374356,-8.754880592334423,-16.661894811621778
782,-6.226410403507337,-12.287075444049984,-9.946410169387951,-16.010566074887574,-8.49359205137429,-15.654395365389531,-8.659328683435392,-13.313717216893416,-7.016078126385015,-12.935819839292996,-6.775628998842002,-12.183335797137698,-7.919511319379233,-14.572993579215929,-4.8289857360610124,-13.1038434300348,-6.542279185977757,-12.531732485781896,-5.444731544945021,-12.19746092633438,-7.387907390373139,-14.838035872331561,-7.457469265000649,-15.167172374370363,-8.448758787516542,-13.533691626454464,-8.184413502755373,-13.717495393167649,-6.463757397336013,-12.963698505906144,-9.948069563104399,-15.574989205779865,-8.137491705543814,-14.563094057645333,-9.43530318776184,-16.8916494517659
783,-6.984103480545648,-13.461110061245513,-9.451956920585546,-15.298135644645905,-7.235969327323183,-15.36742324935693,-9.276494299352818,-13.974904622036172,-6.842515661071889,-14.344733810797033,-7.457241515705638,-11.759492184741244,-8.810171205010697,-14.76523459402218,-5.928431898492256,-10.70313479842162,-7.7319816528604655,-13.875367265468277,-7.589788063739329,-13.478287569359374,-7.440751380996817,-14.186459214010732,-8.524422926193116,-12.655466693160184,-7.169077593566221,-13.176372190044933,-8.810394607787796,-14.197802577520855,-7.368416047603864,-12.8748597412763,-8.366722070422133,-14.368790490113593,-8.03786023024726,-13.627940796170648,-7.96297719992114,-14.115822048004143
784,-8.464333085695895,-13.712198305927592,-11.114206119914666,-17.173775657012406,-9.628905532076553,-15.555416897403196,-9.464962288605207,-15.019432369436956,-7.6962645444325775,-12.695501630400681,-7.685788886726751,-12.904212471701342,-10.461045918070218,-16.127822145817248,-6.395998827999558,-12.832866085547316,-8.579552413806187,-14.461825665561285,-10.433446770518504,-16.445633805126707,-8.834051898473895,-18.003057651736917,-10.701287196802635,-17.514274439405778,-9.664126491649649,-16.281122866617086,-10.155203621061442,-17.2655878583776,-8.392854975548541,-17.000433825120986,-10.080180236270056,-15.796516176486064,-9.020165293284117,-15.172149753569075,-8.163219338551993,-14.748354760436532
785,-8.12521348252831,-13.898910010810358,-10.749794039723891,-16.78502188073209,-10.100103291954062,-14.974304746162943,-11.440816861066288,-18.812589572907527,-9.37342005756506,-13.352949973570054,-7.3301846456411655,-13.699074220126715,-10.283676168289889,-14.800121836030568,-8.235681978936976,-13.421152158451514,-9.029186556816207,-16.59690801736544,-11.31731057257175,-16.79031624467932,-11.115334598724381,-18.38864711582189,-11.263395950938417,-17.487812141313192,-10.26441504285982,-18.590994608971258,-10.302225168445416,-19.01444102345145,-9.727507281055313,-14.959270186834388,-10.221908486492897,-17.30492664583943,-8.262002305621165,-15.852092521983481,-8.73744365448598,-17.47925706655472
786,-8.832517865565748,-15.43527491160091,-12.092803682502833,-16.543308871667467,-9.560038159169137,-16.952202848855794,-9.845607830872698,-16.174835494634213,-7.952840275165668,-12.794695284284,-6.799794176208263,-13.233032111811342,-10.617035461351506,-18.03388375318286,-7.522737416741009,-14.622970664858475,-7.9725184224538745,-15.599664234745777,-7.134306885702789,-15.38650657149715,-10.164162771649323,-17.440924685764223,-10.35853222721405,-15.986677581675455,-7.686988729070713,-14.494289611770627,-9.308380731352523,-15.622069107178937,-8.049272655608084,-13.099696463504973,-9.133133444880672,-13.615324950932063,-9.806133867697591,-15.037129690896627,-9.89485375829554,-14.939732411425986
787,-7.383899611608209,-14.08442917299732,-8.739675455635751,-13.842392506839115,-9.362320361060114,-13.111450705878143,-8.623702839691104,-15.953855211635705,-7.326839931854046,-15.579599443559102,-7.466786586812298,-13.485062784740125,-8.115580296666456,-13.884643167992133,-7.928758184645179,-14.23675802642455,-7.972594703726447,-15.529360620953392,-9.177242534011276,-16.406217857004822,-8.680697827401177,-15.849040131659578,-8.077164218745725,-15.132304927658296,-8.68904588672758,-14.442780030828718,-8.78111701762241,-16.76708807380994,-6.801554885833933,-12.849969283684997,-9.174073755125713,-16.272997268615864,-9.189282472096108,-16.43442590782892,-10.426094560307355,-16.79666888228163
788,-6.138338360635491,-12.868986585242734,-8.967896526702479,-13.561363783727609,-7.055532941368179,-14.719029851820807,-8.168939375879376,-17.261210499456066,-6.601483779425662,-12.784809770539562,-8.105597317973958,-12.008034324441443,-5.594506441707967,-14.08988175513112,-7.229917259555155,-13.648888870403209,-4.921382036734837,-11.995948792478382,-7.187266278679224,-14.18002539462462,-7.795064999886082,-12.022040714726646,-5.902646055616049,-14.468512098233967,-6.251953056401048,-13.90938187868111,-7.725429436497092,-11.289753981156574,-6.353646043518216,-13.05574702397363,-11.020736034559857,-13.494133254543023,-8.506158187469996,-17.011787394887715,-8.77921838840419,-16.945966503788988
789,-4.8745555283568835,-14.549997658066975,-7.7343345532897,-14.56693784632289,-7.671999801158304,-14.654877207242693,-10.824009927575311,-14.914996774469401,-9.189367847754204,-12.84082029710197,-5.93949958047609,-12.444684249256376,-8.262015100238763,-12.277019469842736,-7.7061062574971455,-16.46157808016487,-6.796768235356434,-15.574257901983511,-9.006365078751717,-12.704024319276364,-7.751184383679545,-14.365307256636013,-10.556320488739704,-14.906771170227056,-8.96500582853976,-15.741548752431477,-11.399428925578759,-13.189281629649114,-8.839108123143895,-14.320278940903284,-12.564205690094283,-15.97651806606673,-10.79242257088777,-14.934757217638072,-11.534041746591937,-18.72036765081964
790,-5.847429110697416,-13.400615092282449,-8.887530757439059,-16.09486185953934,-8.005875326390191,-15.532033245867915,-10.319947676930038,-16.59886491921919,-6.713037744572875,-13.949855004550052,-4.5256882269822745,-13.000475638600854,-6.377384454092389,-11.772481313557625,-7.513514058869523,-13.237555110983266,-4.232515268219296,-14.113110164780924,-7.768077004656772,-12.262276935634517,-9.34505507168701,-13.462187098050059,-9.53597996953271,-16.853347782421842,-7.8814188503775515,-16.432061793689027,-9.72653492232927,-14.881590204015879,-8.321794135784927,-14.619555506435253,-9.339931923058083,-17.14616022477805,-5.829795394390841,-15.366573401715996,-8.074464623056986,-13.388316785842866
791,-6.882591806171751,-13.094201037734551,-7.1376509641956805,-14.587163448017721,-7.741653488600294,-13.652439015707579,-7.5889555652360885,-10.763187814018176,-7.186049058666289,-11.563690707394723,-7.188521608429418,-11.965151321427733,-7.7757756927595345,-9.672793934806784,-5.965256756412199,-13.526820137162707,-4.37207086063541,-11.685427638719428,-7.748734666625046,-12.907165889945329,-6.779890121441757,-13.459163456463978,-4.113567596801361,-14.233439948625717,-6.338015260025824,-13.191761683770837,-7.795723310024743,-14.879243448717126,-7.024125911098881,-12.794150484047023,-7.796166069977986,-15.083451466510997,-8.314317069862494,-13.245289961642353,-8.00397058494281,-14.80519491472542
792,-3.787784689371381,-14.477677306806697,-9.696881290683462,-12.932257931726724,-9.230259917202213,-13.17583869314107,-11.911767510106992,-16.563141307452977,-10.251787484958534,-13.495186494225624,-8.98162898171553,-13.017331356288617,-9.106026987852687,-14.84177455599941,-8.37235411725754,-14.889101870603502,-8.180705169422996,-12.53060815736022,-9.261217013151843,-13.011491295216182,-10.549962098573424,-15.421860134230286,-6.547975238647519,-13.274721705303998,-6.4142387016939475,-11.5100628712152,-10.929755361194324,-15.76824346452042,-9.13636477832114,-16.543046473320604,-9.788945284014844,-15.812443794914472,-12.585242758765832,-16.46167155988993,-13.579136708532005,-18.226199930089763
793,-5.480368466522657,-11.534526385831542,-9.046873932591442,-13.67955444995194,-7.340243039764406,-14.359712471177907,-6.607453480043043,-13.13482562842616,-10.022363028635874,-12.251062641180061,-7.994462243018676,-10.75469251873367,-7.016132818441417,-12.657928490747455,-7.79228989807828,-13.819472806399492,-6.625739430473445,-13.72695288598116,-8.142294759321008,-13.34776926955455,-7.355476526463707,-13.870977270166847,-8.088411115325004,-13.083860529963651,-7.723574432547436,-14.089807697958769,-10.03491316276329,-15.561067272566998,-5.436930538932522,-13.97045326514538,-9.185797732092833,-15.454384450788414,-8.460099239066762,-17.590838108685706,-8.48161551898543,-17.791090771153918
794,-5.835685524294095,-15.657274643047367,-7.901166249202721,-15.387568550608869,-8.150216212645368,-13.815514957059225,-8.770125377772823,-15.951342349057136,-6.800092766583795,-11.00722807002326,-5.533877176760084,-13.57954081024403,-6.865495577898292,-15.059302736421316,-6.388219195229377,-12.558395950741634,-7.089197428897802,-11.633985119472158,-6.146674782664068,-11.60447410656262,-5.804894188325398,-12.184269507845793,-4.497936819318041,-10.420817870057725,-7.6943408904221124,-10.359244615908676,-6.3149662335193355,-13.180054500295713,-7.76904174046455,-12.657377458994816,-7.605479698036929,-13.116362022145175,-8.476927970047077,-14.25158851527227,-7.825823077387046,-15.54212025661186
795,-6.448844013719618,-11.70186340055137,-8.897133869899328,-15.633774331171375,-6.218353519044686,-16.783679721805495,-10.769859078613933,-16.545830930324307,-13.45804771036036,-17.58290032999494,-7.097745374919428,-17.123216167436965,-8.855528267419421,-14.736669736927649,-4.570624125729527,-13.869376110487778,-5.978971701036708,-14.807203808007879,-9.837474947469339,-13.550020495628988,-7.373018301122776,-12.417620960178875,-7.489382597992504,-15.108414856552043,-10.108909728573623,-16.395665596843784,-8.251403755301553,-13.930737425353481,-8.861363698537295,-11.911976311142203,-9.22236538996125,-15.32502507271297,-9.970242811684892,-14.674674139903388,-9.153566275164698,-17.573756748095285
796,-4.789905045417665,-12.495520618514078,-9.44003710721218,-14.658126378021992,-5.916393602513517,-16.304611665865398,-8.660543634785625,-14.952859331740292,-11.035529162918948,-13.862616099847129,-5.928246902966766,-12.557573723192235,-5.430160195289433,-14.024733367043108,-3.128242809389712,-11.553026358196094,-5.757333793035867,-11.607121589634666,-5.312851830783073,-11.743643591311772,-8.33486644754688,-13.048659340104559,-10.16452554175422,-15.74345536552648,-4.8071387671078405,-11.714523665409939,-10.254092823131728,-12.527770233237227,-6.094824928491214,-11.301176558336527,-9.621031147204988,-15.139216357621013,-9.251960908718752,-16.395311615254858,-8.16014501067114,-17.76503423578551
797,-5.8833732625764235,-13.516332918762501,-8.903570972813954,-13.080838779829364,-6.8240336754470166,-14.77492692721727,-6.038099089519095,-11.178170734389195,-7.228077474233846,-13.05119019137411,-5.318136065825493,-11.58554484159036,-5.5054979159305155,-11.998485168121784,-5.517727836446862,-10.598921972878417,-6.954891524221937,-10.491550673812464,-5.961564145859731,-10.468319364735027,-5.478480107350495,-10.815677405304234,-5.885150100565662,-14.595590518961657,-7.084167531900292,-12.32591326382332,-6.374033696955647,-12.68215380625504,-5.876985613518849,-13.014022594880675,-12.009954747784708,-16.13501689146908,-7.664389003089437,-16.316477051287546,-9.358445453499703,-16.91757513755806
798,-6.176929709446341,-16.392615635135957,-9.831176691020879,-15.909152132528593,-6.9983331110250235,-14.892482995009926,-10.111319203937457,-14.52858311845225,-7.540867648246153,-12.673056183247278,-7.018670570937239,-11.81455836561768,-7.543935448013778,-13.726639199462463,-7.172476743243525,-13.699069669901702,-8.637248889138752,-14.992048812648413,-5.952231408412601,-14.701067538340302,-10.72822592581075,-17.525912143670205,-8.451993695144381,-13.967115268675613,-7.417815301364835,-13.36307901815257,-8.48585076747138,-13.986750330374285,-6.439538771893264,-12.348365008853168,-8.77022934852842,-14.288193369482855,-9.37578112002335,-18.592623899461735,-9.708287719906979,-15.226809880777983
799,-5.955859472003099,-13.533049243300123,-7.47129422448025,-12.4518386966468,-4.994943701778952,-12.575934319701652,-8.045557608669618,-12.684764372407981,-5.213158738579389,-11.442878750754213,-6.437657972888773,-10.584536355673732,-5.4582297166851435,-12.371547882762737,-8.260120822930665,-10.925686734653656,-6.924368101506505,-11.703166191212047,-6.481651084649066,-13.625089952177287,-8.369689455068096,-14.524722438356317,-7.3623538618889794,-13.720773010475536,-6.110260341209366,-13.053448319945286,-6.329305664668702,-14.644043499586203,-5.7929330331449025,-12.065113770514486,-8.557905075086087,-16.70738315037374,-9.30856202681552,-15.502895044664717,-8.851498100561543,-14.773491692778064
800,-6.456600881401318,-11.728343725249532,-5.823008850166626,-13.242161157604158,-7.201891946386433,-9.854132516345967,-8.621291438065665,-14.775497752937126,-3.669852902931291,-14.319831844817646,-6.720408530090422,-12.14385693302817,-7.53042149858056,-14.132573319334863,-6.179400013018216,-11.729748693684154,-7.414274701875093,-13.241356743068483,-6.842955938486295,-11.569444878977917,-7.311946495160914,-14.245402630774182,-8.629490102508719,-14.40571693129975,-6.989036701369075,-13.242333185820453,-7.358742272777609,-14.33713193861709,-5.222571332777209,-14.19042662702296,-8.976549506630997,-13.797061637649747,-6.653112901166685,-12.953003634867418,-8.90826716133769,-15.519777736113582
801,-6.183804841932224,-11.63939594665355,-7.48288595281992,-13.555077639143104,-6.867479749794692,-13.715006453121951,-10.876943598580006,-15.61490850836417,-9.816835534094988,-16.332658165389603,-8.62268948262752,-13.94092097604969,-8.441368582869433,-13.817359192614209,-5.112656855728414,-14.766738133557961,-7.129283478329517,-13.98306661795062,-8.113538608900088,-11.616136907275754,-7.191313998667272,-14.745098435069178,-9.646196653118242,-13.514769886198323,-9.630318944166032,-15.253961671169966,-9.994246062141464,-15.937792688672372,-6.783056274032081,-13.19616741433595,-9.642003361892929,-14.359801652007562,-6.788890343586625,-15.867280536313169,-9.45821259131956,-16.29049343727145
802,-7.179439536991303,-12.510232120393255,-8.407027286165711,-13.308555695709297,-9.571507059153827,-12.938516024233216,-10.43302990419476,-15.43950474872319,-5.1963138116233,-14.270673665046791,-7.432959009295583,-13.834126034023644,-8.64115265449745,-13.826893209936511,-9.67543389249499,-14.30649352515849,-7.05662868345351,-14.708543407210842,-7.602832599405089,-12.699006405155606,-9.273140210949052,-14.769134498253285,-8.869826753081082,-16.45438957382765,-9.463936566640976,-16.87992234579803,-6.576009431196711,-11.542445825184222,-8.082126509206454,-13.77141993212739,-6.044347535750674,-14.024106447537152,-7.875624151351625,-11.488221280037752,-10.126738266513227,-14.450525310045139
803,-8.865939803950821,-12.870937102197642,-9.742801922311626,-14.210161270327974,-8.248343561605337,-13.561343763163404,-8.096555435748522,-13.944062164441231,-8.408555175636955,-13.237805380823954,-5.4461471486535995,-12.084921052203947,-7.157789198078635,-12.409665494741686,-6.786613642422741,-13.844890460296496,-7.101716120285149,-13.236386637174224,-6.329806383924058,-12.15557660720772,-10.22734005353132,-16.210253549497143,-8.561401237857822,-16.131056066051414,-8.532491583457606,-12.745877703577925,-8.399497622239886,-14.503864492709743,-7.5256956029582796,-11.51518700462258,-7.978916908798959,-13.839500408132142,-7.997555716296341,-16.16643933915659,-9.977638413501094,-17.12977891581456
804,-8.220710677826359,-12.348825260537158,-9.843185575962453,-11.246150065740338,-7.024769125983865,-13.54498277484107,-8.62048872002846,-12.894783672379042,-4.473207525448602,-13.080407155375973,-6.290497155942153,-11.052455324571122,-4.983824026783038,-14.057488583117909,-3.4951206841347204,-15.646951951945823,-6.602984574688204,-13.035093083130548,-9.76573605668173,-16.310703321546598,-7.799129613489033,-14.731215291495205,-6.329917153100454,-14.024304444604933,-8.096377582961946,-13.59979065203526,-10.048947146802261,-15.256445201131633,-4.506542469647271,-15.335448907534865,-7.128426986413291,-15.771908100658717,-5.006492379816705,-14.878984586943,-5.492779649698198,-16.932090666063907
805,-7.908171546463115,-14.517624353647772,-6.8457159226801885,-11.910614636766573,-9.066531419611776,-15.086923327069142,-6.1644424217613505,-12.36034659766829,-6.050657116114674,-12.765314409074302,-7.6208624490822165,-12.305303937799723,-4.72552590680014,-13.55054465161744,-3.8388151587970647,-14.50681830467148,-6.722190127521879,-11.917871606330337,-8.779399773581728,-12.38519304106174,-7.786919175507638,-16.00070133621465,-12.243426307971275,-14.936931966078763,-6.929935015629494,-12.453481030673078,-8.552823543737178,-13.949738907289804,-9.468617212140355,-11.32472479529458,-7.178340419909026,-17.086179999270335,-6.00144827534002,-16.110344244381963,-6.802564204107398,-14.71946052248281
806,-7.222151083723352,-13.017367331416454,-12.233468480906087,-14.146839810244094,-9.4103145261761,-16.16124404863821,-10.2027363642644,-13.074072885266022,-7.1837904028462285,-11.520589737441158,-9.281978764605006,-10.841843961094888,-7.113413303387853,-16.467256593874733,-4.847155287243235,-11.657539490785165,-5.206659473988769,-15.099082152305886,-11.095216604551954,-14.638117888972166,-7.0514855286203595,-15.0340360281609,-8.67720121333776,-16.193727223094402,-6.91473902669377,-14.318119131550732,-10.360659196154838,-13.873328705889417,-5.212178715872059,-13.651402452060053,-9.900620146292779,-16.91459360648298,-6.376754444768542,-16.07481983883039,-7.190230849086543,-13.407094268926175
807,-8.421387271809223,-9.609370263087872,-10.263652711986087,-10.536469839930367,-8.198567713936285,-13.3581666624465,-12.849070945828098,-14.676432042493593,-4.584795738488205,-12.563282814092325,-4.617872055373832,-12.285957099981575,-7.723834978185748,-14.625772175457435,-6.772231725988506,-14.819010244701584,-6.160745547342702,-13.086143452063013,-10.63753614638423,-13.820332889124597,-9.303471247896153,-15.762276953427769,-8.478634745514906,-15.542683700789164,-8.188744608257938,-14.90039603756895,-7.857124525093017,-15.815298187348269,-8.610891628229457,-14.070874373571483,-7.47942267867808,-10.662361802174445,-9.563619056866091,-13.829689781499443,-9.58533666093943,-16.50882946071738
808,-7.048254674020498,-12.659165956501429,-8.24379456164251,-15.998601781560195,-12.021043065467547,-17.55828169197887,-8.652415732396676,-15.983032385507695,-6.433020876789702,-14.185676175902753,-7.444304478807394,-13.042388612171326,-8.556652353051833,-13.447973243170207,-7.717780948810607,-13.283094322478828,-8.260560008347355,-15.55807928515302,-9.811712465974761,-14.369430038716803,-9.500115866759153,-14.764370470099648,-9.717313965191321,-15.894376036732968,-8.085236235903583,-13.902518627752684,-9.92792088197538,-13.668681588655751,-7.622300881539231,-14.841016894497812,-10.84856191069596,-14.451870295118585,-9.701555663182717,-13.92221461508428,-10.897307007630436,-16.072966121860468
809,-5.9976947788121375,-11.075069314376805,-7.005987679848358,-14.287455383626163,-9.053319361467656,-16.434850901638438,-9.26640946060318,-14.798683503240111,-9.309094781251389,-13.865651690258671,-7.261683411218374,-13.241884868608924,-7.324229025767269,-14.878133972069438,-4.926106519617158,-14.011617789225097,-6.569147199299285,-18.22238814977346,-10.788156377225626,-14.905154547198043,-9.884911144724157,-15.039867337098912,-10.840070490135982,-17.34306080907769,-9.740262431929077,-13.842338423927332,-8.43967299879027,-17.28404109484164,-6.232967620338677,-14.010062716817146,-8.929570493062482,-16.527745879346067,-9.846768082111604,-14.353917657830253,-9.286362927980784,-17.06996424705679
810,-7.445481105500677,-12.258722222819056,-10.610690038916461,-15.692679388786308,-9.419203464665634,-16.539896923440832,-10.289514680000213,-15.133712239745433,-7.04972142525368,-14.788732653946536,-4.177421301164706,-12.915808349378352,-8.465672407171933,-13.206778126680094,-4.823402760946926,-14.07472555276432,-5.710239196881317,-14.297258303636312,-7.66297850463727,-15.529564637504228,-9.495628182122287,-15.81244302383563,-8.915673438733196,-13.063489577790694,-8.457768797228361,-12.850580234634732,-9.407607685779931,-17.686186866390774,-9.311839067081713,-13.678089299750326,-8.134597890311163,-14.78817519120134,-9.68154922354865,-15.918162166621599,-9.91458337512981,-16.75472814269059
811,-8.286384260790573,-10.983096731063814,-7.3515702950032615,-11.209044201207101,-6.858647347521625,-14.015144941140537,-9.037406779566975,-13.293096094951519,-7.1814045807767615,-12.034214165493967,-5.235349582586769,-11.325974318362773,-6.088839535817803,-13.412603623882354,-6.430808879579647,-12.637849853526548,-7.685410597706184,-13.689425193457954,-7.1427693681506765,-12.38131264341439,-9.039068357384581,-15.700026883729832,-8.115005843936181,-16.051946714784286,-7.134345691359919,-14.830055962231492,-8.14384940438186,-15.71023112317873,-8.180066708565883,-12.444713649753748,-8.916819680629995,-16.595125583472306,-9.377394844749789,-16.03300170994568,-9.121860384453335,-16.7882846820116
812,-6.644892561718264,-12.647682153845905,-8.411452083378798,-15.395437799210836,-5.652997114332518,-11.645085489593566,-5.768011863727582,-13.471190797300975,-8.25312932208085,-14.053820935524207,-5.526744799145488,-12.244413853481307,-6.804027000765805,-12.65825072904105,-5.947276525973032,-11.950776986093869,-3.4831506599299358,-11.365067489590954,-7.577156721736237,-13.139128950026466,-7.221014826875774,-11.554899675007244,-7.521938153861615,-13.26990358964369,-7.064442582694431,-12.168902421589234,-9.35058046895345,-13.074000646421599,-5.96719603364253,-12.697608491614416,-7.697343701554295,-12.943357384216323,-8.496119399304442,-12.251918232039682,-8.174087185914692,-14.187906042569045
813,-6.008419283594626,-13.403489301894787,-9.317117175639664,-16.140004604838214,-6.5658760584738936,-14.370764523087942,-7.980774307688736,-13.610513367127133,-7.899811393377209,-13.420244913115793,-5.445047368476943,-13.570255786561052,-6.301548775998377,-12.288500017304164,-6.600336558008479,-13.158273140915789,-6.424153221513203,-11.798107210318918,-5.287521867656153,-12.182996656128013,-9.029743438834622,-15.088455809386172,-9.671983463056318,-15.95740886111873,-7.137189651218212,-11.634685885261186,-9.030084538456034,-14.77725247941661,-6.551743217530841,-12.062510489639898,-10.227689044131854,-15.411633027919736,-9.230504248086973,-14.615881707133882,-10.121283590956082,-16.083097838693377
814,-3.1581172657513417,-10.549544730514334,-9.528711334693824,-16.2747754172527,-6.784028126307518,-12.945845125884176,-7.236301862208999,-14.737186916718866,-6.991377389691305,-12.458244351015871,-8.829224815145396,-11.716652095865655,-8.397640988351803,-15.730988926606935,-4.842583170028643,-13.088023031244369,-5.558217487146038,-13.961796844784233,-7.738078781858297,-13.788768465722649,-8.480604900591548,-16.051555141273568,-9.674478675625899,-15.678446530277112,-11.465333271933847,-15.630523986594289,-10.181173613327374,-15.960990634645082,-9.29360812367938,-13.630949915973288,-8.01112090072396,-17.248564170119455,-7.389533747130138,-14.65441450394122,-10.786993614454026,-15.865098221805026
815,-5.667455829289464,-11.926785301222582,-11.417993007318504,-12.940632241178864,-7.419397349744319,-14.592515524719458,-8.13616600319399,-13.217109056311717,-6.512202403597968,-13.541448233999315,-7.881414877125554,-12.097628539248905,-8.369444040592048,-15.050264939220721,-8.368612090907515,-14.570684467888771,-7.694302452671477,-15.256054855515796,-10.719487247773555,-13.424818100167634,-8.589705940070736,-14.883244893573757,-11.477143415527472,-14.070650697695326,-10.560306646777732,-17.402875413453142,-9.095013256693791,-16.083093571254004,-7.871357322682629,-13.684904065669521,-8.87847428275632,-16.179336681022765,-10.520786409501534,-17.875283862863732,-10.993987346706222,-15.30570396852881
816,-9.1203969886054,-12.909710440579605,-9.360809697991549,-15.668454011682265,-9.127271856440878,-13.709034515689446,-9.915789496299332,-14.762449464558642,-7.597065378465249,-12.922662197453525,-8.046036491508012,-15.442203772248915,-6.629707305838444,-12.843072189180148,-7.319526992913294,-16.105035938270444,-8.459370926752152,-14.216385332581865,-7.3924542045307255,-14.411787072723257,-8.851072142281529,-16.86378506157121,-10.460118954177053,-15.282296949936004,-10.08696400242685,-15.618414108771912,-9.506071677077328,-18.805081603439916,-5.666643323438101,-14.871726943466916,-10.143284813628226,-17.96582291358048,-10.76534269916186,-18.68060621663148,-9.395593430973886,-16.39838588587122
817,-3.8012266896066524,-13.695840591765727,-5.823238393541395,-15.161284136165381,-8.131942973053935,-12.92872974571502,-8.779164279680206,-15.141098903378818,-5.661701647340527,-12.553704492365398,-6.011697540314641,-15.189360182473768,-9.93884081983683,-13.410650604050847,-5.812109622171522,-11.410788488862568,-8.070252584687081,-12.272984777513635,-9.828171797791065,-13.324296264187524,-6.556066997793316,-14.132282970236506,-9.298318429735417,-14.025383268317224,-5.436580230236179,-14.518333594507201,-10.869900940401518,-13.345260748023753,-7.423996043590218,-12.985367691520572,-7.017022312138047,-12.982207919401201,-8.935620670558585,-12.932962577986133,-9.642375246278599,-15.420124801194774
818,-5.884521865249594,-11.873661683387645,-8.528479246007933,-11.981393309232795,-5.3112107838802896,-11.279939759409883,-7.824013709887097,-15.635489546461097,-5.952560771241893,-11.930103578941846,-5.157879806773837,-9.882425618990982,-7.336564967145387,-14.003725558942872,-3.991809671391743,-11.909610989300187,-7.931770825353897,-15.443801608636727,-10.190737118961284,-15.446190890515494,-7.68025608632729,-15.053085458770898,-9.419660223106995,-15.934031423838897,-10.335505900119436,-12.450762452431094,-8.73962801006526,-14.226044801341315,-7.940951412253275,-12.59542633484175,-6.557166555961832,-13.558206634365092,-7.60861756375844,-14.401748803041727,-7.130354205478269,-14.406857979275905
819,-5.454575261355443,-13.655670322999802,-9.339911076812884,-14.146658635930272,-12.091918892502013,-13.87603133145105,-9.885946727646814,-15.03398601120356,-9.062436816481327,-11.419101196728382,-4.238729266808984,-11.35009996065672,-9.150317466158878,-14.250134524523375,-4.070789776059132,-13.715416356291342,-5.095477684051,-10.008825981931572,-9.588489475522078,-13.3649932015182,-10.280171268412682,-14.322352721087858,-8.173584411987122,-14.076944661622548,-5.794374191958086,-14.440714974680745,-9.203800832938851,-17.297148153800816,-6.8811417591316655,-14.365776080027429,-7.382810217469087,-14.901877838201615,-7.376316016020517,-14.508843762572855,-10.010760461712998,-14.190609636473038
820,-4.597852705586492,-12.709897036544518,-8.334611305711737,-16.351668809894605,-8.009901352648914,-15.744178075909916,-9.246233329231138,-16.025757453258183,-7.761213129705978,-15.14252585418262,-4.515986719952209,-14.018703325988204,-6.592153409281792,-12.454421291020871,-6.33717653619922,-12.69356544770549,-6.204623252347805,-10.761950926167057,-8.769704279008437,-14.637401052188409,-5.462503208623128,-12.258807952556817,-5.22473672156652,-14.154786965270706,-4.626501836098409,-13.242618890592565,-6.361111112876456,-13.083065163331488,-8.633248002781153,-15.259369770947892,-8.889087856929422,-15.115844097750713,-10.352901897754567,-11.826121515537,-10.717781166922183,-16.700570074631383
821,-4.828226367988499,-14.41673093691351,-8.738847653220459,-17.77984004227859,-10.102281445468162,-16.36495876544908,-10.792550337968432,-16.178455431766057,-6.294453558919804,-13.925372856848341,-6.796395595672888,-14.274197799113146,-5.6589881806087305,-15.40281581635738,-5.676711458601568,-13.853134447025447,-9.830358835546617,-14.969050164123267,-7.909167513817947,-13.039699342484871,-11.534124665820709,-16.258375249578613,-7.9845925981799954,-16.474652706998697,-7.454617674781314,-17.67850175049277,-7.947779965751295,-12.666569913723162,-10.768138118783542,-14.502929917827474,-9.577796230588445,-15.429666993492479,-8.964219980085103,-14.212956011476265,-9.348788253710488,-13.325941838411353
822,-4.027592188063708,-13.745656599186303,-4.787440585054246,-15.224944510220574,-10.51716419435649,-14.457623531863888,-9.1379538863858,-14.240261607499257,-6.71506963750224,-15.195663663463648,-8.47130143488019,-15.205058971349297,-7.765033413795118,-17.168635184622772,-4.721063299454896,-11.093219035937995,-8.877980195307956,-11.085561984546093,-7.123174124360875,-15.99919032731782,-8.534226804857903,-15.53368675503787,-6.997914403071964,-14.265936634097006,-5.893585378823161,-16.646308950469525,-8.152240965948224,-13.858977527480882,-7.477979195224166,-13.955011003287485,-7.191814656888322,-13.957939426443513,-5.492630649002701,-13.040118306076106,-5.768734367143517,-12.792418322577586
823,-4.681254507743105,-13.690048370879177,-8.602870344281712,-16.324871371835098,-10.063970442327983,-14.204861963060667,-9.746020987467732,-16.836979171583106,-8.551706274491524,-14.874278506433784,-8.055022492725657,-13.598718964446777,-8.071724361649046,-19.331650815127407,-5.8038696317505165,-12.23116093480819,-8.381187895573484,-10.175785966059745,-9.963302535554302,-14.022828572164379,-9.20628206543176,-14.578721123526536,-10.192012120867082,-16.200404909747647,-8.40560393744719,-15.381430837363636,-9.014492664331827,-16.25749165646252,-8.271962494722136,-14.343941726625587,-8.902958276151177,-15.081320315521957,-7.911155933422505,-14.269506219165262,-7.225856820516933,-13.984860296033734
824,-7.592993799979712,-11.244616011491079,-9.468138814884966,-13.774902119000693,-8.131588994445117,-15.156700802901497,-8.046525745180125,-14.614265521934906,-5.7296688984245,-12.702666841555924,-7.969867466385131,-12.726322551352876,-7.012145522405648,-14.102934694813545,-6.91558461169297,-14.697497143980122,-6.887426794319732,-12.331778807048828,-5.695616925277125,-10.07003501887143,-7.861485753737368,-14.314295081693654,-8.864087559296737,-13.603981739873817,-6.218261542952054,-12.062004820490275,-5.326533592964084,-11.194373283382859,-9.901622155507475,-12.509792504796005,-10.755838192364273,-15.923872028925185,-8.692000138129107,-16.01878545948427,-10.638669690189285,-14.946244421986405
825,-6.219541797721259,-12.536809496088118,-6.269166981739125,-14.192460121081783,-9.025789363779108,-14.381249313642492,-8.456843774768695,-13.45605371431932,-5.9070986955467175,-11.364875640616843,-6.385947249884834,-12.495992134373566,-6.886006410297228,-15.802115147483743,-5.267326384872454,-13.529282265027858,-6.422287590626442,-10.464378361671976,-7.572609335948424,-13.599522890640731,-7.913431844122414,-15.758650895135977,-7.54092165041765,-14.42975872309922,-6.8906298136522315,-15.023723587589084,-9.484820179466487,-14.146049172256802,-7.275233563443719,-13.301122088228336,-8.322749329414417,-13.628560435715674,-10.05155932401584,-14.3923817341409,-10.135379608351014,-16.476230398285452
826,-5.911867050034657,-11.208955080124854,-10.128565681021954,-12.485746585624977,-8.868626887857928,-12.781784260985717,-6.631413190684078,-14.345954444341661,-9.234391676003607,-13.43790138275229,-6.968591683306837,-13.024691231244095,-8.617640833531476,-14.071333120711895,-6.186572871630071,-12.765718578306565,-6.714415112959965,-12.799777733328687,-8.410018084562124,-13.359017377131506,-10.280735086345075,-11.761099353744594,-8.10243681980132,-13.876263373685502,-7.591680260226038,-15.495869614737103,-9.773183821126644,-14.080382051759127,-9.431934098579509,-12.90836615177164,-11.269300906046126,-14.538595113237257,-9.974951594673497,-13.621982073367509,-6.630205313848264,-13.371470575075106
827,-7.491878784405675,-15.012206119231845,-11.999309334957198,-18.000236597575643,-9.09676588255736,-12.648028935339205,-10.440608744671794,-16.117942877126378,-8.166092627576782,-13.15592890849842,-8.892518651696967,-12.455504707389098,-8.170687477320191,-15.44557704226645,-6.637740629027913,-13.442835107453252,-7.2022018338100295,-13.275218479452809,-9.786543174399613,-15.245715677345098,-11.497131275980356,-14.02186678739681,-8.162279093868086,-18.076760388042793,-9.012349278171346,-14.813423406917556,-9.742115797962123,-17.388559899513595,-8.700731021019072,-13.928656724262273,-11.342318354503792,-16.165167950311833,-9.956027218643337,-17.324170837067225,-10.13828481409411,-15.771161972209168
828,-6.34688565064756,-11.674949180532941,-12.055823588260129,-14.379279158080786,-7.114992151853171,-12.440005573661225,-7.071365069757785,-13.466268438903198,-6.949621794753127,-11.466831654499504,-6.083815977158318,-10.093070712904087,-9.40741091611933,-15.01416156051161,-4.333420656078356,-12.145324240450906,-5.982161855007774,-12.621596068081915,-8.10060397345475,-13.820682468252308,-9.092690606556902,-12.527834368723717,-7.684190878020987,-14.623833612483892,-7.955759329584868,-13.187249870634963,-9.196438774493835,-16.21351614108846,-9.433980659534843,-13.260709761883863,-9.82257498161967,-14.277897006903187,-9.1541740913108,-14.64082439064044,-8.988955796310826,-12.247024837902217
829,-6.577636816510237,-14.272490219824492,-9.57528389977412,-14.382241050553725,-8.2790255514765,-13.081545585566465,-6.53161870831166,-13.38039666543574,-4.984052588698692,-10.683056875966518,-5.365339261452165,-8.717461389239476,-8.107322195979203,-12.941361337251704,-8.12822532277764,-10.60686743504338,-6.8228370400795155,-11.661111664658712,-5.565716480819423,-12.119719901232903,-9.010062550541889,-10.772733371511187,-10.896765784169897,-14.410604526970385,-6.382126505917355,-14.281867133830286,-6.6621436353692065,-13.337489514285416,-7.074824185894805,-12.606597168284964,-7.407736877545265,-12.27956727596249,-10.360826206090255,-12.156148045218009,-8.934615920777006,-13.82042920092257
830,-5.239526613791597,-12.338397317084924,-7.071451126666427,-11.973318940459421,-6.632187486974317,-11.60961224927442,-7.236368646229518,-13.714194753492219,-7.529959579047284,-13.378724696393077,-5.598923978232433,-12.692575725337479,-8.352467011526723,-13.35461344831126,-7.232509530296317,-11.592257508774042,-5.803830969324095,-12.590042888900292,-4.975570831871897,-12.205527160011805,-7.935125260525523,-12.017446318968439,-7.569799128491466,-14.278640736606999,-7.0900465493971065,-13.355017506189652,-6.280044437048774,-13.30476423690871,-6.297968745074467,-11.531909193463651,-8.578587325762278,-13.058190240132257,-8.053455704702857,-14.948781883471064,-9.288751836350098,-14.76280211009463
831,-7.3697379212926695,-14.608765729390242,-8.412298791363838,-15.454629001122829,-7.2154624024447145,-14.861318109878647,-7.3968309356520345,-15.064096284187835,-5.888821222858676,-13.640058259170937,-5.535093203178198,-11.633489960971863,-8.804743933853342,-13.69982924431554,-5.955928330506338,-12.951817791300098,-5.479982637918824,-14.458324621341095,-5.949409468117127,-11.735305082768493,-7.517982048803377,-14.351899484306367,-7.159708967856165,-15.148174825278542,-9.794595808674204,-14.070858263566617,-7.3779482981554745,-17.13934180389552,-5.807096571571545,-13.586366419569469,-8.328654466719058,-14.12221655888845,-9.180448993099379,-14.392680217449698,-10.078670253347719,-16.184362311973942
832,-6.741424126187193,-15.015099437821618,-8.867376622384779,-14.342548616106384,-8.760111370078565,-13.22417832904124,-9.694705990637198,-14.70180236588619,-7.7668247550191785,-12.785916149348482,-8.605745174389392,-12.517923722111092,-6.61729018142861,-14.71600868470022,-6.120108422894601,-13.117287046678305,-6.061829568278432,-11.971276200171559,-5.359385496994092,-13.582418009239237,-6.489134488881367,-15.514429164386144,-9.98674617893251,-14.719698656613009,-8.406127578686881,-13.776884756601994,-6.560184339617141,-15.582345150147232,-6.458625192561962,-13.273294118362244,-8.808137734826074,-13.589215610623741,-7.758908201855323,-13.356204150908797,-10.654251056415188,-15.616901400281582
833,-8.830260839545891,-13.061938357885968,-7.387354886927322,-14.8295085427353,-9.583892238490668,-14.849745158526702,-8.95752137809305,-14.36696682273347,-7.386484783327947,-15.355326996027411,-7.492967729393698,-12.182760637103325,-8.713946131794765,-12.473483832953669,-7.792161835303193,-12.693528597897973,-8.607303990780048,-13.646532209613175,-9.234975911155125,-12.471538223937152,-8.967883259884783,-13.36086996280891,-9.4491634396549,-15.289161477743697,-10.29267042804566,-16.269328879574797,-9.644735577142267,-15.144228950404912,-8.739074920100151,-15.497367848143197,-11.733155798222484,-17.957021934906745,-11.855205478240459,-20.519902045535172,-12.455277751280198,-19.196782497674217
834,-7.886628525618259,-13.832695397845079,-9.562561870788228,-12.316584888003542,-7.226701136608832,-13.931020007337793,-8.451020523578812,-15.120886585287396,-6.801027233118244,-10.852855202383813,-7.8084017891264565,-13.418662044260918,-6.212520889775581,-12.886579616591616,-8.57703341785556,-12.604296752259469,-8.084022759230997,-13.394391593161858,-8.232535696929,-13.355845881067896,-7.849375453649134,-14.526073630081413,-6.770572542113462,-12.260639435092116,-8.36180933346551,-14.269109934096287,-8.999787921264973,-14.206619440698965,-8.491481335412207,-13.042659505220904,-9.974647264153807,-14.768125545641498,-9.688695906768759,-16.30490962012943,-9.091701752915423,-13.878825351456442
835,-8.216426347045067,-13.954463639212895,-7.287555157652811,-13.895287727977717,-7.958226367967539,-15.739046872079514,-9.30377996096244,-14.140623253259664,-6.816293378551791,-12.793660853310495,-6.869050494160307,-11.961921561995146,-5.6526655633405785,-13.935020524483257,-8.626478291755951,-13.448915473864002,-6.005121832678969,-12.942580645353503,-6.809536359733476,-13.883469960614034,-7.192608642219833,-12.626253076293754,-7.277718529760784,-15.775163600059066,-8.572092966982282,-14.720683706571693,-10.58268208524244,-16.14606770685531,-6.698158104627927,-13.146139593352881,-9.448784366124915,-14.737629746682474,-9.692867014458818,-14.287685732915499,-8.723364424795708,-14.643925662254597
836,-6.222329452124179,-12.381451919241385,-9.164378522250738,-12.642504711141262,-7.631824472162375,-15.132238997875954,-9.553090433500378,-14.421797096541072,-9.185293434568996,-15.197380635847344,-7.247281581694493,-13.86315555280935,-8.045646737537982,-14.745622289120178,-7.67341001374038,-12.728423952578611,-7.682537284733631,-13.139792968041796,-5.9441266372083765,-13.344177025532954,-7.128296865207645,-12.798184919315347,-9.62818399871028,-13.796409924435054,-9.059857107312915,-16.18612100213734,-12.434992230552353,-15.898064091967752,-7.1375480181917395,-14.36473174068309,-8.590662625705441,-16.562154267057732,-11.048100050089662,-12.673183130192566,-8.9677090090989,-13.213117690727906
837,-9.895286157485922,-14.574264322692995,-6.0812570248397355,-15.506236184751248,-8.327566538275562,-14.637643671484541,-9.96957731555658,-12.789909875677507,-6.348392820176475,-11.400872572049092,-6.910896131125207,-11.01659010786501,-4.415015851264702,-12.490196230490367,-8.749968865243686,-13.006456556065123,-6.445894736948704,-14.563163571567747,-5.41076000478569,-12.414224700869097,-7.133389199521572,-14.590136656228008,-7.647114072091734,-15.395170502738736,-7.9163066980800565,-14.341440164553262,-9.71565935229006,-13.703255995821968,-9.160613909838174,-13.919251734147442,-10.334834442185334,-13.844782232915405,-10.44866903084188,-15.835133202168617,-8.025142343569417,-13.65979828125896
838,-7.423277316277597,-15.346442052843663,-8.480510715912787,-17.1489293616919,-6.847025494610827,-12.957878124801878,-9.246121531241716,-14.608449682225132,-8.6942166072438,-12.397378803628028,-6.088425657751271,-12.262320516343177,-7.810968672192429,-15.7843490004317,-7.553364811525579,-12.539575233782841,-6.694669708866641,-12.657214579401119,-8.280349861338287,-11.85698802658736,-9.29783447923381,-14.270341065610408,-7.269634554225156,-14.632321632671188,-9.848142982860026,-14.210720074699985,-9.522284662600049,-14.157964340579818,-7.618211009111171,-14.470148861161398,-8.7259118541815,-18.286933362649403,-8.874363847503348,-15.337316190722243,-7.9946510600130525,-15.125816698712713
839,-8.203448029706173,-14.716617351278076,-10.000014496166454,-17.178498493808128,-8.95843864759762,-15.090020825365148,-9.223435456927934,-13.79797528665707,-9.396842644610784,-11.179253766230023,-9.01101275946711,-14.685574868167329,-8.728722272869204,-14.81112519010291,-6.8211408275383745,-14.813255550111046,-6.313471725461824,-12.456755029577497,-8.621116890798827,-13.48390283656787,-9.143762172022711,-14.271323367066099,-10.158260884358679,-14.85480148441332,-9.613513351241137,-15.879340415263528,-9.550790171349826,-15.560772412563345,-8.434093364186792,-14.280938805944789,-8.936240399032819,-14.819634256817256,-8.562984424431036,-14.514696813315071,-8.75385316413241,-16.65269620730648
840,-7.786337220990039,-13.844652442040426,-10.776244231214694,-16.453715261084948,-9.60709956635581,-15.718300259504431,-9.045314811472313,-15.458502457893221,-7.515533636089304,-12.160498222257011,-7.174214454119321,-12.065283221957234,-8.095463175590009,-13.610041547612843,-7.271447838692274,-13.789360572954703,-6.812961398073725,-12.43346085247726,-6.536701955083078,-13.658859141030637,-9.09854498238914,-14.316192917597874,-9.642493850720777,-15.322523240936546,-8.34112221977745,-14.61004651687644,-9.807529548126379,-14.362568049992053,-7.558796109509059,-13.323943225378525,-9.890491588359081,-15.542039397936376,-9.065603169474366,-15.618566013283324,-11.067854816163063,-14.593138688355442
841,-8.72569902873284,-13.812467490981724,-10.01734187169629,-16.391702368169046,-7.895933933677278,-13.702187311969233,-9.696750328550777,-13.896184385253292,-7.467185671729709,-11.917670824483082,-6.569337087145046,-12.144154595967066,-9.643628802733899,-14.250444054170027,-7.134188463685879,-15.326245574547485,-5.335580534991781,-11.987062161238454,-8.854793920921203,-15.48489857272562,-9.324391746352095,-15.33831269843147,-7.6399351312126065,-17.026893276102204,-7.8453165612078735,-16.234623599076347,-10.404496581865407,-14.622340978465175,-7.4749840314167955,-11.464482272095669,-9.969241392819047,-17.15494012416599,-8.156521252091814,-15.181651379408178,-11.000425746929727,-19.264031304870457
842,-7.109868937723316,-12.453901745681764,-9.267969376703087,-13.416330035071205,-4.891779412461325,-12.76929733831729,-7.101436726856908,-13.976729290137293,-5.294119938895417,-9.99042815288715,-5.904617176020766,-12.10252570961963,-6.6947277552981435,-12.236058000617703,-4.747251091181552,-10.476619425928696,-6.560601740840106,-12.586013017317478,-8.148220287770155,-10.305349553300713,-8.292316119824187,-12.333473674923125,-8.476657281343867,-12.118764520092682,-8.153151545888328,-13.579851058980806,-9.75651173384168,-12.605266262662019,-6.014443547806431,-10.795082959978119,-8.415363763713566,-11.595905330381001,-8.666299306511696,-12.962748650459728,-10.447877431029415,-14.418437794979493
843,-5.099651045478865,-11.733811011080002,-9.337461644880227,-12.568161300451077,-5.322083409275624,-12.522596476953014,-7.79894774396092,-14.380509762885671,-4.719033112863567,-11.44370928514036,-6.511436886686834,-11.630940352627963,-7.651498059891222,-12.856052997144511,-4.235956856764843,-11.838487265089551,-8.540120928806699,-13.74327749866574,-7.019662563410089,-12.089303294338782,-8.266762335412604,-12.988103192631279,-7.862349822392848,-13.584808267861186,-6.938585630320571,-13.422246012705807,-8.981963763491969,-11.962683143654104,-6.685483667650706,-12.43914871520042,-9.730225266605599,-10.296734185106718,-6.280502681929948,-11.649100564954027,-10.04159892838279,-14.32584699783586
844,-6.900094742032941,-12.113072829603208,-9.677702454873335,-16.03687455817099,-8.719275741428744,-14.669401615648631,-12.081988772790275,-18.59842862446187,-8.106894678733443,-14.120590045689054,-7.461675584283071,-13.413707399267327,-9.091670251920213,-15.935944492429998,-8.00625866485553,-13.478008996530226,-10.217770710969631,-16.127992457960847,-9.942958833374513,-16.88042421385653,-11.203793026346325,-17.18587589917154,-10.04754105161499,-17.280401860505812,-9.2773876445844,-15.650701779506901,-8.639144511414315,-16.42565413219437,-7.511548511208903,-13.38007761701343,-8.315922904255027,-16.352113720738878,-8.27420640065254,-15.832175584468771,-7.907894707308484,-13.603213151292895
845,-7.265393742124921,-14.692349850461952,-10.168165337242826,-17.436498651966232,-8.406392337436717,-14.675830880820852,-11.133864622657835,-19.199672024297442,-10.73258300326148,-16.306912748823084,-9.691612126954404,-15.637750396161088,-10.215971184501685,-18.150432584507627,-5.873958103047373,-15.415491813470627,-8.656329836277916,-13.498087072142386,-9.41257024410426,-14.147464099817332,-10.574399357560367,-16.564509054497954,-10.446485620022122,-17.099389967034803,-7.2770789186129905,-14.972239819431818,-10.470639093198121,-17.036198718963924,-7.435587542272764,-14.518153182684852,-8.074753740691374,-15.557578845147424,-7.839457257450439,-14.49346135560122,-9.66259126100343,-14.88158124262316
846,-8.0726263101518,-14.354287144429115,-11.469562634243767,-19.925461079358,-10.867739394989728,-19.184242712258502,-9.285404877827405,-16.98791902524616,-9.539348278207683,-17.4277348073361,-8.821745935863593,-16.16833808172994,-9.152051299235517,-14.870361905865364,-5.685955938962559,-14.803215309362823,-10.828191099420291,-17.22731901620987,-10.160118903867037,-16.76951841886316,-10.730134982896507,-18.406713499582395,-11.645514857299975,-19.895631136472197,-9.447661733040384,-16.474996329712283,-11.064338360257551,-18.429707236661365,-6.729488857501485,-14.667425475786747,-8.023702277495875,-15.912557486038414,-6.994358553018686,-14.556920894845526,-6.195944509907249,-14.765689503425737
847,-7.973968807561035,-13.405459835417162,-8.973238692751528,-16.055455015265856,-8.511489923307238,-16.847754884177224,-9.915271594241007,-15.721320088118338,-7.080211139566545,-13.948494571711912,-7.325459558584528,-12.039587430085462,-8.45720486847905,-14.053138790140045,-6.24735409391914,-13.22779935584514,-7.260574649296531,-13.638807182789186,-7.3213311975391315,-12.95961152291505,-7.857723156420605,-16.329662888532948,-10.393579554338272,-15.744409137870711,-8.596227647087469,-15.666415109418711,-7.552370196678967,-15.937634912213046,-6.084091511215135,-12.987119501136553,-9.897494465070379,-15.472382714496934,-6.4151772019579525,-13.604788867198126,-7.008233699000936,-15.089074332600996
848,-6.715914590787832,-13.973173209777247,-10.432044206696956,-17.990380624106574,-10.407425508597171,-18.12460686880721,-9.102583782757998,-19.183403275899497,-5.993423314114019,-13.685742629642254,-5.868612728963338,-13.836611603931573,-7.719940109998729,-16.39692478463017,-4.938243390770163,-13.250218808665453,-9.352124787995521,-16.623367053896928,-9.483075128053848,-15.783998750503548,-9.735456573001706,-18.06182070752383,-10.204060169402444,-18.493050010582802,-8.27698674708888,-17.275788357775546,-9.0558254147235,-17.19744115661149,-5.447633768426311,-12.67521628387829,-6.763159964423578,-14.98451030939398,-5.638587561569599,-14.072617911884088,-5.262815327399258,-14.198355965417287
849,-7.200323480535444,-15.130556544817022,-12.181384493789015,-19.06841221054354,-10.919319920134932,-19.16967943048489,-11.574465465974873,-19.812923589852026,-9.27416756084283,-17.998384633902823,-8.83510837612915,-17.625749670108426,-10.006840509586992,-16.914049019651927,-6.501490197241192,-14.15716956810854,-10.650977426640473,-17.264294201128894,-8.957955742846192,-16.628265951105508,-9.110909440600146,-16.157767161923687,-9.005083022837269,-17.033926671625807,-6.546401877836279,-14.898844264686913,-6.999582828750867,-15.225809527558818,-5.434917328302231,-12.433887566411965,-4.591105299379654,-12.318305703585269,-5.039022876636588,-12.507676369090428,-4.376324868267511,-12.994223434865162
850,-7.156306343556501,-12.192933252275171,-11.444290663481475,-15.49968045542557,-6.557178125572742,-13.630551080288392,-6.902847203642409,-15.485749294980169,-7.766608052434472,-14.715236232320507,-6.463083491686508,-12.642290511776293,-9.13064106468384,-13.878049032511758,-8.718353776574853,-12.76226332727024,-6.683693841544331,-13.785857494453758,-7.532452988473074,-13.583071428858972,-8.077872532787712,-13.387318966248866,-10.288148494563753,-13.500688363897613,-6.549018664287613,-11.27933196636114,-8.885830509475987,-13.545831353760398,-5.139698574070097,-11.979877997841172,-9.23971210608752,-15.43486518908826,-9.055751345884529,-13.088921445829405,-8.450136567201378,-16.20295224883138
851,-7.821416182624134,-13.284499974595745,-12.592094345033335,-17.7602287347071,-11.602534829749438,-16.58869219100381,-10.648664003337466,-17.48253358396696,-10.262473374359072,-15.495533128219119,-8.79817012415446,-15.210199196573441,-10.249057748832772,-15.675160500474558,-6.679194333984265,-13.579263412781312,-5.245666627036326,-15.428321797305367,-8.92319829854192,-15.805260969367033,-9.551862736050474,-16.744611509761878,-9.121135496540484,-18.093304223611064,-7.490243427764174,-15.566077858113259,-8.04841993038638,-15.600873061063131,-6.652883832495865,-13.194101376258697,-6.031158681861749,-15.400175654512076,-8.362430029345283,-13.809120546525582,-7.571786228348411,-14.571688903291484
852,-10.389703285968642,-14.666735768674812,-10.17590861407962,-18.58468618192429,-11.81846056178866,-17.907252748241234,-11.57124909421048,-18.155255533764766,-11.716768604257107,-15.002009816304207,-8.444357124484833,-15.999700861990888,-10.271544513667088,-15.370304309285356,-6.04237910119973,-13.622880483882069,-6.635910714691365,-16.782842577472763,-9.130863431692372,-16.70512350134994,-9.844881699420984,-18.487421035846545,-9.5811000313097,-17.79569341123258,-10.132498528994775,-15.857052172663614,-9.798499225694451,-15.70534687513602,-5.068377675418123,-14.183560855021554,-6.847561897559228,-15.49407780528883,-6.516124859287221,-15.090657986386404,-7.457190526004559,-15.764155782532844
853,-8.510123311909105,-14.023337634288254,-7.299965156172733,-14.375727241290793,-10.453249796148302,-14.51182954053156,-11.464772418462525,-15.391716461604235,-9.994656800366382,-12.054023623436878,-5.769259466595348,-13.754246800143834,-6.3492976522318845,-14.882759948954114,-7.11497982918519,-13.882418102474114,-6.5906535475466965,-14.403369956931728,-8.325411522877973,-13.073148318789329,-9.118511449501396,-16.35030450295689,-8.043723651882104,-15.604866002910171,-7.294953786035454,-15.841736177762183,-9.77888182243839,-14.76923758954267,-7.525092347821599,-14.34872568451555,-10.019617202170652,-13.781885508375346,-7.546248755238781,-15.312718058839769,-6.466384793216186,-16.432432836034682
854,-9.98666472606912,-14.106467690893611,-12.021504303203754,-18.861126145225654,-10.596662648700018,-17.51266320386033,-12.01795995755985,-18.475165834007225,-8.405285434852397,-13.194305437760512,-9.0082979499607,-15.21208308953396,-8.679851583383735,-14.827192335967332,-5.405255889009398,-13.182414151583181,-8.112843312620312,-15.126350891264407,-9.094135764311847,-15.076210414698712,-9.373218808837038,-15.478341106696384,-9.635427641463382,-14.88147656994702,-8.294876247662952,-15.082011596412991,-8.90782062704081,-13.537593407307327,-8.412858041369605,-12.517032290246025,-7.952054128545396,-15.4695532908083,-6.273790485414036,-15.110235160127736,-10.020806359470589,-15.48679290165078
855,-9.826456537238705,-13.727113363331584,-10.789878303392019,-17.523703312783113,-9.663603308409606,-16.66098444225102,-10.54167476619076,-15.96124964371661,-4.905005932195156,-11.953745265985368,-9.089946708257862,-12.56118860438573,-10.279335599503858,-11.037227955308333,-8.49567106869855,-12.298896456154093,-6.937984309476457,-12.724428478235104,-10.511861670155461,-14.581461935185713,-10.25731150473363,-14.858581377201489,-10.380206870890529,-15.205602196341886,-10.327415995693803,-15.824510501411728,-9.51474372970043,-13.620439021876685,-5.730312897360842,-12.6947470633997,-6.620731959106564,-12.41479255798221,-10.129019654835773,-14.89504366409596,-12.102827904732754,-13.703475951141819
856,-8.706411714260254,-11.146042755793658,-8.861830005489832,-13.128499992172243,-7.710958987505931,-13.521054510968622,-8.623110704086454,-16.363696554381825,-6.493070356173497,-11.67014338430384,-8.054599679222047,-10.54246091952852,-7.3629257607804375,-11.605278765070954,-8.83253208540774,-12.308858592301096,-8.346978988917952,-12.379023421010045,-9.276081932261285,-12.507718736462106,-9.97352744069299,-13.578892900857209,-8.129512424099326,-14.56408401303884,-6.550648833430045,-15.38707549154,-8.166758526482717,-13.3280491184817,-7.2000887859422065,-11.289256059404561,-7.407334312162163,-15.081866397444234,-8.72964088694088,-14.818293097316811,-11.097464212948232,-15.150053977097892
857,-6.766167027514047,-11.325413612984448,-11.102641697089556,-14.558445512286244,-7.5696850421112325,-16.28851335310872,-10.739583535287046,-15.923165775581333,-9.288070647966967,-16.28235408500045,-9.41973453759228,-13.669507987109704,-7.451410590215466,-15.077650445809303,-7.211837717813942,-14.858721775761524,-7.538067435560571,-12.665374120995683,-7.440835025935167,-12.825305007904577,-6.666904412278701,-13.338203409889616,-7.092344758693166,-13.734927059048596,-7.584829791095283,-11.783683007758093,-7.076402434173829,-12.741587526849138,-5.469901993803128,-13.758685999230487,-8.192305734276925,-13.435258555156363,-7.421525693227351,-14.911652475923558,-8.373464894424446,-13.878557012747986
858,-6.128840071641695,-12.875991185423239,-9.320412578402072,-13.267165676586583,-7.533717192607804,-13.554629592461211,-8.869996621525212,-15.456598260961798,-7.530846632561653,-11.346423808607263,-6.689073233573768,-10.983830026392287,-7.370201475690596,-16.333045846378752,-7.52947627435454,-13.732045828516572,-9.273242442315844,-10.404638825787684,-8.095687533005263,-10.009973917953461,-7.347437780477132,-15.58176088964634,-8.43189973261232,-12.023046455495962,-9.724147793556602,-13.488637148963909,-4.606706132497836,-13.09676979868847,-5.217584704341597,-13.497111491600833,-9.006050030842678,-15.725234768810495,-8.572549955804336,-15.715578869099181,-5.852748957247486,-15.806820565711137
859,-8.215445978876412,-14.915610396930166,-10.440321895581842,-14.93992743042502,-8.449678013519637,-15.343190007452199,-10.424254793902962,-14.8306458898217,-7.139871509155703,-11.521269915266199,-6.960676593544908,-12.646988971526241,-8.755679385307044,-13.750420632148847,-7.448930355713904,-14.24235574585304,-7.240041978704806,-13.312076093854072,-7.445350652931404,-12.774533710028479,-7.976945764827156,-14.901456451276056,-9.091207082415433,-13.84716797809717,-7.01191216090249,-13.6761563371487,-7.454942889507219,-13.865164127606288,-7.155558970990704,-13.968222740739868,-8.82736889327425,-14.38949071069468,-9.213828912370106,-14.977830890651543,-8.429257342464759,-16.383671356338073
860,-4.9045746821500185,-13.00076782176296,-7.191114022685915,-13.263673762971928,-7.825935856901309,-13.508212374069895,-8.338307805813837,-12.136912839486893,-5.126694457746347,-12.709474327990451,-7.619446375740052,-13.078865332109471,-9.124520709021915,-11.877528376180045,-4.709477265072325,-13.388194296173719,-7.094857834583106,-12.702374447707534,-5.527224455536809,-12.251004502982513,-6.49488219508155,-11.98965627841174,-4.984340907861504,-15.017740904809004,-8.6995311592288,-13.401046996423105,-9.578161629477153,-11.925018739870518,-7.717349742731885,-13.785570469446826,-7.922320412498987,-15.174949508189588,-8.395183928533697,-12.53919955432515,-8.282373468952947,-14.832279802333622
861,-7.060212885655028,-13.526561756645927,-7.178351909854231,-12.935162114724932,-7.308164161998748,-11.909692859759186,-6.812200010463964,-13.019789045390178,-4.699036841792689,-11.793727088406659,-5.577945342406832,-11.132334439031677,-5.973425163520027,-12.507355600972886,-5.626141841546433,-12.302080529178445,-7.556184124554578,-12.532933346548628,-7.034742657181059,-10.140356711429511,-8.17141333508475,-10.357989315779077,-6.07826174608281,-12.137761319581092,-5.936348216333394,-13.041521607216167,-7.342947305050337,-12.749426127819754,-7.230639915832221,-11.415678182940347,-6.015071601949051,-11.89660065956774,-8.456384739175077,-13.18773319950531,-7.399553254490203,-12.204301547779819
862,-7.158291556501669,-9.270325756402952,-8.328562419312988,-13.630871527031887,-8.78456479501751,-11.093498519534364,-9.973578094286776,-15.794566165541784,-8.374940289106913,-12.032388903236875,-5.413295223742688,-12.920180723910718,-7.925315946262125,-14.990594127426354,-8.70720572570732,-14.322357973529229,-8.567600174337949,-13.58465610282723,-9.164744377771665,-15.723629702159718,-9.40112970159669,-17.411110274037476,-8.160395401792705,-13.230379119065347,-8.55144409751437,-12.757523729089463,-8.842212993946834,-13.480086289792483,-7.892782110881412,-12.581630821922882,-12.383474651657366,-16.178095902557256,-10.424945395555195,-17.59225882302155,-10.680127585969108,-15.88471529383691
863,-5.605660238334301,-10.593038006858444,-7.378444047531635,-12.404019044625638,-8.04325038532139,-14.258776922359486,-8.68940432035876,-15.26940892923436,-9.667276805776853,-12.965653605270708,-5.418533256232628,-11.305736051064601,-7.413926830161727,-13.369710122125158,-6.78004227713285,-15.742209537947279,-6.528622011523551,-13.229073902880499,-7.776744855494137,-15.108039558084208,-8.872044795063228,-15.056652075043386,-7.774312081416391,-12.55566614260313,-10.18266398197289,-12.938113112796506,-9.709743552194137,-15.567597743665562,-7.472380370164697,-10.696904023878576,-8.109042734853443,-13.321798131683433,-6.99662870487023,-16.482650550474634,-8.766587346122966,-14.019131083293923
864,-7.647128753954907,-15.42842075272546,-7.373554844517346,-12.936536516251158,-8.682039882493303,-13.556465171424444,-10.388118222839225,-15.181163548976642,-8.494721694334064,-13.570415546442227,-7.322825025931015,-13.317001671851754,-7.453777919489728,-13.176124426873564,-6.630149017017777,-14.125735789811447,-8.140660112734459,-15.30400070670118,-7.9022542310098025,-14.002560201559106,-9.902408299940953,-15.572501319716688,-11.700023973072767,-16.65639537456596,-9.26371352377535,-14.037774093417976,-8.727003412084402,-15.876172105400187,-7.550170880689288,-13.921111029930433,-10.025615070454512,-17.210825704096486,-8.638141024448243,-15.401557053440788,-8.62171806016987,-16.024006483390927
865,-8.077376617695963,-14.450993279724795,-8.438964592577262,-13.802914567919398,-9.518262843406642,-14.213818264081477,-10.854671721907863,-14.306134187254784,-9.025712832098705,-12.755452600324752,-8.086667487408999,-11.604718508453754,-10.359689610615579,-15.515611325637986,-7.9948594615176924,-13.598155248786663,-5.334473916327678,-14.283245032414897,-5.889386788750974,-12.05005200658489,-11.232660009828319,-16.567736150668605,-10.483834744734267,-16.403795531760856,-7.816213063559534,-18.173504251913016,-9.288970773207614,-18.240861866740087,-9.67034812696446,-15.022998832044864,-10.52860396004349,-16.16594914121244,-10.07896878100835,-16.287984404849528,-10.267085803643248,-15.358081559269436
866,-6.767858964351391,-14.046772194882362,-6.846210839976635,-13.551198057305685,-9.222792708725079,-14.39631392788732,-9.376959189306831,-12.81247917678389,-5.298433696589701,-11.72049660058319,-6.319453123241082,-12.836668510199402,-8.326330536651925,-15.331879519380037,-8.042707687326908,-11.093506427745881,-6.951174107770818,-14.386236915718861,-6.662871059617235,-11.30820487009452,-7.227467347738278,-14.894639168690397,-7.1669330723434355,-12.510869202216552,-7.404742043827978,-14.814004707190824,-8.34439194940076,-15.096594251282857,-5.9062343012625975,-11.883582756943817,-7.376579884823227,-14.244937378297465,-8.519098997393101,-14.111188525648748,-8.708647569929813,-13.010028744875324
867,-8.141662552704794,-14.563954674431816,-8.053330452215153,-15.922141247919662,-9.022902003082073,-14.115300151679415,-9.92505536229556,-13.808391000251843,-6.5132703236310245,-12.585812443507296,-8.012299228781103,-11.990286885015081,-8.78636311613249,-13.258717639011074,-9.418509997048925,-12.98055321270298,-7.496677458813802,-13.33701521891987,-9.151156086547477,-13.910062312274675,-8.730293742648257,-16.385770985459676,-10.064528881700642,-16.100493897923783,-8.489813612104488,-14.570158703591723,-10.099702490294495,-14.6094371721842,-9.07296494297881,-13.555227670834789,-9.955306890158845,-15.85666796721414,-10.12279631630207,-16.47540680857893,-9.212897526072162,-16.07089206965852
868,-5.7112373185393475,-11.32993512634533,-7.837627254998009,-13.031229053860265,-8.362154622048582,-12.321370818862317,-7.75419204284923,-14.72685164159535,-7.138018409262852,-13.921772748233586,-5.290063365862694,-12.564356212516168,-8.732778897545044,-13.393739796820274,-7.34734678005307,-14.087620987591364,-8.239297133993682,-13.250724757477188,-7.657706372641922,-13.122844821960797,-7.2309817915911365,-13.825013889828973,-8.49743238851943,-13.355404435161942,-8.846441332148805,-13.44713498181946,-9.151415568780559,-12.837818501102829,-5.999769034423277,-12.334288194221056,-10.027010013599329,-15.731049013098321,-9.147628400593762,-15.615108625863822,-11.189356599033204,-17.879288814783315
869,-6.540262341596826,-12.80077045548044,-7.701338992368758,-13.379288993246535,-8.843508471539058,-11.864855751228552,-9.374029882747067,-14.335997206367061,-7.9861208955396155,-13.649322569345976,-5.65084129652562,-12.87566806484316,-10.319436384118621,-14.436059829227695,-8.53963589975367,-13.932386979778972,-7.817155276208964,-14.341053526174655,-8.430829372012576,-13.6570351704753,-5.635202914630507,-14.54723467739522,-7.608015738437388,-12.739014480865157,-8.215592086690567,-13.890660587507249,-8.23337106442034,-14.860660086358521,-6.809839346058078,-12.967012703285576,-10.979438191977422,-13.970509774535522,-8.619047120791768,-14.133218190009016,-10.86824322466532,-17.76955632805428
870,-8.854348501084251,-12.560176373528327,-7.996713492366472,-13.095820752539286,-7.22009382028056,-12.82080961270492,-8.063318787002524,-15.190801744964643,-6.052396049371318,-12.904007860005377,-5.894168914318961,-12.476766942264526,-6.687983842063846,-12.726981678282526,-7.326497594734578,-11.545506520195573,-6.8078712436034845,-12.267869460374385,-6.933843516688204,-12.52257999236446,-7.2992147150484215,-12.6495577830043,-7.675491898700112,-13.006394808424453,-8.49828503689944,-14.23976276337041,-9.47653459060913,-15.383102717996325,-7.28667190365501,-12.96980750964214,-8.691915620963943,-14.340940992079334,-7.040157020289415,-14.393277690527125,-8.32878263166773,-14.413110726414738
871,-9.939915512605706,-15.041737386977662,-9.672152236355513,-15.766261244067321,-8.805576897614657,-17.065752839258007,-10.488808180292747,-14.774052859113702,-10.132383272191456,-14.509915572649243,-8.60969142589187,-12.241966828045355,-6.2901422438333165,-14.853913667013634,-7.33262527759485,-15.101499075275655,-5.798021727849534,-14.984789431056472,-6.762638337631116,-13.532607112603221,-9.838955412364513,-16.404520638207586,-9.78341184278473,-15.355006081834441,-9.254308207458863,-15.404748799857389,-11.597067812211495,-17.307258865835692,-7.7665954762771525,-15.127052011711559,-9.603224385111211,-15.744822711783694,-8.570738121717014,-15.69698307581859,-8.978726446142197,-14.896484423219384
872,-7.6697296166976,-14.334565161892737,-13.422772939688791,-14.879914745076109,-8.887491686832917,-15.950957512709063,-9.996325035934976,-16.23916254328871,-8.576637508594846,-14.149007762509338,-8.007070636344283,-14.195445407665419,-6.353089471318105,-11.837231420475531,-8.519042397370422,-13.380960474783535,-6.486961172538134,-11.789854615951857,-9.688612778460039,-14.93923846975303,-8.209336809117605,-14.374135861225831,-11.711281450448505,-17.080870728630174,-8.787116572489035,-15.540426306665369,-10.42791171760037,-14.269408711956286,-5.560679388823026,-14.222687626257656,-11.570233085761675,-15.773664238789252,-10.266644347472218,-16.33997395722846,-8.883232594517118,-16.30763067221511
873,-6.480373640613394,-11.673717738436991,-11.145554721500401,-15.465172662029351,-7.138953316288487,-14.920234920896771,-7.047511892726256,-16.850200058623052,-7.4418690534964815,-14.76920678318335,-6.1735001082641885,-11.035933107611228,-6.299105179709778,-14.460715498703058,-6.3233977029171085,-13.337926700354025,-5.365032074986516,-12.606530237385684,-6.563761397187689,-14.38889975857126,-6.822731951226797,-13.641101659433952,-8.118503215350776,-17.12141572858957,-7.45958462468532,-14.359808495166678,-7.434582432531122,-13.586911793909675,-5.907869936950009,-13.050414991082684,-10.110641196413772,-15.41151392423452,-9.413828309335049,-15.777546704912771,-7.481628665738285,-16.632538886029952
874,-4.629066948291375,-11.883107480939278,-6.019179006087457,-13.726546090063433,-5.7172052828211815,-11.5407421158022,-6.748757881717009,-13.026110339850494,-6.229154535072573,-12.684451267753971,-5.074954809842592,-12.892830764240863,-9.791389739902032,-15.69053926493275,-5.133902738671164,-13.383311643893412,-6.459282799328017,-13.362669121206816,-7.0837285629943825,-13.134628837696114,-7.793325827299789,-13.002026532635824,-9.638827550937597,-18.1587148592804,-9.683188482844379,-18.082612146704104,-9.014218413801254,-16.49763300741896,-6.14955750222828,-13.590492051199782,-8.44655570131668,-17.800964914104334,-8.282982260503582,-18.840476628942994,-6.9223936161587885,-15.065948228800927
875,-6.103537238956365,-14.722778069852968,-9.006669595305768,-15.81392282186859,-7.4580318425309375,-16.65162854860139,-10.386706344151557,-15.94963066996751,-6.739712517989239,-12.56623007665123,-6.154499682543493,-13.321975081809219,-9.236409770395428,-12.880218593132915,-7.070932008478098,-14.762063428032729,-3.1107767674518,-14.080238195006006,-6.5251660803118385,-12.148289396037086,-7.411949485899773,-14.558296700470772,-6.002508280945112,-16.099409872381983,-9.084357969107485,-15.092901526664368,-4.021770722742205,-13.296844367407555,-6.695229193880658,-12.13098921499489,-9.715400842812942,-15.879408384377854,-9.237423852166676,-14.991519779826032,-8.440155576330316,-15.037333648301878
876,-8.27352056119849,-16.42433048251479,-12.111357371050197,-17.40991734615954,-11.697602430658751,-18.028088123080746,-10.55149824095581,-17.69013160005117,-10.039281689251162,-15.338695435859169,-6.599903784401531,-15.318717378637059,-9.005315651268791,-16.18416810322251,-5.718507552732248,-12.931154946516397,-7.005887807946887,-14.5970620954995,-5.896918443971434,-16.54257481657172,-10.397691367620077,-17.07818550169028,-8.884617455194554,-17.84246703864143,-10.020185083313041,-15.538751551158178,-9.43517476655086,-17.474948753276827,-5.598819680569483,-14.04609895948294,-8.375088523881798,-14.635411661672237,-8.944491183038842,-17.351417224122976,-9.402620618328752,-16.35160246131933
877,-6.242934773979273,-14.21620401012525,-10.255854848906429,-16.35785974853715,-8.711781867619901,-14.552436554151164,-8.387797639404937,-14.131181244763733,-6.81347123893214,-14.58115646339577,-5.047438207246127,-13.771701396453945,-9.663323923828885,-14.792200982453906,-8.070648080925997,-13.176275873374255,-6.9223617564213304,-12.977345559334115,-5.908352221577936,-14.693225504099283,-6.892687365612838,-14.169555201551269,-7.120689800982375,-13.551614045398104,-7.262863439296025,-10.996091584902718,-8.600165959218671,-11.9316985456219,-6.750137441024897,-13.127960208510125,-8.199204625756751,-12.816914578563065,-7.100904385210259,-13.59371551290372,-9.154409251769719,-14.101855157646177
878,-9.08875411834842,-13.166621434045036,-10.614767815142036,-15.56256021762643,-9.23720844855817,-14.78285597261805,-9.521783796556793,-15.583442221998949,-6.519904497377609,-11.237747433138674,-6.139744257766598,-11.771588147337583,-8.507255079382146,-12.847395594770049,-8.137061208235355,-12.86213461224138,-6.7805946763875085,-13.937417116898823,-6.006696318301313,-13.16644147764173,-6.984616362410149,-13.729156199020917,-9.341261147260578,-16.32362491977957,-7.248185878754657,-14.767756705853657,-9.69739205055909,-13.598986305732012,-5.7876402778021525,-14.41433508534743,-8.026035490123451,-13.840665125766499,-8.48578226955911,-15.24335650321751,-10.810285804253104,-14.44143268406316
879,-6.777802719844938,-12.116133630397194,-7.761632672766279,-12.62923821175356,-6.346395793634731,-14.3246208345881,-8.799662126885394,-14.612958335042482,-7.462022792569101,-13.70960254690807,-7.44996883100162,-13.45189455376639,-7.8511125616579855,-10.796118071588847,-8.26103414433352,-13.248722338597737,-6.138550612622207,-14.983030881787174,-7.905593927379357,-14.304802410622512,-9.449226004219295,-14.119251304041121,-10.129683868696556,-13.15746637331233,-6.236591298136309,-13.773904002658071,-8.2941301160277,-13.50590378686611,-8.455723033127065,-15.015587963723508,-9.232772994240223,-13.608718125956685,-7.108955236321196,-15.371742978600555,-8.686688810022211,-15.2049541156964
880,-7.445866017323432,-13.072276957172592,-10.97400960546383,-14.514702532371913,-9.36832420898288,-14.27796004459151,-9.73299150885223,-13.477200948118382,-5.908003367034569,-12.74090930131428,-8.808975654197406,-11.057329251131385,-9.448208551185077,-15.975327168293445,-5.696561719658374,-14.480782000218646,-6.077559311234494,-13.016991713913876,-7.801834578869179,-13.030861501236739,-9.530199081642246,-13.051944785049542,-8.296830343453292,-13.600554557618844,-9.234958682757629,-14.072400757757588,-9.77156565720122,-16.04906475849498,-6.205594916396338,-12.931663187383858,-8.011384338612705,-16.670636564458675,-11.410260602201978,-13.503452154894099,-9.249072357555203,-15.651557524731777
881,-8.015741671021173,-16.19048467383746,-13.317127031588015,-20.188885896257787,-10.094950818997342,-18.850566386601432,-8.448133100618195,-17.127642142437264,-8.00611002773826,-13.144689901377937,-7.665468395741675,-13.745979328430195,-11.88865277414494,-17.935301357506184,-7.823145669346375,-16.811414454906558,-6.584426567355449,-13.292102303764015,-6.156520811154829,-14.821710607481208,-7.51198877058539,-13.337790271246332,-8.24846289275612,-13.938232568186846,-6.543898358644871,-11.049100241508976,-10.433352382186193,-17.44161806376405,-10.509678103417384,-15.466105107233187,-9.448201854454744,-18.615287839331266,-12.567645502654763,-17.8690781902447,-13.066340629564252,-18.308912636702935
882,-7.6494428971267645,-14.47824530230244,-8.472242743783688,-16.046541461186056,-10.702623705314247,-14.887775484584695,-10.028841862067736,-15.629130648976757,-9.313638612156485,-14.95780009091084,-8.49655472935496,-14.66450131086885,-9.244280406599858,-14.885478703475535,-7.532562984367976,-15.739567908804428,-7.996381381127734,-13.171753916392044,-8.73263159214672,-14.868615571462309,-8.555677954079043,-13.546812998741995,-8.61199578772194,-13.310433857096262,-10.57014749881482,-13.712056063631744,-8.904015310516138,-15.6590368289167,-6.634831444669836,-13.909865077058258,-9.72080910841146,-16.24077608917884,-9.783016141091723,-14.484444092760153,-8.524906950280052,-16.089406907361685
883,-7.945888834023391,-14.375934624398873,-9.96811685925665,-16.64823571308239,-9.26388845754767,-15.534039951574396,-10.618760246773718,-14.900099538110297,-8.195656207589167,-13.776811216502793,-7.093769473989226,-13.136374959266492,-7.05775231150629,-13.666889245537053,-7.974586403086588,-13.228106220062163,-7.0920465869387534,-11.761698478763282,-6.71848493966667,-13.118039282132825,-9.651830099955173,-15.467058546874203,-8.153233604735526,-13.480903529851423,-8.11131375927517,-14.935008714907925,-7.353060842055397,-14.526680335412856,-9.201410129798614,-13.619798386407933,-8.915939771493509,-14.900097788173579,-9.967887522926194,-14.264032125374538,-10.065054711191564,-16.28499157187702
884,-8.14621366636666,-14.768569116366287,-10.012617918997194,-15.84057576837232,-10.237768329728867,-15.654941739922574,-8.320523948185404,-15.275721409426415,-9.023480820494692,-12.881265683685065,-7.480150396505105,-14.566269237690104,-8.921777227226745,-13.009409667661274,-8.769367673123577,-14.293282349160181,-8.534207872268574,-13.590687322008034,-7.3622718911842435,-12.592217771793388,-9.895931519914848,-16.28517572635215,-11.817506996102976,-14.619444893362814,-8.282355603059713,-14.8245033042638,-8.90918125918976,-14.670412311458165,-6.90344304430168,-14.016762212812548,-9.17242791962967,-15.874705208531823,-9.279656487940448,-18.05125754184317,-9.426256656305776,-13.582118096711234
885,-8.081727469851273,-16.65005766277981,-8.340369426016004,-14.682555001033958,-9.669478888205418,-14.544797317876574,-9.464834703746591,-17.282828254806354,-8.211826391900198,-12.601405274674413,-7.458165379802186,-12.364935870670362,-7.712337006356194,-13.93720822095257,-5.5604197711521675,-14.508294136970314,-4.021412296170669,-17.005237844135422,-8.495117070153107,-17.42709262403977,-8.718669829230318,-18.24489901809985,-10.264986276961942,-18.557865116796386,-7.085608256868078,-15.836951699384903,-8.585859340693968,-16.617780270243014,-5.79544124255672,-13.675083741507883,-6.080306745770763,-14.45678553410491,-5.689414926423102,-13.474481713077079,-7.016298200992681,-14.33387323481398
886,-7.055477586623029,-13.597932968937233,-8.348734994639152,-13.041464573484184,-6.151368377371709,-14.596800751103538,-8.145587222705936,-13.59488665883732,-9.111162969421486,-14.949521286492178,-5.714496007106269,-11.120018534803961,-6.740551586131139,-11.912465562993535,-9.037770260215176,-14.352673186627012,-6.999928558855805,-13.020671507366243,-5.486101646917936,-13.86464963599556,-7.950678260113813,-16.508213616448543,-8.91219395916255,-17.06049046173484,-5.2949464708332314,-14.632543283508149,-7.712490061629723,-15.864403490097041,-5.278763134162807,-12.889874328826078,-8.433865941950495,-16.48379193716038,-7.407812941656359,-15.112462456084332,-7.7308454981028625,-14.637555658650479
887,-8.254799934335253,-14.136722865013018,-8.155938395991353,-16.629718027897415,-10.165605798200737,-15.075891904365374,-9.203509650186772,-15.988702800018439,-7.655129277302725,-13.8696026705758,-8.57965087090706,-12.805653202179364,-6.102742857342508,-11.468811091914286,-6.868505137315905,-13.920800360430016,-6.4658537375258955,-13.37009853815389,-8.177769877103968,-13.033747162432498,-8.280230521895422,-13.775484041410182,-11.016536335826203,-17.646909001768194,-8.800782201907229,-14.440216628914463,-9.906288907671394,-13.380046435735803,-9.28206899912543,-13.602029560942592,-7.108957398110743,-14.804909857565779,-6.867218643443373,-13.942256179734754,-8.219913178050291,-13.316912776281459
888,-7.670479904861901,-14.229479550353151,-7.862639399994013,-17.73892570597913,-8.706032658024304,-15.464337632153429,-10.431564754234818,-17.309424065815314,-7.3340594209435945,-13.922036984794763,-6.7332273932255085,-12.049445340772753,-7.465001085800871,-14.430145936573284,-4.779832646142526,-11.810262509224035,-5.964422872723933,-15.666380067162354,-5.805326249293855,-14.236099743362844,-8.60146224998399,-17.445172859217273,-9.343132035265633,-16.64178594158098,-9.113812393707066,-17.436767189225066,-6.075153585376528,-14.490977534426923,-6.041236493956785,-15.860861477871522,-8.41480441559176,-15.244301913361092,-7.5434783378238315,-13.801271528132698,-6.529668073497773,-15.761270935383607
889,-8.56857050334933,-16.45200527871734,-11.452059087629694,-19.287119223125117,-7.740767902457849,-19.05970459885279,-9.732218401882788,-19.099995837789866,-7.063674317567429,-14.077685581984497,-7.940354892544095,-12.870675927747946,-7.365820258619014,-14.53386930336224,-6.604200300096795,-14.390121311285862,-6.445793816709821,-14.931172319363125,-7.97961181625297,-15.14569647806891,-10.492120326984203,-15.15565760498266,-7.232119461935909,-15.888613611854371,-9.211625089339945,-15.181659914928096,-9.604640688491347,-14.920479550559998,-6.743889452828426,-15.44926909346607,-9.48874785231491,-15.961182456269112,-7.782713908355522,-17.60735878815157,-9.253859519360786,-16.411728976210085
890,-9.178603624014368,-14.248128497944542,-9.835099277970306,-17.67274380731759,-10.9733771575044,-16.57353744913629,-10.394465315593983,-17.427075178378566,-9.140536880239106,-12.056611689067518,-7.072974055500917,-12.526256881680794,-8.631359910187363,-12.347895360692204,-5.877881027356084,-12.544443569215172,-6.952635218970238,-13.53487919048627,-6.552581266650409,-14.06280888135946,-7.613023352430393,-16.208995628798814,-9.916985000547262,-13.148254748383401,-7.362151317733451,-12.342064481234532,-7.337297528213496,-14.382391272962638,-6.571906896568671,-12.499962888053652,-8.969668776521173,-13.834452862456615,-7.053722205223782,-13.289006192931446,-7.989744280480419,-14.513881581628578
891,-8.626038467575322,-15.355630998037936,-10.955692598254558,-18.239734973644946,-9.873226752111988,-16.29797009024079,-10.446908621695577,-16.347285522917453,-7.556020628120182,-12.695471986909917,-6.6947132436175325,-12.505066529064448,-6.732596964319153,-12.492889203993052,-5.667045381490285,-13.427577825907287,-6.848370384793445,-15.942019389400405,-7.419344659095694,-14.771513983579851,-9.69554424435104,-15.215717296075283,-10.31614802991627,-14.208629832428258,-8.985523695414322,-14.678326055819323,-7.761184530364929,-14.196418140620077,-7.169266777609831,-15.4968228718963,-7.62303740414133,-16.550105546305524,-6.181477223596165,-13.760692206486704,-6.642604358315893,-14.061559345342356
892,-6.863749306919838,-10.14561054841508,-9.651167901815196,-14.85043613087538,-8.691097350011303,-12.965323424368897,-8.99478870572888,-18.408463634022507,-9.297274342205885,-14.103391430838357,-9.501296567521019,-14.40116219789142,-12.183015110280792,-16.72755659640185,-7.256875829740876,-14.302749628117542,-8.736762266488089,-14.700285681766157,-8.171862969040781,-14.554971947695579,-10.795998555773165,-17.995116663560616,-10.427879044897704,-16.820971001500855,-6.743002660558508,-17.821958373637532,-8.909131421804053,-13.58963950850665,-5.420806506808514,-13.025109561132817,-11.769207106293656,-14.113132480472323,-8.214678618097693,-12.876633105969027,-11.942017256766977,-15.401903594283295
893,-10.043864779896527,-12.881060108649923,-8.441040893083773,-14.885271165807819,-8.317751841815324,-15.457472163654785,-10.67560465905463,-15.491871884956634,-8.795068742624409,-13.05735736439332,-8.014683884983674,-12.442242430324562,-9.625008330458952,-13.604157584759044,-8.415527088982449,-13.098723661481857,-5.0034523557714925,-14.362349818573835,-8.056133789115185,-16.86241225501097,-7.254305775824328,-15.311001189911156,-7.806561391030628,-16.527395512321096,-7.558596550507631,-18.097314105603026,-9.574555083656275,-12.903912977760598,-7.272359944933458,-11.750998038707472,-10.377167415024736,-16.887616069100158,-10.716139861405589,-15.417551122557121,-7.700864249644303,-17.494413296482577
894,-5.813395379690698,-12.446885718074675,-8.008245411249044,-15.075153966503942,-6.604663854492325,-13.799131053554678,-5.186179640972379,-16.921346588619418,-6.575601282934827,-15.057773764930467,-8.490871294071834,-15.05989183355056,-8.313518215565317,-14.166234849782226,-3.7237060678628833,-12.596076920848168,-9.069282104612487,-14.807290677546392,-9.018541001896654,-14.573394008798,-8.022495404313242,-13.62705420507799,-7.315780085676011,-16.536178664222238,-5.82209265267697,-14.957780330859855,-9.531860769192452,-14.399419342626231,-9.265304984157046,-8.818031901221328,-10.209671151686974,-14.306739278817782,-7.8186300712243915,-17.274975823965963,-9.01290078287648,-14.305886287598039
895,-8.943919752612569,-13.88589111204566,-10.181737376142904,-15.736317151980865,-7.549050201117997,-15.249511718099104,-8.4929973797067,-16.473741062023738,-8.996434696896372,-15.487932643506483,-8.509883837508882,-13.730825842268317,-8.03294082773026,-17.619801192509634,-8.757191128957691,-15.693039604414443,-4.510066437843931,-14.088984234106244,-10.861119565607622,-14.515851071600297,-10.0848166126124,-16.332849046143693,-8.463044600202782,-13.185672179656375,-8.771761529789103,-15.081342730898598,-8.184410094472824,-17.3914281474675,-8.453820566355818,-14.986312043264585,-14.396923033186411,-12.706634491505696,-8.862385506398851,-14.43198555996246,-8.140342113641575,-15.30972287745545
896,-6.368400714497769,-13.467472756725469,-7.440066486483131,-13.718797534661448,-7.761167911915427,-13.39820040678726,-10.032463216095692,-13.463886487215902,-6.568797844975631,-10.46863816607788,-7.416285411090894,-12.089990685356774,-7.638563172094592,-11.714547555680845,-8.05049091846058,-12.517297447553734,-5.488116060417587,-13.822966830847452,-7.410384763726572,-13.794407308551573,-8.263317529275552,-15.651911819027042,-10.058190110852724,-15.506781337441872,-9.261902601757617,-16.160811248919174,-7.032464754036424,-16.36172429616319,-6.6146663757231945,-13.515435741992137,-9.16432873838376,-15.723000894176627,-8.440409086577299,-12.643235089994846,-9.298526010924906,-14.177560581378506
897,-9.25249561779262,-12.871501649889925,-7.126935085898385,-14.864129210806158,-8.867296973633634,-14.39404967804736,-10.47325755384091,-16.14192359938539,-10.035311943848926,-14.836819349332504,-6.7800300983149056,-15.239075106254802,-6.337851930086787,-15.111828387814509,-9.14793567230689,-11.59560862607348,-8.704206301369066,-14.043028826165742,-8.032404147304117,-13.193809563029038,-10.620144935389181,-16.23993503739148,-9.088759496140042,-17.34499548440532,-10.609460824926416,-15.794749239455967,-8.067898612593053,-15.810274366580561,-8.71785083776103,-15.4970681027446,-10.507549823220543,-17.242446736802584,-7.453480695108032,-16.203837302100773,-9.495081842401527,-15.030100371924329
898,-4.081966612813065,-12.934631364186933,-8.091887335438475,-14.621261929392986,-8.542764109821965,-12.560395021090534,-10.069074598274351,-15.797446327019866,-8.8701719846129,-12.185969721900465,-8.618761071342579,-11.733644123781756,-5.876331514567859,-12.418498428429814,-8.749564637515876,-13.160143342544934,-7.804214711282643,-13.432420841443925,-7.576818151042581,-13.591975108757534,-9.79525524046073,-15.039558967251232,-8.229241245718207,-14.341947088844273,-6.60363909684043,-16.242751209984064,-7.012040955387163,-13.296692459579809,-6.836620089808701,-13.989517599095802,-8.446031687965206,-14.453111044560728,-7.055585011609238,-15.682440225856132,-8.461279913716082,-13.90104502831626
899,-6.516975941524114,-13.368702335753204,-10.548453850442662,-14.804348113710525,-8.52090368234563,-13.25128685894795,-10.657008038409524,-15.989395537706644,-7.7197485111316055,-14.655374340422224,-6.863326088509705,-12.402629079877325,-8.661542088654118,-14.88878469784694,-9.081740852254605,-15.48570223487257,-7.6891647518492245,-12.384235572802373,-6.051322495214167,-12.64599983807964,-8.243037721664727,-15.12527072359881,-7.65938356974253,-15.267203474890021,-5.778084254221238,-12.99967021885082,-6.347212020123125,-15.692589227033904,-6.299301008767053,-12.46378289506589,-7.9061257520296735,-13.797622487917629,-7.205108614312101,-15.41754464521164,-9.399053618256438,-14.05774576394739
900,-7.479251181056918,-13.669311211309402,-8.613218963832454,-14.692109160066035,-9.72601343272704,-14.730817234511056,-10.530199833116402,-16.941126974290675,-8.902049130767832,-14.167043319413832,-7.596515942681128,-12.405403824289456,-5.232941591402445,-14.58981905237503,-7.864542310146298,-12.934215140871432,-5.427082885602398,-13.95650142189558,-8.457745431067378,-12.971704426042471,-8.559029745583175,-14.49295168547053,-9.58733102975199,-14.191738011246517,-8.592135662341589,-13.857318453300827,-8.449001706902692,-16.910087913992886,-8.628657316429344,-11.6702104053543,-10.419712156277836,-15.77265970564688,-8.687713863982271,-16.070654261159287,-7.972426521529952,-15.774563365378583
901,-8.557968451950966,-14.588068400196514,-9.260943381186776,-16.359189526132837,-10.25058034161653,-17.618510748652586,-7.291729394486435,-14.256256457707385,-3.499024704760603,-11.02290610269327,-6.1250504628217275,-11.368999158009153,-5.071194514484572,-13.050183780542197,-6.071916415346395,-13.72805726570838,-3.292070608398861,-11.947039089838764,-2.0950986378319856,-10.24351768741706,-7.493758043936147,-16.850050046721485,-10.038404106695612,-15.105876913087346,-7.106879084874374,-13.32872664462285,-8.834611032618083,-15.300100841137498,-4.851504982112006,-13.490687366698637,-8.75268321213951,-15.314984160856229,-7.601993126078634,-17.795792993513523,-7.451249371507584,-18.390687765985902
902,-5.314980420167473,-15.112872661338486,-7.696749636933488,-16.261619822285972,-9.135263712715608,-16.605394671272208,-9.759762565124046,-14.415821855819704,-5.896762963098794,-14.985496109655742,-7.220068230074088,-10.507045234924476,-7.160516624825075,-9.053544569925718,-6.409300674246268,-13.786606479218694,-2.4841311922906217,-11.27451824481831,-1.9378966121893892,-11.77527318597524,-5.986028420757133,-16.12754985926405,-8.832691474474586,-14.391976523611099,-10.799692822958649,-17.348964957205546,-7.88233955087347,-13.638702101300497,-7.5801105183399295,-12.759793460250147,-6.64350330098268,-17.77381786051818,-9.387873262730707,-15.96089297164889,-9.295322547080428,-15.815655600628807
903,-6.243452064317846,-15.67041461702495,-8.159580306703644,-16.58362847006696,-4.968543404134595,-15.4890451998135,-8.733661263592326,-14.308369411529775,-5.451505586534008,-14.788041683647336,-7.361573704518705,-8.983055950894279,-8.0720948747856,-11.850607991708433,-4.2070724223093565,-13.46650330947873,-4.4380141578380545,-12.850481210459337,-6.134081946473281,-10.920995850845346,-8.478931545399043,-15.842094065553223,-9.783146344670081,-15.31210258505082,-7.014909085623736,-13.037367437832872,-8.204119253449997,-13.897646809848993,-7.103952081116018,-12.726964550931763,-5.3672004301105956,-16.153643409855924,-7.508087106295269,-14.350717931588635,-9.38791176481557,-17.489022577773422
904,-4.530833667975889,-16.233727662214562,-6.190989965844489,-13.516517248285977,-6.973883044453942,-14.369794873584924,-8.741685590544915,-11.793963791718255,-5.878498782665095,-11.700110122746745,-5.871830870501087,-10.688641929723035,-6.899839432707903,-13.003483644071423,-5.242285332205513,-12.256083663270028,-7.822215482446273,-12.122885625157975,-4.470632990308549,-13.04569035621125,-8.967904690918125,-11.86179110244497,-7.192735110159521,-15.07627224511692,-7.541878739077026,-15.715258099072996,-5.437117472318215,-14.804104314543915,-6.928084645910854,-11.740400465028273,-7.2454265336294075,-13.878189506516792,-8.333193634088667,-15.275512212884001,-9.300464373022848,-16.670914679014196
905,-7.823838049018478,-13.698052435100541,-6.559710415094337,-12.74686092064366,-4.912476714059731,-12.212188121795373,-8.122573324430395,-13.84588070920573,-8.65921271993384,-10.093010381789062,-5.230668518860872,-12.31648173797174,-8.750828884208705,-11.637720305914508,-4.8383873155130885,-10.87436359195383,-5.811552796686845,-12.086545662543767,-4.591494409789249,-11.46876571308697,-6.726119555338592,-13.181191253964197,-9.666232589722622,-13.860147284288125,-7.0342014284872345,-14.368480815190864,-7.464402231772111,-13.260211217065228,-8.047098021118217,-14.732905907318807,-8.979781747333563,-12.229280206507681,-7.614736811865476,-14.206161094246863,-9.853174092429382,-13.490089256425888
906,-6.985585735576811,-14.289262683556709,-6.395747367694664,-15.85425133716173,-7.031440757021273,-14.715080512594493,-8.16101784091493,-14.821757747427514,-4.775965351536964,-11.850070789489367,-5.731672872000443,-10.644849321784797,-7.599143182953824,-12.451986370308552,-5.381410449141275,-11.41431385530356,-6.258276919382037,-11.04682625179855,-5.287553791197515,-10.042643805031243,-11.804679313756765,-12.356576008516281,-6.113630427385951,-13.595203188955374,-6.6779598454206095,-12.608622389434245,-8.699687060155231,-15.841840823896039,-5.028101542259603,-12.755473654577695,-8.605279750802714,-12.920127163175279,-8.986937851156975,-13.986696445309112,-9.079864295137837,-10.880792209515228
907,-5.365720380948934,-13.527221040043107,-8.95292471315585,-12.84328157844384,-8.639276971041841,-14.812984297423249,-10.771027696030712,-15.587963179452494,-7.999334145060563,-16.01896222273811,-7.929128549426128,-11.853329458028451,-8.396813462668407,-16.685496640097405,-6.862968907291814,-13.779033603703738,-7.607963880145814,-13.046523281271124,-7.35413417683756,-11.551223221138397,-10.165415876775857,-15.032479069333196,-8.565237852761825,-15.306176346158802,-9.276671392290462,-16.106025007464044,-7.672434668853745,-15.507764596234848,-5.553148169776991,-13.030172647376626,-11.078511722462093,-15.198034682412944,-9.399113492731425,-15.82315262254711,-11.169780716993689,-15.486419921162165
908,-6.73590216746779,-13.701722501381761,-7.3553244618299685,-14.002236535367917,-5.722050814446787,-14.3247173996311,-8.090474791934067,-13.888242717420557,-7.0911733927671605,-12.502951686671729,-8.24298870975701,-12.259178651092359,-7.674040099601793,-13.596184764110138,-5.914749069999793,-12.720139149071956,-6.365149354772759,-13.376941408619876,-5.824600072638683,-12.218560128483702,-9.759740215386502,-14.506106832131989,-8.463861899097708,-14.195709826617076,-8.50316236124,-14.72091159265659,-9.165139765962454,-14.145959651349054,-6.171496123212946,-12.870117596662267,-8.68654724435577,-14.805601070952495,-9.118190273498168,-15.16651338979154,-8.145603479117606,-15.173578159020728
909,-8.43260811500288,-13.596294006297434,-8.806906849763244,-15.23243064006043,-7.728799058426704,-13.712071656811142,-10.001187292786032,-13.604721338040704,-7.0955328314089305,-11.892906580905533,-6.321178826127161,-12.83683048859984,-7.291922783547403,-13.571499970726585,-5.220126710849682,-12.090718506533538,-7.893611588808237,-12.731112706186154,-7.328601348947304,-12.200913728212594,-9.480455060990842,-12.572463072068452,-7.994847226319375,-15.168067573291344,-8.010955313524654,-13.84061439421117,-8.732481270869828,-13.905106682071102,-6.3473222573383055,-11.264851358077493,-8.935273235823738,-12.498581569613684,-8.2419377857292,-12.12155060327882,-9.222860347711322,-14.613220887601168
910,-7.2029501399984746,-13.239738468104083,-10.204981374368185,-16.58180250483034,-6.7815841755007,-13.679361559321173,-8.38333308587877,-14.3495679724095,-6.569535648513257,-12.671425065547178,-8.004847124175585,-12.93135957026001,-6.897455685286259,-13.15688197885348,-7.192112977649056,-14.701633514105577,-7.922973428038653,-11.71431129988369,-7.547157353040878,-10.79713749053864,-7.322817863830205,-14.68031975873983,-8.771561076874088,-15.489548398443931,-7.376059590520599,-11.948848083312228,-8.97402298132368,-15.297648525273008,-7.613105339503611,-12.947312048905985,-8.403279920715812,-14.19033830967599,-8.580799390873436,-15.758697809149975,-9.730396774705058,-15.92309268871523
911,-7.129930260867594,-11.890535117304289,-9.173394535003958,-16.68231709889752,-8.060588859518695,-13.052969903146927,-7.237557744950105,-14.99239276961626,-5.624800331536008,-15.320043640045192,-8.346408920821588,-14.692626541744417,-7.117588684938903,-13.50627682889063,-6.591461941289171,-17.309035299289064,-7.298308416215215,-13.699662187223643,-6.163703704688251,-14.407816075276695,-7.130171889184504,-14.647397547659146,-8.456324641762917,-16.094644293450706,-8.464806368440478,-11.935658083104732,-8.26978752801122,-14.521983276969603,-9.485752108896271,-14.844171728306153,-8.95355594328215,-14.923022857568837,-8.595456242500232,-14.317857647950682,-9.818492690176331,-15.456723864771627
912,-5.760019591277933,-11.552779758837197,-8.843480703711107,-14.805660511635324,-6.549440402739059,-13.231829951904086,-8.230004510892057,-14.287547869243284,-7.080319178103047,-12.155332373617803,-7.9574187255726585,-11.804651245434943,-6.497609099898733,-11.549088919335817,-7.423364558424441,-11.666378201516789,-5.65455757523765,-10.782206002670131,-6.4439512570447075,-11.482273213975141,-9.819245615908011,-13.22061228186713,-3.3373295842635686,-13.81590485370639,-5.152881013571406,-12.432794514573814,-8.198125777675108,-14.285617152170428,-6.088009058578532,-12.50910728919791,-6.173202219859037,-11.617357762779799,-9.51280554893119,-11.458073396005421,-5.996226773211265,-12.018895991603852
913,-7.233583768030513,-13.812869959434204,-9.293997543421584,-15.21383961918695,-8.428558745127257,-13.981814316777823,-9.558744040789412,-16.07892644901576,-7.871186673277148,-13.561074137400102,-7.784460880773266,-12.889956630311538,-7.4888239305406055,-14.929847119788139,-6.136799445062796,-13.96855578383686,-6.4943757913325975,-13.24799719595494,-8.184474426257161,-13.935718000870237,-10.170176164462339,-15.042138124484927,-9.42871315208761,-14.813985100517433,-9.093502939798487,-15.269319927466638,-10.055935457777196,-15.313610224599651,-8.83702306167083,-14.815405342833014,-9.945207976579999,-16.342303789108424,-10.115698511325824,-15.320954939546024,-10.436536618142174,-15.895971430366098
914,-6.580206095709565,-12.858234848857277,-8.721983262162453,-13.810877832771792,-6.838567984407576,-12.936082575303248,-9.158022416108732,-15.32557551752242,-6.707621479544283,-13.537410921059465,-7.129267105338135,-12.744321271504045,-9.71099400267989,-15.077011935341451,-7.802477724006325,-14.107097866572937,-7.866585037897858,-13.402432565738229,-9.900727357824744,-14.93060684470477,-11.719673435974723,-16.9640140482375,-10.105299014689477,-17.23376919418519,-9.280305240408712,-15.4802008622977,-9.52202552677558,-14.651051139436902,-7.085645141203375,-13.512941851925884,-8.689148293317913,-15.650695093500333,-9.138696182225464,-16.472420629691925,-8.858421617432082,-17.205838036639147
915,-7.5322847001456985,-15.340959641508977,-8.306380701087633,-14.749912597963295,-7.784173166644573,-13.610031145870336,-10.68940318836816,-17.199845613606502,-8.25468064542911,-13.457719498789949,-5.741391544286141,-14.613893838759285,-9.924459875663842,-15.742508479694381,-7.108258032186898,-13.162363347607313,-7.188758727498232,-12.73489354761874,-8.891080134991755,-12.202644248742597,-9.2022610988855,-17.53275850894848,-11.34227956743177,-17.282051825529205,-8.095515976803918,-14.67994071603016,-9.429622761071878,-16.298246203071194,-6.450503451651677,-13.684232688634445,-7.813397430240677,-14.380488691748951,-9.401894550122863,-12.234327107397052,-8.216168198439828,-17.622263918321686
916,-9.574064727310866,-16.5677649617228,-11.716182730831529,-17.03342023126089,-12.26880433976384,-17.72406402220644,-12.082528134324752,-18.523543682746187,-8.304275586136551,-14.64902292679313,-8.803767533644564,-13.830432685457836,-10.065860329255909,-15.598004060572869,-7.320829876796493,-15.761250664990907,-8.75388740782342,-16.677337312557977,-7.679771125659807,-15.25435928772216,-7.36470170121116,-16.07770304145774,-10.393653951334,-15.041250817630857,-9.57891733491733,-14.437478771476771,-9.426829709661273,-17.18506647433707,-9.392356833775452,-14.52083723862424,-10.593712574123748,-16.11947509111023,-10.181726916681132,-15.456610338093352,-12.69719841794386,-16.86415716316239
917,-7.619965237262347,-15.727320382647978,-10.402056252711741,-17.06060722000745,-8.332486514619381,-15.180372307990389,-10.805939122055118,-15.934183994238706,-7.821092702988079,-12.94559885383746,-6.783333042323571,-12.245892201015442,-7.474334597736241,-13.159894828895808,-9.030217569393864,-13.510089606484051,-8.183892492609523,-14.5523710191735,-7.574864291549167,-13.445269379984575,-10.22351986954552,-14.451915841629482,-9.261236802665707,-14.46995549631362,-10.433879767529335,-15.252406542716042,-9.40970043237186,-16.306221552932655,-8.704201019137026,-14.768897276298391,-9.169362866424184,-15.40706316693071,-9.239345040783638,-14.957438344220737,-10.035676505835829,-16.47602304881884
918,-7.7430664916320024,-14.296065200308636,-8.346723797904602,-14.882296718669444,-8.49590792979102,-15.848269749996236,-11.740161832582654,-16.383526070139688,-9.387421661568258,-13.753262057879052,-6.438386368784627,-11.992748533983725,-7.744694785745093,-14.814314994581823,-7.296426413525264,-12.239365926386956,-6.3560219541298615,-13.112224125273036,-6.751844586325909,-12.516175694372524,-8.820695169694302,-14.677658366385879,-9.086773838653649,-13.843951795153682,-8.10893596625555,-14.761680573752367,-7.294294451030882,-14.95750521948976,-8.152055109297242,-13.838312706105924,-9.479914214781317,-15.784899712951201,-8.494409629116944,-13.493490547513137,-9.862583052735959,-15.59001421591159
919,-6.9975087017404505,-17.62772525071735,-9.946689833978112,-16.749369230207414,-12.272558566662159,-15.743748169418847,-10.587156630806923,-13.587316065429818,-6.694324167260081,-13.40816862985262,-7.235982340568116,-12.579741511384075,-7.43449550245424,-13.97388673786131,-6.4381432715955365,-12.743869940525075,-7.845298435582252,-11.859577075526902,-5.614017611108428,-13.585644901450742,-7.99185267878841,-15.09772329757613,-9.863797080956738,-13.12186748553077,-9.07314948057136,-11.22797456028848,-8.17621112357141,-14.641123961086343,-7.964626497480794,-14.227318596433058,-10.594784641269218,-15.97934168800233,-9.003503846406444,-15.13571697303719,-9.392919663218786,-16.681306745213003
920,-7.711682617364395,-12.72997105656228,-12.710840730866305,-16.71074989045858,-8.410000134526022,-15.736727834276905,-8.594523901698686,-13.433771511754832,-7.6740226748983895,-13.859603680005051,-7.692943078743016,-12.196239331761902,-8.519061263962689,-13.40288678732901,-9.348788392969485,-12.189555223274615,-6.47158476690409,-13.038684191267802,-6.456706775444584,-13.098420520730343,-9.455646726322783,-14.73074149841281,-9.130675498377292,-16.35610546383643,-7.598691207520192,-15.069247565513894,-10.406945034867817,-17.631956240113333,-8.221224308265786,-14.730698942518126,-10.229988616357154,-17.165969714230776,-9.21296919522812,-17.688395124245794,-10.409946734505706,-15.522537802025699
921,-8.870987278974367,-10.801272039631279,-8.931704775905915,-11.834196562481033,-7.988918028428799,-13.660538427014119,-6.575402296988905,-13.409185085196683,-5.742220827556127,-13.890861906277863,-7.3733664459059165,-13.330277588557513,-7.30112834421009,-12.772979690291749,-5.617911652402138,-14.173911982950582,-6.909238872136334,-11.438167876980202,-6.531881654689361,-13.677489342247542,-6.601986699668599,-12.41933639540058,-8.514385776890801,-14.761229231662877,-10.01307518622478,-15.129766562564361,-7.585714576383391,-12.903045556505505,-8.592366377667796,-11.517595191055474,-7.789556636185325,-12.800111287322004,-8.85324658158034,-14.669171912530585,-5.625423765444383,-14.021094490971047
922,-7.860715771952679,-13.587407345834439,-11.799697026549477,-15.840285675662509,-10.283578762161172,-14.566132889355359,-9.19355653718268,-17.360220307089417,-7.470241602135271,-12.532094477153713,-9.263586117429899,-12.675323972629366,-8.405583315882335,-12.712561500142026,-8.601647499468054,-13.941563266043413,-6.257863526268865,-14.50576894633139,-5.641829299378861,-11.632727654515705,-8.45318939086656,-16.274221211243443,-8.606271212372524,-16.700901770413964,-9.83840076342756,-14.00895531676201,-9.848875910010221,-16.82445678090409,-7.85221806887269,-12.442910645429672,-11.182990314324975,-15.273522555668471,-10.267014747846764,-15.572640973753488,-9.096304534408015,-17.340215986320892
923,-6.23222680437701,-12.640100368490419,-11.49141184762491,-13.779205866409669,-10.744561148534935,-17.107571579212173,-10.529875566814928,-17.55304669418648,-10.867379439545157,-16.304514770361756,-9.497544443301228,-15.29017379727078,-8.25894568927142,-13.191808579980869,-6.957623379215132,-14.722389544229209,-7.671595642320752,-17.719709369345917,-9.20234053656077,-12.678469092550618,-10.423248970550457,-19.62852670468618,-10.410476975446203,-18.238112847375586,-11.393043466637561,-20.09092203692741,-6.048684908438007,-17.092613462110158,-10.162232148177743,-14.279717236328363,-10.381987435592869,-17.275846895454023,-10.321830714750575,-16.115631430388472,-6.9509861717384345,-17.22431673380585
924,-7.631261431952751,-14.458033107912286,-8.596903265562284,-13.570923945908156,-10.25847450261637,-14.062913918953505,-8.419190828246096,-14.1026769046611,-7.592016832032097,-15.597583832381678,-10.175776026330741,-15.45306934131573,-6.985946517883712,-15.11830546298858,-4.2813643986177325,-10.90951407066777,-7.108909340120153,-12.44154862890072,-8.052717469863694,-11.343353061405367,-10.108565342536233,-14.940779763695515,-7.068896852696255,-19.63441410670199,-10.46900024753973,-18.763535994132194,-5.532773928566894,-15.847431567015253,-7.217746290596306,-13.294095640398613,-8.370621000355827,-19.705094300010813,-8.652811966894502,-17.031757707960917,-8.484801954489503,-14.691732184689815
925,-7.490267392569233,-14.897382236121143,-8.862791906168638,-14.198231968071656,-9.091994460587904,-15.967712474492439,-6.876179943531997,-15.085814565762508,-8.062967043239311,-12.613102641374159,-4.604845846761742,-14.075772313097296,-6.276261333346551,-14.3938485476189,-5.737756316768894,-12.27568758919453,-5.996044916147543,-15.492572969913638,-5.756972620726053,-13.201056178423723,-9.510915502292073,-13.586002874720348,-7.382747342083791,-15.475196431422056,-9.46600642258839,-14.362287090114283,-7.401158010740235,-16.220185895007685,-6.341475872850419,-13.30414981578443,-9.368774108356446,-13.998046504396617,-9.062177642419188,-14.583396779091133,-5.492720965737155,-13.2539184338458
926,-6.84819216956234,-12.754167568740645,-8.795665056189053,-13.911414938361162,-7.017755988505659,-12.703855459407126,-8.559079438405218,-14.36570821796921,-4.933221333975744,-13.278333511457685,-6.615682754611583,-14.32951397486528,-7.8078993766095905,-13.296003151683633,-9.170324656542393,-10.531701022641862,-5.12170762798972,-13.735620850269797,-7.6022990139012405,-13.914457945724603,-9.510021949316762,-16.743987491101734,-9.437538097524717,-16.565600444234725,-9.244010830299565,-16.704444907890274,-9.114620638799257,-16.310357581026864,-8.11681353012133,-16.09410700786215,-8.12165611496219,-15.581608365988311,-9.312869260273711,-14.596148974014973,-8.706344692404002,-15.806226257732437
927,-6.662252561194442,-10.561932075325513,-9.667971590529906,-13.376370552076537,-6.603873132432443,-13.670188203336181,-5.8670210430999425,-15.977171381050201,-6.233743363310376,-11.462179696075816,-5.861847908859388,-12.615031339726501,-5.120570015513487,-14.618469417421649,-6.272917296477009,-13.110929594933262,-7.821577245673529,-13.648404056002033,-6.111118079815662,-11.728991467154458,-8.136437558018962,-13.069504994178637,-7.3200225769389515,-13.081686532900207,-8.014329093681132,-12.917755465251318,-5.991727372493589,-13.789859832985565,-6.136584354113871,-13.92257428877284,-8.385558987931258,-14.508834395967948,-8.993457836099584,-13.470259010216616,-7.342586849617845,-15.431389757957561
928,-7.769906390876962,-12.217553641621947,-9.060997214186685,-12.820563979938424,-7.206420812393133,-13.125852918333374,-10.952841548568182,-14.782660094410716,-7.247119868519597,-11.020356829175677,-8.003092179514429,-14.226328643324972,-8.856064811641481,-14.307939462963697,-8.803847622628926,-14.595375407062603,-9.526421044027874,-14.387060076557566,-8.42543671260944,-14.661288303269762,-10.83567057244725,-16.96551488174254,-10.450469098626712,-18.06405939604766,-9.242635748575994,-16.51676649250142,-11.137836458364632,-17.11722204789911,-9.315246818171225,-14.841237865448754,-13.071739193221925,-17.07030211081392,-10.540544816959478,-19.126192343235147,-12.019033387994915,-18.76277846470039
929,-8.802275593602234,-14.597046708150192,-9.176254986591353,-11.496388648586507,-8.168640523940285,-16.12574444431899,-8.444167382860336,-14.7278916555981,-8.816620799228577,-13.245463309365926,-6.724909103224286,-13.579048183739186,-7.903130443101608,-13.428535593512272,-10.072609243723225,-16.445581349445714,-9.274130327825613,-15.184775433047895,-8.435431967315017,-12.3830649047008,-8.25421066603484,-14.674528649264493,-11.032467633744785,-15.720448222331482,-8.817093908427376,-16.914830940502995,-6.080063730293235,-13.211676314394785,-6.085107644894815,-16.763577372403383,-9.196218133675737,-14.653769022464967,-7.3525618255651795,-14.46825362306556,-8.732272473098865,-13.22771158714109
930,-8.603109840786475,-13.426394668071842,-7.1217750895196,-12.797643378516824,-6.58078297946993,-11.620763675159413,-11.424632239646817,-15.396183038036877,-7.4779390047330825,-13.990188607161754,-7.2749984138935,-9.594373285962764,-10.002872771614253,-17.246252308047836,-8.841308917088393,-13.209085108141638,-6.624499812767281,-12.74759642361996,-8.851195082219176,-14.009459293360004,-8.378878686525361,-15.455728369573187,-10.015196315457342,-16.73528943112769,-8.614817158223758,-14.264274192250559,-10.009666312681079,-14.740079009596805,-7.739802888435498,-15.112646091982407,-9.376488259605217,-16.282108363249574,-6.7122155096360885,-17.925572298582438,-7.741025442446706,-15.969685532620204
931,-7.9165354067548535,-13.906907026543067,-9.319992838477795,-15.216273551769572,-7.974732747332314,-14.40631999380656,-8.121056505797506,-13.710100324197839,-5.596675086696928,-12.786724681550785,-6.289257086926962,-14.463450188589754,-7.3670599871172096,-16.006503088669238,-6.955941293397783,-13.151899746212216,-6.440839048572666,-12.560884720708437,-7.1897898378747485,-12.917939819088499,-7.4684315582251894,-10.283953545936619,-6.337852208563978,-13.301949069912354,-6.2895122326622666,-13.414856916130374,-6.944304976422631,-13.518720537099894,-6.811482390492888,-12.76074271412341,-8.443663556180486,-13.6298949567703,-6.588749243785308,-11.30662797789472,-8.045285281793644,-13.516271840882778
932,-7.587825576623798,-13.54363073481366,-9.505376616058136,-15.904837242334294,-8.424164891345633,-14.22793379127013,-8.182324514205362,-16.87293830267493,-10.829698654671724,-13.354988430982214,-9.156286997348165,-13.541514969275427,-6.350439779768298,-14.195192694308522,-7.056362197193237,-11.573449634596633,-8.717118452977532,-12.978778029114782,-6.830714418209532,-12.365331080402232,-6.234988348619211,-14.128773711738337,-8.138658034529504,-13.435624685695736,-6.760151145536857,-14.054540431115578,-10.145818177242095,-16.161977065768323,-9.351925359793498,-12.219233361920011,-9.96268798712861,-17.0024113428631,-10.415506457918937,-16.71902758774648,-10.366249079059063,-14.706021014091109
933,-8.37854186700963,-14.009694909754586,-9.507922490959693,-13.015538811113444,-8.932228167327805,-13.891961794632984,-9.980894494305325,-14.552101966918274,-5.584085351963157,-11.513627603165755,-11.324980948960668,-11.638938160273206,-7.248551119119593,-11.96043615032474,-6.988381127064213,-13.540259603710695,-6.572546904384079,-13.785349798024221,-8.433420156722272,-14.550310863749553,-6.181129363572876,-13.810021565303416,-10.33219872398992,-15.497234466057064,-8.656430524414375,-12.131502188031615,-9.765509344489354,-13.663188314700957,-6.926564001899522,-13.550393499131888,-9.662771196573116,-17.002789428681584,-10.495340888402573,-14.545181333566838,-9.315227471948518,-14.776286830484795
934,-7.4855184096399,-13.184778117185552,-10.122640709744577,-14.704407623056735,-10.00685217665054,-12.426956249893832,-9.066749875598578,-13.908318951871461,-6.900259726432781,-13.483582768511415,-7.866366071683132,-11.95133528575036,-7.215816549731645,-12.735258297393377,-8.063190349582039,-13.100218375479635,-10.45285418900126,-13.699751877689758,-8.293828859377117,-13.586309151847287,-9.624027936668352,-17.39608515530046,-9.277373808797028,-16.03250622681761,-8.795888204438214,-17.441664741729326,-8.811066607657507,-12.714640230969824,-5.50653469516185,-14.620779468765706,-8.573759041921823,-15.353888896902559,-10.753305254793768,-14.985983101585854,-8.908278234059136,-14.698653059461641
935,-9.236481692912083,-12.887924727592496,-8.873990319015157,-16.691080462681565,-7.920479621787565,-12.370675799275785,-9.115157045095101,-14.800623905196082,-8.990190273079392,-12.188336117883715,-8.023363785512917,-12.614666061804648,-8.299023710714964,-16.57860596831146,-4.09547994127619,-13.556365365835068,-6.574726871677346,-17.193256108751157,-12.692463247234379,-16.602244174759598,-9.300730039270011,-15.331664563040459,-10.507567462142198,-18.110440598856016,-9.498768267137583,-16.77512573675674,-9.275008126394303,-16.719484217075195,-5.423744221966738,-11.194408428699667,-5.749778823110539,-15.411953935096319,-8.212902002189393,-14.067995555946275,-6.347936008838028,-15.343565976425179
936,-6.909613379914149,-10.079193184514665,-6.9433590189391525,-13.899941844599832,-6.483499920942454,-11.237808963332853,-5.433665481488628,-13.445617040218885,-8.563797736989393,-11.767070145418145,-9.195571334790635,-10.989908115194048,-8.951643845917163,-15.683321858860129,-4.230255700167719,-14.023328645514951,-6.370944235224911,-14.100836407239576,-8.895697964196408,-14.49780519724628,-10.92677007405072,-15.386170483689787,-10.573672761941515,-18.24076704864708,-10.06725971700922,-15.500786265186953,-10.032252623674216,-17.114642468100662,-8.109319298662221,-11.438041260217588,-9.024933242449373,-15.464576907460224,-8.663623652037852,-17.302230123451146,-9.754984175663607,-17.520061973006577
937,-7.438153087494966,-12.06753890935978,-9.72495682216477,-14.907373114260821,-7.077182694071618,-14.293804120237784,-8.506948077739255,-13.716168707293884,-7.754290629806301,-12.204854434964073,-8.184644846185739,-11.403521472800552,-9.276555110034703,-13.640735935756215,-5.073219940970289,-13.651043547752826,-6.772005981878602,-13.897031023433538,-9.474470606460038,-14.241727763517769,-9.187878578581184,-15.339210414724441,-10.85695250590545,-16.444057378168125,-9.518389545883604,-15.396181076345501,-8.716828037966412,-15.823508672919226,-6.857691612832011,-12.847129755135462,-7.0522690386691504,-13.969541547409214,-9.12661407367303,-15.533153543432059,-5.620445880455447,-15.293456845062625
938,-7.941594343596644,-12.375637349960487,-8.483331896664929,-14.730184698316606,-9.175654777778377,-13.953998976832285,-6.297865823840555,-13.945378870674139,-5.451921594121991,-12.37921662679148,-7.170562623193603,-12.26238602441861,-7.63091917969036,-11.7302844696457,-5.449433408808161,-12.708449732423045,-6.275934898817825,-11.240051752927458,-5.710761970946599,-12.232348706034985,-10.285675548977053,-12.666573351672213,-7.886712661617134,-13.639689444037748,-7.5811954896437115,-14.200352320761127,-7.7180199097460065,-12.423522579598503,-7.286094541831442,-12.288050224159889,-7.201176435559978,-13.810565417582675,-7.537289388823774,-15.835959091302483,-8.130845775346542,-13.624906547942002
939,-7.411353088585758,-13.299816193101904,-10.472006202355388,-15.33584590232525,-7.868591290237779,-14.539531643631182,-10.576899701340839,-12.619965231338927,-7.401494544151753,-12.792418784190069,-6.19616714317149,-10.272570585549538,-6.711763399881998,-14.941182144315883,-6.19632590437087,-11.907996497745891,-5.651618989153099,-11.230234181819652,-4.47767757899122,-12.60515985499033,-8.319719116768368,-12.883818042907855,-6.568918258172278,-13.71177482553163,-7.344560420027651,-12.253209816939933,-7.105360837589316,-12.85164905970613,-5.794662186233076,-13.10137836775732,-8.644821189907429,-13.3417783162344,-8.504246802483115,-14.038118457895676,-10.41201970103126,-12.780317561593154
940,-5.053672469957703,-11.519777659223235,-9.529454708938436,-15.827935534190312,-9.301992072598678,-16.122621638595092,-8.649498471693862,-13.67879671460921,-7.755527497832272,-12.273440932259836,-5.1067333736667075,-13.26287135591861,-6.657857488171284,-12.985438310145591,-6.092212113475397,-11.288244062966232,-6.410042167260857,-14.843159504251538,-9.30666445631355,-11.733292282702006,-8.244505312355265,-12.545708570673055,-7.901498742331656,-16.504667061508925,-8.385644888363998,-13.40861210283366,-6.190906374589491,-14.121198663078323,-7.307193332538567,-13.704170240402007,-9.76737965239893,-16.152775197214783,-6.838487045574334,-15.27689486853877,-8.815734720587026,-14.106509755291693
941,-7.072225056025905,-11.11449762248835,-4.45893011051724,-12.947659999662928,-5.5410695009867705,-11.955674822671732,-5.042783101523116,-12.634507128432883,-4.990225657286204,-11.394092003806156,-4.475219178414696,-9.806860357863854,-2.3639330862853787,-11.138194312076934,-5.581456198633502,-9.184958699187012,-5.520673732417038,-8.896460592739588,-2.9144879678601496,-12.448094187341121,-5.815270842431209,-8.972436667866155,-3.2995520176267585,-9.146432893687079,-3.5544648006712976,-11.413880533420553,-4.745539418752859,-12.291191940245152,-3.8468729885917217,-9.89292806754566,-3.4852893969746015,-12.062949486296656,-3.661877511288869,-11.843538022998368,-4.645418473317169,-12.404273169275728
942,-6.798656220930571,-12.946620695117053,-8.758333608736177,-16.92614179269341,-8.292230080307887,-15.17041266204712,-7.133185685774366,-15.454833797769696,-9.58947821714257,-10.66575020284722,-5.899483927115286,-12.59703591878729,-6.8117735550430165,-12.449542860693086,-5.962943845025205,-13.057688729048389,-9.285952505262408,-12.78452976405936,-5.6722236832650434,-12.156836528541223,-7.511166308116594,-10.41263025521192,-5.548998694271516,-10.68145986889727,-6.797217519148556,-14.037095283414875,-5.959686089362274,-10.90433192255907,-6.400522802062309,-12.202241137693967,-6.983405838684742,-10.543335221708931,-5.237472936101797,-13.410765922454011,-4.381884442920273,-12.778901823263771
943,-5.613353859406587,-12.283645180172009,-8.080388313799766,-14.458931194565807,-5.902546169016899,-13.65129106479058,-8.143903008205001,-14.110943377649077,-6.576677847623737,-11.71896242812565,-6.107429724311075,-12.794540719713993,-7.7053120175027745,-12.30635133177617,-5.748315185820517,-11.299449024238706,-7.050639811526201,-10.961406778769762,-6.608321169315534,-12.275760403053063,-8.044675084023911,-11.272125743757083,-6.820393098036628,-11.572806784921063,-7.826497640578629,-10.606759527010809,-8.580310731074922,-12.084424270835367,-7.427445444028011,-9.530399606420914,-9.481164521379382,-12.857175178522374,-7.843113669776397,-12.453585493992822,-8.569970765395528,-13.431619625601755
944,-6.566678825449865,-10.565055769060125,-7.526333907376987,-14.990447613665465,-7.404475034433875,-13.768673720656906,-9.386214624760022,-14.161809198635753,-6.764112628608378,-13.994235909193558,-6.797431421184563,-12.158510875638367,-8.810394853832431,-15.929969503540491,-4.079950413006014,-14.222489144200846,-7.837706906901648,-13.109036602349953,-7.6330699093080945,-13.769871818897352,-9.248168352789701,-14.719370835873136,-9.785734296400587,-14.756049904912052,-8.931039905468722,-13.324770390023042,-10.104311209729001,-16.006152355794587,-9.671738190886934,-11.596072147846426,-8.860378967007566,-17.232895184949427,-9.184912299603592,-14.369643537512282,-10.182874908591364,-15.267465730587006
945,-7.198046018215867,-12.558448876038584,-7.338024953926964,-14.649626524316844,-8.943369707666095,-12.993059480199276,-9.930188836280703,-15.97759074605807,-7.492799329227639,-11.877746257298995,-8.187502932591324,-12.57558387903895,-7.233389023472733,-12.06054029891164,-6.562357375590694,-11.687308851959129,-6.035646021043278,-13.460236780503514,-8.070638535471957,-12.69748835589021,-8.52458441514409,-13.360549714980099,-8.814440235012928,-15.863073648766202,-8.302457129338597,-15.056455112615657,-9.48822179069769,-15.59038960682653,-8.363970279740995,-13.645527204953996,-8.198375803788052,-15.038150735014177,-10.812208072001825,-14.212344854893873,-7.5591764405015045,-12.3896308287623
946,-7.705189164619135,-13.94333145740579,-7.359380813491116,-13.345937643876415,-6.800135047896868,-13.420197084389345,-7.136123094432753,-13.084585108397915,-7.682298370545659,-10.512689779988253,-8.058849327693999,-14.587686389670989,-8.057845129487056,-13.055390468607335,-7.375989562464346,-11.33976267454613,-5.96085403472681,-13.191273352251532,-6.209046587445912,-13.852970619926433,-7.583074671596811,-14.069999975869703,-8.416545595425438,-14.929248596472961,-8.886460450094823,-13.099916616825606,-7.943252667565702,-13.275331117008351,-7.549226869777965,-12.22625533797707,-9.821250071154685,-14.73958148160796,-8.969731820180197,-15.153536581134562,-9.388842804179049,-16.318691031294026
947,-8.469520879915489,-13.890011913140174,-9.874599996423537,-16.42553407434827,-11.254500523891782,-13.515289622971052,-10.701218366721513,-15.283126640815375,-8.819111607714628,-12.889270884698014,-7.493212075657562,-13.865097744521266,-9.330664937722734,-13.30656437307815,-7.699170959555939,-14.879531063362535,-6.50675454808341,-15.499191003847004,-8.637974784443038,-14.07949394177894,-9.52008945414497,-15.96224640620502,-10.066665111050776,-16.828263936059788,-8.26341384428402,-15.643884874611576,-7.451503437633566,-14.035392166974216,-6.627314119716262,-13.172554945427532,-9.343257485202258,-15.485050740796545,-9.224615541867337,-14.427811513388411,-10.536859407251155,-16.624454001444125
948,-6.998483226765182,-14.076967205910782,-7.874862370629115,-14.263648430593074,-9.082745385021427,-14.031363652953164,-7.950821176707935,-13.597024888703642,-6.855277392924018,-12.5726568865899,-5.239948106435004,-12.388464734403009,-8.608306248361542,-12.120223241009809,-7.115929609733799,-14.392230943368865,-5.847291559115675,-14.428233536571167,-7.571214085644935,-15.177569456139475,-8.109226759832994,-14.502493273794233,-9.63237243493639,-14.06845812755927,-6.6074121446651,-13.819753893575523,-11.146946722468648,-14.353276862712104,-7.0158300674898735,-13.766034947059273,-9.201135798152979,-14.782061321531508,-6.8362037233239,-12.996907908547268,-9.280729661668039,-17.087071506847632
949,-7.245845257619813,-14.2243883562167,-10.671906381041376,-15.050640195264723,-9.515736660917923,-12.595965590788428,-10.369550235967264,-13.339667507196147,-6.534142835180297,-12.33602296620396,-6.4806155159571475,-14.170708551643695,-9.159548809251813,-15.324897431314657,-5.945801544034735,-14.603386246774221,-6.304508552542288,-13.41653379606328,-9.616469556848992,-14.889123814229542,-8.39176827506742,-15.348357169738762,-10.123803150572567,-16.10340162184614,-8.975018235366178,-15.350276459058366,-9.182797353624068,-15.42724994827265,-8.56512576978737,-14.995426106904715,-10.43351219999818,-16.675927175413108,-7.272493764252728,-15.063939481622377,-9.699966983642785,-15.560744470304325
950,-8.947866236294779,-12.79243786421574,-10.287968869949513,-13.081527823566576,-7.426334160347539,-13.58503744880538,-7.662595207866057,-16.203592607752206,-6.207186646323313,-12.215739292218043,-8.619014394838612,-13.416601836954369,-9.465564362352401,-14.302043581904304,-7.837881949550943,-14.41786906604219,-7.046754321088486,-14.97488903776725,-8.338846130040528,-13.051834201110651,-10.677469918592408,-16.4609595887756,-11.411526249683355,-16.40474404416471,-10.609303893384016,-14.590635395847954,-10.697980592890984,-15.775419405355661,-6.781280840839315,-13.323949833723201,-10.578377568471673,-15.637448358147914,-8.49000490146355,-18.810746158279706,-9.431111713516678,-14.721609718139872
951,-7.608334176846203,-14.48250173414156,-10.185639162667023,-18.862204170242748,-6.429207997459237,-14.21493624588576,-10.395299867970792,-15.312919845472006,-8.441610411187707,-14.928621846238823,-8.088336731238,-15.024851854457514,-9.969211673502729,-15.780774897628294,-9.16687525435555,-14.528433260968097,-9.103592359002736,-12.93695487104971,-8.511485559387008,-14.028342774851602,-11.4973767911326,-17.434438998837344,-9.502509762889344,-16.117478636457225,-10.01419892455896,-13.982279334113716,-10.302862980127719,-16.348672960154214,-7.737984983024545,-12.881944040397643,-9.025136948606217,-15.608584655147315,-8.656618845992197,-15.536637305529986,-10.31417440303898,-16.162245334834846
952,-6.23679766000742,-13.217283997775073,-8.17787728795677,-13.553574123643962,-8.921629301956681,-13.393619628131885,-8.031269910731138,-15.494788563470486,-6.635345846361029,-10.94910834764904,-6.357641958441196,-13.869831017244822,-7.896014662176972,-13.31622042540502,-7.458567277875451,-12.777321399352102,-8.100132824953114,-13.109133425410068,-6.636249849928707,-11.86383280165545,-7.548721726931962,-14.74374777900443,-7.041732214983774,-15.229356674012301,-6.968033361270747,-13.454104356628365,-8.654648641842154,-13.321769451841037,-3.8528352020474714,-11.790693635608093,-8.887851600518415,-14.87289689140028,-9.791162455555597,-15.970268093467983,-7.143813419592789,-16.931255349745864
953,-7.81710516586131,-13.020080260721159,-9.66593071437493,-16.2730322483162,-6.6726686391513335,-13.061805580997152,-7.739046873413376,-13.910912456768274,-6.554762063905169,-12.599169419055563,-6.417042049038999,-15.971138162383534,-8.280088538362913,-15.576094936186797,-8.343596825102127,-13.394716820976305,-6.5891066981788935,-12.846380474126853,-8.03959467017237,-14.236428014164428,-7.43484179920401,-14.210766147276427,-9.752117707561554,-13.742863042389796,-9.77074252870244,-16.700298379219902,-10.498668003902683,-15.448916483287691,-4.609701943694949,-14.42203109992471,-10.996890172422235,-15.160872120274371,-9.396522880408225,-14.675614369037193,-8.830846431164675,-16.69030061696734
954,-8.08595190681758,-14.177048991945007,-10.48579890060138,-14.92588651952471,-9.022867121461552,-15.201173896942294,-11.390083640843754,-16.564296347048217,-6.975012875010802,-14.084269022297523,-8.997907643829175,-12.890743530136689,-9.412434014442125,-14.076304990361578,-5.646455682907348,-15.989593597797855,-8.221823298273755,-15.767356176239263,-9.9695845451694,-16.313855689604353,-12.222630244847775,-15.511738855557631,-10.042421445463873,-16.642593716415227,-8.235001118328324,-14.659132087960973,-11.389672558699663,-17.88015737651903,-11.71723755211204,-15.55001310255115,-10.555830980443005,-17.51268236542662,-11.809357613417395,-17.802341703645467,-11.29524143166859,-16.684345109304218
955,-8.820214269988377,-12.364115723036557,-10.71369327150671,-14.679563844919166,-6.665430466613612,-14.400059853114227,-10.7807719677091,-15.521246889812355,-6.379003592611859,-11.053611379108792,-7.253563182433207,-12.577616067104307,-9.36133758818785,-15.260027517287433,-7.164296435970273,-16.08451453203812,-5.847173412500951,-14.342788062968825,-6.692954061624347,-13.604742672688513,-8.518222239996776,-17.69141783320398,-10.8448455098581,-15.950943501933885,-8.199550478082664,-15.435625850295695,-9.945585343643055,-13.892424821941958,-7.571154156531818,-14.421183373404801,-8.207791101503876,-14.413457458974758,-10.542263680464028,-17.553116228557485,-9.239482058572225,-15.911479132306523
956,-7.820908931831561,-13.095362393462992,-8.720759197821277,-15.121702313809193,-9.634326359461467,-13.674586190828432,-10.623475518648533,-15.056581323037996,-7.217449272878257,-12.749950870548641,-7.807346633720586,-12.321505562439778,-9.313736413865016,-12.499962888053652,-7.48910997091415,-13.20027742614773,-6.009045305306846,-15.545258388149092,-7.6810303907716415,-14.327015887183684,-9.091009046263514,-15.346630728203952,-10.147217964975004,-16.865198588398755,-7.5698788243211315,-14.094242567066512,-9.140816171804829,-15.940810274299773,-5.980958924070443,-12.12697764150144,-7.9991745179639375,-14.08907134380389,-10.075475381558034,-15.412444341691785,-8.777670509991891,-15.34941443437226
957,-9.206681792696841,-12.703411027490105,-9.396420239823605,-15.05516743170469,-11.72234472143624,-15.75751780147342,-11.242718051554455,-15.531393701164365,-7.861449169592936,-14.699782784443427,-8.690671038787185,-12.796724069281382,-9.095601240323782,-15.33747723675771,-5.702228070554521,-14.457678621432436,-7.9735446801039025,-17.2640423663071,-10.254346702918184,-19.283123359749226,-11.44317016406971,-16.728078291490664,-11.947555868232577,-15.33020984922127,-8.192711223089963,-16.324502118234022,-9.483247777442802,-14.830064325949246,-10.442330416329863,-15.183636339386538,-10.799616775155984,-15.536473188737448,-10.20654610685238,-15.397467155156718,-10.385922067155281,-17.77017096551061
958,-8.320549884611198,-13.45298453488008,-7.159225118670799,-14.295915106581173,-8.383858509137903,-13.500638735374096,-6.8765410502492035,-15.67599178771609,-6.153019346755332,-12.306158726590597,-7.584209732332034,-14.034602714680588,-6.62185143284017,-11.713126373236944,-7.497859996673415,-12.355943070988115,-9.132946075846487,-13.928815036033033,-6.928517572622267,-13.939053983170522,-10.20585527513174,-14.558506517361247,-8.391222904411766,-14.611357154846479,-9.105484597690605,-13.194620578867147,-10.010274896018068,-18.486861465569888,-7.702137653010888,-14.714079727372582,-9.297407282195444,-15.514039693361115,-6.930860655823491,-15.159002080763402,-10.095291481057089,-17.622317257748836
959,-7.3691262817970316,-12.391284313987995,-9.840927499468474,-18.16942462957822,-11.81112143882888,-14.583876963927162,-10.072232849839759,-15.38617663481367,-4.744680265649388,-13.471096170419095,-7.453321919734099,-14.145875595838437,-8.542509874540267,-12.096455544474825,-9.051447239735179,-12.7327600259377,-8.455620543469518,-13.888222914113626,-9.218420866029557,-14.56852805741045,-9.502307347765182,-14.087810912316117,-8.9063620669764,-16.344608723565216,-10.50326605104905,-16.817880472030236,-10.859069647074866,-17.752290099970974,-6.419937735396195,-13.855008290683429,-10.41088065631823,-17.380725453963816,-9.657583900273458,-17.963511543422126,-11.825107155320897,-18.366769777431575
960,-8.071865920919945,-12.878818260749433,-11.351835396193957,-15.422676603476349,-7.424774083755523,-13.506834728870531,-8.809985946886593,-13.208096977422821,-7.533463222137938,-13.039192632984895,-7.79383239749235,-12.57086095953461,-9.08120934280091,-12.531021777851603,-7.512436191356667,-13.596511387908768,-6.227880946835366,-10.480471441212904,-6.533225026205245,-13.376959012542788,-10.335000636706884,-15.271336931984095,-7.384927789752604,-15.759164996803925,-7.051507354698892,-12.206335912104809,-8.347693780482203,-13.817153069963954,-7.893279101325859,-13.258382909484133,-10.404205360403417,-11.525287708735066,-8.582516670369799,-14.0851046471383,-6.605111318024786,-12.003559801377591
961,-6.01957287950434,-12.324130582707863,-8.66480958803531,-16.04086561767952,-9.452760298788318,-16.503592683822614,-11.730242178652375,-17.64875253547341,-9.685617004857267,-16.742754816075983,-9.251232088878233,-14.907261683219787,-8.202109101672123,-15.787077810824355,-7.382853787988346,-13.10497098969863,-8.182186760188136,-15.37927189317985,-9.945462639831938,-15.363570899504225,-8.77038146966407,-16.785250694819478,-10.682133735775407,-16.406395377628858,-9.25158831289164,-16.580315930356203,-9.813328147780634,-15.582862787253397,-7.566686957607903,-14.527737283188602,-9.194114205621398,-14.571643010315285,-9.131739634083027,-16.687678372428003,-11.878375531420941,-17.245202258324646
962,-7.380564625148107,-14.401083529290092,-7.165303391588786,-16.79387299442304,-6.700049554434492,-14.439131080786282,-9.686391492760515,-15.592308387494382,-9.19321901459246,-13.475436376018038,-6.128613034404537,-12.802035734356835,-8.201810525031116,-13.996294880114048,-6.715122185977407,-12.102250312925953,-6.194394209961805,-10.12876066396068,-7.277786645254518,-11.088799427097289,-6.169600620923681,-14.063059367745778,-8.849275132828629,-15.277648535791638,-8.568195376836643,-13.95888111763611,-8.43681974810354,-15.047334657950485,-6.875028416990454,-14.120084496369852,-8.142965669791009,-16.395280398532023,-7.643493496876581,-16.12407928707253,-10.826785837651855,-17.722396520725457
963,-5.7048509894899055,-13.562344537016129,-10.492280147689003,-15.98437541035959,-9.102885120382355,-13.359268258466813,-8.216247379547607,-13.77391287550752,-7.566968563781398,-12.994681559620616,-7.826801316482273,-12.430172934892791,-7.285428583696509,-14.876114755512047,-7.031196719334535,-13.900867864537021,-6.09283651373668,-11.463989974328847,-6.638371164480612,-12.089159599912797,-7.168725213887926,-13.167075634903062,-7.33161658281252,-14.186730722806473,-8.47912623160778,-13.268523256934522,-8.910296960877137,-15.731499158495698,-7.184588675621732,-13.246854440555314,-8.720143198267879,-14.970146403468238,-8.913942106834735,-14.24260369819692,-9.543367834244377,-14.85906053383144
964,-10.046755341669414,-15.247387292146549,-12.088806927464455,-15.61634608140632,-10.575977975380209,-16.092467093485634,-11.911579321385426,-15.610205161329986,-9.067644824658988,-12.372551588999006,-8.945729582594524,-15.416345657842722,-8.957617461485025,-14.82705786941384,-7.907198190092889,-11.098299370990345,-8.610807969857971,-13.14491551815944,-8.293458379487914,-14.856140108946432,-9.237388290154106,-14.560170391430063,-9.723397208101565,-17.11407533259439,-8.44489835204136,-16.360507463905055,-9.149733867032037,-14.77555435378845,-8.348734994639152,-14.684880964458124,-10.023744076170729,-16.39358568491101,-11.685161004633217,-15.458787470004097,-8.014489483619045,-16.93452888853265
965,-6.246086064343182,-13.260610014064419,-8.759194070099406,-14.99344485460573,-8.770171573147108,-13.919289231390215,-8.968540016013646,-15.320984961429156,-7.136698095489323,-14.021880266025988,-7.151146111108506,-13.982422006071577,-8.559229913595722,-14.39330193819174,-6.846107218847414,-13.888929551979112,-7.2719352038282885,-13.190105290360155,-5.917453270558028,-11.685258784463446,-6.463518465609507,-11.559356213782356,-7.9605299189607575,-13.36933017589356,-7.599840598124132,-12.151562448163451,-6.321049000129575,-13.939144949408968,-6.868242710707894,-13.116753794646458,-7.785342597527154,-13.15056459617065,-7.403487598309347,-13.27468525336407,-8.560994438406855,-16.78583821959298
966,-8.271705153408762,-13.24875088192318,-10.094718820279011,-16.64683293630207,-9.242068961605781,-14.797056198116348,-10.43349986485694,-16.178580091165774,-8.176443306234509,-14.420602420284574,-8.451807017773532,-13.327766789096627,-9.609869798269873,-15.582053960683327,-8.388823059697675,-13.708736751821842,-7.993211079086638,-13.012621512952352,-9.278004957338426,-13.305959568780104,-10.977722133804633,-15.324259831866385,-10.267001156192483,-15.365212266151929,-8.81591862277978,-14.801356712742768,-9.82087823093288,-15.011326829711756,-7.755161417661888,-13.907954886628977,-9.29960193050486,-15.554341703737114,-9.507387890858507,-14.708972321498013,-9.46688509725513,-15.736474903944423
