idx,farm_id,village_id,village_name,area_ha,erode_m,cx,cy,core_px,cov_frac_T1,g0_lin_T1,g0_db_T1,cov_T1,enl_T1,npx_T1,cov_frac_T2,g0_lin_T2,g0_db_T2,cov_T2,enl_T2,npx_T2,cov_frac_T3,g0_lin_T3,g0_db_T3,cov_T3,enl_T3,npx_T3,cov_frac_T4,g0_lin_T4,g0_db_T4,cov_T4,enl_T4,npx_T4,n_valid_dates,data_quality,core_px_low,impute_donor_dist_m,g0_db_filled_T1,g0_db_filled_T2,g0_db_filled_T3,g0_db_filled_T4,slope_early,slope_late,slope_emerge,curvature,dynamic_range,peak_idx,mean_db,auc,flood_depth
1,1,22,Sokhda,0.28426021083611996,2.6348809949793752,312036.84529999556,2481731.222992558,2177,1.0,0.008173382357206964,-20.87598183971089,0.968786513074571,1.0654763926831987,2177,1.0,0.023514962817763836,-16.286557036307556,0.8825922673683817,1.2837479517805288,2177,1.0,0.006489858526590304,-21.877647703476807,1.0049509657565407,0.990171122225629,2177,1.0,0.006926059384458905,-21.595137891030106,1.009129983775995,0.9819870924465008,2177,4,measured,False,,-20.87598183971089,-16.286557036307556,-21.877647703476807,-21.595137891030106,-0.014516896576317658,0.004708496874111686,0.35303267718487175,1.2841756762126195,5.591090667169251,1,-20.15883111763134,-20.26618452126581,1.0016658637659184
2,2,22,Sokhda,0.22154182518841697,2.7874519343960458,312090.621017638,2481725.1919046543,1691,1.0,0.00906219138983208,-20.427667699354433,0.9548958782447176,1.0967003006480247,1691,1.0,0.023117939011415626,-16.360508863357108,0.9186614146130885,1.1849200514081768,1691,1.0,0.007613903801768663,-21.183926146013683,0.9942909008931843,1.0115167293251095,1691,1.0,0.008018279655942354,-20.959188008025595,1.0234911011516186,0.9546229214636132,1691,4,measured,False,,-20.427667699354433,-16.360508863357108,-21.183926146013683,-20.959188008025595,-0.010960267342887667,0.0037456356331347844,0.31285837199979427,0.9809965846473361,4.823417282656575,1,-19.732822679187706,-19.80357172512547,0.756258446659249
3,3,22,Sokhda,0.5008628882669495,4.0,312088.8504090625,2481665.8682754724,3905,1.0,0.009336953081705065,-20.2979482352235,0.971486720994527,1.0595617271118611,3905,1.0,0.024335770051649386,-16.137549069141702,0.886601861543183,1.2721628889392353,3905,1.0,0.006020199525822703,-22.203891148006765,0.9792914000644041,1.0427402043766603,3905,1.0,0.010943455562580582,-19.60845521257046,1.0036339498813949,0.9927715259267493,3905,4,measured,False,,-20.2979482352235,-16.137549069141702,-22.203891148006765,-19.60845521257046,-0.02762236105482991,0.0432572655906051,0.3200307050832153,4.50137884821957,6.066342078865063,1,-19.561960916235606,-19.881871700587965,1.9059429127832637
4,4,22,Sokhda,0.033637670654978136,0.4484374752688601,312172.36768223235,2481716.784407715,254,1.0,0.006970963250507597,-21.56707206769135,0.9614382753855311,1.0818254268248964,254,1.0,0.017965743302846122,-17.455548098733896,0.8600129504254947,1.352041486494972,254,1.0,0.010825705342039162,-19.655437978682688,1.045631505552492,0.914624181340376,254,1.0,0.007747727356977198,-21.10825670534714,1.0071076468273428,0.9859348386536024,254,4,measured,False,,-21.56707206769135,-17.455548098733896,-19.655437978682688,-21.10825670534714,0.02770484186969074,-0.024213645444407562,0.3162710745351887,-3.364452815673115,4.111523968957453,1,-19.946578712613768,-19.501282804421113,-1.9116340890086612
5,5,22,Sokhda,0.567528811231628,4.0,312141.7216362873,2481664.2114504697,4432,1.0,0.009072983982895943,-20.422498558091583,1.0045386346832028,0.9909841563890376,4432,1.0,0.024883556478610423,-16.04087548070756,0.8825391063143931,1.2839026133680222,4432,1.0,0.007183236094353465,-21.436798591980697,1.0917353016286104,0.839006436990155,4432,1.0,0.01459407199118048,-18.35823515744355,0.9098835449604082,1.207892759668254,4432,4,measured,False,,-20.422498558091583,-16.04087548070756,-21.436798591980697,-18.35823515744355,-0.014700000491146581,0.05130939057561914,0.3370479290295403,4.092863468426263,5.395923111273138,1,-19.06460194705585,-19.226649750156536,1.0143000338891142
6,6,22,Sokhda,0.8378502189362421,4.0,312209.6199449749,2481644.8060316537,6800,1.0,0.010884298101918296,-19.63199572161919,1.016789342632619,0.967248419794181,6800,1.0,0.01815067576108397,-17.411072012699304,0.9415645519567502,1.1279758470979364,6800,1.0,0.010457392285523864,-19.805766000959842,1.054712897871493,0.8989416155885857,6800,1.0,0.009153753635128744,-20.384007803885034,1.028366923770676,0.9455920249915607,6800,4,measured,False,,-19.63199572161919,-17.411072012699304,-19.805766000959842,-20.384007803885034,-0.002518409845516685,-0.009637363382086523,0.17084028530152978,-0.4044715235845402,2.97293579118573,1,-19.308210384790844,-19.291043556595913,0.17377027934065126
7,7,22,Sokhda,0.19507209120010957,2.6425548522796127,312238.27495935524,2481683.1301920624,1491,1.0,0.009526959758727678,-20.210456692108142,0.987836374764743,1.0247784214965667,1491,1.0,0.01918989548040103,-17.16927390684471,0.8785150891736786,1.2956913204211786,1491,1.0,0.006685867464080567,-21.74842236805516,1.0006502560980954,0.9987007552038828,1491,1.0,0.00867498942964604,-20.61731045718552,0.9815461963156996,1.0379549661950631,1491,4,measured,False,,-20.210456692108142,-17.16927390684471,-21.74842236805516,-20.61731045718552,-0.02228935762242054,0.018851865181160634,0.23393713732795618,2.6690775868166554,4.579148461210448,1,-19.936365856048383,-20.18322270812101,1.5379656759470173
8,8,22,Sokhda,0.8917320682279766,4.0,312333.7072005847,2481638.92354935,7417,1.0,0.009180064539651322,-20.371542655181578,0.9839323353494723,1.0329267713958148,7417,1.0,0.017214421297241572,-17.6410757253172,0.9406005828872581,1.1302890308688638,7417,1.0,0.006893340393754815,-21.61570275476599,1.0684005960842564,0.8760557746754356,7417,1.0,0.008321843758801576,-20.797804422714176,1.067432154379422,0.8776461217705656,7417,4,measured,False,,-20.371542655181578,-17.6410757253172,-21.61570275476599,-20.797804422714176,-0.018031305791078443,0.013631638867530249,0.21003591768187518,2.0620584316362276,3.97462702944879,1,-20.106531389494737,-20.299821955348655,1.2441600995844126
9,9,22,Sokhda,0.41706698290035127,3.8658407999326583,312456.0426881235,2481618.7123796674,3189,1.0,0.00837747222266218,-20.76887003488458,0.9676773380287649,1.0679203418879317,3189,1.0,0.010895106500723681,-19.62768520126257,0.8923886770128466,1.2557173582634527,3189,1.0,0.011059754361559069,-19.56254518655562,1.0537707431313652,0.900549784588347,3189,1.0,0.012005923078657717,-19.20604443474024,1.0325479978739442,0.9379495991818159,3189,4,measured,False,,-20.76887003488458,-19.62768520126257,-19.56254518655562,-19.20604443474024,0.017482968816361705,0.0059416791969230335,0.08778344874015459,-0.8498240965135757,1.5628256001443397,3,-19.791286214360753,-19.55784301188172,-1.2063248483289577
10,10,22,Sokhda,0.38603558519240466,2.7964445983433905,312647.0338517665,2481484.8011771645,2945,1.0,0.010613603672575097,-19.74137133592565,1.0073468052503223,0.9854667443896411,2945,1.0,0.02349394724991917,-16.290440106876048,0.9375433137918542,1.1376726512609872,2945,1.0,0.01089170684292574,-19.629040564812716,1.0718770533007398,0.8703823039974934,2945,1.0,0.013052139896796313,-18.84318279959165,1.0021550993998947,0.9957036946310224,2945,4,measured,False,,-19.74137133592565,-16.290440106876048,-19.629040564812716,-18.84318279959165,0.0016279821900425152,0.013097629420351116,0.26545624838843085,0.6735269941081334,3.4509312290496013,1,-18.626008701801513,-18.55906150478781,-0.11233077111293355
11,11,22,Sokhda,0.44305429167039695,4.0,312622.5752760339,2481427.6972156446,3413,1.0,0.008867288507692543,-20.52209161022068,1.059141889110224,0.891439164589639,3413,1.0,0.01693298859728782,-17.712663840786348,1.0240625704106738,0.9535577806156218,3413,1.0,0.008284311844073737,-20.81743561443072,1.069372264522525,0.8744644691149737,3413,1.0,0.008735500254327462,-20.587122193046316,1.0596150318293345,0.8906432457497506,3413,4,measured,False,,-20.52209161022068,-17.712663840786348,-20.81743561443072,-20.587122193046316,-0.0042803478871020345,0.0038385570230734228,0.2161098284180256,0.5256574255944457,3.104771773644373,1,-19.909828314621016,-19.91864673954988,0.29534400421004037
12,12,22,Sokhda,0.5516646220769733,2.757974941067709,312677.15387135954,2481342.0037919544,4165,1.0,0.016780025616001358,-17.752073805228402,1.050081750633702,0.9068882564089189,4165,1.0,0.024523628124450074,-16.104152781231672,0.941289243214589,1.1286357654547505,4165,1.0,0.012366097583400537,-19.07767330717205,1.1036817387777778,0.8209416430349499,4165,1.0,0.00988946525686479,-20.048271909378535,1.0881906233824616,0.8444813079852345,4165,4,measured,False,,-17.752073805228402,-16.104152781231672,-19.07767330717205,-20.048271909378535,-0.019211586984690523,-0.016176643370108105,0.12676315569205615,0.35500089973715987,3.9441191281468626,1,-18.245542950752665,-18.441356277393893,1.3255995019436462
13,13,22,Sokhda,0.48151869251480095,3.3047756170459954,311588.68437082646,2482211.8546275664,3668,1.0,0.008705476512200305,-20.602074518924027,1.0126314443438538,0.9752078352971263,3668,1.0,0.020257348769788786,-16.934173946122048,0.9155485537646991,1.1929911944357745,3668,1.0,0.0074520641765444635,-21.277234136524573,1.0492509162145123,0.9083250381738198,3668,1.0,0.009200379067160681,-20.36194278808282,1.0294911230584098,0.9435279888026564,3668,4,measured,False,,-20.602074518924027,-16.934173946122048,-21.277234136524573,-20.36194278808282,-0.009784921994210806,0.015254855807362529,0.28214619790784456,1.5904509660422974,4.343060190402525,1,-19.793856347413367,-19.86883991531106,0.6751596176005457
14,14,22,Sokhda,0.28968417584406564,2.7413403523947,311545.3779317869,2482324.376477142,2204,1.0,0.021238657066805403,-16.728729474264693,0.9649262592850043,1.074018468165112,2204,1.0,0.027995439680540163,-15.529127073319586,1.0373948389302765,0.9292056330592307,2204,1.0,0.025124247156474235,-15.999069429321517,1.2617947968452432,0.6280909496616084,2204,1.0,0.01467078821190439,-18.335465523540766,1.0333815447364716,0.9364370704715321,2204,4,measured,False,,-16.728729474264693,-15.529127073319586,-15.999069429321517,-18.335465523540766,0.01057478326004602,-0.03893993490365413,0.09227710776500822,-3.0660561391624235,2.8063384502211797,1,-16.64809787511164,-16.453500916427267,-0.7296600449431754
15,15,22,Sokhda,2.2578881029238358e-07,1.0786823439552286e-06,311656.87389605446,2482461.914078054,0,0.0,,,0.988778851814429,1.0246131517311192,0,0.0,,,0.9916667142023707,1.0168777817602739,0,0.0,,,1.0623972580897199,0.8863915803441974,0,0.0,,,1.078305760413683,0.8601037804587011,0,0,imputed,True,209.87915146145383,-19.3126339384092,-17.39218732024132,-20.010670300443714,-19.55989730016271,-0.010116469014992963,0.0075128833380167254,0.14772666293599074,1.148809362315518,2.618482980202394,1,-19.068847214814234,-19.170375035493038,0.6980363620345145
16,16,22,Sokhda,1.1980493501628914e-07,1.2955313247231836e-06,311726.7916596774,2482502.582039432,0,0.0,,,0.988778851814429,1.0246131517311192,0,0.0,,,0.9916667142023707,1.0168777817602739,0,0.0,,,1.0623972580897199,0.8863915803441974,0,0.0,,,1.078305760413683,0.8601037804587011,0,0,imputed,True,224.91845347380843,-19.3126339384092,-17.39218732024132,-20.010670300443714,-19.55989730016271,-0.010116469014992963,0.0075128833380167254,0.14772666293599074,1.148809362315518,2.618482980202394,1,-19.068847214814234,-19.170375035493038,0.6980363620345145
17,17,22,Sokhda,8.170492947101593e-09,2.3402864932830328e-07,311777.39545334986,2482584.67418688,0,0.0,,,0.9542895625957173,1.0985036970242668,0,0.0,,,0.9916667142023707,1.0168777817602739,0,0.0,,,1.0567191731085377,0.8963844289172138,0,0.0,,,1.078305760413683,0.8601037804587011,0,0,imputed,True,234.7594625585254,-18.067032675096836,-17.104304237659587,-18.7949868999335,-19.55989730016271,-0.010550061229516888,-0.012748506670486806,0.07405603364901918,-0.036956175392543145,2.455593062503123,1,-18.381555278213156,-18.48403385882488,0.7279542248366653
18,18,22,Sokhda,5.08422963321209e-09,2.697515638835066e-07,311779.5475314386,2482591.0172017487,0,0.0,,,0.9542895625957173,1.0985036970242668,0,0.0,,,0.9916667142023707,1.0168777817602739,0,0.0,,,1.0567191731085377,0.8963844289172138,0,0.0,,,1.078305760413683,0.8601037804587011,0,0,imputed,True,235.65197022586872,-18.067032675096836,-17.104304237659587,-18.7949868999335,-19.55989730016271,-0.010550061229516888,-0.012748506670486806,0.07405603364901918,-0.036956175392543145,2.455593062503123,1,-18.381555278213156,-18.48403385882488,0.7279542248366653
19,19,22,Sokhda,4.845749097147529e-09,1.7345113218981692e-07,311792.0716927343,2482627.9309585774,0,0.0,,,0.9807566203342473,1.040439805598239,0,0.0,,,0.9916667142023707,1.0168777817602739,0,0.0,,,1.0640835209841635,0.883486037750516,0,0.0,,,1.0559428467000933,0.8975298172515329,0,0,imputed,True,242.85568675147962,-19.3126339384092,-18.15013564606444,-20.010670300443714,-19.55989730016271,-0.010116469014992963,0.0075128833380167254,0.08942294556498134,1.148809362315518,1.860534654379272,1,-19.258334296270014,-19.373082145887594,0.6980363620345145
20,20,22,Sokhda,0.387613543863222,2.414947325760696,312471.0242948731,2480983.437138215,2932,1.0,0.011049587232077098,-19.56653945162531,0.9515253858909405,1.1044835227466938,2932,1.0,0.03901413973191373,-14.08777964906382,0.8883850610235131,1.2670609493121763,2932,1.0,0.010326577650181953,-19.86043584957037,1.016658268806032,0.9674978430826594,2932,1.0,0.013776389221443938,-18.60864595685903,0.8990448355565144,1.2371925573750961,2932,4,measured,False,,-19.56653945162531,-14.08777964906382,-19.86043584957037,-18.60864595685903,-0.004259368086160267,0.020863164878522335,0.42144306173549917,1.5456862906563984,5.772656200506548,1,-18.030850226779634,-18.010663273714098,0.2938963979450584
21,21,22,Sokhda,0.5725174781560199,3.9606851251263584,312460.0677645504,2480874.2197914165,4353,1.0,0.01015031526628658,-19.93520468461877,0.9756458224230019,1.050547325331749,4353,1.0,0.038399781247752895,-14.156712496732094,0.8535717945884542,1.3725238137143092,4353,1.0,0.008824240302736302,-20.54322673649082,0.9472442012623424,1.1144897774856044,4353,1.0,0.009821636932549657,-20.07816124073747,0.9796162773387351,1.042048696017487,4353,4,measured,False,,-19.93520468461877,-14.156712496732094,-20.54322673649082,-20.07816124073747,-0.008811913795247072,0.007751091595889174,0.4444993990682059,1.0730875476253985,6.386514239758725,1,-18.67832628964479,-18.69641394981295,0.608022051872048
22,22,22,Sokhda,0.3980899814225151,3.5536825447993707,312492.7383219067,2480766.986127785,3035,1.0,0.012280329549118148,-19.10789978517071,1.1049272872430551,0.8190918447953991,3035,1.0,0.03581924550932481,-14.45883566297927,0.9314467411772503,1.1526141445586644,3035,1.0,0.010044226808133716,-19.98083489068555,1.149884766573628,0.7562952257730388,3035,1.0,0.013362553953132236,-18.74110528256482,1.0933150751855845,0.8365835625173454,3035,4,measured,False,,-19.10789978517071,-14.45883566297927,-19.98083489068555,-18.74110528256482,-0.01265123341325857,0.02066216013534549,0.3576203170916491,2.1126647136355707,5.52199922770628,1,-18.072168905350086,-18.171726830334116,0.8729351055148413
23,23,22,Sokhda,1.11717020774664e-09,6.681440769592857e-08,312517.4326890213,2480651.2501248107,0,0.0,,,0.9914115550728664,1.0174517110740318,0,0.0,,,0.9141374277014918,1.196899277752464,0,0.0,,,1.0306490138260611,0.9426860978022982,0,0.0,,,1.0084644546313923,0.9857008069849604,0,0,imputed,True,149.60526330278452,-19.9485294397632,-15.071924859745229,-20.36612234335745,-19.991388122700464,-0.006052071066583347,0.006245570344283103,0.37512342923215153,0.7923271242512371,5.294197483612221,1,-18.844491191391583,-18.842043322600134,0.41759290359425094
24,24,22,Sokhda,0.2566174177297391,2.689668533524102,312419.4436552045,2480606.835826404,1960,1.0,0.012832178234513627,-18.916996168180027,1.0029515561488358,0.994122920279461,1960,1.0,0.03683408970702509,-14.337500585388623,0.88293468855437,1.2827524143709066,1960,1.0,0.009097379111608461,-20.410837067238866,1.05255605261888,0.9026295227114931,1960,1.0,0.009200640309019055,-20.361819473286808,1.0373126319240495,0.9293529179524337,1960,4,measured,False,,-18.916996168180027,-14.337500585388623,-20.410837067238866,-20.361819473286808,-0.021649868102302006,0.0008169598992009715,0.35226889098395414,1.5428584930108968,6.073336481850243,1,-18.50678832352358,-18.699902165794853,1.4938408990588385
25,25,22,Sokhda,0.10201993928913798,1.69657153271574,312378.480550806,2480382.6076120785,783,1.0,0.013131185296167002,-18.81696070228029,0.9506751414475724,1.1064600147671513,783,1.0,0.028005866446489527,-15.52750986569305,0.968927275303857,1.0651668381027501,783,1.0,0.011084977828873264,-19.552651711834695,0.9458311470297186,1.1178223192168448,783,1.0,0.012611269189437271,-18.992412041301797,0.9854181533122772,1.0298142163830795,783,4,measured,False,,-18.81696070228029,-15.52750986569305,-19.552651711834695,-18.992412041301797,-0.010662188544266732,0.009337327842214964,0.25303467973748006,1.2959306800873023,4.025141846141645,1,-18.22238358027746,-18.308802290362003,0.7356910095544045
26,26,22,Sokhda,0.48380932527626863,3.833575722512203,312347.44018856087,2480461.967445036,3691,1.0,0.01084648091368281,-19.647111436283485,0.976555710420629,1.0485905806627345,3691,1.0,0.0300133111275547,-15.226860897100616,0.8538991980490521,1.3714715047334056,3691,1.0,0.009091286572324846,-20.413746523420635,0.9823062976518945,1.0363492639484277,3691,1.0,0.00950197937519379,-20.221859165866984,1.0073961623115897,0.9853701814827034,3691,4,measured,False,,-19.647111436283485,-15.226860897100616,-20.413746523420635,-20.221859165866984,-0.011110653436770288,0.0031981226258941692,0.340019272244836,0.9585224446908001,5.186885626320018,1,-18.87739450566793,-18.94330231488543,0.7666350871371499
27,27,22,Sokhda,0.5415105264037847,4.0,312327.68819454405,2480420.60560336,4163,1.0,0.009635304306058853,-20.161345647287973,1.0844331348886656,0.8503435894584849,4163,1.0,0.02174458876648245,-16.62648801295322,0.9513121543303087,1.1049787064535683,4163,1.0,0.009098734795132788,-20.410189933594907,1.1516668994936967,0.7539563970944031,4163,1.0,0.00902846707634233,-20.443859813365272,1.462439636610252,0.4675672687085911,4163,4,measured,False,,-20.161345647287973,-16.62648801295322,-20.410189933594907,-20.443859813365272,-0.0036064389319845477,-0.0005611646628394122,0.2719121257180579,0.21517440653656905,3.817371800412051,1,-19.41047085180034,-19.393561191501707,0.24884428630693378
28,28,22,Sokhda,0.25992789022000506,2.7501300319680526,312324.673138036,2480343.574408275,1983,1.0,0.010858755979602775,-19.64219926325484,0.993919514822166,1.0122727933787317,1983,1.0,0.025583654336236942,-15.920374213620303,0.9140667013924337,1.1968623994712861,1983,1.0,0.010194742833891195,-19.916237249844812,0.965545022012499,1.0726423548996178,1983,1.0,0.010195552331742852,-19.91589241869115,0.9979104798696744,1.0041921751314982,1983,4,measured,False,,-19.64219926325484,-15.920374213620303,-19.916237249844812,-19.91589241869115,-0.00397156502304305,5.747185894359556e-06,0.2862942345872722,0.27438281774363205,3.9958630362245096,1,-18.84867578635278,-18.833687896378223,0.2740379865899705
29,29,22,Sokhda,0.5681262967499904,4.0,312286.1877045466,2480362.232493596,4349,1.0,0.008107091605631653,-20.91134919668604,0.9844923175741984,1.0317520418069785,4349,1.0,0.023918634517614487,-16.21263617258553,0.8877376387950668,1.2689097445332485,4349,1.0,0.009519750015480026,-20.213744558511383,0.9480297776302674,1.1126435188394017,4349,1.0,0.007774199155909925,-21.09344338003074,0.9736673962874259,1.0548209446554335,4349,4,measured,False,,-20.91134919668604,-16.21263617258553,-20.213744558511383,-21.09344338003074,0.010110212147458787,-0.014661647025322643,0.3614394633923469,-1.577303459694015,4.880807207445212,1,-19.60779332695342,-19.38341243044374,-0.6976046381746563
30,30,22,Sokhda,0.33387090472674463,3.099761577523693,312300.8377141062,2480250.739550937,2548,1.0,0.02256816262429932,-16.465037973515667,0.874228619526929,1.3084283946426178,2548,1.0,0.04318589740854564,-13.646580512768438,0.9722206832442623,1.0579625330717757,2548,1.0,0.04818276917471299,-13.171082437163086,0.9274635150478608,1.1625357890671022,2548,1.0,0.04265155752929195,-13.700651048475477,0.9151710211323963,1.1939756792919927,2548,4,measured,False,,-16.465037973515667,-13.646580512768438,-13.171082437163086,-13.700651048475477,0.04773848603409537,-0.008826143521873171,0.21680442005747919,-3.823524147664971,3.2939555363525805,2,-14.245837992980668,-13.58738052192315,-3.2939555363525805
31,31,22,Sokhda,0.5907185134231113,3.769388055949375,312304.7553991333,2480119.593469395,4486,1.0,0.008106484836254401,-20.9116742533981,0.9982371747058157,1.0035349952081007,4486,1.0,0.01953277964720401,-17.09235949259871,0.9273312160548558,1.16286752228771,4486,1.0,0.01351487375590692,-18.69188006744321,0.8744288213531995,1.3078293298340118,4486,1.0,0.008089722743366903,-20.92066362576752,0.9691794846235121,1.0646125340690602,4486,4,measured,False,,-20.9116742533981,-17.09235949259871,-18.69188006744321,-20.92066362576752,0.03217093023123028,-0.03714639263873849,0.2937934431384146,-4.4485777442791985,3.8283041331688104,1,-19.404144359801883,-18.894273161445543,-2.219794185954889
32,32,22,Sokhda,0.10850434768809937,2.0843250620795466,312365.8539297467,2480045.8550035963,833,1.0,0.013641644177839595,-18.65133282587905,0.9370418368249537,1.1388906743413516,833,1.0,0.028621470978852193,-15.433080497662521,0.9533675838094638,1.100219246361332,833,1.0,0.009450718147517193,-20.245351887760652,0.9463001359296694,1.11671460226532,833,1.0,0.006947760372200077,-21.58155168754856,0.9891960935841296,1.021963099348364,833,4,measured,False,,-18.65133282587905,-15.433080497662521,-20.245351887760652,-21.58155168754856,-0.02310172553451599,-0.022269996663131824,0.24755787140127133,0.2578192620936939,6.14847118988604,1,-18.977829224712693,-19.188774423675547,1.5940190618816032
33,33,22,Sokhda,0.6522243259698269,4.0,312200.26859545766,2480232.166566859,5168,1.0,0.011430134613529963,-19.419486548567747,1.117086956553409,0.8013570060929072,5168,1.0,0.036065727244198466,-14.429053060925751,0.9254479172878494,1.1676052396609033,5168,1.0,0.010606848030263245,-19.7441365346292,1.2466192024363776,0.6434760324541511,5168,1.0,0.012022385652726892,-19.20009344894695,0.9828674480579898,1.0351662319956163,5168,4,measured,False,,-19.419486548567747,-14.429053060925751,-19.7441365346292,-19.20009344894695,-0.004705072261760174,0.009067384761370789,0.3838794990493843,0.8686930717436994,5.315083473703448,1,-18.198192398267413,-18.17978074143047,0.324649986061452
34,34,22,Sokhda,0.4679714340419392,3.6855786008819815,312248.7379599523,2480230.8190357657,3563,1.0,0.00981689323835928,-20.080259320617028,0.9898967423769583,1.0205169206193994,3563,1.0,0.03761912266712384,-14.245913370490598,0.8386523365054854,1.4217920366823897,3563,1.0,0.009293360106030001,-20.318272341583594,0.9215598658098094,1.1774782515827484,3563,1.0,0.01204810558128631,-19.190812352694437,0.9143788548079737,1.1960453619538194,3563,4,measured,False,,-20.080259320617028,-14.245913370490598,-20.318272341583594,-19.190812352694437,-0.0034494640719792153,0.018790999814819288,0.4487958423174177,1.365473009855723,6.072358971092996,1,-18.458814346346415,-18.42007645936913,0.23801302096656585
35,35,22,Sokhda,0.9922707549986197,4.0,312376.40250139707,2480909.8799445983,8249,1.0,0.0084218549417677,-20.745922431499473,1.0584520505423725,0.8926015214685554,8249,1.0,0.02303716349623872,-16.375709954644165,0.9293285078192909,1.1578744764883502,8249,1.0,0.008999855708902832,-20.45764453375078,1.0598700698779575,0.8902146638086122,8249,1.0,0.006609571784481573,-21.798266763178205,1.1390798570630347,0.7707111745143989,8249,4,measured,False,,-20.745922431499473,-16.375709954644165,-20.45764453375078,-21.798266763178205,0.004177940547082495,-0.022343703823790407,0.3361701905273314,-1.6289001271761165,5.42255680853404,1,-19.844385920768154,-19.692262597619084,-0.28827789774869217
36,36,22,Sokhda,0.9021299462507013,4.0,312398.82453906094,2480822.8203294803,7549,1.0,0.007619372818260327,-21.18080775744232,0.9873599937310896,1.0257675293730166,7549,1.0,0.019089966758796973,-17.191948278391052,0.9069481187146351,1.215724339018095,7549,1.0,0.009286653423633816,-20.321407619476034,0.9806652444925663,1.0398206365283078,7549,1.0,0.006621426489130694,-21.790484381101024,1.03815715949245,0.9278414995427379,7549,4,measured,False,,-21.18080775744232,-17.191948278391052,-20.321407619476034,-21.790484381101024,0.012455074463279512,-0.024484612693749835,0.3068353445424052,-2.3284768995912764,4.598536102709971,1,-20.12116200910261,-19.86940805729075,-0.8594001379662863
37,37,22,Sokhda,0.5266487272851634,4.0,312415.7181598119,2480761.726774935,4047,1.0,0.010088220834265528,-19.96185419490763,0.955717301455075,1.0948159192616724,4047,1.0,0.027918258099226143,-15.541116820909131,0.9371212954074041,1.138697549283861,4047,1.0,0.008405384298236115,-20.75442425616783,1.0087419750332425,0.9827426728931034,4047,1.0,0.010553891069746224,-19.765873926349485,0.9701305190590769,1.0625262438558583,4047,4,measured,False,,-19.96185419490763,-15.541116820909131,-20.75442425616783,-19.765873926349485,-0.011486522626959421,0.01647583883030575,0.3400567210768076,1.7811203910785451,5.213307435258699,1,-19.00581729958352,-19.0903364902053,0.7925700612602
38,38,22,Sokhda,0.49250785401011815,3.860375609717121,312431.74855751114,2480716.4007455925,3759,1.0,0.009766561634787755,-20.10258304844465,0.995463116414643,1.009135892775047,3759,1.0,0.026824951599868353,-15.714610529567572,0.9213267366883485,1.1780742164868332,3759,1.0,0.00803290630730203,-20.95127298449146,1.1471268497921754,0.759936159867677,3759,1.0,0.010222061735788619,-19.904615004663455,0.9729606701133796,1.0563538746813665,3759,4,measured,False,,-20.10258304844465,-15.714610529567572,-20.95127298449146,-19.904615004663455,-0.012299854145605943,0.017444299663800084,0.33753634760592904,1.8953479158748152,5.236662454923888,1,-19.168270391791786,-19.264597956010697,0.8486899360468101
39,39,22,Sokhda,0.6675339882759493,4.0,312458.9586806653,2480676.2917705844,5072,1.0,0.011619642374761546,-19.348072383017755,0.9584606507846936,1.0885576254178422,5072,1.0,0.03465187268980927,-14.602732898581326,0.9559691490417568,1.0942391424323037,5072,1.0,0.009906803064854395,-20.040664701655313,1.2226671342226818,0.6689343894290761,5072,1.0,0.011686738695816214,-19.323066662563143,1.07161904862536,0.8708014636552486,5072,4,measured,False,,-19.348072383017755,-14.602732898581326,-20.040664701655313,-19.323066662563143,-0.010037569835326934,0.011959967318202836,0.36502611418741754,1.4101903577297286,5.437931803073987,1,-18.32863416145438,-18.384552775686615,0.6925923186375584
40,40,22,Sokhda,0.5319990846380591,4.0,312360.69759363006,2480510.453219135,4208,1.0,0.00890780863523807,-20.502291214036973,1.0068655655825234,0.9864089933645253,4208,1.0,0.025608325914496567,-15.916188116081162,0.8754744253875781,1.304707239733437,4208,1.0,0.009885830470698877,-20.049868414042006,0.9848163634657738,1.0310731741164079,4208,1.0,0.009624846872602592,-20.166061712129924,0.9509739960626794,1.1057646882394778,4208,4,measured,False,,-20.502291214036973,-15.916188116081162,-20.049868414042006,-20.166061712129924,0.006556852173840095,-0.0019365549681319648,0.3527771613812162,-0.5686160980828845,4.58610309795581,1,-19.158602364072514,-18.994167459491276,-0.4524227999949666
41,41,22,Sokhda,0.9447721474748105,4.0,312110.095212962,2480272.514250435,7904,1.0,0.026832414670145074,-15.713402430666921,0.9533059076319452,1.100361613070889,7904,1.0,0.04396394884838168,-13.569033061020363,0.9527780152430129,1.1015812747953926,7904,1.0,0.042632717202021886,-13.702569866529455,0.973169394616247,1.055900791603243,7904,1.0,0.034138765140854184,-14.667521921320104,0.9427606670291471,1.1251154540492787,7904,4,measured,False,,-15.713402430666921,-13.569033061020363,-13.702569866529455,-14.667521921320104,0.029142500929528498,-0.01608253424651081,0.16495148997281214,-2.975784618928115,2.144369369646558,1,-14.41313181988421,-13.992585010099605,-2.0108325641374662
42,42,22,Sokhda,1.3556459123477806,4.0,312065.5978879358,2480159.9344229074,11451,1.0,0.015435277171649553,-18.11485567475235,0.9000779604739004,1.2343540456917848,11451,1.0,0.02131810537085093,-16.712513954966685,0.9068600261320091,1.2159605419499215,11451,1.0,0.03496682306689633,-14.563438240016584,0.9644717563805095,1.0750309592577056,11451,1.0,0.04483992871664473,-13.483350864872442,0.943209108262219,1.1240458540730953,11451,4,measured,False,,-18.11485567475235,-16.712513954966685,-14.563438240016584,-13.483350864872442,0.05146981789472123,0.01800145625240237,0.1078724399835126,-2.4713300595916223,4.631504809879907,3,-15.718539683652013,-15.065955327126947,-3.5514174347357645
43,43,22,Sokhda,0.6459871347632725,4.0,312024.78914837464,2480280.1046658284,5213,1.0,0.009356672461169722,-20.288785731304756,1.0317332400933499,0.9394315781437395,5213,1.0,0.023308113315893986,-16.32492879188896,0.9332113107398309,1.1482594074558798,5213,1.0,0.010147665917043455,-19.936338391220495,1.0799314525597399,0.8574476610000642,5213,1.0,0.011029580159778573,-19.574410186352104,1.0532611416187487,0.901421425124109,5213,4,measured,False,,-20.288785731304756,-16.32492879188896,-19.936338391220495,-19.574410186352104,0.005107932464989289,0.006032136747806523,0.30491207226275346,0.00948086478413046,3.9638569394157948,1,-19.03111577519158,-18.904085913604664,-0.35244734008426093
44,44,22,Sokhda,0.3342891034506247,3.599395190531512,311966.10652947164,2480258.6643651715,2570,1.0,0.00977426609864184,-20.099158417352378,0.9558544035251395,1.0945018740190469,2570,1.0,0.017934839113626127,-17.463025148551896,0.970896249157972,1.0608509103963721,2570,1.0,0.0107294600416546,-19.69422133283851,0.9884217365497039,1.023564995126287,2570,1.0,0.012018603050222709,-19.20146008442826,0.9274108232193397,1.1626678942249884,2570,4,measured,False,,-20.099158417352378,-17.463025148551896,-19.69422133283851,-19.20146008442826,0.005868653398751714,0.008212687473504173,0.20277948221542166,0.08782416389638215,2.6361332688004815,1,-19.114466245792762,-19.003314241669084,-0.40493708451386823
45,45,22,Sokhda,0.4164261151889688,2.991595802808319,311977.76524082024,2480201.0662949365,3391,1.0,0.012309919658727062,-19.097447815029135,0.9826391982244338,1.035647189730717,3391,1.0,0.018387091814394112,-17.35486955309901,0.9694514506555135,1.0640152935711782,3391,1.0,0.012843655086389755,-18.91311365834357,1.095014911244023,0.8339882532953061,3391,1.0,0.012342354218541633,-19.08601993738315,1.024532780458641,0.9526827094263236,3391,4,measured,False,,-19.097447815029135,-17.35486955309901,-18.91311365834357,-19.08601993738315,0.002671509517182111,-0.0028817713173263353,0.1340444816869326,-0.35724043572514574,1.7425782619301238,1,-18.612862740963717,-18.545872873527337,-0.18433415668556563
46,46,22,Sokhda,2.7648771109851227e-12,9.479607193337159e-11,312407.63316822675,2479991.918974643,0,0.0,,,0.9919081285995621,1.0163948569990655,0,0.0,,,0.9197573093401415,1.1822338195660946,0,0.0,,,0.9559225789710842,1.0946784785824688,0,0.0,,,0.976023466340751,1.0498893830323381,0,0,imputed,True,244.7614293233881,-19.43535066932104,-14.338339025977806,-19.830186892237005,-19.195452900820694,-0.005722264100231396,0.010578899856938525,0.3920778187187102,1.0295702143322778,5.491847866259199,1,-18.199832372089137,-18.193929476908433,0.3948362229159663
47,47,22,Sokhda,0.994143183863163,4.0,311985.13332913164,2480115.637135534,8437,1.0,0.010519597723593547,-19.780008675742877,1.0002431141064159,0.9995139490431151,8437,1.0,0.026041007648064773,-15.843422148992596,0.9178898341561829,1.1869129821188495,8437,1.0,0.016715050111680233,-17.768923170556437,1.0577343597027755,0.8938132231828143,8437,1.0,0.013898093496795284,-18.570447710127567,1.0928701618981869,0.8372648564527476,8437,4,measured,False,,-19.780008675742877,-15.843422148992596,-17.768923170556437,-18.570447710127567,0.02914616674183246,-0.013358742326185495,0.30281434821156006,-2.8126100447575695,3.936586526750281,1,-17.99070042635487,-17.541698416501347,-2.01108550518644
48,48,22,Sokhda,0.5443159741199576,4.0,312000.84425329487,2480018.1970539866,4266,1.0,0.010198361132901665,-19.91469613348197,1.1055223618564705,0.8182102894391323,4266,1.0,0.023379844637283653,-16.311583791191996,0.9587437882969478,1.0879147717356596,4266,1.0,0.012486195250335815,-19.035698781601003,1.1090899577700135,0.812954901742592,4266,1.0,0.010256945216790048,-19.88981964081025,1.0313374270950895,0.9401527981309212,4266,4,measured,False,,-19.91469613348197,-16.311583791191996,-19.035698781601003,-19.88981964081025,0.012739092056245925,-0.014235347653487433,0.27716248786845965,-1.7331182110902148,3.6031123422899753,1,-18.787949586771305,-18.55007972264281,-0.8789973518809688
49,49,22,Sokhda,1.4403908240658463,4.0,312209.17053735344,2480111.666526686,12082,1.0,0.011346933796669005,-19.451214790074328,0.9717563308821066,1.0589738663893942,12082,1.0,0.03772655838484248,-14.23352811619723,0.8604639032824536,1.3506246991067021,12082,1.0,0.009607570075442332,-20.173864392063734,0.9961332049268011,1.0077786788487402,12082,1.0,0.013954019888570394,-18.553006623594392,0.953703195054937,1.0994450411703343,12082,4,measured,False,,-19.451214790074328,-14.23352811619723,-20.173864392063734,-18.553006623594392,-0.010473182637527629,0.027014296141155705,0.40136051337516143,2.343507370458749,5.940336275866505,1,-18.10290348048242,-18.17181356272726,0.7226496019894064
50,50,22,Sokhda,1.3050741147873635e-07,1.6849912285641035e-06,312073.82392422593,2480028.2475365023,0,0.0,,,0.9859997224942612,1.0292439077162547,0,0.0,,,0.9000576434916043,1.2346213177348788,0,0.0,,,0.9873809523847688,1.0259657954483232,0,0.0,,,0.9867756924499989,1.0300242917454174,0,0,imputed,True,136.603874476341,-19.615611732908604,-16.077502970092297,-18.257240434719982,-18.55205840129085,0.019686540553458292,-0.004913632776181132,0.2721622125243313,-1.6531892647594901,3.5381087628163073,1,-18.125603384752935,-17.811294775074224,-1.3583712981886222
51,51,22,Sokhda,0.021906183440693686,0.48440910299023554,312167.2941303553,2480055.2197688622,168,1.0,0.017480719412214102,-17.574406981131943,1.0720309846431504,0.870132368129123,168,1.0,0.037604299320546056,-14.247624991029863,0.8308477907446133,1.4486286202128928,168,1.0,0.02514348119716271,-15.995745929964396,1.0336169711077223,0.9360105355358355,168,1.0,0.0176594335562294,-17.53023230959426,1.0177550269108917,0.9654137671843354,168,4,measured,False,,-17.574406981131943,-14.247624991029863,-15.995745929964396,-17.53023230959426,0.022879145669094884,-0.02557477299383108,0.2559063069309293,-3.1131474307974116,3.3267819901020808,1,-16.337002552930116,-15.964627448012795,-1.578661051167547
52,52,22,Sokhda,7.832293327252987e-09,1.4143525653391112e-07,312368.5331695194,2479977.0859163306,0,0.0,,,0.9808265366295325,1.0397453935043968,0,0.0,,,0.9161539717099292,1.1917828908054124,0,0.0,,,0.9553859461550895,1.0958727807615127,0,0.0,,,0.9614413398392245,1.0820287876196972,0,0,imputed,True,233.91569491862555,-19.0354096872234,-14.338339025977806,-19.218008301036207,-18.871909488144414,-0.0026463567219247434,0.005768313548196543,0.3613131277881226,0.5286974267045998,4.879669275058401,1,-17.865916625595457,-17.823291670291617,0.1825986138128073
53,53,22,Sokhda,0.22593686200757512,2.2667042977794676,311967.66282331204,2479898.2256568046,1719,1.0,0.009063060919537215,-20.427251007827458,0.95153584565452,1.1044592407964509,1719,1.0,0.01959182467370277,-17.079251143463946,0.9587253998356411,1.087956504791941,1719,1.0,0.012178880695344384,-19.143926238683964,0.9786286998427363,1.0441529120479063,1719,1.0,0.01079483311680751,-19.66784067272302,0.955796357989106,1.0946348163064996,1719,4,measured,False,,-20.427251007827458,-17.079251143463946,-19.143926238683964,-19.66784067272302,0.0185989096977318,-0.008731907233984279,0.25753845110488555,-1.8072392031825508,3.347999864363512,1,-19.079567265674594,-18.778249907176317,-1.2833247691434941
54,54,22,Sokhda,0.18335009469519137,2.6551176309418123,311777.52698634815,2479665.5082909907,1403,1.0,0.01264626313625177,-18.98037785876177,0.9548820018403122,1.096732175513045,1403,1.0,0.015514905927745517,-18.09250853349869,0.9571324709400583,1.0915808295937115,1403,1.0,0.012917840480517138,-18.888100827638333,0.9451235317711717,1.119496775961937,1403,1.0,0.00792295732307186,-21.011126833898736,1.0203231027621744,0.9605601365531535,1403,4,measured,False,,-18.98037785876177,-18.09250853349869,-18.888100827638333,-21.011126833898736,0.0013373482771512656,-0.03538376677100672,0.06829764040485223,-2.2153030373838405,2.9186183004000448,1,-19.24302851344938,-19.17370274036932,-0.09227703112343733
55,55,22,Sokhda,0.23519311513541033,2.7680278385076624,311779.6241403851,2479607.978916917,1799,1.0,0.009524643552804633,-20.211512682451676,0.9677977189825062,1.0676546887016067,1799,1.0,0.00611773896879028,-22.13409057399144,1.616090410698028,0.3828853003693416,1799,1.0,0.017269120560568813,-17.62729778553972,0.9268215640737727,1.1641467775583987,1799,1.0,0.008012577466492917,-20.962277586453233,1.0159717290317594,0.9688058522645441,1799,4,measured,False,,-20.211512682451676,-22.13409057399144,-17.62729778553972,-20.962277586453233,0.0374523898103182,-0.055582996681891865,-0.14789060704152027,-5.919194697825468,4.506792788451719,2,-20.233794657109016,-19.738391910027453,-4.506792788451719
56,56,22,Sokhda,0.3370215314451023,3.597549296336351,311789.8001437523,2479536.8846788057,2582,1.0,0.01256489100445922,-19.008412743907225,0.9740371303677973,1.0540202991374357,2582,1.0,0.026412650828134942,-15.781880099154108,0.946717548515079,1.1157300890484227,2582,1.0,0.008866346784954635,-20.522552863632278,1.0836888751097606,0.8515119946549308,2582,1.0,0.00874909892337432,-20.580366730071088,0.9959436968403277,1.0081622354286213,2582,4,measured,False,,-19.008412743907225,-15.781880099154108,-20.522552863632278,-20.580366730071088,-0.02194405970616018,-0.000963564440646832,0.24819481882716288,1.4563262532862424,4.79848663091698,1,-18.973303109191175,-19.191849722860603,1.5141401197250524
57,57,22,Sokhda,8.545220087086137e-16,1.5225472668113969e-07,311332.85182144033,2479456.724641401,0,0.0,,,0.9884836234569694,1.0235746043786567,0,0.0,,,0.9338683300927239,1.1466454209057764,0,0.0,,,0.9963776147854007,1.0119865418592315,0,0.0,,,0.9734260847817826,1.0554695933890295,0,0,imputed,True,162.4609745161178,-19.88898658921506,-16.74189705691706,-19.620190367184172,-19.100734928446684,0.003895597420737532,0.008657590645624798,0.24208381017676928,0.2506592167065982,3.1470895322980006,1,-18.837952235440746,-18.7431546546017,-0.2687962220308897
58,58,22,Sokhda,0.09601658076636574,0.5039390905559693,310064.05369919556,2479633.736547561,731,1.0,0.019298270111799038,-17.144816192083518,0.8892231210203455,1.2646737583317307,731,1.0,0.02900448118726882,-15.375348984956927,1.3276803109968105,0.5673002438501911,731,1.0,0.02356624458308231,-16.277096192910722,1.1098933181357782,0.8117784654573492,731,1.0,0.015263265394902806,-18.16352544278959,1.022345886584119,0.9567628242293674,731,4,measured,False,,-17.144816192083518,-15.375348984956927,-16.277096192910722,-18.16352544278959,0.012575652161924569,-0.03144048749798115,0.1361128620866608,-2.7541492490516646,2.788176457832664,1,-16.74019670318519,-16.518358044202063,-0.8677199991727953
59,59,22,Sokhda,0.8144783422309906,4.0,310126.4288614914,2479627.564920548,6732,1.0,0.013483312141827129,-18.702034113445315,1.7082094921807613,0.34270286752279927,6732,1.0,0.019040905673323043,-17.203123984109887,0.9331507947514663,1.1484083443833846,6732,1.0,0.015333550582948262,-18.1435726980066,1.1772439319420267,0.7215510763459526,6732,1.0,0.01328837289695361,-18.76528193258575,1.013507080587044,0.9735234692788823,6732,4,measured,False,,-18.702034113445315,-17.203123984109887,-18.1435726980066,-18.76528193258575,0.008093643702010347,-0.010361820576319165,0.11530077917964832,-1.180170650017864,1.562157948475864,1,-18.20350318203689,-18.06478041590032,-0.558461415438714
60,60,22,Sokhda,0.2806386983996024,3.0711821444191663,312668.6642870251,2481200.179070426,2146,1.0,0.013555044699754527,-18.678990459311734,0.9619114336707668,1.0807614021091545,2146,1.0,0.01808636849342506,-17.426486250468077,0.9979666508184706,1.0040791356030219,2146,1.0,0.010263405576201118,-19.8870850885949,1.0596383177363156,0.8906041018125248,2146,1.0,0.010388643495753736,-19.834411570404818,0.9809249532178969,1.0392701056399907,2146,4,measured,False,,-18.678990459311734,-17.426486250468077,-19.8870850885949,-19.834411570404818,-0.017508617815698072,0.000877891969834721,0.09634647760335824,1.2607681474732502,2.460598838126824,1,-18.956743342194883,-19.155895316878482,1.208094629283167
61,61,22,Sokhda,0.37496072079451986,3.7714151280809265,312665.0422550062,2481249.631516052,2870,1.0,0.015590026633720834,-18.071531428696503,1.0354956622276028,0.9326172243857093,2870,1.0,0.021790889526360234,-16.617250410476988,0.9725707012480743,1.0572011708410485,2870,1.0,0.011168427097075877,-19.520079863437097,1.1504694407631113,0.7555267152470622,2870,1.0,0.011668495807062985,-19.329851255139015,1.0542156006924521,0.8997899175278326,2870,4,measured,False,,-18.071531428696503,-16.617250410476988,-19.520079863437097,-19.329851255139015,-0.020993455575950642,0.0031704768049680256,0.11186777063227037,1.6387770430386759,2.902829452960109,1,-18.3846782394374,-18.626513668073688,1.4485484347405944
62,62,22,Sokhda,0.4876136060363613,3.8608668804078095,312617.0030399445,2481150.62750051,3720,1.0,0.008479427328049535,-20.716334775388404,1.2379336381025496,0.6525371951058412,3720,1.0,0.013555671855685862,-18.678789527433185,1.4989902713472165,0.44504340688627647,3720,1.0,0.012828019104717309,-18.918404019500887,1.3548330363691894,0.5447891430349607,3720,1.0,0.009164762190831396,-20.378787997197257,1.0692284039699582,0.874699796579667,3720,4,measured,False,,-20.716334775388404,-18.678789527433185,-18.918404019500887,-20.378787997197257,0.026056967476630683,-0.024339732961606173,0.15673424984270914,-3.2583147335838873,2.0375452479552187,1,-19.673079079879933,-19.2845386649879,-1.797930755887517
63,63,22,Sokhda,0.7577981760919094,4.0,312564.5668505544,2481145.55876734,6127,1.0,0.009599159368208059,-20.177667979743717,0.995415769531335,1.0092318940182108,6127,1.0,0.029202188644628493,-15.34584597843894,0.8981925905694094,1.2395414776239169,6127,1.0,0.00987288974801489,-20.055557127880608,1.117496233470048,0.8007701282943479,6127,1.0,0.0098086143824758,-20.08392339057069,0.9983087712274258,1.0033910576998009,6127,4,measured,False,,-20.177667979743717,-15.34584597843894,-20.055557127880608,-20.08392339057069,0.001769722490769697,-0.00047277104483468927,0.3716786154849829,-0.15047711455319046,4.8318220013047775,1,-18.91574861915849,-18.808732893478087,-0.1221108518631091
64,64,22,Sokhda,0.9613098902538418,4.0,312564.25125132373,2481239.1735478207,8013,1.0,0.012114906857304802,-19.16679920487602,0.9467562408731153,1.1156388948337648,8013,1.0,0.016233939013432928,-17.895760898940644,1.016885512258297,0.9670654778232816,8013,1.0,0.01197787922601761,-19.216200702582004,1.06501509194412,0.8816342955968421,8013,1.0,0.01203355265893363,-19.196061372159512,1.0366074805377214,0.9306177311168515,8013,4,measured,False,,-19.16679920487602,-17.895760898940644,-19.216200702582004,-19.196061372159512,-0.0007159637348693142,0.00033565550704152495,0.09777217737964441,0.06954082812847417,1.32043980364136,1,-18.868705544639546,-18.855887036896807,0.04940149770598268
65,65,22,Sokhda,1.1754314082488417,4.0,312451.5529457884,2481222.6227690675,6310,1.0,0.009749900396503104,-20.109998209650563,0.9815778035072784,1.037888122154473,6310,1.0,0.030540113682902718,-15.151293506533552,0.8892263156653913,1.2646646713840592,6310,1.0,0.009875753276763296,-20.05429768464559,0.9458602844185884,1.1177534508597096,6310,1.0,0.009127320924001835,-20.39656679055394,0.9430147992663745,1.1245091229918216,6310,4,measured,False,,-20.109998209650563,-15.151293506533552,-20.05429768464559,-20.39656679055394,0.0008072539855793143,-0.0057044850984725075,0.38143882331669315,-0.39796963091332316,5.245273284020389,1,-18.928039047845914,-18.825433207474408,-0.05570052500497269
66,66,22,Sokhda,0.4845022201147396,3.9338697666929434,312463.54518472886,2481187.5168020125,3698,1.0,0.007861392352043235,-21.045005281009374,0.9906336003186543,1.0189993134473527,3698,1.0,0.031101925459298827,-15.072127238199851,0.8984673901856474,1.23878335677215,3698,1.0,0.008198754446663984,-20.862521205465505,0.9498727645837655,1.1083301028888033,3698,1.0,0.008242395412118714,-20.839465549191615,0.9422673180584685,1.1262939303743906,3698,4,measured,False,,-21.045005281009374,-15.072127238199851,-20.862521205465505,-20.839465549191615,0.0026446967470125883,0.00038426093789816206,0.4594521571391941,-0.15942841926997886,5.972878042809523,1,-19.454779818466584,-19.317760623544213,-0.18248407554386858
67,67,22,Sokhda,0.9000453815698624,4.0,312325.6660399449,2481021.623762444,7515,1.0,0.027725292151487193,-15.571238688357807,0.9334522543684158,1.147666704229186,7515,1.0,0.0401087639510512,-13.96760721651095,0.9246291491607971,1.1696740068608922,7515,1.0,0.036266518845286644,-14.404941295268161,0.9666461538943917,1.0701999969232765,7515,1.0,0.01971589204688923,-17.051835684625694,1.1099304446512617,0.8117241593486109,7515,4,measured,False,,-15.571238688357807,-13.96760721651095,-14.404941295268161,-17.051835684625694,0.016902860769415162,-0.044114906489292206,0.12335626706514283,-3.813191782447179,3.084228468114743,1,-15.248905721190653,-14.962303613242462,-1.1662973930896463
68,68,22,Sokhda,0.5116644737494178,4.0,312345.9150621755,2481135.6941163596,4019,1.0,0.00983608332938859,-20.071778006591895,1.00373295247277,0.9925756927497454,4019,1.0,0.023979475622693976,-16.201603181788066,0.9618668877052033,1.0808615088404043,4019,1.0,0.009417428929576852,-20.260676485984472,1.174501747528884,0.7249243125825677,4019,1.0,0.009344950144093686,-20.29423011267788,1.0994643664604258,0.8272517280623508,4019,4,measured,False,,-20.071778006591895,-16.201603181788066,-20.260676485984472,-20.29423011267788,-0.0027376591216315537,-0.0005592271115567963,0.2977057557541407,0.15534485269916942,4.092626930889814,1,-19.20707194676058,-19.173395398309857,0.1888984793925772
69,69,22,Sokhda,1.0442634460812434,4.0,312270.32422670303,2481173.890744755,8260,1.0,0.01863076016442178,-17.29769424841889,1.0275408053984987,0.9471131032042326,8260,1.0,0.023882607358885827,-16.219182613047284,1.0242220095783279,0.9532609257854442,8260,1.0,0.03047365876178385,-15.160753999072714,1.1012381208724173,0.8245889802735863,8260,1.0,0.008944728437868974,-20.4843284008546,1.0141355587786771,0.972317222874137,8260,4,measured,False,,-17.29769424841889,-16.219182613047284,-15.160753999072714,-20.4843284008546,0.03097014854124891,-0.08872624002969812,0.08296243349012346,-7.460514651128062,5.323574401781887,2,-17.290489815348373,-16.7895379591993,-2.136940249346175
70,70,22,Sokhda,1.121296032217797,4.0,312321.942539247,2481298.8674418507,9415,1.0,0.014674033941634284,-18.334504807193728,1.098002587419828,0.8294558470674764,9415,1.0,0.02235790319966551,-16.50568928491988,1.0456926266307642,0.9145172642961422,9415,1.0,0.02387487867104354,-16.220588267653753,1.2501192959962646,0.63987785838531,9415,1.0,0.011833047751721861,-19.269033829052407,1.0140794540570262,0.9724248142388603,9415,4,measured,False,,-18.334504807193728,-16.50568928491988,-16.220588267653753,-19.269033829052407,0.03063647158753587,-0.05080742602331091,0.14067811709798816,-5.16236210093863,3.0484455613986547,2,-17.58245404720494,-17.11229221683709,-2.113916539539975
71,71,22,Sokhda,0.5035004939746112,4.0,312256.42916013586,2481348.910369884,3935,1.0,0.008599741772662902,-20.65514589267048,0.9847833949883528,1.0311422115957949,3935,1.0,0.02389933936215066,-16.216141038777177,0.8643002139186008,1.3386614562056434,3935,1.0,0.00899316031266306,-20.46087664755739,0.976691749928348,1.0482984929864647,3935,1.0,0.009575144470494096,-20.188546646423635,0.9608272963027094,1.083201705084453,3935,4,measured,False,,-20.65514589267048,-16.216141038777177,-20.46087664755739,-20.188546646423635,0.002815496305986774,0.0045388333522292735,0.3414619118379463,0.07806075602066898,4.439004853893302,1,-19.38017755635717,-19.27211286117216,-0.1942692451130874
72,72,22,Sokhda,0.3691253187357594,2.9825530905048856,312160.6851877207,2481503.1373234135,2809,1.0,0.007630970464680435,-21.174202273590765,0.9816360970834813,1.0377648577103802,2809,1.0,0.014524556539513027,-18.378971185164612,0.930141693373438,1.1558507951127732,2809,1.0,0.010024966211222005,-19.989170824788086,0.9363255770709152,1.1406337722180733,2809,1.0,0.008393216465561723,-20.760715760544524,0.9686667446043487,1.0657398855043698,2809,4,measured,False,,-21.174202273590765,-18.378971185164612,-19.989170824788086,-20.760715760544524,0.017174368823227232,-0.012859082262607301,0.215017776032781,-1.956576384559117,2.795231088426153,1,-20.075765011022,-19.797675979229176,-1.185031448802679
73,73,22,Sokhda,0.35091483904100607,3.15309155625812,312255.6008169398,2481480.6267367555,2686,1.0,0.013382512473914435,-18.73462343136036,1.1856891275199584,0.7113090347814917,2686,1.0,0.01605626304303542,-17.943555255976122,2.8852086588247454,0.12012835948321372,2686,1.0,0.01050937125848661,-19.78423265621402,1.2667217985215309,0.623214445877596,2686,1.0,0.007997209769058494,-20.970615121670868,1.085517431242055,0.8486456637817301,2686,4,measured,False,,-18.73462343136036,-17.943555255976122,-19.78423265621402,-20.970615121670868,-0.015211727896429822,-0.01977304109094747,0.06085139810647998,-0.13677324060319052,3.0270598656947456,1,-19.35825661630534,-19.514974080198122,1.0496092248536577
74,74,22,Sokhda,0.9351467283412814,4.0,311876.9224007077,2481709.2789735873,7827,1.0,0.022396803394438308,-16.498139623454136,1.0157542387251106,0.9692207723932909,7827,1.0,0.0276991941134812,-15.575328662120668,1.0281828203679981,0.945930685182385,7827,1.0,0.032392204235926605,-14.895594979630221,1.0085419843920547,0.983132460977043,7827,1.0,0.03319745802681895,-14.78895169524597,1.041807661738023,0.9213505638139924,7827,4,measured,False,,-16.498139623454136,-15.575328662120668,-14.895594979630221,-14.78895169524597,0.02322528469310022,0.0017773880730708551,0.07098545856411292,-1.4959013594396637,1.7091879282081663,3,-15.439503740112748,-15.133331830011992,-1.602544643823915
75,75,22,Sokhda,1.1755913536809386,4.0,311782.7740334001,2481650.119512448,10006,1.0,0.009270354497501316,-20.329036581570136,1.0507098303755689,0.905804364582616,10006,1.0,0.017903659881502904,-17.470581810944072,1.0158375577214531,0.9690617879382779,10006,1.0,0.00885629831212269,-20.527477632758107,1.0940105062009042,0.8355203163407854,10006,1.0,0.009192821101997446,-20.365511914411428,1.15303354580036,0.7521701852580039,10006,4,measured,False,,-20.329036581570136,-17.470581810944072,-20.527477632758107,-20.365511914411428,-0.0028759572635937707,0.0026994286391113084,0.21988113620200495,0.3604067695346487,3.0568958218140345,1,-19.673151984920935,-19.662270313101466,0.19844105118797017
76,76,22,Sokhda,1.3119396574810147,4.0,311966.93860234955,2481704.164353329,11236,1.0,0.01021570434942256,-19.907316843891522,1.1292190989283362,0.7842302136546248,11236,1.0,0.020528698710924945,-16.876385791523564,0.9759418761515524,1.0499100511532806,11236,1.0,0.009577669626246786,-20.187401476622316,1.1695523206655787,0.7310729076376989,11236,1.0,0.011239152096979411,-19.492664515332415,1.057383254162978,0.8944069055124833,11236,4,measured,False,,-19.907316843891522,-16.876385791523564,-20.187401476622316,-19.492664515332415,-0.004059197575808615,0.011578949354831695,0.2331485424898429,0.9748215940206961,3.311015685098752,1,-19.11594215684245,-19.126217755014924,0.2800846327307944
77,77,22,Sokhda,0.937380969969288,4.0,311880.71921464533,2481606.7874295004,7895,1.0,0.009402898939210072,-20.26738231591063,1.0230416936518874,0.9554618099135694,7895,1.0,0.014439359542884769,-18.40452069450559,0.9960587996999922,1.0079292458671412,7895,1.0,0.008486211974350325,-20.712861243322024,1.189497458834098,0.7067616286446365,7895,1.0,0.013293885812091469,-18.763480559208038,1.0074407490044952,0.9852829635981527,7895,4,measured,False,,-20.26738231591063,-18.40452069450559,-20.712861243322024,-18.763480559208038,-0.006456216339295558,0.03248967806856644,0.14329704780038782,2.39485961152538,2.3083405488164352,1,-19.53706120323657,-19.619723394595198,0.4454789274113935
78,78,22,Sokhda,0.4008839929677546,3.8007096471232007,311956.3854397458,2481603.668668475,3071,1.0,0.008294646842347177,-20.812021000175463,1.0461618218998112,0.913697140786004,3071,1.0,0.02761138880917853,-15.589117484859234,0.8620639707467068,1.3456155927702116,3071,1.0,0.007654580318921233,-21.160786155696577,1.0348894215225017,0.9337102032402642,3071,1.0,0.010385098708020459,-19.83589371238186,0.9605193719424129,1.0838963244036206,3071,4,measured,False,,-20.812021000175463,-15.589117484859234,-21.160786155696577,-19.83589371238186,-0.0050545674713204985,0.022081540721911944,0.4017618088704792,1.673657598835831,5.571668670837344,1,-19.349454588278284,-19.345000760702646,0.3487651555211144
79,79,22,Sokhda,0.570526684884855,4.0,311770.7960834075,2481570.010649034,4470,1.0,0.008114809560482404,-20.907216678035052,1.0866919289117176,0.846812221030682,4470,1.0,0.02332970766030192,-16.32090703225672,1.0513824983798785,0.9046456793273832,4470,1.0,0.007027997615503987,-21.531683945264348,1.085050552949812,0.8493761357015501,4470,1.0,0.009083148461228137,-20.41763587345777,1.0723721904957615,0.8695787412699271,4470,4,measured,False,,-20.907216678035052,-16.32090703225672,-21.531683945264348,-20.41763587345777,-0.009050250249699937,0.01856746786344298,0.3527930496752563,1.7385153390358745,5.210776913007628,1,-19.79436088225347,-19.84755772131124,0.6244672672292957
80,80,22,Sokhda,1.358176654933393,4.0,311678.5465298637,2481534.8771358305,11542,1.0,0.007372349661508091,-21.3239407490952,1.0237185933838677,0.9541986932217409,11542,1.0,0.020458712973855132,-16.89121690561967,1.0048513466665994,0.9903674593970917,11542,1.0,0.006130552649950584,-22.12500373441546,1.0383947557977333,0.927416947145793,11542,1.0,0.007354305636955782,-21.334583252850607,1.0160524451870572,0.968651932694894,11542,4,measured,False,,-21.3239407490952,-16.89121690561967,-22.12500373441546,-21.334583252850607,-0.011609608482902331,0.01317367469274758,0.3409787571904253,1.5914834668851157,5.23378682879579,1,-20.418686160495234,-20.501087692206294,0.8010629853202609
81,81,22,Sokhda,1.4961814593223854,4.0,311576.80982039915,2481500.413807204,12882,1.0,0.007187565292304073,-21.43418197125468,1.0787251534521234,0.859366438320606,12882,1.0,0.013601729517836428,-18.664058657256184,1.0011029461573664,0.997797751796442,12882,1.0,0.015025199355293537,-18.23179757040394,0.9142457950262876,1.1963935333464004,12882,1.0,0.009251963734641462,-20.337660782226422,0.9650558983832191,1.0737299347568785,12882,4,measured,False,,-21.43418197125468,-18.664058657256184,-18.23179757040394,-20.337660782226422,0.04641136812827159,-0.03509772019704135,0.2130864087691151,-5.30824761267322,3.2023844008507396,2,-19.666924745285307,-18.9984983646412,-3.2023844008507396
82,82,22,Sokhda,1.0646413331812248,4.0,311771.02161337755,2481498.2200161233,9085,1.0,0.007301978300843042,-21.36559461969437,1.0919410676633048,0.8386902610230937,9085,1.0,0.013238136044130926,-18.78173160118055,1.0069486214297247,0.9862462767092647,9085,1.0,0.008947200664740215,-20.483128223401547,1.0223691169172335,0.9567193454774345,9085,1.0,0.008206914090641214,-20.85820112714897,1.017022755249832,0.9668044925045244,9085,4,measured,False,,-21.36559461969437,-18.78173160118055,-20.483128223401547,-20.85820112714897,0.012789368062214833,-0.006251215062457049,0.19875869373183236,-1.2575393000402464,2.5838630185138207,1,-20.37216389285636,-20.15979516310466,-0.8824663962928234
83,83,22,Sokhda,0.4908808554848656,4.0,311852.82955180435,2481511.5800238797,3765,1.0,0.011891912197369073,-19.247483060209916,0.962233572642506,1.0800378832079154,3765,1.0,0.015113133328923818,-18.20645486263934,0.9900593152489554,1.0201817997985663,3765,1.0,0.008451248013369628,-20.730791531451864,1.0957679654594952,0.8328423490830391,3765,1.0,0.010770673830588513,-19.677571256943956,0.9486809721840169,1.1111165593057124,3765,4,measured,False,,-19.247483060209916,-18.20645486263934,-20.730791531451864,-19.677571256943956,-0.021497224220897792,0.01755367124179846,0.08007909212081352,2.5365287457498553,2.5243366688125235,1,-19.465575177811267,-19.736002939418206,1.4833084712419478
84,84,22,Sokhda,0.1652476142106694,2.338722799226623,311920.1179492764,2480103.3639420113,1258,1.0,0.008816103132841922,-20.547233379838772,1.018992675318802,0.9630700463223598,1258,1.0,0.018095792999917544,-17.424223803401354,0.8837467616016815,1.2803960604818512,1258,1.0,0.013348861592647513,-18.745557698883527,0.9485279182340907,1.111475166565274,1258,1.0,0.013960114556024585,-18.551110178987305,1.0369000133228705,0.9300927088556455,1258,4,measured,False,,-20.547233379838772,-17.424223803401354,-18.745557698883527,-18.551110178987305,0.026111241752974572,0.003240791998270372,0.2402315058798014,-1.607228161059023,3.1230095764374184,1,-18.817031265277738,-18.437739458071025,-1.8016756809552454
85,85,22,Sokhda,1.2806379779355601,4.0,311920.9173708061,2479959.8683600547,10732,1.0,0.030518680857069016,-15.154342423055274,0.8772694938732747,1.2993733195960802,10732,1.0,0.05024968199311255,-12.988666823467458,0.8932552608511997,1.253282093519836,10732,1.0,0.051641875779376414,-12.86997991311945,0.9050895204595035,1.22072243714246,10732,1.0,0.04792850111305752,-13.194061526586784,0.9168547812661135,1.189594347117418,10732,4,measured,False,,-15.154342423055274,-12.988666823467458,-12.86997991311945,-13.194061526586784,0.03310670304254819,-0.005401360224455587,0.1665904307375243,-2.60844412340316,2.284362509935825,2,-13.551762671557242,-13.092193115643552,-2.284362509935825
86,86,22,Sokhda,2.7346166472043842,4.0,311837.54961356387,2480025.132594622,24414,1.0,0.025459390809192076,-15.941519923308931,0.9346754267559128,1.1446648585878056,24414,1.0,0.03977343474413088,-14.004069027024425,0.9942888133031595,1.0115209768524327,24414,1.0,0.04413170103265675,-13.552493325831987,0.9760225195424456,1.0497365616955605,24414,1.0,0.04123121625903102,-13.847738539739291,0.9594533549481632,1.0863062253917528,24414,4,measured,False,,-15.941519923308931,-14.004069027024425,-13.552493325831987,-13.847738539739291,0.034623573876477444,-0.004920753565121731,0.1490346843295774,-2.6842718113842476,2.389026597476944,2,-14.336455203976158,-13.862302558327787,-2.389026597476944
87,87,22,Sokhda,0.7772487088833004,4.0,311860.00048602914,2479858.007524933,6276,1.0,0.012822151677295675,-18.920390900148412,1.0156472070032665,0.9694250615075956,6276,1.0,0.020964224074300167,-16.78521207025539,0.9335528376092977,1.1474194127782162,6276,1.0,0.010739736072062743,-19.69006391248677,1.1160532715809641,0.8028421221240989,6276,1.0,0.010266841964937387,-19.885631229184014,1.0486135964832497,0.9094294857783013,6276,4,measured,False,,-18.920390900148412,-16.78521207025539,-19.69006391248677,-19.885631229184014,-0.011154681338237084,-0.003259455278287386,0.16424452537638629,0.5741056956411157,3.1004191589286236,1,-18.820324528018645,-18.919883729259915,0.7696730123383588
88,88,22,Sokhda,0.26086800660310255,3.187610292257427,311903.61802208645,2480207.90393604,2000,1.0,0.015815267080710328,-18.009234695276255,0.9143557347496201,1.1961058482331046,2000,1.0,0.024099387671551994,-16.17993992041086,0.8894787252952011,1.2639470190323083,2000,1.0,0.00821126818509856,-20.85589763312133,1.013801987507978,0.9729571712148797,2000,1.0,0.009489464214303552,-20.227583076296366,0.9381795650762926,1.1361300889093362,2000,4,measured,False,,-18.009234695276255,-16.17993992041086,-20.85589763312133,-20.227583076296366,-0.04125598460645036,0.010471909280416074,0.14071498268195354,3.474977494670039,4.675957712710471,1,-18.818163831276202,-19.315794633979834,2.8466629378450747
89,89,22,Sokhda,0.7261771928691946,4.0,311889.4153535788,2480276.638736877,5959,1.0,0.01294937354659254,-18.8775124099113,0.9575701044790269,1.0905832979957109,5959,1.0,0.023691188513164336,-16.254131515287533,0.8989449986675032,1.2374673780040497,5959,1.0,0.008941098253238956,-20.486091326552117,1.0359914151742864,0.9317248673512379,5959,1.0,0.009394933870700072,-20.271062724757627,1.0159578115985457,0.9688323954594377,5959,4,measured,False,,-18.8775124099113,-16.254131515287533,-20.486091326552117,-20.271062724757627,-0.02331273792233067,0.003583810029908167,0.20179853035567447,1.8236075184353062,4.231959811264584,1,-18.972199494127143,-19.223229043601513,1.6085789166408162
90,90,22,Sokhda,0.3848799609002657,3.450664866401567,311813.1399308803,2480145.4079062375,2932,1.0,0.009340039062010651,-20.296513074551097,1.075172127714853,0.8650555667181383,2932,1.0,0.015739781608056388,-18.030012978393433,0.9840008203310789,1.032782996090387,2932,1.0,0.01096171527089577,-19.601214828590354,0.9611151437210262,1.0825529792250097,2932,1.0,0.013744175326226998,-18.61881313442456,0.9344126855211091,1.145308670355502,2932,4,measured,False,,-20.296513074551097,-18.030012978393433,-19.601214828590354,-18.61881313442456,0.010076786173344097,0.01637336156942991,0.1743461612428972,0.28710344820505185,2.266500096157664,1,-19.13663850398986,-18.987578580078548,-0.6952982459607426
91,91,22,Sokhda,0.23428122144587105,2.4559033409524855,311814.1734820236,2480177.406576934,1778,1.0,0.01074574913573282,-19.68763302445779,1.1912641280571732,0.7046668989741194,1778,1.0,0.026531360514517082,-15.762404790490518,0.9862850399628194,1.0280047194709938,1778,1.0,0.013116717956785153,-18.821748198056298,1.0390479952843756,0.926251197469335,1778,1.0,0.018278695558775388,-17.38054800497133,0.9223545103136621,1.1754502383848808,1778,4,measured,False,,-19.68763302445779,-15.762404790490518,-18.821748198056298,-17.38054800497133,0.012549055455094068,0.024020003218082783,0.30194063338209776,0.5753153666834763,3.925228233967271,1,-17.913083504493983,-17.712018725327937,-0.8658848264014907
92,92,22,Sokhda,0.2264409709598869,2.688723371453336,311810.5022446505,2480205.1307361834,1726,1.0,0.009173802420902759,-20.374506176415437,0.9409639131980806,1.1294163321938806,1726,1.0,0.023889559624176937,-16.217918558822973,0.8857035507260675,1.274744739752789,1726,1.0,0.011816271564768418,-19.275195365074527,0.9274114676464038,1.1626662784278512,1726,1.0,0.01709276467210798,-17.671876865634477,0.9465681449667016,1.11608232399415,1726,4,measured,False,,-20.374506176415437,-16.217918558822973,-19.275195365074527,-17.671876865634477,0.01593204074407116,0.0267219749906675,0.3197375090455742,0.50400768809914,4.156587617592464,1,-18.384874241486852,-18.140078430770927,-1.09931081134091
93,93,22,Sokhda,0.1393293747211632,2.094696742220009,311809.46464199247,2479400.298350794,1070,1.0,0.010300141074350275,-19.871568270043145,0.9171437686335571,1.1888447948898604,1070,1.0,0.020002199916469128,-16.989222363839488,0.9103286003554962,1.2067119821354106,1070,1.0,0.00972283839223777,-20.122069327961746,0.9869261816373371,1.026669497863908,1070,1.0,0.017844229493031515,-17.4850219997221,0.9381752121575014,1.1361406317022436,1070,4,measured,False,,-19.871568270043145,-16.989222363839488,-20.122069327961746,-17.4850219997221,-0.003630450114762338,0.0439507888039941,0.22171891586181977,2.8875483861582474,3.1328469641222583,1,-18.61697049039162,-18.65832594047432,0.25050105791860133
94,94,22,Sokhda,0.27850549247501477,3.033212715470196,311729.70012119494,2479398.6379439244,2128,1.0,0.012003440870105641,-19.20694242561017,0.987602104807098,1.0252646563281995,2128,1.0,0.024889554119484177,-16.039828834308643,0.9351519472418105,1.1434985940388886,2128,1.0,0.009459561211634139,-20.24129008184429,1.1076485657983643,0.8150720878837386,2128,1.0,0.013913909686148418,-18.565508199329958,0.9667087004353835,1.0700615164430491,2128,4,measured,False,,-19.20694242561017,-16.039828834308643,-20.24129008184429,-18.565508199329958,-0.014990545742523502,0.02792969804190554,0.24362412240780967,2.710129538748454,4.201461247535647,1,-18.513392385273267,-18.675808459511487,1.0343476562341216
95,95,22,Sokhda,0.28404337516787925,2.7853684455409966,311736.9778317895,2479360.889168239,2159,1.0,0.016229375490264344,-17.89698191593999,0.9704440669799704,1.0618397559157937,2159,1.0,0.02782059786210988,-15.556335412948952,1.021001316045399,0.9592844314941716,2159,1.0,0.018459435805249547,-17.33781576896851,1.015451756225396,0.9697982808475488,2159,1.0,0.012285807894459048,-19.10596279756212,1.0648025360679687,0.8819863143944058,2159,4,measured,False,,-17.89698191593999,-15.556335412948952,-17.33781576896851,-19.10596279756212,0.008103857202485187,-0.029469117143226833,0.18004973099931051,-2.327313175565088,3.549627384613169,1,-17.474273973854892,-17.300745369979737,-0.5591661469714779
96,96,22,Sokhda,1.1554552082199603,4.0,311739.2122412392,2479272.161775127,9872,1.0,0.010122675632669009,-19.947046793027177,0.9588102976373932,1.0877638472315156,9872,1.0,0.013299168985763336,-18.761754955872686,0.9215919015971873,1.1773963915160095,9872,1.0,0.011305501410067935,-19.467101715055584,0.9432022823283407,1.1240621235215122,9872,1.0,0.010151932658710516,-19.934512717296858,0.9452265536874855,1.1192527573876407,9872,4,measured,False,,-19.947046793027177,-18.761754955872686,-19.467101715055584,-19.934512717296858,0.006955725767704241,-0.007790183370687901,0.09117629516573007,-0.9473560802128667,1.185291837154491,1,-19.527604045313076,-19.411345977708635,-0.4799450779715926
97,97,22,Sokhda,0.5991694971966092,4.0,311647.42028187274,2479286.2303955774,4759,1.0,0.011671989895052215,-19.32855097102007,1.1126404464487256,0.8077748242348276,4759,1.0,0.02158182464929026,-16.659118403936663,0.9470117806172049,1.1150368925789853,4759,1.0,0.009032445983211762,-20.441946269659415,1.0777866540199816,0.8608637032088592,4759,1.0,0.01006967626155229,-19.969844917186258,1.0026275415641315,0.9947655564714042,4759,4,measured,False,,-19.32855097102007,-16.659118403936663,-20.441946269659415,-19.969844917186258,-0.016136163748396277,0.007868355874552613,0.2053409666987237,1.5854966511125,3.7828278657227514,1,-19.099865140450603,-19.26436742173085,1.1133952986393432
98,98,22,Sokhda,0.23321422995983157,2.937136144802064,311580.444810787,2479301.531551135,1782,1.0,0.014282539514825238,-18.45194565723789,1.0161897511087714,0.9683901850029699,1782,1.0,0.01456103162245781,-18.368078549632646,0.949226778553084,1.1098391403525905,1782,1.0,0.013232001080759148,-18.783744723193614,1.0161274938699434,0.9685088534699218,1782,1.0,0.0142576356160365,-18.45952488793097,0.858874581859785,1.3556279042342732,1782,4,measured,False,,-18.45194565723789,-18.368078549632646,-18.783744723193614,-18.45952488793097,-0.004808682115300357,0.00540366392104404,0.006451315969634117,0.656018901218367,0.41566617356096813,1,-18.51582345449878,-18.58045966912815,0.3317990659557246
99,99,22,Sokhda,0.07584602411147207,1.6370775456933606,311537.75555205264,2479311.267080442,580,1.0,0.02463615710300066,-16.084270351083,0.9292516466913305,1.1580660267947873,580,1.0,0.02356275731667195,-16.277738897190744,0.8413804033736783,1.412587031261883,580,1.0,0.016233846355062895,-17.89578568721514,0.9554004428192702,1.0955422312625953,580,1.0,0.014639549857336783,-18.344722769306493,0.9305323105321838,1.1548805969057792,580,4,measured,False,,-16.084270351083,-16.277738897190744,-17.89578568721514,-18.344722769306493,-0.026253845451190472,-0.007482284701522524,-0.014882195854441923,1.3625782540407911,2.260452418223494,0,-17.150629426198847,-17.476178311417005,1.6180467900243976
100,100,22,Sokhda,1.0383049784112721,4.0,311605.53662292665,2479357.6533328164,8668,1.0,0.012486249237610388,-19.035680003803378,0.9375242959337664,1.13771880753997,8668,1.0,0.021957906581236548,-16.584090669339027,0.885167741428186,1.2762884625404534,8668,1.0,0.011837708404564317,-19.26732362104356,0.9496092690774233,1.108945262256929,8668,1.0,0.006847358724179574,-21.6447691941605,0.9798649696757757,1.0415198136773236,8668,4,measured,False,,-19.035680003803378,-16.584090669339027,-19.26732362104356,-21.6447691941605,-0.0033571538730460984,-0.03962409288528234,0.18858379495879626,-2.1458019558767596,5.060678524821473,1,-19.132965872086615,-19.09093716249814,0.2316436172401808
101,101,22,Sokhda,0.8634082528025844,4.0,311494.52409925335,2479391.4399008933,7147,1.0,0.009702404801299887,-20.131206098064965,0.9743649354654055,1.0533112114146606,7147,1.0,0.016655410933541396,-17.78444647633998,2.3062060027076052,0.18801989403492805,7147,1.0,0.012391176901753027,-19.068874428036473,1.3454272977270323,0.5524328937988887,7147,1.0,0.01290400785967209,-18.892753810956002,0.9672950293486636,1.0687646673238371,7147,4,measured,False,,-20.131206098064965,-17.78444647633998,-19.068874428036473,-18.892753810956002,0.015396111159833213,0.0029353436180078536,0.1805199709019219,-0.8862110529480205,2.346759621724985,1,-18.969320203349355,-18.73793468392207,-1.0623316700284917
102,102,22,Sokhda,0.8774275405355263,4.0,311606.4194406396,2479420.4304626044,7168,1.0,0.011717520225280862,-19.311642881836605,0.977442183219691,1.0466894441546792,7168,1.0,0.020574528915258888,-16.866700998263,0.9752099990669589,1.051486518673048,7168,1.0,0.011451398103647545,-19.411414869807004,1.0327771604409766,0.9375334027372764,7168,1.0,0.01411170800452588,-18.504204184179756,0.99163824114523,1.0169356380176415,7168,4,measured,False,,-19.311642881836605,-16.866700998263,-19.411414869807004,-18.504204184179756,-0.0014459708401507148,0.015120178093787472,0.18807245258258504,1.0069826735976477,2.5447138715440047,1,-18.52349073352159,-18.51484535772256,0.09977198797039932
103,103,22,Sokhda,0.8204243197423522,4.0,311603.7948313353,2479478.0945020933,6656,1.0,0.009725748583974517,-20.12076961377322,0.9708061598575437,1.0610478101581642,6656,1.0,0.00971702796115236,-20.124665475679166,0.96041605624561,1.0841295348472408,6656,1.0,0.038421068151418325,-14.154305654030503,0.8868490648231151,1.2714537738908556,6656,1.0,0.04370129753054778,-13.595056682471673,0.8883397698256793,1.267190152513422,6656,4,measured,False,,-20.12076961377322,-20.124665475679166,-14.154305654030503,-13.595056682471673,0.0864704921701843,0.009320816192647166,-0.00029968168507274673,-5.4072149881838865,6.529608793207492,3,-16.99869935648864,-15.921607672933153,-5.970359821648662
104,104,22,Sokhda,1.2056742022042395,4.0,311719.2783325231,2479486.7601910336,10326,1.0,0.010970957440069064,-19.59755469709316,0.9510967183839507,1.105479347639058,10326,1.0,0.019018015510981708,-17.20834802729557,0.949840251033821,1.1084059816755312,10326,1.0,0.009087731419094568,-20.41544516682441,0.9710776582309242,1.060454587810311,10326,1.0,0.012021914893627344,-19.20026350844099,1.0015211565549096,0.9969646145893749,10326,4,measured,False,,-19.59755469709316,-17.20834802729557,-20.41544516682441,-19.20026350844099,-0.011853485068568837,0.02025302763972364,0.18378512844596828,2.033072128114668,3.2070971395288375,1,-19.10540284991353,-19.233921220169364,0.8178904697312497
105,105,22,Sokhda,0.8695715446660295,4.0,311709.93528958404,2479597.446453036,7264,1.0,0.03272841499381405,-14.850750266537547,0.8788507487607984,1.2947017822967346,7264,1.0,0.04651987721315551,-13.323614402402226,0.8899596342798753,1.2625813857530073,7264,1.0,0.042825712786028446,-13.682953999570163,0.9157994724066186,1.192337551949709,7264,1.0,0.031243935381435013,-15.052342690713145,0.9389769506812339,1.1342012894536717,7264,4,measured,False,,-14.850750266537547,-13.323614402402226,-13.682953999570163,-15.052342690713145,0.016924583579237453,-0.02282314485238303,0.11747198954887085,-2.537184958110366,1.7287282883109185,1,-14.22741533980577,-13.964156483037478,-1.1677962669673843
106,106,22,Sokhda,1.2327680081816739,4.0,311610.4274972976,2479563.3221860914,10624,1.0,0.02660592504776687,-15.750216367145804,0.8865600947855633,1.272282757566188,10624,1.0,0.047113926196083844,-13.268507027190031,0.8993447459136876,1.2363675456190333,10624,1.0,0.052307054130825426,-12.814397382167364,0.8974652275501919,1.2415514986466996,10624,1.0,0.04580966505183546,-13.390428836587862,0.8980507052686173,1.2399331851470057,10624,4,measured,False,,-15.750216367145804,-13.268507027190031,-12.814397382167364,-13.390428836587862,0.042548101231571586,-0.009600524240341635,0.19090071845813633,-3.5118504393989376,2.9358189849784395,2,-13.805887403272767,-13.21773497742517,-2.9358189849784395
107,107,22,Sokhda,0.3454157214871724,3.590605797941429,312208.3118272491,2480594.365463385,2643,1.0,0.009975482923190355,-20.01066070498354,1.1113486161068256,0.8096538287137054,2643,1.0,0.019208731169088854,-17.165013214715927,1.0124507042946476,0.9755560494749583,2643,1.0,0.011690347201119292,-19.321725901819566,1.1884437364502871,0.708015471261521,2643,1.0,0.009186038939416162,-20.368717179494773,1.0373601126042769,0.9292678456649341,2643,4,measured,False,,-20.01066070498354,-17.165013214715927,-19.321725901819566,-20.368717179494773,0.009984562364695278,-0.017449854627920126,0.21889596078981638,-1.7359260808391817,3.203703964778846,1,-19.21652925025345,-19.023130761088918,-0.6889348031639742
108,108,22,Sokhda,1.4405134399098694,4.0,312167.8492257274,2480722.75408574,12568,1.0,0.028394329624347195,-15.467683803308873,0.897009658251339,1.2428129262600458,12568,1.0,0.04422240405345765,-13.543576516539321,0.9406767925476608,1.1301058958014847,12568,1.0,0.04608597758885754,-13.364311956983613,0.9434722131114621,1.123419019123872,12568,1.0,0.03675374606374128,-14.346983895893203,0.9671741905874014,1.069031746961872,12568,4,measured,False,,-15.467683803308873,-13.543576516539321,-13.364311956983613,-14.346983895893203,0.030483649946742894,-0.016377865648493164,0.14800825282842703,-3.0860437852348497,2.1033718463252598,2,-14.180639043181252,-13.746767014914418,-2.1033718463252598
109,109,22,Sokhda,0.38398179224180057,3.7474708825885457,312153.67755873635,2480808.8689030097,2934,1.0,0.010071320881140582,-19.969135668077534,1.0302441954593313,0.9421491211530462,2934,1.0,0.02917840593194814,-15.349384380720739,0.8872671884228569,1.2702557141136033,2934,1.0,0.008963624912034942,-20.47516325055506,1.2094258996993366,0.6836620462330917,2934,1.0,0.018091612171444567,-17.425227307651014,0.9445089983886028,1.120954024015191,2934,4,measured,False,,-19.969135668077534,-15.349384380720739,-20.47516325055506,-17.425227307651014,-0.007333733079384425,0.05083226571506743,0.3553654836428304,3.5559635253815713,5.1257788698343205,1,-18.304727651751087,-18.369530470845685,0.5060275824775253
110,110,22,Sokhda,0.902733476204006,4.0,312256.8201886722,2480823.4868645114,7428,1.0,0.026192607428141612,-15.81821266168575,0.9421016096501333,1.126690178054168,7428,1.0,0.04116326553557359,-13.854901793949159,0.9200465075948504,1.1813550380421203,7428,1.0,0.04142106176887792,-13.827787727903544,0.9406502225915637,1.1301697394861834,7428,1.0,0.029859876415084297,-15.249119940777721,1.0049991090326782,0.9900762585793964,7428,4,measured,False,,-15.81821266168575,-13.854901793949159,-13.827787727903544,-15.249119940777721,0.02884673817075661,-0.02368887021456961,0.15102391290281475,-3.4117571466563827,1.9904249337822062,2,-14.687505531079044,-14.26587426848016,-1.9904249337822062
111,111,22,Sokhda,1.7360962439697236,4.0,312283.41857657424,2480717.5590190245,15332,1.0,0.008493346222899266,-20.709211719672865,1.0297963724171428,0.9429687158522202,15332,1.0,0.022045598332549314,-16.566781096297568,0.9572495866397392,1.091313744741517,15332,1.0,0.008083670265156571,-20.92391409771228,1.0582075400887383,0.8930140598586801,15332,1.0,0.01507813538648004,-18.216523614789313,0.9662474548043904,1.0710833644168984,15332,4,measured,False,,-20.709211719672865,-16.566781096297568,-20.92391409771228,-18.216523614789313,-0.003111628667237909,0.04512317471538279,0.31864850949040746,2.9220928609623833,4.357133001414713,1,-19.104107632118005,-19.118190310939003,0.21470237803941572
112,112,22,Sokhda,0.4228356993265217,3.969657072880604,311995.23944977147,2480381.5604697005,3233,1.0,0.008644488996466946,-20.632606741741988,0.9932736250579728,1.0135897098777127,3233,1.0,0.023225655905447635,-16.340320124432864,0.9066577935308598,1.2165030493659739,3233,1.0,0.011939550332089053,-19.23012029318027,0.9124218385166142,1.2011815618436525,3233,1.0,0.006751378679544086,-21.706075320905533,0.9414345103814655,1.128287486166254,3233,4,measured,False,,-20.632606741741988,-16.340320124432864,-19.23012029318027,-21.706075320905533,0.020325890558865467,-0.04126591712875438,0.33017589363916333,-3.87844147628698,5.365755196472669,1,-19.477280620065166,-19.10373817632464,-1.4024864485617172
113,113,22,Sokhda,0.45194410909451543,3.5500552117029134,312257.1784956006,2480884.82506067,3451,1.0,0.009329787231700224,-20.30128260342692,1.0269979735068047,0.9481145834089975,3451,1.0,0.024515162966934817,-16.105652153933168,0.9942225206374419,1.011655873530356,3451,1.0,0.008301953379079362,-20.80819709799396,1.0688075961712906,0.8753887006574455,3451,1.0,0.01342193500957726,-18.72184868414251,0.9174316174810446,1.188098899691045,3451,4,measured,False,,-20.30128260342692,-16.105652153933168,-20.80819709799396,-18.72184868414251,-0.007346586877783212,0.03477247356419084,0.3227408038072117,2.5932629084184917,4.702544944060794,1,-18.98424513487414,-19.039800220472053,0.5069144945670416
114,114,22,Sokhda,2.716055218619853,4.0,310231.28151170874,2479714.474197124,23959,1.0,0.009301583538231763,-20.314431091479605,0.9814116786659197,1.038239521258813,23959,1.0,0.020887943276084252,-16.80104320566434,1.6717566132896347,0.3578111750566519,23959,1.0,0.008249075436590914,-20.835947248183132,1.3971327065981927,0.5123003834766598,23959,1.0,0.01049470977414873,-19.7902956710812,1.1175186265038304,0.8007380366719793,23959,4,measured,False,,-20.314431091479605,-16.80104320566434,-20.835947248183132,-19.7902956710812,-0.007558205169616329,0.017427526285032198,0.27026060660117435,1.5671677338054586,4.034904042518793,1,-19.43542930410207,-19.487392273000733,0.5215161567035267
115,115,22,Sokhda,1.1777386518717976,4.0,310299.3975533079,2479684.1036414565,9781,1.0,0.008652139054219476,-20.628765093444912,0.9842587597239434,1.0322417552633496,9781,1.0,0.017221473622376443,-17.639296891957052,1.2685292100147638,0.621439788285896,9781,1.0,0.011647873900079068,-19.337533396790693,1.0141856973927685,0.9722210877519649,9781,1.0,0.01478469086360622,-18.301877518029674,0.9312144034189186,1.1531893701846334,9781,4,measured,False,,-20.628765093444912,-17.639296891957052,-19.337533396790693,-18.301877518029674,0.01871350285006114,0.01726093131268366,0.22995909242214305,-0.25557581789319883,2.9894682014878597,1,-18.976868225055583,-18.707565724299695,-1.2912316966542186
116,116,22,Sokhda,1.4371211218305864,4.0,310348.17035910016,2479834.156138147,12295,1.0,0.008160367706486355,-20.882902714789765,1.0157890592829546,0.9691543250748891,12295,1.0,0.024532734138520487,-16.10254047590535,0.9181350808662951,1.1862789847180681,12295,1.0,0.007883870965663495,-21.0326049237825,1.016976652415664,0.9668921512278407,12295,1.0,0.010726956041290127,-19.695234990983195,0.9964621979993138,1.007113330034084,12295,4,measured,False,,-20.882902714789765,-16.10254047590535,-21.0326049237825,-19.695234990983195,-0.0021695972317787764,0.02228949887998842,0.36772017222187803,1.4870721417920407,4.93006444787715,1,-19.428320776365204,-19.395539917625957,0.14970220899273556
117,117,22,Sokhda,0.5394947723445017,4.0,310137.2136988401,2479721.7861065767,4295,1.0,0.022937049889569246,-16.39462440797049,0.8726354795687382,1.313210259269359,4295,1.0,0.03412441175663192,-14.669348263409514,0.8832254822037964,1.2819078851824708,4295,1.0,0.029222813238005425,-15.34277977486905,0.9829968185973381,1.0348937769912412,4295,1.0,0.012982802169033556,-18.866315606014446,0.9111035385639532,1.2046601197592228,4295,4,measured,False,,-16.39462440797049,-14.669348263409514,-15.34277977486905,-18.866315606014446,0.015244125117412157,-0.05872559718575658,0.13271354958161352,-4.575380464246834,4.196967342604932,1,-16.318267013065878,-16.03510285939748,-1.0518446331014388
118,118,22,Sokhda,0.97381693751961,4.0,310146.2493943244,2479822.607623449,8243,1.0,0.008962916385140733,-20.475506550821958,1.0141478846528502,0.972293588082611,8243,1.0,0.02347088671932036,-16.294705026454068,0.8850273094380514,1.2766935256310379,8243,1.0,0.008866255649780476,-20.522597504009678,1.2103621289891529,0.6826048140741767,8243,1.0,0.008785169730410306,-20.562498434722116,0.9991795484753792,1.0016429246827396,8243,4,measured,False,,-20.475506550821958,-16.294705026454068,-20.522597504009678,-20.562498434722116,-0.0006824775824307205,-0.0006650155118739676,0.32160011725906845,0.0071900224752816655,4.267793408268048,1,-19.463826879001957,-19.39878856021111,0.04709095318771972
119,119,22,Sokhda,0.5508221864633263,3.525437467964618,310023.4947048465,2479722.3072050097,4173,1.0,0.02518937793359973,-15.987825575253433,0.8956672534583746,1.2465411149823749,4173,1.0,0.03569146650635505,-14.474356071989213,0.8884808017646753,1.2667878926110552,4173,1.0,0.03794260123673933,-14.208728984332149,1.1828832079293354,0.7146876323521241,4173,1.0,0.012664469051850447,-18.974130129547653,0.9751035437073544,1.0517161199013974,4173,4,measured,False,,-15.987825575253433,-14.474356071989213,-14.208728984332149,-18.974130129547653,0.025784008564076585,-0.0794233524202584,0.11642073102032463,-6.544497736136789,4.765401145215504,2,-15.911260190280611,-15.477646013181932,-1.7790965909212844
120,120,22,Sokhda,1.0908268263509178,4.0,309897.0939922331,2479743.619184262,9241,1.0,0.007934914318268801,-21.0045775842444,1.0375183199847424,0.9289844659505972,9241,1.0,0.01668037462844367,-17.777941996671778,0.9411969031927737,1.128857235294338,9241,1.0,0.018034361903691346,-17.438992193898823,1.089050566299773,0.8431481853066067,9241,1.0,0.013078974708963628,-18.834263000249152,0.9932836365045508,1.0135692777519425,9241,4,measured,False,,-21.0045775842444,-17.777941996671778,-17.438992193898823,-18.834263000249152,0.05167515058471853,-0.023254513439172144,0.2482027375055864,-4.960856196695907,3.5655853903455785,2,-18.763943693766038,-18.03378442198737,-3.5655853903455785
121,121,22,Sokhda,1.3062825103303184,4.0,310000.72178004874,2479795.048438057,10937,1.0,0.02375082980911482,-16.243212123454725,0.948977089822255,1.110423244617316,10937,1.0,0.030429392405623642,-15.167067192658655,0.9579989137949164,1.0896072058343846,10937,1.0,0.02761931028518733,-15.587871709086285,1.0167305153620945,0.9673603515788743,10937,1.0,0.027661091032790866,-15.58130694068504,1.0314392046805243,0.9399672675434606,10937,4,measured,False,,-16.243212123454725,-15.167067192658655,-15.587871709086285,-15.58130694068504,0.00949768716476001,0.00010941280668739969,0.08278037929200543,-0.6487756459671967,1.0761449307960707,1,-15.644864491471177,-15.506825304625853,-0.6553404143684407
122,122,22,Sokhda,0.8742570352404262,4.0,309813.5503924977,2479830.5895495717,7074,1.0,0.006851398692716474,-21.642207595264903,1.0761880724481663,0.8634230754399159,7074,1.0,0.009615831280290043,-20.170131654205633,0.9953276085380487,1.0094106870627082,7074,1.0,0.007024408023240423,-21.53390269725078,1.03845615644533,0.9273072798915066,7074,1.0,0.011954478701790732,-19.224693573877612,1.3664205781454262,0.5355884617209654,7074,4,measured,False,,-21.642207595264903,-20.170131654205633,-21.53390269725078,-19.224693573877612,0.0015696362031032193,0.038486818722886146,0.11323661085071307,2.2009042253590465,2.4175140213872908,3,-20.642733880149734,-20.637605078265036,-0.10830489801412213
123,123,22,Sokhda,0.6430006209267304,4.0,309883.87490306504,2479915.4949973393,5165,1.0,0.008083428932334668,-20.92404375549638,1.0352144869094748,0.9331239107973983,5165,1.0,0.016245563530379287,-17.892652191365244,1.3365882181469602,0.5597637145906579,5165,1.0,0.009005306674728276,-20.455014927417974,1.0719997052108563,0.8701831473288634,5165,1.0,0.0173714399676009,-17.60164180167574,0.9436901059831898,1.1229002964310693,5165,4,measured,False,,-20.92404375549638,-17.892652191365244,-20.455014927417974,-17.60164180167574,0.006797519247513151,0.04755621876237057,0.23318396647162595,2.3843442976638265,3.3224019538206413,3,-19.218338168988836,-19.129789960103427,-0.4690288280784074
124,124,22,Sokhda,0.7598516798761208,4.0,310036.20442165,2479924.251612436,6275,1.0,0.007627226245992254,-21.17633370966908,1.0752045595676494,0.8650033814266458,6275,1.0,0.011939913833246182,-19.229988073675155,0.9825937236574634,1.0357430517256563,6275,1.0,0.007196275586037631,-21.42892213419359,1.1874037119009708,0.7092562892631717,6275,1.0,0.007911600064238071,-21.017356746824273,1.0877332164157818,0.8451916896192115,6275,4,measured,False,,-21.17633370966908,-19.229988073675155,-21.42892213419359,-21.017356746824273,-0.0036607018047030565,0.006859423122821973,0.14971889507645578,0.6641538118938293,2.198934060518436,1,-20.713150166090525,-20.732394913508514,0.2525884245245109
125,125,22,Sokhda,1.022553944349871,4.0,310130.27600003255,2479942.5657363078,8671,1.0,0.00808688678673197,-20.922186368005683,1.0220601656623924,0.9572978325892026,8671,1.0,0.02052788580700438,-16.876557768657662,0.9329937996342706,1.1487948628614015,8671,1.0,0.007440969138781553,-21.2837049668334,1.0428433748138624,0.9195213706977687,8671,1.0,0.008102873743641166,-20.913609280763662,1.042679369570385,0.9198106603701424,8671,4,measured,False,,-20.922186368005683,-16.876557768657662,-21.2837049668334,-20.913609280763662,-0.0052393999830104105,0.006168261434495647,0.31120219994984777,0.7316142848974572,4.407147198175739,1,-19.999014596065102,-20.000764503178083,0.3615185988277183
126,126,22,Sokhda,0.7150948808814864,4.0,310296.2041348196,2480027.678447278,5753,1.0,0.007253575252468836,-21.394478789885255,1.0655853834713145,0.8806908629395555,5753,1.0,0.015717584282400363,-18.036142021542815,0.9847132195551417,1.0312891852087331,5753,1.0,0.007474604593435757,-21.264117765728905,1.0412261618266856,0.9223799556922642,5753,1.0,0.013652592178471376,-18.647848825480445,0.9347436747359358,1.144497714985541,5753,4,measured,False,,-21.394478789885255,-18.036142021542815,-21.264117765728905,-18.647848825480445,0.001889290205164499,0.04360448233747434,0.25833359756480306,2.48590791609211,3.35833676834244,1,-19.835646850659355,-19.798955868636988,-0.13036102415635042
127,127,22,Sokhda,0.5040409155125962,3.674365184255846,310343.03809953877,2480036.7862072065,3837,1.0,0.009442248721925336,-20.249245638351802,0.9738251345137827,1.0544792568027854,3837,1.0,0.010665408225550956,-19.72022516988002,0.988532934071498,1.0233347317017918,3837,1.0,0.007998280006630526,-20.970033960007083,1.0073067722862123,0.9855450759165212,3837,1.0,0.010508666442636235,-19.784523927586775,0.9792631809510279,1.0428003018634033,3837,4,measured,False,,-20.249245638351802,-19.72022516988002,-20.970033960007083,-19.784523927586775,-0.010446207560221462,0.019758500540338453,0.04069388219013703,1.906298354075588,1.2498087901270623,1,-20.18100717395642,-20.323763973009005,0.7207883216552808
128,128,22,Sokhda,0.25585241310298446,2.7019977659702974,310292.1901143044,2479554.041592084,1964,1.0,0.009158682286740986,-20.38167006328161,0.9962323794918528,1.007578040846189,1964,1.0,0.017764559358818665,-17.504455605026536,0.8866854166787836,1.271923140472863,1964,1.0,0.00800573544581984,-20.96598765507327,1.0154396286235126,0.9698214459818606,1964,1.0,0.009115027259182529,-20.402420282163718,0.9727053520250681,1.056908496176729,1964,4,measured,False,,-20.38167006328161,-17.504455605026536,-20.96598765507327,-20.402420282163718,-0.0084683708955313,0.009392789548492549,0.22132418909654425,1.1478849647012126,3.461532050046735,1,-19.813633401386284,-19.879724544526415,0.5843175917916597
129,129,22,Sokhda,0.2873982682584785,2.743832467164434,310326.6507662956,2479575.432912038,2186,1.0,0.006689705616124719,-21.745929931597693,1.1053917438541314,0.8184036675937784,2186,1.0,0.010284775247935094,-19.878051944552166,1.110473307279141,0.8109307192923686,2186,1.0,0.008545508657332225,-20.682620815099067,0.9442357438542133,1.12160290877339,2186,1.0,0.009692022146367689,-20.13585602166156,0.9701884935472371,1.062399263222528,2186,4,measured,False,,-21.745929931597693,-19.878051944552166,-20.682620815099067,-20.13585602166156,0.015410277050704727,0.009112746557291789,0.14368292208042524,-0.5165443230611189,1.867877987045528,1,-20.61061467822762,-20.393868407504083,-1.0633091164986261
130,130,22,Sokhda,1.1298949813720771,4.0,310378.9085713269,2479612.1468873955,9680,1.0,0.009660570828340542,-20.149972110302595,0.9582853197610927,1.0889559940013371,9680,1.0,0.019951145957245838,-17.0003215418199,1.1420331378789683,0.766730233093098,9680,1.0,0.011473692247036224,-19.4029680315555,1.7620741644556368,0.32207100820116213,9680,1.0,0.01104927777510075,-19.5666610827201,1.123272760546951,0.7925552466802718,9680,4,measured,False,,-20.149972110302595,-17.0003215418199,-19.4029680315555,-19.5666610827201,0.010826146068798498,-0.0027282175194099996,0.24228081296020731,-0.9106971299116964,3.149650568482695,1,-19.029980691599526,-18.836107676136248,-0.7470040787470964
131,131,22,Sokhda,0.3506813898909837,3.6353491785014382,310412.1912750758,2479711.0309550148,2684,1.0,0.0105117830429271,-19.783236112766765,0.9517177030741654,1.1040371935506201,2684,1.0,0.010735170872535404,-19.6919103847425,0.9422078925427554,1.126436006680182,2684,1.0,0.007319752111053261,-21.355036264039867,1.0077850980788077,0.9846097579459577,2684,1.0,0.008351114465176104,-20.78255563584751,0.9518026003150728,1.103840250336995,2684,4,measured,False,,-19.783236112766765,-19.6919103847425,-21.355036264039867,-20.78255563584751,-0.022779712337291334,0.009541343803205985,0.0070250560018666214,2.1442807794654613,1.6631258792973682,1,-20.40318459934916,-20.69791252245223,1.5718001512731021
132,132,22,Sokhda,0.22549816238442436,2.801937280243685,310420.41352254973,2479752.510262784,1724,1.0,0.011586155557013419,-19.360606449117906,0.942393203601897,1.1259930482094247,1724,1.0,0.016029962890322512,-17.950674830449078,0.9620559119000586,1.0804368164650933,1724,1.0,0.008147449156938802,-20.88978341010694,0.9635688539584465,1.0770465968966263,1724,1.0,0.010994723942982563,-19.588156704909544,0.905533764764758,1.2195249865573738,1724,4,measured,False,,-19.360606449117906,-17.950674830449078,-20.88978341010694,-19.588156704909544,-0.022161984941870053,0.021693778419956605,0.10845627835914065,2.83080366618643,2.939108579657862,1,-19.44730534864587,-19.72398730622673,1.5291769609890338
133,133,22,Sokhda,0.27542550239469854,2.8257059401191413,310422.8663598856,2479798.766202575,2113,1.0,0.0076413453996722076,-21.168301691452243,1.0036536040770103,0.9927326441160469,2113,1.0,0.010951514354385173,-19.60525823264049,0.9395138579987913,1.1329053277940024,2113,1.0,0.007532696514262555,-21.230495295588092,0.9749609869065919,1.0520237019453023,2113,1.0,0.009844663817303702,-20.067991098745456,0.9363684747088339,1.140529263416124,2113,4,measured,False,,-21.168301691452243,-19.60525823264049,-21.230495295588092,-20.067991098745456,-0.0009013565816789784,0.019375069947377276,0.12023411221628859,1.2246978009784861,1.6252370629476012,1,-20.518011579606572,-20.522355272302402,0.06219360413584951
134,134,22,Sokhda,0.5424562315591145,4.0,310451.10287855874,2479650.7301872843,4300,1.0,0.011250139950862768,-19.48842074929562,0.9422654390954905,1.1262984222439205,4300,1.0,0.016102632271834217,-17.931031247327233,0.9677645411132118,1.0677278947623854,4300,1.0,0.007697471257457479,-21.13651924087761,1.0421356066818055,0.9207707837633871,4300,1.0,0.011829553154862497,-19.270316599403415,0.953725597694724,1.0993933907123776,4300,4,measured,False,,-19.48842074929562,-17.931031247327233,-21.13651924087761,-19.270316599403415,-0.023885485385246236,0.031103377357903264,0.11979919245910672,3.514301133056186,3.2054879935503777,1,-19.45657195922597,-19.762193231443526,1.6480984915819903
135,135,22,Sokhda,2.3403030523739754,4.0,310508.25019710197,2479773.964177487,20726,1.0,0.009483106913195918,-20.230493531474654,1.0484617459165744,0.909692933412416,20726,1.0,0.016800469430429402,-17.746785832624187,1.5844636604397482,0.3983230454392523,20726,1.0,0.009824043188073051,-20.077097369703566,3.5002080089890013,0.08162295088293162,20726,1.0,0.010204638718004236,-19.9120236630848,2.3463254987666526,0.18164501314861004,20726,4,measured,False,,-20.230493531474654,-17.746785832624187,-20.077097369703566,-19.9120236630848,0.0022231327792911295,0.0027512284436461104,0.19105443837311278,0.01167754484767869,2.4837076988504663,1,-19.491600099221802,-19.423214546631552,-0.15339616177108795
136,136,22,Sokhda,0.6784272025060781,2.596856278351153,311516.4898456888,2479512.739890396,5323,1.0,0.011778087450856935,-19.289252254210364,1.008230754818127,0.9837395186803926,5323,1.0,0.02685108372831267,-15.71038181184987,1.0020369219542669,0.9959385695253,5323,1.0,0.014375678354213413,-18.423716528268063,1.03563093144284,0.9323736121926322,5323,1.0,0.011138359700334886,-19.531787611860562,1.0325583162466563,0.937930853383074,5323,4,measured,False,,-19.289252254210364,-15.71038181184987,-18.423716528268063,-19.531787611860562,0.012543996028149295,-0.018467851393208317,0.27529772633542254,-1.9736068095348003,3.821405800010691,1,-18.238784551547216,-17.999360458577925,-0.8655357259423013
137,137,22,Sokhda,1.7808158646499739,4.0,311733.1009131207,2479767.9038314084,15611,1.0,0.010248738697734705,-19.893295795174573,0.9570022794538642,1.0918778491520846,15611,1.0,0.022454485455241677,-16.48696892349632,0.8986808209999653,1.2381950207613326,15611,1.0,0.026788816712716237,-15.720464691647397,0.9111975060080376,1.2044116708886528,15611,1.0,0.040660176012157635,-13.908307456944545,0.9259903496281718,1.1662377063165963,15611,4,measured,False,,-19.893295795174573,-16.48696892349632,-15.720464691647397,-13.908307456944545,0.060475813094596764,0.030202620578380864,0.26202514397525023,-2.3606738688243247,5.984988338230028,3,-16.50225921681571,-15.714287025993356,-4.172831103527177
138,138,22,Sokhda,0.8420534802990965,4.0,311733.0956316994,2479891.919003044,7021,1.0,0.008356881692379685,-20.779557460571127,0.9734456101370126,1.0553016522055776,7021,1.0,0.01951468681591507,-17.09638414160407,0.8910865164387196,1.2593900440008976,7021,1.0,0.02874517297014048,-15.41435073702594,0.8774002996649157,1.2989859185745551,7021,1.0,0.033303031492049134,-14.775162319487716,0.9111267117761016,1.204598842904618,7021,4,measured,False,,-20.779557460571127,-17.09638414160407,-15.41435073702594,-14.775162319487716,0.0777566191818143,0.010653140292303723,0.2833210245359275,-4.726018306006964,6.00439514108341,3,-17.016363664672213,-15.985888284582856,-5.365206723545187
139,139,22,Sokhda,0.998404970520921,4.0,311631.67232287774,2479691.682018814,8450,1.0,0.008653120706378598,-20.62827238068334,0.9646409945380062,1.0746537820482922,8450,1.0,0.01906703883359378,-17.19716748909224,0.9143203925398484,1.1961983187525298,8450,1.0,0.008634038656856056,-20.63786011225073,0.9716429009100919,1.059221130867543,8450,1.0,0.013507288514972314,-18.69431823529618,1.1021227284297903,0.8232658156440424,8450,4,measured,False,,-20.62827238068334,-17.19716748909224,-20.63786011225073,-18.69431823529618,-0.000138952631411443,0.03239236461590919,0.26393114550700775,1.953129608521941,3.4406926231584904,1,-19.289404554330623,-19.265205290058542,0.009587731567389568
140,140,22,Sokhda,0.2669220443434082,3.0103567216896736,311646.938247197,2479757.9013356958,2056,1.0,0.008689079957246838,-20.610262063642523,0.929833748548212,1.1566165173979408,2056,1.0,0.017788087727820433,-17.498707373513707,0.9158725093420581,1.1921473918398702,2056,1.0,0.00834403056768031,-20.786241135759447,0.9639570036052909,1.07617939828299,2056,1.0,0.019903100607094274,-17.010792616979394,0.8906443270165427,1.2606408849523236,2056,4,measured,False,,-20.610262063642523,-17.498707373513707,-20.786241135759447,-17.010792616979394,-0.0025504213350278824,0.06292414197966754,0.2393503607791397,3.9514275908969765,3.7754485187800526,3,-18.97650079747377,-19.020138544056813,0.17597907211692387
141,141,22,Sokhda,0.4840316854581237,4.0,311554.0874275112,2479688.464874824,3747,1.0,0.007535448440190396,-21.228908973898236,1.014956865519934,0.9707442543790819,3747,1.0,0.0108861306164236,-19.631264591378404,0.9758626516475557,1.050080530019937,3747,1.0,0.009841871943335072,-20.06922290050237,0.9335058324913278,1.1475349684413392,3747,1.0,0.008579570329058421,-20.665344613810742,0.9942381065838598,1.0116241557948455,3747,4,measured,False,,-21.228908973898236,-19.631264591378404,-20.06922290050237,-20.665344613810742,0.016807044541969046,-0.009935361888472846,0.12289572173229474,-1.755807786704235,1.5976443825198317,1,-20.398685269897438,-20.14916126648336,-1.1596860733958643
142,142,22,Sokhda,1.9452726221245131,4.0,311487.0509595094,2479744.6800906546,16892,1.0,0.007382414385247055,-21.318015808993383,1.0700252758535396,0.8733974644841733,16892,1.0,0.01040570112142806,-19.82728652318384,1.0423997887893601,0.9203041291372286,16892,1.0,0.008987568296603217,-20.463577963892874,1.0206252958506734,0.9599914035178783,16892,1.0,0.008978203914640378,-20.468105350451474,1.0056853239320704,0.98872559098413,16892,4,measured,False,,-21.318015808993383,-19.82728652318384,-20.463577963892874,-20.468105350451474,0.012383157175369702,-7.545644264332907e-05,0.11467148352381101,-0.8589652316591092,1.4907292858095431,1,-20.51924641163039,-20.337512947501008,-0.8544378451005095
143,143,22,Sokhda,0.6452601611650083,4.0,311489.5645269793,2479898.793696066,5217,1.0,0.009359712831298642,-20.28737475802021,0.9746605214468738,1.052672431427975,5217,1.0,0.014670590633023116,-18.335524012556114,0.9109892334763061,1.204962444779747,5217,1.0,0.011589782063889983,-19.359247305023118,0.9574349056566523,1.0908913209998252,5217,1.0,0.010329352071064309,-19.859269196020332,0.9241841086018804,1.1708007903769282,5217,4,measured,False,,-20.28737475802021,-18.335524012556114,-19.359247305023118,-19.859269196020332,0.013451122507204235,-0.008333698183286902,0.1501423650356997,-1.4281493439943063,1.951850745464096,1,-19.460353817904945,-19.248511115754017,-0.9281274529970922
144,144,22,Sokhda,2.464586531116559,4.0,311596.00622060325,2479841.117075616,21992,1.0,0.007519901875615017,-21.23787826317529,1.041731298485639,0.9214856464489936,21992,1.0,0.009830131082108012,-20.074406909311783,1.0005855799398957,0.9988298680292038,21992,1.0,0.008593802949357644,-20.658146086446393,1.622856930121244,0.3796990680060547,21992,1.0,0.018518724611571752,-17.32388926575771,0.950883948795394,1.105974126632414,21992,4,measured,False,,-21.23787826317529,-20.074406909311783,-20.658146086446393,-17.32388926575771,0.008401915604766613,0.05557094701147805,0.08949779645103899,2.754524643959787,3.9139889974175794,3,-19.823580131172793,-19.755832543166807,-0.5797321767288963
145,145,22,Sokhda,1.2802972018644214,4.0,311398.4378848945,2479723.508173277,11039,1.0,0.010830810577408565,-19.65339039577594,1.1192907520507183,0.7982044947826744,11039,1.0,0.013937719589962979,-18.55808277207194,1.0487472023698943,0.9091977857215141,11039,1.0,0.00908105430245726,-20.418637273424814,0.9878435396766577,1.0247635559430663,11039,1.0,0.009461975799688249,-20.240181670542356,0.9947318868790804,1.0106200739891575,11039,4,measured,False,,-19.65339039577594,-18.55808277207194,-20.418637273424814,-20.240181670542356,-0.011090534458679331,0.0029742600480409703,0.08425443259261528,0.9437024805313321,1.8605545013528726,1,-19.71757302795376,-19.840986861890975,0.7652468776488739
146,146,22,Sokhda,0.6950063945814734,4.0,311320.5938353933,2479688.426803035,5536,1.0,0.010723196837367112,-19.696757219329132,1.2382623209669028,0.6521908237023201,5536,1.0,0.02024278693595915,-16.937296960028505,1.0491520330013273,0.9084962666102536,5536,1.0,0.009612788107580402,-20.171506306331874,1.1556414532762391,0.7487792080520187,5536,1.0,0.01495122501046846,-18.253232224906476,1.0651762676047054,0.8813675092561594,5536,4,measured,False,,-19.696757219329132,-16.937296960028505,-20.171506306331874,-18.253232224906476,-0.006880421550764376,0.0319712346904233,0.212266173792356,2.3930231684281402,3.23420934630337,1,-18.764698177648995,-18.836511624504386,0.474749087002742
147,147,22,Sokhda,0.6208175701282919,4.0,311270.3547668736,2479688.4929321976,4886,1.0,0.00907321491057512,-20.42238802186592,0.9951049080461797,1.0098625417544893,4886,1.0,0.01811619196250146,-17.419330861005054,0.9333279562189883,1.1479724110187643,4886,1.0,0.022330341959471194,-16.51104626235582,0.924458206242166,1.170106619116418,4886,1.0,0.0199793711690819,-16.99418184883584,0.9795571402149015,1.0421745194542218,4886,4,measured,False,,-20.42238802186592,-17.419330861005054,-16.51104626235582,-16.99418184883584,0.05668611245666813,-0.008052259774667014,0.2310043969892974,-4.394477345990122,3.911341759510101,2,-17.83673674851566,-17.06339981029857,-3.911341759510101
148,148,22,Sokhda,0.26873115288233385,3.1979907444180893,311329.28608716547,2479778.6621759967,2061,1.0,0.010002218279113647,-19.999036720458815,1.0822974943663488,0.8537027766936544,2061,1.0,0.020861559835771235,-16.80653222144312,0.8938896521174514,1.251503822382313,2061,1.0,0.008864592543393689,-20.52341221735091,1.0341097783054307,0.9351186325126336,2061,1.0,0.01590348021852214,-17.985078269807502,0.8964498044739856,1.2443657422179761,2061,4,measured,False,,-19.999036720458815,-16.80653222144312,-20.52341221735091,-17.985078269807502,-0.007599644882494125,0.042305565792390115,0.2455772691550534,3.0627094444355016,3.7168799959077887,1,-18.828514857265088,-18.912630674599594,0.5243754968920946
149,149,22,Sokhda,1.139117250494659,4.0,310225.84187339345,2480005.9107989324,9725,1.0,0.008164527827736462,-20.880689263881862,0.9996469949274496,1.000706384158878,9725,1.0,0.022752696581958172,-16.4296712466562,0.9311749568373323,1.1532870754370252,9725,1.0,0.0096776362250757,-20.142307067171153,0.9589289196594547,1.087494745395928,9725,1.0,0.008946766273577484,-20.48333908070966,2.145902908669928,0.21716001507893812,9725,4,measured,False,,-20.880689263881862,-16.4296712466562,-20.142307067171153,-20.48333908070966,0.010701191256676951,-0.005683866892308428,0.3423860013250511,-1.0794142102492152,4.451018017225664,1,-19.48400166460472,-19.265907911178974,-0.7383821967107096
150,150,22,Sokhda,0.7710070888382383,4.0,311231.8013165975,2479581.5756847807,6296,1.0,0.009959584842627033,-20.017587644190712,1.0403336451437557,0.9239632797279707,6296,1.0,0.023287699502489923,-16.328734115392063,0.9344087039664594,1.1453184307927882,6296,1.0,0.009317334442351539,-20.307083153878555,1.1188846238874983,0.7987840579511576,6296,1.0,0.010552559928748921,-19.766421727768652,1.0087659062478702,0.9826960457287263,6296,4,measured,False,,-20.017587644190712,-16.328734115392063,-20.307083153878555,-19.766421727768652,-0.004195587096925256,0.009011023768498383,0.28375796375374224,0.8301569357977456,3.978349038486492,1,-19.104956660307494,-19.102783887025442,0.28949550968784266
151,151,22,Sokhda,0.4696501216125587,4.0,311391.1664501898,2479576.382115286,3650,1.0,0.01129702728506507,-19.47035822316561,0.9384707204898403,1.1354252419584445,3650,1.0,0.02082286688553423,-16.81459477186038,0.8702320923466079,1.3204738641866784,3650,1.0,0.01613317063112521,-17.922802728910032,0.8702991164912386,1.3202704853215905,3650,1.0,0.011725419661988905,-19.308716045937363,0.9613050546781218,1.0821252932083396,3650,4,measured,False,,-19.47035822316561,-16.81459477186038,-17.922802728910032,-19.308716045937363,0.022428340496457675,-0.02309855528378885,0.20428949625424847,-2.9334688112829106,2.65576345130523,1,-18.379117942468344,-18.026704556082652,-1.5475554942555796
152,152,22,Sokhda,0.30382063627632744,3.326103716558183,311372.3974965334,2479511.1929822704,2315,1.0,0.010539424644200308,-19.771830969668517,0.9505008830503558,1.1068657537336926,2315,1.0,0.02463484815565348,-16.08450110286374,0.9268733279755988,1.164016750951811,2315,1.0,0.009104302875732752,-20.407533028963385,0.9571242981279614,1.091599471525831,2315,1.0,0.011157198984611504,-19.52444821367171,0.9385824354041045,1.135154969726693,2315,4,measured,False,,-19.771830969668517,-16.08450110286374,-20.407533028963385,-19.52444821367171,-0.009213073323114027,0.01471808025486124,0.28364075898498287,1.5187868745865423,4.323031926099645,1,-18.94707832879184,-19.01397326698971,0.6357020592948679
153,153,22,Sokhda,0.28076734411697835,3.2327672285527305,311415.7069789716,2479513.1184787997,2141,1.0,0.009985867038117786,-20.006142208761606,0.981862338867759,1.037286667002824,2141,1.0,0.0215317865454264,-16.669199341973744,0.8706359857657011,1.3192489963777643,2141,1.0,0.008956355457832674,-20.478686785686804,0.9494454174943304,1.1093280501711877,2141,1.0,0.013191913294514787,-18.796922118084684,0.9363645868574207,1.1405387345507145,2141,4,measured,False,,-20.006142208761606,-16.669199341973744,-20.478686785686804,-18.796922118084684,-0.006848472129350701,0.028029411126702007,0.2566879128298355,2.154309244527319,3.80948744371306,1,-18.98773761362671,-19.044951928429608,0.47254457692519836
154,154,22,Sokhda,0.7238474603525828,4.0,311328.1218462133,2479867.54415549,5820,1.0,0.012987789734762776,-18.864647509800864,0.9674856372313195,1.068343586337946,5820,1.0,0.022660028585219042,-16.447395466175877,0.9075919593863673,1.2140000946947491,5820,1.0,0.04957865222612128,-13.047052835124147,0.8740420108726021,1.3089871552595655,5820,1.0,0.04290926433770806,-13.674489312098759,0.9289911227673215,1.1587156480940821,5820,4,measured,False,,-18.864647509800864,-16.447395466175877,-13.047052835124147,-13.674489312098759,0.08431296629966258,-0.010457274616243536,0.1859424648942298,-6.44503115165133,5.817594674676718,2,-15.50839628079991,-14.395496869743694,-5.817594674676718
155,155,22,Sokhda,0.43584134563923,3.974480078147222,311404.10269254906,2479815.3650032696,3335,1.0,0.011813866450354382,-19.276079429248252,0.9497715088083513,1.1085664351121305,3335,1.0,0.017610185307773286,-17.542360740315893,0.9122021934991893,1.2017600855757846,3335,1.0,0.008252706445109734,-20.83403602792798,0.9505406792224849,1.1067730736434565,3335,1.0,0.009113161414634129,-20.40330937323995,0.9981361164012775,1.0037382153451238,3335,4,measured,False,,-19.276079429248252,-17.542360740315893,-20.83403602792798,-20.40330937323995,-0.0225790811402859,0.007178777578133832,0.13336297607171999,1.988683253367757,3.2916752876120867,1,-19.513946392683017,-19.77503358641886,1.557956598679727
156,156,22,Sokhda,0.8466172172869847,4.0,311401.0567206004,2479886.904538739,7037,1.0,0.009396872124648497,-20.270166831092567,0.989030813710291,1.022304694460076,7037,1.0,0.018753303294929222,-17.2692222252807,1.0051860702505344,0.9897079911431091,7037,1.0,0.009463571401099541,-20.23944936845087,0.9538954968782387,1.0990017977008997,7037,1.0,0.010016750871843512,-19.99273127496717,0.9450450699771661,1.1196826747609536,7037,4,measured,False,,-20.270166831092567,-17.2692222252807,-20.23944936845087,-19.99273127496717,0.0004451806179956031,0.004111968224728339,0.230841892754759,0.21600063084200372,3.000944605811867,1,-19.44289242494783,-19.389257773592647,-0.030717462641696613
157,157,22,Sokhda,0.42243715615253896,3.7121831777183485,311608.50603163306,2479957.5466164127,3225,1.0,0.0067603375518843645,-21.700316186647555,1.026250212178942,0.9494967447942986,3225,1.0,0.008691402603112375,-20.609101322235812,1.0953603768319131,0.8334622733271575,3225,1.0,0.0076974995641113176,-21.136503270176913,0.9852734746780241,1.0301166766791754,3225,1.0,0.011779571968378826,-19.288704901217923,0.9494086733571542,1.109413918547931,3225,4,measured,False,,-21.700316186647555,-20.609101322235812,-21.136503270176913,-19.288704901217923,0.00817120168798032,0.03079663948264984,0.08393960495474946,1.2839854524883485,2.4116112854296325,3,-20.683656420069553,-20.594142539047624,-0.563812916470642
158,158,22,Sokhda,0.4537630693476647,3.656106119254994,311504.7154018683,2479956.937396884,3445,1.0,0.009685516214656287,-20.13877227479488,1.0906226346527275,0.840719240167505,3445,1.0,0.027507337867347065,-15.60551438162296,0.9204080971871226,1.1804270110503277,3445,1.0,0.012518566044378579,-19.0244541510959,1.0550452577864151,0.898375336375192,3445,1.0,0.009106940074349392,-20.40627521167103,0.9895090698638797,1.0213167189660426,3445,4,measured,False,,-20.13877227479488,-15.60551438162296,-19.0244541510959,-20.40627521167103,0.016149538024622934,-0.023030351009585517,0.3487121456286093,-2.4961391842741136,4.80076083004807,1,-18.79375400479619,-18.4875880857818,-1.1143181236989825
159,159,22,Sokhda,0.6722226892036736,4.0,311420.15149188857,2479992.867240777,5399,1.0,0.010481059381656575,-19.79594818463434,1.0827013182425627,0.853066070582118,5399,1.0,0.026769296118013385,-15.723630481661361,0.9544674223285271,1.097685128807262,5399,1.0,0.013717301030197296,-18.62731330538778,1.0299575984655804,0.9426735207473593,5399,1.0,0.00960824903393879,-20.173557490831058,1.1380577128061478,0.7720962216214079,5399,4,measured,False,,-19.79594818463434,-15.723630481661361,-18.62731330538778,-20.173557490831058,0.01693673738038494,-0.025770736424054638,0.3132552079209984,-2.714879064689839,4.449927009169697,1,-18.580112365628636,-18.269223343060958,-1.1686348792465608
160,160,22,Sokhda,0.7020195255895145,4.0,311359.6559976523,2479992.4107183567,5703,1.0,0.012688426143134203,-18.965922439211894,1.2944913047282052,0.5967627751026691,5703,1.0,0.022039147985483325,-16.56805198947087,1.0472620487548738,0.9117783353157357,5703,1.0,0.010374545100690342,-19.840309369861075,1.26632243173909,0.623607600715319,5703,1.0,0.01379619905909641,-18.602405480214152,1.0064040949340058,0.987313805183676,5703,4,measured,False,,-18.965922439211894,-16.56805198947087,-19.840309369861075,-18.602405480214152,-0.012672274357234496,0.020631731494115377,0.18445157305700186,2.112290820296103,3.2722573803902044,1,-18.494172319689497,-18.633227886434028,0.8743869306491803
161,161,22,Sokhda,0.5002484352406115,4.0,311245.0968576641,2479995.1800799365,3865,1.0,0.010136854282119022,-19.940967964694817,0.9996838660472015,1.000632567854054,3865,1.0,0.014570685175347377,-18.36520025383343,1.0173436394080602,0.9661947018537013,3865,1.0,0.007516009802079626,-21.240126621816348,1.0511540665332049,0.9050389087193124,3865,1.0,0.010271943378098104,-19.88347383224533,1.011223567136951,0.9779251941275933,3865,4,measured,False,,-19.940967964694817,-18.36520025383343,-21.240126621816348,-19.88347383224533,-0.01882838633509465,0.022610879826183646,0.12121290083549141,2.6558114466925495,2.874926367982919,1,-19.85744216814748,-20.09028883380215,1.2991586571215308
162,162,22,Sokhda,0.30723597007037606,2.868411963100308,311203.95753671456,2479919.308585758,2360,1.0,0.012130331654522044,-19.16127324957024,1.0546414889098064,0.8990633529965538,2360,1.0,0.020700432311755553,-16.840205845600206,0.9027366854251467,1.2270939549254367,2360,1.0,0.008904680670647687,-20.50381650087569,1.1333520724691348,0.778520967630863,2360,1.0,0.010504925058056237,-19.7860704149589,1.0631122011720462,0.8847932381816939,2360,4,measured,False,,-19.16127324957024,-16.840205845600206,-20.50381650087569,-19.7860704149589,-0.019457148569644207,0.011962434765279835,0.17854364645923335,2.0602893372222404,3.663610655275484,1,-19.07284150275126,-19.289448428643187,1.3425432513054503
163,163,22,Sokhda,0.9803479622415966,4.0,311038.22469146375,2479791.3708483963,7922,1.0,0.02843565494774415,-15.46136764355176,0.94245914681418,1.125835483818031,7922,1.0,0.04253667145417911,-13.712364971704798,0.9523143785318811,1.102654151267222,7922,1.0,0.040859321092624114,-13.887088537627147,0.9240195227487046,1.171217912318192,7922,1.0,0.03325773656281759,-14.78107311091481,0.9599862111070167,1.085100615754469,7922,4,measured,False,,-15.46136764355176,-13.712364971704798,-13.887088537627147,-14.78107311091481,0.02281563921629875,-0.014899742888127735,0.134538667065151,-2.468263679212278,1.749002671846963,1,-14.460473565949629,-14.12758767222264,-1.5742791059246137
164,164,22,Sokhda,0.9061927371677011,4.0,311000.53607371106,2479716.9199218466,7598,1.0,0.01274773374408702,-18.945670160079505,2.2692900583870435,0.19418692246653904,7598,1.0,0.020824605035602173,-16.81423226775204,1.2160418121811374,0.6762433138688514,7598,1.0,0.01303583135952702,-18.84861266502427,1.6406076649745192,0.3715271255284632,7598,1.0,0.01303655889320148,-18.848370290729292,2.5155462286467487,0.1580284914471639,7598,4,measured,False,,-18.945670160079505,-16.81423226775204,-18.84861266502427,-18.848370290729292,0.0014066303631193539,4.039571582955167e-06,0.16395676094826656,-0.09681512076025811,2.1314378923274653,1,-18.364221345896276,-18.309368314505804,-0.09705749505523542
165,165,22,Sokhda,0.7514389364104718,4.0,311089.0335292425,2479723.6038587103,6161,1.0,0.007794476362533126,-21.082130556516724,1.015320952879872,0.9700481743033221,6161,1.0,0.01633773290442541,-17.86808208232468,0.9175835282102447,1.1877055403410732,6161,1.0,0.008614796936649804,-20.647549550507563,0.9635328129909326,1.0771271723100977,6161,1.0,0.010409984895914489,-19.825499006168172,0.9580046047601525,1.0895942603886521,6161,4,measured,False,,-21.082130556516724,-17.86808208232468,-20.647549550507563,-19.825499006168172,0.006298275449408128,0.013700842405656506,0.2472344980147726,0.38746953833022957,3.214048474192044,1,-19.855815298879286,-19.734926547070106,-0.43458100600916083
166,166,22,Sokhda,1.1973765742514342,4.0,311057.2506818013,2479618.7323883455,10340,1.0,0.00803653310483859,-20.94931261967293,1.015274341135569,0.9701372471254477,10340,1.0,0.01748230954125499,-17.574011944266367,0.94675655533876,1.115638153713898,10340,1.0,0.008724629518975293,-20.59253005776324,0.9722330025904775,1.0579357219593806,10340,1.0,0.010353567586746482,-19.849099771377674,0.9595355378849417,1.0861201520069936,10340,4,measured,False,,-20.94931261967293,-17.574011944266367,-20.59253005776324,-19.849099771377674,0.005170761766807092,0.012390504773092796,0.2596385134928126,0.38664772447587836,3.3753006754065638,1,-19.74123859827005,-19.630338609276453,-0.3567825619096894
167,167,22,Sokhda,0.7704174140292743,4.0,309808.32187060994,2479712.0485515357,6346,1.0,0.008184370282261573,-20.870147302361303,0.9691466748461679,1.0646846187026198,6346,1.0,0.018039410283989137,-17.43777663833741,0.9113541092543828,1.2039977844085281,6346,1.0,0.006905862635793117,-21.607820644328967,1.0524850088487088,0.9027513835800336,6346,1.0,0.011620841057404943,-19.347624387811834,0.9819786046540632,1.0370410530763214,6346,4,measured,False,,-20.870147302361303,-17.43777663833741,-21.607820644328967,-19.347624387811834,-0.010690917999531362,0.03766993760861889,0.2640285126172225,2.9978695984847974,4.1700440059915564,1,-19.81584224320988,-19.929779693747474,0.737673341967664
168,168,22,Sokhda,0.7724193757027038,4.0,309761.63246286253,2479825.6588010914,6189,1.0,0.0102263001147111,-19.90281466034437,1.0067784392408656,0.986579727902192,6189,1.0,0.014212014983396018,-18.473443433159225,1.0395471539401921,0.9253618962025882,6189,1.0,0.008140945842898664,-20.893251343628716,1.0563017375748696,0.8962393574979264,6189,1.0,0.009001444587292363,-20.456877876778865,1.0830172195972214,0.8525684876814501,6189,4,measured,False,,-19.90281466034437,-18.473443433159225,-20.893251343628716,-20.456877876778865,-0.014354154830207931,0.007272891114164182,0.10995163286039564,1.426810150134198,2.4198079104694905,1,-19.931596828477794,-20.094705488140026,0.9904366832843472
169,169,22,Sokhda,1.2283106611989438,4.0,309679.4650997955,2479802.293725751,10440,1.0,0.021251686648426873,-16.726065962943157,0.9415175031491995,1.12808858264318,10440,1.0,0.026678152193809423,-15.73844254209125,0.9911262450784074,1.017986566761731,10440,1.0,0.023050321939442196,-16.373230045239275,1.0461461866731976,0.9137244523965408,10440,1.0,0.006393360209670659,-21.94270826198814,1.114087427998856,0.8056779040222267,10440,4,measured,False,,-16.726065962943157,-15.73844254209125,-16.373230045239275,-21.94270826198814,0.005113564024693935,-0.09282463694581443,0.07597103237322364,-5.922314134452748,6.204265719896892,1,-17.695111703065454,-17.516467340657368,-0.35283591770388156
170,170,22,Sokhda,0.5500544157717742,4.0,309445.8261976526,2479596.9131832845,4372,1.0,0.007775165775873835,-21.09290342522383,1.0924373724884322,0.8379283839919274,4372,1.0,0.014333009682938791,-18.436626057331488,0.9493611390434309,1.1095250175750668,4372,1.0,0.00651603426130228,-21.8601664083753,1.109620672580747,0.8121774396059719,4372,1.0,0.012221649335411797,-19.12870181251147,1.0100911908638526,0.9801190554698475,4372,4,measured,False,,-21.09290342522383,-18.436626057331488,-21.8601664083753,-19.12870181251147,-0.011119753379006787,0.04552440993106384,0.20432902829941105,3.4987275790152985,3.423540351043812,1,-20.129599425860523,-20.270683544984518,0.7672629831514683
171,171,22,Sokhda,0.3239565531049855,2.937448507583338,309352.256396797,2479582.882429226,2470,1.0,0.008984371517602965,-20.46512297629406,1.0241464114037515,0.9534016623927132,2470,1.0,0.012628939578392489,-18.9863311457429,0.9431075310821273,1.1242879973136342,2470,1.0,0.008235584650337621,-20.843055645084814,1.1589054789386593,0.7445673153366805,2470,1.0,0.014185311270015563,-18.48161129986778,0.9724729698005298,1.057413674418609,2470,4,measured,False,,-20.46512297629406,-18.9863311457429,-20.843055645084814,-18.48161129986778,-0.005477285054938436,0.039357405753617236,0.11375321773470486,2.739377014007786,2.361444345217034,3,-19.69403026674739,-19.77827356810073,0.37793266879075205
172,172,22,Sokhda,0.7412361949078738,4.0,309528.8822192496,2479649.667152723,5892,1.0,0.008183889340796807,-20.870402516084855,1.003897693060058,0.9922499542068819,5892,1.0,0.023177966884738686,-16.34924661964483,7.2636897935862175,0.018953325560725348,5892,1.0,0.006705132957139103,-21.73592606033211,1.10037875535808,0.8258774457903097,5892,1.0,0.019409709502978042,-17.119809644672653,0.8938756027519269,1.251543163366181,5892,4,measured,False,,-20.870402516084855,-16.34924661964483,-21.73592606033211,-17.119809644672653,-0.012543819481844248,0.07693527359432425,0.3477812228030788,5.481639959906708,5.386679440687278,1,-19.01884621018361,-19.17817539202899,0.8655235442472531
173,173,22,Sokhda,1.0505682467246429,4.0,309377.1467500505,2479744.1396887125,8917,1.0,0.027220132589792403,-15.651097636707094,1.4292862137086462,0.4895100251645939,8917,1.0,0.03378924463465759,-14.712215168568534,1.206310584408168,0.6871977409438619,8917,1.0,0.03194927085077971,-14.955390489013967,1.1246760989956601,0.7905786254089321,8917,1.0,0.02953401698270211,-15.29677479727238,1.2448741216859336,0.6452813630949193,8917,4,measured,False,,-15.651097636707094,-14.712215168568534,-14.955390489013967,-15.29677479727238,0.010082712285407646,-0.005689738470973567,0.0722217283183508,-1.0370914559515416,0.9388824681385604,1,-15.153869522890492,-15.004801939807688,-0.6957071476931276
174,174,22,Sokhda,0.9525668214595877,4.0,308886.2080934519,2479542.321501173,7998,1.0,0.011629629601509256,-19.344341171358938,1.2705662557489963,0.6194487288180278,7998,1.0,0.014766130554466121,-18.307332960900695,1.210238671153032,0.6827440877788907,7998,1.0,0.01631770333015609,-17.873409669810208,1.137254970936473,0.7731865887316696,7998,1.0,0.010651953256233755,-19.725707480352263,1.3469100173266624,0.5512172933181331,7998,4,measured,False,,-19.344341171358938,-18.307332960900695,-17.873409669810208,-19.725707480352263,0.021317847848532318,-0.030871630175700916,0.07976986234294177,-3.3232293120907848,1.852297810542055,2,-18.812697820605525,-18.4943425583292,-1.4709315015487299
175,175,22,Sokhda,0.16863147838898004,2.5581845428004235,309283.24264627794,2479803.3291864553,1287,1.0,0.007379712089866691,-21.319605812963683,1.0252997659890737,0.9512579152810278,1287,1.0,0.007848262447409587,-21.052264824940604,1.0406093483045262,0.9234737476067892,1287,1.0,0.006916161461456388,-21.601348764448144,1.043804982873983,0.9178279281842457,1287,1.0,0.008927236773155331,-20.49282946472788,1.017343917779898,0.966194173101618,1287,4,measured,False,,-21.319605812963683,-21.052264824940604,-21.601348764448144,-20.49282946472788,-0.00408323118093421,0.0184753216620044,0.020564691386390714,1.3902622512047245,1.108519299720264,3,-21.116512216770076,-21.18250919786468,0.2817429514844605
176,176,22,Sokhda,0.17315250572732185,2.570425645563503,309235.66174237017,2479793.790188205,1326,1.0,0.011041269148492525,-19.569810033724334,0.9985052513804666,1.0029962134430868,1326,1.0,0.014803913754964442,-18.296234536939306,1.001264478901017,0.9974758308442665,1326,1.0,0.006716126605752857,-21.72881125568297,1.2380337882874606,0.6524316259718314,1326,1.0,0.011933433816041708,-19.23234571184555,1.0527812063342963,0.902243481134264,1326,4,measured,False,,-19.569810033724334,-18.296234536939306,-21.72881125568297,-19.23234571184555,-0.031289872782009225,0.041607759063957,0.09796734590654065,4.6554667657960564,3.4325767187436647,1,-19.70680038454804,-20.121436286268164,2.1590012219586363
177,177,22,Sokhda,0.4170169062914327,3.744109342289699,309248.99899242923,2479843.21854956,3187,1.0,0.009211075414408477,-20.35689661955386,1.0447070318452125,0.9162436212384086,3187,1.0,0.01175228711281064,-19.298776071100566,1.0109472921690497,0.9784597683255432,3187,1.0,0.007512756977873709,-21.24200659459918,1.1224910887672082,0.7936594581685449,3187,1.0,0.009944539123993694,-20.02415339291118,1.1663574667238417,0.7350834620862977,3187,4,measured,False,,-20.35689661955386,-19.298776071100566,-21.24200659459918,-20.02415339291118,-0.012827680797758222,0.020297553361466627,0.08139388834256121,2.102963176733315,1.9432305234986131,1,-20.230458169541194,-20.39448516863688,0.8851099750453173
178,178,22,Sokhda,0.26644826868129895,3.032081314009722,309158.4533742405,2479815.615769324,2036,1.0,0.011081050864289193,-19.554190516183404,1.8488051742827736,0.2925618571015228,2036,1.0,0.01290753333045777,-18.891567448230447,0.9862025983813913,1.028176598712194,2036,1.0,0.011396233427173249,-19.432386637590767,1.0049210901355143,0.9902299973297843,2036,1.0,0.011693079011731031,-19.320711157214664,1.9900691468075031,0.2525013280833882,2036,4,measured,False,,-19.554190516183404,-18.891567448230447,-19.432386637590767,-19.320711157214664,0.001765273602791837,0.0018612580062683886,0.05097100522715054,-0.01012839821653344,0.662623067952957,1,-19.29971393980482,-19.26791531020036,-0.12180387859263675
179,179,22,Sokhda,0.29348274877495134,3.2547796719781754,309173.30528761697,2479768.888974247,2240,1.0,0.011681910400196623,-19.324861291055196,1.0375692975046695,0.9288931830630516,2240,1.0,0.012529503745931996,-19.020661296978965,1.0369539872006357,0.9299958879661673,2240,1.0,0.009970409613656882,-20.01286999231307,1.1045837455955094,0.8196014230351781,2240,1.0,0.010121788590531975,-19.947427378555474,1.0616720679062817,0.8871952687880724,2240,4,measured,False,,-19.324861291055196,-19.020661296978965,-20.01286999231307,-19.947427378555474,-0.009971140597940215,0.0010907102292932792,0.023399999544325513,0.7534513150154716,0.9922086953341065,1,-19.576454989725676,-19.69762553525934,0.6880087012578748
180,180,22,Sokhda,0.5213027996048099,4.0,309020.216295056,2479776.8477179585,4088,1.0,0.015229061532345031,-18.173268585734597,1.7984995595964421,0.30915717372841983,4088,1.0,0.011540737829007077,-19.377664247311518,1.0327729895311444,0.9375409753117401,4088,1.0,0.008143011570509699,-20.892149481121187,1.0357758097112486,0.932112800487956,4088,1.0,0.008094997390410214,-20.917832869143908,1.046110072218155,0.913787541800101,4088,4,measured,False,,-18.173268585734597,-19.377664247311518,-20.892149481121187,-20.917832869143908,-0.03940407094763174,-0.000428056467045342,-0.09264582012130163,2.6931975073638696,2.7445642834093107,0,-19.840228795827805,-20.35608773890596,1.514485233809669
181,181,22,Sokhda,0.31708520628861153,3.51020602242766,309074.87223128,2479819.0572531084,2428,1.0,0.006549480312774751,-21.837931589774232,1.092280924232923,0.8381684354644829,2428,1.0,0.015816477858774023,-18.008902222797655,0.9869616382241004,1.0265957330065025,2428,1.0,0.005925816619022671,-22.2725179237315,1.0702822716053737,0.8729780751409432,2428,1.0,0.008906227839146224,-20.503061989399974,1.054042291082593,0.9000858355591811,2428,4,measured,False,,-21.837931589774232,-18.008902222797655,-22.2725179237315,-20.503061989399974,-0.006298352666047342,0.029490932238858746,0.2945407205366598,2.2040422682887915,4.263615700933844,1,-20.65560343142584,-20.698849467275025,0.43458633395726665
182,182,22,Sokhda,0.47851800046581777,4.0,308968.8379803291,2479706.2632189207,3736,1.0,0.007090698317752659,-21.493109918109724,1.1358488719038793,0.775102072146176,3736,1.0,0.018549842172267246,-17.316597811435457,1.081300704020418,0.8552774633839965,3736,1.0,0.006361601701742824,-21.96433525444029,1.092460112423338,0.8378935008170109,3736,1.0,0.010686910328071583,-19.71147834680584,1.0420933403521986,0.9208454764788334,3736,4,measured,False,,-21.493109918109724,-17.316597811435457,-21.96433525444029,-19.71147834680584,-0.00682935270044298,0.037547615127240815,0.32127016205186665,2.7240822439650145,4.647737443004832,1,-20.121380332697825,-20.173671582356192,0.4712253363305656
183,183,22,Sokhda,0.3600646109441295,3.5930119626181884,310980.96144047315,2479834.109692899,2751,1.0,0.008813309741053182,-20.548609664640175,1.0568606079670575,0.8952917411259181,2751,1.0,0.023513058312521953,-16.286908790898917,1.0549026244494715,0.8986182913776163,2751,1.0,0.007769417040659476,-21.096115662084486,1.0567622766945222,0.8954583618957057,2751,1.0,0.010958776651476662,-19.602379242427688,1.0249354955986727,0.9519342050003265,2751,4,measured,False,,-20.548609664640175,-16.286908790898917,-21.096115662084486,-19.602379242427688,-0.007934869528178424,0.02489560699427997,0.3278231441339429,2.0412424171011097,4.8092068711855696,1,-19.383503340012815,-19.43496435488298,0.5475059974443113
184,184,22,Sokhda,0.8761300156234764,4.0,310909.0346448783,2479874.8355073207,7060,1.0,0.00901408398271855,-20.45078399996866,0.9779934794754538,1.0455097362207635,7060,1.0,0.029456947579016738,-15.308122581135875,0.8812864588166835,1.287555047535487,7060,1.0,0.008231852397923293,-20.84502425337719,1.0999511571204716,0.8265196786368874,7060,1.0,0.013287535278972577,-18.76555569396754,0.9753748766763916,1.0511310616385687,7060,4,measured,False,,-20.45078399996866,-15.308122581135875,-20.84502425337719,-18.76555569396754,-0.005713626860993183,0.03465780932349419,0.3955893399102143,2.473708812818181,5.536901672241315,1,-18.842371632112314,-18.86076281057277,0.39424025340852964
185,185,22,Sokhda,0.46172130935887107,3.4472465253693922,310972.10078026325,2479893.708853681,3513,1.0,0.00905883284138447,-20.429277541111823,0.9580302572901498,1.0895359105087263,3513,1.0,0.027199255829211857,-15.654429780866861,0.8963658444500752,1.2445988654926896,3513,1.0,0.009837143265909731,-20.07131003599184,0.9873136709419333,1.0258637855661046,3513,1.0,0.011769707347021484,-19.29234335725283,1.0312913418651537,0.9402368250672409,3513,4,measured,False,,-20.429277541111823,-15.654429780866861,-20.07131003599184,-19.29234335725283,0.005187934856811355,0.012982777978983506,0.36729598155730475,0.42099917361902683,4.7748477602449615,1,-18.86184017880584,-18.726933443893373,-0.35796750511998354
186,186,22,Sokhda,0.7721688846971839,4.0,309749.5150818057,2479936.062742187,6149,1.0,0.009800604528752498,-20.087471349805675,0.9991245473946196,1.0017532071493416,6149,1.0,0.0131893394717382,-18.797769535789005,0.9605960935957477,1.0837231923292163,6149,1.0,0.008101581747408786,-20.91430181478415,1.2073133954890662,0.6860566232991065,6149,1.0,0.011304195525319218,-19.467603392316118,1.629740812127187,0.37649821137392375,6149,4,measured,False,,-20.087471349805675,-18.797769535789005,-20.91430181478415,-19.467603392316118,-0.011983050217079341,0.024111640374467194,0.09920783184743616,2.2735288874465063,2.1165322789951446,1,-19.81678652317374,-19.97014899058466,0.8268304649784746
187,187,22,Sokhda,0.2648420259178616,2.9965422103070045,309851.70557908865,2479983.162821353,2023,1.0,0.009653685596003431,-20.153068495140406,0.9828001851735327,1.035307930482018,2023,1.0,0.012896914595907857,-18.89514176076237,0.8925860651664694,1.2551620362973883,2023,1.0,0.010259714742017513,-19.888647140477836,0.9510958817576296,1.1054812924977084,2023,1.0,0.01025117675225182,-19.89226278249612,0.9976553727081029,1.0047057981229985,2023,4,measured,False,,-20.153068495140406,-18.89514176076237,-19.888647140477836,-19.89226278249612,0.0038321935458343476,-6.0260700304700286e-05,0.09676359495215656,-0.268036996680852,1.2579267343780351,1,-19.707280044719184,-19.63710661695591,-0.26442135466257
188,188,22,Sokhda,0.7572062780524604,4.0,309812.0056679904,2480033.374528234,6138,1.0,0.008670460447373126,-20.619578385741313,1.163057808568449,0.7392603220747134,6138,1.0,0.01162220154056459,-19.347115977325437,1.1391840682418122,0.7705701735144834,6138,1.0,0.007922254987636202,-21.01151183398377,1.1546172474011303,0.7501082098624053,6138,1.0,0.011554641296931184,-19.372435322429826,1.0243813782148457,0.9529643407835835,6138,4,measured,False,,-20.619578385741313,-19.347115977325437,-21.01151183398377,-19.372435322429826,-0.005680194902064611,0.02731794185923242,0.09788172372429817,2.0310099597964033,1.6643958566583343,1,-20.087660379870087,-20.16545354084496,0.3919334482424581
189,189,22,Sokhda,0.496693572784937,3.9518069822510187,311713.26838231896,2479959.6005382095,3792,1.0,0.010784508949584477,-19.671996248165048,1.001288117164594,0.9974287348728333,3792,1.0,0.015337368613152836,-18.14249144612266,0.9645949465975161,1.074756388380105,3792,1.0,0.01038533169678824,-19.83579627989325,0.9485759691717888,1.1113625639419362,3792,1.0,0.01013302794233282,-19.94260759758106,0.9332350469183031,1.148200997854337,3792,4,measured,False,,-19.671996248165048,-18.14249144612266,-19.83579627989325,-19.94260759758106,-0.002373913503307256,-0.0017801886281301786,0.11765421554172224,0.056988714040389965,1.8001161514584005,1,-19.398222892940503,-19.399522036167014,0.16380003172820068
190,190,22,Sokhda,0.6007625556062907,4.0,311019.2069228434,2480065.2023329935,4817,1.0,0.009336133369682148,-20.298329528813568,0.9872739469614178,1.0259463405914688,4817,1.0,0.019038568045876336,-17.20365719457892,0.8870426674464524,1.270898828942931,4817,1.0,0.008047849893631387,-20.943201325584685,1.0222688815913628,0.9569069708244043,4817,1.0,0.010024549648445104,-19.989351288911678,0.9478446032843081,1.113078301420538,4817,4,measured,False,,-20.298329528813568,-17.20365719457892,-20.943201325584685,-19.989351288911678,-0.00934596806914662,0.015897500611216784,0.23805171801804986,1.5987218334441238,3.739544131005765,1,-19.608634834472213,-19.68877155582576,0.6448717967711168
191,191,22,Sokhda,0.1817736386703793,2.5834656042227246,310891.4910042095,2480048.8440050874,1391,1.0,0.012786564889322956,-18.932461130652495,1.0019895241985262,0.9960327948009167,1391,1.0,0.014474800029357996,-18.393874273757426,0.9610978660261469,1.0825919017715027,1391,1.0,0.010337458880297612,-19.855862049455986,1.0237172249265463,0.9542012442798435,1391,1.0,0.008063230722292251,-20.934909130662337,1.0716475766159104,0.8707551016127075,1391,4,measured,False,,-18.932461130652495,-18.393874273757426,-19.855862049455986,-20.934909130662337,-0.013382622011644798,-0.01798411802010585,0.04142975822269763,-0.15564616240286,2.5410348569049113,1,-19.52927664613206,-19.669278547148757,0.9234009188034911
192,192,22,Sokhda,0.5115188564413227,4.0,310828.88928380865,2480074.4947499763,4004,1.0,0.008638703260882952,-20.63551443737405,0.9811995607909704,1.0386884675782997,4004,1.0,0.01750006041062419,-17.569604521162514,0.9423036397581082,1.1262071046004276,4004,1.0,0.0071426969677738745,-21.461377746291063,1.0232863113739363,0.9550050561136005,4004,1.0,0.007900893906211237,-21.023237699029064,1.0238216848497443,0.9540065410317349,4004,4,measured,False,,-20.63551443737405,-17.569604521162514,-21.461377746291063,-21.023237699029064,-0.011969033462565429,0.007302334121033324,0.2358392243239642,1.264003356179014,3.8917732251285493,1,-20.172433600964172,-20.277048372703813,0.8258633089170146
193,193,22,Sokhda,1.1708722939044702,4.0,310781.3336232611,2479998.5105606006,9544,1.0,0.009209327482079406,-20.357720833195437,0.9659313952203579,1.0717844111959445,9544,1.0,0.021029615697390105,-16.77168663691608,0.9063469611941488,1.217337593621894,9544,1.0,0.008923374054643909,-20.49470901650011,0.9582779565588216,1.088972728674191,9544,1.0,0.010507537084784956,-19.78499068542221,0.948303827447247,1.1120005272483546,9544,4,measured,False,,-20.357720833195437,-16.77168663691608,-20.49470901650011,-19.78499068542221,-0.0019853359899228017,0.01182863885129836,0.2758487843291813,0.8467065143825749,3.7230223795840303,1,-19.352276793008457,-19.3270637047213,0.13698818330467333
194,194,22,Sokhda,0.5905895150810481,4.0,310715.9114512089,2480077.646348379,4739,1.0,0.010070056699833315,-19.96968084128069,0.9777276780668547,1.046078270263482,4739,1.0,0.026854548637421427,-15.709821427084984,0.9372236360382095,1.1384488814985905,4739,1.0,0.009130358832920894,-20.395121538901144,0.9772213922967636,1.047162470302563,4739,1.0,0.009178430662056616,-20.3723156858876,0.950882107357243,1.1059784102021797,4739,4,measured,False,,-19.96968084128069,-15.709821427084984,-20.395121538901144,-20.3723156858876,-0.006165807211890611,0.0003800975502257368,0.3276814933996698,0.4482465506339963,4.68530011181616,1,-19.111734873288604,-19.115335539036053,0.4254406976204521
195,195,22,Sokhda,0.27047502229835374,3.1169042366162714,310718.7260769362,2480015.2864138526,2064,1.0,0.010152562786391511,-19.93424316026642,0.952253067809949,1.1027961444005525,2064,1.0,0.017128048193795663,-17.66292123722138,0.9344910021410977,1.1451167092876964,2064,1.0,0.008301295409752982,-20.808541310685694,0.9595450537096765,1.0860986099695051,2064,1.0,0.016080644244625512,-17.936965559432217,0.9040962624230336,1.2234061301416772,2064,4,measured,False,,-19.93424316026642,-17.66292123722138,-20.808541310685694,-17.936965559432217,-0.012670987687235867,0.04785959585422462,0.17471707100346462,3.745873901672752,3.1456200734643147,1,-19.085667816901427,-19.25540872890392,0.8742981504192748
196,196,22,Sokhda,0.24786056276112794,2.9482562995533454,310723.4592485627,2479978.034265059,1894,1.0,0.009687671834202344,-20.137805811582492,0.9628977791991942,1.0785483775951576,1894,1.0,0.0105772159454371,-19.756286289591536,1.0386332562997111,0.9269910720636607,1894,1.0,0.00865262468278977,-20.62852133882151,0.9376329862825152,1.1374550542622925,1894,1.0,0.009616060841303802,-20.170027975294676,1.0109357983255742,0.9784820176659563,1894,4,measured,False,,-20.137805811582492,-19.756286289591536,-20.62852133882151,-20.170027975294676,-0.007111819235348094,0.0076415560587805706,0.02934765553776586,0.9492088907658527,0.8722350492299746,1,-20.173160353822553,-20.26389683470296,0.49071552723901846
197,197,22,Sokhda,0.22519708003922423,2.760241614702218,310724.0059004834,2479943.9133986724,1720,1.0,0.009248334503068733,-20.33936470639624,1.011954313952385,0.9765133562722099,1720,1.0,0.019858737035374996,-17.02048374975011,0.9319864252092298,1.1512796458407164,1720,1.0,0.009128422434422499,-20.396042703543472,0.9182581796602893,1.1859609484022124,1720,1.0,0.007976147817106361,-20.98206806105783,1.000820992142308,0.9983600355884599,1720,4,measured,False,,-20.33936470639624,-17.02048374975011,-20.396042703543472,-20.98206806105783,-0.0008214202485106214,-0.00976708929190598,0.25529853512662537,-0.5293473603671259,3.961584311307721,1,-19.684489805186914,-19.62670603562179,0.05667799714723287
198,198,22,Sokhda,0.12750515370048232,2.1272253828471706,310675.95520694554,2479950.0503056003,977,1.0,0.01094045728693523,-19.609645250736946,0.9498017072346104,1.1084959437047168,977,1.0,0.015188784143628327,-18.184769898532853,0.8766852877675072,1.3011056510563124,977,1.0,0.008280882371045505,-20.81923384415738,0.9577670901929086,1.090134739594547,977,1.0,0.00832131360974803,-20.79808110195661,0.9753003102100638,1.051291795977165,977,4,measured,False,,-19.609645250736946,-18.184769898532853,-20.81923384415738,-20.79808110195661,-0.017530269469861373,0.0003525457033462113,0.10960579632339182,1.2307413356212074,2.6344639456245282,1,-19.852932523845947,-20.048800400379843,1.2095885934204347
199,199,22,Sokhda,2.206450013813935,4.0,311591.44612249394,2481345.825723692,19617,1.0,0.009581643414473394,-20.1855999565781,0.9787028775924566,1.043994641381699,19617,1.0,0.016040611659242168,-17.947790752557875,0.9249998920016056,1.1687365767831503,19617,1.0,0.01180516917630491,-19.279277847979408,1.0177394218253006,0.9654433729550148,19617,1.0,0.015504407126626672,-18.095448361056206,0.9396126551652006,1.1326670978145321,19617,4,measured,False,,-20.1855999565781,-17.947790752557875,-19.279277847979408,-18.095448361056206,0.013135103023169425,0.019730491448720026,0.17213916954001718,0.2775073783245112,2.2378092040202233,1,-18.8770292295429,-18.69354067205811,-0.9063221085986903
200,200,22,Sokhda,0.9396453164726961,4.0,311690.2233895084,2481277.00385218,7501,1.0,0.023104072059668083,-16.363114695801826,0.9935185393502134,1.0130900473164435,7501,1.0,0.033369152111095514,-14.766548283512225,0.9975423587716241,1.0049334620175376,7501,1.0,0.03191599500679901,-14.959916115435522,0.9803162713691445,1.0405610792876239,7501,1.0,0.031053227672783613,-15.078932525686477,0.9986589954354479,1.0026874136711037,7501,4,measured,False,,-16.363114695801826,-14.766548283512225,-14.959916115435522,-15.078932525686477,0.02033621130965658,-0.0019836068375159205,0.1228128009453539,-1.5222149906172593,1.5965664122896008,1,-15.292127905109012,-15.006583502090994,-1.403198580366304
201,201,22,Sokhda,1.004462433176767,4.0,311831.5693561664,2481287.556803892,8476,1.0,0.009069299751957905,-20.424262438771464,1.0079898314169913,0.9842098293662978,8476,1.0,0.019493523670563173,-17.101096502429233,0.9090856351498288,1.210014039353326,8476,1.0,0.008473020446396756,-20.719617455880925,1.0040958188014728,0.9918584161508319,8476,1.0,0.010419526428629738,-19.8215201943445,1.0314529368313718,0.9399422393799345,8476,4,measured,False,,-20.424262438771464,-17.101096502429233,-20.719617455880925,-19.8215201943445,-0.004280507494340018,0.01496828769227374,0.25562814894940245,1.1934522786458857,3.618520953451693,1,-19.51662414785653,-19.528131422149237,0.2953550171094612
202,202,22,Sokhda,0.7478270702788257,4.0,311691.6122183139,2481184.6999298343,6089,1.0,0.010150703969754989,-19.935038375952704,1.1188787742522857,0.7987924102546863,6089,1.0,0.0255378992017989,-15.928148315280373,0.9558029820553314,1.094619643915272,6089,1.0,0.007410261354313736,-21.30166474512623,1.5159891110607644,0.4351187881201946,6089,1.0,0.009071694432800235,-20.42311586800341,1.2339923459841258,0.6567121753764437,6089,4,measured,False,,-19.935038375952704,-15.928148315280373,-21.30166474512623,-20.42311586800341,-0.019806179263384457,0.014642481285380348,0.3082223123594101,2.2451752462963483,5.373516429845859,1,-19.39699182609068,-19.591386802932472,1.3666263691735274
203,203,22,Sokhda,0.629605396430369,4.0,311697.6662143972,2481126.167587527,5020,1.0,0.009880865974035449,-20.05204991519241,1.1150180899525879,0.8043335296862638,5020,1.0,0.02483994835193948,-16.0484931149429,0.8957876549497452,1.2462060460135385,5020,1.0,0.007185805298284691,-21.435245543212005,1.1808049958007782,0.7172055409785988,5020,1.0,0.009084683255803546,-20.416902100900952,1.1322494065960793,0.7800380653778705,5020,4,measured,False,,-20.05204991519241,-16.0484931149429,-21.435245543212005,-20.416902100900952,-0.02004631344955936,0.016972390705184224,0.3079659077115007,2.4015390703306494,5.386752428269105,1,-19.48817266856207,-19.688082491841904,1.383195628019596
204,204,22,Sokhda,1.0112498838353903,4.0,311599.20035312284,2481164.13497136,8337,1.0,0.008744548074129173,-20.582626303229283,0.9989785956075645,1.002045942853508,8337,1.0,0.01224963229313787,-19.118769476633652,0.944702733735585,1.120494310835409,8337,1.0,0.00701729444133476,-21.538303003610046,1.0051771485121574,0.9897255600959366,8337,1.0,0.010709542028082202,-19.702291004967503,0.9436382720137488,1.1230236614533609,8337,4,measured,False,,-20.582626303229283,-19.118769476633652,-21.538303003610046,-19.702291004967503,-0.013850386962040051,0.03060019997737573,0.11260437127658698,2.7916886990233074,2.4195335269763945,1,-20.23549744711012,-20.41608466878495,0.9556767003807636
205,205,22,Sokhda,0.6349802383745089,4.0,311540.46404129494,2481111.759030466,5087,1.0,0.028283691326447032,-15.484639110671502,0.9189562439861727,1.184159855920703,5087,1.0,0.03501136391670477,-14.557909703557684,0.9101618025937543,1.2071543107417728,5087,1.0,0.031626609636100304,-14.999473618386805,0.9221811666327876,1.1758921819608532,5087,1.0,0.02748368829525034,-15.609249856303437,0.9635638454763634,1.077057793627654,5087,4,measured,False,,-15.484639110671502,-14.557909703557684,-14.999473618386805,-15.609249856303437,0.007031383946155027,-0.010162937298610538,0.0712868774702937,-1.0949417302013291,1.0513401527457535,1,-15.162818072229857,-15.047635694167772,-0.48516549228469685
206,206,22,Sokhda,0.7843117106825114,4.0,311465.9176692301,2481085.1328577623,6503,1.0,0.00987671342136547,-20.053875473577722,0.9944615041304861,1.0111697008567846,6503,1.0,0.017987203124506822,-17.45036360947068,1.053775659975646,0.9005413808020459,6503,1.0,0.013549604559794396,-18.680733793287075,0.9483466177775374,1.1119001804016233,6503,1.0,0.014300278349426819,-18.446555090773437,0.9816196374246874,1.037799660189921,6503,4,measured,False,,-20.053875473577722,-17.45036360947068,-18.680733793287075,-18.446555090773437,0.019900604062183296,0.0039029783752273063,0.20027014339284932,-1.138962977777009,2.603511864107041,1,-18.65788199177723,-18.36641044836316,-1.3731416802906473
207,207,22,Sokhda,0.6967410053795203,4.0,311606.6968898887,2481038.341348079,5605,1.0,0.017499105132327105,-17.569841596582325,1.0219568399324859,0.9574914190378424,5605,1.0,0.023907867861711108,-16.214591531683,0.9738509095834947,1.0544234393949925,5605,1.0,0.008994745680671334,-20.460111114782407,1.1914480769190678,0.7044493273143806,5605,1.0,0.013972584038831126,-18.547232696175243,1.0557826105514847,0.8971209337800962,5605,4,measured,False,,-17.569841596582325,-16.214591531683,-20.460111114782407,-18.547232696175243,-0.041887964031885244,0.03188130697678607,0.1042500049922559,4.803147936807246,4.245519583099409,1,-18.197944234805743,-18.73419227723632,2.890269518200082
208,208,22,Sokhda,0.4266130349559709,3.7439639512993588,311721.21506680193,2480994.4093266022,3254,1.0,0.009353486846502817,-20.290264601539825,1.1483993796689136,0.758252937635999,3254,1.0,0.021077348981471487,-16.761840137213287,0.921246536525714,1.1782793425906921,3254,1.0,0.009897091048119222,-20.044924344319842,2.3109108050941845,0.18725509085375122,3254,1.0,0.01137705293581949,-19.439702211980876,1.00530645009838,0.9894709812957254,3254,4,measured,False,,-20.290264601539825,-16.761840137213287,-20.044924344319842,-19.439702211980876,0.0035556559017388806,0.010087035538982766,0.2714172664866567,0.3598818751189832,3.5284244643265374,1,-19.134182823763457,-19.03850296878949,-0.24534025721998276
209,209,22,Sokhda,0.15825198356881157,2.259130707220065,311714.96897339105,2481068.378086826,1210,1.0,0.011874098914282994,-19.253993376107047,0.9274320262917553,1.162614732701432,1210,1.0,0.01422228577837453,-18.470305990241044,1.0137156931083673,0.9731228277774919,1210,1.0,0.01406481841973154,-18.518658703112692,0.9720893754878507,1.0582483670136087,1210,1.0,0.0120892116411664,-19.176020193257088,0.9163526759509257,1.1908983544122087,1210,4,measured,False,,-19.253993376107047,-18.470305990241044,-18.518658703112692,-19.176020193257088,0.010657024246295005,-0.010956024835739934,0.06028364506661559,-1.3926961631387513,0.7836873858660027,1,-18.854744565679468,-18.695653675862484,-0.7353346729943553
210,210,22,Sokhda,0.3129597991706221,3.308670600208532,311608.56472288264,2480982.2505234415,2376,1.0,0.014527211741787378,-18.37817733352148,1.0187192710984854,0.9635870538157143,2376,1.0,0.01576931739208342,-18.021871056100743,1.0498708570365898,0.9072526367224214,2376,1.0,0.00939977325603622,-20.268826224471063,1.238511150501899,0.6519287864376018,2376,1.0,0.013405055004130662,-18.72731399663838,1.0625122550650812,0.8857927148878005,2376,4,measured,False,,-18.37817733352148,-18.021871056100743,-20.268826224471063,-18.72731399663838,-0.027400708564486686,0.025691870463878056,0.02740817518621068,3.4321611187822647,2.24695516837032,1,-18.849047152682918,-19.21413988389022,1.8906488909495813
211,211,22,Sokhda,0.1802465149019903,2.4616547130219044,311742.1527151122,2481065.388795708,1374,1.0,0.012195443586273702,-19.138023984197638,0.944959629213264,1.1198851614388183,1374,1.0,0.013221329198310292,-18.787248811232132,1.005392869760924,0.9893008864485671,1374,1.0,0.012043674342072505,-19.192409962141618,0.9458130147775646,1.1178651793385062,1374,1.0,0.009808243221326785,-20.084087732120377,0.9911677295744272,1.0179013545929874,1374,4,measured,False,,-19.138023984197638,-18.787248811232132,-19.192409962141618,-20.084087732120377,-0.0007882025788982597,-0.014861296166312658,0.026982705612731195,-0.8372917920347795,1.296838920888245,1,-19.300442622422942,-19.28867945467146,0.054385977943979924
212,212,22,Sokhda,0.4319206022837199,3.800403077755464,311818.9359130943,2481116.2548513887,3306,1.0,0.00836864938733458,-20.773446269479415,0.9805020234723044,1.0401668565412001,3306,1.0,0.023610015181301455,-16.269037336686964,0.8936700936328156,1.2521188413669,3306,1.0,0.0075732987738881975,-21.207149095042595,1.0371646540415387,0.9296181284703409,3306,1.0,0.009883824723920015,-20.05074964818855,0.9364332388130212,1.1403715099347136,3306,4,measured,False,,-20.773446269479415,-16.269037336686964,-21.207149095042595,-20.05074964818855,-0.006285548196567837,0.019273324114234096,0.3464929948301885,1.5901022724172265,4.938111758355632,1,-19.57509558734938,-19.595707952135218,0.43370282556318074
213,213,22,Sokhda,0.3845928018853068,2.9507850480666216,311834.9129231487,2481153.9507377166,2924,1.0,0.026427466164349513,-15.779444745373553,0.9328545730620831,1.1491377988582483,2924,1.0,0.03351417361088841,-14.747714849277468,0.9277257244696557,1.1618787311646483,2924,1.0,0.034475811240196,-14.624855057758847,0.9198985554085974,1.1817350758524143,2924,1.0,0.02803064717621773,-15.523668750611368,0.9867716298532727,1.026991124517449,2924,4,measured,False,,-15.779444745373553,-14.747714849277468,-14.624855057758847,-15.523668750611368,0.016733183878474,-0.01498022821420868,0.0793638381612373,-2.053403380467227,1.1545896876147062,2,-15.16892085075531,-14.924916348940735,-1.1545896876147062
214,214,22,Sokhda,0.5767319613709114,4.0,311840.1151298666,2481189.082592996,4396,1.0,0.008843352622116106,-20.533830574697735,1.147592076166062,0.7593201383919335,4396,1.0,0.016975082380178936,-17.701881094085614,0.9927193323412078,1.014721917593425,4396,1.0,0.00827556961457147,-20.822021036608476,1.2442498968332962,0.6459289849350007,4396,1.0,0.011861101023903515,-19.258749950854405,0.9496664204009065,1.108811792691197,4396,4,measured,False,,-20.533830574697735,-17.701881094085614,-20.822021036608476,-19.258749950854405,-0.004176673361025231,0.02605451809590118,0.21784226773939389,1.8514615476648117,3.1201399425228615,1,-19.57912066406156,-19.609492365352036,0.28819046191074094
215,215,22,Sokhda,0.3683713205612497,3.203307844331422,311825.44449709915,2481228.688464291,2807,1.0,0.008377124904502636,-20.76905009097191,0.9664724314256578,1.070584766294297,2807,1.0,0.01656097684289157,-17.809140501015307,0.9267987321090537,1.1642041364749192,2807,1.0,0.00671560735136841,-21.729147041538617,1.0101555729188227,0.9799941240836347,2807,1.0,0.009459256303774964,-20.2414300692411,1.007258917074956,0.9856387252997879,2807,4,measured,False,,-20.76905009097191,-17.809140501015307,-21.729147041538617,-20.2414300692411,-0.013914448558937798,0.024795282871625267,0.22768535307358478,2.447813922864224,3.9200065405233104,1,-20.137191925691734,-20.28641552994433,0.9600969505667081
216,216,22,Sokhda,2.257866105103973,4.0,311905.82492163364,2481316.0431843824,19474,1.0,0.024077105690357117,-16.183957208301084,0.9700376287067216,1.0627297476373936,19474,1.0,0.03490062336259212,-14.571668160059701,0.9455852950527872,1.1184036619151585,19474,1.0,0.03363938053351928,-14.731520102983637,0.9522892894689283,1.1027122531993727,19474,1.0,0.025585034316961623,-15.92013996176442,0.9864072208641047,1.0277500685283776,19474,4,measured,False,,-16.183957208301084,-14.571668160059701,-14.731520102983637,-15.92013996176442,0.02104981312054271,-0.01981033097967971,0.12402223448010638,-2.6410569640982295,1.612289048241383,1,-15.35182135827721,-15.038377040325585,-1.452437105317447
217,217,22,Sokhda,1.618538722955063,4.0,311714.2489977327,2481383.528153914,14202,1.0,0.008055291810388842,-20.939187222408997,1.0682748856924134,0.8762619684107342,14202,1.0,0.013037061605380337,-18.848202822521106,1.0089342937798467,0.982368056177071,14202,1.0,0.009412146443064111,-20.26311324279709,1.1460493601863597,0.7613657810713538,14202,1.0,0.009146580107331829,-20.387412576433327,1.0354520680245158,0.9326957554192439,14202,4,measured,False,,-20.939187222408997,-18.848202822521106,-20.26311324279709,-20.387412576433327,0.009798173617563867,-0.0020716555606039577,0.16084495383753003,-0.8003733132481443,2.0909843998878905,1,-20.10947896604013,-19.947679532541606,-0.6760739796119069
218,218,22,Sokhda,0.5209821847615763,4.0,311815.7861584487,2481420.679266689,4123,1.0,0.021732689924602054,-16.62886516334271,0.9680840003413548,1.0670233293533073,4123,1.0,0.029674464257480368,-15.27617113051393,0.9589480341417903,1.0874513922814926,4123,1.0,0.030844768782148053,-15.108184809561855,1.0113807315478673,0.9776212866267424,4123,1.0,0.018871503342244828,-17.241935016773976,0.9940075257649376,1.0120935449596846,4123,4,measured,False,,-16.62886516334271,-15.27617113051393,-15.108184809561855,-17.241935016773976,0.022038845706968898,-0.03556250345353534,0.10405338714067533,-3.6544305609929744,2.1337502072121204,2,-16.063789030048117,-15.725955790870271,-1.520680353780854
219,219,22,Sokhda,0.4809575378346955,4.0,311885.6576428752,2481423.84848036,3754,1.0,0.022879322422897665,-16.40556841432946,0.9375485835179547,1.1376598621500638,3754,1.0,0.033618250258230634,-14.734248941972716,0.9630213259608725,1.078271659710879,3754,1.0,0.031454336117420385,-15.023194767032194,0.9333948466122433,1.1478078813455284,3754,1.0,0.022713494250013597,-16.437160486616197,0.9876077429125076,1.0252529501953822,3754,4,measured,False,,-16.40556841432946,-14.734248941972716,-15.023194767032194,-16.437160486616197,0.020034400685467597,-0.023566095326400038,0.12856303633513405,-2.7963393668812664,1.7029115446434808,1,-15.65004315248764,-15.344402281221344,-1.382373647297264
220,220,22,Sokhda,0.6791941181349801,4.0,311960.68955492077,2481430.656473434,5475,1.0,0.008369868381959428,-20.77281371330297,1.0527303189408468,0.9023307094165005,5475,1.0,0.020984517466400475,-16.781010128279497,0.9666235194599768,1.0702501170678012,5475,1.0,0.007786765683287333,-21.086428937495192,1.078773338043696,0.8592896709504652,5475,1.0,0.007999902990836433,-20.969152793580406,1.1254107901269128,0.7895467506116751,5475,4,measured,False,,-20.77281371330297,-16.781010128279497,-21.086428937495192,-20.969152793580406,-0.0045451481766988775,0.001954602398579771,0.3070618142325748,0.4308913681070088,4.305418809215695,1,-19.902351393164516,-19.891903881738337,0.31361522419222254
221,221,22,Sokhda,0.439807731645368,3.827751622831884,311898.88366611954,2481512.3441734617,3370,1.0,0.008486421294097341,-20.71275412215862,1.0345637841034159,0.9342980816034885,3370,1.0,0.019090734880042193,-17.191773535233406,0.9250134078302567,1.168702423055709,3370,1.0,0.006552717316160377,-21.83578567078157,0.9932686593597178,1.0135998444836678,3370,1.0,0.010176100786251353,-19.9241860033009,1.000042961393525,0.9999140827496767,3370,4,measured,False,,-20.71275412215862,-17.191773535233406,-21.83578567078157,-19.9241860033009,-0.016275819545260105,0.031859994458011145,0.2708446605327089,3.034631216103616,4.644012135548163,1,-19.916124832868622,-20.092637502046053,1.1230315486229472
222,222,22,Sokhda,0.31199362653009594,3.0862947371221345,311938.48947719624,2481514.2965944223,2369,1.0,0.009055591839636957,-20.430831605582085,1.0557724749394586,0.8971381589182541,2369,1.0,0.019475671811162096,-17.105075524565102,0.9322288977568217,1.1506808285213268,2369,1.0,0.007305276745639933,-21.3636332704964,1.2376060576674845,0.6528826793682552,2369,1.0,0.009995458291278791,-20.00197288708388,1.026154037654155,0.9496747330380702,2369,4,measured,False,,-20.430831605582085,-17.105075524565102,-21.3636332704964,-20.00197288708388,-0.013518864708903119,0.022694339723542,0.25582739084746026,2.294462048326835,4.258557745931299,1,-19.725378321931867,-19.861049824303002,0.9328016649143152
223,223,22,Sokhda,0.7449046251335545,4.0,311998.5472256259,2481518.2479010783,6098,1.0,0.008450466404467002,-20.731193204826845,0.9965520204952707,1.0069317893731609,6098,1.0,0.02001967864355912,-16.985428981079053,0.8936171467752306,1.2522672219619368,6098,1.0,0.0069548314368945005,-21.57713391468298,0.9993109063445083,1.0013796131711745,6098,1.0,0.008323299171488547,-20.797044948670486,0.9610552947127792,1.0826878137967642,6098,4,measured,False,,-20.731193204826845,-16.985428981079053,-21.57713391468298,-20.797044948670486,-0.012260010287770103,0.013001482766874932,0.28813570951906087,1.626029675868633,4.591704933603928,1,-20.022700262314842,-20.125078846436658,0.8459407098561371
224,224,22,Sokhda,0.4594212551854085,4.0,312025.7939165764,2481435.3111125524,3535,1.0,0.009631128605002693,-20.16322817942408,0.9946497570876008,1.0107869778508507,3535,1.0,0.022343679837438717,-16.508453002675715,0.9077139529295422,1.2136738019889493,3535,1.0,0.008004483453155065,-20.966666888143386,1.0432316155995889,0.9188370945202186,3535,1.0,0.0077317484240435825,-21.11722285505765,0.9906071574462707,1.019053715695984,3535,4,measured,False,,-20.16322817942408,-16.508453002675715,-20.966666888143386,-21.11722285505765,-0.011644039256801526,-0.0025092661152377477,0.2811365520575666,0.6528827418050405,4.608769852381936,1,-19.688892731325208,-19.768883542035773,0.8034387087193053
225,225,22,Sokhda,0.4347827927628532,3.997356974310576,312017.784356929,2481362.306988701,3328,1.0,0.008394636370217458,-20.759981114173343,0.9885893867139876,1.0232178615409795,3328,1.0,0.019239138248453767,-17.158143846018902,0.897437392570356,1.2416285159342595,3328,1.0,0.007272290579857865,-21.383287762784498,0.9978030948905683,1.0044083319243227,3328,1.0,0.007486706944381292,-21.257091663282193,1.0404613767704436,0.9237364340399566,3328,4,measured,False,,-20.759981114173343,-17.158143846018902,-21.383287762784498,-21.257091663282193,-0.009033429690016744,0.002103268325038421,0.2770644052426493,0.7495027481134606,4.225143916765596,1,-20.139626096564733,-20.192552558680198,0.6233066486111554
226,226,22,Sokhda,0.9808480192153772,4.0,312086.9867346546,2481398.604015354,8131,1.0,0.00855227807640981,-20.679181865309268,0.9666944448818942,1.0700930764292285,8131,1.0,0.0268968804619744,-15.702980871616539,0.8923522210619849,1.255819961931238,8131,1.0,0.007254810259678482,-21.393739414967065,0.9825743759187406,1.035783841479054,8131,1.0,0.007696878656098431,-21.136853601863006,0.9862526766001538,1.028072187445908,8131,4,measured,False,,-20.679181865309268,-15.702980871616539,-21.393739414967065,-21.136853601863006,-0.010355906516779676,0.004281430218400987,0.38278469182251756,0.9714433627618568,5.690758543350526,1,-19.72818893843897,-19.776046638133803,0.7145575496577976
227,227,22,Sokhda,1.6989458802814594,4.0,312155.4114915659,2481214.2803916465,14720,1.0,0.011484497444830372,-19.398880045362038,0.9889697177666983,1.0224310089428985,14720,1.0,0.030518402825081288,-15.1543819884312,0.9106269843435607,1.2059213081292943,14720,1.0,0.008253908844439009,-20.8334033174837,1.681445536626891,0.35369945492521226,14720,1.0,0.01221906148322724,-19.1296214992884,1.0734599818790895,0.8678172578362146,14720,4,measured,False,,-19.398880045362038,-15.1543819884312,-20.8334033174837,-19.1296214992884,-0.02079019234958931,0.02839636363658832,0.3264998505331413,3.138305090316962,5.6790213290525,1,-18.629071712641334,-18.846084777429738,1.4345232721216625
228,228,22,Sokhda,0.47549105768399313,4.0,312074.24111175106,2481237.6836055764,3683,1.0,0.010286496757250364,-19.87732506485535,1.033127441307991,0.9368977709106834,3683,1.0,0.027556523135766026,-15.597755791521472,0.9317891159298645,1.1517672716438352,3683,1.0,0.010491328485787635,-19.791695149030744,1.1602319432407389,0.7428657979861157,3683,1.0,0.007099071921030458,-21.487984239457944,1.231183086705365,0.6597125082579598,3683,4,measured,False,,-19.87732506485535,-15.597755791521472,-19.791695149030744,-21.487984239457944,0.0012410132728203557,-0.028271484840453335,0.3291976364102982,-1.7819190062518047,5.890228447936472,1,-19.188690061216377,-19.068860725244743,-0.08562991582460455
229,229,22,Sokhda,0.7804683459314518,4.0,312025.17210047506,2481190.511352706,6470,1.0,0.011959968460652629,-19.222699656137106,0.946230680717836,1.1168785464227604,6470,1.0,0.014954658315779572,-18.25223505285067,0.9256898136643663,1.1669950945135525,6470,1.0,0.0074979666730591,-21.250564942610538,1.046392566786299,0.9132942180129059,6470,1.0,0.011321145180267661,-19.46109640257649,0.9538452096991072,1.0991176805643283,6470,4,measured,False,,-19.222699656137106,-18.25223505285067,-21.250564942610538,-19.46109640257649,-0.029389351977875823,0.029824475667234118,0.07465112332972595,3.817333826507479,2.9983298897598694,1,-19.5466490135437,-19.930351285557713,2.027865286473432
230,230,22,Sokhda,1.6167286085646133,4.0,311835.52676531,2480968.685644406,14204,1.0,0.02252396675349736,-16.47355122370955,0.9316247368612933,1.152173751048116,14204,1.0,0.036171652305810556,-14.416316523966287,0.9482576427160593,1.112108849488632,14204,1.0,0.03484054388492835,-14.579150739749515,0.9307544707307932,1.1543293497382465,14204,1.0,0.02425982682525905,-16.15112303597345,1.0479946209519095,0.910504073041694,14204,4,measured,False,,-16.47355122370955,-14.416316523966287,-14.579150739749515,-16.15112303597345,0.02745507947768165,-0.026199538270398885,0.15824882305717397,-3.466372780183967,2.057234699743262,1,-15.4050353808497,-14.996631294694764,-1.894400483960034
231,231,22,Sokhda,0.941156818395108,4.0,311811.8089170514,2480815.245244943,7534,1.0,0.012045452389192465,-19.191768846286504,0.9477717395692551,1.113249452625746,7534,1.0,0.017969860179308985,-17.4545530205579,0.9461847910307067,1.116986885619132,7534,1.0,0.00894775910765387,-20.482857165317014,1.0448518423320174,0.9159896665914681,7534,1.0,0.0087134634017203,-20.598091885874794,0.9864970383504995,1.0275629301550364,7534,4,measured,False,,-19.191768846286504,-17.4545530205579,-20.482857165317014,-20.598091885874794,-0.018711424913485663,-0.0019205786759629955,0.13363198659450803,1.175853598472731,3.143538865316895,1,-19.431817729509053,-19.634705805230546,1.2910883190305107
232,232,22,Sokhda,0.2671883684739587,3.1637099736727756,311925.1414336178,2480858.282119153,2042,1.0,0.009166881939365854,-20.377783619096633,1.0807813275051528,0.8560996792225996,2042,1.0,0.013268246182386699,-18.771864790684273,0.9972781045672178,1.0054660979481373,2042,1.0,0.008418879363939244,-20.747457135416013,1.0956921657649095,0.8329575846962919,2042,1.0,0.009478894294966022,-20.232423197928764,1.0551939900584177,0.8981220976545534,2042,4,measured,False,,-20.377783619096633,-18.771864790684273,-20.747457135416013,-20.232423197928764,-0.005357587193034503,0.008583898958120824,0.12353221757018154,0.8847074538066302,1.9755923447317407,1,-20.032382185781422,-20.080698748796337,0.3696735163193807
233,233,22,Sokhda,1.4462685345629929,4.0,311986.03747902956,2480887.8069778266,12399,1.0,0.011171352131849256,-19.518942585887757,1.0073687945268168,0.9854237224808258,12399,1.0,0.0301913497896464,-15.20117470180249,0.931733828566829,1.1519039631808385,12399,1.0,0.007957023011195,-20.992493859856012,1.262397637809627,0.6274912201698626,12399,1.0,0.008857531193900307,-20.526873095209023,1.0587284169588427,0.8921355797161514,12399,4,measured,False,,-19.518942585887757,-15.20117470180249,-20.992493859856012,-20.526873095209023,-0.021355815564757318,0.007760346077449813,0.3321359910834821,1.9391720386152436,5.791319158053522,1,-19.05987106068882,-19.26112008332074,1.4735512739682548
234,234,22,Sokhda,0.749409686554363,4.0,312081.5563550406,2480975.8837225754,6167,1.0,0.014133206685014978,-18.497592898424188,0.9786926926212629,1.0440163705940582,6167,1.0,0.01629575719384858,-17.87925454930654,0.9750772256055751,1.0517728939592894,6167,1.0,0.008254958455856073,-20.832851080387236,1.1067013057537907,0.8164679760861885,6167,1.0,0.010534417089028282,-19.773894906227877,1.0194311246423784,0.9622418067378247,6167,4,measured,False,,-18.497592898424188,-17.87925454930654,-20.832851080387236,-19.773894906227877,-0.03384432147772534,0.017649269569322654,0.04756448839366511,3.394214356122408,2.953596531080695,1,-19.24589835858646,-19.67899880341185,2.3352581819630487
235,235,22,Sokhda,0.9883056539153448,4.0,312087.27742366976,2480884.1660967856,8347,1.0,0.029651351128165037,-15.279555122782313,0.9425706998171186,1.1255690149000657,8347,1.0,0.04152390752320771,-13.817017848340353,0.9265899784783783,1.164728768129888,8347,1.0,0.03618959351906827,-14.414162948530345,0.9952107959051846,1.0096476596526842,8347,1.0,0.009010127006558271,-20.452690871720286,1.0909229466008459,0.8402564333629815,8347,4,measured,False,,-15.279555122782313,-13.817017848340353,-14.414162948530345,-20.452690871720286,0.012541915568869093,-0.10064213205316568,0.11250286726476616,-6.903920097441908,6.635673023379933,1,-15.990856697843324,-15.702375203350355,-0.8653921742519675
236,236,22,Sokhda,0.9385149634882342,4.0,312178.2386145404,2480933.601550539,7868,1.0,0.009878563298448422,-20.053062129960146,0.9851207525003893,1.0304360971286628,7868,1.0,0.016654168621294888,-17.784770424802208,0.9232744785082874,1.1731089236260546,7868,1.0,0.008057056960593056,-20.93823566034019,1.1476297129557682,0.7592703350391128,7868,1.0,0.0152522241947372,-18.16666819591546,0.9271270773566263,1.1633796686856726,7868,4,measured,False,,-20.053062129960146,-17.784770424802208,-20.93823566034019,-18.16666819591546,-0.012828601889565854,0.046192791073745514,0.17448397731984144,3.6567409948047747,3.1534652355379826,1,-19.2356841027545,-19.405714710679163,0.8851735303800439
237,237,22,Sokhda,0.5468197505451972,4.0,312170.3275763765,2481009.4827805636,4280,1.0,0.011010948467596322,-19.581752699018192,1.1426299822020822,0.7659294505523542,4280,1.0,0.026594013097748212,-15.752161216868792,0.9296932053689743,1.1569662388939983,4280,1.0,0.009308191068163562,-20.311347105811137,1.1229318889042446,0.7930364880016694,4280,1.0,0.00982895896874363,-20.074924779025594,1.053639781092596,0.9007736659706835,4280,4,measured,False,,-19.581752699018192,-15.752161216868792,-20.311347105811137,-20.074924779025594,-0.010573831982506445,0.003940372113092394,0.2945839601653385,0.9660167335784884,4.559185888942345,1,-18.930046450180928,-19.000285504134926,0.7295944067929447
238,238,22,Sokhda,0.22419868518933653,2.907696195753492,312118.2615714676,2481123.5869052,1717,1.0,0.012059831565023122,-19.186587577756228,0.9862336169658247,1.0281119242161008,1717,1.0,0.018982978052227845,-17.216356543853607,0.9698182443346406,1.0632106061280775,1717,1.0,0.010693215059903439,-19.708916986407683,0.9716419930986289,1.059223110142915,1717,1.0,0.0166481002677811,-17.786353171301087,0.9806149616046959,1.0399272768041146,1717,4,measured,False,,-19.186587577756228,-17.216356543853607,-19.708916986407683,-17.786353171301087,-0.007569991429731231,0.0320427302517766,0.1515562333771247,2.4448932237580507,2.492560442554076,1,-18.474553569829652,-18.568875196659253,0.5223294086514549
239,239,22,Sokhda,0.6230334578872425,4.0,311175.9123638653,2481205.3422587505,4996,1.0,0.008061937649189851,-20.935605649918863,1.0035504824472905,0.9929366746449497,4996,1.0,0.014588482778132067,-18.35989872969346,0.9440370676186524,1.1220750497510787,4996,1.0,0.007021399038382483,-21.535763445492858,1.0043152805789348,0.9914249840759327,4996,1.0,0.011931564384850718,-19.23302610883982,0.9275226097809963,1.1623876577914294,4996,4,measured,False,,-20.935605649918863,-18.35989872969346,-21.535763445492858,-19.23302610883982,-0.008697939066289788,0.038378955610883975,0.19813130155580028,2.9028951322270338,3.175864715799399,1,-20.016073483486252,-20.120643457385096,0.6001577955739954
240,240,22,Sokhda,0.6477455709134112,4.0,311185.281954706,2481141.239660517,5217,1.0,0.008607973059798962,-20.650991008783087,1.0905373325100374,0.8408507679111941,5217,1.0,0.016071856364014637,-17.93933957581024,0.9435426282759857,1.1232513472436219,5217,1.0,0.012314040320011576,-19.095994287265196,1.0573737772919747,0.8944229380962953,5217,1.0,0.012027246128735517,-19.198338014221058,1.0368495746153852,0.9301832018573009,5217,4,measured,False,,-20.650991008783087,-17.93933957581024,-19.095994287265196,-19.198338014221058,0.02253618436982452,-0.0017057287825977005,0.20858857176714204,-1.6573404484737537,2.7116514329728467,1,-19.221165721519895,-18.88880981403532,-1.5549967215178917
241,241,22,Sokhda,1.2201418833930744,4.0,311082.7183245855,2481080.3151626214,10397,1.0,0.008052132558453023,-20.94089084139716,1.0376330651638241,0.9287790164548604,10397,1.0,0.018017743745079737,-17.442995940679044,0.9688429537816515,1.0653522559712498,10397,1.0,0.007450748973458642,-21.278000683670385,1.0733916171816158,0.8679278045419228,10397,1.0,0.009930449467522395,-20.03031094218904,0.9853361102804639,1.0299857164368877,10397,4,measured,False,,-20.94089084139716,-17.442995940679044,-21.278000683670385,-20.03031094218904,-0.004885649888017757,0.020794829024689085,0.26906883851677815,1.5847995837545703,3.835004742991341,1,-19.923049601983905,-19.94521332047335,0.33710984227322527
242,242,22,Sokhda,0.2829378630774561,3.260181168065873,311037.14925358864,2480844.403059781,2160,1.0,0.012071683174176711,-19.182321713034067,1.0398828221364367,0.9247645896221469,2160,1.0,0.014886158637941831,-18.272173571555367,0.9621806232274586,1.0801567568295478,2160,1.0,0.007098714536681217,-21.488202879245616,1.041213128932252,0.9224030467492083,2160,1.0,0.00883093446641565,-20.53993338083252,1.0300537518092927,0.9424975357945221,2160,4,measured,False,,-19.182321713034067,-18.272173571555367,-21.488202879245616,-20.53993338083252,-0.03341856762625433,0.01580449164021829,0.07001139549836156,3.254150664624646,3.216029307690249,1,-19.870657886166892,-20.29138641685739,2.305881166211549
243,243,22,Sokhda,0.31091613812935537,3.2189055902681605,311040.41732550383,2480896.2582985735,2375,1.0,0.008940222220647755,-20.486516861255986,1.025205048882273,0.9514336938918976,2375,1.0,0.015669699750307603,-18.04939325039634,0.890255737354737,1.261741644896311,2375,1.0,0.007906672404536757,-21.020062548599316,1.1355052098144813,0.7755713143907741,2375,1.0,0.006724514667908998,-21.72339054768691,1.0341077693601728,0.9351222657973313,2375,4,measured,False,,-20.486516861255986,-18.04939325039634,-21.020062548599316,-21.72339054768691,-0.007732546193381607,-0.011722133318126578,0.1874710469892036,-0.16978231174426384,3.6739972972905726,1,-20.31984080198464,-20.36226179059074,0.5335456873433309
244,244,22,Sokhda,0.8506963185503671,4.0,310974.4283541235,2481138.2301303525,6881,1.0,0.009363297654675412,-20.285711703853444,1.0448210640594011,0.9160436337173035,6881,1.0,0.013841073958781631,-18.588302107262887,0.9788687214799402,1.0436409157819524,6881,1.0,0.008806982651685606,-20.5517285914499,1.048061101033675,0.9103885674373029,6881,1.0,0.012273538983758292,-19.110301936290828,0.9564337931930832,1.0931762182217144,6881,4,measured,False,,-20.285711703853444,-18.588302107262887,-20.5517285914499,-19.110301936290828,-0.0038553172115428588,0.02402377758598456,0.13056996896850437,1.7074435427555308,1.9634264841870142,1,-19.634011084714263,-19.678006706732063,0.26601688759645725
245,245,22,Sokhda,0.360636167457141,3.574603342551551,310861.0866297472,2481131.9876002367,2751,1.0,0.007653635824094105,-21.16132206254333,1.0242916419307007,0.9531313229618807,2751,1.0,0.022505540789121856,-16.47710546870816,0.8901593362658256,1.262014943955844,2751,1.0,0.006610398981249877,-21.797723271821443,1.1285572590249426,0.7851503035093662,2751,1.0,0.007188773955464062,-21.433451721734194,0.9880332814136467,1.024370002910768,2751,4,measured,False,,-21.16132206254333,-16.47710546870816,-21.797723271821443,-21.433451721734194,-0.009223205931566846,0.006071192501454151,0.3603243533719362,1.0006727593653615,5.320617803113283,1,-20.217400631201784,-20.257986306159943,0.6364012092781124
246,246,22,Sokhda,1.3289544930385426,4.0,311197.1179317498,2481280.210494921,11395,1.0,0.02387102400864902,-16.22128950420693,0.958835042211301,1.0877077042988643,11395,1.0,0.02927132472781676,-15.335576223232284,1.0038941886756605,0.9922568816925998,11395,1.0,0.030161453390837877,-15.20547734937115,1.289579311861378,0.6013175583581084,11395,1.0,0.036082529573234635,-14.42703023757912,2.0517460452819343,0.23754877217094664,11395,4,measured,False,,-16.22128950420693,-15.335576223232284,-15.20547734937115,-14.42703023757912,0.01472191528747505,0.012974118529867192,0.06813179084420348,-0.23736504304374684,1.7942592666278099,3,-15.297343328597371,-15.110421355579527,-1.0158121548357784
247,247,22,Sokhda,0.3614106724610785,3.446367264220189,310774.67289514205,2481081.0947557976,2762,1.0,0.010926148713766402,-19.6153289268025,1.0036588799374893,0.9927222072928151,2762,1.0,0.02425755706079264,-16.151529383597637,0.8707081071604063,1.3190304566942816,2762,1.0,0.010232738838513453,-19.900081098600268,1.1281680801636895,0.7856920961923539,2762,1.0,0.013885001333383815,-18.574540742081993,1.0514414540630792,0.9045442328633505,2762,4,measured,False,,-19.6153289268025,-16.151529383597637,-19.900081098600268,-18.574540742081993,-0.0041268430695328455,0.022092339275304577,0.26644611870806645,1.610292528316041,3.7485517150026304,1,-18.5603700377706,-18.574948277051238,0.28475217179776635
248,248,22,Sokhda,0.5567778905524028,4.0,310775.05552744685,2481031.7040522564,4409,1.0,0.02398274831264767,-16.201010502352688,1.0083940136526839,0.9834210099144572,4409,1.0,0.02655894472530269,-15.757891849170736,0.9642515005671144,1.0755221358050084,4409,1.0,0.032204934985743554,-14.920775732465057,0.9619719553358899,1.0806254159783697,4409,1.0,0.023364432679501508,-16.314447597778322,1.0474680761293698,0.9114196936988439,4409,4,measured,False,,-16.201010502352688,-15.757891849170736,-14.920775732465057,-16.314447597778322,0.01855412709982074,-0.023227864421887765,0.034086050244765485,-2.673906635200897,1.3936718653132658,2,-15.798531420441702,-15.533273313782992,-1.280234769887631
249,249,22,Sokhda,0.32927255394468086,3.4033945322100414,310857.2631171172,2481087.9788985057,2517,1.0,0.00893269557407752,-20.49017466498279,1.0313616582167104,0.94010862218352,2517,1.0,0.017898991801119132,-17.47171430893959,0.9244174202070675,1.170209873471872,2517,1.0,0.007696366756598347,-21.137142449500132,1.058210224621014,0.8930095289592994,2517,1.0,0.010307397286316338,-19.868509842693435,1.0385016757567436,0.9272259907327928,2517,4,measured,False,,-20.49017466498279,-17.47171430893959,-21.137142449500132,-19.868509842693435,-0.009376344703149908,0.021143876780111627,0.2321892581571692,1.9156003913240411,3.665428140560543,1,-19.741885316528986,-19.82922353746213,0.6469677845173436
250,250,22,Sokhda,0.5114545146023854,3.9950251090623636,310955.7257587332,2481088.833680361,3906,1.0,0.008861556397296199,-20.52489994208311,0.9719236254872677,1.0586093411054776,3906,1.0,0.019209410009124534,-17.164859736972037,0.8937830607224959,1.2518023455891387,3906,1.0,0.009999534208293909,-20.000202295479088,0.9611062326293718,1.0825730535377383,3906,1.0,0.014987295172404437,-18.24276739246046,0.9133441469032821,1.1987568450147141,3906,4,measured,False,,-20.52489994208311,-17.164859736972037,-20.000202295479088,-18.24276739246046,0.007604313718898864,0.029290581716977116,0.2584646311623902,1.2327372564146053,3.3600402051110727,1,-18.983182341748673,-18.85964546868741,-0.5246976466040216
251,251,22,Sokhda,0.5215320846717805,4.0,310860.41341075714,2481032.056688002,4116,1.0,0.009753147165688933,-20.10855222645235,0.998769225130894,1.002466101627582,4116,1.0,0.01547458398107929,-18.103810177295077,0.9286167490102052,1.1596501136274375,4116,1.0,0.0067273246419364465,-21.72157613970291,1.011021623557544,0.9783158988021474,4116,1.0,0.010704529806350142,-19.704324042212257,0.9738035839824544,1.0545259291299016,4116,4,measured,False,,-20.10855222645235,-18.103810177295077,-21.72157613970291,-19.704324042212257,-0.023377158163051616,0.03362086829151091,0.15421092685825172,3.630276010741216,3.6177659624078338,1,-19.90956564641565,-20.20362928649424,1.6130239132505615
252,252,22,Sokhda,1.057311081661089,4.0,310964.7993143161,2481024.4779936015,8941,1.0,0.00996838042588987,-20.01375396275586,0.9978002279919663,1.0044141037028784,8941,1.0,0.016156886573008723,-17.916423239099867,0.9348471156456881,1.1442444514667225,8941,1.0,0.006778424535979806,-21.68871234575127,1.0327946158525625,0.937501712229067,8941,1.0,0.011121238879923646,-19.538468306725456,0.9686302577214957,1.0658201767371172,8941,4,measured,False,,-20.01375396275586,-17.916423239099867,-21.68871234575127,-19.538468306725456,-0.024274759173846517,0.03583740065043024,0.16133313258892257,3.825202422021224,3.772289106651403,1,-19.78933946358311,-20.09539044776896,1.6749583829954098
253,253,22,Sokhda,0.7286031622940209,4.0,310810.6327266844,2480942.229077024,5971,1.0,0.022416125799652617,-16.494394447839586,0.9233565302488808,1.1729004421799838,5971,1.0,0.030787673687252805,-15.116231250934755,1.002663691001334,0.9946938283992829,5971,1.0,0.036056653126767355,-14.430145880971068,0.9348305396936135,1.1442850301781355,5971,1.0,0.04202716064522538,-13.764699499366165,0.9058266521842355,1.2187364785573365,5971,4,measured,False,,-16.494394447839586,-15.116231250934755,-14.430145880971068,-13.764699499366165,0.02991664589664518,0.01109077302674839,0.10601255360806391,-1.398802185263614,2.729694948473421,3,-14.951367769777894,-14.562891380972971,-2.0642485668685175
254,254,22,Sokhda,2.1852211968278743,4.0,310693.1978100512,2480929.3640720895,19506,1.0,0.00786118148871764,-21.045121771832918,1.0154750096686236,0.9697538663797367,19506,1.0,0.017941833536579858,-17.46133177003767,0.9253910757673253,1.1677486827894379,19506,1.0,0.00613359428291804,-22.122849545545975,1.0594883838088545,0.8908561880481832,19506,1.0,0.012932590847498359,-18.88314462122154,0.9972121415559222,1.0055991203259824,19506,4,measured,False,,-21.045121771832918,-17.46133177003767,-22.122849545545975,-18.88314462122154,-0.015619243097290689,0.05399508207207392,0.27567615398424977,4.317432698037493,4.661517775508305,1,-19.878111927159523,-20.06844069660098,1.0777277737130575
255,255,22,Sokhda,0.3891005307637155,3.8567385945567407,310881.85985540046,2480912.5973463915,2976,1.0,0.006861429210158515,-21.635854129468512,1.0068249713678004,0.9864885370922987,2976,1.0,0.012553843195209333,-19.012233002416743,0.9491643345999035,1.1099851741223987,2976,1.0,0.007020318245449572,-21.536431999628057,0.9850082046794733,1.0306715874776307,2976,1.0,0.006269047669607233,-22.02798427789265,1.141511722032409,0.7674308419298483,2976,4,measured,False,,-21.635854129468512,-19.012233002416743,-21.536431999628057,-22.02798427789265,0.001440900432470368,-0.008192537971076537,0.20181700977321307,-0.5909744081050476,3.015751275475907,1,-21.053125852351492,-20.980679649148293,-0.0994221298404554
256,256,22,Sokhda,0.3326938893618295,3.5165278893438177,310885.9242855832,2480962.516119495,2544,1.0,0.01640401456046984,-17.850498538975437,0.9528968300115069,1.1013065840624974,2544,1.0,0.01991361344749082,-17.008499274202194,0.969965793538414,1.062887163904435,2544,1.0,0.008397461285672968,-20.758519896842568,1.0627647326938823,0.8853718949785085,2544,1.0,0.00969359616849831,-20.135150767780956,1.0587544777978342,0.8920916611003692,2544,4,measured,False,,-17.850498538975437,-17.008499274202194,-20.758519896842568,-20.135150767780956,-0.04214523707053813,0.010389485484360191,0.06476917421332637,3.5313904869287427,3.750020622640374,1,-18.938167119450288,-19.464109631888483,2.9080213578671312
257,257,22,Sokhda,0.2645702222466469,3.1736280379959276,310791.36169062083,2480867.9493822223,2027,1.0,0.010441605888708719,-19.812327029649108,1.0596141115774567,0.8906447927591123,2027,1.0,0.016740407347491156,-17.76233978444597,1.0286632487824543,0.9450473137664409,2027,1.0,0.00940070898062304,-20.26839391638465,1.125709962945712,0.7891271406826772,2027,1.0,0.011315577285981258,-19.463232847741445,1.0025518423270692,0.9949157847856646,2027,4,measured,False,,-19.812327029649108,-17.76233978444597,-20.26839391638465,-19.463232847741445,-0.006609665025152779,0.013419351144053415,0.15769132655408752,1.2612279553787467,2.5060541319386793,1,-19.326573394555297,-19.38794326231518,0.45606688673554174
258,258,22,Sokhda,0.6946125446865336,4.0,310865.78461328254,2480852.5548811844,5639,1.0,0.01234017326356635,-19.08678742500304,1.0356439956255152,0.9323500893944201,5639,1.0,0.01493250774497503,-18.25867251327313,0.9677206408190309,1.0678247711333322,5639,1.0,0.007734587619490606,-21.115628363736544,1.1146108019110663,0.804921457383571,5639,1.0,0.009573877792462644,-20.18912120451089,1.2053851865831868,0.6882532963137802,5639,4,measured,False,,-19.08678742500304,-18.25867251327313,-21.115628363736544,-20.18912120451089,-0.029403491865702982,0.015441785987094232,0.06370114705614682,2.9553480979591598,2.8569558504634145,1,-19.6625523766309,-20.03386357521309,2.028840938733506
259,259,22,Sokhda,0.7847632123790681,4.0,310674.30999117397,2481038.2960279915,6292,1.0,0.00910331808885188,-20.408002818519595,1.0006469963243771,0.9987072620815106,6292,1.0,0.024325875989005517,-16.139315115800077,0.8837753042416188,1.2803133578007324,6292,1.0,0.006621085138143519,-21.790708276468198,1.0414999419157385,0.9218950856218149,6292,1.0,0.009082112637713816,-20.418131162167942,1.0222718382380338,0.9569014356397055,6292,4,measured,False,,-20.408002818519595,-16.139315115800077,-21.790708276468198,-20.418131162167942,-0.020039209535487,0.022876285238337603,0.328360592516886,2.755282572248859,5.651393160668121,1,-19.689039343238953,-19.89041399004398,1.3827054579486031
260,260,22,Sokhda,1.8687723631177098,4.0,310463.6204963748,2480911.0120902024,16274,1.0,0.008514368450127725,-20.698475601261105,1.0332571599749631,0.9366625429233144,16274,1.0,0.015238680840489818,-18.170526267295184,0.9276597367712279,1.162044034081602,16274,1.0,0.006531388056224942,-21.849945122780557,1.0637707097827411,0.8836981457470107,16274,1.0,0.011104683737439103,-19.54493805691905,1.0042165012971227,0.9916200357690703,16274,4,measured,False,,-20.698475601261105,-18.170526267295184,-21.849945122780557,-19.54493805691905,-0.01668796407999206,0.03841678443102511,0.19445764107430163,3.4564765873809584,3.6794188554853733,1,-20.065971262063975,-20.27184656169554,1.1514695215194521
261,261,22,Sokhda,0.8134373561375774,4.0,310313.73204059264,2480861.2160319826,6672,1.0,0.0068382597343189366,-21.650544076284547,1.0386783286053023,0.9269106222897588,6672,1.0,0.009735689084100791,-20.11633304048273,0.9536088585834606,1.0996625787802496,6672,1.0,0.00827263062035481,-20.823563668394343,0.969157959790192,1.0646598243205423,6672,1.0,0.01295438556041209,-18.87583181215464,0.9569532667209192,1.091989698475903,6672,4,measured,False,,-21.650544076284547,-20.11633304048273,-20.823563668394343,-18.87583181215464,0.011985223302756582,0.03246219760399504,0.11801623352321673,1.1207514483494982,2.7747122641299065,3,-20.366568149329066,-20.223129252124146,-0.8269804078902041
262,262,22,Sokhda,1.2893564361958212,4.0,310330.6478644602,2480778.0417457805,11010,1.0,0.007424436004529229,-21.29336531832157,1.0524026266412936,0.9028927240911946,11010,1.0,0.015304605042131828,-18.151778735306113,0.9690252146719612,1.0649515361816648,11010,1.0,0.0077255255510477435,-21.120719667696207,1.0035904891986267,0.9928575121194216,11010,1.0,0.010008317793882641,-19.99638912953088,0.9905915553039185,1.019085816810237,11010,4,measured,False,,-21.29336531832157,-18.151778735306113,-21.120719667696207,-19.99638912953088,0.002502110878628444,0.018738842302755465,0.24166050638580436,0.9516848875399653,3.1415865830154566,1,-20.140563212713694,-20.073927562398897,-0.17264565062536263
263,263,22,Sokhda,0.8282630285468942,4.0,310291.54830864514,2480702.3507062052,6851,1.0,0.008024348167521093,-20.955902360254267,1.0473769202911478,0.9115783468826693,6851,1.0,0.013004710096451787,-18.858993247379736,0.9508505538751901,1.106051814058973,6851,1.0,0.012494481205075628,-19.032817719065168,0.9674642797921478,1.068390755697038,6851,1.0,0.006516282987990707,-21.860000634896597,1.0957266515649846,0.832905154180594,6851,4,measured,False,,-20.955902360254267,-18.858993247379736,-19.032817719065168,-21.860000634896597,0.027870791901291294,-0.04711971526385715,0.16130070099034854,-4.750267557020528,3.001007387516861,1,-20.17692849039894,-19.740713791697146,-1.9230846411890994
264,264,22,Sokhda,0.615841978383204,4.0,310203.52632521297,2480767.1805298566,4869,1.0,0.00992941078667718,-20.030765218658434,1.0211179759919817,0.9590652527499786,4869,1.0,0.013127729235646318,-18.818103893496446,1.0155165661854066,0.9696745003317476,4869,1.0,0.0071574599962065544,-21.45241070616919,1.1658029098339266,0.7357829672100358,4869,1.0,0.011708807303635585,-19.314873412923145,0.9827972202490469,1.035314177171367,4869,4,measured,False,,-20.030765218658434,-18.818103893496446,-21.45241070616919,-19.314873412923145,-0.020603557790010944,0.03562562155410074,0.09328164039707605,3.5591827807567995,2.634306812672744,1,-19.904038307811803,-20.179151795290036,1.4216454875107551
265,265,22,Sokhda,0.21617113782824018,2.8506391697304423,310197.74705610337,2480679.663677398,1653,1.0,0.012675958950779628,-18.970191758779787,0.9540434710691785,1.0986609090619035,1653,1.0,0.01809369081040392,-17.42472835290612,0.9030684703627347,1.2261924584938027,1653,1.0,0.008835017988342865,-20.537925619206476,1.168872415132458,0.7319236507517864,1653,1.0,0.01240310516446611,-19.064695739530137,1.019529909906193,0.9620553468709515,1653,4,measured,False,,-18.970191758779787,-17.42472835290612,-20.537925619206476,-19.064695739530137,-0.022720780585894038,0.02455383132793898,0.11888180045182067,3.0409637401030274,3.1131972663003573,1,-18.99938536760563,-19.28372040858302,1.5677338604266886
266,266,22,Sokhda,0.6077356130878907,4.0,310139.8490507879,2480762.975743656,4755,1.0,0.00754563703302886,-21.22304089453597,1.074610113490295,0.8659606404006768,4755,1.0,0.015564126070388007,-18.078752600417662,0.9227156688008041,1.1745302567196694,4755,1.0,0.007925410393780535,-21.009782398812376,1.027989596778603,0.9462863177693677,4755,1.0,0.008491318501253984,-20.710248688420695,1.1027757364032678,0.822291111622789,4755,4,measured,False,,-21.22304089453597,-18.078752600417662,-21.009782398812376,-20.710248688420695,0.0030907028365738183,0.004992228506528029,0.24186833031679292,0.0862752146680883,3.144288294118308,1,-20.255456145546674,-20.16698891715218,-0.21325849572359346
267,267,22,Sokhda,2.1551723531174822,4.0,310679.2336074091,2480731.2253202614,19129,1.0,0.00960143028713232,-20.17664067008296,1.0541701142336328,0.89986756939727,19129,1.0,0.01755503744561852,-17.5559823982961,0.9114873851142314,1.2036457178605042,19129,1.0,0.01531269428641465,-18.149483879578412,0.9748288032468213,1.0523090233693178,19129,1.0,0.03707130408462216,-14.309621362042197,0.9327971650709015,1.149279248093109,19129,4,measured,False,,-20.17664067008296,-17.5559823982961,-18.149483879578412,-14.309621362042197,0.029379083920355778,0.06399770862560358,0.20158909782975862,1.8127057270316662,5.8670193080407635,3,-17.547932077499915,-17.199909015298978,-2.0271567905045487
268,268,22,Sokhda,0.6035998364538303,4.0,310600.16858339746,2480786.2191846743,4776,1.0,0.02057451102005045,-16.866704775648955,0.9190983455324274,1.1837937189578975,4776,1.0,0.029273668613089984,-15.33522847823042,0.9410156778824398,1.1292920786383034,4776,1.0,0.03253918249695696,-14.875933623248025,0.9437825765807701,1.1226802665699798,4776,1.0,0.0197819462107041,-17.03730983366245,1.0335693461815383,0.9360967967235322,4776,4,measured,False,,-16.866704775648955,-15.33522847823042,-14.875933623248025,-17.03730983366245,0.028851755831897533,-0.03602293684024043,0.11780586903219505,-4.152147362815356,2.161376210414426,2,-16.028794177697463,-15.601724098441293,-1.9907711524009297
269,269,22,Sokhda,0.6948285958537773,4.0,310540.9119536806,2480777.753395908,5604,1.0,0.008549029034385121,-20.680832079565555,0.9800501367403185,1.0411262890184108,5604,1.0,0.0158219605303317,-18.007397032182276,0.9811258254357444,1.0388445962604382,5604,1.0,0.008775011492477365,-20.567523060739635,1.0574731824159715,0.8942547900133861,5604,1.0,0.00976816626522177,-20.101869568176976,0.9992896436831988,1.0014222278869676,5604,4,measured,False,,-20.680832079565555,-18.007397032182276,-20.567523060739635,-20.101869568176976,0.0016421596931292695,0.007760891542710979,0.20564884979871378,0.35234447373673916,2.673435047383279,1,-19.83940543516611,-19.78025605190444,-0.1133090188259196
270,270,22,Sokhda,1.4712140698226168,4.0,310547.9496128937,2480671.964703708,12794,1.0,0.00848986979178379,-20.710989704325414,1.0757028049644852,0.864202260263428,12794,1.0,0.017190198102818424,-17.647191183993264,0.9472069462015175,1.1145774482974475,12794,1.0,0.009200261931840705,-20.36199808096431,1.0837026201738604,0.8514903946098511,12794,1.0,0.008234156313570948,-20.84380892806477,1.1237676946570352,0.7918572799267121,12794,4,measured,False,,-20.710989704325414,-17.647191183993264,-20.36199808096431,-20.84380892806477,0.005057849613929055,-0.0080301807850077,0.23567680925631918,-0.8308024704615669,3.1966177440715065,1,-19.89099697433694,-19.765578957083378,-0.3489916233611048
271,271,22,Sokhda,0.5089799478166737,4.0,311711.6109449454,2480005.075978399,3914,1.0,0.006210395604156445,-22.068807342469444,1.0255357214002152,0.9508202345127,3914,1.0,0.00932280738891356,-20.304532882983132,1.0954658309354897,0.8333018159509603,3914,1.0,0.007605198848741017,-21.188894262155905,0.9861699780409995,1.028244619491747,3914,1.0,0.012308949776708076,-19.097790003292705,0.9326099448837909,1.1497407269233992,3914,4,measured,False,,-22.068807342469444,-20.304532882983132,-21.188894262155905,-19.097790003292705,0.012752363482804915,0.03485173764772001,0.13571341996048558,1.2111911785496616,2.97101733917674,3,-20.6650061227253,-20.51041239916894,-0.8799130803135391
272,272,22,Sokhda,0.9326545888766646,4.0,311887.195559743,2480371.1948072296,7896,1.0,0.011005662235804814,-19.583838198346093,0.9979799135995316,1.0040524481054607,7896,1.0,0.017538360625273086,-17.56011004166781,0.9397709918335286,1.1322854566957221,7896,1.0,0.007702656615754441,-21.13359462544752,1.094308307832168,0.8350656264605643,7896,1.0,0.008997978296707449,-20.45855058695631,0.9849094827064369,1.0308782156681093,7896,4,measured,False,,-19.583838198346093,-17.56011004166781,-21.13359462544752,-20.45855058695631,-0.022460238073933745,0.011250733974853528,0.15567139666756036,2.22480046559264,3.573484583779713,1,-19.684023363104433,-19.942819772181664,1.5497564271014284
273,273,22,Sokhda,1.1231173649212811,4.0,311798.6800434415,2480352.7249391116,9611,1.0,0.009992696981632925,-20.003172819276998,0.9629918936432316,1.0783375720392845,9611,1.0,0.02453666194206267,-16.10184520612652,0.9217634773849499,1.1769581144153114,9611,1.0,0.008548960991290206,-20.680866645898334,1.007611188861511,0.9849496658216207,9611,1.0,0.008420763420158687,-20.74648533900251,0.9774002275266283,1.0467793060604753,9611,4,measured,False,,-20.003172819276998,-16.10184520612652,-20.680866645898334,-20.74648533900251,-0.009821649661178789,-0.0010936448850696224,0.30010212408849835,0.612075133517159,4.644640132875992,1,-19.38309250257609,-19.437357430766234,0.6776938266213364
274,274,22,Sokhda,1.1263660259441588,4.0,311801.01702974015,2480455.0549680586,9567,1.0,0.00899160818389435,-20.46162626072173,0.9939640198953532,1.0121821456988156,9567,1.0,0.02189395887769388,-16.596757019641135,0.9150115560146846,1.1943918796381088,9567,1.0,0.013627102201936947,-18.655964869025603,0.9434415264921526,1.1234921015385224,9567,1.0,0.007516726091806228,-21.239712750810913,0.995717325125016,1.0086206895522958,9567,4,measured,False,,-20.46162626072173,-16.596757019641135,-18.655964869025603,-21.239712750810913,0.026169005676755463,-0.04306246469642184,0.2972976339292765,-4.389409273481437,4.642955731169778,1,-19.238515225049845,-18.797101029458318,-1.8056613916961268
275,275,22,Sokhda,0.3527514697790146,3.020701037824509,310809.83691411366,2480753.038541887,2664,1.0,0.009728887235976598,-20.119368303289118,1.070749165510864,0.8722169271656303,2664,1.0,0.011702851752403973,-19.31708296422934,0.9686508984014444,1.0657747547614613,2664,1.0,0.01014834110201291,-19.936049438712416,1.0178247399884786,0.9652815250460173,2664,1.0,0.010093440669871863,-19.959607654551814,1.0412119372177755,0.9224051582149985,2664,4,measured,False,,-20.119368303289118,-19.31708296422934,-19.936049438712416,-19.959607654551814,0.0026567951387927776,-0.0003926369306566239,0.06171425685075222,-0.2068770804160991,0.8022853390597788,1,-19.83302709019567,-19.785227545109816,-0.18331886457670166
276,276,22,Sokhda,1.6402277577185072,4.0,310891.4389317857,2480721.02354605,14257,1.0,0.009005006061857277,-20.455159904923903,0.9949923207091104,1.0100910946079957,14257,1.0,0.015416376066569187,-18.120177040581204,0.9941439272230774,1.0118158355438056,14257,1.0,0.00690805514014265,-21.606442045492646,1.019312667978395,0.9624654683896824,14257,1.0,0.0075311995225226845,-21.23135846571703,1.0000919299620386,0.9998161654261695,14257,4,measured,False,,-20.455159904923903,-18.120177040581204,-21.606442045492646,-21.23135846571703,-0.016685248414039747,0.006251392996260267,0.1796140664878999,1.5263657203443586,3.4862650049114414,1,-20.3532843641787,-20.528829766605746,1.1512821405687426
277,277,22,Sokhda,0.49884112361001315,3.835025736080983,310969.7641811991,2480713.9904117226,3799,1.0,0.00977285891997281,-20.099783706167468,1.0435640688115853,0.9182517510900904,3799,1.0,0.015187588660387752,-18.18511173774994,0.9560210469018993,1.0941203435235007,3799,1.0,0.007530800129986054,-21.231588785699522,1.0137889982417154,0.9729821035839302,3799,1.0,0.010130954132981845,-19.943496508711604,1.0269291913960938,0.9482415941254756,3799,4,measured,False,,-20.099783706167468,-18.18511173774994,-21.231588785699522,-19.943496508711604,-0.016402972167131213,0.021468204616465297,0.14728245910904073,2.4198973565199715,3.0464770479495833,1,-19.864995184582135,-20.060248014530092,1.1318050795320538
278,278,22,Sokhda,0.48567043791345205,3.953353287841981,311013.26835690055,2480710.7912963224,3711,1.0,0.010213188783705082,-19.9083864038607,1.0016535340807844,0.9967011163163988,3711,1.0,0.013984553494929738,-18.543513954192914,0.9952187892119095,1.0096314413274166,3711,1.0,0.008463373545796588,-20.72456490355266,0.986943076843175,1.0266343476218485,3711,1.0,0.011952189680681832,-19.225525232412117,1.0032497834482061,0.9935319796514315,3711,4,measured,False,,-19.9083864038607,-18.543513954192914,-20.72456490355266,-19.225525232412117,-0.01182867390857915,0.024983994519009064,0.10499018843598353,2.3152181708325053,2.181050949359747,1,-19.600497623504598,-19.751521429636963,0.8161784996919614
279,279,22,Sokhda,1.4053171179878001,4.0,310907.8035423924,2480589.4856171748,11918,1.0,0.008087131068519682,-20.922055182009238,1.036124114126144,0.9314862260644223,11918,1.0,0.018032802419751238,-17.439367757258424,0.9384526348665807,1.135469005639794,11918,1.0,0.007060968704390298,-21.511357133799866,1.048664515550871,0.9093411712095422,11918,1.0,0.00812849286292709,-20.89989971256003,1.0168452128845034,0.9671421323719722,11918,4,measured,False,,-20.922055182009238,-17.439367757258424,-21.511357133799866,-20.89989971256003,-0.008540607996965616,0.010190957020663955,0.2678990326731396,1.2007593730304649,4.071989376541442,1,-20.19316994640689,-20.250443809656346,0.5893019517906275
280,280,22,Sokhda,1.4554634121872718,4.0,310731.7854112876,2480603.288020013,12215,1.0,0.009489849859181804,-20.22740658578467,1.1831912759352872,0.7143155137689913,12215,1.0,0.018859046159158187,-17.244802765133148,0.9410684804879567,1.1291653548291558,12215,1.0,0.008121519070262965,-20.903627315801614,1.1277506068638496,0.7862739024551337,12215,1.0,0.008742470471002104,-20.58365825910625,1.1405020406324589,0.7687902496460541,12215,4,measured,False,,-20.22740658578467,-17.244802765133148,-20.903627315801614,-20.58365825910625,-0.009800300435028168,0.005332817611589391,0.22943106312704023,0.9961897867123071,3.6588245506684665,1,-19.73987373145642,-19.8166199247626,0.6762207300169436
281,281,22,Sokhda,0.6996678405121435,4.0,310673.0418576545,2480532.0238134074,5693,1.0,0.011715324806032719,-19.31245666135544,0.9542668210759964,1.0981466771944066,5693,1.0,0.020724443398681784,-16.835171245715213,0.8922656187902049,1.2560637506355594,5693,1.0,0.006651946407289311,-21.77051258417083,0.9839542874594822,1.032880682528746,5693,1.0,0.010768289066510313,-19.67853294659353,0.9616209537995128,1.0814144387303661,5693,4,measured,False,,-19.31245666135544,-16.835171245715213,-21.77051258417083,-19.67853294659353,-0.035623998881382464,0.034866327292954996,0.19056041658770986,4.55003556039269,4.935341338455618,1,-19.399168359458756,-19.840233291129454,2.45805592281539
282,282,22,Sokhda,0.5657004419725389,4.0,310769.43982983765,2480542.718325655,4501,1.0,0.013063753654383335,-18.839320177654702,0.9487361991767637,1.1109872044013835,4501,1.0,0.018048604046034245,-17.43556382597595,0.8760582321154071,1.3029689008001724,4501,1.0,0.006646846502277731,-21.773843504094756,0.9669696821821617,1.0694839826437255,4501,1.0,0.013541050476557398,-18.68347643001258,0.9280092509551583,1.1611688824859294,4501,4,measured,False,,-18.839320177654702,-17.43556382597595,-21.773843504094756,-18.68347643001258,-0.04252932357159499,0.05150611790136962,0.10798125782144243,6.0248904005222315,4.3382796781188055,1,-19.183050984434498,-19.74705232006821,2.934523326440054
283,283,22,Sokhda,0.30109125742181203,3.4062395162352295,310835.00285976566,2480550.344063696,2304,1.0,0.010928135463823688,-19.61453930168171,0.9674907060256346,1.0683323920191217,2304,1.0,0.016417702726360044,-17.846876123240033,1.035119473218074,0.933295221682038,2304,1.0,0.009846126956824087,-20.067345686960408,0.9528842973923487,1.1013355536798959,2304,1.0,0.010912704589496829,-19.620676011322725,1.0497177039374397,0.9075173911202078,2304,4,measured,False,,-19.61453930168171,-17.846876123240033,-20.067345686960408,-19.620676011322725,-0.006562411380850703,0.007444494593961378,0.13597409064935972,0.8994760609163812,2.220469563720375,1,-19.28735928080122,-19.3468066813651,0.45280638527869854
284,284,22,Sokhda,0.43501189522754574,3.5963742204355773,310675.4218456844,2480478.5045476058,3310,1.0,0.009663187521690406,-20.14879592555733,1.0349716252366092,0.9335618872930762,3310,1.0,0.020488061017854126,-16.884991411152864,0.9496488753654019,1.1088527643018333,3310,1.0,0.007673732895290718,-21.149933216506277,1.0570108983584472,0.8950371663042712,3310,1.0,0.008896855236029642,-20.5076347593786,1.03036817844621,0.9419223994107865,3310,4,measured,False,,-20.14879592555733,-16.884991411152864,-21.149933216506277,-20.5076347593786,-0.014509236100709371,0.010704974285461273,0.2510618857234205,1.643435748076623,4.264941805353413,1,-19.672838828148766,-19.809492608834248,1.0011372909489467
285,285,22,Sokhda,0.8585663186587393,4.0,310720.874745213,2480458.082479001,6618,1.0,0.009931381938820238,-20.02990315790047,1.0161586303513692,0.9684495015242386,6618,1.0,0.016691535494094575,-17.775037096995153,0.9618061825993218,1.0809979518871562,6618,1.0,0.007983490442738288,-20.978071902789452,1.0494577709197972,0.9079670003451374,6618,1.0,0.010688076267019878,-19.711004558577034,1.059931475291219,0.8901115205070651,6618,4,measured,False,,-20.02990315790047,-17.775037096995153,-20.978071902789452,-19.711004558577034,-0.01374157601288379,0.02111778907020696,0.17345123545425523,2.215236089101399,3.2030348057942994,1,-19.623504179065527,-19.779003546447942,0.9481687448889815
286,286,22,Sokhda,1.6265641286404338,4.0,310695.87740993267,2480350.416044404,14293,1.0,0.008958855609606846,-20.477474629020158,1.0533036011639567,0.9013487524924345,14293,1.0,0.013840458942719642,-18.58849508651949,0.9847827443611813,1.0311435741082187,14293,1.0,0.008713490422950164,-20.5980784180351,1.1221672062980768,0.79411765990362,14293,1.0,0.01097718911130177,-19.59508853850816,1.0202289371082964,0.9607374613561293,14293,4,measured,False,,-20.477474629020158,-18.58849508651949,-20.5980784180351,-19.59508853850816,-0.0017478810002165678,0.01671649799211566,0.1453061186538975,1.1235936685418828,2.0095833315156106,1,-19.81478416802073,-19.821301317634376,0.12060378901494317
287,287,22,Sokhda,1.5955433868047315,4.0,310809.63477893674,2480390.2017781655,13973,1.0,0.027653419933337114,-15.582511512912497,0.885895194341955,1.2741932743678164,13973,1.0,0.035944466483652474,-14.443679581485734,0.8892876281998636,1.2644902910805789,13973,1.0,0.03133219082230414,-15.040092371396007,0.9345892989916791,1.1448758431729524,13973,1.0,0.014022764095350061,-18.531663720299324,0.9110812042198906,1.2047191828224235,13973,4,measured,False,,-15.582511512912497,-14.443679581485734,-15.040092371396007,-18.531663720299324,0.007861146978499853,-0.05819285581505529,0.08760245626359715,-4.033990490419807,4.0879841388135905,1,-15.89948679652339,-15.71991115926463,-0.5424191415164898
288,288,22,Sokhda,0.40179421409908683,3.922600213064838,310828.693060206,2480487.735882417,3075,1.0,0.01346626201874117,-18.707529395349102,0.9994771469895464,1.001046526718833,3075,1.0,0.013769339219448383,-18.610869007186047,1.0080633808978674,0.9840662164097439,3075,1.0,0.01143069598025974,-19.41927325931553,1.0258327351296765,0.9502697241399524,3075,1.0,0.009072862863399863,-20.4225565344751,1.0861207389568341,0.8477031308590547,3075,4,measured,False,,-18.707529395349102,-18.610869007186047,-19.41927325931553,-20.4225565344751,-0.010315128463281585,-0.01672138791932613,0.007435414474081188,-0.2915394111931384,1.8116875272890525,1,-19.290057049081447,-19.40053075110265,0.7117438639664293
289,289,22,Sokhda,0.4439594415112573,3.5715966091790876,310231.03454800806,2480451.58740654,3385,1.0,0.015514487887887575,-18.092625553125053,1.0330870552536424,0.9369710238736115,3385,1.0,0.017719886110213686,-17.51539073750587,1.0117465995643462,0.9769143592420865,3385,1.0,0.015845037384683586,-18.00106731800747,1.0301858945345959,0.9422557615556336,3385,1.0,0.015902774800041063,-17.985270910754156,1.157192816547453,0.7467728874284428,3385,4,measured,False,,-18.092625553125053,-17.51539073750587,-18.00106731800747,-17.985270910754156,0.0013269309437331158,0.0002632734542218647,0.044402678124552446,-0.0757618278642731,0.5772348156191818,1,-17.89858862984814,-17.872116886095526,-0.09155823511758499
290,290,22,Sokhda,1.3059679812627378,4.0,310258.88019031053,2480271.775399156,11300,1.0,0.025916272624743747,-15.864274601667832,0.9217979462155075,1.1768700959694078,11300,1.0,0.031799957761805005,-14.97573456865479,0.9018648603656789,1.229467544131466,11300,1.0,0.03208960822789028,-14.93635585039243,0.942469461757665,1.1258108403334177,11300,1.0,0.03034862851112639,-15.178609304044796,1.0016112898269216,0.9967851924112372,11300,4,measured,False,,-15.864274601667832,-14.97573456865479,-14.93635585039243,-15.178609304044796,0.013448097844571055,-0.004037557560872785,0.06834923330869554,-1.1701722049277699,0.9279187512754028,2,-15.238743581189963,-15.049980976539038,-0.9279187512754028
291,291,22,Sokhda,1.154630577159021,4.0,310241.74466084276,2480380.0290253237,9891,1.0,0.00974580170463512,-20.111824293449217,1.024764777292149,0.9522514019526519,9891,1.0,0.010830187693488239,-19.65364016732031,1.0172724977657273,0.9663298457439758,9891,1.0,0.009895586835918749,-20.045584458189587,1.0300772653676056,0.942454507531356,9891,1.0,0.010020215536796854,-19.99122936609016,1.0233303457893463,0.9549228691937071,9891,4,measured,False,,-20.111824293449217,-19.65364016732031,-20.045584458189587,-19.99122936609016,0.0009599976124584035,0.0009059182016571299,0.035244932779146594,-0.01188474316020205,0.4581841261289057,1,-19.95056957126232,-19.93145909486567,-0.06623983525962984
292,292,22,Sokhda,1.2306246204575058,4.0,310117.52936746186,2480417.3338678665,10642,1.0,0.020235506997613315,-16.938859099525523,0.9195567125970318,1.1826138530333736,10642,1.0,0.02898593226529778,-15.378127269936252,0.9110272339828047,1.2048619247809305,10642,1.0,0.03429123277878852,-14.648169016041734,0.9378002126577282,1.1370494336962094,10642,1.0,0.04081200173994208,-13.892121035043331,0.910760677701641,1.2055672923270038,10642,4,measured,False,,-16.938859099525523,-15.378127269936252,-14.648169016041734,-13.892121035043331,0.033198407007011425,0.012600799683306718,0.12005629458379005,-1.5346421024853854,3.0467380644821915,3,-15.21431910513671,-14.78298766621269,-2.2906900834837884
293,293,22,Sokhda,0.5258274788241833,4.0,311672.5588924622,2480191.127755091,4084,1.0,0.012112208167390798,-19.167766737445767,0.9389457915809749,1.1342765680872255,4084,1.0,0.02206330953225983,-16.563293421318573,0.8668844876427944,1.3306919720173895,4084,1.0,0.009678827895800013,-20.141772324857435,0.9479572574703587,1.112813763165694,4084,1.0,0.009092636490809141,-20.41310170970492,0.9564855748507674,1.0930578579537822,4084,4,measured,False,,-19.167766737445767,-16.563293421318573,-20.141772324857435,-20.41310170970492,-0.0141160230059662,-0.004522156414124782,0.2003441012405534,0.7026762025641808,3.849808288386349,1,-19.071483548331674,-19.198759325285017,0.9740055874116678
294,294,22,Sokhda,0.674094467762392,4.0,311623.1607467947,2480337.153855506,5471,1.0,0.019107635036182298,-17.187930625156376,0.9085418639736794,1.211462883230303,5471,1.0,0.0402676715343376,-13.950434826107267,0.9637367275166501,1.076671407507358,5471,1.0,0.04204246036494699,-13.763118765721053,0.976309739718356,1.0491190093804483,5471,1.0,0.03791372299004685,-14.212035673370751,0.9432879128330057,1.1238580508588758,5471,4,measured,False,,-17.187930625156376,-13.950434826107267,-13.763118765721053,-14.212035673370751,0.0496349544845699,-0.007481948460828303,0.24903813838839298,-3.873728767085021,3.424811859435323,2,-14.778379972588862,-14.090182241683417,-3.424811859435323
295,295,22,Sokhda,1.5282217972562997,4.0,311564.3787352311,2480233.555178769,13203,1.0,0.012506272300585786,-19.02872119605903,0.9798549523426598,1.041541109286896,13203,1.0,0.019119535121145326,-17.18522671514719,0.9339371337958967,1.1464753274259112,13203,1.0,0.00879322357025066,-20.558518846388054,1.0167299733222084,0.9673613830189781,13203,1.0,0.011627823913476373,-19.345015536116705,0.9858601227377182,1.0288910745213848,13203,4,measured,False,,-19.02872119605903,-17.18522671514719,-20.558518846388054,-19.345015536116705,-0.02217098043955106,0.020225055171189155,0.14180726776244923,2.743300960600372,3.373292131240863,1,-19.029370573427745,-19.29706642341837,1.529797650329023
296,296,22,Sokhda,0.8112287225927692,4.0,311471.1811845706,2480277.987460541,6739,1.0,0.015689513365393343,-18.04390526521534,0.9861590563554087,1.0282673951820558,6739,1.0,0.020206970048417795,-16.94498802264205,0.9240200955589086,1.1712164602169517,6739,1.0,0.011281689599711275,-19.476258534660627,1.026181226850988,0.9496244094685108,6739,1.0,0.013558306932464865,-18.67794538772425,1.0145286677568628,0.9715638630339951,6739,4,measured,False,,-18.04390526521534,-16.94498802264205,-19.476258534660627,-18.67794538772425,-0.020758743035438936,0.013305219115606271,0.08453209558256074,2.2306664163816627,2.531270512018576,1,-18.28577430256057,-18.541463780210034,1.4323532694452865
297,297,22,Sokhda,0.9764188898340334,4.0,311539.46169458,2480361.716055138,8250,1.0,0.010495649058854641,-19.78990699152767,0.9777598015282513,1.0460095353801895,8250,1.0,0.018684571890385995,-17.285168484578012,0.8988542795882539,1.2377171794876434,8250,1.0,0.008009106738939547,-20.96415918370464,0.979883463275434,1.0414805002907244,8250,1.0,0.009117985574086947,-20.401010992473914,0.9700369600208348,1.062731212803481,8250,4,measured,False,,-19.78990699152767,-17.285168484578012,-20.96415918370464,-20.401010992473914,-0.017018147712709743,0.009385803187178788,0.19267219284228132,1.7374003834076994,3.6789906991266292,1,-19.610061413071058,-19.79011062474386,1.1742521921769722
298,298,22,Sokhda,0.4933137875241693,4.0,311535.00515189575,2480148.9679352394,3849,1.0,0.011409638804956764,-19.42728103828681,0.9931389315016451,1.0138646628703327,3849,1.0,0.019103990945071016,-17.188758963980145,0.92631877828046,1.1654108678982928,3849,1.0,0.006630233594672102,-21.78471170375021,0.9997243029236943,1.000551622263096,3849,1.0,0.008560107804892317,-20.675207658397817,0.9966260481214861,1.0067822086916398,3849,4,measured,False,,-19.42728103828681,-17.188758963980145,-21.78471170375021,-20.675207658397817,-0.034165661818310156,0.018491734089206582,0.17219400571589732,3.4669347108157957,4.595952739770066,1,-19.768989841103746,-20.178752089733532,2.3574306654634007
299,299,22,Sokhda,0.8369142643461469,4.0,311388.1291641906,2480288.763354924,6960,1.0,0.009698589725453477,-20.13291412020498,1.2260167723587383,0.6652841502719903,6960,1.0,0.02006619816069146,-16.97534903259266,1.0144172303606243,0.9717773343568018,6960,1.0,0.009427333790774262,-20.256111157121484,1.295466141348485,0.5958649865668066,6960,1.0,0.009095100968407604,-20.411924752944095,1.1659523243961873,0.7355944009306503,6960,4,measured,False,,-20.13291412020498,-16.97534903259266,-20.256111157121484,-20.411924752944095,-0.00178546430313775,-0.0025968932637101833,0.24288962212402454,-0.03261655890610626,3.436575720351435,1,-19.444074765715804,-19.40872614811743,0.12319703691650474
300,300,22,Sokhda,0.8367580792830442,4.0,311374.13283620507,2480189.331616643,6962,1.0,0.014443746140031721,-18.403201532383054,2.0034060279072956,0.24915066328688645,6962,1.0,0.02607542953380491,-15.837685288218609,1.5078314196487053,0.43983969618481483,6962,1.0,0.014483465282868061,-18.391275173393186,2.108562585754309,0.22491944733571423,6962,1.0,0.012527416440304879,-19.021384853833727,2.6211698869193407,0.14554914549547812,6962,4,measured,False,,-18.403201532383054,-15.837685288218609,-18.391275173393186,-19.021384853833727,0.00017284578246185413,-0.01050182800734234,0.19734740339726506,-0.6420360394304083,3.183699565615118,1,-17.91338671195714,-17.855476419192623,-0.011926358989867936
301,301,22,Sokhda,0.5822234450338641,4.0,311452.1986720236,2480371.094397753,4658,1.0,0.008721355689953527,-20.594160009730423,1.0704130882799996,0.8727647124461378,4658,1.0,0.019979127222277154,-16.99423487622948,0.8936853139816042,1.2520761920743433,4658,1.0,0.007390375542393408,-21.313334923433015,1.0135477100101309,0.9734454208481157,4658,1.0,0.007408174234378979,-21.302888119444393,1.0690849655918118,0.8749345280388778,4658,4,measured,False,,-20.594160009730423,-16.99423487622948,-21.313334923433015,-21.302888119444393,-0.010422824836269443,0.00017411339981035685,0.27691731796161095,0.729621717691213,4.319100047203534,1,-20.051154482209327,-20.11955978632257,0.7191749137025916
302,302,22,Sokhda,0.5615611998127773,4.0,311384.465394127,2480382.5978380824,4492,1.0,0.009325950957237771,-20.303068727177926,0.9945477327323604,1.010994368960943,4492,1.0,0.01588885253377667,-17.98907465677649,0.9546146312534151,1.0973466119162574,4492,1.0,0.007778828710197299,-21.09085791569882,1.0205899589322944,0.9600578821753475,4492,1.0,0.007322402340148575,-21.35346411850858,1.0509700418326389,0.9053558808287835,4492,4,measured,False,,-20.303068727177926,-17.98907465677649,-21.09085791569882,-21.35346411850858,-0.01141723461624483,-0.004376770046829333,0.17799954387703346,0.5251829857111332,3.364389461732088,1,-20.184116354540453,-20.28268763605608,0.7877891885208932
303,303,22,Sokhda,0.1821619080193763,2.6537319326374784,311306.6102123335,2480117.3064062186,1380,1.0,0.011271433357667749,-19.480208523883885,1.050620376145498,0.9059586191228896,1380,1.0,0.018427292885230533,-17.345384613821597,0.9879214475278721,1.0246019358489717,1380,1.0,0.012369499679784169,-19.076478663129365,0.9966598086723171,1.0067140029789963,1380,1.0,0.011121398231455753,-19.538406078950278,1.004579026782492,0.990904467037279,1380,4,measured,False,,-19.480208523883885,-17.345384613821597,-19.076478663129365,-19.538406078950278,0.005851157402239425,-0.007698790263681883,0.1642172238509452,-0.8656572765754333,2.1930214651286803,1,-18.86011946994628,-18.74127960784575,-0.40372986075452033
304,304,22,Sokhda,0.8909633496108464,4.0,311189.3190757926,2480132.8133774293,6978,1.0,0.009939212102416195,-20.02648041471415,1.0777319543475459,0.8609510907218192,6978,1.0,0.01881748952701793,-17.25438317002715,1.032903573125642,0.9373039353113821,6978,1.0,0.008832043111212513,-20.53938819719495,1.2285115362439853,0.662584881113013,6978,1.0,0.01246780496295514,-19.042100001211253,1.026229094451163,0.9495358226575142,6978,4,measured,False,,-20.02648041471415,-17.25438317002715,-20.53938819719495,-19.042100001211253,-0.007433446122910125,0.024954803266394935,0.2132382495913077,2.0101959784644947,3.2850050271677986,1,-19.215587945786876,-19.2867895932963,0.5129077824807986
305,305,22,Sokhda,0.5634341572770383,4.0,311282.68052320275,2480169.9544019285,4491,1.0,0.009493709102324437,-20.225640796737785,1.0935866883699228,0.8361680510454268,4491,1.0,0.01794224260721747,-17.46123275279118,0.9856881008832269,1.0292502290953547,4491,1.0,0.007829102878936992,-21.062880000172793,1.1932228101274032,0.7023553682347087,4491,1.0,0.009041560704005289,-20.4375659755179,1.132945384382518,0.7790799919828196,4491,4,measured,False,,-20.225640796737785,-17.46123275279118,-21.062880000172793,-20.4375659755179,-0.012133901499058084,0.010421900410914908,0.21264677261127737,1.4625532280899023,3.6016472473816137,1,-19.796829881304916,-19.91204042190427,0.8372392034350078
306,306,22,Sokhda,0.4512150156524964,4.0,311289.710692511,2480227.0123111214,3463,1.0,0.009101818733769767,-20.408718178855956,0.9706897643963458,1.0613022860128836,3463,1.0,0.008332650043761072,-20.792168573745087,1.0986081433873056,0.8285417021808775,3463,1.0,0.009797459144216418,-20.08886538870871,0.991312093340511,1.0176049043144346,3463,1.0,0.00889262031486812,-20.50970250209673,1.0193485074578734,0.9623977905449503,3463,4,measured,False,,-20.408718178855956,-20.792168573745087,-20.08886538870871,-20.50970250209673,0.0046355476832934,-0.007013951889800296,-0.02949618422224085,-0.7406899035352623,0.7033031850363756,2,-20.44986366085162,-20.39094381057966,-0.7033031850363756
307,307,22,Sokhda,0.45108763461895285,3.9647869564026115,311297.07764515077,2480275.641862076,3444,1.0,0.010562230374325188,-19.762443642848382,0.9739362143249631,1.0542387386344334,3444,1.0,0.015359456778704162,-18.136241438216338,0.9788137767913119,1.0437580864551663,3444,1.0,0.007978111658141916,-20.98099889789083,1.1695127682460162,0.7311223576174121,3444,1.0,0.00872669930652282,-20.591499881409558,1.0118056772351574,0.9768002817244037,3444,4,measured,False,,-19.762443642848382,-18.136241438216338,-20.98099889789083,-20.591499881409558,-0.017660221087571735,0.006491650274687899,0.125092477279388,1.6080542715237236,2.8447574596744936,1,-19.86779596509128,-20.068210432689405,1.2185552550424497
308,308,22,Sokhda,0.5172944069575286,4.0,311315.75931886485,2480394.0248863176,4094,1.0,0.008647463838186313,-20.63111245434905,1.0181426789451782,0.9646787555346689,4094,1.0,0.010201974036733688,-19.913157860506306,1.018006312964233,0.9649372179310206,4094,1.0,0.006323750211499088,-21.990252930583104,1.021099400888995,0.9591001463124691,4094,1.0,0.009812791697666036,-20.082074201010784,0.9662391616259074,1.0711017505970162,4094,4,measured,False,,-20.63111245434905,-19.913157860506306,-21.990252930583104,-20.082074201010784,-0.01969768806136309,0.031802978826205336,0.055227276449441885,3.2673192058063734,2.0770950700767976,1,-20.654149361612312,-20.922504442983566,1.359140476234053
309,309,22,Sokhda,0.6354701603559777,4.0,311042.1697570724,2480285.2792596016,4971,1.0,0.009712120318297365,-20.12685945991949,0.9869472975933467,1.0266255666913084,4971,1.0,0.016002708679918758,-17.958065007704292,0.9407379685063219,1.129958919563781,4971,1.0,0.006838615851547259,-21.650317913889143,1.0301903235554202,0.9422476596324775,4971,1.0,0.012228727235945164,-19.12618741914661,0.9990263364572464,1.0019501748443025,4971,4,measured,False,,-20.12685945991949,-17.958065007704292,-21.650317913889143,-19.12618741914661,-0.02207910802854569,0.04206884157904221,0.1668303424780922,4.047588948712185,3.6922529061848515,1,-19.71535745016488,-19.999084425079406,1.5234584539696527
310,310,22,Sokhda,0.6493259123807773,4.0,310989.68953350856,2480349.119062665,5260,1.0,0.009281485401135223,-20.323825140943992,1.016681283009995,0.9674540418618617,5260,1.0,0.018991008376571642,-17.214519746650907,0.9367325121093318,1.1396429599617195,5260,1.0,0.00731577450865517,-21.357396890835357,1.0513204992611482,0.9047523811157079,5260,1.0,0.009063736283423178,-20.42692739102323,1.0182580118199218,0.9644602394573883,5260,4,measured,False,,-20.323825140943992,-17.214519746650907,-21.357396890835357,-20.42692739102323,-0.014979300723063265,0.015507824996868773,0.23917733802254496,1.9640412497034916,4.14287714418445,1,-19.830667292363373,-19.980950667246045,1.0335717498913652
311,311,22,Sokhda,0.3711406347237993,3.6954746171846673,311062.37584537646,2480339.5787574276,2838,1.0,0.010851384630700794,-19.645148425430065,1.2491915329991992,0.6408286740688971,2838,1.0,0.018496076681606098,-17.329203827443532,0.9898407011723989,1.0206324798531443,2838,1.0,0.012680961983199558,-18.968477994394426,0.9920739039434303,1.0160426727968126,2838,1.0,0.009729769811967473,-20.11897434199774,1.2341656952870337,0.6565277064622671,2838,4,measured,False,,-19.645148425430065,-17.329203827443532,-18.968477994394426,-20.11897434199774,0.009806817841096216,-0.019174939126721864,0.17814958446050255,-1.8271667786389507,2.789770514554206,1,-19.01545114731644,-18.83172054842563,-0.6766704310356388
312,312,22,Sokhda,0.8207014904315351,4.0,311066.60181010864,2480216.052999579,6806,1.0,0.008334805611926881,-20.79104524528472,1.0277113942245872,0.946798708512905,6806,1.0,0.011260788186019253,-19.48431210474106,1.0472471838618482,0.9118042195268699,6806,1.0,0.00824216247702692,-20.839588285179676,1.030842624271645,0.9410555584423816,6806,1.0,0.007129195740673959,-21.469594610441206,1.083317323761941,0.8520961903983805,6806,4,measured,False,,-20.79104524528472,-19.48431210474106,-20.839588285179676,-21.469594610441206,-0.0007035223173181934,-0.010500105421025493,0.10051793388797382,-0.5814632853665742,1.9852825057001446,1,-20.646135061411666,-20.621197833810655,0.04854303989495534
313,313,22,Sokhda,0.6891098008111585,4.0,310923.8683301263,2480079.881493544,5425,1.0,0.010726149822293576,-19.69556141128224,1.0040560132729015,0.9919370616260177,5425,1.0,0.0197163090643582,-17.051743826509465,0.9446025188097201,1.1207320747808023,5425,1.0,0.009189426431978297,-20.367115947292863,1.1906369089630424,0.7054095215936913,5425,1.0,0.009252339216640695,-20.337484531588103,1.122159743813449,0.7941282218767564,5425,4,measured,False,,-19.69556141128224,-17.051743826509465,-20.367115947292863,-20.337484531588103,-0.009732674434936538,0.0004938569284126615,0.20337058344405973,0.7011859517153809,3.3153721207833975,1,-19.362976429168167,-19.43971761301194,0.6715545360106212
314,314,22,Sokhda,1.4149085145489313,4.0,310968.66564136575,2480164.0630825325,11705,1.0,0.012868929824045033,-18.904575673797233,1.608513871931762,0.3865007835723229,11705,1.0,0.021301659402124192,-16.715865636450673,3.579297768973462,0.07805564926932133,11705,1.0,0.01637199595300521,-17.85898371380037,4.5573427892980956,0.048147817731221114,11705,1.0,0.01007355284407485,-19.968173309908053,1.958005927712477,0.2608386810358857,11705,4,measured,False,,-18.904575673797233,-16.715865636450673,-17.85898371380037,-19.968173309908053,0.015153506666621195,-0.03515315993512805,0.16836231056512,-3.1547815561045454,3.2523076734573806,1,-18.361899583489084,-18.096460163061188,-1.0455919599968624
315,315,22,Sokhda,0.8642603734591976,4.0,310916.92525625176,2480208.4807645353,4800,1.0,0.009999303145506625,-20.000302650606457,0.9918597230431541,1.0164815260444675,4800,1.0,0.01952265831417056,-17.094610466810643,0.9403797591493059,1.130819931181724,4800,1.0,0.0075147623606456665,-21.24084748555727,1.0427417001752664,0.9197006990225008,4800,1.0,0.012254399186883423,-19.117079766369184,0.9634702058945492,1.077267162099712,4800,4,measured,False,,-20.000302650606457,-17.094610466810643,-21.24084748555727,-19.117079766369184,-0.017978910651461073,0.035396128653134795,0.2235147833689088,3.364312554138902,4.146237018746628,1,-19.36321009233589,-19.575562600676797,1.2405448349508141
316,316,22,Sokhda,0.33351591082589005,3.2519157328925044,310944.53028942127,2480212.7801025864,2541,1.0,0.011364814951528442,-19.444376313146687,1.4140047622942014,0.5001476766562408,2541,1.0,0.01935759237910836,-17.13148659501276,0.9692136299195966,1.064537523011149,2541,1.0,0.013936583275227234,-18.55843685821508,1.0330314835011256,0.9370718349780368,2541,1.0,0.011905832680184199,-19.24240225142515,0.974596466157265,1.0528108096300122,2541,4,measured,False,,-19.444376313146687,-17.13148659501276,-18.55843685821508,-19.24240225142515,0.01283970224538559,-0.011399423220167825,0.1779145937026098,-1.5699048481416753,2.3128897181339276,1,-18.59417550444992,-18.38051270451646,-0.8859394549316058
317,317,22,Sokhda,0.591358404808119,4.0,310788.00996717403,2480208.2869448992,4724,1.0,0.008900021603491598,-20.506089391679183,0.9640749027205783,1.0759161970725482,4724,1.0,0.018078245465465975,-17.428437210753348,0.9069851146456506,1.2156251622273169,4724,1.0,0.007212980136310245,-21.418852638036576,0.9645027777768013,1.0749618077199838,4724,1.0,0.009633676408924454,-20.1620794554273,0.9756968364377671,1.0504374731036241,4724,4,measured,False,,-20.506089391679183,-17.428437210753348,-21.418852638036576,-20.1620794554273,-0.01322845284575932,0.0209462197101546,0.23674247545583343,2.169536428966669,3.990415427283228,1,-19.8788646739741,-20.013383732448418,0.9127632463573931
318,318,22,Sokhda,0.8234512741439044,4.0,310868.0533905074,2480263.492286804,6341,1.0,0.008487175616896468,-20.712368112957193,0.9673767019247733,1.0685842100548049,6341,1.0,0.015135244949248554,-18.20010546015888,0.9210885126140342,1.1786836735107626,6341,1.0,0.013330012074392406,-18.75169457199823,2.6975376310080224,0.1374247565483953,6341,1.0,0.0071301624389270134,-21.469005759649576,1.0267321684648127,0.9486055512886633,6341,4,measured,False,,-20.712368112957193,-18.20010546015888,-18.75169457199823,-21.469005759649576,0.028415558564622675,-0.045288519794189123,0.1932509732921779,-4.677984728610312,3.2689002994906957,1,-19.78329347619097,-19.33490301608595,-1.9606735409589646
319,319,22,Sokhda,0.6058604186116485,4.0,310069.91532048146,2480015.227870446,4909,1.0,0.007502828134118834,-21.247750017383858,1.056763787743544,0.895455801095402,4909,1.0,0.012706174027959441,-18.959852007192445,1.0112175338631373,0.9779368634427877,4909,1.0,0.009542336841892997,-20.20345257029514,1.0846298309579936,0.8500352002352877,4909,1.0,0.010248213802098342,-19.893518227537143,1.0527368776659194,0.9023194661120478,4909,4,measured,False,,-21.247750017383858,-18.959852007192445,-20.20345257029514,-19.893518227537143,0.015134745609981399,0.005165572379299969,0.17599215463010864,-0.7343631043307184,2.2878980101914124,1,-20.076143205602147,-19.851403606700522,-1.0442974470887165
320,320,22,Sokhda,0.9906345080039464,4.0,310268.088107527,2480163.317045215,8354,1.0,0.0233331815629095,-16.320260395599178,0.9523144413153622,1.1026540058772945,8354,1.0,0.032205277749450284,-14.920729509861495,0.9364555417581214,1.1403171916266306,8354,1.0,0.03160363222418565,-15.002630007908216,0.9346198059742732,1.144801104467065,8354,1.0,0.02969038324900825,-15.273841964135466,0.9882949244372387,1.023827687494075,8354,4,measured,False,,-16.320260395599178,-14.920729509861495,-15.002630007908216,-15.273841964135466,0.019096092575231326,-0.004520199270454158,0.10765622197982175,-1.5888423439182109,1.3995308857376827,1,-15.379365469376088,-15.110191163134548,-1.3176303876909614
321,321,22,Sokhda,0.3564729567543836,3.5594327387291,310378.38421170827,2480177.3370386544,2728,1.0,0.008619613750906304,-20.645121946866986,1.0703742556329048,0.872828040536635,2728,1.0,0.012057626921731917,-19.187381578848115,0.984206885563568,1.032350569957241,2728,1.0,0.0112710093940756,-19.480371882443244,0.9800149463008643,1.0412010600197519,2728,1.0,0.012584504101503044,-19.001638933634577,1.0088203582764284,0.9825899647033263,2728,4,measured,False,,-20.645121946866986,-19.187381578848115,-19.480371882443244,-19.001638933634577,0.016880435716286123,0.007978882480144438,0.11213387446299013,-0.6860171156150763,1.6434830132324088,3,-19.57862858544823,-19.34936972337706,-1.1647500644237425
322,322,22,Sokhda,0.3236797028550878,3.4664617226501004,310382.1491052003,2480233.5423633317,2482,1.0,0.01023071248649577,-19.90094120131566,1.0364076148614372,0.9309766950494539,2482,1.0,0.016360391592696578,-17.862063055233783,0.9742873606472167,1.0534789518206238,2482,1.0,0.008118535295568939,-20.905223168709803,1.1576495696777886,0.7461837219782932,2482,1.0,0.010890535803980812,-19.62950752844048,0.9749710148537449,1.0520020611299905,2482,4,measured,False,,-19.90094120131566,-17.862063055233783,-20.905223168709803,-19.62950752844048,-0.014554811121654236,0.02126192733782203,0.15683678046783675,2.2799976076634643,3.04316011347602,1,-19.574433738424933,-19.744073355445735,1.0042819673941423
323,323,22,Sokhda,1.511646737339953,4.0,310168.5335728505,2480149.75358459,13208,1.0,0.008042908132263339,-20.94586891869254,1.0054453781675023,0.9891975585943219,13208,1.0,0.017016319446614334,-17.69134370037648,0.9329988621316432,1.1487823960612102,13208,1.0,0.007493892687073671,-21.252925303168723,0.9892715212227989,1.021807264831615,13208,1.0,0.00657695777935106,-21.81974946076537,1.028328907812852,0.9456619408535679,13208,4,measured,False,,-20.94586891869254,-17.69134370037648,-21.252925303168723,-21.81974946076537,-0.004450092528640342,-0.009447069293277426,0.2503480937166201,-0.25976777312046195,4.12840576038889,1,-20.427471845750777,-20.41675703132742,0.30705638447618355
324,324,22,Sokhda,1.7102559925909153,4.0,310140.6881776522,2480295.3198339953,14935,1.0,0.00800774149731283,-20.96489955022075,1.1474258221308888,0.7595401947654498,14935,1.0,0.013254701309848616,-18.776300544979286,0.977629750086244,1.0462878495305206,14935,1.0,0.01507161191898061,-18.21840297115896,0.949057574178391,1.1102349148199429,14935,1.0,0.006364015251203621,-21.962687882483287,1.3013671182321096,0.5904734049163494,14935,4,measured,False,,-20.96489955022075,-18.776300544979286,-18.21840297115896,-21.962687882483287,0.039804298247272336,-0.06240474852207214,0.1683537696339588,-6.490781490386119,3.7442849113243284,2,-19.980572737210572,-19.37676143162743,-2.746496579061791
325,325,22,Sokhda,0.8448201543653384,4.0,309941.4825722871,2480374.482539189,7018,1.0,0.006409816446891998,-21.931544068685955,1.1273509825038832,0.7868314393737461,7018,1.0,0.01852180763709767,-17.323166305856606,0.9233859438519475,1.1728257200579884,7018,1.0,0.010718546639941769,-19.698640979495732,0.9886956571026555,1.022997911316269,7018,1.0,0.03125825219802206,-15.050353091695346,0.929100505580389,1.1584428334402854,7018,4,measured,False,,-21.931544068685955,-17.323166305856606,-19.698640979495732,-15.050353091695346,0.032360914336090195,0.07747146479667309,0.3544905971407192,2.4153847986101624,6.881190976990609,3,-18.500926111433408,-18.09485305085368,-2.2329030891902235
326,326,22,Sokhda,0.8775631379416212,4.0,310019.34736484644,2480389.756095004,7279,1.0,0.007131442995579211,-21.46822584929255,1.0153389332498546,0.9700138179518273,7279,1.0,0.008511566165250199,-20.69990520485998,1.1820423436680398,0.7157048024065045,7279,1.0,0.012452903244257987,-19.047293862411816,1.0457536154863123,0.9144105972302494,7279,1.0,0.0053702089742124525,-22.70008814005942,1.194080999257978,0.7013461617523169,7279,4,measured,False,,-21.46822584929255,-20.69990520485998,-19.047293862411816,-22.70008814005942,0.03508597082435848,-0.060879904627460076,0.05910158803327466,-6.073726264528339,3.6527942776476046,2,-20.97887826415594,-20.460743300850687,-2.420931986880735
327,327,22,Sokhda,1.2682139293902555,4.0,309986.734621339,2480287.9596514953,10610,1.0,0.006451833707599722,-21.903168348358548,1.0293331408393749,0.9438176366890484,10610,1.0,0.014224812212084426,-18.46953458204865,0.9440975365988556,1.1219313176504497,10610,1.0,0.00567659260302947,-22.459122730469225,1.047900946733537,0.9106668643242084,10610,1.0,0.009427024338689185,-20.256253716557396,1.0037812585551538,0.9924801613995368,10610,4,measured,False,,-21.903168348358548,-18.46953458204865,-22.459122730469225,-20.256253716557396,-0.008057309885661989,0.03671448356519716,0.2641256743315307,2.758823396022507,3.9895881484205766,1,-20.772019844358454,-20.851831528751518,0.5559543821106772
328,328,22,Sokhda,0.7612845343970693,4.0,310034.0511589804,2480243.2470869026,6207,1.0,0.009022023617278684,-20.446960403683917,0.9865598775255797,1.0274320325746555,6207,1.0,0.021585851777553528,-16.65830809412502,0.8843439583002419,1.2786673437086264,6207,1.0,0.0070238595970242975,-21.53424178315938,1.0072285706539175,0.9856981180914617,6207,1.0,0.008770836067340628,-20.569590061634898,0.9592692223462883,1.0867233003577508,6207,4,measured,False,,-20.446960403683917,-16.65830809412502,-21.53424178315938,-20.569590061634898,-0.01575770115181831,0.016077528692074714,0.2914347930429922,2.051933100999946,4.875933689034362,1,-19.802275085650805,-19.951089900337593,1.0872813794754634
329,329,22,Sokhda,0.8387973812945188,4.0,310042.3749243572,2480179.988500616,6899,1.0,0.008382736444830431,-20.766141879454388,1.007960435689174,0.9842672363539309,6899,1.0,0.012288437874897017,-19.105033217865714,0.9414822881018075,1.1281729738980104,6899,1.0,0.007295650038226167,-21.369360066577762,0.9992844972588798,1.0014325427812594,6899,1.0,0.00796351884268659,-20.988949880066112,0.9958620395796148,1.008327573875836,6899,4,measured,False,,-20.766141879454388,-19.105033217865714,-21.369360066577762,-20.988949880066112,-0.00874229256700543,0.006340169775194167,0.12777758935297492,0.9836283736350246,2.2643268487120487,1,-20.557371260990994,-20.644922081366776,0.6032181871233746
330,330,22,Sokhda,2.2141617505702658,4.0,309993.9670481922,2480094.0502538746,19456,1.0,0.008292357850708797,-20.81321964509343,1.0524038096314217,0.902890694238073,19456,1.0,0.010268553922935627,-19.88490711953678,1.0018777388954763,0.9962550734982432,19456,1.0,0.006913334644280934,-21.603124203131316,1.026389614290416,0.9492388449467879,19456,1.0,0.011003740094832463,-19.584596760716227,0.9339462043703198,1.1464530581790655,19456,4,measured,False,,-20.81321964509343,-19.88490711953678,-21.603124203131316,-19.584596760716227,-0.01144789214547661,0.03364212404025147,0.07140865581204991,2.8084320004529744,2.0185274424150883,3,-20.47146193211944,-20.63437465054441,0.7899045580378861
331,331,22,Sokhda,0.9905587198806693,4.0,309919.0469120845,2480172.2892159657,8356,1.0,0.007727166028622764,-21.11979756249852,1.0181430019831554,0.9646781433852479,8356,1.0,0.011562662523930428,-19.36942149798848,0.9942925283377054,1.0115134180540999,8356,1.0,0.00661299102649193,-21.796020666121656,1.021834821820488,0.9577201023204419,8356,1.0,0.009489310101460697,-20.227653608097977,0.9693697392326204,1.0641946799588973,8356,4,measured,False,,-21.11979756249852,-19.36942149798848,-21.796020666121656,-20.227653608097977,-0.009800334835117927,0.02613945096706131,0.1346443126546184,2.2445901616468156,2.426599168133176,1,-20.628223333676658,-20.748236687711923,0.676223103623137
332,332,22,Sokhda,0.6593476155759068,4.0,310258.3550844786,2480620.506498748,5355,1.0,0.008774345528422451,-20.567852673401784,1.0204561371607392,0.9603097010748959,5355,1.0,0.015099093690929315,-18.21049120047291,0.9773991799803372,1.0467815498732176,5355,1.0,0.008542265719148184,-20.684269233605022,1.0805630252820781,0.8564456235811857,5355,1.0,0.007365580023729007,-21.327930477098388,1.2119942031144424,0.6807676575052425,5355,4,measured,False,,-20.567852673401784,-18.21049120047291,-20.684269233605022,-21.327930477098388,-0.0016871965246846037,-0.010727687391556096,0.1813354979176058,-0.5272446832901281,3.117439276625479,1,-20.197635896144526,-20.166500144616048,0.11641656020323765
333,333,22,Sokhda,0.8405281011083047,4.0,310256.8077060645,2480531.046234225,7001,1.0,0.008308076588791166,-20.80499508533657,0.9915459725179772,1.0171249093649597,7001,1.0,0.013975960244633006,-18.546183433972683,0.9354310266707537,1.1428163858998417,7001,1.0,0.008192216362769338,-20.865985861636602,2.496338037708779,0.16046976307390876,7001,1.0,0.0069262536924299435,-21.595016053068242,0.9932732703840415,1.013590433734726,7001,4,measured,False,,-20.80499508533657,-18.546183433972683,-20.865985861636602,-21.595016053068242,-0.000883924294203345,-0.012150503190527335,0.17375474241260683,-0.6680394151316094,3.0488326190955597,1,-20.453045108503524,-20.412042310804,0.0609907763000308
334,334,22,Sokhda,0.5230689440838993,4.0,310329.6361964596,2480618.0808060146,4102,1.0,0.007998927426587784,-20.969682435009688,0.9771808664034117,1.0472493284800732,4102,1.0,0.015833041533208872,-18.004356489906893,0.9195207520225902,1.182706354056293,4102,1.0,0.007730610503790126,-21.117862075101787,1.016583162587136,0.9676408078527737,4102,1.0,0.01807088795970433,-17.430205067348634,0.9031573739834251,1.2259510662692832,4102,4,measured,False,,-20.969682435009688,-18.004356489906893,-21.117862075101787,-17.430205067348634,-0.002147531015827524,0.06146095012921921,0.22810199577713802,3.8358366478452517,3.6876570077531525,3,-19.38052651684175,-19.420119279889253,0.14817964009209916
335,335,22,Sokhda,0.8936061282676179,4.0,310360.68597837805,2480540.322293224,7405,1.0,0.01977884679221311,-17.03799033587099,0.9077642767951347,1.2135392404824326,7405,1.0,0.02691042346852038,-15.700794680261144,0.9718360553049498,1.058800127996169,7405,1.0,0.007498833804130864,-21.25006271516469,1.0144816597197803,0.971653903830297,7405,1.0,0.005724011520875134,-22.42299500794955,1.0950943365624526,0.833867282200408,7405,4,measured,False,,-17.03799033587099,-15.700794680261144,-21.25006271516469,-22.42299500794955,-0.0610445272361406,-0.019548871546414284,0.10286120427768052,3.0391400865088443,6.722200327688405,1,-19.102960684811595,-19.82649489434271,4.212072379293701
336,336,22,Sokhda,0.5467712647385954,4.0,310395.63565316657,2480612.057079239,4288,1.0,0.007558749816858673,-21.215500289085444,1.1611194078785334,0.7417306603302417,4288,1.0,0.012524699113569045,-19.022326985853667,1.1144031077114727,0.8052215159446501,4288,1.0,0.00717095208055208,-21.44423179634852,1.2457096231109834,0.6444160688254605,4288,1.0,0.007246251519228678,-21.398865955682048,1.1473204167062967,0.759679760545221,4288,4,measured,False,,-21.215500289085444,-19.022326985853667,-21.44423179634852,-21.398865955682048,-0.0033149493806243126,0.0007560973444412274,0.16870563871013672,0.2740973479295512,2.421904810494855,1,-20.77023125674242,-20.774437641470406,0.22873150726307756
337,337,22,Sokhda,0.4080617585057567,3.7238193078437525,310477.3280233049,2480566.2341278363,3113,1.0,0.006627971326228303,-21.78619379083081,1.071372538916599,0.8712022312740408,3113,1.0,0.01025809280447426,-19.889333762111164,1.0127581752415105,0.9749637864515598,3113,1.0,0.007272201375123031,-21.383341035355613,1.032272935650343,0.9384495229256634,3113,1.0,0.014352523978901688,-18.430717188797136,0.9357254645187343,1.1420972958036668,3113,4,measured,False,,-21.78619379083081,-19.889333762111164,-21.383341035355613,-18.430717188797136,0.005838445731524611,0.049210397442641295,0.14591230990151133,2.5497710910832794,3.3554766020336757,3,-20.37239644427368,-20.317423024401357,-0.40285275547519817
338,338,22,Sokhda,0.8287246764589101,4.0,310557.63418265706,2480583.442576723,6852,1.0,0.007217169797150473,-21.41633077008167,1.078139731649151,0.8602999507819636,6852,1.0,0.01559948834735568,-18.06889645976575,0.925480374038483,1.1675233448770825,6852,1.0,0.0072503949093338654,-21.39638337942978,1.0871137829541833,0.8461551382992302,6852,1.0,0.01059678175115354,-19.748260102003414,1.000841653481635,0.9983188157961423,6852,4,measured,False,,-21.41633077008167,-18.06889645976575,-21.39638337942978,-19.748260102003414,0.0002890926181433799,0.02746872129043941,0.2574949469473786,1.6281758867744713,3.347434310315922,1,-20.157467677820154,-20.12419470491844,-0.019947390651893215
339,339,22,Sokhda,1.5960100105304271,4.0,310558.0335577015,2480278.7111258735,13713,1.0,0.01125231437319709,-19.487581427850532,0.9789116720294748,1.043549336595056,13713,1.0,0.012719055135775391,-18.955451500524156,0.9866757891574541,1.0271906476544954,13713,1.0,0.006503450069352721,-21.86856189729955,1.401843443133065,0.5088631133397278,13713,1.0,0.011286184021629415,-19.474528728213684,0.9986865324808609,1.002632119707915,13713,4,measured,False,,-19.487581427850532,-18.955451500524156,-21.86856189729955,-19.474528728213684,-0.03450696332534808,0.03990055281809776,0.04093307133279822,4.775013638534883,2.9131103967753944,1,-19.946530888471983,-20.412750449138727,2.3809804694490175
340,340,22,Sokhda,0.8538129886400886,4.0,310546.2388502984,2480044.799294103,6933,1.0,0.008559206899867383,-20.675664753892768,1.0154469703891518,0.969807422253914,6933,1.0,0.02774219978349624,-15.56859105052352,0.9117162892703622,1.2030413962677096,6933,1.0,0.007234358696837554,-21.40599961679571,0.996949457638437,1.0061291161348607,6933,1.0,0.009500943889002621,-20.222332467719653,0.9761785145262457,1.0494010891330225,6933,4,measured,False,,-20.675664753892768,-15.56859105052352,-21.40599961679571,-20.222332467719653,-0.010584563230477434,0.019727785817934298,0.3928518233360961,1.9140020119790009,5.837408566272192,1,-19.468146972232912,-19.532760960845778,0.7303348629029429
341,341,22,Sokhda,1.4042032565188594,4.0,310686.27852633654,2480190.4775029845,12204,1.0,0.009592154927608423,-20.18083815348943,1.0438023558408485,0.9178325481535339,12204,1.0,0.01740679383575098,-17.592812143891994,0.9939837343856966,1.0121419952284236,12204,1.0,0.008355101389023007,-20.780482755819545,1.2003954494728757,0.6939869744405408,12204,1.0,0.008744195041811759,-20.582801638856765,1.1124178167637564,0.8080981787284571,12204,4,measured,False,,-20.18083815348943,-17.592812143891994,-20.780482755819545,-20.582801638856765,-0.008690501483045161,0.003294685282713002,0.1990789238151873,0.7973257192928962,3.187670611927551,1,-19.784233673014434,-19.851779193528618,0.5996446023301161
342,342,22,Sokhda,0.3523437320828903,3.2815393953679406,310787.34225560265,2480268.801384213,2686,1.0,0.0096068730412033,-20.174179486414378,1.1253666398288793,0.7896087027024951,2686,1.0,0.020085905346471294,-16.97108588223305,1.0635660104137352,0.884038340636278,2686,1.0,0.008333525510070328,-20.79171230807535,1.0756494672998267,0.8642879678746697,2686,1.0,0.010082765313915883,-19.96420341316015,1.0823525435802541,0.8536159390510989,2686,4,measured,False,,-20.174179486414378,-16.97108588223305,-20.79171230807535,-19.96420341316015,-0.008949751038564824,0.013791814915253357,0.24639181570625587,1.4450417165761742,3.820626425842299,1,-19.47529527247073,-19.546356944665956,0.6175328216609728
343,343,22,Sokhda,0.4519907706119586,3.7145048861611456,310925.724596207,2480310.8785697515,3449,1.0,0.008252054004497562,-20.83437938505655,1.0315283353115212,0.939804836220449,3449,1.0,0.018035676345554443,-17.4386756681196,0.9166314759854758,1.190174024040536,3449,1.0,0.0075813455280661565,-21.202537094661047,1.0713635946294353,0.8712167778117429,3449,1.0,0.00992543353029055,-20.03250514720923,1.0018241992292851,0.9963615604235897,3449,4,measured,False,,-20.83437938505655,-17.4386756681196,-21.202537094661047,-20.03250514720923,-0.005335618979775306,0.019500532457530303,0.26120797822591924,1.5381896570563143,3.763861426541446,1,-19.877024323761606,-19.90527195705125,0.3681577096044961
344,344,22,Sokhda,0.7658931717103115,4.0,310188.30304123304,2480547.473931052,6152,1.0,0.017694346818802754,-17.521654645735378,0.9464078401456412,1.1164604453960116,6152,1.0,0.02734916018934057,-15.630560050064181,0.9561914897030591,1.093730320567782,6152,1.0,0.029054603177166984,-15.367850517049376,0.9874022915082146,1.0256796487646689,6152,1.0,0.03305372523553329,-14.807795873715424,0.9877970191674746,1.024860081128025,6152,4,measured,False,,-17.521654645735378,-15.630560050064181,-15.367850517049376,-14.807795873715424,0.031214552589652195,0.009334244055565873,0.1454688150516305,-1.593749485352049,2.713858772019954,3,-15.831965271641089,-15.416389791665276,-2.1538041286860015
345,345,22,Sokhda,1.0682488468082738,4.0,310120.22610737826,2480556.5807434455,8960,1.0,0.009650427000299342,-20.1545347009962,0.994954437894005,1.010168014356659,8960,1.0,0.01779940256253931,-17.495945745532893,0.9155697043418072,1.192936076489691,8960,1.0,0.006811283082517962,-21.667710697070156,1.123107911678955,0.7927879249872554,8960,1.0,0.0051189688522762416,-22.90817513021684,1.149913509769078,0.7562574175907325,8960,4,measured,False,,-20.1545347009962,-17.495945745532893,-21.667710697070156,-22.90817513021684,-0.021930086899622527,-0.0206744072191114,0.2045068427279468,0.2727115629272703,5.412229384683947,1,-20.556591568454024,-20.764240915611893,1.5131759960739544
346,346,22,Sokhda,0.9825367848893278,4.0,310039.9126867105,2480507.9676323263,8290,1.0,0.009050288562478692,-20.433375733810657,1.0209595591304719,0.9593629019432558,8290,1.0,0.014602709809025768,-18.355665451808857,0.9361999352280282,1.1409399481539808,8290,1.0,0.007490709830394258,-21.254770259832384,0.9984784288040752,1.00305010204625,8290,1.0,0.005224304577912903,-22.81971511547122,1.0808165870260789,0.8560438229884471,8290,4,measured,False,,-20.433375733810657,-18.355665451808857,-21.254770259832384,-22.81971511547122,-0.01190426849306851,-0.02608241426064725,0.15982386784629227,-0.7435503296171078,4.464049663662362,1,-20.715881640230776,-20.801980844120852,0.8213945260217272
347,347,22,Sokhda,1.2277659917657264,4.0,310035.1928303446,2480724.254068896,10401,1.0,0.008275023951457853,-20.822307405164825,1.03320249769888,0.9367616550741659,10401,1.0,0.012695810109994106,-18.963395819052607,1.0167168695647097,0.9673863184774973,10401,1.0,0.006750040290637964,-21.706936348801577,1.163320769791964,0.7389261497075398,10401,1.0,0.00820769977586164,-20.857785377185216,1.0658877983165491,0.88019119269443,10401,4,measured,False,,-20.822307405164825,-18.963395819052607,-21.706936348801577,-20.857785377185216,-0.01282070932806887,0.014152516193606008,0.14299319893170903,1.7337799152531126,2.7435405297489694,1,-20.587606237551057,-20.731147468503362,0.884628943636752
348,348,22,Sokhda,0.5345383746946231,4.0,309963.64545604354,2480496.739994346,4170,1.0,0.00828062713163693,-20.819367707639692,0.9953988692104402,1.009266164677318,4170,1.0,0.014580059558040278,-18.362407019662324,0.9595054179543863,1.0861883420899328,4170,1.0,0.007098708500631738,-21.488206572060818,0.9968043151500674,1.0064221379707874,4170,1.0,0.005369003871451252,-22.70106282878016,1.179446512116366,0.718858643719436,4170,4,measured,False,,-20.819367707639692,-18.362407019662324,-21.488206572060818,-22.70106282878016,-0.00969331687566849,-0.020214270945322355,0.18899697599825907,-0.5440173922982154,4.338655809117835,1,-20.842761032035746,-20.900595335821244,0.6688388644211258
349,349,22,Sokhda,1.166671146810241,4.0,309881.3855574527,2480469.285842836,10011,1.0,0.008627447584646978,-20.641176705491077,1.0674560151947043,0.8776068862092945,10011,1.0,0.022633373944107114,-16.4525070118942,0.9196437073854127,1.182390122092862,10011,1.0,0.007447680184489687,-21.279789809382983,1.0849774736376663,0.8494905600388303,10011,1.0,0.010473256447940811,-19.7991826221026,1.0326753429531594,0.9377182856287076,10011,4,measured,False,,-20.641176705491077,-16.4525070118942,-21.279789809382983,-19.7991826221026,-0.009255262375245016,0.02467678645467307,0.32220536104591374,2.11922029117229,4.827282797488785,1,-19.543164037217714,-19.612266884521958,0.6386131038919061
350,350,22,Sokhda,0.4777295948178973,3.9426710715942317,310336.35730542545,2480312.492464864,3648,1.0,0.007301409048192964,-21.365933203173604,1.0760369790036772,0.8636655703137333,3648,1.0,0.009724636543774767,-20.121266213629482,1.0673284196097974,0.8778167287568222,3648,1.0,0.008560516775687395,-20.675000173257587,1.0175008822446858,0.9658960967929703,3648,1.0,0.009802995861449199,-20.086411807090002,1.019570560625677,0.9619786332742414,3648,4,measured,False,,-21.365933203173604,-20.121266213629482,-20.675000173257587,-20.086411807090002,0.010013522172695905,0.00980980610279308,0.09574361458031706,-0.10234466374843265,1.2795213960836023,3,-20.56215284928767,-20.42484197249989,-0.6909330299160175
351,351,22,Sokhda,1.3907808018671348,4.0,310344.36774131196,2480431.1471723435,12010,1.0,0.008643959354592275,-20.632872839125575,1.1202275083430306,0.7968701043180705,12010,1.0,0.015431887768822015,-18.115809438373795,0.9476687853448523,1.1134913514020304,12010,1.0,0.008084691122980913,-20.92336567736236,1.2458686408190762,0.6442515779260078,12010,1.0,0.011668835061130483,-19.32972498862609,1.0252702251294783,0.9513127327928581,12010,4,measured,False,,-20.632872839125575,-18.115809438373795,-20.92336567736236,-19.32972498862609,-0.004210041133866428,0.026560678145604477,0.1936202615962908,1.8841335269730521,2.807556238988564,1,-19.750443235871955,-19.787256263752028,0.2904928382367835
352,352,22,Sokhda,0.36837171901593685,3.7378797958442864,310474.03082322114,2480452.5696719475,2816,1.0,0.009924081146050671,-20.033096932976562,0.9586763229675233,1.088067897685023,2816,1.0,0.015377389040456147,-18.13117398057521,0.9780406731552855,1.0454088400869674,2816,1.0,0.005684546176910549,-22.453042012894755,1.0889514730668293,0.8433016431659974,2816,1.0,0.0134313075290658,-18.718817069874824,0.9529311408939176,1.101227279023941,2816,4,measured,False,,-20.033096932976562,-18.13117398057521,-22.453042012894755,-18.718817069874824,-0.03507166782490135,0.06223708238366553,0.14630176556933486,6.154170022938125,4.321868032319546,1,-19.834032499080337,-20.306833963087854,2.419945079918193
353,353,22,Sokhda,0.7154449728468433,4.0,310431.3892425614,2480387.0875019953,5527,1.0,0.01014698388524392,-19.936630293421338,0.9852420316084508,1.0301824281313925,5527,1.0,0.012747656780463502,-18.945696380408997,0.9509489282706549,1.105822986732189,5527,1.0,0.006362084878602816,-21.96400541128854,1.0164843804460777,0.9678288880183494,5527,1.0,0.010821795071447333,-19.657006944084525,1.0116477354958961,0.9771053080159646,5527,4,measured,False,,-19.936630293421338,-18.945696380408997,-21.96400541128854,-19.657006944084525,-0.029382248085031905,0.03844997445340024,0.07622568561633394,4.334373585071216,3.018309030879543,1,-20.12583475730085,-20.518117396966048,2.0273751178672015
354,354,22,Sokhda,0.19426817090557888,2.7413849182625882,309934.95753378,2480700.2513716645,1487,1.0,0.010428524795619733,-19.817771219123234,1.012112764061946,0.9762076264324069,1487,1.0,0.011112861071825016,-19.541741149797826,1.050449295041179,0.9062537405021958,1487,1.0,0.0068958882088635655,-21.614097875933215,1.0965271595454256,0.8316894910003186,1487,1.0,0.008952647982016644,-20.480484916238403,1.153813351522396,0.751153819128032,1487,4,measured,False,,-19.817771219123234,-19.541741149797826,-21.614097875933215,-20.480484916238403,-0.02603371966391277,0.018893549328246866,0.02123308225580062,2.929939616504793,2.0723567261353892,1,-20.36352379027317,-20.705719433206237,1.7963266568099812
355,355,22,Sokhda,0.6405699028015137,4.0,309858.22865093243,2480598.189587487,4991,1.0,0.007622426206276393,-21.179067714049683,1.0140090387736356,0.9725598740731197,4991,1.0,0.020352985957205087,-16.913718670477042,0.9332308806623474,1.1482112497866783,4991,1.0,0.007046358196090056,-21.520352835743996,1.154277430406504,0.7505499356239274,4991,1.0,0.017744480587193207,-17.509367087095878,0.9813019703442014,1.038471681971817,4991,4,measured,False,,-21.179067714049683,-16.913718670477042,-21.520352835743996,-17.509367087095878,-0.004946161183975543,0.06684976247746863,0.32810377258251083,4.35227087034243,4.606634165266954,1,-19.28062657684165,-19.33836210355666,0.34128512169431247
356,356,22,Sokhda,3.48702115230076,4.0,309100.89506221644,2479972.8836814626,31449,1.0,0.008671986000782159,-20.618814318882492,1.003749946943119,0.9925420824757275,31449,1.0,0.010670010450052201,-19.71835155233657,0.9679366039776182,1.0673483244676263,31449,1.0,0.00781195627419702,-21.07240196250555,1.018920165460613,0.9632071219433891,31449,1.0,0.010709478214775464,-19.702316882684293,3.1539122824653725,0.1005311797563255,31449,4,measured,False,,-20.618814318882492,-19.71835155233657,-21.07240196250555,-19.702316882684293,-0.0065737339655515354,0.022834751330354248,0.06926636665737854,1.8236727234443109,1.370085079821255,3,-20.277971179102224,-20.368792573133323,0.4535876436230559
357,357,22,Sokhda,1.7739734071424107,4.0,308941.4391271792,2480090.428382656,15666,1.0,0.007797995969868785,-21.08016993598431,1.0452340217858953,0.9153199439781887,15666,1.0,0.009520041277736951,-20.2136116856358,0.9850940759000527,1.030491906832134,15666,1.0,0.007172304055756121,-21.44341307657256,1.0671255416293177,0.8781505350562525,15666,1.0,0.008177437734795054,-20.873827540250993,1.015966839350616,0.9688151776931373,15666,4,measured,False,,-21.08016993598431,-20.2136116856358,-21.44341307657256,-20.873827540250993,-0.005264393341858737,0.009493092272026141,0.0666583269498852,0.9328286769098213,1.2298013909367604,1,-20.902755559610917,-20.963748003000553,0.3632431405882528
358,358,22,Sokhda,1.0030560652779414,4.0,308936.02994914586,2480210.8274857104,8386,1.0,0.00894938605413436,-20.48206757136291,1.0570932983440255,0.8948976361884726,8386,1.0,0.010402966075528037,-19.828428177608632,1.0411553262766344,0.9225054691723321,8386,1.0,0.007666363531828085,-21.154105907529924,1.0890470735221405,0.8431535935831022,8386,1.0,0.009236589244076287,-20.344883692490185,1.1131026734284521,0.8071040904340646,8386,4,measured,False,,-20.48206757136291,-19.828428177608632,-21.154105907529924,-20.344883692490185,-0.009739686031405986,0.013487036917328983,0.050279953365713774,1.481260551206752,1.325677729921292,1,-20.452371337247914,-20.577510579479053,0.672038336167013
359,359,22,Sokhda,1.124314524218999,4.0,309760.50759931636,2480528.562422227,9614,1.0,0.008404586760018627,-20.754836352590864,1.005205623556145,0.9896694878276797,9614,1.0,0.014893154229493248,-18.270133130341804,0.9470896300457912,1.1148535912006097,9614,1.0,0.006791027430949702,-21.680645152870422,1.0025719942010478,0.9948757892219904,9614,1.0,0.02031068493565141,-16.922754306691402,0.910357424131242,1.206635569412218,9614,4,measured,False,,-20.754836352590864,-18.270133130341804,-21.680645152870422,-16.922754306691402,-0.013417518844631278,0.07929818076965033,0.19113101709608152,5.683699646458578,4.75789084617902,3,-19.407092235623622,-19.61539594849504,0.9258088002795581
360,360,22,Sokhda,0.35778567202575506,3.472843081453103,309657.549519748,2480463.976277787,2732,1.0,0.008646536135392303,-20.631578391905762,1.0175403414777113,0.9658211852074426,2732,1.0,0.013926099754514684,-18.561704982398506,0.9799063460314988,1.0414318595893564,2732,1.0,0.007794065248892012,-21.082359627831107,1.6002863320757412,0.39048522693742765,2732,1.0,0.007374726439057384,-21.32254084937777,1.0206200453776058,0.9600012806940069,2732,4,measured,False,,-20.631578391905762,-18.561704982398506,-21.082359627831107,-21.32254084937777,-0.00653306139022238,-0.004003020359111057,0.15922103150055816,0.2106000143786808,2.7608358669792636,1,-20.39954596287829,-20.44137337469514,0.45078123592534425
361,361,22,Sokhda,1.0700679113212508,4.0,308759.0265241822,2479819.6434746743,9107,1.0,0.0074377349625683944,-21.285593014200206,1.003574585810113,0.9928889794843504,9107,1.0,0.01223230302733757,-19.124917688097263,0.9295991574548065,1.1572003521993868,9107,1.0,0.006106689808030136,-22.141941396213326,1.0320324067764945,0.9388870101778937,9107,1.0,0.008436807633845366,-20.738218530513677,0.9671006796845287,1.0691942708381867,9107,4,measured,False,,-21.285593014200206,-19.124917688097263,-22.141941396213326,-20.738218530513677,-0.01241084611613218,0.02339538109499415,0.16620579431561103,2.2600712477127693,3.0170237081160636,1,-20.82266765725612,-20.965466447499537,0.8563483820131204
362,362,22,Sokhda,0.8972080155162985,4.0,308776.5294279332,2479954.4075727905,7415,1.0,0.007740325256966541,-21.112407894026582,1.0714279090425587,0.8711121882008322,7415,1.0,0.009089949349005687,-20.41438536745978,1.018119831247095,0.9647220528668404,7415,1.0,0.005514525702068567,-22.584918347799846,1.0467227008023203,0.912718206925998,7415,1.0,0.0077960972233958765,-21.081227535306788,1.1688578005071222,0.7319419538452822,7415,4,measured,False,,-21.112407894026582,-20.41438536745978,-22.584918347799846,-21.081227535306788,-0.021340731214105277,0.02506151354155097,0.05369404050513866,2.9762012662663224,2.1705329803400666,1,-21.29823478614825,-21.580535168373103,1.472510453773264
363,363,22,Sokhda,0.5148690725528752,4.0,308850.61192941404,2480023.2644443423,4058,1.0,0.009082806021838445,-20.417799607807634,1.0419900763258143,0.9210280020624984,4058,1.0,0.009049986181567635,-20.433520839189413,1.042059388811743,0.9209054819489532,4058,1.0,0.008529776320482027,-20.690623573499526,1.0701527240672073,0.8731894449822012,4058,1.0,0.008160560739121029,-20.88279998410462,1.0806958603833907,0.8562350943222167,4058,4,measured,False,,-20.417799607807634,-20.433520839189413,-20.690623573499526,-20.88279998410462,-0.003953970517273792,-0.003202940176751549,-0.0012093254909060556,0.08064755508679866,0.46500037629698454,0,-20.6061860011503,-20.65280878441004,0.2571027343101129
364,364,22,Sokhda,0.3985669466219842,3.70118102152965,308949.37457191665,2479959.818234899,3044,1.0,0.009260683004272867,-20.33356981563417,0.9826597528600964,1.0356038641992487,3044,1.0,0.010503806913212248,-19.786532702865504,1.0017658698846377,0.9964775931425661,3044,1.0,0.00842475508340664,-20.744427156757446,0.9973978117731229,1.0052247613160932,3044,1.0,0.009450369995572938,-20.245511879044884,1.0279862597224168,0.9462924614618663,3044,4,measured,False,,-20.33356981563417,-19.786532702865504,-20.744427156757446,-20.245511879044884,-0.005954454219177905,0.008315254628542709,0.04207977790528206,0.9097726188358379,0.9578944538919423,1,-20.2775103885755,-20.351517159021398,0.41085734112327543
365,365,22,Sokhda,0.46251246534415985,4.0,308995.9482632515,2479972.872644465,3566,1.0,0.009535421851751252,-20.206600887915375,1.04762531239681,0.9111461274255378,3566,1.0,0.013148964660995088,-18.811084418296222,0.978887912223801,1.043599995776865,3566,1.0,0.007102997296859992,-21.485583506044495,1.1415497511318111,0.7673797110568928,3566,1.0,0.0062358760711571475,-22.051025243599454,1.1781016711147339,0.7205007810504145,3566,4,measured,False,,-20.206600887915375,-18.811084418296222,-21.485583506044495,-22.051025243599454,-0.018535979972885804,-0.00942402895924932,0.10734742073993485,0.7135408805741612,3.2399408253032327,1,-20.638573513963888,-20.837363712102587,1.2789826181291204
366,366,22,Sokhda,0.6305903969410807,4.0,309168.55671714403,2480344.035587336,4848,1.0,0.007768798783650025,-21.09646126882696,1.061482189962708,0.8875127001717277,4848,1.0,0.016160789450837886,-17.915374278579478,0.9440406352267235,1.1220665689372442,4848,1.0,0.007151415027885795,-21.45608017219884,1.0822419283666282,0.8537904429811874,4848,1.0,0.009689638424558052,-20.1369242864057,1.0501902080265715,0.9067009500405864,4848,4,measured,False,,-21.09646126882696,-17.915374278579478,-21.45608017219884,-20.1369242864057,-0.005211868164809825,0.021985931429885617,0.24469899924980637,1.6787747891650149,3.5407058936193607,1,-20.151210001502744,-20.184246429752488,0.35961890337187796
367,367,22,Sokhda,0.20214444708041845,2.6847872457503477,309276.43354894535,2480387.831636497,1545,1.0,0.006589172220126101,-21.811691412196534,1.0391260249997725,0.9261120951815358,1545,1.0,0.010905984177509953,-19.62335136726687,0.9790872097138721,1.0431751803172917,1545,1.0,0.007517634144729927,-21.239188136037402,1.0887711071689012,0.8435810691275744,1545,1.0,0.006004654822599265,-22.21511952948682,0.9995731237673734,1.0008542994465206,1545,4,measured,False,,-21.811691412196534,-19.62335136726687,-21.239188136037402,-22.21511952948682,0.008297148929842495,-0.016265523224156968,0.16833384960997413,-1.5484346696085503,2.5917681622199495,1,-21.222337611246907,-21.062853597866347,-0.5725032761591322
368,368,22,Sokhda,0.9684177672201768,4.0,309331.7390543867,2480344.886724999,7909,1.0,0.008260750366965526,-20.829805016588693,1.1142820988070803,0.8053964164736723,7909,1.0,0.015323896537035689,-18.14630788922461,0.9638569701237257,1.0764027915078076,7909,1.0,0.007383683270583995,-21.317269410162496,1.1213305080798652,0.7953031885523918,7909,1.0,0.010316196599868368,-19.864803899322787,1.1010393460513173,0.8248867395190618,7909,4,measured,False,,-20.829805016588693,-18.14630788922461,-21.317269410162496,-19.864803899322787,-0.00706470135614206,0.02420775851399514,0.20642285595108342,1.9399299044135105,3.1709615209378867,1,-20.039546553824646,-20.106876725233985,0.4874643935738021
369,369,22,Sokhda,0.25069057362913155,3.098506310182083,309409.1391407872,2480308.519525689,1919,1.0,0.01052576131751067,-19.77746482282195,1.9663107814000802,0.2586399925118699,1919,1.0,0.011893773148038349,-19.246803491303936,1.0618153138268593,0.8869559078956295,1919,1.0,0.009794243181318584,-20.090291170838178,1.0437789782859233,0.9178736620704375,1919,1.0,0.009607115357788262,-20.174069944601882,1.273634840185437,0.6164674333621668,1919,4,measured,False,,-19.77746482282195,-19.246803491303936,-20.090291170838178,-20.174069944601882,-0.004533715188640968,-0.0013963128960617392,0.0408201024244627,0.22904757425252242,0.9272664532979462,1,-19.82215735739149,-19.868428124379836,0.3128263480162268
370,370,22,Sokhda,0.2355886103568133,3.0277312101784255,309426.867446949,2480249.0565809133,1805,1.0,0.012053387010658844,-19.18890898869238,1.1562201356654358,0.7480298751280244,1805,1.0,0.01758745869343818,-17.547969095562273,0.9918906925954891,1.0164180523439725,1805,1.0,0.010304396866958896,-19.869774231004172,1.182075486328119,0.7156646695575868,1805,1.0,0.01041403470203943,-19.823809794854537,1.0779181448403337,0.860653689543258,1805,4,measured,False,,-19.18890898869238,-17.547969095562273,-19.869774231004172,-19.823809794854537,-0.009867612207417286,0.0007660739358272532,0.12622614562539278,0.7268296784614279,2.321805135441899,1,-19.107615527528342,-19.2038297788161,0.6808652423117927
371,371,22,Sokhda,0.7369441444439814,4.0,309345.9986951902,2480216.1585516823,6032,1.0,0.010185416983738264,-19.920211865921825,1.0725511985460359,0.86928850131618,6032,1.0,0.012456638085681255,-19.04599153330701,1.1004409526491423,0.8257840906891492,6032,1.0,0.009191878789075075,-20.36595711210864,1.0918890520635414,0.8387701702702237,6032,1.0,0.010550598665794308,-19.767228967762975,1.0436168587898311,0.918158856339403,6032,4,measured,False,,-19.920211865921825,-19.04599153330701,-20.36595711210864,-19.767228967762975,-0.006460076031692952,0.009978802405761064,0.06724771789344731,1.0444733905324775,1.3199655788016287,1,-19.77484736977511,-19.85124392684321,0.44574524618681366
372,372,22,Sokhda,0.4214209698729217,4.0,309264.7836956556,2480191.105838006,3238,1.0,0.00947163816676917,-20.235749011170412,1.0380414106638485,0.9280484326252298,3238,1.0,0.013100900978343148,-18.82698835911603,1.1198618405617744,0.7973905922677282,3238,1.0,0.008903195760443341,-20.504540773993668,1.1893680661264001,0.7069154158159863,3238,1.0,0.011902665948443825,-19.2435575482375,1.0174728805804476,0.965949261984654,3238,4,measured,False,,-20.235749011170412,-18.82698835911603,-20.504540773993668,-19.2435575482375,-0.003895532794539934,0.021016387095936118,0.1083662040041833,1.5297749885794225,1.6775524148776384,1,-19.702708923129403,-19.749097351169524,0.26879176282325545
373,373,22,Sokhda,1.7138235892499798,4.0,309504.62153458456,2480320.4450505883,15142,1.0,0.007433785999845324,-21.287899453150885,1.0144262069109924,0.9717601361228965,15142,1.0,0.011667836532764911,-19.330096640048367,1.103663084446398,0.8209693947049834,15142,1.0,0.0063447982736106875,-21.97582181299841,1.0365184904762341,0.9307775339277752,15142,1.0,0.008426297595857014,-20.743632067382215,1.0717738118961375,0.87054999575966,15142,4,measured,False,,-21.287899453150885,-19.330096640048367,-21.97582181299841,-20.743632067382215,-0.009969889273152555,0.02053649576026994,0.15060021639250137,1.9201121054637227,2.645725172950044,1,-20.83436249339497,-20.947025641104837,0.6879223598475264
374,374,22,Sokhda,2.81994339108048,4.0,309647.0600440703,2480206.7563363705,25083,1.0,0.007795272310883947,-21.081687090769865,1.038647971896419,0.9269648049731687,25083,1.0,0.016707917142928883,-17.770776871331552,0.9356294586789322,1.142331691235632,25083,1.0,0.007676791777328813,-21.148202388882005,1.046071403233236,0.9138551010310739,25083,1.0,0.010527060536524533,-19.776928796199837,1.0146895648405927,0.9712557699899057,25083,4,measured,False,,-21.081687090769865,-17.770776871331552,-21.148202388882005,-19.776928796199837,-0.0009639898277121766,0.022854559878036144,0.2546854014952548,1.4377888907943088,3.377425517550453,1,-19.944398786795816,-19.922685043349567,0.06651529811214019
375,375,22,Sokhda,0.749678373860009,4.0,309828.38165695115,2480252.8520141337,6189,1.0,0.009125176954519627,-20.397587049946353,1.088800486770474,0.8435355442740747,6189,1.0,0.02077119994446104,-16.825384137102063,0.9561644900362097,1.0937920897958122,6189,1.0,0.007169669587323298,-21.445008582385725,1.239786808283817,0.6505878943194717,6189,1.0,0.007928593549218465,-21.0080384521535,1.2082127450806266,0.685035652268093,6189,4,measured,False,,-20.397587049946353,-16.825384137102063,-21.445008582385725,-21.0080384521535,-0.015180022209266269,0.007282835503870425,0.2747848394495608,1.484391662671598,4.619624445283662,1,-19.91900455539691,-20.055129611609686,1.0474215324393725
376,376,22,Sokhda,0.4036799134399975,3.6879198402553377,309893.5954839616,2480262.132974933,3084,1.0,0.008768693177683685,-20.570651259053562,1.0244303208335064,0.952873286359983,3084,1.0,0.013697206739512026,-18.633679891429402,1.0528643798406887,0.9021009370587064,3084,1.0,0.009597686121530438,-20.1783345714545,1.2431635644287933,0.647058361942476,3084,1.0,0.010937731355846327,-19.61072747637766,0.9836489271047573,1.033522069427765,3084,4,measured,False,,-20.570651259053562,-18.633679891429402,-20.1783345714545,-19.61072747637766,0.005685749095638596,0.009460118251280628,0.14899779750955078,0.17529040747777458,1.9369713676241602,1,-19.74834829957878,-19.65299549514615,-0.39231668759906313
377,377,22,Sokhda,0.5670231911257375,4.0,309876.83121511363,2480360.157177375,4466,1.0,0.01010981406201905,-19.952568318058027,1.0431317841935646,0.9190129748640612,4466,1.0,0.019979658225773522,-16.99411945135569,0.93819688210994,1.1360881484130934,4466,1.0,0.007509874062193785,-21.24367345892356,1.2268909467672446,0.6643364422613482,4466,1.0,0.00977921201832285,-20.096961380427942,1.0890481486518397,0.8431519288283836,4466,4,measured,False,,-19.952568318058027,-16.99411945135569,-21.24367345892356,-20.096961380427942,-0.018711668708196124,0.019111867974926967,0.22757298974633364,2.4378172193611505,4.24955400756787,1,-19.571830652191302,-19.775431916043047,1.2911051408655325
378,378,22,Sokhda,0.997897544457484,4.0,309450.5394250115,2480093.3632705356,8421,1.0,0.009782572555187233,-20.095469223487648,1.0114097459574283,0.977565197197779,8421,1.0,0.014186558867530282,-18.48122935485393,0.9108411098840075,1.205354385540231,8421,1.0,0.011399271149170094,-19.431229158576272,1.0281573101799342,0.9459776257989578,8421,1.0,0.03242337191668735,-14.891418220395817,0.9207972462330194,1.1794294733648953,8421,4,measured,False,,-20.095469223487648,-18.48122935485393,-19.431229158576272,-14.891418220395817,0.009626667607411236,0.07566351563634093,0.12417229758720903,3.87557087326908,5.2040510030918306,3,-18.224836489328418,-18.154858918638983,-0.6642400649113753
379,379,22,Sokhda,0.17254649740750902,2.3231610471204434,309532.0361830004,2480163.4354414064,1318,1.0,0.011049399904308707,-19.56661307981073,1.0412884667429267,0.9222695788112937,1318,1.0,0.011853516505390585,-19.261527912292152,1.0115179621420967,0.9773560408188804,1318,1.0,0.008491684471661725,-20.710061514304428,1.107574292559465,0.8151814079973093,1318,1.0,0.009805839326634196,-20.085152271542746,0.9411944666399746,1.128863080045692,1318,4,measured,False,,-19.56661307981073,-19.261527912292152,-20.710061514304428,-20.085152271542746,-0.016571716441937667,0.010415154046028026,0.023468089809121295,1.7683576772553806,1.4485336020122759,1,-19.905838694487514,-20.119719643168903,1.143448434493699
380,380,22,Sokhda,0.23850567198863717,2.8353796616841254,309618.33115612745,2480058.499281386,1823,1.0,0.014600455192042179,-18.356336041942967,1.0120286650433643,0.9763698777940617,1823,1.0,0.018443933438279977,-17.34146453761233,1.0148512978116633,0.9709462240204738,1823,1.0,0.016636714551866515,-17.789324348286073,1.0033948279374971,0.9932447628569755,1823,1.0,0.011996662529026708,-19.20939557854568,0.9745900710997991,1.052824626326729,1823,4,measured,False,,-18.356336041942967,-17.34146453761233,-17.789324348286073,-19.20939557854568,0.008217560777636152,-0.023667853837660145,0.07806703879466426,-1.9870829239165033,1.8679310409333496,1,-18.174130126596765,-18.02836736726525,-0.5670116936568945
381,381,22,Sokhda,0.4308311902771704,3.840359306527256,309741.31528139004,2480283.518770018,3291,1.0,0.009159110652603091,-20.381466941725648,1.0348175576094725,0.9338398925719954,3291,1.0,0.011335717012555077,-19.455510044525347,1.0528185896532058,0.9021794088291177,3291,1.0,0.005952482106783666,-22.253019014143547,1.1203256361399885,0.7967305168967453,3291,1.0,0.010313817613093614,-19.86580552813672,1.055971390827937,0.8968001985766851,3291,4,measured,False,,-20.381466941725648,-19.455510044525347,-22.253019014143547,-19.86580552813672,-0.02712394307852027,0.039786891433447144,0.07122745363079239,4.258765558424727,2.7975089696181996,1,-20.488950382132813,-20.855379072261773,1.8715520724178987
382,382,22,Sokhda,0.1987242048391141,2.666565108699856,309728.3650801675,2480374.681972539,1522,1.0,0.008702507434574916,-20.603555970246013,0.9541242457124633,1.0984748951607608,1522,1.0,0.0120023402076391,-19.2073406727111,0.9285817621929955,1.1597375011522482,1522,1.0,0.007067224703564923,-21.507511000016937,1.01922370358944,0.9626334960541503,1522,1.0,0.013321094622311295,-18.754600868100724,1.000725415098047,0.9985507469595506,1522,4,measured,False,,-20.603555970246013,-19.2073406727111,-21.507511000016937,-18.754600868100724,-0.013100797532911932,0.045881835531936886,0.10740117673345477,3.6568651616871364,2.752910131916213,3,-20.018252127768694,-20.206589388055317,0.9039550297709233
383,383,22,Sokhda,0.10226310118155088,1.9699567730249097,309378.2114820989,2482160.5560309873,783,0.979565772669221,0.008638551852727995,-20.63559055562985,1.0312485755939544,0.940316326187965,767,0.0,,,1.0636039089291502,0.8847047262225658,0,0.0,,,1.0459312996633325,0.914245679949659,0,0.0,,,1.0114246299357548,0.9779538722645943,0,1,imputed,False,178.4650125937136,-21.18554681670436,-19.998772615828663,-21.882029976907802,-20.7170117546223,-0.010093958843528148,0.01941697037142506,0.09129032314428433,1.861501382488946,1.8832573610791385,1,-20.94584029101578,-21.072339541503787,0.6964831602034423
384,384,22,Sokhda,0.13959183663148433,2.317951197052354,309414.4933348209,2482206.3091263236,1075,0.7209302325581395,0.008420924847488359,-20.746402084880486,1.0312485755939544,0.940316326187965,775,0.0,,,1.0636039089291502,0.8847047262225658,0,0.0,,,1.0459312996633325,0.914245679949659,0,0.0,,,1.0114246299357548,0.9779538722645943,0,1,imputed,False,190.8569964538715,-21.18554681670436,-19.998772615828663,-21.882029976907802,-20.7170117546223,-0.010093958843528148,0.01941697037142506,0.09129032314428433,1.861501382488946,1.8832573610791385,1,-20.94584029101578,-21.072339541503787,0.6964831602034423
385,385,22,Sokhda,0.06779078657478094,1.5981509325174872,309437.5752271561,2482184.1159289638,522,1.0,0.01034755606258604,-19.85162211933165,1.0312485755939544,0.940316326187965,522,0.0,,,1.0636039089291502,0.8847047262225658,0,0.0,,,1.0459312996633325,0.914245679949659,0,0.0,,,1.0114246299357548,0.9779538722645943,0,1,imputed,False,161.8031667253959,-21.18554681670436,-19.998772615828663,-21.882029976907802,-20.7170117546223,-0.010093958843528148,0.01941697037142506,0.09129032314428433,1.861501382488946,1.8832573610791385,1,-20.94584029101578,-21.072339541503787,0.6964831602034423
386,386,22,Sokhda,0.21921105774791214,2.576428729036579,309363.7544435343,2482066.4999598577,1671,1.0,0.00667950766615616,-21.752555473674924,1.0312485755939544,0.940316326187965,1671,0.3351286654697786,5.9727933190763,7.761774867983558,1.0636039089291502,0.8847047262225658,560,0.38539796529024534,0.01507039730753186,-18.21875298037445,1.0459312996633325,0.914245679949659,644,0.6122082585278277,0.013767276641084509,-18.611519607396428,1.0237725593093443,0.9540983163011011,1023,2,imputed,False,138.2819038540148,-21.18554681670436,-20.18251295880907,-21.895162770089406,-20.7170117546223,-0.010284289179493433,0.019635850257785137,0.07715645060732995,1.887766968852155,1.712649811280336,1,-20.995058575056284,-21.127384067374773,0.7096159533850468
387,387,22,Sokhda,0.20205094041444827,2.3883341249157986,309338.1461220544,2482059.9103918113,1539,1.0,0.007830133909093064,-21.062308106773173,1.0312485755939544,0.940316326187965,1539,0.13515269655620532,5.6876647885029135,7.549339926455181,1.0636039089291502,0.8847047262225658,208,0.18778427550357374,0.027934759827664548,-15.538550581849115,1.037011668029872,0.9298967850203623,289,0.4093567251461988,0.02760040204415245,-15.590845916925657,0.9931309705500415,1.014000537506892,630,1,imputed,False,150.59260168213873,-21.560186831164966,-20.027990426326355,-21.895162770089406,-20.7170117546223,-0.004854723752528122,0.019635850257785137,0.11786126191066242,1.5131269543915487,1.8671723437630519,1,-21.050087945550757,-21.104935483834776,0.33497593892444044
388,388,22,Sokhda,0.09095496082135941,1.8633234475244265,309315.7391956161,2482026.8660069196,696,1.0,0.007276289991384784,-21.380900007646126,1.0287292841318032,0.9449343199333406,696,0.01867816091954023,4.113845641796406,6.142479922265446,1.0944120599454212,0.8374711702784441,13,0.05603448275862069,0.09059715460842618,-10.428854420280944,1.0512048370354212,0.9053603080010142,39,0.5905172413793104,0.055810444215540794,-12.532845207624943,0.9931309705500415,1.014000537506892,411,2,imputed,False,146.73775811937676,-21.319958191187176,-19.61497842523175,-21.61943394064027,-19.74263475923422,-0.004340228252943397,0.03127998635676749,0.13115228968887885,2.176274930859144,2.0044555154085195,1,-20.574251329073356,-20.631803839126935,0.2994757494530944
389,389,22,Sokhda,0.1741471641983022,1.8976148052239723,309307.4597528888,2482065.8053164245,1430,1.0,0.007919706568373567,-21.01290909079313,1.0312485755939544,0.940316326187965,1430,0.0,,,1.0526980524658414,0.9024966543066844,0,0.0,,,1.0504549389343876,0.9066076922868309,0,0.0,,,0.9931309705500415,1.014000537506892,0,1,imputed,False,172.40509804369898,-21.319958191187176,-19.61497842523175,-21.80573887807069,-20.623907909193633,-0.0070402998099060215,0.019697182814617638,0.13115228968887885,1.6676116557605738,2.1907604528389406,1,-20.84114585092081,-20.920516093931166,0.4857806868835155
390,390,22,Sokhda,0.2231943275794387,2.814573758163817,309268.58678075246,2482022.688256143,1704,1.0,0.0071397103509259745,-21.46319406647654,1.0222341564835173,0.9571593856851559,1704,0.0,,,1.0456106689403974,0.915139895434268,0,0.0,,,1.0512048370354212,0.9053603080010142,0,0.012910798122065728,0.06943777254359289,-11.58404219103771,0.9825331539687654,1.0367825375325155,22,1,imputed,False,162.94756274911683,-20.937538692143892,-19.61497842523175,-20.6917530857545,-18.709886090935562,0.003562110237527442,0.033031116580315614,0.1017354051470878,1.7360813884295432,2.22765260120833,3,-19.988539073516428,-19.9552637121803,-0.2457856063893935
391,391,22,Sokhda,0.20271155188996345,2.6934506949009682,309235.02190374845,2482016.5828346875,1551,0.8871695680206318,0.008249933696632515,-20.835495417897526,1.0222341564835173,0.9571593856851559,1376,0.0,,,1.0944120599454212,0.8374711702784441,0,0.0,,,1.0512048370354212,0.9053603080010142,0,0.0,,,0.9945989285445054,1.0134528862627334,0,1,imputed,False,173.14761958508706,-21.116375330044715,-19.529003028304047,-20.6917530857545,-18.709886090935562,0.006153945569423419,0.033031116580315614,0.1221055616723591,1.5572447505287208,2.4064892391091526,3,-20.01175438375971,-19.941281440493086,-0.4246222442902159
392,392,22,Sokhda,0.1358435637914692,2.0487702293145125,309235.30449157505,2482072.148843837,1034,0.0,,,1.0287292841318032,0.9449343199333406,0,0.0,,,1.0944120599454212,0.8374711702784441,0,0.0,,,1.0512048370354212,0.9053603080010142,0,0.0,,,0.9931309705500415,1.014000537506892,0,0,imputed,False,212.69490765208866,-21.319958191187176,-19.61497842523175,-21.61943394064027,-19.74263475923422,-0.004340228252943397,0.03127998635676749,0.13115228968887885,2.176274930859144,2.0044555154085195,1,-20.574251329073356,-20.631803839126935,0.2994757494530944
393,393,22,Sokhda,0.12703143142750487,1.9095467097265493,309235.9877057887,2482093.3813810083,973,0.0,,,1.0287292841318032,0.9449343199333406,0,0.0,,,1.0944120599454212,0.8374711702784441,0,0.0,,,1.0512048370354212,0.9053603080010142,0,0.0,,,0.9931309705500415,1.014000537506892,0,0,imputed,False,225.879459037593,-21.319958191187176,-19.61497842523175,-21.61943394064027,-19.74263475923422,-0.004340228252943397,0.03127998635676749,0.13115228968887885,2.176274930859144,2.0044555154085195,1,-20.574251329073356,-20.631803839126935,0.2994757494530944
394,394,22,Sokhda,0.05788844329633575,1.3735060859212689,309243.98532868165,2482134.1511092363,441,0.0,,,1.0287292841318032,0.9449343199333406,0,0.0,,,1.0944120599454212,0.8374711702784441,0,0.0,,,1.0512048370354212,0.9053603080010142,0,0.0,,,0.9931309705500415,1.014000537506892,0,0,imputed,False,250.17877431915286,-21.319958191187176,-19.61497842523175,-21.61943394064027,-19.74263475923422,-0.004340228252943397,0.03127998635676749,0.13115228968887885,2.176274930859144,2.0044555154085195,1,-20.574251329073356,-20.631803839126935,0.2994757494530944
395,395,22,Sokhda,0.07481615870442475,1.6327197757282588,309226.1393739841,2482132.5008175313,573,0.0,,,1.0287292841318032,0.9449343199333406,0,0.0,,,1.0944120599454212,0.8374711702784441,0,0.0,,,1.0512048370354212,0.9053603080010142,0,0.0,,,0.9931309705500415,1.014000537506892,0,0,imputed,False,258.2510304775189,-21.319958191187176,-19.61497842523175,-21.61943394064027,-19.74263475923422,-0.004340228252943397,0.03127998635676749,0.13115228968887885,2.176274930859144,2.0044555154085195,1,-20.574251329073356,-20.631803839126935,0.2994757494530944
396,396,22,Sokhda,0.1352313505242113,2.237059151647445,309176.0789593635,2482075.2430033414,1033,0.0,,,1.0222341564835173,0.9571593856851559,0,0.0,,,1.0944120599454212,0.8374711702784441,0,0.0,,,1.0512048370354212,0.9053603080010142,0,0.0,,,0.9945989285445054,1.0134528862627334,0,0,imputed,False,251.18741986230754,-21.116375330044715,-19.529003028304047,-20.6917530857545,-18.709886090935562,0.006153945569423419,0.033031116580315614,0.1221055616723591,1.5572447505287208,2.4064892391091526,3,-20.01175438375971,-19.941281440493086,-0.4246222442902159
397,397,22,Sokhda,0.18746631354293786,2.6905449225481095,309141.9312303453,2482069.594890172,1434,0.0,,,1.0222341564835173,0.9571593856851559,0,0.0,,,1.0944120599454212,0.8374711702784441,0,0.0,,,1.0512048370354212,0.9053603080010142,0,0.0,,,0.9945989285445054,1.0134528862627334,0,0,imputed,False,269.07431622635,-21.116375330044715,-19.529003028304047,-20.6917530857545,-18.709886090935562,0.006153945569423419,0.033031116580315614,0.1221055616723591,1.5572447505287208,2.4064892391091526,3,-20.01175438375971,-19.941281440493086,-0.4246222442902159
398,398,22,Sokhda,0.08950228500611557,1.7278348186090182,309188.6097782428,2482133.66031924,683,0.0,,,1.0287292841318032,0.9449343199333406,0,0.0,,,1.0944120599454212,0.8374711702784441,0,0.0,,,1.0512048370354212,0.9053603080010142,0,0.0,,,0.9931309705500415,1.014000537506892,0,0,imputed,False,280.92032145277824,-21.319958191187176,-19.61497842523175,-21.61943394064027,-19.74263475923422,-0.004340228252943397,0.03127998635676749,0.13115228968887885,2.176274930859144,2.0044555154085195,1,-20.574251329073356,-20.631803839126935,0.2994757494530944
399,399,22,Sokhda,0.06630079847935703,1.3752147379477604,309171.5335041715,2482131.3983838987,504,0.0,,,1.0287292841318032,0.9449343199333406,0,0.0,,,1.0944120599454212,0.8374711702784441,0,0.0,,,1.0512048370354212,0.9053603080010142,0,0.0,,,0.9931309705500415,1.014000537506892,0,0,imputed,False,290.338772040573,-21.319958191187176,-19.61497842523175,-21.61943394064027,-19.74263475923422,-0.004340228252943397,0.03127998635676749,0.13115228968887885,2.176274930859144,2.0044555154085195,1,-20.574251329073356,-20.631803839126935,0.2994757494530944
400,400,22,Sokhda,0.06655688769752159,1.4825775418029645,309155.54666262347,2482132.4252301124,503,0.0,,,1.0287292841318032,0.9449343199333406,0,0.0,,,1.0944120599454212,0.8374711702784441,0,0.0,,,1.0512048370354212,0.9053603080010142,0,0.0,,,0.9931309705500415,1.014000537506892,0,0,imputed,False,301.7032426928555,-21.319958191187176,-19.61497842523175,-21.61943394064027,-19.74263475923422,-0.004340228252943397,0.03127998635676749,0.13115228968887885,2.176274930859144,2.0044555154085195,1,-20.574251329073356,-20.631803839126935,0.2994757494530944
401,401,22,Sokhda,0.075503484120965,1.5399501984386905,309138.80468657543,2482126.67629858,573,0.0,,,1.0287292841318032,0.9449343199333406,0,0.0,,,1.0944120599454212,0.8374711702784441,0,0.0,,,1.0512048370354212,0.9053603080010142,0,0.0,,,0.9931309705500415,1.014000537506892,0,0,imputed,False,309.88806723281925,-21.319958191187176,-19.61497842523175,-21.61943394064027,-19.74263475923422,-0.004340228252943397,0.03127998635676749,0.13115228968887885,2.176274930859144,2.0044555154085195,1,-20.574251329073356,-20.631803839126935,0.2994757494530944
402,402,22,Sokhda,0.11472395481839776,1.9079072153552632,309039.2432442825,2481968.765190802,872,0.0,,,1.0171253708813486,0.9666372335659081,0,0.0,,,1.0996936452074886,0.8302402305067078,0,0.0,,,1.096047021777009,0.8325768042927825,0,0.0,,,1.0615315374809522,0.8881538169277756,0,0,imputed,False,278.7910073304919,-21.116375330044715,-19.44489725151103,-20.06009229290941,-18.709886090935562,0.015308449813555147,0.022503436699564124,0.12857523681028346,0.2939231648385423,2.4064892391091526,3,-19.83281274135018,-19.634785508056073,-1.0562830371353051
403,403,22,Sokhda,0.11384783294592635,2.0073252807790727,309043.1173503365,2481991.561496032,871,0.0,,,1.0171253708813486,0.9666372335659081,0,0.0,,,1.0996936452074886,0.8302402305067078,0,0.0,,,1.096047021777009,0.8325768042927825,0,0.0,,,1.0615315374809522,0.8881538169277756,0,0,imputed,False,287.9286949261108,-21.116375330044715,-19.44489725151103,-20.06009229290941,-18.709886090935562,0.015308449813555147,0.022503436699564124,0.12857523681028346,0.2939231648385423,2.4064892391091526,3,-19.83281274135018,-19.634785508056073,-1.0562830371353051
404,404,22,Sokhda,0.13926766659104342,2.2538852725345597,309040.63083186606,2482018.0030540195,1063,0.0,,,1.0171253708813486,0.9666372335659081,0,0.0,,,1.0996936452074886,0.8302402305067078,0,0.0,,,1.096047021777009,0.8325768042927825,0,0.0,,,1.0615315374809522,0.8881538169277756,0,0,imputed,False,304.6656583537656,-21.116375330044715,-19.44489725151103,-20.06009229290941,-18.709886090935562,0.015308449813555147,0.022503436699564124,0.12857523681028346,0.2939231648385423,2.4064892391091526,3,-19.83281274135018,-19.634785508056073,-1.0562830371353051
405,405,22,Sokhda,0.04947875891198637,1.0613762202215982,309046.19722352317,2482038.529400496,353,0.0,,,1.0171253708813486,0.9666372335659081,0,0.0,,,1.0996936452074886,0.8302402305067078,0,0.0,,,1.096047021777009,0.8325768042927825,0,0.0,,,1.0615315374809522,0.8881538169277756,0,0,imputed,False,313.84689033441714,-21.116375330044715,-19.44489725151103,-20.06009229290941,-18.709886090935562,0.015308449813555147,0.022503436699564124,0.12857523681028346,0.2939231648385423,2.4064892391091526,3,-19.83281274135018,-19.634785508056073,-1.0562830371353051
406,406,22,Sokhda,0.12285989427510649,2.025748566379033,309049.64666631736,2481932.67763659,941,0.0,,,1.0171253708813486,0.9666372335659081,0,0.0,,,1.0996936452074886,0.8302402305067078,0,0.0,,,1.0757093723197027,0.8644935812722065,0,0.0,,,1.0208546401119871,0.9610455649262031,0,0,imputed,False,253.60569580430945,-20.66272234630007,-18.86722765029961,-20.06009229290941,-18.709886090935562,0.00873376888971974,0.022503436699564124,0.13811497661542005,0.7475761485831853,1.9528362553645096,3,-19.574982095111164,-19.457433991496895,-0.6026300533906621
407,407,22,Sokhda,0.1773483031431213,2.403105448006394,309024.3217739011,2481926.0546761113,1357,0.0,,,1.0327291728505201,0.9380297009531483,0,0.0,,,1.1451590246064045,0.7625972851179668,0,0.0,,,1.0757093723197027,0.8644935812722065,0,0.0,,,1.0208546401119871,0.9610455649262031,0,0,imputed,False,264.7665812496074,-20.66272234630007,-18.936082646571222,-20.68144956695545,-19.00982794776768,-0.0002714089950054866,0.027860360319796187,0.13281843844068073,1.6903488398431499,1.7453669203842281,1,-19.822520626898605,-19.824972557163598,0.018727220655378574
408,408,22,Sokhda,0.17587866066978314,2.394063021299471,308954.038940619,2481912.9160217815,1341,0.0,,,1.0327291728505201,0.9380297009531483,0,0.0,,,1.139928601233437,0.7697572053470484,0,0.0,,,1.1173333670756627,0.8013070678617137,0,0.0,,,1.0208546401119871,0.9610455649262031,0,0,imputed,False,283.22256794915086,-20.625516946311933,-14.488771913659704,-20.68144956695545,-19.00982794776768,-0.0008106176904857585,0.027860360319796187,0.4720573102040176,1.7275542398312886,6.192677653295746,1,-18.70139159367369,-18.633700809990184,0.05593262064351734
409,409,22,Sokhda,0.08962893670219928,1.8703287303779845,309147.5432716342,2481885.8487659497,691,1.0,0.00833243297234578,-20.79228171199679,1.0171253708813486,0.9666372335659081,691,0.0,,,1.0485650722463933,0.9098065155582927,0,0.0,,,1.0757093723197027,0.8644935812722065,0,0.03762662807525326,1.8248595113937671,2.6122943549113113,1.0048709606157855,0.9948530172940482,26,1,imputed,False,166.9790715425877,-21.10644213747706,-19.44489725151103,-20.06009229290941,-18.709886090935562,0.015164490500980444,0.022503436699564124,0.12781114507431005,0.30385635740619676,2.396556046541498,3,-19.830329443208264,-19.634284998353053,-1.0463498445676507
410,410,22,Sokhda,0.12090587390967994,2.113207662355696,309144.5002968378,2481849.769318494,924,1.0,0.008040612346503544,-20.94710875557427,1.0171253708813486,0.9666372335659081,924,0.21536796536796537,8.320639980797791,9.201567312714774,1.0485650722463933,0.9098065155582927,199,0.36688311688311687,0.6218441076433058,-2.0631847652454045,1.0757093723197027,0.8644935812722065,339,0.8603896103896104,0.04643095755962796,-13.331923596555091,1.0048709606157855,0.9948530172940482,795,2,imputed,False,163.46626879045303,-21.10644213747706,-19.44489725151103,-20.06009229290941,-18.709886090935562,0.015164490500980444,0.022503436699564124,0.12781114507431005,0.30385635740619676,2.396556046541498,3,-19.830329443208264,-19.634284998353053,-1.0463498445676507
411,411,22,Sokhda,0.09985963734528631,1.7005696814497469,309112.7211144273,2481868.8954114337,760,1.0,0.009890435491366876,-20.04784585315499,1.0171253708813486,0.9666372335659081,760,0.0,,,1.0485650722463933,0.9098065155582927,0,0.0,,,1.0944298408431021,0.8349860091301307,0,0.0,,,1.0615315374809522,0.8881538169277756,0,1,imputed,False,189.30318127725658,-21.10644213747706,-19.44489725151103,-20.06009229290941,-18.709886090935562,0.015164490500980444,0.022503436699564124,0.12781114507431005,0.30385635740619676,2.396556046541498,3,-19.830329443208264,-19.634284998353053,-1.0463498445676507
412,412,22,Sokhda,0.1512283896604553,2.3450288192057056,309156.0593189495,2481923.862432674,1155,1.0,0.0065658914132576155,-21.82706303911427,1.0295794149875495,0.944016463484065,1155,0.0,,,1.0485650722463933,0.9098065155582927,0,0.0,,,1.0757093723197027,0.8644935812722065,0,0.0,,,1.0223680294426827,0.965582351164382,0,1,imputed,False,171.6497399060036,-21.534683004733385,-19.529003028304047,-20.6917530857545,-18.709886090935562,0.012216375637375154,0.033031116580315614,0.15428307510994907,1.138937075840051,2.8247969137978224,3,-20.116331302431874,-19.962358958985153,-0.8429299189788857
413,413,22,Sokhda,0.11465657088577282,1.963723366702249,309153.49587614194,2481950.001828947,876,0.7579908675799086,0.00807001564673161,-20.931256232354745,1.0295794149875495,0.944016463484065,664,0.0,,,1.0485650722463933,0.9098065155582927,0,0.0,,,1.0757093723197027,0.8644935812722065,0,0.0,,,1.0223680294426827,0.965582351164382,0,1,imputed,False,184.93034831300696,-21.534683004733385,-19.529003028304047,-20.6917530857545,-18.709886090935562,0.012216375637375154,0.033031116580315614,0.15428307510994907,1.138937075840051,2.8247969137978224,3,-20.116331302431874,-19.962358958985153,-0.8429299189788857
414,414,22,Sokhda,0.08404439040757716,1.4641264774550824,309187.4705161893,2481934.8481564308,631,1.0,0.006878380205515177,-21.62513822030497,1.0295794149875495,0.944016463484065,631,0.0,,,1.0485650722463933,0.9098065155582927,0,0.0,,,1.0757093723197027,0.8644935812722065,0,0.009508716323296355,0.07913788718481858,-11.016155486646744,1.0223680294426827,0.965582351164382,6,1,imputed,False,149.0669395169637,-21.534683004733385,-19.529003028304047,-20.6917530857545,-18.709886090935562,0.012216375637375154,0.033031116580315614,0.15428307510994907,1.138937075840051,2.8247969137978224,3,-20.116331302431874,-19.962358958985153,-0.8429299189788857
415,415,22,Sokhda,0.0900858260801062,1.5248316675502416,309202.79931039625,2481935.981833909,686,1.0,0.005559248953405445,-22.549838770193077,1.0295794149875495,0.944016463484065,686,0.0,,,1.0713348326594652,0.871586520583771,0,0.0014577259475218659,0.06572873890399933,-11.822447001749536,1.0671938424462373,0.8780602315081175,1,0.239067055393586,0.019015686129256297,-17.20887999635839,1.0223680294426827,0.965582351164382,164,1,imputed,False,137.23738138404423,-21.116375330044715,-19.529003028304047,-20.565255854073282,-18.709886090935562,0.00798723878219468,0.030922829385628663,0.1221055616723591,1.3042502871662869,2.4064892391091526,3,-19.980130075839405,-19.8844067161713,-0.5511194759714328
416,416,22,Sokhda,0.10692324138786644,2.0688212370019174,309181.667520085,2481987.8414486707,818,0.5,0.008313952711123554,-20.8019245004348,1.0295794149875495,0.944016463484065,409,0.0,,,1.0713348326594652,0.871586520583771,0,0.0,,,1.0671938424462373,0.8780602315081175,0,0.0,,,1.0223680294426827,0.965582351164382,0,1,imputed,False,184.43579259157988,-21.116375330044715,-19.529003028304047,-20.565255854073282,-18.709886090935562,0.00798723878219468,0.030922829385628663,0.1221055616723591,1.3042502871662869,2.4064892391091526,3,-19.980130075839405,-19.8844067161713,-0.5511194759714328
417,417,22,Sokhda,0.0933179088009405,1.9080437780201809,309149.057292187,2481984.6047604,712,0.0,,,1.0295794149875495,0.944016463484065,0,0.0,,,1.0485650722463933,0.9098065155582927,0,0.0,,,1.0757093723197027,0.8644935812722065,0,0.0,,,1.0223680294426827,0.965582351164382,0,0,imputed,False,207.1662863568803,-21.534683004733385,-19.529003028304047,-20.6917530857545,-18.709886090935562,0.012216375637375154,0.033031116580315614,0.15428307510994907,1.138937075840051,2.8247969137978224,3,-20.116331302431874,-19.962358958985153,-0.8429299189788857
418,418,22,Sokhda,0.07800344852367416,1.6383998664646133,309245.018370361,2481875.141923676,591,1.0,0.008534666468518994,-20.68813446278839,0.9987510062777308,1.0025026752063266,591,1.0,0.08671354110785226,-10.619130781959607,5.35773107222612,0.034836793854146446,591,1.0,0.007167600983080473,-21.44626179639145,1.064102923271802,0.883146449833963,591,1.0,0.012899678447293407,-18.894211153059153,1.0790286063078496,0.8588831507981095,591,4,measured,False,,-20.68813446278839,-10.619130781959607,-21.44626179639145,-18.894211153059153,-0.010987352660913911,0.04253417738887162,0.7745387446791372,3.310177976935357,10.827131014431844,1,-17.911934548549652,-17.918933370296198,0.7581273336030598
419,419,22,Sokhda,0.1879994417052716,2.7298964447943317,309277.2587626283,2481877.612830549,1434,1.0,0.009452463208532713,-20.244550043502265,1.045183216956721,0.9154089308713051,1434,1.0,0.01110643346201568,-19.544253808825445,1.0594273025580478,0.8909589155855228,1434,1.0,0.010145549228156034,-19.937244375117544,1.1298885119649105,0.7833012398483126,1434,1.0,0.014224810072712136,-18.46953523521555,0.9583006413661448,1.0889211731537656,1434,4,measured,False,,-20.244550043502265,-19.544253808825445,-19.937244375117544,-18.46953523521555,0.004453705338909004,0.024461818998366584,0.05386894112898615,1.1604034715172737,1.7750148082867163,3,-19.5488958656652,-19.506298934112607,-0.3073056683847213
420,420,22,Sokhda,0.11904198788665235,2.1359926223666554,309487.29085117,2481822.6027952675,914,1.0,0.004975688256181416,-23.031468374935578,1.0499507392723981,0.9071145909848489,914,1.0,0.005263023046629207,-22.78764728215294,1.1557850171416606,0.7485932029394013,914,1.0,0.006430279881298117,-21.917701237697067,1.0775680606395384,0.8612130049387178,914,1.0,0.006170703363519507,-22.096653303775504,1.0635304993348804,0.884097377362259,914,4,measured,False,,-23.031468374935578,-22.78764728215294,-21.917701237697067,-22.096653303775504,0.016141552713601615,-0.0029825344346406267,0.018755468675587614,-1.292719203316949,1.1137671372385114,2,-22.458367549640272,-22.248098035434516,-1.1137671372385114
421,421,22,Sokhda,0.13078769633009796,2.233502656235833,309448.7442147021,2481818.1832725396,1002,1.0,0.005622179868088258,-22.500952643015726,1.0174824950226522,0.9659310070868657,1002,1.0,0.014290578608194923,-18.449501867962216,0.9558368470023746,1.0945420813485744,1002,1.0,0.006549005747814419,-21.838246284072053,1.0025191565699207,0.9949806615626111,1002,1.0,0.013494932429856492,-18.69829285647215,0.9593531999387376,1.0865330546543759,1002,4,measured,False,,-22.500952643015726,-18.449501867962216,-21.838246284072053,-18.69829285647215,0.009604439984690913,0.05233255712666504,0.31165005961950076,2.4772470686562293,4.05145077505351,1,-20.371748412880535,-20.235124626315056,-0.662706358943673
422,422,22,Sokhda,0.2617540848664008,3.052848487340768,309454.6617327631,2481853.804658239,2003,1.0,0.005569481410167334,-22.54185241305236,1.0739162346688607,0.867080030995233,2003,1.0,0.009633658775258359,-20.16208740484408,1.0187110160916284,0.9636026705114009,2003,1.0,0.007327297026496851,-21.35056203117204,1.017600426358719,0.9657071334908,2003,1.0,0.007548825662539435,-21.22120604390259,1.005169031640802,0.9897415444870816,2003,4,measured,False,,-22.54185241305236,-20.16208740484408,-21.35056203117204,-21.22120604390259,0.01726507799826553,0.002155933121157479,0.1830588467852524,-1.0619343946108728,2.379765008208281,1,-21.318926973242768,-21.062657637806335,-1.1912903818803215
423,423,22,Sokhda,0.12734105015527458,1.9395964122620013,309405.37967320613,2481836.096841126,972,1.0,0.007341927810812045,-21.341898899927664,1.1222783581005895,0.7939603669511133,972,1.0,0.009600408771786062,-20.17710274923811,1.0915286199010317,0.8393242000136495,972,1.0,0.007973259597234768,-20.983640957070683,1.2070698735250442,0.6863334700879613,972,1.0,0.00718570795406814,-21.43530437634301,1.2006363186888882,0.6937085498615149,972,4,measured,False,,-21.341898899927664,-20.17710274923811,-20.983640957070683,-21.43530437634301,0.005192144099376523,-0.007527723654538754,0.08959970389919647,-0.8099213621293053,1.2582016271048992,1,-20.984486745644865,-20.891028639524297,-0.3582579428569801
424,424,22,Sokhda,0.1231783903474512,1.9071830419332094,309384.6410281165,2481835.178360122,938,1.0,0.008044254035606994,-20.94514222943487,1.090982175618618,0.840165201419132,938,1.0,0.011094869025787676,-19.548778202200236,1.039714356577639,0.9250642942550892,938,1.0,0.007253345898610712,-21.39461611346199,1.1906336720617823,0.7054133571043554,938,1.0,0.009271373077470281,-20.328559426829777,1.0304412748560055,0.9417887698574366,938,4,measured,False,,-20.94514222943487,-19.548778202200236,-21.39461611346199,-20.328559426829777,-0.006514114261262573,0.0177676114438702,0.10741261747958739,1.5155305706593296,1.8458379112617536,1,-20.55427399298172,-20.630393719790106,0.4494738840271175
425,425,22,Sokhda,0.18318115623804623,2.666413362630564,309346.15181874175,2481843.03882513,1404,1.0,0.011776421290349058,-19.289866662537612,0.9496056155553729,1.1089537954073143,1404,1.0,0.011952174010519054,-19.225530926322495,1.031794035322747,0.9393208752830133,1404,1.0,0.011759203396668402,-19.296220976603145,1.0082732611814131,0.9836565762687344,1404,1.0,0.01685656591834208,-17.732308967706565,0.94822679469868,1.1121812096272423,1404,4,measured,False,,-19.289866662537612,-19.225530926322495,-19.296220976603145,-17.732308967706565,-9.209150819612555e-05,0.02606520014827633,0.00494890278577824,1.5702663229621123,1.5639120088965797,3,-18.885981883292455,-18.91329485223876,0.006354314065532662
426,426,22,Sokhda,0.09725748891928233,1.8525014257487775,309349.29420308553,2481811.8894493575,742,1.0,0.008847954444389702,-20.53157122092847,1.1462175031119568,0.7611424222763744,742,1.0,0.00937321237985711,-20.28111542543236,1.0832423627608823,0.8522141255820193,742,1.0,0.007597544748542922,-21.19326733302902,1.0702847616206725,0.8729740131822721,742,1.0,0.010751394337586255,-19.685352088785027,1.1540653847708213,0.750825770011368,742,4,measured,False,,-20.53157122092847,-20.28111542543236,-21.19326733302902,-19.685352088785027,-0.00958979872609493,0.02513192073739988,0.01926583042277759,2.169611356344543,1.5079152442439927,3,-20.42282651704372,-20.565300489090586,0.6616961121005502
427,427,22,Sokhda,0.18211301293224097,2.6240877458118725,309299.7521012491,2481818.669699575,1394,1.0,0.007007101045700369,-21.54461619730104,1.0802785712930179,0.8568967136145946,1394,1.0,0.011184711214049056,-19.513752247782644,1.139959987856929,0.7695215454278928,1394,1.0,0.006192433473602074,-22.08138650418785,1.0873158213676033,0.8458407127104501,1394,1.0,0.007246805207061406,-21.398534122894652,1.0987025726852175,0.8283992882992361,1394,4,measured,False,,-21.54461619730104,-19.513752247782644,-22.08138650418785,-21.398534122894652,-0.007779279809953793,0.011380873021553306,0.15622030380910729,1.21962268818001,2.5676342564052064,1,-21.134572268041545,-21.20884417643948,0.5367703068868117
428,428,22,Sokhda,0.17247228112088633,2.5912655441648496,309304.3930948976,2481772.4109927216,1318,1.0,0.007039227782658016,-21.52474981216573,1.055362010027774,0.897836147556664,1318,1.0,0.011081357401373724,-19.554070378188722,1.0377028419347387,0.9286541155310627,1318,1.0,0.00542007111057425,-22.659950155414265,1.1015438603186012,0.8241313055498113,1318,1.0,0.006860074391971357,-21.636711746944904,1.1461708005111042,0.7612044515218246,1318,4,measured,False,,-21.52474981216573,-19.554070378188722,-22.659950155414265,-21.636711746944904,-0.016452178887659923,0.017053973474489344,0.15159072569053905,2.1584387517178953,3.1058797772255424,1,-21.343870523178403,-21.534145451542347,1.1352003432485347
429,429,22,Sokhda,0.10655678670797497,1.7545999758749369,309317.6167939429,2481899.8887952105,812,1.0,0.006447761560136802,-21.905910312264677,1.013975613018378,0.9726239960968248,812,1.0,0.010750525553795328,-19.685703041638057,0.9551765522544464,1.0960558751852911,812,1.0,0.010911490151733762,-19.62115934976972,1.0357165852607038,0.9322194038726594,812,1.0,0.014042482687409798,-18.52556102881197,0.965707452577516,1.0722815515306545,812,4,measured,False,,-21.905910312264677,-19.685703041638057,-19.62115934976972,-18.52556102881197,0.03311233278978199,0.01825997201596247,0.17078517466358617,-1.1891526415372091,3.3803492834527056,3,-19.934583433121105,-19.49875383811811,-2.2847509624949573
430,430,22,Sokhda,0.09893642613801348,1.6600039871715997,309335.44176857953,2481902.298166255,752,1.0,0.006811770067552641,-21.667400201454974,1.0075414522661883,0.9850860163671538,752,1.0,0.01154504883963232,-19.37604225523942,0.9279024333632634,1.1614362390495845,752,1.0,0.010792181702558605,-19.668907512759,1.018563204881071,0.963882361768984,752,1.0,0.014600792743926057,-18.356235637384334,0.9141704842763981,1.1965906628907244,752,4,measured,False,,-21.667400201454974,-19.37604225523942,-19.668907512759,-18.356235637384334,0.028963662155014138,0.02187786458957775,0.1762583035550427,-0.6858208133213104,3.3111645640706406,3,-19.767146401709432,-19.386009798269527,-1.9984926886959755
431,431,22,Sokhda,0.14109929266106339,2.16008272397852,309356.47256202163,2481903.832057189,1075,1.0,0.006439414669161928,-21.911536074082214,1.0879361807305197,0.8448763627579007,1075,1.0,0.007274781604413198,-21.38180040063281,1.1521477002604417,0.7533272639094444,1075,1.0,0.006578287238572916,-21.818871671252293,1.218914668393592,0.673059398825098,1075,1.0,0.007398672582927501,-21.308461912989607,1.185639297651766,0.7113688256139044,1075,4,measured,False,,-21.911536074082214,-21.38180040063281,-21.818871671252293,-21.308461912989607,0.0013429623598539347,0.008506829304378094,0.04074889795764655,0.41774535543276414,0.6030741610926071,3,-21.60516751473923,-21.58794971027665,-0.0926644028299215
432,432,22,Sokhda,0.11317063246630132,2.038472926513018,309455.8632331885,2481985.5340972953,862,1.0,0.009891282615224558,-20.04747389232214,1.0304926999486566,0.9416947752734869,862,1.0,0.009182738541413863,-20.37027781101465,1.1293968173327948,0.7839834249713653,862,1.0,0.00635118280449043,-21.97145386892652,1.0383067507990404,0.9275741661680653,862,1.0,0.008596551211414024,-20.656757452977978,1.0234904045114948,0.9546242209948121,862,4,measured,False,,-20.04747389232214,-20.37027781101465,-21.97145386892652,-20.656757452977978,-0.027883767776875054,0.021911606932475715,-0.024831070668654413,3.2386763925529216,1.9239799766043788,0,-20.761490756310323,-21.140544285016876,1.6011760579118715
433,433,22,Sokhda,0.13529232484875248,2.225710839810763,309482.3831086265,2481993.1754538477,1034,1.0,0.007613510110622989,-21.184150711909325,1.032004451239252,0.938937877102443,1034,1.0,0.011192548988893406,-19.510709960680803,1.045968802373635,0.914034393027846,1034,1.0,0.005973894829898326,-22.237424273959125,1.0626031270697347,0.8856412184055964,1034,1.0,0.008361292074740161,-20.77726605626662,1.0928756432162636,0.8372564578695926,1034,4,measured,False,,-21.184150711909325,-19.510709960680803,-22.237424273959125,-20.77726605626662,-0.01526483423260579,0.024335970294875095,0.12872621163296324,2.513431779742305,2.726714313278322,1,-20.927387750703964,-21.115543122856796,1.0532735620497995
434,434,22,Sokhda,0.12273511692686007,2.1708787476707454,309511.9170013272,2481996.9190938254,939,1.0,0.010890956266729526,-19.62933985888778,1.019029190079208,0.96300102839376,939,1.0,0.012461775453862711,-19.044200784726023,1.0322765951421364,0.9384428692007675,939,1.0,0.010421494754696427,-19.82069985723686,1.0535558485276246,0.9009171937312527,939,1.0,0.013537078810412153,-18.6847504269604,1.024054714107194,0.95357241160739,939,4,measured,False,,-19.62933985888778,-19.044200784726023,-19.82069985723686,-18.6847504269604,-0.002773333309406984,0.018932490504607696,0.04501069801244274,1.3273094286255436,1.1359494302764617,3,-19.294747731952768,-19.33921504406487,0.1913599983490819
435,435,22,Sokhda,0.07419183201264823,1.6202792290117005,309536.93025088025,2482001.7366851685,568,1.0,0.010133783247632712,-19.942283891082813,0.9485338691272693,1.1114612203068344,568,1.0,0.009014634114944938,-20.450518956842444,0.966772816129538,1.0699195896930171,568,1.0,0.007310408596364577,-21.36058348597915,1.0147140797965806,0.9712088405044351,568,1.0,0.008494136364999936,-20.70880771118872,0.9846207101073405,1.0314829826250989,568,4,measured,False,,-19.942283891082813,-20.450518956842444,-21.36058348597915,-20.70880771118872,-0.02055506659270052,0.010862929579840497,-0.03909500505843319,2.0700753696867658,1.418299594896336,0,-20.615548511273282,-20.89415366531438,0.9100645291367044
436,436,22,Sokhda,0.11861271642517532,1.9204946902091078,309466.21465122775,2481938.962862433,905,1.0,0.009536914148881519,-20.205921268585747,0.9945418446123877,1.011006340048515,905,1.0,0.01001210024634266,-19.994748106603492,0.9786381321571348,1.0441327846264197,905,1.0,0.008085167592712399,-20.923109734278533,1.0297873730674278,0.9429851972007908,905,1.0,0.011238266352716209,-19.493006791156436,1.0904979164344764,0.8409115541554999,905,4,measured,False,,-20.205921268585747,-19.994748106603492,-20.923109734278533,-19.493006791156436,-0.010394035734678056,0.02383504905203496,0.016244089383250435,2.1472914088148833,1.4301029431220975,3,-20.154196475156052,-20.306107490282763,0.7171884656927858
437,437,22,Sokhda,0.1306669443562627,2.0756623243255476,309488.881618305,2481942.4589716624,999,1.0,0.009624774823067754,-20.166094222603014,0.9876278936037065,1.0252111139026363,999,1.0,0.009422342155258404,-20.258411291953603,1.0276647159808867,0.9468847208160752,999,1.0,0.008311114183818866,-20.803407510115214,0.9789568374835165,1.0434530477893789,999,1.0,0.009393147121288409,-20.271888754209705,1.0106104793306647,0.9791120725228818,999,4,measured,False,,-20.166094222603014,-20.258411291953603,-20.803407510115214,-20.271888754209705,-0.009236424456698545,0.008858645931758483,-0.00710131302696837,1.1688320434177086,0.6373132875121996,0,-20.374950444720383,-20.501931009552653,0.5449962181616108
438,438,22,Sokhda,0.14483329099249095,2.197242905569859,309513.14384800894,2481946.90102266,1108,1.0,0.009194484895044876,-20.364725963341037,1.0408401235614726,0.9230642874781345,1108,1.0,0.008373474012692658,-20.770943231867996,1.0242550931145131,0.953199345944219,1108,1.0,0.00772585383194402,-21.120535126784674,1.075321611643537,0.8648150751010999,1108,1.0,0.009181048535244277,-20.371077167218075,0.9386331940196398,1.13503220113697,1108,4,measured,False,,-20.364725963341037,-20.770943231867996,-21.120535126784674,-20.371077167218075,-0.010953755991936763,0.012490965992776637,-0.03124748219438144,1.5052671230102348,0.7558091634436366,0,-20.656820372302946,-20.814663663807874,0.34959189491667786
439,439,22,Sokhda,0.10103273582363036,1.9717814796294117,309494.348958198,2481891.3409251426,774,1.0,0.006963259321805908,-21.571874307712513,1.0653506182407737,0.8810790513363281,774,1.0,0.009920131409730493,-20.034825748072308,1.166304503587471,0.7351502254564224,774,1.0,0.00991116396588661,-20.038753390286143,0.9863244165947687,1.0279226398736951,774,1.0,0.007518632471365263,-21.238611440025593,1.008507761497962,0.983199185716791,774,4,measured,False,,-21.571874307712513,-20.034825748072308,-20.038753390286143,-21.238611440025593,0.022219143730816952,-0.01999763416232418,0.11823450458770807,-2.7329789671658204,1.5370485596402048,1,-20.72101622152414,-20.393990008883648,-1.5331209174263698
440,440,22,Sokhda,0.15135939034208423,2.2847324133567803,309518.66808414727,2481861.01370586,1159,1.0,0.00898857058258903,-20.463093669377457,1.0362628399165497,0.9312368443274976,1159,1.0,0.009186455165021897,-20.36852040220063,1.0461655256540459,0.9136906712482858,1159,1.0,0.008059647463122802,-20.93683954245637,1.036716517287359,0.9304219858099614,1159,1.0,0.0087387723558171,-20.585495738349756,0.9762145275430657,1.049323664753599,1159,4,measured,False,,-20.463093669377457,-20.36852040220063,-20.93683954245637,-20.585495738349756,-0.006865882218534949,0.00585573006844354,0.007274866705909762,0.8250896771855238,0.5683191402557384,1,-20.58848733809605,-20.679268436742923,0.4737458730789115
441,441,22,Sokhda,0.07524663853711681,1.6882127786585837,309520.6693820893,2481896.826997786,576,1.0,0.00908490162285918,-20.416797711496425,0.9262802363029828,1.1655078540416903,576,1.0,0.008281030173056555,-20.819156329440837,1.0822343593197772,0.8538023856854766,576,1.0,0.007981071268912072,-20.979388110362834,0.9459307301467449,1.117586973503129,576,1.0,0.013220454582175812,-18.78753611481519,0.9758763012244058,1.0500511552833305,576,4,measured,False,,-20.416797711496425,-20.819156329440837,-20.979388110362834,-18.78753611481519,-0.008153484041542152,0.036530866592460735,-0.030950662918800893,2.7544423944140526,2.191851995547644,3,-20.250719566528822,-20.398454824309578,0.16023178092199686
442,442,22,Sokhda,0.14526800303147175,2.29394885726571,309470.26210793847,2481771.2824267326,1108,1.0,0.006777956508655474,-21.689012221778285,1.0867365332099816,0.8467427088930568,1108,1.0,0.011405121043851925,-19.429001011459473,0.9573439357365358,1.0910986508999683,1108,1.0,0.005373630369521238,-22.697322102508586,1.0342930644933126,0.9347872387347328,1108,1.0,0.008716300511178858,-20.59667805032379,1.0089255915389572,0.9823850026008832,1108,4,measured,False,,-21.689012221778285,-19.429001011459473,-22.697322102508586,-20.59667805032379,-0.014613186677250749,0.035010734203079964,0.17384701617837012,3.1089539329150995,3.2683210910491134,1,-21.103003346517532,-21.283908044900173,1.0083098807303017
443,443,22,Sokhda,0.2685436355186626,3.054425892083881,309544.7427661565,2481798.2602960607,2051,1.0,0.010277935862520623,-19.880940967734656,0.9814666763612142,1.0381231664556358,2051,1.0,0.010689216313976195,-19.710541341730625,0.9718016918327121,1.0588750088949979,2051,1.0,0.005939462216951154,-22.262528760261837,1.0456197853479017,0.9146446852419969,2051,1.0,0.008244579160950337,-20.83831507726145,1.0588886631104677,0.8918655787597044,2051,4,measured,False,,-19.880940967734656,-19.710541341730625,-22.262528760261837,-20.83831507726145,-0.03451576510908958,0.023736894716673142,0.013107663538771583,3.80580147552757,2.551987418531212,1,-20.67308153674714,-21.128805527077613,2.3815877925271813
444,444,22,Sokhda,0.49048394662491046,4.0,309037.91810453095,2481777.505584332,3840,1.0,0.007858166699842664,-21.046787624860478,1.0286837552826797,0.9451990846344474,3840,0.0640625,8.009533567157218,9.036072258085868,1.0750518820270414,0.8719358400524144,246,0.11067708333333333,0.04093892247405379,-13.878635922971323,1.1117102629589408,0.8092215281570806,425,0.3109375,0.05710720826161288,-12.433090702013903,1.0208546401119871,0.9610455649262031,1194,1,imputed,False,160.7364007568198,-20.66351408183978,-19.11067226728114,-20.73339920079126,-19.345592303916593,-0.0010128278108910527,0.023130114947911135,0.11944937035066462,1.4576920158261508,1.6227269335101226,1,-19.963294463457192,-19.973146957492627,0.06988511895148264
445,445,22,Sokhda,0.32523147261249835,3.5139413852005683,309064.0264351851,2481720.3150904356,2491,1.0,0.008635131925827023,-20.63731022981175,1.0202751287443192,0.9606504710349915,2491,0.9951826575672421,4.909193877819993,6.910101839443827,1.1503580613558797,0.7556730248080408,2479,1.0,0.009587513289182321,-20.18294021070128,1.1047782221864149,0.8193128958751148,2491,1.0,0.011051621775908842,-19.56573986535698,1.0440344686540548,0.9174244830574417,2491,4,measured,False,,-20.63731022981175,6.910101839443827,-20.18294021070128,-19.56573986535698,0.006585072740731456,0.01028667242240496,2.1190316976350445,0.1628303262338271,27.54741206925558,1,-13.368972116606546,-12.816486288483318,-0.4543700191104705
446,446,22,Sokhda,0.3153823649743572,3.474992827800281,308985.932861098,2481688.891653485,2411,1.0,0.00944386581627077,-20.248501922484536,1.009513562800223,0.9812409943174437,2411,0.4184985483201991,8.474264215430608,9.28102000556486,0.78864629527608,1.6078127375412339,1009,0.5425134798838657,0.09513730113534877,-10.2164917285148,3.5290126434635125,0.08029593717899666,1308,0.8473662380754874,0.049497879772378156,-13.054134035488037,3.097788154254856,0.10420692257544385,2043,3,interpolated,False,,-20.248501922484536,-18.358413045359804,-10.2164917285148,-13.054134035488037,0.1453914520865179,-0.047294038449553946,0.14539145208651788,-12.869652500942973,10.032010193969736,2,-15.469385182961794,-13.55938801457025,-10.032010193969736
447,447,22,Sokhda,0.1706812611482106,2.4122519395338977,308981.87511127273,2481727.934086239,1304,1.0,0.00907432747642235,-20.42185551867788,1.0349044433765773,0.934243000527979,1304,0.0,,,1.139928601233437,0.7697572053470484,0,0.0,,,1.0812164648461522,0.8566303753241402,0,0.08742331288343558,0.15215875914836624,-8.177030420550231,1.0022392056394038,0.9955985325921424,114,1,imputed,False,117.44999777120859,-20.66351408183978,-18.37650596679371,-20.73339920079126,-19.345592303916593,-0.0010128278108910527,0.023130114947911135,0.17592370115738978,1.4576920158261508,2.3568932339975497,1,-19.779752888335338,-19.776800156199478,0.06988511895148264
448,448,22,Sokhda,0.12195764463860542,1.9566106728059751,308975.72804460814,2481752.512901913,931,1.0,0.010885471170142456,-19.63152768077707,1.0349044433765773,0.934243000527979,931,0.0,,,1.139928601233437,0.7697572053470484,0,0.0,,,1.0812164648461522,0.8566303753241402,0,0.0,,,1.0022392056394038,0.9955985325921424,0,1,imputed,False,140.02295782056328,-20.66351408183978,-18.37650596679371,-20.73339920079126,-19.345592303916593,-0.0010128278108910527,0.023130114947911135,0.17592370115738978,1.4576920158261508,2.3568932339975497,1,-19.779752888335338,-19.776800156199478,0.06988511895148264
449,449,22,Sokhda,0.08893765680923243,1.558578478054044,308918.13967965223,2481686.6393663706,677,1.0,0.007165445286796158,-21.447568157914837,1.0485226027395316,0.9095898760662271,677,0.0,,,1.140087457208723,0.769548586019804,0,0.0,,,1.0681828571321503,0.8766684167327196,0,0.0,,,1.0022392056394038,0.9955985325921424,0,1,imputed,False,117.33202185200557,-20.80629857988767,-18.37650596679371,-21.225696284414603,-19.416455011363276,-0.006078227601839606,0.030154021217522125,0.18690712408415067,2.2286389775782602,2.8491903176208915,1,-19.956238960614815,-20.02181729814417,0.4193977045269328
450,450,22,Sokhda,0.10308740912545472,1.71015156784478,308935.53644629783,2481686.8647162043,782,1.0,0.006928378832093855,-21.593683738501383,1.0349044433765773,0.934243000527979,782,0.0,,,1.139928601233437,0.7697572053470484,0,0.0,,,1.0812164648461522,0.8566303753241402,0,0.06265984654731457,0.07553284220891643,-11.218641730226144,1.0022392056394038,0.9955985325921424,49,1,imputed,False,106.74871378059278,-20.66351408183978,-18.37650596679371,-20.73339920079126,-19.345592303916593,-0.0010128278108910527,0.023130114947911135,0.17592370115738978,1.4576920158261508,2.3568932339975497,1,-19.779752888335338,-19.776800156199478,0.06988511895148264
451,451,22,Sokhda,0.17128630255535246,2.585959338658669,308875.27944744093,2481680.8297968237,1311,0.6231884057971014,0.00807564708157751,-20.92822668662584,1.0579471056976846,0.8936233106686369,817,0.0,,,1.1217072105252877,0.7963610945353448,0,0.0,,,1.0618456314333433,0.8869467085225474,0,0.0,,,1.0022392056394038,0.9955985325921424,0,1,imputed,False,139.14646619723646,-20.97400138328264,-18.37650596679371,-21.225696284414603,-19.416455011363276,-0.0036477521903182965,0.030154021217522125,0.19980733972991763,2.06093617418329,2.8491903176208915,1,-19.99816466146356,-20.030267439400504,0.25169490113196247
452,452,22,Sokhda,0.10992889894023537,1.780318091450075,308909.79822467524,2481617.6455978714,838,1.0,0.010306764300364752,-19.868776554783402,1.0671589629363964,0.878097006952995,838,0.3997613365155131,6.9103780379935875,8.395018064659041,1.0533806527074383,0.9050000765543331,335,0.49522673031026254,0.023670223836974816,-16.257976351548475,1.0723737810596041,0.8696672704821015,415,0.7852028639618138,0.0271228046254708,-15.66665404392422,1.0348694071639164,0.9358091651509304,658,2,imputed,False,85.2468673338696,-20.97400138328264,-18.37650596679371,-21.505072180738967,-19.849730161013614,-0.007696678224004732,0.027589033662089216,0.19980733972991763,2.1864128171816795,3.1285662139452555,1,-20.176327422957232,-20.25663997022472,0.5310707974563265
453,453,22,Sokhda,0.11671687045070575,1.9056810620224593,308929.61680080206,2481621.4426161037,890,1.0,0.006872352444823652,-21.628945760515087,1.0663604533865336,0.8794110913163071,890,0.6460674157303371,7.79305918071581,8.91707974296506,0.7855183134560142,1.6206430490317396,575,0.7584269662921348,0.04066566223272174,-13.907721509016424,3.141544645525481,0.1013242803808,675,0.996629213483146,0.019166277678042805,-17.174622241514495,3.3972405212007475,0.08664577864212694,887,4,measured,False,,-21.628945760515087,8.91707974296506,-13.907721509016424,-17.174622241514495,0.11190180074635743,-0.05444834554163451,2.349694269498473,-10.988124983996734,30.546025503480145,1,-10.948552442020237,-8.952212488987913,-7.721224251498663
454,454,22,Sokhda,0.3054868557779351,3.4527424774841378,309045.8687871932,2481552.5573222004,2335,1.0,0.007562385290959659,-21.2134119982788,1.0370923818210402,0.9297476982339031,2335,1.0,0.008379782052415937,-20.767672766756903,1.0206046229430883,0.9600302942187728,2335,1.0,0.006052109119856108,-22.180932502251647,1.118642303731467,0.7991301604390464,2335,1.0,0.007379050482108515,-21.319995185172026,1.084346481352846,0.8504795021472173,2335,4,measured,False,,-21.2134119982788,-20.767672766756903,-22.180932502251647,-21.319995185172026,-0.014022036289461536,0.014348955284660351,0.03428763319399217,1.8284578210524671,1.4132597354947443,1,-21.370503113114843,-21.553998675408387,0.9675205039728461
455,455,22,Sokhda,0.10999379960540683,2.043486452888645,308990.02119613235,2481531.584563456,842,1.0,0.008241686144213195,-20.839839280826823,1.0980260041309775,0.8294204691787957,842,1.0,0.007168057335385904,-21.445985295258797,0.9710605460389895,1.0604919631571124,842,1.0,0.004759314715969305,-23.22455575955669,1.1230442212327396,0.7928778492262661,842,1.0,0.006621369494187395,-21.790521763825037,1.0629352146189446,0.8850879119125405,842,4,measured,False,,-20.839839280826823,-21.445985295258797,-23.22455575955669,-21.790521763825037,-0.034561108387389385,0.02390056659552755,-0.04662661649476728,3.8187504744615204,2.3847164787298674,0,-21.825225524866838,-22.29523515489025,1.7785704642978928
456,456,22,Sokhda,0.12274825665643439,2.160952096913936,308985.2231824299,2481559.5162026407,938,1.0,0.008085596736611037,-20.922879225907536,1.0033049054547387,0.9934228124948561,938,1.0,0.010320645266910473,-19.86293148920247,1.0140226576707525,0.9725337501915289,938,1.0,0.009360866512212554,-20.286839478372897,1.0576547075058895,0.8939478547731655,938,1.0,0.013894949819684015,-18.571430172978136,0.916844609568108,1.1896207425642429,938,4,measured,False,,-20.922879225907536,-19.86293148920247,-20.286839478372897,-18.571430172978136,0.009217967355574477,0.028590155089912687,0.08153444128500507,1.0793695578601223,2.3514490529294,3,-19.91102009161526,-19.80658485489036,-0.6360397475346389
457,457,22,Sokhda,0.10161836500167847,1.749737383280143,309032.0228644111,2481597.1778287087,781,1.0,0.008682156975415025,-20.61372366281212,0.9680285724037482,1.0671455253244373,781,1.0,0.009099469512782496,-20.4098392574339,1.1294991411109947,0.783841385886056,781,1.0,0.007332696015586868,-21.347363187531492,1.1755713539513009,0.7236057521187735,781,1.0,0.009799305373482135,-20.08804708302965,0.9762088041156396,1.049335968976675,781,4,measured,False,,-20.61372366281212,-20.4098392574339,-21.347363187531492,-20.08804708302965,-0.0106324568799909,0.020988601741697366,0.0156834157983245,1.992955629221214,1.259316104501842,3,-20.614743297701793,-20.76679950044546,0.7336395247193721
458,458,22,Sokhda,0.10620847102925181,1.8283776685740099,309028.4563123815,2481616.4732308206,810,1.0,0.008531555230715807,-20.689717933867804,1.0495337580088355,0.9078355300209666,810,1.0,0.00882192133001045,-20.544368193863,1.1506757733064512,0.755255786153552,810,1.0,0.007620862180165541,-21.17995892320962,1.0326147077852914,0.937828414555994,810,1.0,0.012230818620338578,-19.125444742476205,0.956319382799439,1.09343780071223,810,4,measured,False,,-20.689717933867804,-20.544368193863,-21.17995892320962,-19.125444742476205,-0.007104941874519093,0.034241903012223615,0.011180749231138739,2.544755170075234,2.054514180733417,3,-20.38487244835416,-20.507479295184947,0.49024098934181737
459,459,22,Sokhda,0.170636484108062,1.9730198067082234,308946.95939925517,2481550.577570611,1303,1.0,0.006865085666133119,-21.633540390394952,1.1553027680477301,0.7492182923104242,1303,1.0,0.014472385130013973,-18.39459888822762,1.384504633727174,0.5216883912544723,1303,1.0,0.00643513076329781,-21.914426237088286,0.9924637233411178,1.0152446680965554,1303,1.0,0.010696790053730627,-19.70746528025035,1.0068035997088884,0.9865304183893203,1303,4,measured,False,,-21.633540390394952,-18.39459888822762,-21.914426237088286,-19.70746528025035,-0.004070809372367155,0.03678268261396559,0.249149346320564,2.4878468035312693,3.519827348860666,1,-20.412507698990304,-20.44567716542675,0.2808858466933337
460,460,22,Sokhda,0.08005860462467317,1.568082283562843,308936.5552371793,2481531.348100087,611,1.0,0.0078974638372752,-21.02512354065775,1.0679574724862595,0.8767829225896829,611,1.0,0.00935079976349896,-20.291512428151286,1.092738647744124,0.8374664029171374,611,1.0,0.0067008350667422814,-21.738710715858346,1.0660365553607973,0.8799455622719293,611,1.0,0.009547203614311776,-20.201238150878602,0.9481758677070217,1.1123006844339667,611,4,measured,False,,-21.02512354065775,-20.291512428151286,-21.738710715858346,-20.201238150878602,-0.01034184311884924,0.025624542749662402,0.05643162403895866,2.2510597401803416,1.537472564979744,3,-20.8141462088865,-20.958161611097957,0.7135871752005976
461,461,22,Sokhda,0.17453343824379844,2.4826008375351454,308908.0410196838,2481539.066723762,1337,1.0,0.007705480799247165,-21.132002574069123,1.0475114474702276,0.9113442221114877,1337,1.0,0.7614970833686483,-1.1833175572823746,4.086624550985472,0.05987844596172547,1337,1.0,0.005839679159778998,-22.336110129843863,1.078711006758411,0.8593889786922736,1337,1.0,0.007164552439102715,-21.448109342685918,1.1094371536540795,0.8124461565118891,1337,4,measured,False,,-21.132002574069123,-1.1833175572823746,-22.336110129843863,-21.448109342685918,-0.017450834141662906,0.014800013119299097,1.534514232060519,2.0921083429326863,21.152792572561488,1,-16.52488490097032,-16.411784033094676,1.2041075557747405
462,462,22,Sokhda,0.17702673304835334,2.623196108203976,308877.4237928992,2481622.3998627136,1356,1.0,0.006669357070441413,-21.759160302839952,1.0671589629363964,0.878097006952995,1356,0.0,,,1.0533806527074383,0.9050000765543331,0,0.0,,,1.0723737810596041,0.8696672704821015,0,0.1224188790560472,0.10079891135249355,-9.96544158328568,1.0348694071639164,0.9358091651509304,166,1,imputed,False,109.50932177627982,-20.97400138328264,-18.37650596679371,-21.505072180738967,-19.849730161013614,-0.007696678224004732,0.027589033662089216,0.19980733972991763,2.1864128171816795,3.1285662139452555,1,-20.176327422957232,-20.25663997022472,0.5310707974563265
463,463,22,Sokhda,0.09138404495120049,1.7548209742087775,308881.35865972925,2481592.685994413,696,1.0,0.007924960617751874,-21.01002887285043,1.0569359504283806,0.8953776567138974,696,0.24281609195402298,9.758229089206493,9.893710096166215,1.0931009715595055,0.836911590552681,169,0.4109195402298851,0.04980863447670001,-13.026953644584061,1.0929501154412786,0.8375687539214836,286,0.882183908045977,0.03351006793285652,-14.748246917459035,1.0511749642376558,0.9053428192778524,614,2,imputed,False,94.3866956483935,-20.97400138328264,-20.04626870589299,-21.826568476473316,-20.72329573466354,-0.012356044828850365,0.018387879030162917,0.07136405210689609,1.9558398350004502,1.7802997705803243,1,-20.892533575078122,-21.05090793038763,0.8525670931906753
464,464,22,Sokhda,0.25671241480913015,3.1245546536706432,308751.04715314263,2481733.8176387125,1957,0.0,,,1.0569359504283806,0.8953776567138974,0,0.0,,,1.1464549824741854,0.765856303007036,0,0.0,,,1.0723737810596041,0.8696672704821015,0,0.0,,,1.0231091567826276,0.9560640725162424,0,0,imputed,False,261.5891428795935,-20.97400138328264,-18.37650596679371,-21.505072180738967,-19.849730161013614,-0.007696678224004732,0.027589033662089216,0.19980733972991763,2.1864128171816795,3.1285662139452555,1,-20.176327422957232,-20.25663997022472,0.5310707974563265
465,465,22,Sokhda,0.2917391167714493,3.147714727020384,308801.4889337057,2481743.894496042,2232,0.0,,,1.0579471056976846,0.8936233106686369,0,0.0,,,1.1217072105252877,0.7963610945353448,0,0.0,,,1.0618456314333433,0.8869467085225474,0,0.0,,,1.0022392056394038,0.9955985325921424,0,0,imputed,False,230.40094833364253,-20.97400138328264,-18.37650596679371,-21.225696284414603,-19.416455011363276,-0.0036477521903182965,0.030154021217522125,0.19980733972991763,2.06093617418329,2.8491903176208915,1,-19.99816466146356,-20.030267439400504,0.25169490113196247
466,466,22,Sokhda,0.26988763204925925,2.987698383439253,309201.7220432856,2481609.710704967,2065,1.0,0.00925173634586166,-20.33776752162653,1.0110283520365255,0.9783028772957869,2065,1.0,0.009676615318713336,-20.14276523420399,1.0228834450402355,0.9557574686254761,2065,1.0,0.007651219065511471,-21.16269363376413,1.0567538301595623,0.8954726765835176,2065,1.0,0.00980228932735537,-20.086724828660873,0.985880240452025,1.028849084176815,2065,4,measured,False,,-20.33776752162653,-20.14276523420399,-21.16269363376413,-20.086724828660873,-0.011955450900544878,0.01793281341838758,0.015000175955580248,1.9008949172408514,1.0759688051032548,3,-20.43248780456388,-20.598130737122137,0.8249261121375966
467,467,22,Sokhda,0.29222261219508944,3.355411462523617,309249.96988500835,2481617.0780664147,2236,1.0,0.006054512242806266,-22.17920838283132,1.0316721246704523,0.9395428837754045,2236,1.0,0.008859193121472266,-20.526058310305118,1.0607473646910635,0.8887427624366454,2236,1.0,0.0050134936186037515,-22.998595335114388,1.0473998007898375,0.9115385203726002,2236,1.0,0.008553145769855094,-20.678741262984556,0.9888470993652888,1.0226845903689932,2236,4,measured,False,,-22.17920838283132,-20.526058310305118,-22.998595335114388,-20.678741262984556,-0.011875173221493741,0.0386642345354972,0.12716539019432324,3.1392410244129003,2.47253702480927,1,-21.595650822808846,-21.756547546667452,0.8193869522830681
468,468,22,Sokhda,0.0911195235805586,1.8380126773496286,309005.77014434704,2481642.0325690955,696,1.0,0.011674314875735631,-19.327685972216543,1.0928412454042222,0.8373091649643043,696,1.0,0.898340252513788,-0.46559140168721236,3.9157348364620934,0.06521889711163577,696,1.0,0.007462023895463606,-21.271433645619588,1.0446595197409623,0.9163269663888268,696,1.0,0.010018449095027216,-19.991995041776878,0.9976748115699193,1.0046666467949643,696,4,measured,False,,-19.327685972216543,-0.46559140168721236,-21.271433645619588,-19.991995041776878,-0.02817025613627602,0.021323976730711833,1.4509303515791792,3.2231862772457553,20.805842243932375,1,-15.264176515325055,-15.311595851758595,1.9437476734030454
469,469,22,Sokhda,0.24029891725148772,3.053941593253028,309304.48639398284,2481602.280086396,1838,1.0,0.00784516711283608,-21.053978009094763,1.0399871466134636,0.9245790666690789,1838,1.0,0.011789910558184803,-19.28489489581258,1.0213783205334992,0.9585763925961651,1838,1.0,0.010009951037902285,-19.9956804679849,0.9939904880156666,1.0121282413557802,1838,1.0,0.013177117869953403,-18.80179569260371,0.9671123951930349,1.0691683667576128,1838,4,measured,False,,-21.053978009094763,-19.28489489581258,-19.9956804679849,-18.80179569260371,0.015337645523331337,0.019898079589686486,0.1360833164063217,0.1355872342713269,2.2521823164910515,3,-19.784087266373987,-19.581264099890586,-1.0582975411098623
470,470,22,Sokhda,0.16068998948808294,2.4734591868709104,309355.27548199426,2481604.5069379266,1227,1.0,0.01034123925194725,-19.854274140435052,1.0268857197339643,0.9483218805876066,1227,1.0,0.009888696721855599,-20.048609423566326,1.0611459157656642,0.8880752899245474,1227,1.0,0.008129080746372811,-20.899585625670156,1.0775686512495413,0.8612120608858717,1227,1.0,0.008575267665396744,-20.66752315158013,1.073383494264625,0.8679409408202878,1227,4,measured,False,,-19.854274140435052,-20.048609423566326,-20.899585625670156,-20.66752315158013,-0.0151494418150015,0.0038677079015004166,-0.0149488679331749,1.2773739593251285,1.0453114852351035,0,-20.367498085312917,-20.565360215985574,0.8509762021038298
471,471,22,Sokhda,0.1856188783839345,2.6628794555555872,309309.39018506627,2481563.001762312,1421,1.0,0.012428055528261244,-19.055968149951468,0.9784924319907133,1.0444437561614464,1421,1.0,0.013798570822890571,-18.601658930099674,1.0223146866224215,0.9568212238970432,1421,1.0,0.012034872872785398,-19.19558492920268,0.9991767219844854,1.0016485916254285,1421,1.0,0.014444862510819475,-18.402865875045606,0.9595245123220315,1.0861451126092734,1421,4,measured,False,,-19.055968149951468,-18.601658930099674,-19.19558492920268,-18.402865875045606,-0.002023431583350914,0.013211984235951253,0.03494686306552261,0.9323358334082883,0.7927190541570752,3,-18.814019471074857,-18.84535603262207,0.13961677925121307
472,472,22,Sokhda,0.1887880972211249,2.7042298892582393,309358.22337642754,2481567.096761702,1461,1.0,0.0091009517107885,-20.40913189972101,1.071999698962145,0.8701831574734995,1461,1.0,0.009261337559006001,-20.33326286261266,1.079600737655335,0.8579730666330236,1461,1.0,0.007986164449277048,-20.97661751156677,1.1275354857335125,0.786573955567773,1461,1.0,0.008750942657296798,-20.57945161970646,1.1308023524595912,0.7820357257563517,1461,4,measured,False,,-20.40913189972101,-20.33326286261266,-20.97661751156677,-20.57945161970646,-0.008224429157184894,0.006619431531005126,0.0058360797775654635,0.9646515037060652,0.6433546489541087,1,-20.574615973401727,-20.683599150158063,0.5674856118457576
473,473,22,Sokhda,0.1430337150797248,2.099343306269938,309329.51602162694,2481690.008829937,1087,1.0,0.009331592540915866,-20.300442327045985,0.9700077883434403,1.0627951341835689,1087,1.0,0.008133017087677406,-20.897483152350528,1.0374323598180895,0.9291384209860621,1087,1.0,0.007468831160081012,-21.267473580835574,1.0139612003130334,0.972651646548718,1087,1.0,0.00780694905525642,-21.07518654642384,1.0387249536835184,0.926827411984342,1087,4,measured,False,,-20.300442327045985,-20.897483152350528,-21.267473580835574,-21.07518654642384,-0.01401494570709549,0.003204783906862237,-0.04592621733111867,1.159318288201323,0.9670312537895889,0,-20.88514640166398,-21.07507835630287,0.36999042848504615
474,474,22,Sokhda,0.09631854885378853,1.8422618259961925,309756.95911235,2481888.68611457,738,1.0,0.01078760782212554,-19.670748504822836,1.150045809369688,0.7560834300877303,738,1.0,0.011985852766026175,-19.213310614714306,1.147600463354001,0.7593090395162574,738,1.0,0.010915439010478452,-19.619587926168535,1.0945177662309817,0.8347460432103541,738,1.0,0.01347507405049441,-18.704688395265492,1.1326798581685418,0.7794453033393467,738,4,measured,False,,-19.670748504822836,-19.213310614714306,-19.619587926168535,-18.704688395265492,0.0007414576616565332,0.015248325515050709,0.035187530008348435,0.8637389522487418,0.9660601095573433,3,-19.302083860242792,-19.300742891974664,-0.05116057865430079
475,475,22,Sokhda,0.09174331343554076,1.7820647857634977,309778.63978380413,2481892.3851027694,701,1.0,0.00785831121458728,-21.046707757149044,1.1126125086511498,0.8078153913373654,701,1.0,0.014117144528331151,-18.502531390490525,1.0029335937371417,0.9941585298256703,701,1.0,0.005703564866847081,-22.438536148419633,1.2292182404526002,0.6618232313023173,701,1.0,0.011052324972368714,-19.565463539734417,1.0528460324106936,0.9021323782713752,701,4,measured,False,,-21.046707757149044,-18.502531390490525,-22.438536148419633,-19.565463539734417,-0.020171425960443325,0.04788454347808694,0.1957058743583476,4.264900999955806,3.9360047579291084,1,-20.388309708948405,-20.64759640460282,1.3918283912705895
476,476,22,Sokhda,0.08675932070603594,1.731504527968066,309799.32961618167,2481896.103725528,661,1.0,0.008079548236424277,-20.92612921887929,1.115552558352691,0.8035629915886957,661,1.0,0.007391689825412518,-21.312562655349822,1.149949815131932,0.7562096663477098,661,1.0,0.00641316448229972,-21.92927621327252,1.0050628304852627,0.9899507199652653,661,1.0,0.007831171748855292,-21.06173251225719,1.0928294268506435,0.8373272754516226,661,4,measured,False,,-20.92612921887929,-21.312562655349822,-21.92927621327252,-21.06173251225719,-0.014538362237583044,0.014459061683588815,-0.02972564895927176,1.870690695408559,1.00314699439323,0,-21.307425149939707,-21.512040676510125,0.6167135579226972
477,477,22,Sokhda,0.07955149909850442,1.6675483263204744,309819.49909396685,2481900.964156822,607,1.0,0.007693891037617333,-21.138539685486492,1.0130976507349254,0.9743105012339777,607,1.0,0.009798450181090853,-20.08842611147064,1.0007259448623005,0.998549689734336,607,1.0,0.005694386449351465,-22.44553062808002,1.0431760701935544,0.9189349467231723,607,1.0,0.008011751414074779,-20.962725343123665,1.2272897605752529,0.663904753662602,607,4,measured,False,,-21.138539685486492,-20.08842611147064,-22.44553062808002,-20.962725343123665,-0.0189418977187468,0.024713421415939272,0.0807779672319887,2.7897962275498855,2.3571045166093825,1,-21.158805442040205,-21.404447639718995,1.3069909425935293
478,478,22,Sokhda,0.08399163358006627,1.6642686363871382,309839.2365522927,2481901.596617622,638,1.0,0.007621241853137285,-21.17974256216625,1.024056087736055,0.9535698534394875,638,1.0,0.007321777394361356,-21.35383479206212,1.084903416753126,0.8496065386052744,638,1.0,0.006344849655835337,-21.975786642571684,1.0672238587948963,0.8779887446427982,638,1.0,0.007254457808561836,-21.393950407795113,1.0307619625043352,0.941202847879289,638,4,measured,False,,-21.17974256216625,-21.35383479206212,-21.975786642571684,-21.393950407795113,-0.011536870730513531,0.00969727057960951,-0.013391709991989952,1.3778803151820043,0.7960440804054336,0,-21.475828601148795,-21.634029182040578,0.6219518505095643
479,479,22,Sokhda,0.13800844720466993,2.023697731230059,309878.1983676998,2481969.154035923,1049,1.0,0.007982365078358625,-20.978684133734898,1.0579414605880757,0.8934633146134986,1049,1.0,0.007705920248630618,-21.13175489971198,1.0792445590780457,0.8585394666212737,1049,1.0,0.006042365334047,-22.18793019916093,1.1787589436293682,0.7196975068383445,1049,1.0,0.008676226770425365,-20.61669105360319,1.2877977621456829,0.6029824442017013,1049,4,measured,False,,-20.978684133734898,-21.13175489971198,-22.18793019916093,-20.61669105360319,-0.017525305296029463,0.026187319092629006,-0.011774674305929267,2.780485210983773,1.5712391455577404,3,-21.22876507155275,-21.47912925634705,1.0561752994489524
480,480,22,Sokhda,0.10011752083937171,1.8371648826931681,309871.91119333176,2481945.521316065,764,1.0,0.008530386742515465,-20.69031278758278,1.041096505847059,0.9226097125360246,764,1.0,0.010090836329430856,-19.960728379053208,1.0202833767444932,0.9606349392456748,764,1.0,0.008124697920508893,-20.901927772900024,1.0572807428423139,0.8945803528746523,764,1.0,0.010138995325366346,-19.94005077178869,1.1671399415789339,0.7340981620426024,764,4,measured,False,,-20.69031278758278,-19.960728379053208,-20.901927772900024,-19.94005077178869,-0.0030668838451774457,0.016031283351855545,0.05612187757919784,1.1734919864285764,0.9618770011113327,3,-20.373254927831177,-20.415856559523146,0.21161498531724376
481,481,22,Sokhda,0.24030691303592175,3.0603516522499485,309879.5777250943,2481910.440861604,1842,1.0,0.008786881138309683,-20.561652483370292,1.0524588782316218,0.9027962114475322,1842,1.0,0.009355701679898736,-20.28923634750805,1.0352788036127627,0.9330079737391647,1842,1.0,0.0075257609701531196,-21.234495796637848,1.1183079854732256,0.7996080319040398,1842,1.0,0.0068462927714105235,-21.645445328508814,1.0986374319093464,0.8284975266635721,1842,4,measured,False,,-20.561652483370292,-20.28923634750805,-21.234495796637848,-21.645445328508814,-0.009751352366196467,-0.006849158864516092,0.020955087374018487,0.2618937813965907,1.356208981000762,1,-20.93270748900625,-21.04336055186972,0.6728433132675562
482,482,22,Sokhda,0.04465084346866643,1.2223983183043576,309717.4792354665,2481923.044030751,339,1.0,0.011744745066108706,-19.301564056708663,0.9478385758015313,1.1130924580117436,339,1.0,0.012287489878802538,-19.10536826887744,0.9204285963904634,1.180374432188775,339,1.0,0.009812086889203537,-20.08238614630496,1.056203208736103,0.8964065782396264,339,1.0,0.015955246693979366,-17.97096476521822,1.1270745340883768,0.7872174741469745,339,4,measured,False,,-19.301564056708663,-19.10536826887744,-20.08238614630496,-17.97096476521822,-0.011316262168062252,0.03519035635144565,0.015091983679324765,2.8922434706830344,2.111421381086739,3,-19.11507080927732,-19.29071869059777,0.7808220895962954
483,483,22,Sokhda,0.04320056224325672,1.2139947944804454,309718.27284012013,2481908.798883674,327,1.0,0.007268694860496507,-21.385435624241822,0.9715572103087506,1.0594079840912318,327,1.0,0.008936110845257333,-20.48851452785796,1.03321629037287,0.9367366450893334,327,1.0,0.00873158657747672,-20.589068354195042,1.0800774388171313,0.8572158866644446,327,1.0,0.00971483999766766,-20.12564347787025,0.9158408272526591,1.1922298742372768,327,4,measured,False,,-21.385435624241822,-20.48851452785796,-20.589068354195042,-20.12564347787025,0.011541554638359125,0.007723747938746565,0.06899393049106642,-0.33294239372198575,1.2597921463715736,3,-20.647165496041268,-20.49452985773714,-0.7963672700467797
484,484,22,Sokhda,0.1930456949430518,2.6806300847189024,309887.15502043534,2481859.280556853,1479,1.0,0.008659672372457376,-20.624985386437928,1.0648488367816784,0.8819096167325037,1479,1.0,0.009125561669940493,-20.397403956223027,1.0318389183302268,0.9392391597590247,1479,1.0,0.008348082415543695,-20.78413272059965,1.1636860276682974,0.7384623540927513,1479,1.0,0.009462327781243344,-20.24002011781047,1.1840021297460974,0.71333746295313,1479,4,measured,False,,-20.624985386437928,-20.397403956223027,-20.78413272059965,-20.24002011781047,-0.0023064831037930885,0.009068543379819676,0.01750626386268468,0.7032599369509036,0.5441126027891805,3,-20.51163554526777,-20.546148394035928,0.1591473341617231
485,485,22,Sokhda,0.2791231881665066,2.6455687526349143,309918.6025792848,2481849.6961270357,2118,1.0,0.009118535849443497,-20.40074890131585,0.9686351338501547,1.0658094460439052,2118,1.0,0.009919586279933076,-20.03506440758017,1.091034151541263,0.8400851538398789,2118,1.0,0.008586441288951682,-20.661867952845125,1.0603436546187353,0.8894196424390053,2118,1.0,0.010068756944896728,-19.970241426832086,1.0399797738294212,0.9245921760508637,2118,4,measured,False,,-20.40074890131585,-20.03506440758017,-20.661867952845125,-19.970241426832086,-0.003784334080134407,0.01152710876688398,0.028129576441206276,0.9527455775423128,0.6916265260130388,3,-20.26698067214331,-20.320233906899603,0.26111905152927406
486,486,22,Sokhda,0.1676648984824773,2.471419142494486,309470.86374168633,2482086.9795710985,1285,1.0,0.007156532599357662,-21.452973460874958,1.0269658683149496,0.9481738645931943,1285,1.0,0.07195300833078604,-11.429510436433238,5.28046128774555,0.03586379751666771,1285,1.0,0.006618192445151637,-21.792606084889087,1.0181283805859054,0.964705851175155,1285,1.0,0.007833940003277097,-21.060197588470583,0.9869030857400682,1.0267175514794074,1285,4,measured,False,,-21.452973460874958,-11.429510436433238,-21.792606084889087,-21.060197588470583,-0.004922211942233756,0.012206808273641734,0.7710356172647477,1.0720411204326332,10.363095648455849,1,-18.933821892666966,-18.833639675428827,0.3396326240141292
487,487,22,Sokhda,0.14129712220074142,2.3397801540411645,309471.1552724749,2482050.5145986425,1079,1.0,0.007608616729650902,-21.186942921499394,1.0643564899991018,0.8827257075687961,1079,1.0,0.0072198950976238244,-21.414691125209544,1.030915951180704,0.9409216925511925,1079,1.0,0.0048920572126926526,-23.105084725246687,1.1537409778431622,0.7512480612009287,1079,1.0,0.008727586532447349,-20.591058365409292,0.9993588553600147,1.0012835235343764,1079,4,measured,False,,-21.186942921499394,-21.414691125209544,-23.105084725246687,-20.591058365409292,-0.027799156576047725,0.04190043933062325,-0.017519092593088405,4.432168163584688,2.514026359837395,3,-21.57444428434123,-21.97169486694622,1.6903936000371438
488,488,22,Sokhda,0.09630733590752369,1.1990246885809432,309499.75660298194,2482055.9517364474,812,1.0,0.00667538840916498,-21.755234596937964,1.0767424562325167,0.8625342008104353,812,1.0,0.007305426003268384,-21.363544538605083,1.0812390154846654,0.8553750594172856,812,1.0,0.005623387895068984,-22.500019583049724,1.0221027476088085,0.9572180700487376,812,1.0,0.008265569380381492,-20.827272243380758,0.9802377104325111,1.0407278770509805,812,4,measured,False,,-21.755234596937964,-21.363544538605083,-22.500019583049724,-20.827272243380758,-0.010793985305967542,0.0278791223278161,0.030130004487144646,2.4175323257807264,1.672747339668966,3,-21.611517740493383,-21.769539647909138,0.7447849861117604
489,489,22,Sokhda,0.08046096864126157,1.7439088013528288,309554.68383345444,2482098.7188724633,615,1.0,0.007673303703513664,-21.150176124144245,0.9986845205050514,1.0026361595694757,615,1.0,0.007993010204266808,-20.972896325882438,1.109565745372509,0.8122578525850588,615,1.0,0.007512525520348383,-21.24214039671047,0.9935886870330661,1.0129470033956958,615,1.0,0.006725632322789951,-21.72266878405277,1.0434563356337545,0.9184413733726994,615,4,measured,False,,-21.150176124144245,-20.972896325882438,-21.24214039671047,-21.72266878405277,-0.0013328155444380639,-0.008008806455705002,0.01363690755860056,-0.38856411477607367,0.7497724581703338,1,-21.27197040769748,-21.277250190547846,0.09196427256622641
490,490,22,Sokhda,0.09235592617965303,1.7915824691745204,309590.52722702565,2482110.771394805,706,1.0,0.006951875219889323,-21.578980316974597,1.0403746810183816,0.923890392730166,706,1.0,0.010896154633610164,-19.627267420642674,0.9929607753894769,1.0142285088448595,706,1.0,0.006838951528621311,-21.650104743378712,1.0940660343037896,0.8354355066871186,706,1.0,0.012500631554644637,-19.030680450904644,0.9129839145474968,1.1997030088809417,706,4,measured,False,,-21.578980316974597,-19.627267420642674,-21.650104743378712,-19.030680450904644,-0.0010307887884654328,0.04365707154123447,0.15013176125630176,2.6905487188781834,2.6194242924740685,3,-20.47175823297516,-20.496361137330325,0.07112442640411487
491,491,22,Sokhda,0.1762386218898464,2.479414061195905,309794.0913252341,2482013.186726347,1345,1.0,0.008706887283209465,-20.6013707775216,1.011868791942666,0.9766784308641713,1345,1.0,0.009751119083470339,-20.10945539800293,1.0038461756149835,0.9923518014728315,1345,1.0,0.00615533828305502,-22.107480742636145,1.0794944682805991,0.8581419989469401,1345,1.0,0.008506926498043141,-20.702273195910283,1.021850111316287,0.9576914426417472,1345,4,measured,False,,-20.6013707775216,-20.10945539800293,-22.107480742636145,-20.702273195910283,-0.021827680653834013,0.023420125778764362,0.03783964457835919,2.9113175118404087,1.9980253446332163,1,-20.880145028517738,-21.170443412675944,1.5061099651145469
492,492,22,Sokhda,0.11818226775936783,2.1224128102845787,309776.4405607405,2482039.51634971,906,1.0,0.008776133228098204,-20.566967924765652,1.0673696565350668,0.8777489026510794,906,1.0,0.010626673748339085,-19.73602652579318,0.9410480322029458,1.1292144272358104,906,1.0,0.008314629911179131,-20.801570767041973,1.0437943991103789,0.9178465412809983,906,1.0,0.012724063432177364,-18.953741745084077,1.1507677351678758,0.7551350807311823,906,4,measured,False,,-20.566967924765652,-19.73602652579318,-20.801570767041973,-18.953741745084077,-0.0034000411924104412,0.03079715036596493,0.06391856915172876,2.0824318642342163,1.847829021957896,3,-20.01457674067122,-20.075050879781383,0.23460284227632044
493,493,22,Sokhda,0.11605671133080031,2.1618185861865595,309700.2761619124,2482066.296305386,889,1.0,0.0115020799381246,-19.392236184314108,1.0047068713281535,0.9906523065810304,889,1.0,0.009781197285954536,-20.096079813210107,1.0847078137567425,0.8499129816243666,889,1.0,0.008941031728612424,-20.486123639568792,1.0481342180620563,0.9102615558698558,889,1.0,0.008527698620460414,-20.69168156556696,1.0303418283603778,0.9419705777002823,889,4,measured,False,,-19.392236184314108,-20.096079813210107,-20.486123639568792,-20.69168156556696,-0.01585344138050267,-0.0034259654333027947,-0.05414181760738456,0.8883295292565165,1.299445381252852,0,-20.166530300664988,-20.37449540167278,0.39004382635868495
494,494,22,Sokhda,0.16444270040740958,2.3979485297402654,309758.9958320738,2482074.305940058,1258,1.0,0.011595645002483546,-19.35705088920908,0.9296414565885212,1.1570950482491518,1258,1.0,0.010135455263996453,-19.941567389097152,1.0444588452135568,0.9166791126639464,1258,1.0,0.008700816823516764,-20.60439974359071,1.0523795796970903,0.9029322709362515,1258,1.0,0.010574239082910681,-19.757508744477413,1.0437526064371538,0.9179200453437454,1258,4,measured,False,,-19.35705088920908,-19.941567389097152,-20.60439974359071,-19.757508744477413,-0.01807751962871929,0.014114849985221648,-0.044962807683697786,2.09423985349493,1.247348854381631,0,-19.91513169159359,-20.16732831911856,0.6628323544935597
495,495,22,Sokhda,0.10892368512109388,2.046734864304778,309687.02774609864,2482096.858087407,834,1.0,0.010727511855328312,-19.69500996841823,1.1250995487692703,0.7899836427833558,834,1.0,0.009134344968262506,-20.393225908258227,1.161748494253074,0.7409275840723214,834,1.0,0.006351040875419854,-21.971550921243864,1.1556285789998937,0.74879589168951,834,1.0,0.007909672939532233,-21.01841473960352,1.0462022764459042,0.9136264804762673,834,4,measured,False,,-19.69500996841823,-20.393225908258227,-21.971550921243864,-21.01841473960352,-0.03299334714240049,0.015885603027339042,-0.05370891844923055,3.2296771344659767,2.276540952825634,0,-20.769550384380963,-21.21307173837114,1.578325012985637
496,496,22,Sokhda,0.1629603049676516,2.4354239899372203,309851.8021597714,2482152.1404347676,1246,1.0,0.00960605073595708,-20.174551238923506,0.9769711285589798,1.0476990273248035,1246,1.0,0.009515735432610367,-20.215576412201735,1.014555648816918,0.971512188245329,1246,1.0,0.007380194457066807,-21.31932195017272,1.0512504668479337,0.9048729310800414,1246,1.0,0.01009913600525548,-19.957157791084583,1.155730595619516,0.7486637047343812,1246,4,measured,False,,-20.174551238923506,-20.215576412201735,-21.31932195017272,-19.957157791084583,-0.016590879873177033,0.022702735984802304,-0.0031557825598637324,2.5069348703373535,1.3621641590881381,3,-20.416651848095636,-20.64966958229859,1.1037455379709868
497,497,22,Sokhda,0.1806301414067857,2.5929317892265447,309884.6679289942,2482158.291342279,1381,1.0,0.00677965324752542,-21.687925180116004,1.034757189916322,0.9339488561144716,1381,1.0,0.01241760255622317,-19.059622445062537,0.9872718144178926,1.0259507727601114,1381,1.0,0.009435108331065173,-20.25253109032306,1.049214782303685,0.9083876028682029,1381,1.0,0.010418942686569796,-19.821763509680338,0.9947133281460901,1.0106577853629661,1381,4,measured,False,,-21.687925180116004,-19.059622445062537,-20.25253109032306,-19.821763509680338,0.020802812895549905,0.007179459677378711,0.20217713346565128,-1.0046265091502207,2.6283027350534667,1,-20.205460556295485,-19.905644934531466,-1.4353940897929434
498,498,22,Sokhda,0.16025516249090432,2.456053764556954,310803.96058261284,2482320.0540217916,1227,1.0,0.010029489939427327,-19.987211529341963,1.002369461066727,0.995277867849049,1227,1.0,0.01073892352036053,-19.690392505357458,0.9521087360345216,1.1031305192124714,1227,1.0,0.007810947902526792,-21.072962588427263,1.016571638121792,0.9676627474893871,1227,1.0,0.009434421501629384,-20.252847246832253,0.9943380467562266,1.011420810841904,1227,4,measured,False,,-19.987211529341963,-19.690392505357458,-21.072962588427263,-20.252847246832253,-0.015735522595439134,0.013668589026583492,0.022832232614192642,1.9058664006803099,1.3825700830698047,1,-20.250853467489733,-20.457772588444218,1.0857510590853003
499,499,22,Sokhda,0.1336757797223516,2.2473659413131055,310836.1565266997,2482328.578458968,1024,1.0,0.007441307392994645,-21.28350754819528,1.0516994594496618,0.9041004774614586,1024,1.0,0.013175108266539226,-18.80245807282978,0.9856699767658796,1.0292880803516071,1024,1.0,0.003753320887344813,-24.255843043197252,1.1103240247186175,0.8111487924846478,1024,1.0,0.004635806696997591,-23.338746814611447,1.1160574864207748,0.8028360581989166,1024,4,measured,False,,-21.28350754819528,-18.80245807282978,-24.255843043197252,-23.338746814611447,-0.04307732601452132,0.015284937143096755,0.19084995964350016,3.8894317235877764,5.453384970367473,1,-21.92013886970844,-22.43433258542388,2.972335495001971
500,500,22,Sokhda,0.13775548024007586,2.264495120293215,310865.6417842621,2482335.8233425776,1055,1.0,0.012235187603404467,-19.123893671786647,0.9454009037293282,1.118839972144104,1055,1.0,0.01194142072721342,-19.229440000673627,0.9931828706383902,1.013774956625986,1055,1.0,0.010683429797453242,-19.712892994627193,0.9169899149490501,1.1892437600110572,1055,1.0,0.012265599517248819,-19.113112195187647,0.9292652912557653,1.1580320188733373,1055,4,measured,False,,-19.123893671786647,-19.229440000673627,-19.712892994627193,-19.113112195187647,-0.008536222070152848,0.009996346657325775,-0.008118948375921557,1.188780122280093,0.5997807994395465,3,-19.294834715568776,-19.414435259177207,0.48345299395356633
501,501,22,Sokhda,0.1471149749478791,2.321955348373033,310894.7248701601,2482343.8261578823,1125,1.0,0.008276142305888546,-20.821720503732926,0.9999576221386773,1.0000847611105992,1125,1.0,0.011145661858557206,-19.528941368755774,1.009081107771702,0.9820822220992869,1125,1.0,0.009798404230519534,-20.088446478085757,1.0100030436535121,0.9802901411534027,1125,1.0,0.01426594286746533,-18.45699519583121,0.950836678534201,1.1060840950140405,1125,4,measured,False,,-20.821720503732926,-19.528941368755774,-20.088446478085757,-18.45699519583121,0.010627159791987964,0.027190854704242422,0.09944454884439634,0.8981772566073758,2.3647253079017148,3,-19.724025886601417,-19.59635203178487,-0.7332740256471695
502,502,22,Sokhda,0.13448023442202248,2.19989035539864,310922.5786844783,2482350.9514040854,1030,1.0,0.0072289392088721585,-21.40925427398885,1.005611010750459,0.9888717271311719,1030,1.0,0.01373455463296514,-18.62185418775755,0.9851846246212035,1.0303024896733188,1030,1.0,0.00787754871522621,-21.036089024429494,1.0851938572707447,0.8491518232752274,1030,1.0,0.009390979244243265,-20.27289119320954,1.0235902218112758,0.954438046168361,1030,4,measured,False,,-21.40925427398885,-18.62185418775755,-21.036089024429494,-20.27289119320954,0.0054081920225993695,0.012719963853665917,0.21441539124856163,0.3900325816605985,2.787400086231301,1,-20.335022169846358,-20.231736600556275,-0.3731652495593565
503,503,22,Sokhda,0.20263470513606444,2.6410220671557814,310883.47379397304,2482281.9900868796,1547,1.0,0.009882270265625053,-20.051432729658714,0.9999100395503459,1.0001799451808684,1547,1.0,0.01195625248417969,-19.224049223941975,1.006424106543541,0.9872745423285847,1547,1.0,0.008963885128920723,-20.475037175313886,1.0684452317552935,0.8759825794953547,1547,1.0,0.006927153267023045,-21.594452032559012,1.08578057105892,0.8482343736729879,1547,4,measured,False,,-20.051432729658714,-19.224049223941975,-20.475037175313886,-21.594452032559012,-0.006139194864567716,-0.01865691428741876,0.06364488505513376,-0.695810411589953,2.370402808617037,1,-20.336242790368395,-20.37945525669578,0.4236044456551724
504,504,22,Sokhda,0.1511967240893282,2.333417176789776,310837.174402459,2482250.28335357,1156,1.0,0.00845252500417625,-20.730135358346327,1.073451552630592,0.867830886911545,1156,1.0,0.01495049692302739,-18.2534437206583,1.0169987480276845,0.9668501377213357,1156,1.0,0.008201160845774495,-20.861246703928373,1.0833882311461605,0.8519846552478284,1156,1.0,0.010763653833081407,-19.68040277909401,1.0523192850277165,0.9030357444032829,1156,4,measured,False,,-20.730135358346327,-18.2534437206583,-20.861246703928373,-19.68040277909401,-0.0019001644287252957,0.019680732080572718,0.1905147413606175,1.3119552704164086,2.607802983270073,1,-19.881307140506753,-19.882589770485488,0.1311113455820454
505,505,22,Sokhda,0.1015830987329362,1.9783276239523981,310828.3964722569,2482214.948986354,778,1.0,0.007033438556367667,-21.52832302155427,0.9996995676884756,1.0006011355102786,778,1.0,0.010168521236900815,-19.927422000122863,1.052293630915969,0.9030797755778717,778,1.0,0.006493209464922395,-21.875405869635852,1.1052593897199567,0.8185996860043174,778,1.0,0.007203195408858409,-21.424748034882274,1.007066432550064,0.9860155392349994,778,4,measured,False,,-21.52832302155427,-19.927422000122863,-21.875405869635852,-21.424748034882274,-0.005030186204080875,0.007510963912559632,0.12314623241780062,0.7977406828351583,1.9479838695129885,1,-21.188974731548814,-21.232140621160383,0.3470828480815804
506,506,22,Sokhda,0.10073335019703955,1.975306056801572,310857.2854682919,2482222.377510713,770,1.0,0.008118324849873444,-20.905335746392282,1.0391644300584666,0.9260436426227286,770,1.0,0.010011387859065673,-19.995057129548822,0.9936243238179339,1.0128743450956952,770,1.0,0.008215881805444478,-20.85345817172765,1.0668557050839111,0.878594807082947,770,1.0,0.007297466731608154,-21.368278762388083,1.1963588909079592,0.6986779496375843,770,4,measured,False,,-20.905335746392282,-19.995057129548822,-20.85345817172765,-21.368278762388083,0.0007518489081830926,-0.008580343177673911,0.07002143206488153,-0.566698165325068,1.373221632839261,1,-20.780532452514212,-20.7462255050607,-0.051877574664633386
507,507,22,Sokhda,0.1492172537858598,2.053647331723716,310767.9347095784,2482232.4233883326,1137,1.0,0.009795675988644356,-20.08965588458618,0.9626379587421738,1.0791306666008746,1137,1.0,0.011130561921958571,-19.534829099289354,0.9383111842604389,1.135811375821461,1137,1.0,0.006816678291308584,-21.664272017630694,1.113850477114408,0.8060207263340429,1137,1.0,0.007398926886776061,-21.308312641807625,0.9944799612572578,1.011132167442554,1137,4,measured,False,,-20.08965588458618,-19.534829099289354,-21.664272017630694,-21.308312641807625,-0.02282052366731181,0.005932656263717817,0.042678983484371165,1.9305755088675838,2.12944291834134,1,-20.649267410828465,-20.932647468620946,1.5746161330445148
508,508,22,Sokhda,0.21761674129022285,2.720163206984064,310770.1396073658,2482205.593939575,1661,1.0,0.00880050855759767,-20.554922304206592,1.0553035510787014,0.8979356222743002,1661,1.0,0.01060590025164368,-19.74452461732301,0.9817419371703524,1.0375411101085963,1661,1.0,0.0076110131626638735,-21.1855752697894,0.9923498944003212,1.0154775916930658,1661,1.0,0.00808237156069131,-20.924611881610375,1.079083985544034,0.8587949962652165,1661,4,measured,False,,-20.554922304206592,-19.74452461732301,-21.1855752697894,-20.924611881610375,-0.009139898051924753,0.004349389802983754,0.06233828360642946,0.8916163537618331,1.4410506524663909,1,-20.602408518232345,-20.707711754814596,0.6306529655828079
509,509,22,Sokhda,0.165776805522386,2.453032890441571,310968.75557211635,2482220.905342957,1267,1.0,0.00794551807990177,-20.99877779777315,1.0068568622822405,0.9864260465348361,1267,1.0,0.01127790760994108,-19.47771467528932,0.9811930561598825,1.0387022391957184,1267,1.0,0.005852424305237303,-22.326641947232375,1.1002239031118262,0.8261099402438261,1267,1.0,0.006646066815612276,-21.774352968963306,1.043811410234488,0.9178166250067642,1267,4,measured,False,,-20.99877779777315,-19.47771467528932,-22.326641947232375,-21.774352968963306,-0.019244407963177154,0.009204816304484472,0.1170048555756793,1.880153127728292,2.8489272719430545,1,-21.144371847314538,-21.369372356522355,1.3278641494592236
510,510,22,Sokhda,0.12236723552630283,2.065107667608825,310958.3399071462,2482247.5133338002,940,1.0,0.010468609769273787,-19.801109887721097,0.9887130232630663,1.0229619749234247,940,1.0,0.012388671385434327,-19.06975266740471,1.0039983555447682,0.9920509950390497,940,1.0,0.008634548172702783,-20.637603831962224,1.089750704874486,0.8420651285437694,940,1.0,0.01406365518154842,-18.519017903495563,0.9258634306963327,1.1665574679235537,940,4,measured,False,,-19.801109887721097,-19.06975266740471,-20.637603831962224,-18.519017903495563,-0.012123100641175754,0.03530976547444435,0.056258247716645116,2.9550798727077883,2.1185859284666613,3,-19.5068710726459,-19.68345147794051,0.836493944241127
511,511,22,Sokhda,0.33065555450459944,3.6598168081406808,310980.4207633004,2482175.9605852095,2531,1.0,0.006936580068021627,-21.588545963554804,1.0586315468440948,0.892298856977681,2531,1.0,0.015454362371083346,-18.109489087134293,0.9558460657072926,1.0945209687193087,2531,1.0,0.01374456264771233,-18.618690748606795,0.9498575468218328,1.1083656165062155,2531,1.0,0.008358759247145457,-20.778581833395805,1.0274230526139418,0.9473302125942762,2531,4,measured,False,,-21.588545963554804,-18.109489087134293,-18.618690748606795,-20.778581833395805,0.04304137992678273,-0.035998184746483496,0.2676197597246547,-5.129746299737018,3.479056876420511,1,-19.773826908172925,-19.134453028607034,-2.9698552149480086
512,512,22,Sokhda,0.25867018651254475,3.1623169571186516,310914.9586774594,2482220.9278058265,1982,1.0,0.0077239398994894005,-21.121611141548982,1.0306950923102642,0.941324979941913,1982,1.0,0.008052106201093654,-20.940905057350992,1.0916525399939885,0.8391336572800909,1982,1.0,0.007722924041221435,-21.122182366417025,1.0662741204315982,0.87955350353518,1982,1.0,0.00917846524290178,-20.372299323349708,1.0907695463292386,0.8404927887492116,1982,4,measured,False,,-21.121611141548982,-20.940905057350992,-21.122182366417025,-20.372299323349708,-8.278621275988032e-06,0.012498050717788622,0.01390046801522998,0.7504542679353605,0.7498830430673173,3,-20.889249472166675,-20.89928103760741,0.0005712248680431742
513,513,22,Sokhda,0.19520757685515563,2.6318249934040296,310868.6513024167,2482176.932406234,1493,1.0,0.006681065408377801,-21.751542764339217,1.063632375389907,0.8839280255416139,1493,1.0,0.011494483515810859,-19.395105382070255,1.1613582520543355,0.7414256040208445,1493,1.0,0.005919983607076311,-22.27679495872715,1.2551629075944153,0.6347457575876109,1493,1.0,0.007519390775134137,-21.23817344742868,1.1773486979369034,0.7214226680788934,1493,4,measured,False,,-21.751542764339217,-19.395105382070255,-22.27679495872715,-21.23817344742868,-0.0076123506433034074,0.017310358521641214,0.18126441402068932,1.563873705686408,2.881689576656896,1,-21.165404138141326,-21.238104454873362,0.5252521943879351
514,514,22,Sokhda,0.18494790997579694,2.576936568650092,310836.9587057657,2482171.172132118,1416,1.0,0.012426432178901225,-19.05653546131879,1.0231505295136578,0.9552585495414684,1416,1.0,0.017603079817497074,-17.544113418034975,1.0210234559834126,0.9592428295751211,1416,1.0,0.00775331570054403,-21.105125320097528,1.1723883681545457,0.7275402050300345,1416,1.0,0.011183787463159395,-19.51411094857884,1.042922817128025,0.9193812910634144,1416,4,measured,False,,-19.05653546131879,-17.544113418034975,-21.105125320097528,-19.51411094857884,-0.029689708098242562,0.026516906191978152,0.1163401571756782,3.639604230297426,3.5610119020625532,1,-19.304971287007533,-19.679534809641865,2.048589858778737
515,515,22,Sokhda,0.11237910513378446,1.6922388503238923,310858.9548179758,2482136.414976086,853,1.0,0.009711064714835533,-20.12733151716265,0.9894759773050772,1.021385035023294,853,1.0,0.009209469579350633,-20.357653823324398,1.0038299411364997,0.992383899428036,853,1.0,0.007942981987019928,-21.00016422336259,1.1991417810433518,0.6954388200348257,853,1.0,0.009687634692064354,-20.1378224622874,1.0268894717048491,0.9483149507871099,853,4,measured,False,,-20.12733151716265,-20.357653823324398,-21.00016422336259,-20.1378224622874,-0.012649749365216524,0.01437236268458649,-0.017717100473980726,1.7351744672751295,0.8728327061999401,0,-20.40574300653426,-20.583805508448847,0.6425104000381907
516,516,22,Sokhda,0.28406707295319067,3.274912475247399,310773.9894309776,2482168.743361918,2174,1.0,0.008646809401761187,-20.631441139023316,1.0119194040593127,0.9765807342960804,2174,1.0,0.013500135169240706,-18.69661883137477,0.9494914505221671,1.1092204883998693,2174,1.0,0.007279593937298504,-21.37892845372263,1.0468868564874807,0.9124319942662282,2174,1.0,0.00924952609339041,-20.338805181039877,1.0432112511938416,0.9188729678948973,2174,4,measured,False,,-20.631441139023316,-18.69661883137477,-21.37892845372263,-20.338805181039877,-0.010833149488395845,0.017335387878045873,0.14883248520373427,1.7876105873820656,2.6823096223478586,1,-20.26144840129015,-20.38201335529605,0.7474873146993133
517,517,22,Sokhda,0.07924469062299468,1.7227563137468,310642.0398978681,2482130.9500824753,604,1.0,0.011608998810973672,-19.352052332862776,0.9950756305102808,1.0099219678340121,604,1.0,0.013028540005790326,-18.851042491342866,0.9443718841539922,1.1212795523657242,604,1.0,0.017219869289904738,-17.639701494496435,1.0520167746410811,0.9035551600158059,604,1.0,0.015315073546585364,-18.1488091326815,1.1588696893689245,0.74461330524492,604,4,measured,False,,-19.352052332862776,-18.851042491342866,-17.639701494496435,-18.1488091326815,0.024816678816903488,-0.008485127303084402,0.03853921857845458,-2.2214584765514047,1.7123508383663406,2,-18.497901362845894,-18.16834315330368,-1.7123508383663406
518,518,22,Sokhda,0.06569990655817091,1.5034637309765941,310652.5330125155,2482109.329296964,503,1.0,0.009523951606871571,-20.211828199998365,0.9324361730623175,1.1501693056574809,503,1.0,0.015371118346567679,-18.132945336665404,0.8659978435334114,1.3334182009490625,503,1.0,0.009346430537157328,-20.293542173620946,0.9962530814007435,1.0075361668033964,503,1.0,0.006703897015135837,-21.736726659323384,0.9705704132164298,1.0615633190436236,503,4,measured,False,,-20.211828199998365,-18.132945336665404,-20.293542173620946,-21.736726659323384,-0.001184260487283775,-0.024053074761707312,0.15991406641022776,-1.3614705120798583,3.60378132265798,1,-20.093760592402024,-20.04721506406715,0.08171397362258048
519,519,22,Sokhda,0.5447215477813967,4.0,310588.7342922688,2481940.7016206267,4290,1.0,0.010232877827752576,-19.900022109652532,0.9926345942606196,1.014895172199468,4290,1.0,0.012298748089439905,-19.101390938873593,0.9357257479761272,1.142096603857606,4290,1.0,0.011530493700329337,-19.38152097151228,0.9651630532268113,1.0734915315648668,4290,1.0,0.014597913372453381,-18.35709217886326,0.9363946861731949,1.1404654131526097,4290,4,measured,False,,-19.900022109652532,-19.101390938873593,-19.38152097151228,-18.35709217886326,0.007514509248409446,0.01707381321081698,0.06143316698299536,0.505927654508767,1.5429299307892705,3,-19.185006549725415,-19.09448924664721,-0.5185011381402518
520,520,22,Sokhda,0.851312709624134,4.0,310900.29517249775,2481916.5927504473,7108,1.0,0.007811525163734378,-21.072641638784884,0.9863832329666911,1.0278000569348351,7108,1.0,0.013897758115734057,-18.570552512920635,0.9081765031001079,1.2124378262494282,7108,1.0,0.00999959214301807,-20.000177133648943,0.9672887875248198,1.068778460644702,7108,1.0,0.013943458030931277,-18.556295061870934,0.9256698056460366,1.1670455434132407,7108,4,measured,False,,-21.072641638784884,-18.570552512920635,-20.000177133648943,-18.556295061870934,0.01554296384254986,0.02406470119630016,0.19246839429724988,0.3714175666420694,2.51634657691395,3,-19.549916586806347,-19.336088046167674,-1.0724645051359403
521,521,22,Sokhda,0.24732910074498504,3.077270035649087,310846.6659283489,2481976.179254421,1891,1.0,0.008031804913023197,-20.951868487830282,0.9654929379831143,1.0727580865443265,1891,1.0,0.015836713407346718,-18.003349425162344,0.8700477112646919,1.3210335948652867,1891,1.0,0.008083596366172582,-20.92395380005863,0.9686670162859705,1.0657392876892378,1891,1.0,0.00969806371461113,-20.133149669710477,1.0325747260178724,0.9379010422555434,1891,4,measured,False,,-20.951868487830282,-18.003349425162344,-20.92395380005863,-20.133149669710477,0.0004045606923427836,0.013180068839135887,0.22680915866676443,0.7628894425765012,2.9485190626679376,1,-20.00308034569043,-19.960360549098546,-0.02791468777165207
522,522,22,Sokhda,0.2516121697183233,3.1254339328043907,310891.20672276226,2481989.078750888,1927,1.0,0.008034243671312917,-20.9505500064744,1.0328352989401823,0.9374278578339457,1927,1.0,0.01683114253069921,-17.738864022691935,0.9516425629426829,1.1042115463553588,1927,1.0,0.008072834478387993,-20.929739519956705,0.9983882971809795,1.0032312151759208,1927,1.0,0.009285870802468623,-20.321773631171084,0.9843632921471642,1.0320225333487687,1927,4,measured,False,,-20.9505500064744,-17.738864022691935,-20.929739519956705,-20.321773631171084,0.0003016012538796572,0.010132764813093687,0.24705276798326664,0.5871554022679248,3.2116859837824663,1,-19.98523179507353,-19.936027014864937,-0.020810486517696347
523,523,22,Sokhda,0.165241327395197,1.8221607717505555,310855.81124692917,2482014.7239021836,1252,1.0,0.011039225610508007,-19.570613908168685,1.0059253435161812,0.9882538160268884,1252,1.0,0.012976284064955336,-18.868496558508394,0.9848172002395559,1.0310714219645714,1252,1.0,0.0091226385003841,-20.39879534431283,1.016034594274296,0.968685969868709,1252,1.0,0.023509940496491306,-16.287484700702194,1.0131348358090104,0.9742389823363569,1252,4,measured,False,,-19.570613908168685,-18.868496558508394,-20.39879534431283,-16.287484700702194,-0.012002629509335443,0.06852184406017728,0.054009026896945485,4.939492079754782,4.111310643610636,3,-18.781347627923026,-18.99168056327788,0.8281814361441455
524,524,22,Sokhda,0.8612989626455354,4.0,311012.017167164,2481922.274135064,6788,1.0,0.007331582922282027,-21.348022490703663,1.029903677989719,0.9427722304354409,6788,1.0,0.015000337046274428,-18.238989825648105,0.9570304823570499,1.091813496611389,6788,1.0,0.005769239422175074,-22.388814375417915,1.0559340113842979,0.8968636921007963,6788,1.0,0.020116468425975465,-16.96448260083933,0.9184866054624121,1.1853711294703748,6788,4,measured,False,,-21.348022490703663,-18.238989825648105,-22.388814375417915,-16.96448260083933,-0.015083940358177573,0.09040552957630978,0.23915635885042755,6.465123659292839,5.424331774578587,3,-19.735077323152254,-19.965062069564745,1.0407918847142525
525,525,22,Sokhda,0.2599311903897673,3.1592770941226815,311015.2697079567,2481961.0877944813,1988,1.0,0.007734711222514182,-21.11555896161091,1.0297495890988961,0.9430543992224546,1988,1.0,0.020506501449752294,-16.881084269388012,0.893581891945335,1.2523660362713922,1988,1.0,0.008129087130459874,-20.89958221498599,0.983439156756115,1.0339630228016743,1988,1.0,0.007199314651334098,-21.427088448618715,1.0208604126101921,0.9595492586893294,1988,4,measured,False,,-21.11555896161091,-16.881084269388012,-20.89958221498599,-21.427088448618715,0.003130097777172722,-0.00879177056054541,0.32572882247868434,-0.7434829802576424,4.546004179230703,1,-20.080828473650907,-19.95842606567524,-0.21597674662491784
526,526,22,Sokhda,0.2431002338182181,3.014089296874969,311055.98299043486,2481973.4113196405,1859,1.0,0.007496771050295594,-21.251257522073157,1.0052998258718655,0.9894840211895672,1859,1.0,0.011630733626081233,-19.34392890627506,0.9603504766236872,1.084277604191176,1859,1.0,0.00690528848288683,-21.608181731449033,0.9880304661062117,1.0243758406266947,1859,1.0,0.016896580602722224,-17.722011756007007,0.9144210648957705,1.1959349445182075,1859,4,measured,False,,-21.251257522073157,-19.34392890627506,-21.608181731449033,-17.722011756007007,-0.005172814628635884,0.06476949959070044,0.14671758583062283,4.2430941848179025,3.8861699754420265,3,-19.981344978951064,-20.080880730730378,0.356924209375876
527,527,22,Sokhda,2.500848576840572,4.0,310769.4783810828,2481849.6961728195,22595,1.0,0.007868283542847996,-21.041199981584615,1.082371734278662,0.8535856697077671,22595,1.0,0.014345481744036983,-18.43284862875357,0.9481415959707475,1.1123810968213823,22595,1.0,0.0064275291775618875,-21.919559432148006,1.0396973029701095,0.9250946411892383,22595,1.0,0.01438723152988933,-18.42022767353496,0.9718103047784366,1.0588562398152275,22595,4,measured,False,,-21.041199981584615,-18.43284862875357,-21.919559432148006,-18.42022767353496,-0.012729847109614358,0.0583221959768841,0.2006424117562341,4.377691209176437,3.499331758613046,3,-19.953458929005286,-20.129010502658385,0.8783594505633907
528,528,22,Sokhda,0.9825433740369975,4.0,310575.24447670835,2481761.413930617,8223,1.0,0.008270278609414213,-20.824798596744092,1.023116492404216,0.9553221098122303,8223,1.0,0.008395605159939572,-20.75947994207269,1.0189956253111472,0.9630644701548442,8223,1.0,0.0053922685365217615,-22.68228487944252,1.0373591901496722,0.9292694983379763,8223,1.0,0.012076170440301227,-19.18070766072925,1.041436415285005,0.9220075584987394,8223,4,measured,False,,-20.824798596744092,-20.75947994207269,-22.68228487944252,-19.18070766072925,-0.026920091053600406,0.058359620311887815,0.005024511897800083,5.359063501411697,3.501577218713269,3,-20.861817769747137,-21.26013179620068,1.857486282698428
529,529,22,Sokhda,0.4940634585006162,4.0,310666.2070764264,2481793.1018551043,3873,1.0,0.014004176320006443,-18.53742429874744,0.9080425285006951,1.2127956241499882,3873,1.0,0.015624939905691073,-18.061816442992118,0.9305806261671269,1.1547606774937027,3873,1.0,0.00931538031878067,-20.30799409476696,1.0169795940917294,0.9668865576458222,3873,1.0,0.014810128145977165,-18.29441183690136,0.9057137963933108,1.219040216976449,3873,4,measured,False,,-18.53742429874744,-18.061816442992118,-20.30799409476696,-18.29441183690136,-0.02566043182636989,0.03355970429776001,0.03658521967348623,3.7841520538851228,2.2461776517748433,1,-18.80041166835197,-19.149782463787684,1.7705697960195224
530,530,22,Sokhda,0.3696380340555683,3.8309429815392715,310435.34519089694,2481630.9158390034,2826,1.0,0.009452935031261739,-20.244333269430545,1.005621536299894,0.98885102677144,2826,1.0,0.015774777675562932,-18.02036752841775,0.9268825923336134,1.163993481955044,2826,1.0,0.006284919595600513,-22.017002739701287,1.0416293071227745,0.9216661102234098,2826,1.0,0.011193446263557574,-19.510361813161595,0.9872331357583749,1.026031165478993,2826,4,measured,False,,-20.244333269430545,-18.02036752841775,-22.017002739701287,-19.510361813161595,-0.025690861887981767,0.041777348775661534,0.1710742877702149,4.279310396810434,3.996635211283536,1,-19.948016337677792,-20.275874878133592,1.772669470270742
531,531,22,Sokhda,0.1038161631747149,1.9964140480408874,310486.3090045559,2481620.6937311087,795,1.0,0.009018270325388997,-20.448767507254807,0.9871523435332231,1.0261991207772994,795,1.0,0.010704148571342288,-19.704478716178876,0.8893761294082126,1.264238646479344,795,1.0,0.009532568234055315,-20.20790077366367,0.9570989440980578,1.0916573063241994,795,1.0,0.010862489846712488,-19.640706164828675,1.0990786533876973,0.8278324650179847,795,4,measured,False,,-20.448767507254807,-19.704478716178876,-20.20790077366367,-19.640706164828675,0.003490822225958504,0.009453243480583259,0.05725298392891777,0.32632787524385876,0.8080613424261323,3,-20.000463290481505,-19.953495614904497,-0.24086673359113675
532,532,22,Sokhda,0.13298322842263152,2.2412046124485605,310526.62035572005,2481628.5517046647,1018,1.0,0.008328757164595019,-20.794198001332028,0.9834048759577925,1.0340351104972294,1018,1.0,0.00956682068510046,-20.192323661232166,0.9899097297571401,1.0204901429165685,1018,1.0,0.008228080837017416,-20.84701450217695,1.0588020013932642,0.8920115810633301,1018,1.0,0.007332951894421876,-21.347211640505716,0.9910356776733062,1.0181726359752123,1018,4,measured,False,,-20.794198001332028,-20.192323661232166,-20.84701450217695,-21.347211640505716,-0.000765456533984389,-0.008336618972146088,0.04629802616152782,-0.4473806374838425,1.1548879792735498,1,-20.795186951311717,-20.785586384981414,0.05281650084492284
533,533,22,Sokhda,0.24151156270029023,3.0141618353114756,310489.60014498525,2481656.961731025,1846,1.0,0.010004446122869584,-19.998069502501533,0.9864692825076444,1.027620755121223,1846,1.0,0.010772208018097877,-19.676952686805265,0.9721772102957362,1.058057153226593,1846,1.0,0.014668934003967437,-18.336014453261686,0.9352133686200778,1.1433483973978824,1846,1.0,0.015120185647891124,-18.204428764697514,0.9184653200201083,1.1854260720808385,1846,4,measured,False,,-19.998069502501533,-19.676952686805265,-18.336014453261686,-18.204428764697514,0.024087754336809368,0.00219309480940287,0.024701293515097526,-1.5304693606756743,1.7936407378040187,3,-19.0538663518165,-18.747783106132903,-1.6620550492398465
534,534,22,Sokhda,0.18866084966771304,2.735850851094907,310540.6828122117,2481670.004944338,1446,1.0,0.007896538629684124,-21.0256323572832,1.1026917659890065,0.8224163519781397,1446,1.0,0.009544960456184085,-20.202258665051616,1.0126825197664373,0.9751094670617894,1446,1.0,0.0062300343920790235,-22.055095558690944,1.0676028857667526,0.8773654373314663,1446,1.0,0.008027359565816693,-20.954272834350036,1.0490422131689594,0.9086864898991786,1446,4,measured,False,,-21.0256323572832,-20.202258665051616,-22.055095558690944,-20.954272834350036,-0.014919756542141211,0.018347045405681803,0.06333643786396802,2.1302859257486517,1.8528368936393278,1,-21.05931485384395,-21.251691951172074,1.0294632014077436
535,535,22,Sokhda,0.17655572537151165,2.3365404828482066,310438.0621678117,2481589.306378432,1346,1.0,0.010215942693386134,-19.907215519247494,1.1270459434542235,0.7872574145458726,1346,1.0,0.010889916058975083,-19.629754678350814,1.1038412100004347,0.8207044583572207,1346,1.0,0.009052138674637224,-20.432488014728982,1.1399725134333607,0.7695046351114311,1346,1.0,0.014001191986882653,-18.53834989229688,1.0639749769573192,0.8833588648434754,1346,4,measured,False,,-19.907215519247494,-19.629754678350814,-20.432488014728982,-18.53834989229688,-0.007612644862050551,0.031568968707201724,0.021343141607436913,2.4194106179135915,1.8941381224321034,3,-19.62695202615604,-19.750839061251156,0.525272495481488
536,536,22,Sokhda,0.04043554686680436,1.2518354175234658,310467.90825112996,2481567.780627786,311,1.0,0.010757483687741987,-19.68289303793305,0.8815624550465377,1.2867489680356585,311,1.0,0.009781103567579857,-20.09612142526104,1.0655944906538144,0.8806758092240743,311,1.0,0.007605359511854626,-21.18880251653811,1.1292394667108174,0.7842019240192956,311,1.0,0.012161217935271631,-19.150229286750985,0.9833219738400408,1.0342094731503102,311,4,measured,False,,-19.68289303793305,-20.09612142526104,-21.18880251653811,-19.150229286750985,-0.021824775052247277,0.033976220496452096,-0.031786799025230024,3.544482708392188,2.0385732297871257,3,-20.029511566620798,-20.346607895192328,1.092681091277072
537,537,22,Sokhda,0.04395217154728889,0.9222864489520723,310448.7269580141,2481566.042186539,369,1.0,0.00874912090495465,-20.580355818699374,0.9301181092553912,1.1559094114689643,369,1.0,0.009592674478361173,-20.180602928020107,1.0275878215696561,0.9470264369123039,369,1.0,0.008558166471797706,-20.676192699577214,1.0194582334266897,0.9621906327751878,369,1.0,0.010502615645813554,-19.78702527684551,0.9506430821991496,1.1065346439845232,369,4,measured,False,,-20.580355818699374,-20.180602928020107,-20.676192699577214,-19.78702527684551,-0.001388940302577395,0.014819457045528376,0.03075022235994359,0.9850043036095428,0.8891674227317026,3,-20.306044180785552,-20.332039137357235,0.09583688087784026
538,538,22,Sokhda,0.04130560022910358,0.6624813231635217,310429.55354494706,2481564.690004248,352,1.0,0.008105042517740912,-20.91244702570947,1.0419888427843278,0.9210301827517275,352,1.0,0.0080902285509875,-20.920392092862873,1.1762940855748403,0.7227168381889416,352,1.0,0.005089777606723477,-22.93301193357319,1.1110681030740897,0.8100627093589124,352,1.0,0.007622560219136754,-21.178991359707165,1.082809387554473,0.8528957993158782,352,4,measured,False,,-20.91244702570947,-20.920392092862873,-22.93301193357319,-21.178991359707165,-0.029283549389329307,0.029233676231100424,-0.0006111590118003107,3.7745854817297477,2.0205649078637222,0,-21.486210602963176,-21.88502996751427,2.012619840710318
539,539,22,Sokhda,0.05637834519717726,1.4630830993103663,310406.33434269624,2481563.333011663,432,1.0,0.009789192259749715,-20.092531418644676,0.8889547598838312,1.265437442898158,432,1.0,0.010166967393523144,-19.928085692663764,1.0452603603291888,0.9152738159680837,432,1.0,0.009349008976039807,-20.292344232502852,1.033693226097578,0.9358724426482645,432,1.0,0.010643334300042355,-19.729222967342693,1.0107428585910734,0.9788556163075559,432,4,measured,False,,-20.092531418644676,-19.928085692663764,-20.292344232502852,-19.729222967342693,-0.0028958378820025644,0.00938535441933599,0.012649671229300889,0.7629340790183363,0.5631212651601594,3,-20.010546077788497,-20.053899729639816,0.19981281385817695
540,540,22,Sokhda,0.08418519156901166,1.7329951799775252,310062.38166082813,2481669.576119039,640,1.0,0.010900470452025957,-19.62554757994256,1.0962000344477383,0.832185946194844,640,1.0,0.013464337158555394,-18.708150217896,1.1113150905402152,0.8097026798685785,640,1.0,0.009977632965993166,-20.009724759205533,1.0990796301071462,0.8278309936783521,640,1.0,0.008485142161003979,-20.713408770678882,1.118795778784937,0.7989109280569155,640,4,measured,False,,-19.62554757994256,-18.708150217896,-20.009724759205533,-20.713408770678882,-0.005567785206709762,-0.011728066857889156,0.07056902784973519,-0.3195068322103758,2.0052585527828803,1,-19.764207831930744,-19.805918922025782,0.38417717926297357
541,541,22,Sokhda,0.09009552132897079,1.7684937453917453,310083.86885443295,2481670.957664799,688,1.0,0.01303868716148679,-18.847661346182857,1.0508920272235245,0.9054903068307382,688,1.0,0.01220952074740665,-19.13301382807092,0.9872339019854839,1.0260295728015396,688,1.0,0.007051490156998117,-21.517190959766417,1.1310027617164502,0.7817586029796125,688,1.0,0.008923255011556521,-20.494766954338985,0.9633446071921691,1.077548083749016,688,4,measured,False,,-18.847661346182857,-19.13301382807092,-21.517190959766417,-20.494766954338985,-0.038688834979471884,0.017040400090457198,-0.021950190914466268,3.6919536190109916,2.66952961358356,0,-19.998158272089796,-20.50727798538959,2.3841771316954983
542,542,22,Sokhda,0.09755090911636362,1.8030087725313393,310104.69112083333,2481674.693257419,745,1.0,0.008253544771912173,-20.833594885115048,1.0276821961537186,0.9468525093641947,745,1.0,0.008133641033360228,-20.897149984756823,1.1213292117111107,0.7953050274535624,745,1.0,0.006769696123177368,-21.694308254048366,1.0494929489417189,0.9079061329562388,745,1.0,0.011618824209268349,-19.348378190423627,1.0178982545222253,0.9651421011725212,745,4,measured,False,,-20.833594885115048,-20.897149984756823,-21.694308254048366,-19.348378190423627,-0.012474106796135045,0.03909883439374564,-0.004888853818598066,3.2066434325580566,2.3459300636247384,3,-20.693357828585967,-20.892180354068778,0.7971582692915433
543,543,22,Sokhda,0.10443563166537788,2.0181039454044813,310102.995878121,2481726.226407406,801,1.0,0.009391663423523003,-20.27257479972731,0.9892310255600425,1.021890924984361,801,1.0,0.010335883947335062,-19.85652375637202,1.0610761544716627,0.8881920681929467,801,1.0,0.011408000335935602,-19.427904747033793,0.9819567443596804,1.0370872267498101,801,1.0,0.012561941169933812,-19.009432448145237,1.0146754450201816,0.9712828013969073,801,4,measured,False,,-20.27257479972731,-19.85652375637202,-19.427904747033793,-19.009432448145237,0.012241594966572697,0.006974538314809268,0.03200392641194528,-0.42619775380495994,1.263142351582072,3,-19.64160893781959,-19.487777167173483,-0.844670052693516
544,544,22,Sokhda,1.0644223343717865,4.0,310442.9374758153,2482066.967397273,9037,1.0,0.007604048488795311,-21.189551224287545,1.0347093191154741,0.9340352763546198,9037,1.0,0.011059470050859239,-19.562656831128493,0.9831485189213233,1.03457443234263,9037,1.0,0.008305626657910022,-20.806275945424943,0.9807364334798452,1.0396696865096342,9037,1.0,0.009212258862180247,-20.35633866969539,0.9854314535142757,1.0297864181133594,9037,4,measured,False,,-21.189551224287545,-19.562656831128493,-20.806275945424943,-20.35633866969539,0.005554714186414517,0.007498954595492554,0.1251457225506963,0.06666199686695151,1.626894393159052,1,-20.47870566763409,-20.38835588028923,-0.3832752788626017
545,545,22,Sokhda,1.2379552197369748,4.0,310481.8161523991,2481971.860804012,10623,1.0,0.007871235062451095,-21.039571178666275,1.0428975986689188,0.9194257549874769,10623,1.0,0.012103910614166258,-19.170742921823,1.1217795657721008,0.7946665830321723,10623,1.0,0.00848913497137782,-20.71136561381146,1.0550979732014973,0.8982855683216279,10623,1.0,0.00704606225558554,-21.520535239226128,1.0505370640511322,0.9061023176279452,10623,4,measured,False,,-21.039571178666275,-19.170742921823,-20.71136561381146,-21.520535239226128,0.004756602389200231,-0.013486160423577805,0.14375601975717509,-1.1373751902694842,2.3497923174031285,1,-20.610553738381714,-20.50405508714785,-0.3282055648548159
546,546,22,Sokhda,1.2141040129706264,4.0,310340.9699392499,2482027.111916763,10431,1.0,0.00934681997487428,-20.293361219911013,0.9704585278431916,1.0618081110703335,10431,1.0,0.013255012297064465,-18.776198650229464,0.9495299350882458,1.1091305765339408,10431,1.0,0.02173391651349215,-16.62862005527915,0.9669926001631621,1.06943328913658,10431,1.0,0.035057561058311884,-14.552183008994035,0.9002457273312359,1.2338940281719513,10431,4,measured,False,,-20.293361219911013,-18.776198650229464,-16.62862005527915,-14.552183008994035,0.05311219079176613,0.03460728410475191,0.11670481305242685,-1.5883041183467483,5.741178210916978,3,-17.562590733603415,-16.904737634405816,-3.664741164631863
547,547,22,Sokhda,0.6823035464670509,4.0,310713.36307882465,2481603.0381289823,5469,1.0,0.007404631387770049,-21.304965563516877,1.0157883197212638,0.9691557362934634,5469,1.0,0.00904949813101355,-20.433755053224374,0.9856121257517105,1.0294089130915614,5469,1.0,0.006161063846937648,-22.103442906013264,1.011740630419019,0.9769258866253097,5469,1.0,0.013082599695215866,-18.83305947058991,0.9287742563880811,1.1592568254637428,5469,4,measured,False,,-21.304965563516877,-20.433755053224374,-22.103442906013264,-18.83305947058991,-0.011572135398498362,0.054506390590389246,0.0670161930994233,4.068860777919742,3.270383435423355,3,-20.668805748336105,-20.856110838492768,0.7984773424963869
548,548,22,Sokhda,0.7533470024133683,4.0,310770.5280238395,2481602.881945416,6107,1.0,0.007099801319356045,-21.48753804395661,1.0309859909988828,0.9407938542559618,6107,1.0,0.010034827634474058,-19.984900828715315,0.9825918423614257,1.0357470178509196,6107,1.0,0.006408566198170785,-21.932391252199483,1.0162556937810634,0.9682645155180192,6107,1.0,0.009713582095884602,-20.126205849638055,0.9895728558585627,1.0211850589213363,6107,4,measured,False,,-21.48753804395661,-19.984900828715315,-21.932391252199483,-20.126205849638055,-0.0064471479455488695,0.03010309004269048,0.11558747809548436,2.251038610804301,1.9474904234841688,1,-20.882758993627366,-20.96909258909386,0.444853208242872
549,549,22,Sokhda,0.313723590564169,2.953032172138,310888.1980572007,2481561.1248940914,2393,1.0,0.01069406055516683,-19.708573610342242,0.9788127120383289,1.0437603572575922,2393,1.0,0.012686959992008116,-18.96642429667409,0.9973998671294724,1.0052206183579175,2393,1.0,0.008878230090551227,-20.51673603874534,1.0207363901550073,0.9597824489348206,2393,1.0,0.012292958539752812,-19.103435831134366,0.977566681458043,1.0464228583626782,2393,4,measured,False,,-19.708573610342242,-18.96642429667409,-20.51673603874534,-19.103435831134366,-0.011712498962363729,0.02355500346018289,0.05708840874370388,2.2214626360140706,1.5503117420712478,1,-19.573792444224008,-19.732721952587138,0.8081624284030973
550,550,22,Sokhda,0.46063381965905426,3.500196674621641,310977.7826393677,2481487.0684582135,3511,1.0,0.008033564292731226,-20.950917263003713,1.0155981390382791,0.9695187380559253,3511,1.0,0.027156073415878907,-15.661330258899726,0.8979714438096414,1.2401520857620953,3511,1.0,0.0065295339564488755,-21.851178152586982,1.080378992754769,0.8567374235471152,3511,1.0,0.010680423548220266,-19.71411524366682,0.983428379337119,1.0339856853849756,3511,4,measured,False,,-20.950917263003713,-15.661330258899726,-21.851178152586982,-19.71411524366682,-0.013047259269322735,0.03561771514866934,0.40689130800799905,3.0373237985034294,6.189847893687256,1,-19.544385229539312,-19.653400358927247,0.9002608895832687
551,551,22,Sokhda,0.16960091728447005,2.289092606099202,310968.48364055203,2481454.1188634713,1293,1.0,0.011419300904416315,-19.423604830120457,0.9510753807366268,1.105528951684178,1293,1.0,0.016853223665523286,-17.733170154904116,0.9626420272443806,1.0791215449625162,1293,1.0,0.006185204309352385,-22.08645950204811,0.943724756294878,1.1228178399082165,1293,1.0,0.007624543888359894,-21.17786131350781,0.9508023101064139,1.1061640591832276,1293,4,measured,False,,-19.423604830120457,-17.733170154904116,-22.08645950204811,-21.17786131350781,-0.038592096694603686,0.015143303142338324,0.1300334365551032,3.5714528604679536,4.3532893471439955,1,-20.105273950145126,-20.576730947782945,2.6628546719276542
552,552,22,Sokhda,0.24942688413746655,3.0127240452644366,310781.0564092344,2481503.9680689517,1909,1.0,0.009574921990809731,-20.188647556464293,0.9724993476516005,1.0573563131006414,1909,1.0,0.011549275897538824,-19.374452437857986,0.9820744788126521,1.036838582515544,1909,1.0,0.005441225133451319,-22.643033045677505,0.9679245206218028,1.0673749737151887,1909,1.0,0.0071348750002283015,-21.46613631124895,0.9483439704539423,1.1119063881991804,1909,4,measured,False,,-20.188647556464293,-19.374452437857986,-22.643033045677505,-21.46613631124895,-0.03557080419149583,0.019614945573809273,0.06263039373894667,3.631282223641769,3.268580607819519,1,-20.918067337812182,-21.37151026519289,2.4543854892132124
553,553,22,Sokhda,0.12844069757349788,2.2432556314534073,310665.67737685336,2481408.9155410733,982,1.0,0.010481862658689018,-19.79561535051691,0.9660389527225617,1.0715457623580917,982,1.0,0.014186913670991239,-18.48112073988969,0.9217244277428931,1.1770578421978537,982,1.0,0.007834677941678456,-21.059788512728158,0.968985929407568,1.0650378898623218,982,1.0,0.0063913679449928715,-21.94406179810184,1.006295843795086,0.9875262349441151,982,4,measured,False,,-19.79561535051691,-18.48112073988969,-21.059788512728158,-21.94406179810184,-0.018321350176974588,-0.014737888089561342,0.10111497004824781,0.3798998768375661,3.4629410582121487,1,-20.32014660030915,-20.512091108417387,1.2641731622112466
554,554,22,Sokhda,0.4613383867075085,4.0,310661.7351460293,2481473.7403605506,3528,1.0,0.009247295912253263,-20.339852447825386,1.0343244875870565,0.9347304413540428,3528,1.0,0.0128947280383924,-18.89587813097273,0.9711892598380866,1.0602108832279609,3528,1.0,0.007102248161494935,-21.4860415697316,1.0313723467896956,0.9400891367521227,3528,1.0,0.00691567403593587,-21.601654849947828,1.0200049737759913,0.9611594075061412,3528,4,measured,False,,-20.339852447825386,-18.89587813097273,-21.4860415697316,-21.601654849947828,-0.01661143654936543,-0.001926888003603781,0.11107494745020438,1.0305758416899877,2.7057767189750983,1,-20.580856749619386,-20.762456534668928,1.1461891219062146
555,555,22,Sokhda,1.1271496322776657,4.0,310726.6758860875,2481458.6158013353,9580,1.0,0.007740303468511045,-21.112420119119193,1.0221422560138929,0.9571440736394139,9580,1.0,0.011027410517941948,-19.575264576231632,0.9459862934575162,1.1174556925129144,9580,1.0,0.005419428071188895,-22.660465434676436,1.0466624233128237,0.9128233371859695,9580,1.0,0.008671127483456926,-20.619244287051252,0.980411858126295,1.0403581869833929,9580,4,measured,False,,-21.112420119119193,-19.575264576231632,-22.660465434676436,-20.619244287051252,-0.022435439355902066,0.03402035246041972,0.11824273406827392,3.589266463182426,3.0852008584448036,1,-20.991848604269627,-21.282648701372377,1.5480453155572427
556,556,22,Sokhda,0.4233013390988235,4.0,310645.4840660719,2481278.6596310935,3258,1.0,0.011848350762180309,-19.263420973105756,1.0016936173054394,0.9966213510174281,3258,1.0,0.01844789275813665,-17.340532346962135,0.9485466674292258,1.11143122764367,3258,1.0,0.021026960262261096,-16.77223506046165,1.0483661537635405,0.9098588362706197,3258,1.0,0.03055924471804098,-15.148573836971508,0.9898121071268957,1.0206914494957662,3258,4,measured,False,,-19.263420973105756,-17.340532346962135,-16.77223506046165,-15.148573836971508,0.036104143661508784,0.02706102039150237,0.14791450970335546,-0.8675246891539636,4.114847136134248,3,-17.131190554375262,-16.672150782258157,-2.491185912644106
557,557,22,Sokhda,0.298733772550337,3.3570572399691176,310648.844590927,2481224.996279428,2288,1.0,0.011642434984399893,-19.339561786471275,0.9560772165540274,1.0939917878948677,2288,1.0,0.019589227866940652,-17.079826819090748,0.9975786889631814,1.0048602672695455,2288,1.0,0.02126954899428243,-16.72241718906442,1.0269291867630432,0.9482416026815694,2288,1.0,0.02669125190069182,-15.736310560059838,0.9495138593496053,1.1091681331088703,2288,4,measured,False,,-19.339561786471275,-17.079826819090748,-16.72241718906442,-15.736310560059838,0.03792963184647617,0.016435110483409687,0.17382576672157904,-1.6310379684022749,3.6032512264114374,3,-17.219529088671568,-16.72054798944361,-2.617144597406856
558,558,22,Sokhda,0.9442326829983853,4.0,310724.70097593666,2481253.59419302,7970,1.0,0.012263711080547914,-19.113780895302128,0.9562308851584539,1.093640201921455,7970,1.0,0.01181032174614619,-19.277382708308124,0.9610037718029021,1.082803910577366,7970,1.0,0.007350755543100529,-21.336680199177657,0.9646202179366148,1.0747000756948526,7970,1.0,0.00780808136368384,-21.07455669775943,0.9895895350222396,1.0211506358224636,7970,4,measured,False,,-19.113780895302128,-19.277382708308124,-21.336680199177657,-21.07455669775943,-0.03221593194022506,0.0043687250236371135,-0.012584754846615125,2.485022805293756,2.222899303875529,0,-20.200600125136834,-20.61297233907892,2.0592974908695325
559,559,22,Sokhda,0.41745122973401155,4.0,310621.5930779269,2481340.442422598,3198,1.0,0.017676476223308348,-17.526043065910212,0.9693331520654289,1.064275016844947,3198,1.0,0.024417294199096055,-16.12302464040171,1.0001607699472317,0.9996785376298463,3198,1.0,0.020167024394139046,-16.95358176380117,1.0830840193397369,0.8524633257583021,3198,1.0,0.0066785159808581745,-21.753200304774005,1.0228275575380685,0.9558619170371477,3198,4,measured,False,,-17.526043065910212,-16.12302464040171,-16.95358176380117,-21.753200304774005,0.00829654061027595,-0.07999364234954723,0.1079244942698848,-5.372079843081874,5.630175664372295,1,-18.088962443721776,-17.876491329193513,-0.5724613021090406
560,560,22,Sokhda,0.6725763753460721,4.0,310706.1604849967,2481339.958387664,5447,1.0,0.008076178339554336,-20.92794099457324,1.01799324835383,0.9649619855013951,5447,1.0,0.014999051230226346,-18.23936211511589,1.01356199915123,0.9734179738820037,5447,1.0,0.00761736946380177,-21.181949793942714,1.0423755130521157,0.9203469953041579,5447,1.0,0.006309681903646167,-21.999925347294646,1.0867999574870886,0.8466438821001643,5447,4,measured,False,,-20.92794099457324,-18.23936211511589,-21.181949793942714,-21.999925347294646,-0.0036812869473836613,-0.013632925889198866,0.2068137599582579,-0.5639667539824593,3.7605632321787574,1,-20.58729456273162,-20.572406650416593,0.2540087993694726
561,561,22,Sokhda,0.43979749257261136,4.0,310551.74024402973,2481341.538133681,3387,1.0,0.014340881977876292,-18.4342413832331,1.0169628678764286,0.9669183631054721,3387,1.0,0.019727562733428145,-17.049265668920924,1.0686530936552439,0.8756418408664931,3387,1.0,0.017307489329131454,-17.617659274791006,1.2062547361461913,0.6872613754097239,3387,1.0,0.006881202041470594,-21.62335690488498,1.0448434434307057,0.9160043928890429,3387,4,measured,False,,-18.4342413832331,-17.049265668920924,-17.617659274791006,-21.62335690488498,0.011834523310754996,-0.06676162716823289,0.10653659340862895,-4.822279738536068,4.574091235964055,1,-18.6811308079575,-18.438350229869883,-0.8165821084420948
562,562,22,Sokhda,0.24384218135951086,3.056019724804601,310544.92806306673,2481283.628461846,1866,1.0,0.009563682620521579,-20.193748447732464,1.1770453227796287,0.7217945992461784,1866,1.0,0.019939522770662164,-17.002852402344054,1.0252944882269035,0.9512677086155649,1866,1.0,0.016984110286817337,-17.699571987289698,0.9618623891730776,1.080871619021748,1866,1.0,0.009971365474430038,-20.012453655193895,1.0402369141272985,0.9241351253172012,1866,4,measured,False,,-20.193748447732464,-17.002852402344054,-17.699571987289698,-20.012453655193895,0.03614748493395313,-0.03854802779840328,0.2454535419529546,-4.807058128346963,3.19089604538841,1,-18.72715662314003,-18.176795021005816,-2.494176460442766
563,563,22,Sokhda,0.21964399181632324,2.9287037433716834,310588.7375851696,2481284.69731728,1684,1.0,0.010510074522024042,-19.783942045817405,1.0370782559029927,0.929773026369288,1684,1.0,0.015690622623770866,-18.04359822716252,1.000461304449171,0.9990780291146029,1684,1.0,0.011943255289209786,-19.22877284475093,1.1555830191161787,0.748854936735509,1684,1.0,0.00786247271214166,-21.044408488264033,1.0348527194673378,0.9337764342902191,1684,4,measured,False,,-19.783942045817405,-18.04359822716252,-19.22877284475093,-21.044408488264033,0.00804593045023874,-0.030260594058551683,0.1338726014349912,-2.370804844579574,3.0008102611015133,1,-19.525180401498723,-19.362022029289886,-0.555169201066473
564,564,22,Sokhda,0.4751739944817731,4.0,310574.0688451181,2481228.273698031,3688,1.0,0.009701824265104256,-20.131465962721812,1.037592539907062,0.9288515685245848,3688,1.0,0.010624119623611903,-19.737070479551548,1.0183581470767413,0.964270577842051,3688,1.0,0.009433317081965749,-20.25335567381098,1.0666518612339528,0.8789306491092657,3688,1.0,0.011156935620533905,-19.524550729469578,1.115307274522478,0.8039164774604481,3688,4,measured,False,,-20.131465962721812,-19.737070479551548,-20.25335567381098,-19.524550729469578,-0.0017665175520169198,0.012146749072356695,0.030338114090020313,0.8506946554305692,0.7288049443414018,3,-19.91161071138848,-19.93964814935926,0.12188971108916746
565,565,22,Sokhda,0.11405509173906467,2.043835538839556,310555.11096545344,2481178.419293939,869,1.0,0.011636358564448782,-19.341829048053274,0.9463299906317899,1.1166441434269778,869,1.0,0.013389198593882042,-18.73245416764741,1.0299878237887423,0.9426181954452919,869,1.0,0.011190195338418097,-19.51162332269091,1.2474783722215534,0.6425899813702438,869,1.0,0.013314549573549873,-18.756735210035302,1.0323021545250815,0.9383963988459032,869,4,measured,False,,-19.341829048053274,-18.73245416764741,-19.51162332269091,-18.756735210035302,-0.0024607865889512298,0.012581468544260115,0.04687499080045098,0.9246823872932417,0.7791691550434976,1,-19.085660437106725,-19.119129973746617,0.16979427463763486
566,566,22,Sokhda,0.28088607397677845,3.3072525230027128,310595.4469334457,2481174.7648053993,2153,1.0,0.010950401049054715,-19.605699748693496,1.0284800436104375,0.9453840300254,2153,1.0,0.014410866312328902,-18.41309910695025,0.9189676422647892,1.1841304810012019,2153,1.0,0.008158590947021682,-20.88384840850786,1.1421394380779408,0.7665875188485769,2153,1.0,0.010023438446805947,-19.9898327224983,1.0321012637788416,0.9387617379961932,2153,4,measured,False,,-19.605699748693496,-18.41309910695025,-20.88384840850786,-19.9898327224983,-0.018523893620498014,0.014900261433492663,0.09173851090332673,2.172164345823923,2.4707493015576105,1,-19.723119996662476,-19.950753154455008,1.278148659814363
567,567,22,Sokhda,0.42306124609960244,3.90460405912501,310666.4492733123,2481177.8220346775,3230,1.0,0.009560846960899066,-20.195036334402193,1.127909817697274,0.786051944128006,3230,1.0,0.01003565248371757,-19.984543859202926,1.2335751713662666,0.6571564287663347,3230,1.0,0.007704078338928054,-21.13279309737209,1.1589287297844058,0.744537440080862,3230,1.0,0.00970861543770106,-20.128427011569805,1.0412986142330483,0.922251603802565,3230,4,measured,False,,-20.195036334402193,-19.984543859202926,-21.13279309737209,-20.128427011569805,-0.01359067772420141,0.016739434763371423,0.016191728861482072,1.9421228487721827,1.1482492381691642,1,-20.360200075636754,-20.544878366750318,0.9377567629698973
568,568,22,Sokhda,0.1505242195589468,2.14504461858971,310737.32096212567,2481188.656428002,1148,1.0,0.014592038882062713,-18.35884021789591,1.060148704681447,0.8897467819152696,1148,1.0,0.013105524867008422,-18.825455811820223,0.9810092990470775,1.0390914032963394,1148,1.0,0.01503653619082566,-18.228521960890514,1.0088399536541126,0.9825517940610878,1148,1.0,0.012009868649619252,-19.204617423937215,1.1246929160247217,0.7905549832500262,1148,4,measured,False,,-18.35884021789591,-18.825455811820223,-18.228521960890514,-19.204617423937215,0.0018886703913825445,-0.016268257717445007,-0.03589350722494718,-1.106413720052096,0.9760954630467005,2,-18.65435885363597,-18.62173242925494,-0.5969338509297089
569,569,22,Sokhda,0.5757768329691142,3.9546370944361247,310471.30998272734,2481078.8566086977,4385,1.0,0.008406524714125787,-20.75383505915474,0.9955928248869993,1.008872964105403,4385,1.0,0.017524154709639604,-17.563629213665976,0.8904303860607111,1.2612467383024084,4385,1.0,0.007206108288395203,-21.422992158882867,1.0168078990889728,0.9672131160965565,4385,1.0,0.013947771430472149,-18.554951782517563,0.9635079718698807,1.0771827139188472,4385,4,measured,False,,-20.75383505915474,-17.563629213665976,-21.422992158882867,-18.554951782517563,-0.009697928981567076,0.04780067293942173,0.24540044965298172,3.537197476093432,3.8593629452168905,1,-19.573852053555285,-19.69013360036213,0.6691570997281282
570,570,22,Sokhda,1.6120899250146001,4.0,310325.7208327954,2481032.8801597175,14013,1.0,0.018289171421051582,-17.37805969505339,0.9201399478911442,1.1811151167993281,14013,1.0,0.027305404628383746,-15.637513834363574,0.9349368915347225,1.1440247133607597,14013,1.0,0.03228889888772517,-14.909467649902307,0.9244284888460865,1.1701818506377037,14013,1.0,0.040232020660178,-13.954281543656787,0.9166492080371073,1.190127978022201,14013,4,measured,False,,-17.37805969505339,-15.637513834363574,-14.909467649902307,-13.954281543656787,0.035776696306537445,0.015919768437425336,0.13388814312998593,-1.5134059389055636,3.423778151396604,3,-15.469830680744018,-15.006427793080837,-2.468592045151084
571,571,22,Sokhda,0.6626345621973276,4.0,310206.9098171214,2480984.2065713187,5311,1.0,0.007319069421325569,-21.355441335419624,1.0062792113012817,0.9875588802766271,5311,1.0,0.00966277908137022,-20.148979495549884,0.972496147022749,1.0573632729445472,5311,1.0,0.007971290745367428,-20.98471350096517,1.0007824400571785,0.9984369546087661,5311,1.0,0.011371991352218919,-19.44163479238809,0.9784344815297165,1.0445674799073004,5311,4,measured,False,,-21.355441335419624,-20.148979495549884,-20.98471350096517,-19.44163479238809,0.005372867166006561,0.025717978476284684,0.09280475691305685,1.1723508741226283,1.9138065430315336,3,-20.48269228108069,-20.421027814762176,-0.3707278344544527
572,572,22,Sokhda,0.6223063217070885,4.0,310153.77390461974,2480973.1802567937,4855,1.0,0.014936437522313903,-18.257529733969772,0.9464536512047836,1.1163523682648868,4855,1.0,0.020946422877750594,-16.78890132941023,0.9243437916436045,1.1703963069272236,4855,1.0,0.011450349782133702,-19.411812464131515,0.952267829908554,1.1027619534749955,4855,1.0,0.00844821603126272,-20.73234989224829,1.0281457887575425,0.9459988272063581,4855,4,measured,False,,-18.257529733969772,-16.78890132941023,-19.411812464131515,-20.73234989224829,-0.016728735219735405,-0.022008957135279596,0.1129714157353494,-0.16625469795503278,3.9434485628380607,1,-18.797648354939952,-18.959276424980875,1.1542827301617429
573,573,22,Sokhda,1.2738915528763086,4.0,310185.9398868808,2481102.7791602425,10961,1.0,0.008559758657993154,-20.67538480063433,1.0049382630322965,0.9901961545100528,10961,1.0,0.017396767680350193,-17.595314361421487,0.8926528673941776,1.254974181677014,10961,1.0,0.007912472959991396,-21.016877611258167,1.0497468409958395,0.9074670132210416,10961,1.0,0.01599541615116783,-17.960044564360942,0.9433355419366595,1.123744566318347,10961,4,measured,False,,-20.67538480063433,-17.595314361421487,-21.016877611258167,-17.960044564360942,-0.004949171168461407,0.050947217448287084,0.23692849532406485,3.398325857521062,3.42156324983668,1,-19.311905334418732,-19.37370996168191,0.3414928106238371
574,574,22,Sokhda,0.7135218324343208,4.0,310354.8731920633,2481131.101973331,5841,1.0,0.01075928722747966,-19.68216498504734,0.9615557129674155,1.0815611900217084,5841,1.0,0.012409097473736447,-19.062598040314548,0.9375597784368148,1.1376326938902832,5841,1.0,0.010360328884156613,-19.84626457881587,1.0093038754709138,0.9816487509537509,5841,1.0,0.024432142033437697,-16.120384555594722,0.9274349105511066,1.1626075014075428,5841,4,measured,False,,-19.68216498504734,-19.062598040314548,-19.84626457881587,-16.120384555594722,-0.002378254982152604,0.06209800038701913,0.04765899574867633,3.8899796169896774,3.7258800232211478,3,-18.67785303994312,-18.761927031262186,0.16409959376852967
575,575,22,Sokhda,0.7889566409328952,4.0,310275.9655912015,2481114.0505019655,6523,1.0,0.00895417496253304,-20.479744238547106,1.0292937523489791,0.943889873138829,6523,1.0,0.011438109342570703,-19.41645756132753,1.0159146219854633,0.9689147732200153,6523,1.0,0.007959426393652155,-20.991182291276328,1.0842398092977041,0.8506468578528403,6523,1.0,0.008405749484681554,-20.754235573524298,1.1405036303660672,0.7687881064335064,6523,4,measured,False,,-20.479744238547106,-19.41645756132753,-20.991182291276328,-20.754235573524298,-0.007412145691727854,0.003949111962533832,0.08179128286304432,0.7483847704812518,1.574724729948798,1,-20.410404916168815,-20.48916095748924,0.5114380527292219
576,576,22,Sokhda,0.17486462713680231,2.2477069327673473,310274.2513276723,2481176.5091265314,1330,1.0,0.01030504067610692,-19.869502896320835,1.0967154273061537,0.831403971394219,1330,1.0,0.011736408685082049,-19.304647759042368,1.1132987927007922,0.8068197557597597,1330,1.0,0.0076508033322703764,-21.162929616496218,1.1136763878359024,0.8062727394602601,1330,1.0,0.009649860370582861,-20.154789706690668,1.1458393323919374,0.761644917293116,1330,4,measured,False,,-19.869502896320835,-19.304647759042368,-21.162929616496218,-20.154789706690668,-0.01874531478515047,0.0168023318300925,0.04345039517526672,2.3015666299809325,1.85828185745385,1,-20.12296749463752,-20.366323453260062,1.2934267201753826
577,577,22,Sokhda,0.1507729260125663,2.0957814654723825,310273.1139106182,2481199.7529303203,1151,1.0,0.007961543043225138,-20.990027525872463,1.103975650676209,0.8205045819493743,1151,1.0,0.012644865603674862,-18.98085782206692,1.1018540363632676,0.8236673787493516,1151,1.0,0.013366409534851352,-18.73985236613392,1.1543031961393337,0.750516429256883,1151,1.0,0.011834981907529336,-19.26832401652615,1.1076484894822207,0.8150722001994438,1151,4,measured,False,,-20.990027525872463,-18.98085782206692,-18.73985236613392,-19.26832401652615,0.032611234199109315,-0.008807860839870507,0.1545515156773495,-2.7786468101307733,2.250175159738543,2,-19.494765432649864,-19.040588616364587,-2.250175159738543
578,578,22,Sokhda,0.2821468965430744,3.343617638857354,310098.59125734237,2481069.496690662,2162,1.0,0.01751946882912603,-17.56479065295594,0.9067864403874357,1.2161579004202534,2162,1.0,0.026198785091195286,-15.81718847627716,0.9233521894824595,1.172911470038866,2162,1.0,0.015677612306625784,-18.047200794715625,1.0298203047038066,0.9429248885256575,2162,1.0,0.007430485493005966,-21.289828093827374,1.0190132385220498,0.963031178122144,2162,4,measured,False,,-17.56479065295594,-15.81718847627716,-18.047200794715625,-21.289828093827374,-0.006991451329850528,-0.05404378831852916,0.13443093666759837,-2.760217157352063,5.4726396175502146,1,-18.179752004444026,-18.180594035535684,0.48241014175968644
579,579,22,Sokhda,0.45961201913873667,4.0,310037.33357105777,2481074.461823386,3588,1.0,0.01944139013949757,-17.112726844546124,0.9550289037161737,1.0963948043147387,3588,1.0,0.023600532714355343,-16.270781939665948,1.0027475198787053,0.9945275241603995,3588,1.0,0.019642675757516746,-17.067993522124336,1.0219412156394116,0.957520697122882,3588,1.0,0.0075109147334772456,-21.24307168254184,1.112945371947354,0.8073322555247661,3588,4,measured,False,,-17.112726844546124,-16.270781939665948,-17.067993522124336,-21.24307168254184,0.000648309020605621,-0.06958463600695837,0.06476499268309045,-4.21981148283929,4.9722897428758905,1,-17.92364349721956,-17.827988187344896,-0.04473332242178785
580,580,22,Sokhda,0.15852262025885283,2.065596936646821,309994.4194910652,2481071.998430099,1202,1.0,0.014223037593343518,-18.470076420629017,0.8921946978140508,1.256263448768895,1202,1.0,0.015735102812121145,-18.031304150900674,0.8734237489298449,1.3108409710670925,1202,1.0,0.011964699040489512,-19.220982211373425,0.8854366687583809,1.275513304389273,1202,1.0,0.011975925320561548,-19.21690920828761,0.9941337338880657,1.011836584926522,1202,4,measured,False,,-18.470076420629017,-18.031304150900674,-19.220982211373425,-19.21690920828761,-0.010882692619484175,6.788338476357106e-05,0.03375171305602638,0.7549787938302224,1.189678060472751,1,-18.734817997797684,-18.864028949212784,0.7509057907444081
581,581,22,Sokhda,0.3381779372619465,3.4915030880701385,309961.96658827056,2481071.495442384,2574,1.0,0.015186619493994304,-18.185388883158783,0.9448216715472905,1.1202122242636157,2574,1.0,0.018022113754006298,-17.44194273408852,0.9344236531397813,1.1452817848309371,2574,1.0,0.01055627153208334,-19.764894472347855,1.0063076353232132,0.9875030921699884,2574,1.0,0.013854840430632556,-18.583984717218673,0.9469141643284379,1.1152668001625539,2574,4,measured,False,,-18.185388883158783,-17.44194273408852,-19.764894472347855,-18.583984717218673,-0.02289138535056626,0.019681829252153036,0.05718816531309711,2.760415344318254,2.3229517382593343,1,-18.49405270170346,-18.789422271157534,1.579505589189072
582,582,22,Sokhda,0.33309630644223653,3.265914525294231,309953.6017132854,2480911.779681076,2549,1.0,0.012267949279291564,-19.112280282364488,0.9157264349788962,1.1925277588441736,2549,1.0,0.012363982860467995,-19.078416056476627,0.975340250727329,1.0512056962220038,2549,1.0,0.016624669754519535,-17.792469731054215,0.9444938146601694,1.1209900653275475,2549,1.0,0.01989997780578441,-17.01147407953647,0.8876954768880478,1.2690302834490474,2549,4,measured,False,,-19.112280282364488,-19.078416056476627,-17.792469731054215,-17.01147407953647,0.01912768914942424,0.013016594191962423,0.0026049404529123656,-0.5388148997925271,2.100806202828018,3,-18.24866003735795,-18.021260795124427,-1.3198105513102725
583,583,22,Sokhda,0.7334427895408123,4.0,309997.06529206876,2480940.318444966,5672,1.0,0.006575312809987974,-21.820835814815283,1.0276109200209633,0.946983863214878,5672,1.0,0.010387063266416807,-19.835072231329956,0.9541187872001252,1.0984874639436009,5672,1.0,0.005711997418634337,-22.43211997498184,1.054557492048581,0.8992065818064325,5672,1.0,0.017851616951519978,-17.483224405423496,0.9356959378583195,1.1421693765934136,5672,4,measured,False,,-21.820835814815283,-19.835072231329956,-22.43211997498184,-17.483224405423496,-0.008859190727051575,0.08248159282597242,0.15275104488348662,5.560179729724904,4.948895569558346,3,-20.392813106637647,-20.55585360844058,0.6112841601665586
584,584,22,Sokhda,0.8413062359421514,4.0,310059.389214668,2480900.738305394,6982,1.0,0.01883172743063234,-17.251098404091465,0.9295050308913785,1.1574347324422096,6982,1.0,0.026292178505304114,-15.801734278291642,0.913482962453197,1.1983925394858417,6982,1.0,0.01900298902513134,-17.211780824669866,1.0044423376518967,0.9911741790577162,6982,1.0,0.007073481796001447,-21.5036675981397,1.0330241468258865,0.9370851454435541,6982,4,measured,False,,-17.251098404091465,-15.801734278291642,-17.211780824669866,-21.5036675981397,0.0005698199916173796,-0.07153144622449722,0.11148954813844793,-4.331204352891433,5.701933319848058,1,-17.942070276298168,-17.834769674439528,-0.03931757942159919
585,585,22,Sokhda,0.3410882309363689,3.1942021073733295,309910.41473933,2480955.5391900223,2598,1.0,0.020336018911670077,-16.91734062913683,0.9361377955939977,1.1410914214610277,2598,1.0,0.026717042145080923,-15.732116244590369,0.952827497742189,1.1014668625239923,2598,1.0,0.021824202971749248,-16.61061607933587,1.038865961414906,0.9265758281107996,2598,1.0,0.014990712656422767,-18.24177720360865,1.1226521542419834,0.7934317438813164,2598,4,measured,False,,-16.91734062913683,-15.732116244590369,-16.61061607933587,-18.24177720360865,0.004445283330448713,-0.027186018737879656,0.091171106503574,-1.9378856740737405,2.50966095901828,1,-16.87546253916793,-16.77046335843021,-0.3067245498009612
586,586,22,Sokhda,0.14006043145796285,2.290379748819657,309875.63479463465,2480939.5912686205,1071,1.0,0.0067430184439120746,-21.71145652413189,1.0244024317853746,0.9529251704435556,1071,1.0,0.013259090032970919,-18.774862803973196,0.9136185246965262,1.1980369321420237,1071,1.0,0.006153087812696123,-22.109068869114452,0.9687736955481273,1.065504586805821,1071,1.0,0.008895103066243222,-20.508490154449937,0.9522665683714197,1.1027648752956756,1071,4,measured,False,,-21.71145652413189,-18.774862803973196,-22.109068869114452,-20.508490154449937,-0.005762497753370466,0.026676311911075244,0.22589182462759183,1.9981910596470769,3.334206065141256,1,-20.775969587917366,-20.82510025725635,0.39761234498256215
587,587,22,Sokhda,0.16568967934742104,2.498855335965558,308845.3008880888,2480304.217595409,1267,1.0,0.011497180447142007,-19.394086523754957,1.057127772832744,0.8948392692886424,1267,1.0,0.014840694863075722,-18.28545764277034,1.0753112961911684,0.864831667508407,1267,1.0,0.010564621535577934,-19.76146056392468,1.0799398883127929,0.8574342654610124,1267,1.0,0.012738605418726954,-18.948781145519266,1.0424191879766378,0.9202698761491068,1267,4,measured,False,,-19.394086523754957,-18.28545764277034,-19.76146056392468,-18.948781145519266,-0.005324261451735096,0.013544656973423545,0.08527914469112446,1.1800534585751343,1.4760029211543397,1,-19.09744646899231,-19.15920928800925,0.36737404016972164
588,588,22,Sokhda,0.1688590269464068,2.579619334918909,308879.4869465177,2480311.648644489,1289,1.0,0.010084416736937094,-19.963492154735256,0.9358108642232552,1.1418888555622941,1289,1.0,0.010449215938698112,-19.809162957990374,0.9831109795079571,1.0346534428705798,1289,1.0,0.006746588612122897,-21.709157710855578,1.0659588869093752,0.8800737970469381,1289,1.0,0.009508308605787679,-20.218967310650555,1.0292164605551468,0.9440316463879861,1289,4,measured,False,,-19.963492154735256,-19.809162957990374,-21.709157710855578,-20.218967310650555,-0.025299500813338,0.024836506670083715,0.011871476672683255,3.235855956325345,1.8999947528652044,1,-20.42519503355794,-20.76650377988827,1.745665556120322
589,589,22,Sokhda,0.035297456678841266,1.010964949640644,308866.01871657,2480342.9250441003,272,1.0,0.008910987649628891,-20.500741582512596,1.1808809665718696,0.7171132625748484,272,1.0,0.009429236349038708,-20.255234782942694,1.170681643844974,0.729663097618211,272,1.0,0.007065341732366987,-21.508668276028185,1.1714212287976036,0.7287420327117341,272,1.0,0.007945966733018395,-20.998532575158414,1.0234031652422,0.9547869804466527,272,4,measured,False,,-20.500741582512596,-20.255234782942694,-21.508668276028185,-20.998532575158414,-0.014607633239356366,0.008502261681162852,0.01888513842845404,1.5180623943853604,1.2534334930854918,1,-20.81579430416047,-21.004024477226682,1.0079266935155893
590,590,22,Sokhda,0.141287781802658,2.357680262315077,308840.50490992615,2480351.5156513294,1082,1.0,0.009409940267810212,-20.264131333679348,1.024534216608292,0.9526800385658301,1082,1.0,0.013472558083667402,-18.705499353725482,1.5833718894044,0.39887254047024695,1082,1.0,0.009364728161353638,-20.285048247743344,1.2328794949844182,0.6578982647553125,1082,1.0,0.011443996261690507,-19.41422292733906,1.1101640435090159,0.811382592013567,1082,4,measured,False,,-20.264131333679348,-18.705499353725482,-20.285048247743344,-19.41422292733906,-0.0003031436820868951,0.014513755340071377,0.1198947676887589,0.8917422344682784,1.5795488940178615,1,-19.66722546562181,-19.659039283424267,0.020916914063995762
591,591,22,Sokhda,0.17767573175177676,2.273339295985072,308794.7539102744,2480293.1211922867,1352,1.0,0.009642716955813039,-20.158005809656867,1.0776082679553605,0.8611487396239211,1352,1.0,0.010510880418031285,-19.7836090483964,1.1897155883972703,0.7065024886047733,1352,1.0,0.0063812993181560675,-21.950908840917933,1.1723846344796873,0.7275448390090503,1352,1.0,0.010274401548185886,-19.88243465012936,1.2703996845786285,0.6196111801559469,1352,4,measured,False,,-20.158005809656867,-19.7836090483964,-21.950908840917933,-19.88243465012936,-0.025984101902334286,0.03447456984647624,0.028799750866189775,3.86137722204964,2.1672997925215327,1,-20.44373958727514,-20.799901567516017,1.7929030312610656
592,592,22,Sokhda,0.6900126625427976,4.0,308794.3675353973,2480355.261478472,5502,1.0,0.005505211394165351,-22.592259999334928,1.084736509525848,0.8498680147888767,5502,1.0,0.006803412049677992,-21.672732251320067,1.0456423019107988,0.9146052942709042,5502,1.0,0.008979495090785059,-20.467480826479225,1.0028971585009845,0.9942307666616897,5502,1.0,0.01011749890869359,-19.949268337808114,1.0152493386607777,0.9701850307187283,5502,4,measured,False,,-22.592259999334928,-21.672732251320067,-20.467480826479225,-19.949268337808114,0.030793901055879758,0.00863687481118518,0.07073290369345085,-1.6065666841845925,2.642991661526814,3,-21.170435353735584,-20.77636349407952,-2.1247791728557033
593,593,22,Sokhda,1.061181285920227,4.0,308996.73801068595,2480417.963746046,8936,1.0,0.005614008485870877,-22.507269352419947,1.0950170879968533,0.8339849375762981,8936,1.0,0.005644701899587669,-22.48358988510066,1.2196868385286825,0.6722074557899111,8936,1.0,0.007897927241769328,-21.024868714406544,1.037225292261725,0.9295094370579307,8936,1.0,0.01046155160926922,-19.804038981293893,1.0768653769059546,0.8623373011124896,8936,4,measured,False,,-22.507269352419947,-22.48358988510066,-21.024868714406544,-19.804038981293893,0.02148406721758554,0.020347162218544195,0.0018214974860989868,-0.26157090490075063,2.703230371126054,3,-21.45494173330526,-21.205772532566655,-1.4824006380134023
594,594,22,Sokhda,1.4630833591898904,4.0,309147.35563666985,2480456.764822082,12312,1.0,0.016487747839690176,-17.828386631907875,0.9532178302667592,1.1005649693785846,12312,1.0,0.02451626044772828,-16.105457735815364,0.9314611364075478,1.152578518772048,12312,1.0,0.02734342366283886,-15.631471084664724,0.9564763298837401,1.093078988288903,12312,1.0,0.03364786468895973,-14.730424911198408,0.9368456316287226,1.139367763970883,12312,4,measured,False,,-17.828386631907875,-16.105457735815364,-15.631471084664724,-14.730424911198408,0.031839355757147116,0.0150174362244386,0.1325329920071163,-1.295869373776835,3.097961720709467,3,-16.073935090896594,-15.659386629763857,-2.196915547243151
595,595,22,Sokhda,1.0994954291796777,4.0,308981.73489107855,2480506.549768789,9358,1.0,0.02100741404708151,-16.776274047193773,0.9087517537562148,1.210903336982587,9358,1.0,0.02428519343561077,-16.146584329492818,0.9585945249239479,1.0882535979374466,9358,1.0,0.027039807772331854,-15.679964001457968,0.9539690188167809,1.098832405136996,9358,1.0,0.022957699018430984,-16.39071642131003,1.1103308859999372,0.8111387675399551,9358,4,measured,False,,-16.776274047193773,-16.146584329492818,-15.679964001457968,-16.39071642131003,0.015888551387475438,-0.01184587366420106,0.048437670592381195,-1.8070624655878689,1.0963100457358053,2,-16.24838469986365,-16.025289499210267,-1.0963100457358053
596,596,22,Sokhda,0.5211644070335198,4.0,308886.0411939613,2480500.9293259843,4005,1.0,0.00904800859043303,-20.43446995751048,1.1240574018704896,0.7914491562797545,4005,1.0,0.011351015410644472,-19.449652867074395,1.2242577632509224,0.6671972793755006,4005,1.0,0.006669206486298521,-21.759258361168413,1.1233765031525602,0.792408870199004,4005,1.0,0.010421536839878238,-19.820682319133393,1.0871886646459268,0.8460385819953701,4005,4,measured,False,,-20.43446995751048,-19.449652867074395,-21.759258361168413,-19.820682319133393,-0.0191998319370715,0.03230960070058367,0.07575516080277576,3.263364445692954,2.3096054940940185,1,-20.36601587622167,-20.62398862914461,1.3247884036579336
597,597,22,Sokhda,0.5359766470806673,3.8895139614087966,309080.0041444043,2480532.366949602,4078,1.0,0.010233125662485047,-19.89991692716608,3.5312183802572346,0.08019565655711751,4078,1.0,0.011733486995121757,-19.305729036821724,2.077612058283319,0.23167068646325664,4078,1.0,0.009325875349253663,-20.30310393673837,1.695960439373222,0.3476710786321786,4078,1.0,0.008828904511034645,-20.540931802647677,2.391852186028352,0.17479593379376335,4078,4,measured,False,,-19.89991692716608,-19.305729036821724,-20.30310393673837,-20.540931802647677,-0.005843289993801337,-0.003963797765155105,0.04570676079571957,0.16535914366298599,1.235202765825953,1,-20.012420425843462,-20.07135731943554,0.40318700957229225
598,598,22,Sokhda,0.1790612843390205,2.583873170200383,309122.342351616,2480551.68261523,1368,1.0,0.0076589014268403565,-21.158335199857863,1.0982534600621974,0.8290769472578512,1368,1.0,0.012101930493930954,-19.171453457176654,1.3740882948165185,0.5296277351333653,1368,1.0,0.007273223763371927,-21.382730509954865,1.0749158803923788,0.8654680540547783,1368,1.0,0.00981623685944262,-20.080549709098364,0.9912300783586772,1.0177733057830372,1368,4,measured,False,,-21.158335199857863,-19.171453457176654,-21.382730509954865,-20.080549709098364,-0.003252105943434808,0.02170301334760835,0.1528370571293238,1.5265761109535028,2.211277052778211,1,-20.448267219021936,-20.477202976139566,0.22439531009700175
599,599,22,Sokhda,0.5188792626185342,2.985843803720563,309138.5013072961,2480506.9210104914,3930,1.0,0.009181258755550136,-20.370977727079776,1.3301645924204557,0.5651831864651325,3930,1.0,0.010681264971614673,-19.713773111969708,1.1439064880329675,0.7642209754350137,3930,1.0,0.008439418283604064,-20.736874876074616,1.1597794920828461,0.7434455220701722,3930,1.0,0.008471038490150498,-20.72063344935483,1.144617292155668,0.7632721119898563,3930,4,measured,False,,-20.370977727079776,-19.713773111969708,-20.736874876074616,-20.72063344935483,-0.005302857231809274,0.0002706904453297909,0.05055420116231291,0.3821385757146274,1.0231017641049078,1,-20.385564791119734,-20.441040882805783,0.36589714899483994
600,600,22,Sokhda,0.2615006475104019,3.165119763188947,309167.0066281051,2480563.7342448086,2003,1.0,0.0076328261636412435,-21.173146284910693,1.0570559112191662,0.8949609407705468,2003,1.0,0.012222879713209865,-19.128264621606508,0.975342731794371,1.0512003481358283,2003,1.0,0.0073576943098569575,-21.332582597639483,1.187592989978054,0.7090302253344779,2003,1.0,0.011643608013631474,-19.33912423671423,1.056739561452081,0.8954968591246252,2003,4,measured,False,,-21.173146284910693,-19.128264621606508,-21.332582597639483,-19.33912423671423,-0.0023106711989679695,0.03322430601542088,0.1572985894849373,2.1528946736540426,2.204317976032975,1,-20.24327943521773,-20.271427116758613,0.1594363127287899
601,601,22,Sokhda,0.13680802378137596,1.2970098055804027,309211.1409564552,2480573.160334259,1179,1.0,0.007570638689775693,-21.20867480110961,1.0086185102712169,0.9829832822320055,1179,1.0,0.013288682390214121,-18.765180784272832,1.0247100018436932,0.9523532090816663,1179,1.0,0.006747186000987554,-21.708773173993094,1.0302039918993096,0.9422226570510362,1179,1.0,0.007426058131866344,-21.292416553993885,1.0728280554084526,0.8688398974005365,1179,4,measured,False,,-21.20867480110961,-18.765180784272832,-21.708773173993094,-21.292416553993885,-0.007247802505557759,0.006939276999986828,0.1879610782182136,0.916454992882695,2.943592389720262,1,-20.743761328342355,-20.799507472682492,0.5000983728834854
602,602,22,Sokhda,0.06497059069031384,1.549545927243918,309235.9801647348,2480585.4654987818,495,1.0,0.01182456597414766,-19.272147912660095,0.9370944262811315,1.138762849526854,495,1.0,0.013824032693644933,-18.593652477635615,0.9663766835543368,1.070796922262678,495,1.0,0.012123256445744173,-19.163807080197696,0.9984106784489537,1.003186237021176,495,1.0,0.012774665210177184,-18.936504727414196,0.951466113075346,1.1046211375002015,495,4,measured,False,,-19.272147912660095,-18.593652477635615,-19.163807080197696,-18.936504727414196,0.0015701569922086892,0.003788372546391668,0.052191956540344635,0.11896152032110052,0.6784954350244803,1,-18.991528049476898,-18.96392189445435,-0.10834083246239956
603,603,22,Sokhda,0.12710658946512268,0.6522432653670791,309221.939460699,2480531.3054867988,47,1.0,0.007259174629577134,-21.391127559111407,1.0149660908250326,0.9707266077378762,47,1.0,0.013655152219414842,-18.64703454243879,0.8433844095922975,1.405881975006524,47,1.0,0.0073660404129267144,-21.327659027682465,1.131767532644432,0.7807024421753807,47,1.0,0.009023569892923796,-20.446216134473335,1.445806457912393,0.47838734163472196,47,4,measured,True,,-21.391127559111407,-18.64703454243879,-21.327659027682465,-20.446216134473335,0.000919833788825247,0.014690714886818827,0.21108407820558603,0.8179743617801876,2.7440930166726183,1,-20.4530093159265,-20.40895913556702,-0.06346853142894204
604,604,22,Sokhda,0.24962032903926448,1.1435060163069692,309233.1192078529,2480536.2078632624,2262,1.0,0.008943779343407662,-20.484789240286013,1.105141586180559,0.8187742140128506,2262,1.0,0.011058680614077991,-19.562966846231696,1.0707684046407182,0.8721855841713926,2262,1.0,0.008509941996758497,-20.700734000298144,1.0475171367715541,0.9113343227072118,2262,1.0,0.009883715434872502,-20.050797669975672,1.107676235352511,0.8150313676825309,2262,4,measured,False,,-20.484789240286013,-19.562966846231696,-20.700734000298144,-20.050797669975672,-0.0031296342030743742,0.010832272172041198,0.07090941492725514,0.8658810903346037,1.1377671540664487,1,-20.199821939197882,-20.2344185145226,0.2159447600121318
605,605,22,Sokhda,0.27293620319776235,2.456886782694908,309314.98071317386,2480515.2153226044,2072,1.0,0.010622977105335902,-19.737537545136597,1.732526683966916,0.3331502438807997,2072,1.0,0.014806812240907444,-18.295384306887456,1.1582770671898006,0.7453754497423228,2072,1.0,0.00934082343663874,-20.296148370220184,1.2955708898903393,0.5957686375892769,2072,1.0,0.01151787622543417,-19.386275928403,1.2478222887208612,0.6422358174095961,2072,4,measured,False,,-19.737537545136597,-18.295384306887456,-20.296148370220184,-19.386275928403,-0.008095809059182422,0.015164540696953091,0.11093486448070312,1.4684832669007726,2.0007640633327277,1,-19.42883653766181,-19.52131500740981,0.5586108250835871
606,606,22,Sokhda,0.30939993916259845,3.0978977139144677,309314.0378091094,2480575.5140621876,2360,1.0,0.01189547583612154,-19.24618180876096,0.9435495905754322,1.1232347707256336,2360,1.0,0.01118429842333279,-19.513912534476766,0.9564380844512427,1.0931664087193145,2360,1.0,0.005572073319188934,-22.539831776196326,1.047118588164949,0.9120281889994901,2360,1.0,0.00908012964843569,-20.41907950465894,0.9637810866790767,1.07657229964273,2360,4,measured,False,,-19.24618180876096,-19.513912534476766,-22.539831776196326,-20.41907950465894,-0.0477340574990633,0.035345871192289796,-0.020594671208908285,5.414402238972755,3.2936499674353676,0,-20.429751406023247,-21.071416995004263,3.02591924171956
607,607,22,Sokhda,0.16351983063332737,2.525572744395055,309346.47374810645,2480605.3040894717,1252,1.0,0.008560707226657983,-20.674903554224286,1.0189197372440004,0.9632079315486265,1252,1.0,0.010861078826890505,-19.641270342964056,1.0365123930544393,0.9307884848048751,1252,1.0,0.006750665680939824,-21.706533994201898,1.104213400757498,0.8201512914894815,1252,1.0,0.012311644837467111,-19.096839213891347,1.0534945491726277,0.9010220395505751,1252,4,measured,False,,-20.674903554224286,-19.641270342964056,-21.706533994201898,-19.096839213891347,-0.014951165796776978,0.043494913005175856,0.07951024702001774,3.641325220288163,2.6096947803105515,3,-20.279886776320396,-20.49530889934239,1.0316304399776115
608,608,22,Sokhda,0.18474347765436397,2.6765019161641876,309353.59999384626,2480562.0784553485,1413,1.0,0.010014397903842205,-19.99375156694863,0.9307728081018279,1.154283866765631,1413,1.0,0.010385595915681878,-19.835685790068556,1.011708069396778,0.9769887708077525,1413,1.0,0.013488851311439185,-18.700250325626563,1.0193538664151447,0.9623876715171028,1413,1.0,0.010450618404565503,-19.808580098645006,0.9229289552900761,1.1739874576509177,1413,4,measured,False,,-19.99375156694863,-19.835685790068556,-18.700250325626563,-19.808580098645006,0.018746394801769116,-0.018472162883640723,0.012158905913851962,-2.4018310143405124,1.293501241322069,2,-19.584566945322187,-19.326840827815676,-1.293501241322069
609,609,22,Sokhda,0.09775202051028609,1.7897771078453353,309393.71237065544,2480578.4456166564,748,1.0,0.009985316779148466,-20.006381528009022,0.9426000832337453,1.1254988418788525,748,1.0,0.01319120049919533,-18.797156785665216,0.9557939210312955,1.0946403982257968,748,1.0,0.007454076744783923,-21.276061402024375,1.065548302992688,0.8807521590944852,748,1.0,0.01090579520830865,-19.623426618606917,0.9436456004723428,1.123006218463236,748,4,measured,False,,-20.006381528009022,-18.797156785665216,-21.276061402024375,-19.623426618606917,-0.0184011575944254,0.027543913056957633,0.09301728787260052,2.9223146574328105,2.4789046163591593,1,-19.925756583576383,-20.164788751264574,1.2696798740153525
610,610,22,Sokhda,0.07612866063239053,1.6923735943123923,309384.5307271178,2480617.921777477,583,1.0,0.010320091984303592,-19.863164317691332,1.1059512933420852,0.817575744139001,583,1.0,0.012157780756954693,-19.151456925771157,0.9174722204956666,1.1879937426552847,583,1.0,0.00898685263573763,-20.46392379708124,1.119148833720043,0.7984069469114446,583,1.0,0.012879878968025197,-18.90088218013921,1.072023353196404,0.8701447566511555,583,4,measured,False,,-19.863164317691332,-19.151456925771157,-20.46392379708124,-18.90088218013921,-0.008706659121592861,0.0260506936157005,0.054746722455398085,2.1638010963319374,1.56304161694203,3,-19.594856805170732,-19.719146338286716,0.6007594793899074
611,611,22,Sokhda,0.03814156596458634,1.2176723160124905,309415.5117655747,2480569.078394389,291,1.0,0.006390086413431941,-21.944932688176717,1.0223147564633677,0.9568210931637307,291,1.0,0.007542116137810933,-21.22506784364489,1.0584024457961911,0.8926851915501455,291,1.0,0.006072543422196509,-22.166293710550814,1.1190297541393421,0.7985768780909854,291,1.0,0.007116167103815246,-21.477538622445515,0.9600906287452332,1.0848646016141625,291,4,measured,False,,-21.944932688176717,-21.22506784364489,-22.166293710550814,-21.477538622445515,-0.0032081307590448864,0.011479251468421658,0.055374218810140534,0.9101161104793967,0.9412258669059241,1,-21.70345821620448,-21.74324106173806,0.22136102237409716
612,612,22,Sokhda,0.12961070037275205,1.9976272903043093,309409.23470884655,2480609.522598786,989,1.0,0.009322084221059212,-20.304869777200985,1.156384443677455,0.7478173185330669,989,1.0,0.012880192755112757,-18.900776376085485,1.2261788095412727,0.6651083298359766,989,1.0,0.009143520790094705,-20.388865432942225,1.361594676791769,0.5393917632449261,989,1.0,0.011377370673921576,-19.439580924000307,1.22236033740893,0.6692702195238087,989,4,measured,False,,-20.304869777200985,-18.900776376085485,-20.388865432942225,-19.439580924000307,-0.001217328344075952,0.015821408482365306,0.10800718470119228,1.033280164683159,1.4880890568567402,1,-19.75852312755725,-19.765891948507086,0.08399565574124068
613,613,22,Sokhda,0.35619619837068023,3.62146165229629,309444.64347112604,2480606.361945431,2724,1.0,0.010254086688034106,-19.891030153551746,1.0269176283571488,0.9482629485475038,2724,1.0,0.014413472375398537,-18.41231379921016,0.9797867795531932,1.041686053543083,2724,1.0,0.00877896598895724,-20.56556633494255,1.087108365070807,0.8461635723825808,2724,1.0,0.011388969647105408,-19.43515564491346,1.0841147810434033,0.8508430751286229,2724,4,measured,False,,-19.891030153551746,-18.41231379921016,-20.56556633494255,-19.43515564491346,-0.009775886686823226,0.01884017816715146,0.11374741187242968,1.8049468714198902,2.1532525357323884,1,-19.57601648315448,-19.69282200654968,0.6745361813908026
614,614,22,Sokhda,0.317699843968451,3.2837340736539056,309492.6191643056,2480623.2045210474,2423,1.0,0.009334154470189295,-20.299250162861178,1.057405344810918,0.8943695351288823,2423,1.0,0.016424756712254646,-17.84501054602753,0.9963513608364334,1.0073374112114137,2423,1.0,0.010328181285438812,-19.859761477192933,1.0285030334575562,0.9453417666762369,2423,1.0,0.010654147925506842,-19.72481277629529,1.0693040786919186,0.8745759958330053,2423,4,measured,False,,-20.299250162861178,-17.84501054602753,-19.859761477192933,-19.72481277629529,0.006369401241568764,0.002249145014960696,0.18878766283335743,-0.30453998477060296,2.4542396168336467,1,-19.432208740594234,-19.31169409971005,-0.4394886856682447
615,615,22,Sokhda,0.9694127001381013,4.0,309239.47494782414,2480738.80060649,8111,1.0,0.014544885879790062,-18.372896819089732,0.9921295518578641,1.0159286976209974,8111,1.0,0.022180110326257444,-16.54036297953962,0.9843549457267317,1.0320400346180312,8111,1.0,0.02375286785702736,-16.242839473321663,0.9930140317182621,1.01411972359754,8111,1.0,0.029015928074218548,-15.373635339718978,0.9721078614002525,1.0582081194209627,8111,4,measured,False,,-18.372896819089732,-16.54036297953962,-16.242839473321663,-15.373635339718978,0.030870396315479262,0.014486735560044739,0.14096414150385483,-1.2608532121653848,2.9992614793707535,3,-16.6324336529175,-16.22759768808082,-2.130057345768069
616,616,22,Sokhda,2.020772419738397,4.0,309181.3425510989,2480688.911829248,17476,1.0,0.008559603840519067,-20.675463350726023,1.0256185081644682,0.9506667424431461,17476,1.0,0.011485603657338365,-19.398461743338665,0.9800991635492556,1.0410221325719957,17476,1.0,0.0058295211275780304,-22.343671193734377,1.0883587292923995,0.8442204540383426,17476,1.0,0.009264795262969834,-20.331641734465286,1.0103062986874392,0.9797017387952076,17476,4,measured,False,,-20.675463350726023,-19.398461743338665,-22.343671193734377,-20.331641734465286,-0.02417692526099063,0.033533824321151505,0.09823089287595065,3.680237302277444,2.945209450395712,1,-20.68730950556609,-21.004028086786473,1.6682078430083536
617,617,22,Sokhda,0.4148327578344615,3.9993388687223277,309318.9878478341,2480663.76156944,3175,1.0,0.00831809892046094,-20.79975919225367,1.0447553336507396,0.9161589024592999,3175,1.0,0.008994855449140676,-20.46005811545221,0.9987016668789374,1.0026017320172738,3175,1.0,0.007974330791440429,-20.98305752882613,1.0020143413628224,0.9959834573765205,3175,1.0,0.009924282399767012,-20.03300886185849,1.0087584421616493,0.9827105882690298,3175,4,measured,False,,-20.79975919225367,-20.46005811545221,-20.98305752882613,-20.03300886185849,-0.0026564976314849193,0.01583414444946065,0.026130852061650847,1.1333470035400985,0.9500486669676391,3,-20.568970924597625,-20.61300807953814,0.18329833657245942
618,618,22,Sokhda,0.5883358547666557,4.0,309313.19836723147,2480733.304703521,4723,1.0,0.009115278179463924,-20.402300730361382,1.009150188803024,0.9819477704955412,4723,1.0,0.011216343990126831,-19.501486799477583,0.9584860284679139,1.08849998304424,4723,1.0,0.007103288923856499,-21.485405201886174,1.091929623107408,0.838707841804254,4723,1.0,0.009204417370385432,-20.360036966585852,0.9810563579750832,1.0389917202264145,4723,4,measured,False,,-20.402300730361382,-19.501486799477583,-21.485405201886174,-20.360036966585852,-0.015697166253982483,0.018756137255005356,0.06929337929875382,2.2084727068251127,1.983918402408591,1,-20.437307424577746,-20.638533798731004,1.0831044715247913
619,619,22,Sokhda,0.2525174549179734,2.9783410251126914,309305.7847090765,2480791.3464514953,1929,1.0,0.010318438286167873,-19.863860289707944,0.9819444668081584,1.0371131609485176,1929,1.0,0.010592800348129901,-19.749892131720323,1.0503924583169237,0.9063518179152775,1929,1.0,0.008819819547164353,-20.545403004092776,1.1022896396309683,0.8230165129606138,1929,1.0,0.009439408118835103,-20.250552365051767,1.1188694703392956,0.7988056949606842,1929,4,measured,False,,-19.863860289707944,-19.749892131720323,-20.545403004092776,-20.250552365051767,-0.009877430643258443,0.0049141773173501475,0.008766781383663158,0.9763933534258413,0.7955108723724535,1,-20.102426947643202,-20.229738880747185,0.6815427143848325
620,620,22,Sokhda,0.23148036340726538,2.868063613132982,308923.5831802565,2480841.065002803,1768,1.0,0.007575060184805243,-21.20613912287707,0.9877992107727404,1.0248555334704965,1768,1.0,0.008551704661286087,-20.67947306184283,0.9595248876105813,1.0861442629851528,1768,1.0,0.006144214728908588,-22.115336149247003,1.1755880734105568,0.7235851697206848,1768,1.0,0.007678010310036374,-21.147513090473584,1.0653410473514906,0.8810948824130526,1768,4,measured,False,,-21.20613912287707,-20.67947306184283,-22.115336149247003,-21.147513090473584,-0.013176768498114992,0.01613038431289032,0.04051277392571059,1.8770200851433536,1.4358630874041722,1,-21.28711535611012,-21.460438870564438,0.9091970263699345
621,621,22,Sokhda,0.3145515138709918,3.1366257370224475,309002.27450162574,2480845.6638172786,2399,1.0,0.009503081484652617,-20.22135546839347,0.9312665440294572,1.1530602421386134,2399,1.0,0.007734095649234657,-21.115904612158957,1.0301628949326,0.9422978359683726,2399,1.0,0.008269317177303118,-20.825303499846232,0.9889338771299269,1.0225051195448174,2399,1.0,0.010363985577745262,-19.8447320003878,0.9967530602551338,1.006525644825738,2399,4,measured,False,,-20.22135546839347,-21.115904612158957,-20.825303499846232,-19.8447320003878,-0.008752870021054536,0.01634285832430719,-0.06881147259734523,1.5845195309111944,1.2711726117711564,3,-20.501823895196615,-20.644551028424473,-0.290601112312725
622,622,22,Sokhda,0.414164707594458,3.896186815022085,308950.92144796276,2480790.0888050925,3173,1.0,0.007294585139232619,-21.36999402449808,1.03349692242978,0.9362279979220913,3173,1.0,0.011843739847475271,-19.26511140631505,0.9727057508783628,1.0569076294164594,3173,1.0,0.007303712801436899,-21.364563125826624,0.9776313774182828,1.0462843663028716,3173,1.0,0.007769617563665983,-21.096003575281873,1.021018719243619,0.9592517298903385,3173,4,measured,False,,-21.36999402449808,-19.26511140631505,-21.364563125826624,-21.096003575281873,7.870867639791251e-05,0.004475992509079181,0.16191404755254077,0.2631286518732949,2.10488261818303,1,-20.773918032980404,-20.74089979250781,-0.005430898671455964
623,623,22,Sokhda,0.39145760543951763,3.8108259199001755,308952.67260357935,2480739.3723956314,2991,1.0,0.007527628465504251,-21.233418241402063,0.9996167100826335,1.0007670207935613,2991,1.0,0.00905424488257878,-20.431477636827733,0.9943460819049237,1.0114044646543496,2991,1.0,0.006802486692014692,-21.673322991755825,1.0841767866190408,0.8507457561181476,2991,1.0,0.007670663644071202,-21.15167060498235,1.0448685060780865,0.9159604500969483,2991,4,measured,False,,-21.233418241402063,-20.431477636827733,-21.673322991755825,-21.15167060498235,-0.00637543116454727,0.008694206446224585,0.06168773881341002,0.9615571371272367,1.241845354928092,1,-21.122472368741995,-21.197721307837043,0.43990475035376164
624,624,22,Sokhda,1.262273973743245,4.0,308955.9475759626,2480597.952899614,10704,1.0,0.007915760136074892,-21.015073742884525,1.048024016185816,0.9104529976761717,10704,1.0,0.010644083860528852,-19.728917124726348,0.9892041417156133,1.0219464701014986,10704,1.0,0.006952350299070293,-21.578683537745054,1.0534377910822124,0.9011191343548662,10704,1.0,0.01073260151980591,-19.692949948324056,0.979838817031052,1.0415754123343566,10704,4,measured,False,,-21.015073742884525,-19.728917124726348,-21.578683537745054,-19.692949948324056,-0.008168257896529406,0.03142889315701662,0.09893512447370593,2.4493433842815264,1.8857335894209974,3,-20.503906088419996,-20.617036928455374,0.563609794860529
625,625,22,Sokhda,0.18180967026315628,2.6528169489432463,308850.93115822633,2480564.4134103144,1391,1.0,0.011592778335501486,-19.358124681626926,0.9861254879357617,1.0283374022944367,1391,1.0,0.013039029453988776,-18.847547336396637,0.9779244312397267,1.0456573818853845,1391,1.0,0.010509167280349882,-19.78431694997122,1.0272761770144612,0.9476011224874415,1391,1.0,0.013380844649422173,-18.73516471395908,0.982378489387942,1.0361969538065832,1391,4,measured,False,,-19.358124681626926,-18.847547336396637,-19.78431694997122,-18.73516471395908,-0.006176699541221662,0.017485870600202347,0.03927518040232988,1.4753445043564355,1.0491522360121408,3,-19.181288420488464,-19.2683218453749,0.4261922683442947
626,626,22,Sokhda,0.21123205847330392,2.018616495228997,308852.8077112029,2480608.234853792,1759,1.0,0.0071311307980065726,-21.46841597722464,1.0674916826264378,0.8775482413293854,1759,1.0,0.012978137101393554,-18.86787642254305,0.9835181758668872,1.03379688544194,1759,1.0,0.009483973531372935,-20.230096667557135,1.0425675019358907,0.9200080625776742,1759,1.0,0.013010724846375806,-18.856985075881305,1.0328529557603274,0.9373958070884594,1759,4,measured,False,,-21.46841597722464,-18.86787642254305,-20.230096667557135,-18.856985075881305,0.01794665666184792,0.022885193194597163,0.20004150420627637,0.13479228200832338,2.6114309013433363,3,-19.855843535801533,-19.60884960794146,-1.2383193096675065
627,627,22,Sokhda,0.3735009143821895,3.808645389485723,308920.96791913,2480666.9861906646,2853,1.0,0.007778512830932415,-21.091034275678243,1.0476767852012698,0.9110565996340967,2853,1.0,0.014617382038551929,-18.351304022084953,0.955019213477093,1.096417053881096,2853,1.0,0.006659503041347669,-21.765581784052475,1.141762336019148,0.7670939805902884,2853,1.0,0.009401183011418344,-20.268174928892556,1.0066968989003386,0.9867395561584199,2853,4,measured,False,,-21.091034275678243,-18.351304022084953,-21.765581784052475,-20.268174928892556,-0.009776050846003363,0.024956780919331994,0.2107484810456377,2.1719543635341516,3.414277761967522,1,-20.36902375267706,-20.470238006943102,0.674547508374232
628,628,22,Sokhda,0.27153270498774945,2.8452661164345434,309070.2013759254,2480625.1448911317,2070,1.0,0.008144025646310324,-20.89160867370588,1.0109790222562907,0.9783983503813116,2070,1.0,0.011093671927830331,-19.549246816192262,0.9877758939236875,1.0249039182994122,2070,1.0,0.008758068307947219,-20.5759167188095,0.9591798515688961,1.0869258188543653,2070,1.0,0.00924331985569934,-20.341720183837417,1.1112731924808177,0.8097637370608824,2070,4,measured,False,,-20.89160867370588,-19.549246816192262,-20.5759167188095,-20.341720183837417,0.00457524572313594,0.0039032755828680267,0.10325860442412431,-0.08149541992429832,1.342361857513616,1,-20.339623098136265,-20.26278485847903,-0.3156919548963799
629,629,22,Sokhda,0.3564377251455444,3.549875767956124,309107.17357003805,2480629.954154131,2724,1.0,0.008349790813042629,-20.783244047414613,1.013115169474849,0.9742768060624616,2724,1.0,0.010250005428371983,-19.892759046071173,0.9648765032984458,1.0741292392868647,2724,1.0,0.009050898003291804,-20.433083292449066,0.9780928207566886,1.0452973698684476,2724,1.0,0.007180746768535461,-21.43830388544639,1.0224059833107597,0.9566503510533898,2724,4,measured,False,,-20.783244047414613,-19.892759046071173,-20.433083292449066,-21.43830388544639,0.005074793550225315,-0.016753676549955424,0.06849884625718762,-1.3553813479628722,1.5455448393752178,1,-20.63684756784531,-20.539993960644093,-0.35016075496554677
630,630,22,Sokhda,0.21080671807009493,2.677710841657666,308992.676326481,2480684.9045127775,1626,1.0,0.007920566959446247,-21.01243730210229,1.064704361658284,0.8821489745298678,1626,1.0,0.009216538591778558,-20.35432154081149,1.0498301830808758,0.9073229381273673,1626,1.0,0.007381076298960672,-21.318803053019213,1.0980514284407294,0.8293820607796125,1626,1.0,0.008091793971613427,-20.91955183505101,1.138086442852254,0.7720572402589692,1626,4,measured,False,,-21.01243730210229,-20.35432154081149,-21.318803053019213,-20.91955183505101,-0.0044400833466220965,0.006654186966136718,0.050624289330061384,0.7056169688851277,0.9644815122077226,1,-20.901278432746,-20.952574168591518,0.30636575091692464
631,631,22,Sokhda,0.757208832348173,4.0,309069.0215958459,2480703.2273418335,6197,1.0,0.00866812120177215,-20.62075024798823,1.0641538544459535,0.8830619157995852,6197,1.0,0.010605505753082669,-19.744686161115197,1.0288159397236083,0.9447668176152775,6197,1.0,0.008617147092605375,-20.646364936899595,1.0994164049784045,0.8273239065092619,6197,1.0,0.009642203346009022,-20.158237138488204,1.0777720377010716,0.8608870527545971,6197,4,measured,False,,-20.62075024798823,-19.744686161115197,-20.646364936899595,-20.158237138488204,-0.00037122737552702063,0.008135463306856513,0.06738954514407944,0.5137424873227552,0.9016787757843971,1,-20.292509621122804,-20.290409532288532,0.025614688911364425
632,632,22,Sokhda,0.30337332115236204,3.3588272120660574,309082.8220894027,2480856.5776757523,2326,1.0,0.008782508137817328,-20.563814391211892,0.9998471071763008,1.000305855790344,2326,1.0,0.00944245100520707,-20.249152599527452,0.9861210678786752,1.0283466208789638,2326,1.0,0.007167568585062519,-21.44628142682603,1.029038870984298,0.9443575128757381,2326,1.0,0.007669470283693913,-21.152346309419173,1.0620033153927628,0.8866419082352861,2326,4,measured,False,,-20.563814391211892,-20.249152599527452,-21.44628142682603,-21.152346309419173,-0.012789377327741124,0.004898918623447616,0.024204753206495375,1.1764021530209945,1.1971288272985774,1,-20.852898681746137,-21.013296668721388,0.8824670356141375
633,633,22,Sokhda,0.4459277197698946,4.0,308977.3358521399,2480897.957514424,3443,1.0,0.007590835462064263,-21.197104221814143,1.0436743847615833,0.9180576436899871,3443,1.0,0.016699152292631695,-17.77305574599517,0.9816194272510701,1.0378001045945975,3443,1.0,0.005730189741027445,-22.41830997209416,1.0371163383483213,0.9297047459285083,3443,1.0,0.006643953804175006,-21.775733958867526,1.0461306116842775,0.9137516600014074,3443,4,measured,False,,-21.197104221814143,-17.77305574599517,-22.41830997209416,-21.775733958867526,-0.017698634062029234,0.0107096002204439,0.2633883442937673,1.8637817635066511,4.6452542260989915,1,-20.79105097469275,-20.965004634310947,1.221205750280017
634,634,22,Sokhda,0.26546156917512415,3.113886483486828,309027.00161340577,2480898.0467988374,2033,1.0,0.007795708705688525,-21.081443970910495,1.0187822749312407,0.9634678766335733,2033,1.0,0.015681850547489228,-18.04602689410404,1.1482061915606154,0.7585081144064311,2033,1.0,0.005427547340830158,-22.65396379799541,1.126549193320034,0.7879518475090211,2033,1.0,0.006720103504552413,-21.726240377929326,1.1161874029602965,0.8026491798804399,2033,4,measured,False,,-21.081443970910495,-18.04602689410404,-22.65396379799541,-21.726240377929326,-0.022790142421520495,0.015462057001101393,0.23349362129280438,2.5002432471509977,4.607936903891371,1,-20.876918760234815,-21.126623451776133,1.5725198270849141
635,635,22,Sokhda,0.0617118900058791,1.454118381209049,308929.58403359936,2480873.0307707824,476,1.0,0.00874159079513684,-20.584095272416434,1.0574238546878103,0.8943382240798153,476,1.0,0.006442011089791227,-21.909785318865556,0.9747750496024862,1.0524250850281325,476,1.0,0.00522022316371698,-22.823109305802696,1.0807633690475482,0.8561281301452852,476,1.0,0.007551367998427445,-21.219743648806833,0.9907812803987319,1.0186955638955384,476,4,measured,False,,-20.584095272416434,-21.909785318865556,-22.823109305802696,-21.219743648806833,-0.032449478744728436,0.026722760949931038,-0.1019761574191632,3.842379690382124,2.239014033386262,0,-21.634183386472877,-22.093153968777752,0.9133239869371401
636,636,22,Sokhda,0.06271272656954825,1.4298713624943349,308929.4005394,2480910.592348768,479,1.0,0.009689501463743946,-20.136985673367292,0.9693926258044683,1.0641444310095143,479,1.0,0.01175481892321856,-19.297840565647913,0.9962217748358518,1.0075994920444213,479,1.0,0.010431478895795156,-19.81654116237662,1.0972898375536775,0.8305337510639563,479,1.0,0.014083357330432847,-18.51293801424553,0.9480181183088761,1.1126708869833275,479,4,measured,False,,-20.136985673367292,-19.297840565647913,-19.81654116237662,-18.51293801424553,0.004644123347690901,0.021726719135518144,0.06454962367072142,0.9831586371404164,1.6240476591217607,3,-19.44107635390934,-19.39080181579031,-0.32044451099067217
637,637,22,Sokhda,0.07675718984375708,1.6576231320888972,308928.49096209096,2480892.1987487576,587,1.0,0.00842395321123253,-20.74484053997304,1.007675734871297,0.9848234892502195,587,1.0,0.007974548370585229,-20.982939033449735,1.0154430348615577,0.969814939586027,587,1.0,0.006726302198657736,-21.722236246423755,1.0809635900328602,0.855811007636746,587,1.0,0.007887445278178428,-21.03063640802337,1.1186745298841398,0.7990841193092444,587,4,measured,False,,-20.74484053997304,-20.982939033449735,-21.722236246423755,-21.03063640802337,-0.014165155165952382,0.01152666397333976,-0.018315268728976538,1.6689955448511,0.9773957064507144,0,-21.120163056967478,-21.314431431760614,0.7392972129740194
638,638,22,Sokhda,0.12314912962634698,2.182910957548115,308891.2681494689,2480878.452203476,930,1.0,0.009937035171930793,-20.02743173000826,1.0496238175899166,0.9076797489142341,930,1.0,0.009509618264157952,-20.218369161958346,0.9931423859254189,1.0138576098794354,930,1.0,0.005989359071092075,-22.226196495273612,1.0446299464413136,0.9163788492505559,930,1.0,0.007184650950617769,-21.435943261940395,1.0210768138986677,0.9591425788210444,930,4,measured,False,,-20.02743173000826,-20.218369161958346,-22.226196495273612,-21.435943261940395,-0.031866156018338435,0.013170887222220292,-0.014687494765391253,2.9890179985985696,2.198764765265352,0,-20.976985162295154,-21.394649123385257,2.007827333315266
639,639,22,Sokhda,0.1661254008674994,2.593048696218003,308888.69259388855,2480914.141389794,1268,1.0,0.00966283687333086,-20.148953520978452,1.1558495037630836,0.7485096749374023,1268,1.0,0.007206959636468836,-21.422479102574638,1.025652576614573,0.9506035881054725,1268,1.0,0.00652390172177972,-21.854925899386657,1.1147500094638323,0.8047204362596448,1268,1.0,0.007947613912789274,-20.99763238645494,1.0124527628020004,0.9755520825002343,1268,4,measured,False,,-20.148953520978452,-21.422479102574638,-21.854925899386657,-20.99763238645494,-0.02472423736823486,0.014288225215528645,-0.09796350627662967,2.563265891339924,1.7059723784082053,0,-21.105997727348672,-21.453941090567906,0.4324467968120196
640,640,22,Sokhda,0.2640639096629573,3.186169180956194,308872.1469296832,2480970.9672095426,2020,1.0,0.008468938942788365,-20.721709981885226,1.1352259942581668,0.7759528740241436,2020,1.0,0.012020871229647173,-19.200640550856548,0.9880921707295613,1.024247903671723,2020,1.0,0.00729127185936119,-21.371967085374862,1.1468148322284424,0.76034973262351,2020,1.0,0.009042667914157995,-20.43703418036049,1.1666737207743016,0.7346849931578423,2020,4,measured,False,,-20.721709981885226,-19.200640550856548,-21.371967085374862,-20.43703418036049,-0.009424015992603424,0.015582215083572848,0.11700534084835987,1.5851900085040072,2.1713265345183146,1,-20.432837949619284,-20.54107232751443,0.6502571034896363
641,641,22,Sokhda,0.345169220935271,3.3275037513763737,308994.5956005219,2480962.224630572,2632,1.0,0.008316683334216141,-20.800498343854027,1.0427755716113476,0.9196409525567112,2632,1.0,0.0120839140890099,-19.1779237101888,1.0697971255694256,0.8737700344287399,2632,1.0,0.006862460005809875,-21.63520173588364,1.0835393941399838,0.8517469535669773,2632,1.0,0.009868880557279865,-20.057321072461193,1.0493472996396644,0.9081581850114658,2632,4,measured,False,,-20.800498343854027,-19.1779237101888,-21.63520173588364,-20.057321072461193,-0.012097150609124831,0.026298011057040802,0.12481343335886362,2.4125840554520614,2.4572780256948406,1,-20.417736215596914,-20.569015039470166,0.8347033920296134
642,642,22,Sokhda,0.07159472237564624,1.4900394464808624,309145.987793848,2480951.911343897,550,1.0,0.01088147139234934,-19.633123753756962,1.145229175229844,0.7624567144587797,550,1.0,0.013734662451676162,-18.621820094997567,0.9032016906123487,1.2258307638248467,550,1.0,0.01208516518927354,-19.17747408946884,0.9951910208857444,1.0096877846137104,550,1.0,0.016288098294604755,-17.881296184767073,0.9351080166812475,1.1436060376995791,550,4,measured,False,,-19.633123753756962,-18.621820094997567,-19.17747408946884,-17.881296184767073,0.006603618323016242,0.021602965078362797,0.0777925891353381,0.8405282404136472,1.7518275689898886,3,-18.82842853074761,-18.75039132100032,-0.4556496642881207
643,643,22,Sokhda,0.23097505446737632,2.506021852682528,309132.4368180531,2480842.1470198757,1760,1.0,0.007895055477650782,-21.026448139073715,1.044864025410687,0.9159683058998626,1760,1.0,0.019188499534209313,-17.169589840707047,2.4562354533299575,0.1657524699084131,1760,1.0,0.006495979672262241,-21.8735534279369,1.111518055793529,0.8094070004522343,1760,1.0,0.008253539186490468,-20.833597824117277,1.0747857258027798,0.8656776799498981,1760,4,measured,False,,-21.026448139073715,-17.169589840707047,-21.8735534279369,-20.833597824117277,-0.01227688824439401,0.01733259339699374,0.2966814075666667,1.8870608926828112,4.703963587229854,1,-20.225797307958736,-20.33098291435838,0.8471052888631867
644,644,22,Sokhda,0.18292561873294472,2.591414468021104,309081.487843017,2480894.1044198684,1396,1.0,0.007416565490094845,-21.297971639950568,0.9900939856323239,1.0201103530968674,1396,1.0,0.016110529435840192,-17.9289018724771,0.9200933061078794,1.181234867070804,1396,1.0,0.007238781301006342,-21.403345441342122,1.032601578858549,0.9378522625900824,1396,1.0,0.007801031420847898,-21.078479728519525,1.1058746322812494,0.8176890994768297,1396,4,measured,False,,-21.297971639950568,-17.9289018724771,-21.403345441342122,-21.078479728519525,-0.001527156541906582,0.005414428547043274,0.25915921288257454,0.43023951421415063,3.4744435688650235,1,-20.427174670572327,-20.393274090802848,0.10537380139155417
645,645,22,Sokhda,0.8413529327730764,4.0,309235.4718638976,2480873.562062606,6984,1.0,0.016086475202744827,-17.935391061617885,0.956629823331091,1.0927282423730473,6984,1.0,0.022258414794045767,-16.525057686047695,0.9598962045511577,1.0853041184824754,6984,1.0,0.0215769140173196,-16.660106690639477,0.9736782364963118,1.0547974576033516,6984,1.0,0.021806843405149635,-16.614071950788112,1.0698613646138266,0.8736651078116145,6984,4,measured,False,,-17.935391061617885,-16.525057686047695,-16.660106690639477,-16.614071950788112,0.01848238218809287,0.0007672456641894125,0.10848718273616843,-1.2292496311270433,1.4103333755701897,1,-16.933656847273294,-16.677541694960425,-1.275284370978408
646,646,22,Sokhda,0.15425349071370437,2.342173154915665,309301.0829188853,2480834.8545355657,1180,1.0,0.008685278268474237,-20.61216262590877,0.9378556194224781,1.1369150881355299,1180,1.0,0.015676515201997417,-18.047504720561584,0.9705366503583518,1.061637179283916,1180,1.0,0.006905379689762135,-21.60812436906488,1.0861070374670485,0.8477245189334335,1180,1.0,0.006839837758366615,-21.64954199666108,1.086143164975546,0.8476681255105368,1180,4,measured,False,,-20.61216262590877,-18.047504720561584,-21.60812436906488,-21.64954199666108,-0.014434228161682732,-0.0006902937932699989,0.19728137733439893,0.9545441155599086,3.6020372760994945,1,-20.47933342804908,-20.61531351343703,0.9959617431561085
647,647,22,Sokhda,0.14951280787624419,1.7024241949027104,309298.6381054187,2480863.7073093583,1231,1.0,0.010710042665143367,-19.70208799084164,1.056728856706908,0.8955150021216165,1231,1.0,0.013092194061600282,-18.8298756590165,1.067134098447371,0.8781364522071772,1231,1.0,0.00916168578511609,-20.380246071386598,1.1048058286421691,0.81927195104656,1231,1.0,0.013908730659206515,-18.567125028516948,1.8669884504939407,0.2868908764884794,1231,4,measured,False,,-19.70208799084164,-18.8298756590165,-20.380246071386598,-18.567125028516948,-0.009828377978912423,0.030218684047827498,0.06709325629424147,2.491279123414607,1.8131210428696498,3,-19.36983368744042,-19.509785311414507,0.6781580805449572
648,648,22,Sokhda,0.11658085654918104,2.053958165893678,309290.9083278615,2480921.8461492555,890,1.0,0.014960669886028647,-18.250489598611104,1.0577557268610989,0.8937771126607545,890,1.0,0.015436793044257305,-18.114429182389035,1.0078243944218235,0.9845329770927008,890,1.0,0.014721276680824446,-18.320545248222732,1.0290396745116983,0.9443560380699364,890,1.0,0.018439560882829987,-17.342494253883846,1.0082092343156726,0.9837815155079387,890,4,measured,False,,-18.250489598611104,-18.114429182389035,-18.320545248222732,-17.342494253883846,-0.0010152992697337459,0.016300849905648108,0.010466185863236067,1.048106643950515,0.9780509943388864,3,-18.00698957077668,-18.034437528657577,0.07005564961162847
649,649,22,Sokhda,0.1497805394500494,2.3591409374339216,309295.44103487744,2480893.5560156875,1150,1.0,0.009928364714084993,-20.031222776006548,1.3374335412582,0.5590563423685545,1150,1.0,0.012540825673933559,-19.01673869101116,0.9750667457983235,1.0517955025375874,1150,1.0,0.008177499457636694,-20.873794760070652,0.9933106909071108,1.0135140661488065,1150,1.0,0.008581227734066488,-20.664505722928304,0.9898203181371453,1.0206745153653218,1150,4,measured,False,,-20.031222776006548,-19.01673869101116,-20.873794760070652,-20.664505722928304,-0.012211188174842092,0.003488150619039132,0.07803723730733754,1.0518610212064523,1.8570560690594924,1,-20.146565487504166,-20.28601318337887,0.8425719840641044
650,650,22,Sokhda,0.18328582343858435,2.650632306971166,309231.06513789855,2480962.5945637305,1409,1.0,0.007788491347797374,-21.08546658216983,0.9960738326611726,1.0078988223254541,1409,1.0,0.013169841403214894,-18.804194549640588,0.9796976607839017,1.04187557732197,1409,1.0,0.0055669891346037115,-22.54379626328459,0.9976706636975519,1.004675000729458,1409,1.0,0.008870324861225002,-20.52060474547771,1.0157493677353477,0.9692300681426759,1409,4,measured,False,,-21.08546658216983,-18.804194549640588,-22.54379626328459,-20.52060474547771,-0.021135212769779158,0.03371985863011471,0.17548246404071086,3.4815211989216444,3.739601713644003,1,-20.73851553514318,-20.999678840166993,1.458329681114762
651,651,22,Sokhda,0.2722980272380635,2.9499048386347626,309303.2404944289,2480983.3119739774,2068,1.0,0.00958032687323558,-20.186196728817166,1.0588731676494743,0.8918916819226309,2068,1.0,0.009834016546787313,-20.072690652982086,1.1997995554097736,0.6946764986388384,2068,1.0,0.005282685263387814,-22.77145263332693,1.0846769051015164,0.8499614200883633,2068,1.0,0.0074938658356681525,-21.25294086442457,1.099156167517993,0.8277157091777937,2068,4,measured,False,,-20.186196728817166,-20.072690652982086,-22.77145263332693,-21.25294086442457,-0.037467476876953114,0.02530852948170601,0.008731236602698434,4.103767673412126,2.6987619803448446,1,-21.07082021988769,-21.566283604115448,2.585255904509765
652,652,22,Sokhda,0.12755549345401232,2.030690729258979,309268.07729599415,2481028.541267593,983,1.0,0.008677675357580784,-20.61596601389169,0.9425735779435467,1.1255621411131098,983,1.0,0.013862726027739827,-18.581513597390934,0.9850326300434641,1.0306204740103377,983,1.0,0.007243542294578212,-21.400489997189837,1.037648620921135,0.92875116935443,983,1.0,0.00892383842475928,-20.49448301663717,1.0578849407960902,0.8935587875855264,983,4,measured,False,,-20.61596601389169,-18.581513597390934,-21.400489997189837,-20.49448301663717,-0.01136991280142242,0.015100116342544467,0.15649633973082736,1.690530963850815,2.8189763997989026,1,-20.273113156277407,-20.396348128189214,0.784523983298147
653,653,22,Sokhda,0.430364101659492,3.7917894793320492,309359.1514686866,2480875.82182328,3285,1.0,0.009990519544899448,-20.004119262268823,1.0314788068567702,0.9398950914899129,3285,1.0,0.013487228940626012,-18.70077270447926,0.9667508722788776,1.0699681615078003,3285,1.0,0.008957523884937625,-20.47812025128608,1.0956281297547499,0.83305495503147,3285,1.0,0.008459010886023004,-20.726804161401574,1.0565320499100552,0.8958486594945223,3285,4,measured,False,,-20.004119262268823,-18.70077270447926,-20.47812025128608,-20.726804161401574,-0.006869579550974722,-0.004144731835258261,0.1002574275222741,0.22531707890176023,2.026031456922315,1,-19.977454094858935,-20.036732813379235,0.47400098901725585
654,654,22,Sokhda,0.3507205833221553,3.521768175532419,309404.07747331605,2480870.324886527,2680,1.0,0.008473125390460086,-20.719563665918237,1.0042108159766632,0.9916312638768466,2680,1.0,0.011760871710896651,-19.295604873413584,0.9790485598199048,1.0432575447833499,2680,1.0,0.007633202715585378,-21.17293203871371,0.9813903104684863,1.0382847337463654,2680,1.0,0.007374377563981588,-21.322746305275682,0.9972987387682215,1.0054244920097508,2680,4,measured,False,,-20.719563665918237,-19.295604873413584,-21.17293203871371,-21.322746305275682,-0.006570556127470635,-0.002496904442699529,0.10953529173112714,0.3035541062335021,2.0271414318620984,1,-20.627711720830305,-20.6828525532163,0.4533683727954738
655,655,22,Sokhda,0.8153355646761135,4.0,309386.1873886494,2480957.9934431356,6779,1.0,0.008418782372233303,-20.747507169634947,0.9969222784033965,1.006183977367451,6779,1.0,0.008989371110862109,-20.46270690095006,0.990567118285227,1.0191360985647473,6779,1.0,0.006423334069564495,-21.92239490286143,1.0540573634528727,0.9000600943984591,6779,1.0,0.01035257329179496,-19.84951686195355,1.009679503442499,0.980918487264635,6779,4,measured,False,,-20.747507169634947,-20.46270690095006,-21.92239490286143,-19.84951686195355,-0.01702735845255774,0.03454796734846468,0.0219077129757605,3.247765774134365,2.072878040907881,3,-20.745531458849996,-20.990748797751735,1.174887733226484
656,656,22,Sokhda,0.23081872736718506,2.771287609813107,309468.51403544715,2480855.394212967,1766,1.0,0.007939426060655319,-21.00210891489724,1.0285969998705067,0.9451690531308259,1766,1.0,0.012630861953697715,-18.98567011363799,0.9713155902088749,1.0599351167822118,1766,1.0,0.007995481438700778,-20.971553805886593,1.0003147686605174,0.9993707597921948,1766,1.0,0.007273770658632423,-21.38240396333357,0.9727662402245355,1.0567761905134634,1766,4,measured,False,,-21.00210891489724,-18.98567011363799,-20.971553805886593,-21.38240396333357,0.0004428276668209494,-0.006847502624116272,0.15511067701994216,-0.4414052664576218,2.396733849695579,1,-20.585434199438847,-20.537531523323814,-0.03055510901064551
657,657,22,Sokhda,0.26846059963870794,3.039545114323787,309472.13217652915,2480888.8708520043,2050,1.0,0.0059912878801945384,-22.224798121445403,1.0660742774976597,0.8798832911143349,2050,1.0,0.011347737222444622,-19.450907296406918,0.9856677435589162,1.0292927444302022,2050,1.0,0.006250962814176491,-22.040530846271906,1.0320499526474294,0.9388550864319027,2050,1.0,0.009125359914342414,-20.39749997476383,1.0051993170374864,0.9896819060388028,2050,4,measured,False,,-22.224798121445403,-19.450907296406918,-22.040530846271906,-20.39749997476383,0.002670540219905748,0.027383847858467963,0.2133762173106527,1.458763596334581,2.7738908250384853,1,-21.028434059722013,-20.975141688698603,-0.18426727517349661
658,658,22,Sokhda,0.496982340961555,4.0,309574.74003490905,2480854.70398221,3837,1.0,0.009310683391364696,-20.310184412306555,0.9975167052812525,1.0049851511416452,3837,1.0,0.011508046343483834,-19.389983978523773,0.9438581094652261,1.1225005872623688,3837,1.0,0.0064142184124953636,-21.928562558627508,1.0299619571289538,0.9426655422238314,3837,1.0,0.009107856120522199,-20.405838386801733,1.060919407988587,0.8884545410379165,3837,4,measured,False,,-20.310184412306555,-19.389983978523773,-21.928562558627508,-20.405838386801733,-0.023454755743781933,0.02537873619709625,0.07078464875252166,3.1411023181467286,2.538578580103735,1,-20.50864233406489,-20.813972294135738,1.6183781463209534
659,659,22,Sokhda,0.5056482184130465,4.0,309573.0363532741,2480909.634635998,3976,1.0,0.007635112521987887,-21.17184558172938,1.1023936833744201,0.8228611679520881,3976,1.0,0.010478065655879562,-19.79718884577053,1.0654276047611997,0.8809517245064645,3976,1.0,0.008944784874599428,-20.484300999147035,1.17869579188881,0.7197746282942808,3976,1.0,0.010543844627891284,-19.770010023846083,1.113228407304232,0.8069217835616903,3976,4,measured,False,,-21.17184558172938,-19.79718884577053,-20.484300999147035,-19.770010023846083,0.009964414240323826,0.011904849588349187,0.10574282584298828,0.026746392718607126,1.4018355578832953,3,-20.305836362623257,-20.16906798547469,-0.6875445825823441
660,660,22,Sokhda,0.22456515411883593,2.782132826993911,309654.8947096069,2480905.4490602333,1721,1.0,0.007453268214750746,-21.276532498833575,0.9743067001312813,1.0534371302110748,1721,1.0,0.01106588922367426,-19.560136816537476,0.9540986581533013,1.098533814996831,1721,1.0,0.008025960595037846,-20.955029768473374,1.0348828231681613,0.9337221098450995,1721,1.0,0.007555819927198565,-21.217184008767124,1.0306973944181643,0.9413207749652347,1721,4,measured,False,,-21.276532498833575,-19.560136816537476,-20.955029768473374,-21.217184008767124,0.004659459860292774,-0.004369237338229167,0.13203043709969992,-0.5836569706539514,1.716395682296099,1,-20.75222077315289,-20.659142854631245,-0.3215027303602014
661,661,22,Sokhda,0.33314398619168206,3.5862464713394324,310792.48350999004,2481333.4930308023,2547,1.0,0.01021614696028219,-19.907128683307263,0.9689971767345062,1.0650131658277915,2547,1.0,0.019119776791322006,-17.185171820841344,0.9219567068607967,1.1764648175707209,2547,1.0,0.014852041301162047,-18.282138517403958,0.884464437752328,1.2783190139351832,2547,1.0,0.016453696932161886,-17.837365064161084,0.9391167112572173,1.1338637279381123,2547,4,measured,False,,-19.907128683307263,-17.185171820841344,-18.282138517403958,-17.837365064161084,0.023550582114540662,0.007412890887381233,0.20938129711276304,-1.1802167126604317,2.7219568624659196,1,-18.302951021428413,-17.967207365851053,-1.6249901659033057
662,662,22,Sokhda,0.8278971292054513,4.0,310853.9631718101,2481298.131217715,6833,1.0,0.02457166587840815,-16.09565398779391,0.9812982341227283,1.0384795897972847,6833,1.0,0.03104335698127034,-15.080313209315623,0.9824458556015568,1.0360548548365693,6833,1.0,0.030536843048965857,-15.15175863064859,0.933490244674244,1.1475732928151272,6833,1.0,0.027516211074150344,-15.604113677793785,0.9902117935632536,1.0198676374638733,6833,4,measured,False,,-16.09565398779391,-15.080313209315623,-15.15175863064859,-15.604113677793785,0.013679642857178537,-0.007539250785753252,0.07810313680602203,-1.3962504042905142,1.0153407784782864,1,-15.482959876387977,-15.285410601189778,-0.943895357145319
663,663,22,Sokhda,0.3663479916808661,3.8584335577903515,310801.62649496534,2481246.5290316436,2801,1.0,0.008822114959993967,-20.544272872778873,1.061489641087984,0.8875002404267676,2801,1.0,0.012745138813814977,-18.946554300459844,0.9682514042988464,1.0666543993711624,2801,1.0,0.009135671407048776,-20.39259529574575,1.0602333504956771,0.8896047182188498,2801,1.0,0.015391696383420831,-18.127135121140498,0.97093016837413,1.060776790538981,2801,4,measured,False,,-20.544272872778873,-18.946554300459844,-20.39259529574575,-18.127135121140498,0.0021982257541032306,0.0377576695767542,0.12290142863992524,2.113782597572129,2.417137751638375,3,-19.50263939753124,-19.486654866871284,-0.1516775770331229
664,664,22,Sokhda,0.7795078291226644,4.0,310926.54826773977,2481318.0988789275,6414,1.0,0.007628409677346959,-21.175659915786383,1.0013390098961321,0.9973273494631911,6414,1.0,0.0181106051036994,-17.42067038984262,0.9704189038021581,1.0618948241113941,6414,1.0,0.00567527778146511,-22.460128766890186,1.1012059168297912,0.8246372101033702,6414,1.0,0.012844559448323694,-18.91280786877833,0.983956325283771,1.0328764042348657,6414,4,measured,False,,-21.175659915786383,-17.42067038984262,-22.460128766890186,-18.91280786877833,-0.018615490595707287,0.059122014968530937,0.28884534814952023,4.831789749215659,5.039458377047566,1,-19.99231673532438,-20.222686995698933,1.284468851103803
665,665,22,Sokhda,0.5788826608020347,4.0,311002.23972228786,2481345.5057305843,4613,1.0,0.008301515082667176,-20.80842638708947,0.9946284051141164,1.0108303760250736,4613,1.0,0.018185522409561044,-17.402742185943737,0.9100829384842634,1.2073635340346887,4613,1.0,0.009365211927419573,-20.284823904331652,1.0052543149237962,0.9895736171746066,4613,1.0,0.02910141999129024,-15.360858192843406,0.9408523161397212,1.129684274384425,4613,4,measured,False,,-20.80842638708947,-17.402742185943737,-20.284823904331652,-15.360858192843406,0.007588441779098787,0.08206609519147078,0.26197570778044094,4.400363228730431,5.447568194246063,3,-18.464212667552065,-18.395309373392855,-0.5236024827578163
666,666,22,Sokhda,1.344990548396483,4.0,310465.4593245975,2481148.369690344,11560,1.0,0.021598210658783087,-16.655822272382355,0.9026857229981156,1.2272325135617734,11560,1.0,0.02746074545978533,-15.612876774169294,0.9147981752660793,1.194949139072898,11560,1.0,0.027741541449507145,-15.568694111641019,0.9188463400125318,1.1844431495493162,11560,1.0,0.014256807612798364,-18.459777109048904,1.053748400485953,0.9005879737382679,11560,4,measured,False,,-16.655822272382355,-15.612876774169294,-15.568694111641019,-18.459777109048904,0.015755480590454153,-0.048184716623464754,0.08022657678562012,-3.9782111581492217,2.891082997407885,2,-16.574292566810392,-16.307633063767224,-1.0871281607413366
667,667,22,Sokhda,0.28170576731902547,3.161397535678741,310347.42339288135,2481199.930708854,2156,1.0,0.011247164787483279,-19.489569417601476,1.079117343183972,0.8587419030002927,2156,1.0,0.014685886282124914,-18.330998390069222,0.9425514256588621,1.1256150487111547,2156,1.0,0.010736477805499422,-19.691381693365603,0.9615514153303772,1.08157085808052,2156,1.0,0.019766826079073305,-17.0406305891108,0.951857552923942,1.1037128002781798,2156,4,measured,False,,-19.489569417601476,-18.330998390069222,-19.691381693365603,-17.0406305891108,-0.0029248155907844425,0.04417918507091336,0.08912084827171185,2.8525633800189283,2.6507511042548018,3,-18.638145022536776,-18.700935671010285,0.20181227576412653
668,668,22,Sokhda,0.10938284243447706,2.0526300807115723,310365.16675072233,2481240.264664554,837,1.0,0.00811820420711222,-20.90540028541451,0.9815310927350742,1.0379869100779404,837,1.0,0.014183056276449158,-18.482301738796334,0.9318577790139242,1.1515975440713253,837,1.0,0.00594548748169903,-22.25812530964145,1.1084109248659708,0.8139512690737956,837,1.0,0.009999366343641493,-20.000275202179196,0.9908661902290008,1.0185209821766463,837,4,measured,False,,-20.90540028541451,-18.482301738796334,-22.25812530964145,-20.000275202179196,-0.019604710496042635,0.0376308351243709,0.1863921958937057,3.6105751316891954,3.775823570845116,1,-20.411525634007873,-20.65507004549029,1.3527250242269417
669,669,22,Sokhda,0.1333702466494404,1.617064873793124,310332.93660331884,2481234.8723290395,1107,1.0,0.00873136088018698,-20.589180613695056,0.9763427593405786,1.0490480487936213,1107,1.0,0.018993017194620123,-17.214060385863682,0.9555238972755301,1.0952591596749994,1107,1.0,0.007239802767398186,-21.402732650455846,0.9930956058528968,1.0139531282752492,1107,1.0,0.011482972716396868,-19.39945667059886,1.0130174939592325,0.97446469536897,1107,4,measured,False,,-20.589180613695056,-17.214060385863682,-21.402732650455846,-19.39945667059886,-0.01179060922841724,0.03338793299761645,0.2596246329101057,2.8168280166177766,4.188672264592164,1,-19.65135758015336,-19.775635280199378,0.8135520367607896
670,670,22,Sokhda,0.26292977641811593,3.132980196037409,310274.2802005881,2481232.152299489,2016,1.0,0.011748445821947624,-19.300195815280187,0.9852396906941784,1.030187323532252,2016,1.0,0.013038937795821015,-18.84757786533787,1.0309717533214815,0.9408198390840529,2016,1.0,0.005961790035492355,-22.246233231763778,1.053040704270644,0.901798861144854,2016,1.0,0.007523663617722117,-21.23570629952182,1.0336630660405488,0.9359270569204698,2016,4,measured,False,,-19.300195815280187,-18.84757786533787,-22.246233231763778,-21.23570629952182,-0.04269619444179118,0.01684211553736598,0.034816765380178354,3.95656434872555,3.39865536642591,1,-20.407428302975916,-20.95384050838319,2.946037416483591
671,671,22,Sokhda,0.12300575991801452,1.866128020900195,310276.1924540265,2481263.300284982,936,1.0,0.009689881675135866,-20.136815261638183,1.264074608205609,0.6258274161623719,936,1.0,0.01786041392064844,-17.481084804211278,4.090228384546021,0.05977297660038662,936,1.0,0.011845678556984497,-19.264400565019265,2.1464097692022692,0.21705746537357312,936,1.0,0.015473773372449668,-18.104037680713684,3.3639435573221252,0.08836954104238318,936,4,measured,False,,-20.136815261638183,-17.481084804211278,-19.264400565019265,-18.104037680713684,0.01264369125534664,0.019339381405093014,0.2042869582636081,0.28794818768666275,2.6557304574269054,1,-18.746584577895604,-18.561574326654767,-0.8724146966189181
672,672,22,Sokhda,0.09847393603678793,1.9481665908499275,310327.7691221892,2481266.981932173,753,1.0,0.010217011325729164,-19.906761251959708,0.9892812534099578,1.0217871605981779,753,1.0,0.012695500054767831,-18.963501883113885,0.9047074102210121,1.2217538182073913,753,1.0,0.006054558764681785,-22.179175012486375,1.148580512601405,0.7580138011593992,753,1.0,0.010421371784223216,-19.82075110296916,0.9774294945557793,1.0467166198780562,753,4,measured,False,,-19.906761251959708,-18.963501883113885,-22.179175012486375,-19.82075110296916,-0.03293353276125605,0.03930706515862023,0.0725584129881402,4.630837670043881,3.2156731293724903,1,-20.217547312632284,-20.656197262933734,2.2724137605266677
673,673,22,Sokhda,0.08236798004826996,1.7913828092280317,310360.04471947375,2481272.7170549054,630,1.0,0.008253771117297075,-20.833475785738344,0.9490525482962574,1.1102466737570165,630,1.0,0.010772749892457219,-19.676734229154825,1.0187977688265377,0.9634385719818599,630,1.0,0.006248982405500895,-22.041906981209788,1.1331582819300225,0.7787872727025926,630,1.0,0.008937431127956115,-20.487872918609455,0.9163561918392576,1.1908892159186104,630,4,measured,False,,-20.833475785738344,-19.676734229154825,-22.041906981209788,-20.487872918609455,-0.017513495586542673,0.025900567710005557,0.08898011973719377,2.762465258071778,2.3651727520549635,1,-20.759997478678102,-20.987067565748777,1.2084311954714444
674,674,22,Sokhda,0.36064212328314316,3.6490703492358207,310326.70551362657,2481311.846545536,2752,1.0,0.007448079280527773,-21.279557091866916,1.038385418415295,0.9274336262814904,2752,1.0,0.02046602059470409,-16.889665931835587,0.8533564166419213,1.3732167215295146,2752,1.0,0.008513562747100556,-20.698886587628103,0.9631423762126281,1.0780006367412183,2752,1.0,0.006293129220840101,-22.011333505150876,0.9916444663595467,1.0169228700899484,2752,4,measured,False,,-21.279557091866916,-16.889665931835587,-20.698886587628103,-22.011333505150876,0.008415514554185708,-0.02187411529204623,0.3376839353870253,-1.8931174217615876,5.121667573315289,1,-20.21986077912037,-20.014620333197048,-0.5806705042388138
675,675,22,Sokhda,0.16887054899819195,2.5640900724269153,310280.1065742942,2481300.6426309478,1289,1.0,0.006034502037466685,-22.19358561739469,1.049479706989842,0.9079290443571714,1289,1.0,0.011469003901408243,-19.40474299527437,0.9422950143731452,1.126227722377527,1289,1.0,0.007280771997428399,-21.378225689771263,1.0073476945136846,0.985465004495683,1289,1.0,0.008148796774138179,-20.88906513091894,0.9878064579801651,1.0248404954773243,1289,4,measured,False,,-22.19358561739469,-19.40474299527437,-21.378225689771263,-20.88906513091894,0.011816810545267044,0.008152675980872045,0.21452635554771696,-0.32619936877110334,2.7888426221203204,1,-20.966404858339814,-20.777759564219632,-0.815359927623426
676,676,22,Sokhda,0.0823973471242236,1.6735042467016281,310249.0865968778,2481289.397745613,630,1.0,0.008082644612803716,-20.924465163507,0.9655454054386949,1.0726415029891971,630,1.0,0.011166543880853934,-19.520812231001997,0.9137410343062538,1.1977157006500803,630,1.0,0.0052101153093659265,-22.831526648641667,0.9333393071672362,1.1479444887056445,630,1.0,0.010066967026588308,-19.97101353877358,0.9290123385860352,1.158662725609831,630,4,measured,False,,-20.924465163507,-19.520812231001997,-22.831526648641667,-19.97101353877358,-0.027638572248328486,0.04767521849780145,0.10797330250038492,4.767574595002753,3.3107144176396694,1,-20.81195439548106,-21.184775172998364,1.9070614851346654
677,677,22,Sokhda,0.07817811145605519,1.627303307587806,310230.76961515704,2481282.843414289,597,1.0,0.00933527440445769,-20.29872911717016,1.0926463482747992,0.8376078960351726,597,1.0,0.013973476667791572,-18.546955258982138,1.0443695237634196,0.9168359203976352,597,1.0,0.00654406821973936,-21.841521819372936,1.0970720307016744,0.8308635633165674,597,1.0,0.009611115818487004,-20.172261892637376,0.9769545442354034,1.0477345981244082,597,4,measured,False,,-20.29872911717016,-18.546955258982138,-21.841521819372936,-20.172261892637376,-0.022359314524677893,0.027820998778925996,0.1347518352452326,3.212052628938334,3.2945665603907983,1,-20.214867022040654,-20.494479209296443,1.5427927022027745
678,678,22,Sokhda,0.5203760098110856,3.9560231242697865,310444.0562158934,2481303.3886280134,3959,1.0,0.008783556807371582,-20.56329585572575,1.0124001621749332,0.9756534574036664,3959,1.0,0.014946633084908924,-18.254566265586668,0.959233439285158,1.0868043797071545,3959,1.0,0.011519240230336068,-19.385761645459635,1.0138404976036932,0.9728832582822895,3959,1.0,0.008188856294290904,-20.867767502253205,1.0401617304465676,0.9242687245243426,3959,4,measured,False,,-20.56329585572575,-18.254566265586668,-19.385761645459635,-20.867767502253205,0.017065713192262567,-0.024700097613226172,0.17759458385685262,-2.6595400670596874,2.613201236666537,1,-19.767847817256314,-19.487218292474513,-1.177534210266117
679,679,22,Sokhda,0.14625578628284858,2.326827942435967,310425.09353391564,2481257.606051141,1116,1.0,0.009806245091714383,-20.084972564448343,1.0040779649512135,0.9918936896050836,1116,1.0,0.016140956843799514,-17.92070723661974,1.0396743209389627,0.9251355401292463,1116,1.0,0.016142754162563597,-17.920223670389007,0.9074931030923531,1.2142645993758705,1116,1.0,0.015010708324090082,-18.235988138203137,0.9062502583731841,1.2175974032253167,1116,4,measured,False,,-20.084972564448343,-17.92070723661974,-17.920223670389007,-18.235988138203137,0.03137317237767154,-0.005262741130235504,0.16648194829450785,-2.4805133618734665,2.1647488940593362,2,-18.540472902415058,-18.102863088069398,-2.1647488940593362
680,680,22,Sokhda,0.2797926690945402,3.3734055283818516,310377.8985670691,2481339.8467417504,2142,1.0,0.007608983423388504,-21.186733620341236,1.0642335192618932,0.8829297148668518,2142,1.0,0.013720635567421726,-18.626257707698606,1.0759600059633003,0.8637891461759675,2142,1.0,0.010994654506944826,-19.58818413241333,1.0171141734921711,0.9666307075003718,2142,1.0,0.007898956527972576,-21.024302763139808,0.9939196808656542,1.0122724551596685,2142,4,measured,False,,-21.186733620341236,-18.626257707698606,-19.58818413241333,-21.024302763139808,0.02316738388301316,-0.023935310512107993,0.19695968558789462,-3.0346681186543876,2.56047591264263,1,-20.106369555898247,-19.74545288389137,-1.598549487927908
681,681,22,Sokhda,0.25744719203077254,2.996246515845602,310367.70536597533,2481383.9494572934,1968,1.0,0.010324764983782713,-19.861198251348014,1.1637331115516714,0.7384025998902942,1968,1.0,0.012979955277957773,-18.86726803881537,1.0466075729365152,0.9129190177769326,1968,1.0,0.014625798396705213,-18.348804172239475,1.0778210025984793,0.8608088351496048,1968,1.0,0.02037384141378029,-16.909270786325706,0.904136667473186,1.2232967867574467,1968,4,measured,False,,-19.861198251348014,-18.86726803881537,-18.348804172239475,-16.909270786325706,0.021918754769688967,0.02399222309856282,0.07645617019481868,-0.07286069319476951,2.951927465022308,3,-18.496635312182143,-18.228893810484912,-1.5123940791085388
682,682,22,Sokhda,0.17650613322854042,2.621000847545978,310308.1947816661,2481366.00352245,1351,1.0,0.007439714753257523,-21.284437154569538,1.0538585602928594,0.9003997067053073,1351,1.0,0.014807196710571562,-18.295271540626143,0.9891267215292692,1.0221064544206149,1351,1.0,0.011903587179403985,-19.243221430226317,0.9458569366272532,1.117761363286621,1351,1.0,0.014336165263197469,-18.435670012309853,1.0070428104523284,0.9860617975040046,1351,4,measured,False,,-21.284437154569538,-18.295271540626143,-19.243221430226317,-18.435670012309853,0.029582836584684365,0.013459190298607737,0.22993581645718428,-1.233664306426757,2.9891656139433955,1,-19.31465003443296,-18.904749247897097,-2.041215724343221
683,683,22,Sokhda,0.22364318767758087,2.936634992900777,310268.47962048266,2481346.777393996,1712,1.0,0.009277825016569525,-20.325538227048337,1.0455447227183452,0.9147760198433468,1712,1.0,0.014215378043323339,-18.472415862059627,1.1024362548120006,0.822797618324918,1712,1.0,0.008119299188245341,-20.90481454972221,1.1088985421377704,0.8132355869474387,1712,1.0,0.00915559196528299,-20.38313570647422,1.0881858103689503,0.8444887782332293,1712,4,measured,False,,-20.325538227048337,-18.472415862059627,-20.90481454972221,-20.38313570647422,-0.008395309024259036,0.008694647387466503,0.14254787422990078,1.1009551659218637,2.432398687662584,1,-20.021476086326096,-20.1037803162402,0.5792763226738735
684,684,22,Sokhda,0.13659793344438076,2.039101673680106,310199.53548965446,2481197.6280105016,1049,1.0,0.0097094212914756,-20.128066544801115,1.040215733715865,0.9241727593594748,1049,1.0,0.013312702039441609,-18.757337881224423,0.9340204239347166,1.1462708654481606,1049,1.0,0.010686833278994924,-19.71150965810951,1.0139635838732513,0.9726470736605346,1049,1.0,0.011527916159242015,-19.38249190739431,1.012719624111841,0.975038015625856,1049,4,measured,False,,-20.128066544801115,-18.757337881224423,-19.71150965810951,-19.38249190739431,0.006037056328863847,0.005483629178586647,0.1054406664289763,-0.08753913597640661,1.370728663576692,1,-19.49485149788234,-19.400797727407987,-0.4165568866916054
685,685,22,Sokhda,0.24632888219087617,2.663243236129695,310226.10712428956,2481209.255056111,1918,1.0,0.008875925078464813,-20.51786372297018,2.0095276868409386,0.24763499147135506,1918,1.0,0.011128445353604242,-19.535655024676096,1.1971620786307762,0.6977407644154648,1918,1.0,0.007134948371251703,-21.46609165108776,1.1893245514515336,0.7069671456103148,1918,1.0,0.013244423799021108,-18.77966931013327,1.176294805490845,0.7227159535548225,1918,4,measured,False,,-20.51786372297018,-19.535655024676096,-21.46609165108776,-18.77966931013327,-0.01374243374083447,0.044773705682574834,0.07555451525339106,3.6346502690720683,2.68642234095449,3,-20.074819927216826,-20.277283779982326,0.9482279281175785
686,686,22,Sokhda,0.20912928438913078,2.5824834789209317,310173.7455428359,2481201.275403165,1596,1.0,0.0089400794313588,-20.486586225410434,1.0238543399285487,0.9539456873326123,1596,1.0,0.011602268636968182,-19.35457083170934,0.9709353071088669,1.0607655621160847,1596,1.0,0.00640891149992525,-21.932157255074426,1.0697264247229699,0.8738855374603322,1596,1.0,0.009027462033573602,-20.444343293917647,1.0476501340071571,0.9111029530002362,1596,4,measured,False,,-20.486586225410434,-19.35457083170934,-21.932157255074426,-20.444343293917647,-0.020950304777739005,0.02479689935261297,0.08707810720777659,2.9333849908207696,2.577586423365087,1,-20.554414401527964,-20.823960649387487,1.4455710296639914
687,687,22,Sokhda,0.21092505829203873,2.718538790783945,310143.2843804777,2481195.439578748,1611,1.0,0.011178001055587278,-19.51635853707794,0.9694834690671784,1.0639450138434599,1611,1.0,0.014223463458762513,-18.469946386357893,0.9951164868958429,1.0098390410313534,1611,1.0,0.007648382794085609,-21.16430384173535,1.1244220325394483,0.7909359328901071,1611,1.0,0.011874664577362496,-19.253786490090285,1.003354030496192,0.9933255372746057,1611,4,measured,False,,-19.51635853707794,-18.469946386357893,-21.16430384173535,-19.253786490090285,-0.02388326528488998,0.031841955860751094,0.08049324236308063,3.558462656302474,2.6943574553774567,1,-19.60109881381537,-19.91637750654041,1.6479453046574086
688,688,22,Sokhda,1.0836690567192622,4.0,311094.8840131649,2481500.6430319087,9229,1.0,0.006135044215831152,-22.121823029251946,1.0575578199525526,0.8941116593166129,9229,1.0,0.01260438648243959,-18.99478288724194,0.9937760459954649,1.0125650927831278,9229,1.0,0.006332241693714217,-21.984425170182803,1.0191625036820138,0.9627491102952025,9229,1.0,0.007683393402017257,-21.144469296713076,0.9831634702855134,1.0345429661989605,9229,4,measured,False,,-22.121823029251946,-18.99478288724194,-21.984425170182803,-21.144469296713076,0.001991273319842651,0.013999264557828775,0.2405415493853851,0.7025580144005836,3.1270401420100065,1,-21.06137509584744,-20.996454248619994,-0.13739785906914292
689,689,22,Sokhda,0.7231682935968973,4.0,311178.23226649285,2481531.4721341953,5894,1.0,0.007781438982562984,-21.08940083678771,1.0132432397383588,0.9740305315317641,5894,1.0,0.02493885976169603,-16.03123406933013,0.9016699283728872,1.2299991986920282,5894,1.0,0.005049383714772139,-22.96761624971751,1.0491129991830745,0.9085638717927108,5894,1.0,0.01132715276701498,-19.458792422082077,0.949118870011849,1.1100915174455956,5894,4,measured,False,,-21.08940083678771,-16.03123406933013,-22.96761624971751,-19.458792422082077,-0.027220513230866637,0.058480397127257194,0.3890897513428909,5.38703924056523,6.93638218038738,1,-19.88676089447936,-20.201892992070444,1.8782154129297979
690,690,22,Sokhda,0.780443870245479,4.0,311155.99562155403,2481619.996254034,6468,1.0,0.008450048847815524,-20.731407804851692,1.0426147596845987,0.9199246635578697,6468,1.0,0.02519370798134121,-15.987079088288223,0.9201598798513608,1.1810639481164524,6468,1.0,0.006654341765434738,-21.768948976314938,1.0857887926392498,0.8482215280796528,6468,1.0,0.012345998863721992,-19.084737673396926,1.0159026491862895,0.9689376114129553,6468,4,measured,False,,-20.731407804851692,-15.987079088288223,-21.768948976314938,-19.084737673396926,-0.015036828571931105,0.044736855048633534,0.3649483628125746,3.7217524743812582,5.781869888026716,1,-19.393043385712943,-19.546120543454677,1.0375411714632463
691,691,22,Sokhda,1.6789870870146901,4.0,311038.9918967266,2481594.115001376,14774,1.0,0.008057537943830434,-20.937976406704365,1.0400354856880345,0.9244931229519053,14774,1.0,0.017466320819782697,-17.57798567022977,0.9148500215664782,1.1948137028045522,14774,1.0,0.006186586019688535,-22.085489441675094,1.0826407497013768,0.8531615231369191,14774,1.0,0.007258695537366621,-21.3914141949623,1.206122099896797,0.68741253885057,14774,4,measured,False,,-20.937976406704365,-17.57798567022977,-22.085489441675094,-21.3914141949623,-0.01663062369522795,0.011567920778546537,0.2584608258826613,1.8415882816835207,4.507503771445325,1,-20.49821642839288,-20.660760974670772,1.1475130349707285
692,692,22,Sokhda,0.18019731501326897,2.5667618367366316,310948.4187633886,2481527.9499470466,1382,1.0,0.007829834822546343,-21.06247399680667,1.0602860867643165,0.8895162265046253,1382,1.0,0.015473666378597763,-18.10406771023461,0.9989036674807691,1.0021962761515983,1382,1.0,0.006088397401905298,-22.15497008040733,1.0680432275067886,0.8766421314361387,1382,1.0,0.006443866865837875,-21.908534409451303,1.1171921734067105,0.8012060700335291,1382,4,measured,False,,-21.06247399680667,-18.10406771023461,-22.15497008040733,-21.908534409451303,-0.015833276573922625,0.004107261182600475,0.22756971435169696,1.3389317545566897,4.050902370172722,1,-20.807511549224976,-20.95923034053877,1.0924960836006612
693,693,22,Sokhda,0.16981618494807044,2.6131436748568877,310931.13731277484,2481559.6297012907,1299,1.0,0.010351008450857378,-19.8501733684402,0.9633906074514127,1.077445184037445,1299,1.0,0.012710448092634996,-18.95839138609765,1.0156910402457051,0.9693413901446575,1299,1.0,0.009121881550251319,-20.399155714730924,1.0256012405648816,0.950698754633054,1299,1.0,0.010190093209823123,-19.918218434394323,1.035522512182438,0.9325688615439177,1299,4,measured,False,,-19.8501733684402,-18.95839138609765,-20.399155714730924,-19.918218434394323,-0.007956265888271372,0.00801562133894335,0.06859861402635002,1.0299196266273256,1.440764328633275,1,-19.781484725915774,-19.87432724187173,0.5489823462907246
694,694,22,Sokhda,1.3909911128723063,4.0,311008.0104200748,2481699.270633136,12081,1.0,0.022409331238653202,-16.495711039154685,0.9434937393880325,1.1233677569869298,12081,1.0,0.0271264937004708,-15.66606338378013,0.9364173120418972,1.1404103015936387,12081,1.0,0.02511211030369807,-16.00116789686869,0.9740848955309377,1.0539169319311388,12081,1.0,0.025183664925767547,-15.98881067666736,1.0144201230106913,0.9717717922590067,12081,4,measured,False,,-16.495711039154685,-15.66606338378013,-16.00116789686869,-15.98881067666736,0.007167291917188329,0.00020595367002217794,0.06381905041342725,-0.48218592208466404,0.8296476553745542,1,-16.037938249117715,-15.933591990800968,-0.4945431422859947
695,695,22,Sokhda,0.12471189468945376,2.0478619485430785,311124.4059664554,2481690.452201389,951,1.0,0.008927255482333458,-20.49282036304892,1.059288692502626,0.891192098372016,951,1.0,0.011239739453137144,-19.492437559712556,1.037634564546033,0.9287763322849709,951,1.0,0.00896831705418504,-20.472890466609584,1.063436592823006,0.8842535242676159,951,1.0,0.009548485649349925,-20.200655002780806,1.0129873592551275,0.9745226736680487,951,4,measured,False,,-20.49282036304892,-19.492437559712556,-20.472890466609584,-20.200655002780806,0.00028883907883096236,0.004537257730479638,0.07695252333356652,0.2523055673894419,1.0003828033363646,1,-20.164700848037967,-20.148369963695206,-0.019929896439336403
696,696,22,Sokhda,0.142919753984781,2.2301462936127443,311148.1941404381,2481699.5218716664,1091,1.0,0.008708552882615584,-20.60054006566309,1.0945126911587713,0.8347537843837595,1091,1.0,0.015220875554220978,-18.17560364817088,0.9989176192527603,1.002168281217841,1091,1.0,0.010801057287036401,-19.665337304897818,0.9962944694954209,1.007452458346935,1091,1.0,0.01615105507378784,-17.91799101954719,0.9736965515532824,1.0547577768757015,1091,4,measured,False,,-20.60054006566309,-18.17560364817088,-19.665337304897818,-17.91799101954719,0.013553663199496689,0.029122438089177118,0.18653357057632375,0.8121435245853554,2.6825490461158985,3,-19.089868009569745,-18.907683182629412,-0.9352027607652715
697,697,22,Sokhda,0.12310973090836778,1.9741842690927378,311172.3529271522,2481704.2762006638,939,1.0,0.009414123079240468,-20.262201280725943,1.0659465271676642,0.8800942062280811,939,1.0,0.012942952309328843,-18.879666490609424,1.1003853110918216,0.8258676052072794,939,1.0,0.010419207189411151,-19.821653257930407,1.0288659112945924,0.9446750460150114,939,1.0,0.011713602898073563,-19.31309503041423,1.0039604538788303,0.9921259005694614,939,4,measured,False,,-20.262201280725943,-18.879666490609424,-19.821653257930407,-19.31309503041423,0.006384753953558491,0.008475970458602926,0.10634883000896303,0.06801020472063968,1.3825347901165195,1,-19.569154014920002,-19.473655365295613,-0.44054802279553584
698,698,22,Sokhda,0.15176685359412803,2.3148965316465517,311098.9518167215,2481683.217181365,1160,1.0,0.015436174977664984,-18.114603071022184,0.9377499055821273,1.137171434596062,1160,1.0,0.01515133676974795,-18.195490486063004,1.0114262524700228,0.9775332896602232,1160,1.0,0.010899958503481183,-19.625751554303346,0.9807226451697096,1.0396989208480458,1160,1.0,0.009803986224049618,-20.085973076630683,0.9613097247293617,1.082114779285174,1160,4,measured,False,,-18.114603071022184,-18.195490486063004,-19.625751554303346,-20.085973076630683,-0.021900702656248713,-0.007670358705455627,-0.006222108849293853,1.0509269609538237,1.9713700056084988,0,-19.005454547004803,-19.274124993638235,1.4302610682403412
699,699,22,Sokhda,0.25220321773812177,3.074584415784239,311082.6237890793,2481737.5748044257,1932,1.0,0.009959312758252152,-20.017706290056566,1.01112107929771,0.978123450343576,1932,1.0,0.015831630748010108,-18.004743480318123,0.9732129766776335,1.055806223808048,1932,1.0,0.006903252601697575,-21.609462347507304,1.0778244254022193,0.860803367886194,1932,1.0,0.008622098050496567,-20.643870426573244,1.0634705893153005,0.8841969904284477,1932,4,measured,False,,-20.017706290056566,-18.004743480318123,-21.609462347507304,-20.643870426573244,-0.02306892836885127,0.016093198682234324,0.15484329305680333,2.557347978384797,3.604718867189181,1,-20.06894563611381,-20.340648603945457,1.5917560574507377
700,700,22,Sokhda,0.2239086471284041,2.81997412367517,311118.1676835491,2481749.9419443705,1712,1.0,0.009973666770656139,-20.011451460517673,0.9735159980337326,1.0551490552713467,1712,1.0,0.013448882457392144,-18.713138021115537,0.9713423347019648,1.0598767500537345,1712,1.0,0.005557506000115533,-22.551200597462618,0.9877641823596665,1.0249282222764702,1712,1.0,0.007701683009883633,-21.1341436027722,0.9741963558848034,1.0536757829400836,1712,4,measured,False,,-20.011451460517673,-18.713138021115537,-22.551200597462618,-21.1341436027722,-0.036807958506448475,0.02361761657817366,0.0998702645693951,3.956806131635364,3.838062576347081,1,-20.602483420467006,-21.067222007425183,2.5397491369449448
701,701,22,Sokhda,0.22604264380144887,2.808798100613641,311150.1970396431,2481762.7502130596,1727,1.0,0.008480336379124114,-20.715869207739406,0.9914362008404954,1.017350153689172,1727,1.0,0.013315567441826532,-18.75640321406561,1.0378441748408016,0.9284012057950325,1727,1.0,0.006524369205926032,-21.854614707526324,1.0724605904432876,0.8694353932575838,1727,1.0,0.008028524428080521,-20.95364266879273,0.9884382833540245,1.0235307257374833,1727,4,measured,False,,-20.715869207739406,-18.75640321406561,-21.854614707526324,-20.95364266879273,-0.016503557967926345,0.015016200645559863,0.15072815335952272,2.0397175385205095,3.0982114934607132,1,-20.570132449531016,-20.759116231285876,1.1387454997869177
702,702,22,Sokhda,0.2801620640822686,3.3078827723288664,311116.67271158565,2481815.8348869416,2146,1.0,0.00874914087661724,-20.580345905048564,1.0312740122394433,0.9402684249892147,2146,1.0,0.013168708987484701,-18.8045679960876,1.0315166560550673,0.9398261180558376,2146,1.0,0.006222216874389016,-22.060548556977505,1.0683042615381655,0.876213778801385,2146,1.0,0.012321213215565872,-19.093465270024083,0.9845873375364841,1.0315529080060177,2146,4,measured,False,,-20.580345905048564,-18.8045679960876,-22.060548556977505,-19.093465270024083,-0.02145221234679625,0.04945138811589036,0.13659830068930498,4.447285938882363,3.255980560889906,1,-20.134731932034438,-20.425159834521363,1.4802026519289413
703,703,22,Sokhda,0.342858684944734,3.667611222307525,311068.23989844834,2481796.8091711863,2623,1.0,0.01322247616705667,-18.78687207105356,1.1176166803353607,0.8005975377161874,2623,1.0,0.014800267228544146,-18.297304430621782,0.9544747576314926,1.097668257073408,2623,1.0,0.011964007777836504,-19.22123313304513,1.0826519393203131,0.8531438877313844,2623,1.0,0.014757490652486674,-18.309874831922997,0.9562183865648621,1.093668791737221,2623,4,measured,False,,-18.78687207105356,-18.297304430621782,-19.22123313304513,-18.309874831922997,-0.0062950878549502915,0.015189305018702193,0.03765904926398278,1.3457193631137017,0.9239287024233462,1,-18.65382111666087,-18.740305720872925,0.4343610619915701
704,704,22,Sokhda,1.8944393029428088,4.0,310946.0807876573,2481804.677852902,16688,1.0,0.009495305967481212,-20.224910364195587,1.0649626195153514,0.881721176829323,16688,1.0,0.01482200054401014,-18.290931751293925,1.0604809768670633,0.889189314503151,16688,1.0,0.005759004296288556,-22.396525974809087,1.0988911197047397,0.8281150402708315,16688,1.0,0.007987054564103884,-20.976133486452447,1.0633541716606272,0.8843906075269498,16688,4,measured,False,,-20.224910364195587,-18.290931751293925,-22.396525974809087,-20.976133486452447,-0.03147269000889131,0.023673208139277334,0.14876758560782014,3.5920080989701404,4.105594223515162,1,-20.472125394187763,-20.85877189084816,2.1716156106135003
705,705,22,Sokhda,0.22291814176829067,2.9670636514465785,310912.4704581538,2481702.241947565,1706,1.0,0.015346900675487881,-18.13979317609544,0.9692500418180339,1.0644575413708837,1706,1.0,0.014057072177420537,-18.52105125233666,0.9466471726574359,1.1158959869307086,1706,1.0,0.017788805042379372,-17.498532245372648,0.9354298623032873,1.1428192309213696,1706,1.0,0.01973151601680603,-17.04839545642913,0.9461914916631265,1.116971065371111,1706,4,measured,False,,-18.13979317609544,-18.52105125233666,-17.498532245372648,-17.04839545642913,0.00929363667714194,0.007502279815725288,-0.029327544326247717,-0.1911241417792766,1.4726557959075315,3,-17.80194303255847,-17.69962525406762,-1.0225190069640142
706,706,22,Sokhda,0.24530213842038065,2.0009733616831746,310935.56048190955,2481655.7667402267,2041,1.0,0.011413657151031065,-19.425751771394033,1.0103540617534146,0.979609112943523,2041,1.0,0.012707526190494986,-18.9593898653372,0.9763558146183499,1.049019994426756,2041,1.0,0.0080291511767472,-20.953303649006415,1.0283859934385466,0.9455569565274137,2041,1.0,0.007663842907987591,-21.15553405924992,1.0022405582491924,0.9955338989397711,2041,4,measured,False,,-19.425751771394033,-18.9593898653372,-20.953303649006415,-21.15553405924992,-0.022138433008875098,-0.003370506837391751,0.03587399277360248,1.3253214673688767,2.196144193912719,1,-20.12349483624689,-20.390108296806694,1.5275518776123818
707,707,22,Sokhda,1.4115818472583779,4.0,311239.1768689199,2481782.941527701,12279,1.0,0.007247792242278362,-21.397942641895852,1.0610613461970584,0.8882168597544787,12279,1.0,0.013364385102642217,-18.74051018401851,0.9874326593660917,1.0256165614957962,12279,1.0,0.009605186011142266,-20.174942203045845,1.0041104734007593,0.9918294647914864,12279,1.0,0.010243834366540394,-19.89537452292545,1.0092391555310245,0.9817746562654638,12279,4,measured,False,,-21.397942641895852,-18.74051018401851,-20.174942203045845,-19.89537452292545,0.01772464404130446,0.004659461335339898,0.2044178813751801,-0.9434327587296139,2.6574324578773414,1,-20.052192387971417,-19.787923348723908,-1.2230004388500078
708,708,22,Sokhda,0.9871610624684719,4.0,311413.4331270837,2482158.6297542113,8217,1.0,0.006483157624828751,-21.88213419279226,1.0451694151133342,0.9154331076486517,8217,1.0,0.02031808376250731,-16.921172536032554,0.879757846500978,1.2920332852630296,8217,1.0,0.006609883607089138,-21.798061879037654,1.0510052183917469,0.9052952783291142,8217,1.0,0.015835911028650042,-18.003569469220356,0.9320780759516761,1.1510532475391604,8217,4,measured,False,,-21.88213419279226,-16.921172536032554,-21.798061879037654,-18.003569469220356,0.0012184393297769145,0.06324154016362164,0.3816124351353621,3.710420096062691,4.960961656759707,1,-19.651234519270705,-19.615573626411372,-0.08407231375460711
709,709,22,Sokhda,0.848101697826758,4.0,311511.5044357773,2482139.713735617,7066,1.0,0.008540673110051834,-20.68507900217154,1.0734576067679291,0.8678210980712113,7066,1.0,0.011640981066123726,-19.340104171389303,1.0897983635574378,0.8419914803556003,7066,1.0,0.006884098563085082,-21.62152920288473,1.099951111214835,0.8265197476252494,7066,1.0,0.00923422656104239,-20.345994742722645,1.023215332405631,0.9551375553491878,7066,4,measured,False,,-20.68507900217154,-19.340104171389303,-21.62152920288473,-20.345994742722645,-0.013571742039321578,0.02125890766936808,0.10345960236786447,2.211984660875274,2.281425031495427,1,-20.498176779792054,-20.667559251752245,0.936450200713189
710,710,22,Sokhda,0.3834866554125212,3.242614316751095,311479.5226588846,2482236.2139912723,2919,1.0,0.020218785733943943,-16.94244930094311,0.9434224355776443,1.1235375715376792,2919,1.0,0.02586255928443581,-15.873285007970132,0.946048276382479,1.1173092710139592,2919,1.0,0.019899881543252642,-17.011495087794813,0.965025007801744,1.0737986763389553,2919,1.0,0.008109664031159803,-20.909971374578614,1.1449844465400971,0.7627826839069585,2919,4,measured,False,,-16.94244930094311,-15.873285007970132,-17.011495087794813,-20.909971374578614,-0.001000663577560912,-0.06497460477973001,0.08224340715176755,-3.829430499932098,5.036686366608482,1,-17.684300192821667,-17.61023340744618,0.06904578685170293
711,711,22,Sokhda,0.24352241285210474,3.0156296323797265,311340.07647883956,2482209.3566363663,1862,1.0,0.012501002018516852,-19.030551746982166,0.9797127578996492,1.0418434675125055,1862,1.0,0.012790995987461869,-18.930956373026056,1.0030925091910488,0.9938435546105695,1862,1.0,0.011869327687837158,-19.25573880011846,0.9573505872748407,1.0910834893502592,1862,1.0,0.015953665725257908,-17.971395118959727,0.9429904173182818,1.1245672743304127,1862,4,measured,False,,-19.030551746982166,-18.930956373026056,-19.25573880011846,-17.971395118959727,-0.003263580480236165,0.02140572801931224,0.007661182612008424,1.50953073429503,1.2843436811587345,3,-18.7971605097716,-18.85884717209648,0.2251870531362954
712,712,22,Sokhda,0.19019348560106009,2.6712187476953386,311272.6719641154,2482252.1902657105,1453,1.0,0.007365040327344003,-21.328248708315307,1.0232502282957898,0.9550724103710314,1453,1.0,0.014915964172709866,-18.26348668459905,0.93030826782339,1.1554369151547392,1453,1.0,0.008594632644881112,-20.65772681363264,1.0480566670336504,0.9103962705922872,1453,1.0,0.011255577334509248,-19.48632223741114,1.0225818248553586,0.9563213711948462,1453,4,measured,False,,-21.328248708315307,-18.26348668459905,-20.65772681363264,-19.48632223741114,0.009717708618589395,0.019523409603691633,0.23575092490125044,0.5008826815388296,3.0647620237162556,1,-19.933946110989535,-19.778773097176312,-0.6705218946826683
713,713,22,Sokhda,0.18955805701632053,2.56309384710195,311263.4624761723,2482284.9719154374,1449,1.0,0.015217407439185043,-18.17659331189768,0.8994835957052116,1.2359858685616454,1449,1.0,0.017892251517100638,-17.47335005440072,0.9421219874364128,1.1266414387111636,1449,1.0,0.014628889710053331,-18.34788634304983,0.9477542462189199,1.1132905490228127,1449,1.0,0.012967544200098368,-18.871422630316125,0.9158217480167874,1.1922795499999994,1449,4,measured,False,,-18.17659331189768,-17.47335005440072,-18.34788634304983,-18.871422630316125,-0.0024825076978572417,-0.008725604787771601,0.054095635192073936,-0.3522432561141464,1.398072575915407,1,-18.21731308491609,-18.227120311709562,0.17129303115214967
714,714,22,Sokhda,0.15534374625820202,2.379444676639868,311277.6623415606,2482219.4816298834,1189,1.0,0.0068355418117592315,-21.6522705585382,1.053005256455379,0.9018595775321594,1189,1.0,0.015808293893031053,-18.01114998684129,0.9133803166959942,1.1986619055304681,1189,1.0,0.006005691611744203,-22.214369722962715,1.066494052445384,0.8791907785353456,1189,1.0,0.009475269821673231,-20.234084140358473,0.9779592009834712,1.0455830299229205,1189,4,measured,False,,-21.6522705585382,-18.01114998684129,-22.214369722962715,-20.234084140358473,-0.008146364701804588,0.033004759710070705,0.28008619782283917,2.542384747028759,4.203219736121426,1,-20.527968602175168,-20.601398459838098,0.5620991644245166
715,715,22,Sokhda,0.1700582679177169,2.5364343722309104,311284.7322090298,2482189.118208996,1298,1.0,0.008974804341423679,-20.46975010645607,1.0364059831926913,0.9309796264234462,1298,1.0,0.017256283308503737,-17.630527377299302,0.9139868863938585,1.1970714434809113,1298,1.0,0.015435023640900864,-18.114927009985408,1.006961989437881,0.986220090893125,1298,1.0,0.010033475134381877,-19.985486212875067,0.9805660523041754,1.0400310197065894,1298,4,measured,False,,-20.46975010645607,-17.630527377299302,-18.114927009985408,-19.985486212875067,0.0341278709633429,-0.031175986714827648,0.21840174839667434,-4.225382299360319,2.8392227291567664,1,-19.05017267665396,-18.53904591607904,-2.3548230964706605
716,716,22,Sokhda,0.19369653495326639,2.6238276378230174,311223.6702755066,2482208.5088727837,1480,1.0,0.008399500100332826,-20.75746560381849,0.9559484898504317,1.0942864385791382,1480,1.0,0.010224900718202588,-19.903409002151047,1.049597810993786,0.9077247298637852,1480,1.0,0.007759393534625643,-21.101722213781777,1.0266001610321904,0.9488495236533179,1480,1.0,0.009332314306400165,-20.300106428705107,1.1035947969315678,0.8210709966595313,1480,4,measured,False,,-20.75746560381849,-19.903409002151047,-21.101722213781777,-20.300106428705107,-0.004989226231352006,0.013360263084611171,0.06569666166672625,1.1458723950399587,1.1983132116307296,1,-20.515675812114104,-20.577474560151376,0.34425660996328844
717,717,22,Sokhda,0.46452814996484665,2.903161919940336,311166.9405050472,2482241.926407405,3522,1.0,0.009496791196659528,-20.224231106047057,1.4529488250801013,0.4736956142567119,3522,1.0,0.015719685576471836,-18.035561449231317,0.9270007358418816,1.1636968057926769,3522,1.0,0.00914054501575687,-20.39027908174381,1.0610216910427335,0.8882832543157855,3522,1.0,0.011659122789952469,-19.333341238320976,1.0324717848278855,0.9380880758654185,3522,4,measured,False,,-20.224231106047057,-18.035561449231317,-20.39027908174381,-19.333341238320976,-0.002406492401402211,0.01761563072371389,0.16835920437044158,1.222985819119586,2.354717632512493,1,-19.49585321883579,-19.506362760298884,0.16604797569675256
718,718,22,Sokhda,0.204170441244822,2.742639552343696,311115.75782562065,2482281.000046597,1565,1.0,0.010857179917040568,-19.642829653101597,1.0410218237205366,0.9227420919448277,1565,1.0,0.013587344873400135,-18.668654012137193,1.0846776344477975,0.8499602770464626,1565,1.0,0.007989875266633254,-20.974600005903554,0.9498632164036148,1.1083523852311337,1565,1.0,0.009629075560187978,-20.164154053345108,1.070350515231493,0.8728667596619131,1565,4,measured,False,,-19.642829653101597,-18.668654012137193,-20.974600005903554,-20.164154053345108,-0.019301019605825465,0.013507432542640767,0.07493658776649262,2.142216305360403,2.305945993766361,1,-19.862559431121863,-20.102313008578705,1.331770352801957
719,719,22,Sokhda,0.5814242488531396,4.0,311287.86993712455,2482467.788239348,4645,1.0,0.019442719700651628,-17.112429848639486,0.9334602842351972,1.147646959262501,4645,1.0,0.024403611343155274,-16.125459002862357,1.020036181606383,0.9611005953944669,4645,1.0,0.01593761945541045,-17.975765470921708,1.0268209084657451,0.9484415974397721,4645,1.0,0.0073821388489929175,-21.318177905160944,1.0165888741851419,0.9676299347064645,4645,4,measured,False,,-17.112429848639486,-16.125459002862357,-17.975765470921708,-21.318177905160944,-0.012512110467858283,-0.05570687390398727,0.07592083429054843,-2.4790768119570146,5.192718902298587,1,-18.132958056896122,-18.214719876613916,0.8633356222822215
720,720,22,Sokhda,0.22701881823483855,2.2732506704654027,311313.2498299715,2482375.280032756,211,1.0,0.020122987963021286,-16.963075325869724,0.9330482009791269,1.1486609058728456,211,1.0,0.01777417033420607,-17.50210662197944,0.965227464595331,1.073348264295562,211,1.0,0.01850790660062135,-17.32642700815598,0.9159097696222847,1.1920503979135226,211,1.0,0.006746588044747312,-21.709158076089196,0.9281910433115441,1.1607140818131927,211,4,measured,False,,-16.963075325869724,-17.50210662197944,-17.32642700815598,-21.709158076089196,-0.00526596640994576,-0.0730455177988869,-0.04146394585459353,-4.019379385646957,4.746082750219472,0,-18.375191758023583,-18.374342456063307,-0.17567961382345842
721,721,22,Sokhda,0.4610461902529001,3.887649324184091,311300.09053017345,2482379.601549752,3516,1.0,0.018399617804464266,-17.351911980304678,0.934996544517516,1.1438787399666648,3516,1.0,0.022678875077745096,-16.443784912096508,0.9433302456214929,1.12375718485173,3516,1.0,0.01675378542868523,-17.758870510122012,1.0529272690227576,0.9019931790064845,3516,1.0,0.00697946053168741,-21.561781443060056,0.9510957409828348,1.1054816197495443,3516,4,measured,False,,-17.351911980304678,-16.443784912096508,-17.758870510122012,-21.561781443060056,-0.0058979497074976,-0.06338184888230074,0.0698559283237054,-3.3959524031207096,5.1179965309635485,1,-18.27908721139581,-18.271053800140994,0.4069585298173344
722,722,22,Sokhda,1.1017437941644341,4.0,311351.10654853244,2482427.3196557206,9045,1.0,0.01811565015801678,-17.419460748244685,0.931772606193937,1.1518080874863303,9045,1.0,0.02432064678886666,-16.140248795185215,0.9348580480149375,1.1442176896931273,9045,1.0,0.022796822679408947,-16.42125678831,0.997986762410638,1.004038667277455,9045,1.0,0.009762453749982454,-20.104410105973564,0.9915659878550908,1.0170838472617272,9045,4,measured,False,,-17.419460748244685,-16.140248795185215,-16.42125678831,-20.104410105973564,0.014466724057024417,-0.061385888627726065,0.09840091946611305,-4.681357277598249,3.9641613107883487,1,-17.52134410942837,-17.252947869757115,-0.9982039599346848
723,723,22,Sokhda,1.1546943999087786,4.0,311406.94756917475,2482438.7631063885,9562,1.0,0.018776770188853736,-17.26379109076856,0.9273545535375698,1.162808994383536,9562,1.0,0.025730316506067993,-15.895548715435053,0.8977638704198063,1.240725627069277,9562,1.0,0.021926830147804485,-16.590241475664268,0.9767295586900262,1.0482173362314295,9562,1.0,0.014212074073378246,-18.47342537632499,1.1200380551442153,0.7971397065119957,9562,4,measured,False,,-17.26379109076856,-15.895548715435053,-16.590241475664268,-18.47342537632499,0.009761588624699889,-0.03138639834434536,0.10524941348719284,-2.556733515765014,2.5778766608899364,1,-17.055751664548218,-16.876339842254122,-0.6735496151042923
724,724,22,Sokhda,0.7672931522853672,4.0,311457.49140047363,2482438.585704973,5948,1.0,0.01881931357587178,-17.253962212726176,0.9222695876850294,1.1756667193818167,5948,1.0,0.023129125993569342,-16.358407780958583,0.9456407430070422,1.1182725098313233,5948,1.0,0.014588118535658886,-18.360007164870325,1.12472644344984,0.7905078520065063,5948,1.0,0.009189023332061324,-20.367306457452177,1.0727403509414468,0.8689819713983153,5948,4,measured,False,,-17.253962212726176,-16.358407780958583,-18.360007164870325,-20.367306457452177,-0.016029636987596362,-0.03345498820969753,0.068888802443661,-0.9012543404377027,4.008898676493594,1,-18.084920904001816,-18.2357785435026,1.106044952144149
725,725,22,Sokhda,1.1111074364819564,4.0,311163.4146545093,2482497.649364615,9241,1.0,0.0066453849120779096,-21.77479858912353,1.068624858860578,0.8756881132210821,9241,1.0,0.02019801655051105,-16.946912762693014,0.9089021618874187,1.2105026015769338,9241,1.0,0.006660215936371464,-21.76511689980706,1.0672291409068473,0.8779800536819045,9241,1.0,0.010844231406358141,-19.64801223530492,1.0077893891682377,0.9846013731791097,9241,4,measured,False,,-21.77479858912353,-16.946912762693014,-21.76511689980706,-19.64801223530492,0.00014031433791984477,0.03528507774170239,0.3713758328023475,2.107422975185674,4.827885826430517,1,-20.03371012173213,-19.9846653363579,-0.009681689316469289
726,726,22,Sokhda,0.3541569000230171,3.632436505797247,311180.8922027401,2482549.410813775,2708,1.0,0.009409721299967791,-20.26423239450378,1.0102463267898096,0.9798180595672231,2708,1.0,0.01363525565985896,-18.65336714662207,1.0944308774466909,0.8348785923727098,2708,1.0,0.008856983371719725,-20.527141706747077,1.091911190719464,0.8387361582441383,2708,1.0,0.008792485238220193,-20.55888352151184,1.247867007633631,0.6421897875479041,2708,4,measured,False,,-20.26423239450378,-18.65336714662207,-20.527141706747077,-20.55888352151184,-0.0038102798875840347,-0.0005290302460794057,0.12391271137551604,0.23116749747853405,1.9055163748897712,1,-20.000906192346193,-20.02015040123583,0.2629093122432984
727,727,22,Sokhda,1.231337823040504,4.0,311055.1972069587,2482500.6859078333,10508,1.0,0.006423368847115491,-21.92237138912629,1.0558083341826783,0.8970772195449197,10508,1.0,0.01791791212521127,-17.467125976497314,0.935478455046786,1.142700508188311,10508,1.0,0.006069712183413872,-22.168319020250216,1.0603915315427597,0.8893393292451119,10508,1.0,0.027227234736535523,-15.649964644127595,0.9228376924231386,1.1742196691434117,10508,4,measured,False,,-21.92237138912629,-17.467125976497314,-22.168319020250216,-15.649964644127595,-0.0035644584220858797,0.10863923960204369,0.3427111855868443,6.764302007246547,6.5183543761226215,3,-19.301945257500353,-19.382734129587742,0.2459476311239257
728,728,22,Sokhda,0.9029777545860037,4.0,310926.1506575733,2482564.1007672027,7569,1.0,0.00684356507925865,-21.647175984412605,1.0280218010710898,0.946227031081103,7569,1.0,0.014251686368997984,-18.461337435559543,0.9493566051775771,1.1095356151725884,7569,1.0,0.006233848344729061,-22.05243767322006,1.0582362785571202,0.8929655574431646,7569,1.0,0.0069746513959457745,-21.564774942336594,1.042159592412103,0.920728400416932,7569,4,measured,False,,-21.647175984412605,-18.461337435559543,-22.05243767322006,-21.564774942336594,-0.005873357808803669,0.008127712181391071,0.24506450375792793,0.8929244196909174,3.591100237660516,1,-20.931431508882202,-20.95819704451432,0.40526168880745317
729,729,22,Sokhda,1.0388574481235817,4.0,310955.48245253554,2482473.795762742,8819,1.0,0.011466459911605758,-19.405706429671664,1.1343145225409972,0.7772003997172376,8819,1.0,0.016542419393513478,-17.81400972872222,1.0952489894121378,0.8336318090835036,8819,1.0,0.010665661360638573,-19.72012209471889,1.1359841781596318,0.7749174394455406,8819,1.0,0.007008615240812049,-21.54367781274667,1.0927207212524603,0.8374938810409509,8819,4,measured,False,,-19.405706429671664,-17.81400972872222,-19.72012209471889,-21.54367781274667,-0.004556748768800359,-0.030392595300463003,0.12243820776534192,-1.5091400529805554,3.72966808402445,1,-19.62087901646486,-19.61858793263471,0.31441566504722473
730,730,22,Sokhda,1.4641090342430398,4.0,311003.2238565725,2482355.5441989275,12605,1.0,0.01810642910401948,-17.421671915044854,0.9638878711364227,1.0763337764197336,12605,1.0,0.022474229797918327,-16.483151828092208,0.9451277957019536,1.1194866747967458,12605,1.0,0.01783599966951787,-17.487025443694456,1.054778021328086,0.8988306152134152,12605,1.0,0.00775419848329252,-21.104630866025445,1.0311897777183974,0.9404220461694562,12605,4,measured,False,,-17.421671915044854,-16.483151828092208,-17.487025443694456,-21.104630866025445,-0.0009471525891246712,-0.060293423705516484,0.07219385284251126,-3.5522518936813867,4.621479037933238,1,-18.124120013214238,-18.056558195597013,0.06535352864960231
731,731,22,Sokhda,0.20581498776576482,2.4895336013261273,311096.1481027336,2482110.7660976574,1571,1.0,0.011184968852607469,-19.513652209691877,0.9931010902430639,1.0139419292155234,1571,1.0,0.00943731226159614,-20.25151674786736,0.9921703558955633,1.015845137090869,1571,1.0,0.008419544606932231,-20.747113978168485,0.9859349563015349,1.0287348924865192,1571,1.0,0.010642545392995105,-19.729544887773002,0.9604387015923104,1.0840784119599256,1571,4,measured,False,,-19.513652209691877,-20.25151674786736,-20.747113978168485,-19.729544887773002,-0.01787625751415375,0.016959484839924717,-0.0567588106288833,2.2510308588720918,1.2334617684766087,0,-20.060456955875182,-20.31577538396421,0.4955972303011258
732,732,22,Sokhda,0.27185819295458497,2.857577003509722,311079.2302465379,2482135.975187463,2068,1.0,0.016549932240913376,-17.81203779982381,1.0025896921820536,0.9948406659057348,2068,1.0,0.017187482059759094,-17.647877421406697,1.0100156983059667,0.980265576875148,2068,1.0,0.013633408001940699,-18.653955681248867,1.070300184787748,0.8729488540218047,2068,1.0,0.01540311329936459,-18.123914900672844,0.9465473059333308,1.1161314675132779,2068,4,measured,False,,-17.81203779982381,-17.647877421406697,-18.653955681248867,-18.123914900672844,-0.012201708426450113,0.008834013009600383,0.012627721416700903,1.3719586620010809,1.0060782598421696,1,-18.05944645078805,-18.2192007230233,0.8419178814250579
733,733,22,Sokhda,2.044182789404402,4.0,311429.82724879717,2482651.16950249,17833,1.0,0.01984095529439226,-17.02437421441151,0.9436528659064303,1.1229889258834216,17833,1.0,0.02340903717105676,-16.306164487508923,0.946226260230596,1.1168889818949155,17833,1.0,0.02063239389117245,-16.85450379714159,1.0114488845839826,0.9774895437079959,17833,1.0,0.008779654486022316,-20.565225749556873,1.0391453424587398,0.9260776631047505,17833,4,measured,False,,-17.02437421441151,-16.306164487508923,-16.85450379714159,-20.565225749556873,0.0024618901053611517,-0.06184536587358806,0.05524690206942969,-3.8805923696852034,4.25906126204795,1,-17.687567062154724,-17.579372867702723,-0.16987041726991947
734,734,22,Sokhda,0.1343507531624753,2.241680414206744,311234.07797643973,2482558.2681771903,1028,1.0,0.010877179646935482,-19.634836986228752,0.9402665394048205,1.1310922770465819,1028,1.0,0.015237992011725687,-18.170722584349043,0.8977944918158964,1.240640992772017,1028,1.0,0.015107769854329692,-18.207996396610305,1.0057833967500556,0.9885327813242013,1028,1.0,0.00574535884595175,-22.406828407877608,1.0088866550446878,0.9824608314681724,1028,4,measured,False,,-19.634836986228752,-18.170722584349043,-18.207996396610305,-22.406828407877608,0.020678849124905026,-0.06998053352112171,0.11262418475997758,-5.62567260088575,4.236105823528565,1,-19.605096093766427,-19.24639544814151,-1.4268405896184468
735,735,22,Sokhda,0.15095782865765506,2.3793892422882355,311225.83447721216,2482588.056194142,1153,1.0,0.01244697539232654,-19.04936169050815,1.008984378552009,0.9822705314578328,1153,1.0,0.013821896144518233,-18.594323745729607,1.0361806630565182,0.9313845582486069,1153,1.0,0.014254387858011726,-18.460514283437117,1.0436924894656718,0.9180257932781439,1153,1.0,0.00942216179933777,-20.25849442237858,1.1188759577025487,0.7987964318647125,1153,4,measured,False,,-19.04936169050815,-18.594323745729607,-18.460514283437117,-20.25849442237858,0.008534020392333802,-0.029966335649024362,0.03500291882911865,-2.386827546012494,1.7979801389414618,2,-19.090673535513364,-18.944106056796006,-0.5888474070710323
736,736,22,Sokhda,0.12269285596786067,2.192100636651154,311241.7247272782,2482528.405917842,938,1.0,0.010435599118495596,-19.814826125891834,0.8823871221206175,1.2843449355727223,938,1.0,0.016447891452956574,-17.838897687802426,0.9548691369760637,1.0967617280560173,938,1.0,0.011539403886189651,-19.378166258098606,1.001161128598401,0.9976817812093144,938,1.0,0.014242362150606355,-18.46417975313144,0.916119596970474,1.1915044077818115,938,4,measured,False,,-19.814826125891834,-17.838897687802426,-19.378166258098606,-18.46417975313144,0.006328403881061277,0.015233108416119438,0.15199449523764677,0.4773266371739382,1.975928438089408,1,-18.874017456231073,-18.7759486481484,-0.4366598677932281
737,737,22,Sokhda,0.16673547354917972,2.528090895092258,311264.3042917368,2482634.0512958025,1278,1.0,0.010174636067145878,-19.924811159461804,1.0472825841339841,0.9117425789105507,1278,1.0,0.012177700931317136,-19.144346958648065,1.0517761106651375,0.9039687044071485,1278,1.0,0.010357965137781503,-19.847255550380126,1.0104091969123667,0.9795022068886149,1278,1.0,0.009649358052378666,-20.155015782192287,1.0587271191870118,0.8921377668503305,1278,4,measured,False,,-19.924811159461804,-19.144346958648065,-19.847255550380126,-20.155015782192287,0.0011239943345170695,-0.005129337196869343,0.060035707754903016,-0.3853158408938384,1.010668823544222,1,-19.76785736267057,-19.734748356571128,-0.0775556090816778
738,738,22,Sokhda,0.43792550155948845,3.9452884799195997,311170.1630329439,2482771.259632558,3357,1.0,0.00716536268282463,-21.447618224106634,1.0824957142745082,0.8533901557928596,3357,1.0,0.009675473692829926,-20.143277635549232,0.9978257241423295,1.0043627753692377,3357,1.0,0.007669029507914514,-21.15259591204186,1.0464997378000302,0.9131071684574882,3357,1.0,0.01044726442477388,-19.80997412974406,1.0041138705639847,0.991822753598697,3357,4,measured,False,,-21.447618224106634,-20.143277635549232,-21.15259591204186,-19.80997412974406,0.004275685682098167,0.02237702970496335,0.10033389142749244,1.0475994702330276,1.6376440943625745,3,-20.638366475360446,-20.585289795921636,-0.2950223120647735
739,739,22,Sokhda,1.087340244639991,4.0,311219.68540769996,2482695.510638432,9293,1.0,0.006812964747659252,-21.666638582258262,1.1133681589599855,0.8067192241891001,9293,1.0,0.01103266871349193,-19.573194225231152,0.9740373794717688,1.0540197600192978,9293,1.0,0.010242341248984887,-19.89600758663486,0.9935102246326609,1.0131070045507795,9293,1.0,0.014655030912375371,-18.340132611518584,0.9684923003604675,1.0661238409196618,9293,4,measured,False,,-21.666638582258262,-19.573194225231152,-19.89600758663486,-18.340132611518584,0.025661318777150766,0.02593124958527125,0.1610341813097777,-0.21475602050712794,3.326505970739678,3,-19.868993251410714,-19.537060231980874,-1.770630995623403
740,740,22,Sokhda,0.23189237952384573,2.738127386456366,308581.0649080295,2481240.7472092463,1768,1.0,0.009267541925506044,-20.33035440585721,1.1497791059788889,0.7564342338219548,1768,0.6442307692307693,0.016679883810391847,-17.77806978918989,1.230434837687661,0.6605151177313714,1139,1.0,0.006247370002037359,-22.04302772093905,1.1628568423250307,0.7395158637753465,1768,1.0,0.008522567910624348,-20.69429529484004,1.1384376920587267,0.771580898585162,1768,4,measured,False,,-20.33035440585721,-17.77806978918989,-22.04302772093905,-20.69429529484004,-0.024821352392490437,0.02247887376831687,0.1963295858974863,3.0614057411808524,4.264957931749162,1,-20.211436802706547,-20.50244324050224,1.7126733150818403
741,741,22,Sokhda,0.2714221163239097,3.03958079012434,308614.46127093374,2481240.9469960476,2076,1.0,0.0075255117340309804,-21.234639627494776,1.04753039359211,0.9113112564187112,2076,0.9922928709055877,0.45036001978018675,-3.464401704647174,18.730133138067714,0.002850481791272109,2060,1.0,0.006372356504477233,-21.95699935382489,1.0012864077901182,0.9974321404532203,2076,1.0,0.010441026161845215,-19.812568160343062,0.9868077537717469,1.0269159360838835,2076,4,measured,False,,-21.234639627494776,-3.464401704647174,-21.95699935382489,-19.812568160343062,-0.010468981541016161,0.035740519891363814,1.3669413786805849,2.866790919811944,18.492597649177718,1,-16.617152211577476,-16.476201734272706,0.7223597263301151
742,742,22,Sokhda,0.4649353581806645,4.0,308591.1581687583,2481318.9737242716,3600,1.0,0.0077817571773175585,-21.089223250866823,1.0365809143430778,0.9306957166776096,3600,0.2388888888888889,12.337172310080293,10.91215630454682,1.046941083700131,0.9129305205115013,860,0.37305555555555553,0.7974149265208221,-0.9831563919663057,1.0631803392657904,0.8846798437058443,1343,0.5875,0.05242536827832956,-12.804585100150351,1.068270303593839,0.8876929462475516,2115,2,imputed,False,93.96975568876928,-20.534839412888825,-10.621235746918531,-21.376809175052593,-20.200591238529746,-0.01220246032121402,0.01960363227538077,0.7625848973823304,2.0181876986866136,10.755573428134062,1,-18.183368893347424,-18.18435471908069,0.8419697621637674
743,743,22,Sokhda,0.2658589181962161,2.9994999872314945,308649.8267853758,2481243.1215498555,2025,1.0,0.009483528013334302,-20.230300686020342,0.9408735191472712,1.1296333590726024,2025,1.0,0.007594941299882779,-21.19475578382566,1.0623491801563503,0.8860646813103424,2025,1.0,0.007517082717822632,-21.239506707601215,1.0482127784198703,0.9101251183158411,2025,1.0,0.008732499477585035,-20.58861431671643,0.9872850044190973,1.0259233598013948,2025,4,measured,False,,-20.230300686020342,-21.19475578382566,-21.239506707601215,-20.58861431671643,-0.014626174225809752,0.010848206514746413,-0.07418885367733206,1.6600984124656577,1.009206021580873,0,-20.813294373540913,-21.02531664762388,0.04475092377555612
744,744,22,Sokhda,0.7113912405867828,4.0,308713.78067200084,2481247.310760668,5826,1.0,0.009159933197390847,-20.381076935931016,0.9977627026282891,1.004489656162786,5826,1.0,0.007954752494549466,-20.993733285156555,0.9990070076271627,1.0019889467685958,5826,1.0,0.005758437863735789,-22.396953150442037,1.0632541719497495,0.8845569703144204,5826,1.0,0.007818734701757042,-21.068635227081806,4.779639364520399,0.043773345642778703,5826,4,measured,False,,-20.381076935931016,-20.993733285156555,-22.396953150442037,-21.068635227081806,-0.029215597311753928,0.022138632056003853,-0.04712741147888758,3.344194137871252,2.015876214511021,0,-21.210099649652854,-21.611187115965464,1.4032198652854824
745,745,22,Sokhda,0.17478022574709612,2.1148302699398425,308629.6486845449,2481319.7115524206,1328,1.0,0.008533747939840812,-20.688601889846634,1.0920745975035209,0.8384851773590559,1328,0.7296686746987951,5.695995820008006,7.555696619230199,1.0315329872439116,0.9397963597126601,969,0.7974397590361446,0.010150626290686611,-19.935071610810052,1.4035341555655294,0.507637887718276,1059,0.9841867469879518,0.017616064963567834,-17.540910968017617,1.9396012875144288,0.2658122995408771,1307,4,measured,False,,-20.688601889846634,7.555696619230199,-19.935071610810052,-17.540910968017617,0.010920728681689593,0.03990267737987393,2.172638346852064,1.6406303637558537,28.244298509076835,1,-12.652221962361025,-12.06407644486878,-0.7535302790365819
746,746,22,Sokhda,0.3915603846157901,3.9892870482578715,308664.0056497787,2481361.797096675,2996,1.0,0.007369342640259408,-21.325712503282777,1.0207169276134167,0.9598190506280297,2996,0.6632176234979973,6.923271872899772,8.403113864405265,0.7517105286159408,1.7696962629021544,1987,0.7349799732977303,0.015036644577284807,-18.22849065615991,1.6978439226568138,0.3469001368034482,2202,0.9165554072096128,0.05693223114500561,-12.446417960764338,5.295579374829428,0.03565931825684003,2746,4,measured,False,,-21.325712503282777,8.403113864405265,-18.22849065615991,-12.446417960764338,0.04488727314670822,0.09636787825659286,2.2868327975144647,2.6848508482727045,29.728826367688043,1,-10.89937681395044,-9.917478293252413,-3.097221847122867
747,747,22,Sokhda,0.19203278528125955,2.685202561087872,308668.07973066217,2481309.7252614493,1464,1.0,0.00843336771647637,-20.73998962906036,1.0331670352295117,0.9368259630717813,1464,1.0,0.6881246316273354,-1.6233289617428504,4.64766057095657,0.04629469145047145,1464,1.0,0.007056491711484311,-21.51411164250397,1.0631065065818313,0.8848027170972681,1464,1.0,0.0075277167248202345,-21.23336732190015,0.9913506423604217,1.0175257660008035,1464,4,measured,False,,-20.73998962906036,-1.6233289617428504,-21.51411164250397,-21.23336732190015,-0.01121915961512477,0.004679072010063656,1.470512359024424,1.0548663340474285,19.89078268076112,1,-16.27769938880183,-16.090188191405083,0.7741220134436091
748,748,22,Sokhda,0.18676786037543788,2.6083631903380966,308748.5707599474,2481183.6206375486,1429,1.0,0.00880773078244921,-20.55135968500838,1.0281944402275724,0.9459093049469165,1429,1.0,0.008066921856291986,-20.93292150016942,1.0769183339358896,0.8622524930114364,1429,1.0,0.006488311372747475,-21.878683165926432,1.0630249302799482,0.8849385214438992,1429,1.0,0.008259946951208713,-20.830227418892196,1.1490886581193107,0.7573435375619697,1429,4,measured,False,,-20.55135968500838,-20.93292150016942,-21.878683165926432,-20.830227418892196,-0.01923657218721817,0.0174742624505706,-0.029350908858541712,2.3757792279522896,1.3273234809180536,0,-21.048297942499108,-21.315039348053475,0.9457616657570114
749,749,22,Sokhda,0.19359947580364534,2.6311060925831775,308716.0127175767,2481178.9486949374,1480,1.0,0.007897662906924705,-21.025014070374034,1.0547434850818742,0.8988894783286427,1480,1.0,0.010110902006457813,-19.95210098716309,1.0792780085448959,0.858486250967503,1480,1.0,0.006404989734350287,-21.93481561987772,1.2813702706456767,0.6090468660155308,1480,1.0,0.011475597632668083,-19.402246877679232,1.0042365699403581,0.9915804031357379,1480,4,measured,False,,-21.025014070374034,-19.95210098716309,-21.93481561987772,-19.402246877679232,-0.013185529702951983,0.04220947903664148,0.0825317756316112,3.4423702917021757,2.532568742198489,3,-20.57854438877352,-20.76974254106855,0.9098015495036869
750,750,22,Sokhda,0.183749720887281,2.6415226762583184,308681.9922851086,2481170.339044332,1404,1.0,0.008404541246997342,-20.754859870829275,1.0339344640470916,0.9354357774266434,1404,1.0,0.010025458526858485,-19.988957552533645,1.0037680262679773,0.9925063285392168,1404,1.0,0.007806365466156401,-21.07551120461939,1.018892308430379,0.9632597918016209,1404,1.0,0.010380375618754305,-19.837869310539574,0.9919807113827838,1.016233587932714,1404,4,measured,False,,-20.754859870829275,-19.988957552533645,-21.07551120461939,-19.837869310539574,-0.0046471207795668636,0.020627364901330245,0.05891556294581772,1.5582932278699282,1.2376418940798146,3,-20.41429948463047,-20.48094072796057,0.32065133379011357
751,751,22,Sokhda,0.1931992499598302,2.692675396176103,308645.7845620546,2481168.3946612235,1474,1.0,0.009294861905904304,-20.31757058172799,1.0341167113341916,0.9351060939228008,1474,1.0,0.010802526707189713,-19.66474651305019,0.9984547299464386,1.0030977184738517,1474,1.0,0.008295574052889885,-20.8115355546528,1.0598976658577832,0.8901683083407513,1474,1.0,0.01434488458911421,-18.43302941493443,0.9583389438282279,1.0888341318648265,1474,4,measured,False,,-20.31757058172799,-19.66474651305019,-20.8115355546528,-18.43302941493443,-0.007158912651084218,0.03964176899530614,0.05021723605213834,2.8724711126431792,2.378506139718368,3,-19.806720516091353,-19.926805489142314,0.493964972924811
752,752,22,Sokhda,0.1591541202331893,2.3624678717892893,308613.37451802567,2481166.9388386575,1216,1.0,0.010189960558034871,-19.918274970005374,0.9780143570727842,1.0454650998651878,1216,1.0,0.008569530980323455,-20.670429468319345,1.0507293364202925,0.9057707336639181,1216,1.0,0.009661861359705282,-20.149391985972688,1.1041403695411829,0.820259789700227,1216,1.0,0.010633443168450484,-19.733260857183804,1.0221065770355244,0.9572108974315839,1216,4,measured,False,,-19.918274970005374,-20.670429468319345,-20.149391985972688,-19.733260857183804,-0.0033495219705407817,0.00693551881314806,-0.057858038331843886,0.6472481447561975,0.9371686111355402,3,-20.117839320370305,-20.18031910747273,-0.5210374823466566
753,753,22,Sokhda,0.1573579060001299,2.320515038172544,308585.26648172695,2481166.0326363295,1195,1.0,0.00985707474994426,-20.06251950012929,1.0399947934566438,0.9245654702834379,1195,1.0,0.008697594467228852,-20.606008455498003,0.960851470275492,1.0831472014281642,1195,1.0,0.009390420571066878,-20.273149564449326,0.9941438918914407,1.0118159074631934,1195,1.0,0.010542987966693552,-19.770362891664966,0.9981029151289512,1.0038049939099412,1195,4,measured,False,,-20.06251950012929,-20.606008455498003,-20.273149564449326,-19.770362891664966,-0.003052609627826603,0.008379777879739337,-0.04180684272067016,0.7134167371043958,0.8356455638330367,3,-20.178010102935396,-20.23462968956226,-0.3328588910486765
754,754,22,Sokhda,0.26254989926107225,2.9994148562532983,308657.53245435277,2481105.591041797,2005,1.0,0.01187523484565425,-19.253577929735606,0.9476979450984668,1.1134228303419085,2005,1.0,0.010429386147926809,-19.817412524951838,0.9970394115514655,1.0059475763336823,2005,1.0,0.012296517632499476,-19.10217863123273,0.9650919353650002,1.073649749103568,2005,1.0,0.009050354166737138,-20.433344252533598,1.0902406217397984,0.8413085080164747,2005,4,measured,False,,-19.253577929735606,-19.817412524951838,-19.10217863123273,-20.433344252533598,0.002194192731925756,-0.022186093688347817,-0.04337189193971014,-1.482564919803746,1.331165621300869,2,-19.651628334613445,-19.610664161562994,-0.715233893719109
755,755,22,Sokhda,0.3314774007738808,3.57914690084623,309089.72999717435,2481116.471128555,2536,1.0,0.013630759825553737,-18.654799344186138,0.9088690143593277,1.210590900110743,2536,1.0,0.022026915692166645,-16.57046310459282,1.0064672396482246,0.9871899229748395,2536,1.0,0.026449111199798543,-15.775889174854516,1.6260736950950883,0.37819828172301423,2536,1.0,0.028661471530736254,-15.427015159179927,2.4477095545326892,0.16690918394864415,2536,4,measured,False,,-18.654799344186138,-16.57046310459282,-15.775889174854516,-15.427015159179927,0.04172333578741481,0.005814566927909818,0.16033355689179357,-2.530036153657033,3.227784185006211,3,-16.60704169570335,-16.05231937800482,-2.878910169331622
756,756,22,Sokhda,0.3479509361391451,3.6172637913701804,309159.060180276,2481099.8036038354,2669,1.0,0.009354353664791532,-20.289862145254563,1.00261460361789,0.994791229958078,2669,1.0,0.010970859028456134,-19.59759365432399,1.0994613559245168,0.827256258416109,2669,1.0,0.012847094250839118,-18.91195089727963,1.0483953440069587,0.9098081709727998,2669,1.0,0.011080886498079402,-19.554254935946677,1.0907554509860193,0.8405145115118475,2669,4,measured,False,,-20.289862145254563,-19.59759365432399,-18.91195089727963,-19.554254935946677,0.019969728231520757,-0.010705067311117429,0.05325142237927484,-2.020215286641978,1.3779112479749323,2,-19.588415408201215,-19.314123140612022,-1.3779112479749323
757,757,22,Sokhda,0.2645903261327185,3.1673942632996135,309165.5019966346,2481228.120994741,2029,1.0,0.007080820341470126,-21.499164246357516,1.0315792716563825,0.9397120289244708,2029,1.0,0.009308912624378,-20.31101046066198,0.9093599732656756,1.2092840690242201,2029,1.0,0.006231386648904159,-22.054153005385594,1.0420824020265045,0.920864808079827,2029,1.0,0.014192865341979093,-18.479299176793766,0.9720063687286878,1.0584291179240717,2029,4,measured,False,,-21.499164246357516,-20.31101046066198,-22.054153005385594,-18.479299176793766,-0.008043315348233007,0.05958089714319712,0.09139644505350283,4.129842587619905,3.574853828591827,3,-20.585906722299715,-20.728637814808835,0.5549887590280775
758,758,22,Sokhda,0.1315961008698343,2.239003740076233,309214.5741182971,2481175.536339486,1005,1.0,0.011221951873126974,-19.499315981597587,1.0437858921671335,0.9178615023957467,1005,1.0,0.014477091710881297,-18.39318674380197,1.059627052528671,0.8906230384628173,1005,1.0,0.01162516413364145,-19.346009066675514,0.9644077489179865,1.075173662978954,1005,1.0,0.013495190903184682,-18.698209675273777,1.019761738820244,0.9616179762849332,1005,4,measured,False,,-19.499315981597587,-18.39318674380197,-19.346009066675514,-18.698209675273777,0.0022218393466967093,0.01079665652336228,0.0850868644458167,0.4944924764796639,1.1061292377956171,1,-18.98418036683721,-18.948258237728258,-0.15330691492207293
759,759,22,Sokhda,0.21814453199841083,2.836875973290519,309249.70465235604,2481166.7054709326,1668,1.0,0.009853780431314385,-20.063971192004402,1.0368655038683485,0.9301546214683262,1668,1.0,0.009873652747417213,-20.055221508183777,1.0789211243106378,0.8590542830014145,1668,1.0,0.008220582118049146,-20.850974279945845,1.0955633704741665,0.8331534425046285,1668,1.0,0.009620468714342079,-20.168037683890585,1.0565962307652057,0.895739829678313,1668,4,measured,False,,-20.063971192004402,-20.055221508183777,-20.850974279945845,-20.168037683890585,-0.01140584185422381,0.011382276600921,0.0006730526015865315,1.469939683996703,0.7957527717620678,1,-20.284551166006153,-20.43967901964299,0.7870030879414429
760,760,22,Sokhda,0.12028647303411853,2.010352950631615,309302.1739732275,2481191.4959779144,917,1.0,0.01006735666770721,-19.970845448709614,1.017016654140323,0.966816092310194,917,1.0,0.011407363174108735,-19.428147316796434,0.9582850512822635,1.088956604178175,917,1.0,0.009099303854285293,-20.40991832273107,1.0906729707400522,0.8406416412140247,917,1.0,0.008766504507257631,-20.571735395669247,1.0815023338912353,0.8549585858305359,917,4,measured,False,,-19.970845448709614,-19.428147316796434,-20.40991832273107,-20.571735395669247,-0.006363374985818197,-0.0026969512156362896,0.04174601014716773,0.2772558010832782,1.1435880788728134,1,-20.095161620976594,-20.162859708795107,0.43907287402145556
761,761,22,Sokhda,0.154603705415281,2.36607004308669,309303.75061643455,2481164.5827780995,1184,1.0,0.00872656959214399,-20.591564435779603,1.0757850838561158,0.8640700723645368,1184,1.0,0.009965014504196866,-20.015220648422613,1.0439501271119038,0.917572727919667,1184,1.0,0.007871488688791131,-21.039431242881726,1.0355118702327006,0.9325880296524306,1184,1.0,0.008659549466404475,-20.6250470259516,1.0945797637587675,0.8346514850482415,1184,4,measured,False,,-20.591564435779603,-20.015220648422613,-21.039431242881726,-20.6250470259516,-0.006490823291335119,0.006906403615502122,0.04433413748899922,0.8622510240322505,1.024210594459113,1,-20.567815838258884,-20.646579101308802,0.44786680710212323
762,762,22,Sokhda,0.2630388674464542,3.2229410186808845,309225.36914327356,2481416.4793453044,2020,1.0,0.006786923963360582,-21.683270163570675,1.0548365611708819,0.8987308538952957,2020,1.0,0.012765015594361625,-18.939786503042225,0.9412436563082621,1.1287450937004728,2020,1.0,0.0054735776040066445,-22.61728720138739,1.0490631631124157,0.908650197059687,2020,1.0,0.006571747337390058,-21.82319142146081,1.040897222599083,0.9229630197723294,2020,4,measured,False,,-21.683270163570675,-18.939786503042225,-22.61728720138739,-21.82319142146081,-0.01353647880893791,0.01323492966544304,0.21103720465603468,1.7281128177432983,3.677500698345167,1,-21.265883822365275,-21.402033261569446,0.9340170378167159
763,763,22,Sokhda,0.35708991886764996,3.7083044192490617,309275.80099361873,2481494.6972633395,2732,1.0,0.0085988079398534,-20.655617512014395,1.4711634174618882,0.4620385007415554,2732,1.0,0.008969930687357588,-20.472109128326558,1.0341425284458428,0.9350594051223263,2732,1.0,0.009413609905411914,-20.262438025704466,1.0134148869401436,0.9737006065257876,2732,1.0,0.008250408619642791,-20.835245415274798,1.0345564007348729,0.9343114173514013,2732,4,measured,False,,-20.655617512014395,-20.472109128326558,-20.262438025704466,-20.835245415274798,0.005698253424781582,-0.009546789826172209,0.014116029514448987,-0.9659868758802617,0.5728073895703325,2,-20.556352520330055,-20.47153524577103,-0.39317948630992916
764,764,22,Sokhda,0.18857971746709665,2.6885686357323944,309333.076646605,2481441.9569749767,1442,1.0,0.010151012050607307,-19.934906566588396,0.9747574676098075,1.052463051184091,1442,1.0,0.011775892513453045,-19.290061670883752,1.0254363047887354,0.9510046085350325,1442,1.0,0.007084790999915425,-21.496729568381507,1.0965383948758278,0.8316724478062173,1442,1.0,0.010962069523200868,-19.60107447889913,1.044614173939687,0.9164065220437603,1442,4,measured,False,,-19.934906566588396,-19.290061670883752,-21.496729568381507,-19.60107447889913,-0.022635115968016113,0.031594251491372974,0.04960345351574183,3.4574780912754903,2.2066678974977556,1,-20.080693071188193,-20.387027671793913,1.5618230017931118
765,765,22,Sokhda,0.22191110165445135,2.7037081958574087,309442.5391932245,2481418.534523846,1698,1.0,0.007991427203891153,-20.973756522976267,0.9875652187747047,1.025341246007271,1698,1.0,0.011009185424269404,-19.58244813528905,0.9805609404048915,1.040041863596987,1698,1.0,0.006925476946416336,-21.595503120737547,0.9895548393262152,1.021222244088648,1698,1.0,0.008990760802568222,-20.462035565007003,0.9673361812673764,1.0686737355835783,1698,4,measured,False,,-20.973756522976267,-19.58244813528905,-21.595503120737547,-20.462035565007003,-0.00901082025740986,0.018891125928842397,0.10702372212978599,1.7552141534918242,2.0130549854484983,1,-20.653435836002465,-20.762202527285314,0.6217465977612804
766,766,22,Sokhda,0.21545351329930126,2.7643970797606268,309444.82497791003,2481452.0067444574,1618,1.0,0.01029204844225991,-19.87498178334538,1.039679358399255,0.9251265752070896,1618,1.0,0.011042594122617785,-19.56928890302823,1.0024093275590746,0.9951987036844777,1618,1.0,0.008994070315970925,-20.46043721424649,1.0969521813136183,0.8310451280759564,1618,1.0,0.010823859298214772,-19.65617861865541,1.07192211048748,0.8703091342151005,1618,4,measured,False,,-19.87498178334538,-19.56928890302823,-20.46043721424649,-19.65617861865541,-0.00848486131740739,0.013404309926517992,0.023514836947473035,1.3897140264921894,0.8911483112182594,1,-19.89022162981888,-20.005570276993627,0.58545543090111
767,767,22,Sokhda,0.28718485614955425,3.2959369073498426,309736.11268651823,2481085.77163637,2197,1.0,0.009149763853032976,-20.385901145289772,1.0110274653297748,0.9783045933088047,2197,1.0,0.010205367188557014,-19.9117136477493,0.9652070462975759,1.0733936766790457,2197,1.0,0.006615802349683953,-21.794174780207797,1.2074967541556856,0.6858482833987567,2197,1.0,0.010376946342679296,-19.83930428918722,1.0323494511810007,0.9383104163428919,2197,4,measured,False,,-20.385901145289772,-19.9117136477493,-21.794174780207797,-19.83930428918722,-0.020409762824898914,0.032581174850342974,0.036475961349267186,3.3631441259386037,1.9548704910205785,3,-20.482773465608524,-20.765145304026383,1.4082736349180252
768,768,22,Sokhda,0.244017735119164,2.960972874007205,309775.35214257956,2481159.285326917,1870,1.0,0.00940027206131216,-20.268595769304305,1.0534925980878556,0.9010253769674907,1870,1.0,0.009568377944827306,-20.191616786617658,1.0436569586590316,0.9180883018484487,1870,1.0,0.006994811950288929,-21.552239566617363,1.0350327079924042,0.933451701692793,1870,1.0,0.008482742173017708,-20.714637328730674,0.9972841853413361,1.0054538366615844,1870,4,measured,False,,-20.268595769304305,-20.191616786617658,-21.552239566617363,-20.714637328730674,-0.018603533294392145,0.013960037298111476,0.005921460206665166,2.1212460351997464,1.360622779999705,1,-20.6817723628175,-20.928881134608638,1.2836437973130579
769,769,22,Sokhda,0.17651428804272146,2.3829186335279995,309772.48807973514,2481081.5791506236,1346,1.0,0.007975691092392,-20.9823167509103,1.0665144814134293,0.8791570972518498,1346,1.0,0.010143423950966988,-19.938154225163622,0.9745639501811187,1.0528810641110133,1346,1.0,0.008455631671262771,-20.728539432292568,1.0970744843008708,0.8308598468799516,1346,1.0,0.00966211496174285,-20.14927799497654,1.1006324112172474,0.8254968200497353,1346,4,measured,False,,-20.9823167509103,-19.938154225163622,-20.728539432292568,-20.14927799497654,0.003677932153880182,0.00965435728860046,0.08032019428820601,0.3254841186982951,1.0441625257466782,1,-20.44957210083576,-20.395232609080054,-0.25377731861773256
770,770,22,Sokhda,0.22192467089272686,2.8135941840996876,309738.5726772525,2481158.3740815795,1694,1.0,0.011547858705940264,-19.374985385777627,1.0022786691136898,0.9954581915794087,1694,1.0,0.011046341828648122,-19.567815216773738,1.031373794240327,0.9400864980741435,1694,1.0,0.009129686737395793,-20.395441239503064,1.0855225987433428,0.8486375840473654,1694,1.0,0.011585047242454696,-19.36102190868779,1.060512271692615,0.8891368368192121,1694,4,measured,False,,-19.374985385777627,-19.567815216773738,-20.395441239503064,-19.36102190868779,-0.014789215271383147,0.017240322180254588,-0.014833063922777749,2.0548751845407125,1.0344193308152754,3,-19.674815937685555,-19.882118442930697,0.8276260227293264
771,771,22,Sokhda,0.17722804921604693,2.483441251850284,309704.1084506641,2481155.324977333,1356,1.0,0.00864548150913356,-20.632108137334694,1.0512874588527596,0.904809252065063,1356,1.0,0.011746986606536065,-19.300735264131696,1.1810734111231427,0.7168795881978409,1356,1.0,0.0075452425070697965,-21.223267972681512,1.2045459712919961,0.6892126518064031,1356,1.0,0.009604887425944352,-20.175077209196928,1.1487557707028853,0.7577825284568835,1356,4,measured,False,,-20.632108137334694,-19.300735264131696,-21.223267972681512,-20.175077209196928,-0.008567533845606067,0.0174698460580764,0.10241329793869215,1.6393505988314026,1.9225327085498165,1,-20.332797145836206,-20.435549830981817,0.5911598353468186
772,772,22,Sokhda,0.1670032164236007,2.3239464351035237,309678.17690005334,2481107.4701965977,1274,1.0,0.009386543504432505,-20.274943026547287,1.013453346240245,0.9736267064623566,1274,1.0,0.012112230263698665,-19.167758814616423,1.045893694967843,0.9141656744713785,1274,1.0,0.009695049788164828,-20.13449956294432,1.0783040723466335,0.8600377399199608,1274,1.0,0.010697625954197628,-19.707125914165022,1.0693881756534305,0.874438447478588,1274,4,measured,False,,-20.274943026547287,-19.167758814616423,-20.13449956294432,-19.707125914165022,0.002035412515985029,0.007122894146321635,0.08516801630237417,0.28693018517633107,1.1071842119308641,1,-19.821081829568264,-19.783640006608877,-0.140443463602967
773,773,22,Sokhda,0.14156974720690632,2.1121196986384754,309674.7194389721,2481082.654022373,1078,1.0,0.010329232969450793,-19.859319272222002,0.9696243982355685,1.063635760095769,1078,1.0,0.011979130229359496,-19.215747136914946,1.0313760673743426,0.9400823542117656,1078,1.0,0.007973428991547453,-20.983548690874024,1.206214992764065,0.6873066650829766,1078,1.0,0.009506235237334975,-20.219914430380545,1.0657312599241826,0.8804497829010642,1078,4,measured,False,,-19.859319272222002,-19.215747136914946,-20.983548690874024,-20.219914430380545,-0.016293179980464076,0.012727237674891315,0.04950554886977361,1.8878636791455001,1.7678015539590781,1,-20.06963238259788,-20.276527972675336,1.1242294186520212
774,774,22,Sokhda,0.15433134227739648,2.4520077091236123,309607.7373705351,2481025.1742490507,1183,1.0,0.005107976192883548,-22.917511355518094,1.1203415198306401,0.7967079256937407,1183,1.0,0.010469433085195086,-19.800768345233912,1.2407017025877474,0.649628760145696,1183,1.0,0.007276231046160509,-21.380935189984044,1.1065721269022601,0.8166586126458696,1183,1.0,0.007659390963337058,-21.158057619310547,1.1338063177403956,0.7778972832819856,1183,4,measured,False,,-22.917511355518094,-19.800768345233912,-21.380935189984044,-21.158057619310547,0.02226921979034856,0.0037146261778916076,0.23974946232955247,-1.3136985948605542,3.116743010284182,1,-21.314318127511648,-20.983924816432783,-1.5365761655340506
775,775,22,Sokhda,0.11580066126507373,2.124295736554816,309571.9616674123,2481063.0278911656,896,1.0,0.008336976533131844,-20.789914209505717,0.9842506535835867,1.0322587581090708,896,1.0,0.010458723403701242,-19.805213224059422,0.9677853112140047,1.0676820652219636,896,1.0,0.006272254061459291,-22.025763586056396,1.059583868604924,0.8906956356063964,896,1.0,0.01013392320622992,-19.94222391069322,1.0058252049869343,0.9884506041157951,896,4,measured,False,,-20.789914209505717,-19.805213224059422,-22.025763586056396,-19.94222391069322,-0.01791086052971998,0.03472566125605295,0.07574622964971503,3.3193890519138556,2.220550361996974,1,-20.64077873257869,-20.885079875224065,1.2358493765506786
776,776,22,Sokhda,0.2341469614872767,2.9967558955852223,309839.9955525824,2481013.454697243,1791,1.0,0.010644020934384685,-19.728942799606703,1.0680116427353368,0.8766939828386534,1791,1.0,0.012962853253729242,-18.872993953816945,1.0015025529832793,0.9970016534862354,1791,1.0,0.006211276378661152,-22.068191458378536,1.0707147551121086,0.8722729903036469,1791,1.0,0.009919210446068106,-20.03522895644464,1.0970656315747325,0.8308732561129989,1791,4,measured,False,,-19.728942799606703,-18.872993953816945,-22.068191458378536,-20.03522895644464,-0.0339021544749541,0.033882708365564916,0.06584221890690446,4.372211160705728,3.195197504561591,1,-20.176339292061705,-20.623010797545913,2.339248658771833
777,777,22,Sokhda,0.22633479441273957,2.9067317309000384,309836.37813132256,2480958.7767604897,1730,1.0,0.009074282042588045,-20.42187726322366,1.0242792059529149,0.9531544674167247,1730,1.0,0.012534643548674809,-19.01888011689386,1.0049466163819043,0.9901796930977808,1730,1.0,0.006314942130493732,-21.996306249221735,1.0551170446435514,0.8982530952487632,1730,1.0,0.007557177464236518,-21.21640379180436,1.0280639532379325,0.9461494392116934,1730,4,measured,False,,-20.42187726322366,-19.01888011689386,-21.996306249221735,-21.21640379180436,-0.022817811391276456,0.012998374290289582,0.10792285740998454,2.3543314434154503,2.9774261323278743,1,-20.6633668552859,-20.93931350738592,1.5744289859980753
778,778,22,Sokhda,0.3480382868429646,3.321958919528677,309798.9417001623,2480995.2854469055,2655,1.0,0.006451616640915334,-21.903314465653843,1.162539170735329,0.7399200742882193,2655,1.0,0.009045901022331436,-20.43548168490438,1.1551253266549484,0.7494484881948063,2655,1.0,0.006463683952004708,-21.89519886957479,1.1215890409985099,0.7949365866159775,2655,1.0,0.007843709421448266,-21.05478503606892,1.1112919219462332,0.809736442137195,2655,4,measured,False,,-21.903314465653843,-20.43548168490438,-21.89519886957479,-21.05478503606892,0.00011761733447900147,0.01400689722509784,0.11291021390380471,0.8322982374268193,1.467832780749461,1,-21.322195014050486,-21.30977323777796,-0.008115596079051102
779,779,22,Sokhda,0.35489219995543825,3.5948896109780377,309758.7482141662,2481009.0756815607,2708,1.0,0.008782794668112402,-20.56367270447021,0.9987345595185674,1.002535693100142,2708,1.0,0.011833979669811022,-19.268691811547033,0.9941238838980616,1.0118566360082517,2708,1.0,0.0068347610074729875,-21.652766668972347,1.062414030120904,0.8859565134815623,2708,1.0,0.007992269026787305,-20.973299058027482,1.0812438604822343,0.8553673936520505,2708,4,measured,False,,-20.56367270447021,-19.268691811547033,-21.652766668972347,-20.973299058027482,-0.01578397050003097,0.01132446018241442,0.09961391484024446,1.768561575447002,2.3840748574253148,1,-20.61460756075427,-20.80227270247015,1.089093964502137
780,780,22,Sokhda,0.2658093017680105,2.907559174156463,309854.65648186783,2480875.965374256,2036,1.0,0.008158332685330474,-20.883985887397778,1.0350288036583621,0.9334587440361879,2036,1.0,0.013735342358222356,-18.621605111663328,1.0150059769489583,0.9706503170323959,2036,1.0,0.006423245372175394,-21.9224548733568,1.0469135435721864,0.912385476882417,2036,1.0,0.006583303831026455,-21.815561009927972,1.1618182513271809,0.7408386142378135,2036,4,measured,False,,-20.883985887397778,-18.621605111663328,-21.9224548733568,-21.815561009927972,-0.015050275158826391,0.0017815643904804427,0.17402929044111148,1.1453628493878476,3.3008497616934704,1,-20.810901720586468,-20.96248447731011,1.038468985959021
781,781,22,Sokhda,0.400346655331552,3.7556212752080134,309808.65485404525,2480898.5209040176,3072,1.0,0.007422950184126383,-21.2942345401442,1.083069962754683,0.8524854532318992,3072,1.0,0.012494228825312703,-19.03290544439253,1.0885769763116906,0.8438819752134599,3072,1.0,0.006058230814713757,-22.176541843463568,1.0862135901041288,0.8475582112136922,3072,1.0,0.012737211676252969,-18.94925633708152,1.06486380082048,0.8818848307702255,3072,4,measured,False,,-21.2942345401442,-19.03290544439253,-22.176541843463568,-18.94925633708152,-0.012787062366947372,0.053788091773034154,0.17394839198089768,4.109592809701418,3.2272855063820494,3,-20.363234541270455,-20.540813018417143,0.8823073033193687
782,782,22,Sokhda,0.45753638782314954,3.933809221969488,309807.831411322,2480805.3855297533,3505,1.0,0.008006365670250532,-20.9656457848955,1.0495764507154606,0.907761677053593,3505,1.0,0.014207237835029973,-18.47490349208998,1.006967938781018,0.9862084374051229,3505,1.0,0.0078028801798216375,-21.077450620120338,1.0966672192608249,0.8314770678460421,3505,1.0,0.008718553673217305,-20.595555544984503,1.0619921411061783,0.886660566834575,3505,4,measured,False,,-20.9656457848955,-18.47490349208998,-21.077450620120338,-20.595555544984503,-0.0016203599307947532,0.00803158458559725,0.1915955609850401,0.593699910360673,2.602547128030359,1,-20.27838886052258,-20.263718375158447,0.11180483522483797
783,783,22,Sokhda,0.1956508385449648,2.6242268221804275,309853.42531930853,2480803.0228732876,1497,1.0,0.007711476747760547,-21.12862446593528,1.053699267476465,0.9006719628430524,1497,1.0,0.011525711106415154,-19.383322702710725,1.0138670554376563,0.9728322903896123,1497,1.0,0.007747706537002822,-21.108268375881888,1.1209401165982253,0.7958572478658701,1497,1.0,0.011516056701767207,-19.386962054469613,0.9949569264800323,1.0101629610989848,1497,4,measured,False,,-21.12862446593528,-19.383322702710725,-21.108268375881888,-19.386962054469613,0.0002950157978752706,0.02868843869020458,0.13425398178650438,1.7009502313588811,1.7453017632245569,1,-20.25179439974938,-20.24766759463052,-0.02035609005339367
784,784,22,Sokhda,0.6326361273709917,4.0,309732.050113273,2480764.406482759,5091,1.0,0.009241139881352127,-20.342744558742112,0.980264963361837,1.0406700100658812,5091,1.0,0.012189393333251872,-19.14017908702985,0.9336145898364773,1.147267629886841,5091,1.0,0.009139574720570502,-20.39074012231874,0.9992811734947976,1.0014392046320786,5091,1.0,0.00776032191688931,-21.101202627844845,1.0875433553312353,0.8454868190358533,5091,4,measured,False,,-20.342744558742112,-19.14017908702985,-20.39074012231874,-21.101202627844845,-0.0006955878779221359,-0.011841041758768434,0.09250503628555862,-0.6624669419494786,1.9610235408149954,1,-20.243716598983887,-20.21909320979989,0.047995563576627376
785,785,22,Sokhda,0.7169532565049828,4.0,309722.83983633097,2480834.0812830767,5843,1.0,0.006917142011795271,-21.60073307983898,1.0884745837032077,0.8440407503325962,5843,1.0,0.013369444101798475,-18.738866502204775,0.9471377292321405,1.1147403612291313,5843,1.0,0.006031618118814352,-22.19566162851441,1.1199005784256042,0.7973354290245943,5843,1.0,0.00801881907343476,-20.95889585288652,1.0386061851466464,0.9270393965289024,5843,4,measured,False,,-21.60073307983898,-18.738866502204775,-22.19566162851441,-20.95889585288652,-0.008622152879354056,0.020612762927131514,0.22014358289493893,1.8316943243033208,3.456795126309636,1,-20.873539265861176,-20.953572940972478,0.5949285486754299
786,786,22,Sokhda,0.6570106428254395,4.0,309655.4075228022,2480746.3591220514,5325,1.0,0.007760057487805699,-21.101350614036267,1.0385327159455278,0.9271705647664433,5325,1.0,0.012662139163811858,-18.97492917655217,0.9713533156871579,1.059852786733848,5325,1.0,0.006103483031038536,-22.144222585189965,1.1114075141208173,0.8095680172748553,5325,1.0,0.010065162109232334,-19.971792259836615,1.106553439294001,0.8166861965375478,5325,4,measured,False,,-21.101350614036267,-18.97492917655217,-22.144222585189965,-19.971792259836615,-0.015114086538459389,0.0362071720892225,0.16357087980646903,3.2153022965070477,3.1692934086377953,1,-20.548073658903753,-20.738856692390716,1.0428719711536978
787,787,22,Sokhda,0.2807751401591115,3.254441232567865,308888.37105957814,2481105.998259045,2151,1.0,0.007753555768189542,-21.104990850609017,1.0299603610366466,0.9426684638554648,2151,1.0,0.009454995324661052,-20.24338681570333,1.0475865407620868,0.9112135725046492,2151,1.0,0.005393554761446548,-22.68124907461884,1.0734136456662935,0.8678921818567814,2151,1.0,0.007291049795219282,-21.37209935681113,1.0827707964311084,0.8529565966585219,2151,4,measured,False,,-21.104990850609017,-20.24338681570333,-22.68124907461884,-21.37209935681113,-0.022844322087098887,0.02181916196346183,0.06627723345428348,2.885407941817533,2.4378622589155086,1,-21.350431524435578,-21.64538536979031,1.5762582240098233
788,788,22,Sokhda,0.12338531173355878,2.1770246382042435,308907.1454212263,2481147.270104613,941,1.0,0.008605580627517564,-20.65219822045327,1.0502526495645061,0.9065931395651204,941,1.0,0.009156474649948175,-20.382717026171555,1.0037115625566153,0.9926179984038065,941,1.0,0.0056026128271161055,-22.516093887508593,1.0803803885915049,0.8567352097623985,941,1.0,0.012746462517765728,-18.946103267733793,1.9163685146539904,0.2722964291804542,941,4,measured,False,,-20.65219822045327,-20.382717026171555,-22.516093887508593,-18.946103267733793,-0.02701298068196122,0.05949984366291332,0.020729322637054865,5.433886286830123,3.5699906197747993,3,-20.6242781004668,-21.021392010413773,1.8638956670553242
789,789,22,Sokhda,0.1396939485547133,2.3241591314393415,308874.51288197696,2481149.5174909057,1066,1.0,0.009647009291436005,-20.156073031884493,0.9838878124202441,1.0330202575951686,1066,1.0,0.010635450338115443,-19.732441159899548,0.9463666848447176,1.1165575520787114,1066,1.0,0.00895733724078477,-20.47821074434109,1.0263720995180199,0.9492712422502286,1066,1.0,0.010880499662135622,-19.633511601961466,0.9471795673270254,1.1146418844786374,1066,4,measured,False,,-20.156073031884493,-19.732441159899548,-20.47821074434109,-19.633511601961466,-0.0046686624993709895,0.014078319039660414,0.032587067075765,1.1668368548362231,0.8446991423796248,3,-20.00005913452165,-20.066087332979926,0.3221377124565983
790,790,22,Sokhda,0.19140828935857862,2.549202354863281,308948.9033767654,2481112.4916158286,1460,1.0,0.007970988986908943,-20.984877909112065,1.054268365935577,0.899699852327764,1460,1.0,0.011896293748991224,-19.24588320546048,1.055126296740563,0.8982373422751774,1460,1.0,0.00667218148182531,-21.757321494981067,1.1301315118764816,0.7829644265369142,1460,1.0,0.009334728532312138,-20.298983074560006,1.0572564088553262,0.8946215329649315,1460,4,measured,False,,-20.984877909112065,-19.24588320546048,-21.757321494981067,-20.298983074560006,-0.011194834577811626,0.024305640340351018,0.13376882335781423,2.230782006290063,2.511438289520587,1,-20.571766421028407,-20.707587720490828,0.7724435858690022
791,791,22,Sokhda,0.08394716684301384,1.7504966507490816,308914.46282512107,2481197.4790552617,647,1.0,0.0063649805072936395,-21.962029220319714,1.0597830019597105,0.8903609434174788,647,1.0,0.00940557549268009,-20.266146264135564,1.0767098616264732,0.8625864235846761,647,1.0,0.011624162038060604,-19.346383447058116,1.9053450676851966,0.27545630648013086,647,1.0,0.007472441218986548,-21.265374925978406,0.9923352749259747,1.0155075127456235,647,4,measured,False,,-21.962029220319714,-20.266146264135564,-19.346383447058116,-21.265374925978406,0.03790790975741446,-0.03198319131533817,0.13045253509108845,-4.534637252181888,2.6156457732615976,2,-20.70998346437295,-20.17043971901921,-2.6156457732615976
792,792,22,Sokhda,0.09429329429431818,1.8590493656480946,308875.7628431366,2481198.1361640547,722,1.0,0.011964274782175004,-19.221136211328687,1.0910220608546763,0.8401037735597665,722,1.0,0.012447551375635536,-19.04916072555297,1.1210003325703313,0.7957717491745417,722,1.0,0.00887935108750244,-20.51618771768077,1.0282430381642134,0.9458198938788333,722,1.0,0.009399619221069485,-20.26889739329863,0.9927415451677626,1.014676508816288,722,4,measured,False,,-19.221136211328687,-19.04916072555297,-20.51618771768077,-20.26889739329863,-0.018768862410899725,0.004121505406368975,0.013228883521209083,1.5423418307342196,1.4670269921277992,1,-19.763845511965265,-20.001079378524476,1.295051506352081
793,793,22,Sokhda,0.32462566927718,3.356185957624464,308895.7702932795,2481229.5645374106,2480,1.0,0.01134525043092312,-19.45185913215129,1.0316894450560616,0.9395113372503898,2480,1.0,0.010965107153713453,-19.599871199336462,1.0589945004283057,0.8916873192053338,2480,1.0,0.007480098844062453,-21.260926632121077,1.0613360154392015,0.8877571857595946,2480,1.0,0.008821072519165887,-20.544786075169775,0.9409489700624927,1.1294522048202087,2480,4,measured,False,,-19.45185913215129,-19.599871199336462,-21.260926632121077,-20.544786075169775,-0.0262183695647795,0.01193567594918837,-0.011385543629628523,2.5252080569210875,1.8090674999697853,0,-20.21436075969465,-20.558991997319435,1.6610554327846145
794,794,22,Sokhda,0.11290632632119522,1.8679085929563777,308929.6400050778,2481281.2605387503,864,1.0,0.0069202254480842385,-21.598797568056632,1.0447504695110743,0.9161674333676093,864,1.0,0.011086447440709014,-19.552075975900735,1.0557399356762465,0.897193461675259,864,1.0,0.011261233136999046,-19.484140504019713,3.0398945322387587,0.10821387966327022,864,1.0,0.007820841805078594,-21.067464986505932,1.1053262406038855,0.8185006700654806,864,4,measured,False,,-21.598797568056632,-19.552075975900735,-19.484140504019713,-21.067464986505932,0.030647203826622015,-0.02638874137477032,0.15744012247353056,-3.6979815465231383,2.114657064036919,2,-20.425619758620755,-19.97707677666097,-2.114657064036919
795,795,22,Sokhda,0.22391052679040585,2.933134022351514,308898.5710823097,2481281.873883644,1712,1.0,0.007636566931417454,-21.17101837474992,1.0528095268968432,0.9021949411113777,1712,1.0,0.014334642433315448,-18.436131357258528,0.9669777420972356,1.069466154075862,1712,1.0,0.013706282563457663,-18.630803191780792,0.9197936392021466,1.1820046803092616,1712,1.0,0.008178748381973806,-20.873131526113454,1.056542606813039,0.8958307570643192,1712,4,measured,False,,-21.17101837474992,-18.436131357258528,-18.630803191780792,-20.873131526113454,0.03681471279665403,-0.03737213890554436,0.21037592442241476,-4.782543517301789,2.734887017491392,1,-19.777771112475676,-19.228206838511497,-2.5402151829691277
796,796,22,Sokhda,0.11425187693385051,2.011427998844851,308859.1166998952,2481278.6498113386,863,1.0,0.01279951322806041,-18.92806546476126,0.973159884398028,1.0559214293138055,863,1.0,0.01390780328230233,-18.56741460785356,0.9246874697768189,1.1695264673740104,863,1.0,0.01033820890164269,-19.855546963979616,0.9643905944924459,1.0752119133532103,863,1.0,0.013544436420132427,-18.68239061115768,0.9338883950935102,1.1465949973525784,863,4,measured,False,,-18.92806546476126,-18.56741460785356,-19.855546963979616,-18.68239061115768,-0.01344176085823704,0.019552605880365625,0.027742373608284618,2.1006378520402933,1.2881323561260558,1,-19.00835441193803,-19.191485827422046,0.9274814992183558
797,797,22,Sokhda,0.12082140466747805,2.068189510847749,308834.06379146466,2481278.997301558,929,1.0,0.011634190603761902,-19.34263825402363,1.0020726279657108,0.9958675959064006,929,1.0,0.013779112164114902,-18.60778764623434,1.0928451129619912,0.8373032385328323,929,1.0,0.012234685816603308,-19.124071787329072,1.0747796544538848,0.8656874602728669,929,1.0,0.015601769764598684,-18.068261352733998,0.9645422285635395,1.0748738753920777,929,4,measured,False,,-19.34263825402363,-18.60778764623434,-19.124071787329072,-18.068261352733998,0.003167629952095039,0.017596840576584564,0.056526969829945435,0.8372439679005161,1.2743769012896315,3,-18.78568976008026,-18.75147152475461,-0.2185664666945577
798,798,22,Sokhda,0.1127391158777289,2.0224956027648093,308831.9612823725,2481324.0312947673,862,1.0,0.0088939638369913,-20.509046407322668,1.0140198815973007,0.9725390751932759,862,1.0,0.010662634584321436,-19.72135474102566,1.0441090824609383,0.9172933663216679,862,1.0,0.009616677762883618,-20.16974936116334,1.0462650955409973,0.9135167731639979,862,1.0,0.00955461478522988,-20.1978681776872,1.0192761141606117,0.9625345025163914,862,4,measured,False,,-20.509046407322668,-19.72135474102566,-20.16974936116334,-20.1978681776872,0.004917348495062713,-0.0004686469420643509,0.060591666638231345,-0.36741586268318827,0.7876916662970075,1,-20.14950467179972,-20.073465492178855,-0.3392970461593272
799,799,22,Sokhda,0.11074410117390798,1.9507111609063459,308856.31351949857,2481325.682635258,846,1.0,0.007715908348146206,-21.126129396765148,1.1080142143417075,0.8145342234008789,846,1.0,0.01171185444926956,-19.313743335083483,1.025875373467653,0.9501907338830582,846,1.0,0.006268659920349488,-22.02825290333609,1.1874136748295872,0.7092443873619461,846,1.0,0.012425520214223518,-19.056854197827803,1.1251527184169312,0.7899089824126925,846,4,measured,False,,-21.126129396765148,-19.313743335083483,-22.02825290333609,-19.056854197827803,-0.013074253718419438,0.049523311758471425,0.1394143124370511,3.8735222120792265,2.9713987055082853,3,-20.38124495825313,-20.565800623780472,0.9021235065709412
800,800,22,Sokhda,0.13602340596754803,2.2664561782736223,308810.71964174655,2481357.7489066157,1040,1.0,0.00719010294473824,-21.432648915348228,1.0968415733796102,0.8312127453903113,1040,1.0,0.0095967621173311,-20.178752702697807,1.0769454748652947,0.8622090329854681,1040,1.0,0.008904326669636038,-20.503989155850814,1.144186305238527,0.7638472320531137,1040,1.0,0.007041975212303861,-21.523055079762294,1.1763900140711192,0.722598975384977,1040,4,measured,False,,-21.432648915348228,-20.178752702697807,-20.503989155850814,-21.523055079762294,0.01345883709416542,-0.016984432065191336,0.09645355481926315,-1.947725683408894,1.344302377064487,1,-20.909611463414784,-20.700792322674836,-0.928659759497414
801,801,22,Sokhda,0.10942615295340075,1.932701812236427,308808.20017863804,2481384.4739633584,836,1.0,0.007205419440173213,-21.423407330664155,1.0039450282016464,0.9921563889548076,836,1.0,0.010775396748047561,-19.675667302330687,1.1292108569868438,0.7842416616549442,836,1.0,0.007538589759101407,-21.227098898229507,1.0911922587444687,0.8398417248925064,836,1.0,0.00865870460974506,-20.62547075987289,1.0036855801355968,0.9926693908977842,836,4,measured,False,,-21.423407330664155,-19.675667302330687,-21.227098898229507,-20.62547075987289,0.0028450497454296847,0.010027135639276945,0.13444154064103594,0.4053197059219684,1.7477400283334674,1,-20.73791107277431,-20.682159135451347,-0.19630843243464824
802,802,22,Sokhda,0.07979669171133573,1.7152114696555125,308964.8442145604,2481276.427595735,611,1.0,0.00684423331617263,-21.64675194017088,0.9712535566818578,1.0600705162626272,611,1.0,0.009742097751933824,-20.11347517043815,1.0498400289488374,0.907305919648913,611,1.0,0.010253702129740288,-19.89119302976086,1.0841257934912811,0.8508257896484988,611,1.0,0.009967799919946351,-20.01400688033955,0.9651933172956336,1.073424213004599,611,4,measured,False,,-21.64675194017088,-20.11347517043815,-19.89119302976086,-20.01400688033955,0.025442882759565508,-0.002046897509644848,0.11794436690251768,-1.8783727609887109,1.75555891041002,2,-20.41635675517736,-20.06766033432204,-1.75555891041002
803,803,22,Sokhda,0.15156465120147913,2.1080012063806426,308980.2774140713,2481299.1260025,1161,1.0,0.007706896649462208,-21.13120464923323,0.9923350436223493,1.015507986155483,1161,1.0,0.011271406781239479,-19.480218763938886,1.032497339069931,0.9380416412022207,1161,1.0,0.008307112261507703,-20.805499204816883,1.0279729977098992,0.9463168781020893,1161,1.0,0.009273914256545055,-20.32736923760625,1.0406748745622592,0.9233574579274525,1161,4,measured,False,,-21.13120464923323,-19.480218763938886,-20.805499204816883,-20.32736923760625,0.004720368759657196,0.007968832786843905,0.126998914253411,0.15242452279428775,1.650985885294343,1,-20.436072963898813,-20.356282237081196,-0.3257054444163465
804,804,22,Sokhda,0.053771423641650475,1.4430432787200835,309027.6727910515,2481300.907232616,414,1.0,0.008065856532923776,-20.933495070387472,1.1094062476289026,0.8124914236647897,414,1.0,0.009601172996343044,-20.176757050105387,0.9990756974011518,1.00185117136589,414,1.0,0.005904815433575056,-22.287936725521774,1.0136782264388755,0.9731947645010149,414,1.0,0.006625953846679659,-21.787515935373904,1.0447888693529683,0.916100089545117,414,4,measured,False,,-20.933495070387472,-20.176757050105387,-22.287936725521774,-21.787515935373904,-0.019629589204844956,0.008340346502464513,0.05821061694477582,1.8548624452821727,2.1111796754163876,1,-21.296426195347134,-21.538694917268483,1.354441655134302
805,805,22,Sokhda,0.06350744049046189,1.573873125495202,309027.31915787794,2481277.3829257814,486,1.0,0.007379097043106154,-21.31996778175393,1.017012663994352,0.9668236787347092,486,1.0,0.008796300323912366,-20.55699951344974,1.0821420498837169,0.8539480548760509,486,1.0,0.005292836921215307,-22.763114869472144,1.0976308632991985,0.8300177499166641,486,1.0,0.00749451065376765,-21.25256718693813,1.1537861577418262,0.7511892276874345,486,4,measured,False,,-21.31996778175393,-20.55699951344974,-22.763114869472144,-21.25256718693813,-0.020915175184321927,0.025175794708900235,0.058689866792630156,2.953694770252227,2.206115356022405,1,-21.47316233790349,-21.749100401805777,1.4431470877182129
806,806,22,Sokhda,0.04317110420568206,1.2210965454623188,309033.84888323763,2481326.722273007,320,1.0,0.006491662637984064,-21.876440578952405,0.9425898047372901,1.1255233880788487,320,1.0,0.010593774705375836,-19.749492673124923,0.972398004653078,1.0575767192360452,320,1.0,0.006460778645322307,-21.897151381986287,0.9445674523269747,1.1208152892963188,320,1.0,0.006091657439054643,-22.15264526956361,1.016578701256407,0.9676493009977474,320,4,measured,False,,-21.876440578952405,-19.749492673124923,-21.897151381986287,-22.15264526956361,-0.0003001565657084389,-0.0042582314596220526,0.16361137737134476,-0.23478308454344088,2.4031525964386873,1,-21.418932475906807,-21.381151156807082,0.020710803033882286
807,807,22,Sokhda,0.075920058035478,1.5138863531018754,308972.8504379438,2481348.7194617973,583,1.0,0.01138400005709543,-19.43705110745607,0.9803322001633641,1.0405272647324255,583,1.0,0.010089000688223075,-19.961518483402216,1.0596554250603323,0.8905753458044973,583,1.0,0.006674604769207068,-21.75574445564031,1.0403051540901749,0.9240138899699479,583,1.0,0.016613136374235338,-17.795483698701027,0.9825607892455817,1.0358124869409326,583,4,measured,False,,-19.43705110745607,-19.961518483402216,-21.75574445564031,-17.795483698701027,-0.03360425142296,0.06600434594898807,-0.04034364430354961,6.278954105123525,3.9602607569392845,3,-19.737449436299904,-20.238069064062092,1.7942259722380953
808,808,22,Sokhda,0.13125860959901475,2.245076877050755,309017.4797284298,2481355.12988555,1008,1.0,0.010962435096795767,-19.600929648630203,0.9948543598786351,1.0103712615836562,1008,1.0,0.010748498278460483,-19.686522087656797,1.0284874042191614,0.9453704983535295,1008,1.0,0.007398727670006915,-21.30842957756013,1.0011260667013016,0.9977516649725446,1008,1.0,0.011371381402732873,-19.44186773734216,0.9896645046529571,1.0209959321100746,1008,4,measured,False,,-19.600929648630203,-19.686522087656797,-21.30842957756013,-19.44186773734216,-0.024746375781593145,0.031109364003632813,-0.006584033771276519,3.574061769147896,1.866561840217969,3,-20.009437262797324,-20.3545426539458,1.6219074899033323
809,809,22,Sokhda,0.11597150253038853,2.1192852401789697,309007.1101197027,2481325.952253375,881,1.0,0.006205109800499324,-22.072505291807133,1.0449353720399486,0.9158432282695285,881,1.0,0.011867503983218753,-19.256406138426225,0.9796437781369886,1.0419901915501215,881,1.0,0.007380615288110532,-21.319074315248475,1.097229245767605,0.8306254819635126,881,1.0,0.0060875909538306745,-22.155545369967456,1.0411131620208993,0.9225801921622665,881,4,measured,False,,-22.072505291807133,-19.256406138426225,-21.319074315248475,-22.155545369967456,0.010919289515342866,-0.013941184245316348,0.21662301179853133,-1.5899020312776386,2.8991392315412305,1,-21.200882778862322,-20.9999222291154,-0.7534309765586578
810,810,22,Sokhda,0.12114967720098503,2.1485896929179154,308967.9466202934,2481324.6750133615,926,1.0,0.008474011018166321,-20.719109756517952,1.0192763183190696,0.9625341169299977,926,1.0,0.010303809363193198,-19.87002185046291,0.9458776758499094,1.1177123479683746,926,1.0,0.007592021460166086,-21.196425729703133,0.9666188778122291,1.0702603956503671,926,1.0,0.010061194509616424,-19.973504548528048,0.9436635444742612,1.1229635103724844,926,4,measured,False,,-20.719109756517952,-19.87002185046291,-21.196425729703133,-19.973504548528048,-0.0069176227997852354,0.020382019686251418,0.06531445431192641,1.7002371543602663,1.3264038792402246,1,-20.439765471303012,-20.533238728968684,0.47731597318518126
811,811,22,Sokhda,0.297742258464521,3.385485316647591,308906.78124112135,2481333.7038231133,2284,1.0,0.00867666198876254,-20.61647320754318,1.0710411781348013,0.8717413831103823,2284,1.0,0.008334186037852532,-20.791368093369833,1.1217144851245349,0.794758797079156,2284,1.0,0.005937662044549452,-22.263845248881992,1.0825655376358234,0.8532800753487467,2284,1.0,0.008129847624654431,-20.899175941835345,1.0437827992378306,0.9178669420043414,2284,4,measured,False,,-20.61647320754318,-20.791368093369833,-22.263845248881992,-20.899175941835345,-0.02387495712085235,0.022744488450777447,-0.013453452755896387,3.012041348385459,1.6473720413388122,0,-21.142715622907588,-21.46967114543028,1.4724771555121592
812,812,22,Sokhda,0.24421114024394447,2.929218899542049,308976.40684809507,2481389.3848686856,1869,1.0,0.008373699434140403,-20.770826317463097,1.0357460690050997,0.9321663311587077,1869,1.0,0.012663681361909266,-18.97440025538742,1.0050487280650902,0.9899785013027437,1869,1.0,0.01041826583712492,-19.822045651099383,0.9359698960835421,1.141500848892348,1869,1.0,0.011780515099033299,-19.28835719754603,0.9667730212437124,1.069919135696794,1869,4,measured,False,,-20.770826317463097,-18.97440025538742,-19.822045651099383,-19.28835719754603,0.013750444440053822,0.008894807559222546,0.13818662015966757,-0.4150922128103609,1.7964260620756782,1,-19.713907355373983,-19.519042973368382,-0.9487806663637137
813,813,22,Sokhda,0.2298768091679376,2.9016987185207794,308979.3897554458,2481425.7937270286,1766,1.0,0.01014113962577589,-19.939132377664468,0.971345079607638,1.0598707598909087,1766,1.0,0.010823335017474449,-19.65638898516223,0.9141924899367581,1.1965330569683619,1766,1.0,0.01016191715548318,-19.930243499751395,0.9921744215527536,1.0158368118014154,1766,1.0,0.008721430245392785,-20.594122883762147,1.082707086621154,0.8530569807830193,1766,4,measured,False,,-19.939132377664468,-19.65638898516223,-19.930243499751395,-20.594122883762147,0.00012882431758076362,-0.011064656400179196,0.0217494917309413,-0.6727682619238244,0.937733898599916,1,-20.029971936585063,-20.01184178249117,-0.00888887791307269
814,814,22,Sokhda,0.09783682390479372,1.9375916204408616,309355.70251226984,2481289.9155346625,748,1.0,0.009784454071367773,-20.094634010133127,1.0380511886698836,0.9280309490549874,748,1.0,0.013292861932347872,-18.763815060687698,0.9829311681860375,1.0350320236421209,748,1.0,0.015105109098908422,-18.208761336225578,0.989045256643298,1.022274837443303,748,1.0,0.011627139495771491,-19.3452711708622,0.9763500175292797,1.0490324515994676,748,4,measured,False,,-20.094634010133127,-18.763815060687698,-18.208761336225578,-19.3452711708622,0.027331488027645644,-0.018941830577277052,0.10237068841887921,-3.0223825085441725,1.8858726739075493,2,-19.103120394477152,-18.71653514175613,-1.8858726739075493
815,815,22,Sokhda,0.09715035260124132,1.934890105684384,309357.577801807,2481262.1127708666,739,1.0,0.00808737693343539,-20.921923149830974,1.0328436528843146,0.9374126935092005,739,1.0,0.009056387123520186,-20.430450214456407,0.9683561422979761,1.0664236718508586,739,1.0,0.006113291766287419,-22.137248763409563,1.0114728745566044,0.977443176336433,739,1.0,0.006529083052384438,-21.85147806971756,1.007874855893184,0.9844343939429319,739,4,measured,False,,-20.921923149830974,-20.430450214456407,-22.137248763409563,-21.85147806971756,-0.017613414689544766,0.004762844894866684,0.03780561041342823,1.5010963072705898,1.7067985489531559,1,-21.335275049353626,-21.553083746061464,1.2153256135785888
816,816,22,Sokhda,0.10716251260116696,2.042094632795137,309359.74201241136,2481232.594629241,824,1.0,0.008342978729359353,-20.786788636598118,1.0760084100477323,0.8637114330615655,824,1.0,0.010646395013089964,-19.727974242404137,0.9044584592976453,1.2224264828221136,824,1.0,0.0056008271801028,-22.517478277750467,1.1005879415254183,0.825563530449588,824,1.0,0.006371717874488029,-21.9574346204002,1.0110757911421717,0.9782110766114157,824,4,measured,False,,-20.786788636598118,-19.727974242404137,-22.517478277750467,-21.9574346204002,-0.025082458567425348,0.009334060955837782,0.08144726109184465,2.290733298502616,2.7895040353463294,1,-21.247418944288228,-21.554000125754758,1.730689641152349
817,817,22,Sokhda,0.10943115608366207,2.041964951622742,309394.35446473426,2481262.181497073,829,1.0,0.007299541529070268,-21.36704416269637,1.0652806669394153,0.8811947666622445,829,1.0,0.007011532584553866,-21.541870433362437,1.0513849416888759,0.9046414747277699,829,1.0,0.006090675813701208,-22.153345159258585,1.1531695508505844,0.7519927735128383,829,1.0,0.007926311756333987,-21.009288500698503,1.0161241062626207,0.968515311210926,829,4,measured,False,,-21.36704416269637,-21.541870433362437,-22.153345159258585,-21.009288500698503,-0.011395666616843691,0.019067610976001365,-0.013448174666620525,1.9303576551222967,1.144056658560082,3,-21.517887064003975,-21.68413171524406,0.6114747258961479
818,818,22,Sokhda,0.10383094814232317,1.9361262424330226,309391.5516868003,2481290.543218529,799,1.0,0.010700472683368005,-19.705970373386936,1.015071223340197,0.9705255388030714,799,1.0,0.009683501339343585,-20.139675830414827,1.005917431310522,0.9882693626273242,799,1.0,0.007260609991672698,-21.390268910232063,1.1165171600852468,0.8021751339641111,799,1.0,0.008279735770639412,-20.81983522536894,1.0208100015791581,0.9596440325684377,799,4,measured,False,,-19.705970373386936,-20.139675830414827,-21.390268910232063,-20.81983522536894,-0.02441012372239314,0.009507228081052036,-0.033361958232914685,2.254732221708249,1.6842985368451266,0,-20.513937584850694,-20.83828121806864,1.2505930798172358
819,819,22,Sokhda,0.11419982303529978,2.102682388533964,309395.2512911923,2481232.6853463687,883,1.0,0.007273217294146839,-21.382734372822412,1.0657047879451578,0.8804935239781875,883,1.0,0.006098779330206355,-22.147570802687092,1.0321631028297902,0.9386492550062997,883,1.0,0.005595616136202953,-22.521520861114013,1.0796497745171474,0.8578951314502367,883,1.0,0.0059907738949931235,-22.225170713309943,1.0324151629315865,0.9381909759083801,883,4,measured,False,,-21.382734372822412,-22.147570802687092,-22.521520861114013,-22.225170713309943,-0.016504152004226096,0.004939169130067829,-0.058833571528052284,1.4351366360956703,1.1387864882916006,0,-22.069249187483365,-22.295211608216754,0.37395005842692086
820,820,22,Sokhda,0.10039810668651844,1.9788162150039201,309437.7948009758,2481228.912847021,766,1.0,0.008451555617963765,-20.730633461843095,1.1110172570592944,0.8101368565474355,766,1.0,0.009510154731781842,-20.218124169624435,1.0803567766881124,0.8567726591874457,766,1.0,0.0067062563546727684,-21.735198491637092,1.1101606235270767,0.8113875911425683,766,1.0,0.00897051222061804,-20.47182757821384,1.061478664777095,0.8875185950658996,766,4,measured,False,,-20.730633461843095,-20.218124169624435,-21.735198491637092,-20.47182757821384,-0.014558913475275331,0.02105618189038753,0.03942379170912766,2.2679359432172497,1.5170743220126575,1,-20.788945925329614,-20.985044505545655,1.0045650297939979
821,821,22,Sokhda,0.106540546061442,2.0301898932669005,309438.12365704356,2481261.5297236005,819,1.0,0.00840949295922319,-20.752301887026633,1.1425645030913958,0.7660172422108976,819,1.0,0.008748590802439601,-20.580618962361868,0.9952756646618366,1.0095160529907234,819,1.0,0.007203802843163191,-21.4243818165178,1.0108944046072732,0.9785621523230839,819,1.0,0.008095269148957586,-20.917687073844917,1.0294038600205593,0.9436879621845149,819,4,measured,False,,-20.752301887026633,-20.580618962361868,-21.4243818165178,-20.917687073844917,-0.009740288833205341,0.008444912377881409,0.013206378820366528,1.178774672164053,0.8437628541559334,1,-20.918747434937806,-21.047023829771607,0.6720799294911686
822,822,22,Sokhda,0.07407344637625284,1.6528198784874872,309447.10178604507,2481294.0772110415,569,1.0,0.008391580178619441,-20.761562515387205,0.9955296443080269,1.009001022975353,569,1.0,0.0076864672895799275,-21.142732166558098,1.0705455388789031,0.872548764495086,569,1.0,0.004216396423216537,-23.750585637533405,1.0500145948705846,0.9070042637878593,569,1.0,0.007330142333399645,-21.348875923425137,1.0050120274928738,0.9900508057923972,569,4,measured,False,,-20.761562515387205,-21.142732166558098,-23.750585637533405,-21.348875923425137,-0.04331917568327826,0.0400284952351378,-0.029320742397761005,5.390732836254468,2.9890231221462003,0,-21.750939060725962,-22.34398961841832,2.607853470975307
823,823,22,Sokhda,0.058392115757800636,1.4356185153687337,309427.6042444743,2481294.360549329,449,1.0,0.007763460616219192,-21.0994464581549,1.0896133550941074,0.8422774327514115,449,1.0,0.009460781954384703,-20.240729667229736,0.9523568784208261,1.102555739349614,449,1.0,0.005139470696516854,-22.890816057943507,1.0538321290161945,0.900444873314961,449,1.0,0.007652623916500769,-21.161896292815218,1.0452504035467474,0.9152912533699423,449,4,measured,False,,-21.0994464581549,-20.240729667229736,-22.890816057943507,-21.161896292815218,-0.02596187825780588,0.028815329418804818,0.06605513776347421,3.520289364916895,2.6500863907137706,1,-21.34822211903584,-21.689734849942734,1.7913695997886059
824,824,22,Sokhda,0.13878199239384267,2.30319750846512,308673.03529674944,2481701.1955401693,1065,0.0,,,1.041514870791328,0.9219603405522457,0,0.0,,,1.1468173062895668,0.7653014906425797,0,0.0,,,1.0929501154412786,0.8375687539214836,0,0.0,,,1.0682422747482914,0.8782323074067695,0,0,imputed,False,299.0585127738783,-21.02596455141333,-18.37650596679371,-21.226656419297186,-19.954351715564478,-0.0029085777954181813,0.02120507839554513,0.2038045065092015,1.4729965716165623,2.850150452503474,1,-20.145869663267177,-20.15840968391272,0.2006918678838545
825,825,22,Sokhda,0.14753176887250738,2.3711247758705927,308705.6250496295,2481702.898992304,1146,0.0,,,1.041514870791328,0.9219603405522457,0,0.0,,,1.1468173062895668,0.7653014906425797,0,0.0,,,1.0929501154412786,0.8375687539214836,0,0.0,,,1.0682422747482914,0.8782323074067695,0,0,imputed,False,275.3140730896429,-21.02596455141333,-18.37650596679371,-21.226656419297186,-19.954351715564478,-0.0029085777954181813,0.02120507839554513,0.2038045065092015,1.4729965716165623,2.850150452503474,1,-20.145869663267177,-20.15840968391272,0.2006918678838545
826,826,22,Sokhda,0.182719135292992,2.477837949444109,308699.64979384455,2481495.6668589665,1393,0.9720028715003589,0.00791074646004319,-21.017825344312463,1.0269419814214642,0.9483225068499055,1354,0.0,,,1.1113370761808654,0.8102992199215845,0,0.0,,,1.1250607586471815,0.7906364247020228,0,0.0,,,1.0682422747482914,0.8782323074067695,0,1,imputed,False,164.21238218582351,-20.883397595614635,-10.649498132036769,-20.60929563929342,-20.929419040886522,0.003972492120597307,-0.005335390026551678,0.7872230356598359,-0.5942253579143149,10.279920908849753,1,-18.267902601957836,-18.033887505677345,-0.27410195632121415
827,827,22,Sokhda,0.09965506578390486,1.698472972272102,308724.91066071246,2481464.713035146,758,1.0,0.009113216919768885,-20.40328292193591,1.0269419814214642,0.9483225068499055,758,0.0,,,1.1113370761808654,0.8102992199215845,0,0.0,,,1.1250607586471815,0.7906364247020228,0,0.12137203166226913,2.5328656178291724,4.036121487390582,1.0682422747482914,0.8782323074067695,92,1,imputed,False,135.81531116371448,-20.883397595614635,-10.649498132036769,-20.60929563929342,-20.929419040886522,0.003972492120597307,-0.005335390026551678,0.7872230356598359,-0.5942253579143149,10.279920908849753,1,-18.267902601957836,-18.033887505677345,-0.27410195632121415
828,828,22,Sokhda,0.09492274798685685,1.5640529786122677,308714.0422383745,2481477.6999821668,720,1.0,0.008639912286258145,-20.634906665242827,1.0269419814214642,0.9483225068499055,720,0.0,,,1.1113370761808654,0.8102992199215845,0,0.0,,,1.1250607586471815,0.7906364247020228,0,0.0,,,1.0682422747482914,0.8782323074067695,0,1,imputed,False,147.2560792552922,-20.883397595614635,-10.649498132036769,-20.60929563929342,-20.929419040886522,0.003972492120597307,-0.005335390026551678,0.7872230356598359,-0.5942253579143149,10.279920908849753,1,-18.267902601957836,-18.033887505677345,-0.27410195632121415
829,829,22,Sokhda,0.11999409784211311,2.1537836108666606,309070.47603789676,2481435.43008493,917,1.0,0.04225778532702246,-13.740932674696204,3.8138249350827964,0.06875091653993061,917,1.0,0.008992559644421236,-20.46116672980442,1.015473561568413,0.9697566321864156,917,1.0,0.006195872817692106,-22.07897505557991,1.1472782252240732,0.7597356364500695,917,1.0,0.013272350755391356,-18.770521495034306,1.0537920052350702,0.9005134446092081,917,4,measured,False,,-13.740932674696204,-20.46116672980442,-22.07897505557991,-18.770521495034306,-0.12084119392585083,0.05514089267576008,-0.5169410811621706,11.646495941429311,8.338042380883707,0,-18.762898988778712,-20.45676366386389,1.6178083257754885
830,830,22,Sokhda,0.2759170239355415,3.1376587475931035,309217.3537029876,2481348.0221120417,2127,1.0,0.009937920396079766,-20.02704486326827,1.0835704573337364,0.8516981194533739,2127,1.0,0.011595833080512775,-19.356980448463585,1.0902182840304622,0.8413429838599187,2127,1.0,0.00882510925532327,-20.54279909318009,1.0185003953432938,0.9640012480701226,2127,1.0,0.012624516514306674,-18.98785245224302,1.0112768449477165,0.9778221553974171,2127,4,measured,False,,-20.02704486326827,-19.356980448463585,-20.54279909318009,-18.98785245224302,-0.007474698984229283,0.025915777348951192,0.051543416523437295,2.070700870848892,1.5549466409370716,3,-19.72866921428874,-19.838058434534677,0.5157542299118205
831,831,22,Sokhda,0.15520552921750932,2.429953885375309,309416.8154864344,2481562.909962709,1171,1.0,0.007361843868138602,-21.33013397419763,1.1156298862103253,0.8034516004330852,1171,1.0,0.008056698550945901,-20.938428855938742,1.0495580387701646,0.9077935262783574,1171,1.0,0.006983627998557964,-21.559189025322077,1.155655165067321,0.7487614397012712,1171,1.0,0.007899256734962902,-21.024137708728688,1.0652800572423677,0.8811957753397233,1171,4,measured,False,,-21.33013397419763,-20.938428855938742,-21.559189025322077,-21.024137708728688,-0.0033196384220934433,0.00891752194322315,0.030131162942991317,0.7641063677178366,0.6207601693833347,1,-21.212972391046783,-21.257199698393123,0.22905505112444757
832,832,22,Sokhda,0.1907426589461975,2.7254060861703313,309416.8653923773,2481600.4309304086,1450,1.0,0.007364541990815457,-21.32854257245875,1.0730187649719325,0.8685310838769632,1450,1.0,0.011395454974259213,-19.43268330521728,1.0654233095792955,0.8809588275151912,1450,1.0,0.008720855013935793,-20.59440933687762,1.104304063623005,0.8200166289154027,1450,1.0,0.012247218804539066,-19.119625231342535,0.9763082819070326,1.0491221424455706,1450,4,measured,False,,-21.32854257245875,-19.43268330521728,-20.59440933687762,-19.119625231342535,0.010639612109871443,0.024579735092251434,0.1458353282493438,0.7406508699539565,2.2089173411162157,3,-20.11881511147405,-19.977733327365552,-0.7341332355811296
833,833,22,Sokhda,0.1761717647857964,2.6216885622841173,309500.57935222716,2481467.685990095,1346,1.0,0.009284170421910067,-20.32256896154957,1.0638988424981042,0.8834852987734504,1346,1.0,0.011166432027188594,-19.520855733874015,0.9861337463845556,1.0283201785937968,1346,1.0,0.008396250683766112,-20.75914603325576,1.2097783028727846,0.6832638086652164,1346,1.0,0.011009884254570806,-19.582172466836006,1.0797063123040915,0.8578052880887781,1346,4,measured,False,,-20.32256896154957,-19.520855733874015,-20.75914603325576,-19.582172466836006,-0.006327203937770858,0.019616226106995902,0.06167024828273508,1.6135506381259432,1.2382902993817453,1,-20.046185798878838,-20.13226251940031,0.4365770717061892
834,834,22,Sokhda,0.22953081972554792,2.9756302761239897,309546.453720617,2481473.6137038153,1761,1.0,0.009353934898912767,-20.290056569998193,1.028223675312086,0.9458555163676373,1761,1.0,0.01076950032583434,-19.678044462625607,0.9907336125060593,1.01879359274683,1761,1.0,0.007045417154258737,-21.520932875185487,1.0448681934218942,0.9159609982632171,1761,1.0,0.008911178147539594,-20.50064874060732,1.0722462566740176,0.86978301487662,1761,4,measured,False,,-20.290056569998193,-19.678044462625607,-21.520932875185487,-20.50064874060732,-0.01783878703169992,0.017004735576302762,0.047077854413275805,2.25116043976546,1.84288841255988,1,-20.49742066210415,-20.728771090267827,1.2308763051872944
835,835,22,Sokhda,0.2177995484789135,2.6573762884134022,309462.7601426426,2481586.079978596,1668,1.0,0.009552963792470441,-20.198618683088974,1.0927379885052193,0.8374674133891931,1668,1.0,0.010429047086085648,-19.817553717423007,1.0709689564399023,0.8718589603056087,1668,1.0,0.007708027878772241,-21.1305672323622,1.0587000581762003,0.8921833745899573,1668,1.0,0.007489459206627768,-21.255495403855313,1.0212934230899908,0.9587357671026102,1668,4,measured,False,,-20.198618683088974,-19.817553717423007,-21.1305672323622,-21.255495403855313,-0.013506500714104728,-0.0020821361915518938,0.029312689666612848,0.8070203777801126,1.437941686432307,1,-20.60055875918237,-20.761506870417357,0.9319485492732262
836,836,22,Sokhda,0.22357623893963174,2.9219012652251184,309907.74794567697,2481789.199591538,1712,1.0,0.010053553213191808,-19.976804190240856,0.9666369214459606,1.070220440200889,1712,1.0,0.012590755216693634,-18.999482193277313,0.9634783102076088,1.0772490392763554,1712,1.0,0.007666740886450404,-21.15389214386439,1.073913841356164,0.8670838957297761,1712,1.0,0.00798832978825439,-20.97544014123994,1.2045325584872146,0.6892280010406852,1712,4,measured,False,,-19.976804190240856,-18.999482193277313,-21.15389214386439,-20.97544014123994,-0.0170592457046889,0.002974200043740834,0.07517861515104175,1.3555399562479842,2.154409950587077,1,-20.276404667155624,-20.47690163942609,1.1770879536235341
837,837,22,Sokhda,0.08356164434766397,1.5129403243532629,309941.74475164455,2481977.5860308665,641,1.0,0.008656234164555087,-20.626710037395164,1.062966955288115,0.885035054459127,641,1.0,0.00911650967083827,-20.401714029908753,0.9502899743637377,1.107357126924034,641,1.0,0.006862972057739701,-21.63487769314802,0.9720134612609046,1.0584136718103523,641,1.0,0.007843352156605577,-21.05498285278432,1.0410942014765572,0.9226137967715452,641,4,measured,False,,-20.626710037395164,-20.401714029908753,-21.63487769314802,-21.05498285278432,-0.014611125445693575,0.009664914006061665,0.01730738519126235,1.5880624961165566,1.2331636632392673,1,-20.929571153309062,-21.119419698147563,1.0081676557528567
838,838,22,Sokhda,0.17234678524371702,2.5701253639557438,309931.7894772345,2482016.0770010147,1320,1.0,0.008183588330482026,-20.870562256175962,1.0605121516636438,0.8891370380845829,1320,1.0,0.008156292194804116,-20.88507224247747,1.3648466906715992,0.5368244129946347,1320,1.0,0.00652793202128564,-21.85224376762506,1.0898817314142717,0.8418626730942851,1320,1.0,0.007112720283670239,-21.47964270122217,1.1258002002970273,0.7890006424120675,1320,4,measured,False,,-20.870562256175962,-20.88507224247747,-21.85224376762506,-21.47964270122217,-0.014227268281870964,0.006210017773381497,-0.0011161527924237191,1.3542825778519862,0.9816815114490964,0,-21.271880241875166,-21.457465632477017,0.9671715251475881
839,839,22,Sokhda,0.252291481245216,3.132026816059138,310657.68124765216,2482368.658873774,1931,1.0,0.007660297294780513,-21.157543751484393,1.0739799151337281,0.8669772089187954,1931,1.0,0.010764116523836438,-19.68021609553279,1.0659422129347884,0.8801013303272978,1931,1.0,0.00822771827402189,-20.847205874357982,1.0617303611129651,0.8870978503863398,1931,1.0,0.01009936938470231,-19.957057431771858,1.0492474807467387,0.9083309862967603,1931,4,measured,False,,-21.157543751484393,-19.68021609553279,-20.847205874357982,-19.957057431771858,0.004497650393136393,0.014835807376435401,0.11364058891935422,0.579810565459713,1.4773276559516049,1,-20.410505788286756,-20.3437298709027,-0.31033787712641114
840,840,22,Sokhda,0.37721127471886573,3.81902430949219,310643.12313424447,2482422.5351706757,2885,1.0,0.007466593661957983,-21.268774826842233,1.086915905019041,0.8464632590507817,2885,1.0,0.010847766725849837,-19.646596625962484,1.127737615494265,0.7862920180762809,2885,1.0,0.008566440213981851,-20.671996117523346,1.0984062047175815,0.8288463799741638,2885,1.0,0.010205028236268026,-19.911857892978933,1.104787425446112,0.8192992456148502,2885,4,measured,False,,-21.268774826842233,-19.646596625962484,-20.671996117523346,-19.911857892978933,0.008648966801722996,0.012668970409073547,0.1247829385292114,0.16335951522552605,1.6221782008797483,1,-20.37480636582675,-20.251055283534125,-0.5967787093188868
841,841,22,Sokhda,0.13913599480642005,2.1980560066358867,310715.9985004942,2482263.4199642255,1063,1.0,0.011960371374748778,-19.22255335105126,0.983436082433777,1.0339694873612792,1063,1.0,0.011449854791163016,-19.412000210792474,0.9629260474832825,1.0784850533876607,1063,1.0,0.011039775846495526,-19.570397445070352,0.9336616707994886,1.1471519282260243,1063,1.0,0.012790155345403108,-18.93124180678371,0.9662532151015253,1.0710705939754692,1063,4,measured,False,,-19.22255335105126,-19.412000210792474,-19.570397445070352,-18.93124180678371,-0.005041218753899876,0.010652593971444031,-0.014572835364708735,0.9869997323057333,0.6391556382866419,3,-19.284048203424447,-19.361867519936162,0.15839723427787789
842,842,22,Sokhda,0.11079344907319173,1.884007856807277,310692.4764615305,2482257.8616248555,846,1.0,0.011573241191272718,-19.36544995900788,0.9966050065218967,1.0068247220878312,846,1.0,0.01056199137148582,-19.76254191639952,1.0501201088046812,0.9068220050550498,846,1.0,0.009857436497475487,-20.06236012011251,1.016724199211459,0.9673723705957967,846,1.0,0.013283254879520137,-18.766954940183048,0.961682612629301,1.081275772167491,846,4,measured,False,,-19.36544995900788,-19.76254191639952,-20.06236012011251,-18.766954940183048,-0.01010014726238593,0.021590086332157674,-0.0305455351839724,1.9923153410340895,1.2954051799294604,3,-19.48932673392574,-19.645803535049236,0.29981820371298795
843,843,22,Sokhda,0.10702426381856203,1.863749981099851,310672.05228731275,2482250.0084134163,818,1.0,0.007623522116626764,-21.17844335430693,1.0449590256018488,0.9158017669130921,818,1.0,0.011468356255016235,-19.404988245165754,1.0541763792259846,0.8998568735653415,818,1.0,0.005947186154608373,-22.256884673097197,1.0516843563822023,0.90412644492682,818,1.0,0.007386477234544688,-21.315626363501195,0.9936200482847649,1.0128830618827271,818,4,measured,False,,-21.17844335430693,-19.404988245165754,-22.256884673097197,-21.315626363501195,-0.01562958433029375,0.015687638493266695,0.13641962378009034,2.0196996283862703,2.851896427931443,1,-21.03898565901777,-21.220930838805323,1.0784413187902686
844,844,22,Sokhda,1.2317487681530417,4.0,311412.1528051303,2481562.227184472,10443,1.0,0.006771518343013841,-21.69313940759586,1.1101935395365083,0.8113394783681276,10443,1.0,0.01590614180380494,-17.984351501156606,0.8994098858392364,1.2361884638128595,10443,1.0,0.0064677381681353795,-21.89247569847215,1.0466966112277079,0.912763707649463,10443,1.0,0.008433540517511093,-20.73990064234767,1.0613842035936463,0.8876765770429518,10443,4,measured,False,,-21.69313940759586,-17.984351501156606,-21.89247569847215,-20.73990064234767,-0.0028889317518302755,0.01920958426874133,0.28529137741840427,1.3519113470007689,3.9081241973155443,1,-20.57746681239307,-20.569194904814655,0.199336290876289
845,845,22,Sokhda,0.9671074726782739,4.0,311373.3354191251,2481673.1222638013,8047,1.0,0.009728335246667613,-20.119614716579854,0.9660250371646445,1.0715766337412147,8047,1.0,0.015835806997778503,-18.003597999427285,0.9102403795276026,1.206945903397133,8047,1.0,0.014654472697275845,-18.340298038910802,0.9167171461021485,1.1899515833813163,8047,1.0,0.012357201997156996,-19.080798540657156,0.9714237653241774,1.0596990669272914,8047,4,measured,False,,-20.119614716579854,-18.003597999427285,-18.340298038910802,-19.080798540657156,0.0257871982270877,-0.012341675029105896,0.16277051670404374,-2.519817179415405,2.1160167171525686,1,-18.886077323893772,-18.512115264453893,-1.7793166776690512
846,846,22,Sokhda,1.099017665409483,4.0,311445.16401307954,2481679.0988886068,9290,1.0,0.007522404962639095,-21.23643290389097,0.9839056720625159,1.032982755616393,9290,1.0,0.012798652014691521,-18.92835768899721,0.9391833812977319,1.1337027539280224,9290,1.0,0.0056085803584664485,-22.51147053272753,1.0595995449088487,0.8906692809099106,9290,1.0,0.007061781646173579,-21.510857151682764,1.0313182454002634,0.9401877706369355,9290,4,measured,False,,-21.23643290389097,-18.92835768899721,-22.51147053272753,-21.510857151682764,-0.01847880621502257,0.01667688968407942,0.17754424729952015,2.2756510098813223,3.5831128437303192,1,-21.04677956932462,-21.2562492991812,1.2750376288365572
847,847,22,Sokhda,0.43819556255557107,3.757449533038808,311505.1355670647,2481664.1201756117,3343,1.0,0.00861657326950619,-20.646654146890725,1.032397566793944,0.93822295715042,3343,1.0,0.020938921188590188,-16.7904569772459,0.9013125848170854,1.2309747080223548,3343,1.0,0.008604026677035493,-20.65298251739788,1.0710899112503849,0.8716620588507018,3343,1.0,0.009582614452903872,-20.185159849128745,1.0566764954193748,0.8956037548865226,3343,4,measured,False,,-20.646654146890725,-16.7904569772459,-20.65298251739788,-20.185159849128745,-9.17155145964567e-05,0.007797044471152267,0.2966305515111405,0.4741510387762915,3.8625255401519816,1,-19.56881337266581,-19.510866660098547,0.006328370507155512
848,848,22,Sokhda,1.535888515916001,4.0,311529.29319406074,2481801.997949266,13298,1.0,0.007975086689349676,-20.98264587455536,1.0167554304336457,0.9673129428189069,13298,1.0,0.02238853660446892,-16.499742925475566,0.8884758465802313,1.2668020228436057,13298,1.0,0.00647658906038736,-21.886536580592715,1.0552193008516426,0.8980790129421042,13298,1.0,0.009263198453436204,-20.3323903158621,0.9765386397874162,1.048627241294311,13298,4,measured,False,,-20.98264587455536,-16.499742925475566,-21.886536580592715,-20.3323903158621,-0.013099865304889208,0.025902437745510258,0.3448386883907534,2.458036970767971,5.386793655117149,1,-19.925328924121434,-20.038908219098893,0.9038907060373553
849,849,22,Sokhda,2.039015455584414,4.0,311360.47097419616,2481875.3432392366,17781,1.0,0.006755456558598074,-21.703452944318276,1.1463020262786334,0.7610301799624091,17781,1.0,0.015102015427240973,-18.209650904206487,0.9766761629684584,1.0483319532419044,17781,1.0,0.006837187507846132,-21.651225095388632,1.0546966781495501,0.8989692646662096,17781,1.0,0.013344836310272857,-18.74686748963865,0.9942553965111816,1.0115889721667555,17781,4,measured,False,,-21.703452944318276,-18.209650904206487,-21.651225095388632,-18.74686748963865,0.0007569253468064243,0.04840596009583305,0.26875400308552216,2.8521297568203394,3.493802040111788,1,-20.07779910838801,-20.058003725231732,-0.05222784892964327
850,850,22,Sokhda,0.21607382946796716,2.817009931495039,310932.88452304393,2482013.333756696,1654,1.0,0.01183518922568577,-19.268247940074627,0.9335512986766107,1.1474231957576797,1654,1.0,0.015497274863412932,-18.097446641415868,0.9948662000423023,1.0103472123398203,1654,1.0,0.012747730840546447,-18.945671149268502,0.9131110934785868,1.1993688407345733,1654,1.0,0.01320634692966179,-18.79217298032366,0.8864858179182865,1.2724959705350682,1654,4,measured,False,,-19.268247940074627,-18.097446641415868,-18.945671149268502,-18.79217298032366,0.004675025953711947,0.002558302815747382,0.09006163835836609,-0.16907862186128142,1.170801298658759,1,-18.775884677770662,-18.699377029508646,-0.32257679080612434
851,851,22,Sokhda,0.17237277273857035,2.453231882326747,310965.585964799,2482019.0225374983,1315,1.0,0.010373999015115508,-19.84053797573388,0.9655370916695212,1.0726599750548111,1315,1.0,0.011011946727289054,-19.581358982685696,0.9471901120159489,1.1146170668916284,1315,1.0,0.008812917761416454,-20.54880282519396,1.0258702172828627,0.9502002855227096,1315,1.0,0.009235273063909984,-20.345502590330426,1.0276245845249046,0.9469586789620043,1315,4,measured,False,,-19.84053797573388,-19.581358982685696,-20.54880282519396,-20.345502590330426,-0.01026470796318955,0.003388337247725559,0.019936845619091113,0.9115650843236125,0.9674438425082634,1,-20.07905059348599,-20.207100955938678,0.708264849460079
852,852,22,Sokhda,0.20237173158286606,2.7817855142681136,310999.9664834432,2482023.5175580764,1549,1.0,0.009517191436598184,-20.214911948450975,1.082219944736715,0.8538251302069202,1549,1.0,0.021140552785692268,-16.7488366089628,0.8722507843505214,1.3143688643843454,1549,1.0,0.005873925177027223,-22.310715898886627,1.0965441469480601,0.8316637225260548,1549,1.0,0.01274174378157523,-18.947711322132314,0.9397642522337983,1.1323016973179936,1549,4,measured,False,,-20.214911948450975,-16.7488366089628,-22.310715898886627,-18.947711322132314,-0.03037397029616887,0.05605007627923856,0.2666211799606288,5.458808527189966,5.5618792899238265,1,-19.555543944608182,-19.935539941655364,2.095803950435652
853,853,22,Sokhda,0.17695599248099025,2.6280784951816742,311036.57440691924,2482031.333326462,1352,1.0,0.009909027093568005,-20.039689841259104,1.0164484645272,0.9678972851465231,1352,1.0,0.020293437030448103,-16.926443917569323,0.8787392436434232,1.2950303781451478,1352,1.0,0.006324146850390891,-21.989980540507137,1.0637545575160994,0.8837249824573171,1352,1.0,0.010420540700618312,-19.821097457963276,1.0255142194952742,0.9508601065305401,1352,4,measured,False,,-20.039689841259104,-16.926443917569323,-21.989980540507137,-19.821097457963276,-0.028265082597797576,0.03614805137573101,0.23948045566844472,4.119173781791893,5.063536622937814,1,-19.69430293932471,-20.033117009400293,1.9502906992480327
854,854,22,Sokhda,0.15485475910967217,2.329470683753272,310965.1571745345,2482066.929657073,1184,1.0,0.007423945788218589,-21.293652081204826,0.97891643617617,1.0435391792213686,1184,1.0,0.0118938997015534,-19.246757281240765,0.9348210336108221,1.1443083024904814,1184,1.0,0.005996775740593543,-22.2208219202329,1.0095454433712303,0.981179021813952,1184,1.0,0.017132962035630597,-17.661675474534174,0.9278842467964705,1.1614817678853446,1184,4,measured,False,,-21.293652081204826,-19.246757281240765,-22.2208219202329,-17.661675474534174,-0.013437244043885141,0.07598577409497877,0.15745344615108164,5.486316284726801,4.559146445698726,3,-20.105726689303165,-20.318448064652493,0.9271698390280747
855,855,22,Sokhda,0.08504967926917598,1.6310250368234431,310919.290818429,2482070.205327102,648,1.0,0.01162508706859929,-19.346037856835473,0.9775175860834207,1.0465279732232338,648,1.0,0.011214742120234215,-19.50210708442754,0.8649461834882729,1.3366626921772213,648,1.0,0.007272989854112175,-21.382870182729448,0.9511980071924728,1.1052439251016117,648,1.0,0.009070692890016873,-20.423595368850687,0.994837398445966,1.0104057144304073,648,4,measured,False,,-19.346037856835473,-19.50210708442754,-21.382870182729448,-20.423595368850687,-0.029519309070927178,0.01598791356464601,-0.012005325199389735,2.996107139772736,2.0368323258939753,0,-20.163652623210787,-20.55415714841868,1.8807630983019088
856,856,22,Sokhda,0.09586085476009175,1.771563110868139,310925.43482797267,2482051.9202118353,732,1.0,0.00814191717038197,-20.892733201129726,0.9997037934977288,1.0005926763234114,732,1.0,0.008501377680301228,-20.70510689524518,0.9415065606310578,1.1281148048747205,732,1.0,0.006353280957879039,-21.97001938658364,0.9625334500723131,1.07936501613568,732,1.0,0.007257679716416821,-21.39202201258358,0.9584741003246889,1.0885270758253278,732,4,measured,False,,-20.892733201129726,-20.70510689524518,-21.97001938658364,-21.39202201258358,-0.015612843267448035,0.009633289566667654,0.014432792760349691,1.6552835594539737,1.2649124913384604,1,-21.239970373885534,-21.443028980563263,1.0772861854539144
857,857,22,Sokhda,0.1381011761070229,2.286442564219502,310502.5251883896,2481802.175511892,1053,1.0,0.009121621384798287,-20.399279581754758,1.0310607234006754,0.9406574796764006,1053,1.0,0.011015032371117077,-19.58014222201197,1.0255790114972256,0.9507399672080519,1053,1.0,0.008486369429996685,-20.712780663807653,1.0324824520664868,0.9380686919860685,1053,1.0,0.008482210893636438,-20.71490933856507,1.092596585829678,0.8376841956807923,1053,4,measured,False,,-20.399279581754758,-19.58014222201197,-20.712780663807653,-20.71490933856507,-0.004543493942795576,-3.54779126236456e-05,0.06301056613406075,0.311372407295476,1.1347671165531032,1,-20.351777951534864,-20.394564206190815,0.31350108205289473
858,858,22,Sokhda,0.1427771999475546,2.223252125873851,310487.10792899365,2481847.6131749563,1090,1.0,0.00875750232505673,-20.57619738708052,0.9931598603464838,1.0138219330068137,1090,1.0,0.011293977245018851,-19.471530916100043,0.981070945395671,1.0389608231814995,1090,1.0,0.007119271087942769,-21.475644696622226,1.0326561106382692,0.9377532143161964,1090,1.0,0.007670108128929206,-21.151985135651937,1.0693913701939888,0.8744332231519439,1090,4,measured,False,,-20.57619738708052,-19.471530916100043,-21.475644696622226,-21.151985135651937,-0.013035468254227628,0.005394326016171469,0.08497434392157507,1.2231068705119945,2.0041137805221823,1,-20.668839533863682,-20.819070124768388,0.8994473095417064
859,859,22,Sokhda,0.3577326280991547,3.5878244859603683,310462.3438347312,2481806.4859876866,2738,1.0,0.009178393578368709,-20.372333232758248,0.9824585602398112,1.0360280595750315,2738,1.0,0.01024474632811475,-19.89498790768293,1.0443705779515409,0.9168340694894058,2738,1.0,0.008807229581030375,-20.55160682608175,1.0390025338828817,0.9263322552096748,2738,1.0,0.009121470639467636,-20.399351354527916,1.1160721954564008,0.8028148967249307,2738,4,measured,False,,-20.372333232758248,-19.89498790768293,-20.55160682608175,-20.399351354527916,-0.002598168019181171,0.002537591192563878,0.03671887115963994,0.33152906487733347,0.65661891839882,1,-20.304569830262707,-20.331558026174946,0.1792735933235008
860,860,22,Sokhda,0.1652701677620411,2.592653906980511,310247.9419694751,2481695.178176385,1266,1.0,0.011382658016177766,-19.43756312021071,1.0196043459051571,0.9619148827054198,1266,1.0,0.010378507084066091,-19.83865113903983,0.9545598678479441,1.097472525781471,1266,1.0,0.005180696594524095,-22.85611841255118,1.0478342371899414,0.9107828217963666,1266,1.0,0.006932675023522975,-21.590991573374474,0.9781892623161607,1.0450912642755639,1266,4,measured,False,,-19.43756312021071,-19.83865113903983,-22.85611841255118,-21.590991573374474,-0.049544279599137216,0.021085447319611757,-0.03085292452531673,4.683682131517173,3.418555292340468,0,-20.93083106129405,-21.582653020987955,3.0174672735113504
861,861,22,Sokhda,0.28131592384295073,3.23223922636891,310172.4908362775,2481795.6097457497,2153,1.0,0.012001316521896923,-19.207711100495757,0.9525374280971196,1.1021378088623233,2153,1.0,0.010019867704761567,-19.99138012547748,1.0109913658307683,0.9783744592590152,2153,1.0,0.010970828214533618,-19.597605852398246,0.9519010445128953,1.1036119470915646,2153,1.0,0.01248131423570063,-19.037396826614536,1.009965520141234,0.9803629844569322,2153,4,measured,False,,-19.207711100495757,-19.99138012547748,-19.597605852398246,-19.037396826614536,-0.0056506485782969375,0.009336817096395163,-0.06028223269090178,0.9501037776861985,0.9539832988629442,3,-19.458523476246505,-19.55299054821496,-0.3937742730792344
862,862,22,Sokhda,0.04458382066292688,1.1731810196275745,310156.6911283004,2481634.9098257683,339,1.0,0.010290158109072009,-19.875779522181325,0.9939515454273674,1.0122075523960812,339,1.0,0.0105817624116753,-19.754419937448752,1.049274432448003,0.9082843240504995,339,1.0,0.012371400216665638,-19.075811433816483,0.9979845662804558,1.00404308618757,339,1.0,0.01397856629776961,-18.54537369427036,1.238208112668311,0.6522479303041009,339,4,measured,False,,-19.875779522181325,-19.754419937448752,-19.075811433816483,-18.54537369427036,0.011593740411084671,0.008840628992435384,0.00933535267173642,-0.2695303488187193,1.3304058279109654,3,-19.312846146929232,-19.174250610276182,-0.7999680883648423
863,863,22,Sokhda,0.05408511864126194,1.2975698363464003,310170.26507513097,2481637.0692940494,407,1.0,0.010835151063624489,-19.65165029370357,1.1844401519203063,0.7128099566027112,407,1.0,0.010917523253644328,-19.61875874385449,0.8839215218079718,1.279889816083197,407,1.0,0.007334171481073097,-21.34648939969477,1.0296768166878036,0.9431877046760975,407,1.0,0.01391646377293666,-18.56471106608043,1.2374562597063932,0.6530407559272647,407,4,measured,False,,-19.65165029370357,-19.61875874385449,-21.34648939969477,-18.56471106608043,-0.024562885594075358,0.04636297222690568,0.002530119219160226,4.4766174396055405,2.7817783336143407,3,-19.795402375833316,-20.152097835168703,1.6948391059911998
864,864,22,Sokhda,0.21086691909783986,2.7535191727416666,310020.25908985984,2481598.6941370917,1607,1.0,0.008720917057512885,-20.59437843957767,0.9960464506762394,1.0079542387163176,1607,1.0,0.010658743821788452,-19.72293975742098,0.907900764249361,1.2131743978960756,1607,1.0,0.00545626458952323,-22.631045776874068,1.0424099210013416,0.9202862385338914,1607,1.0,0.010279226025168967,-19.880395843341777,0.9273431976934671,1.1628374730709168,1607,4,measured,False,,-20.59437843957767,-19.72293975742098,-22.631045776874068,-19.880395843341777,-0.029516917931831834,0.04584416555887151,0.06703374478128382,4.787317270828687,2.9081060194530863,1,-20.707189954303626,-21.110987688738202,2.0366673372963966
865,865,22,Sokhda,0.1791520649679005,2.5243914318556673,310018.1384771587,2481631.3503697556,1371,1.0,0.007569170254782046,-21.20951725984751,1.058863014839424,0.8919087856463748,1371,1.0,0.007651715479162184,-21.162411871192784,0.9451620597347333,1.119405508963973,1371,1.0,0.0057893690940476646,-22.373687616443945,1.0606713606648577,0.8888701354398965,1371,1.0,0.006076250029206294,-22.163643638299078,1.0503688169994863,0.9063926180453463,1371,4,measured,False,,-21.20951725984751,-21.162411871192784,-22.373687616443945,-22.163643638299078,-0.016872034153571542,0.003500732969081118,0.0036234914349788138,1.3742143347413034,1.2112757452511609,1,-21.727315096445828,-21.94223459416962,1.1641703565964363
866,866,22,Sokhda,0.17651659363693326,2.5424967807417254,310016.0649865565,2481663.4261844633,1353,1.0,0.010298481666625621,-19.8722679980091,1.0896195156612232,0.8422679085240803,1353,1.0,0.01363998870230262,-18.65185989395791,1.0004297871910608,0.9991409794515818,1353,1.0,0.014333148541530331,-18.436583982966585,0.9801848474366962,1.040840136441859,1353,1.0,0.013220277990790463,-18.78759412581318,0.9941135511704196,1.0118776704129349,1353,4,measured,False,,-19.8722679980091,-18.65185989395791,-18.436583982966585,-18.78759412581318,0.020807014710761088,-0.005850169047443229,0.09387754646547627,-1.7866941578891087,1.435684015042515,2,-18.93707650018669,-18.648128706318328,-1.435684015042515
867,867,22,Sokhda,0.30152721021391915,3.421103055920288,309939.5425770884,2481692.7059424254,2309,1.0,0.00806376371150535,-20.934622066293095,1.0540677326669041,0.9000423861059742,2309,1.0,0.009663078868555702,-20.148844758017663,1.008916933578842,0.9824018632291113,2309,1.0,0.008090613014725205,-20.920185712398506,1.035615836098041,0.9324007933214701,2309,1.0,0.01019884124116741,-19.914491685473127,1.0876640482738735,0.8452991900880609,2309,4,measured,False,,-20.934622066293095,-20.148844758017663,-20.920185712398506,-19.914491685473127,0.0002092225202114231,0.01676156711542299,0.06044440832887933,0.9912576730307912,1.0201303808199675,3,-20.479536055545598,-20.48074193384358,-0.014436353894588194
868,868,22,Sokhda,0.18456034746002406,2.660631684777599,309765.4773203399,2481773.386983952,1416,1.0,0.013377285173728883,-18.73632014647353,0.9268016970512193,1.1641966876486531,1416,1.0,0.009944612092382713,-20.024121526524965,0.966768479073016,1.069929189327766,1416,1.0,0.008377356783679367,-20.768929879736724,0.9970857783421514,1.0058540207395041,1416,1.0,0.010376452951073064,-19.83951078764948,0.9077943501361198,1.2134588377461357,1416,4,measured,False,,-18.73632014647353,-20.024121526524965,-20.768929879736724,-19.83951078764948,-0.029458112076278162,0.015490318201454063,-0.09906164461934107,2.962028825350437,2.032609733263193,0,-19.842220585096175,-20.251174653266695,0.7448083532117593
869,869,22,Sokhda,0.21846413276894017,2.9156086858753087,309807.1573173525,2481777.4776762947,1672,1.0,0.009877329019586165,-20.053604793881448,1.0197397873340934,0.9616593773779417,1672,1.0,0.00911094255999099,-20.404366913664177,1.0310260632846775,0.940720725110314,1672,1.0,0.006498957256345903,-21.871563193791598,0.9528906741420683,1.10132081344185,1672,1.0,0.00822557653607016,-20.848336523252456,0.953569227923241,1.0997539853784213,1672,4,measured,False,,-20.053604793881448,-20.404366913664177,-21.871563193791598,-20.848336523252456,-0.026347223187103627,0.01705377784231903,-0.02698170152174839,2.841185070449292,1.8179583999101503,0,-20.79446785614742,-21.149611245109533,1.4671962801274212
870,870,22,Sokhda,0.3066656538974494,3.3088469692906073,309784.8771482468,2481819.691004512,2346,1.0,0.010944405514215877,-19.608078237632526,0.9716461234369773,1.0592141049291295,2346,1.0,0.009777010644325547,-20.097939119943554,1.0110317676562603,0.9782962672068126,2346,1.0,0.013122675970397646,-18.81977594786892,0.9522363487587348,1.1028348698012427,2346,1.0,0.010301112307817167,-19.871158779098298,1.008071385496492,0.9840505885010031,2346,4,measured,False,,-19.608078237632526,-20.097939119943554,-18.81977594786892,-19.871158779098298,0.011424670866139228,-0.017523047187156315,-0.03768160633161754,-1.8396851209929856,1.2781631720746347,2,-19.599238021135825,-19.44583857776752,-1.2781631720746347
871,871,22,Sokhda,0.10296492609474808,1.7397248246865655,309590.6648862178,2481733.853544055,783,1.0,0.007716508042777416,-21.1257918681984,1.0399402546632577,0.9246624489457599,783,1.0,0.010840475034060087,-19.649516864184097,1.1003136391626818,0.8259751989881305,783,1.0,0.007106309135910551,-21.483559039252317,1.0437488646799025,0.9179266266972843,783,1.0,0.00765898937642146,-21.158285328738856,1.0157981972761014,0.9691368883718703,783,4,measured,False,,-21.1257918681984,-19.649516864184097,-21.483559039252317,-21.158285328738856,-0.005185031464549492,0.005421228508557678,0.11355961569340806,0.6830408815673756,1.8340421750682196,1,-20.854288275093417,-20.899387310825123,0.357767171053915
872,872,22,Sokhda,0.10958062301436439,1.8421731496678193,309571.4733955651,2481729.652869875,834,1.0,0.009066463413729652,-20.42562086636024,1.0721342904928646,0.8699646924307117,834,1.0,0.013757433959080394,-18.61462563290624,0.953240484370244,1.100512659354295,834,1.0,0.008117191564962151,-20.905942046027754,1.0938213783908641,0.8358092735545972,834,1.0,0.00996772645775215,-20.014038887746793,1.0027561318818492,0.9945104415675067,834,4,measured,False,,-20.42562086636024,-18.61462563290624,-20.905942046027754,-20.014038887746793,-0.006961176516920476,0.014865052638016015,0.1393073256503078,1.3722243379484738,2.291316413121514,1,-19.990056858260257,-20.061526552469925,0.48032117966751287
873,873,22,Sokhda,0.08434280885281041,1.5961345974903332,309552.8676788827,2481727.217898412,644,1.0,0.008548593830653671,-20.681053170626704,0.9888378732558227,1.022703674273954,644,1.0,0.01095553864175735,-19.603662649866948,0.9560925576281086,1.0939566806779324,644,1.0,0.00952082487906946,-20.21325422948637,1.0561105029593667,0.8965639589592382,644,1.0,0.01164545662373339,-19.33843477908195,1.0275241538345743,0.9471438003749231,644,4,measured,False,,-20.681053170626704,-19.603662649866948,-20.21325422948637,-19.33843477908195,0.006779694799135273,0.014580324173407,0.08287619390459665,0.40702050926408617,1.3426183915447538,3,-19.959101207265494,-19.870348803970167,-0.4677989411403338
874,874,22,Sokhda,1.5232166940504686,4.0,310372.0811271379,2481899.013458197,13215,1.0,0.014939033475822008,-18.25677499555125,0.9625509296476493,1.0793258147381721,13215,1.0,0.018344693400882874,-17.364895423118185,0.9487720566662862,1.1109032296279568,13215,1.0,0.010232656138501148,-19.900116198004934,0.9653652188180363,1.0730419601040886,13215,1.0,0.007410378115170571,-21.30159631542597,1.0383335265906937,0.9275263275656376,13215,4,measured,False,,-18.25677499555125,-17.364895423118185,-19.900116198004934,-21.30159631542597,-0.023816539165995413,-0.023358001957017295,0.06860612095638967,0.24186108503264592,3.936700892307787,1,-19.205845733025086,-19.46521363190485,1.6433412024536835
875,875,22,Sokhda,0.141122445102036,2.324210618676832,310284.3680787624,2482229.374395601,1081,1.0,0.012747693262475428,-18.945683951525737,0.9527711334793754,1.1015971880594952,1081,1.0,0.011388812032462664,-19.435215748369167,0.9310198823192594,1.1536712999534666,1081,1.0,0.013584458144868358,-18.669576799834406,0.9584807282134566,1.088512021560339,1081,1.0,0.015663852643710983,-18.051014111081113,0.9661993913040817,1.0711899289552618,1081,4,measured,False,,-18.945683951525737,-19.435215748369167,-18.669576799834406,-18.051014111081113,0.0040015529230627706,0.010309378145888223,-0.03765629206487922,0.3424555370619622,1.3842016372880543,3,-18.775372652702607,-18.744401292453354,-0.765638948534761
876,876,22,Sokhda,0.17527618340126938,2.2015447816834506,310435.8784287488,2482167.8450674787,1335,1.0,0.007115719196482449,-21.4778119856231,1.0385967005199497,0.9270563283422861,1335,1.0,0.009306989014593989,-20.31190798701736,1.050789628323668,0.9056667945435356,1335,1.0,0.006170993116092098,-22.096449380524557,1.0946720533103758,0.834510755477285,1335,1.0,0.00990985179040412,-20.03932840680313,1.0640061293910672,0.8833071388714173,1335,4,measured,False,,-21.4778119856231,-20.31190798701736,-22.096449380524557,-20.03932840680313,-0.008965759346397952,0.0342853495620238,0.0896849229696722,2.675758368622887,2.057120973721428,3,-20.981374439992038,-21.109616432040053,0.6186373949014587
877,877,22,Sokhda,0.16097114855526015,2.2379141138781096,310463.6126770271,2482158.100732779,1244,1.0,0.007145820565938997,-21.459478932834447,1.0334081974514953,0.9363887676448585,1244,1.0,0.012364037043547287,-19.07839702429173,1.1110334259054093,0.8101132769096937,1244,1.0,0.005105562951211466,-22.919563646200885,1.1176270903144505,0.8005826236811121,1244,1.0,0.0158830549548005,-17.99065961454876,1.0026923627089916,0.9946369432289899,1244,4,measured,False,,-21.459478932834447,-19.07839702429173,-22.919563646200885,-17.99065961454876,-0.02116064801980345,0.0821484005275354,0.18316014681097834,6.388988745018562,4.928904031652124,3,-20.362024804468955,-20.67244798695816,1.460084713366438
878,878,22,Sokhda,0.3386949417889118,3.5382699642563744,310401.97219766676,2482161.736410587,2592,1.0,0.008182230545472005,-20.87128287827656,1.0492291393444915,0.9083627433438808,2592,1.0,0.009788889651553919,-20.092665671908318,1.0560240368943155,0.896710784274972,2592,1.0,0.008284515177850315,-20.817329020599978,1.0154613434917041,0.9697799686379273,2592,1.0,0.011115835684726346,-19.540578816269498,0.9829143057351954,1.035067537066285,2592,4,measured,False,,-20.87128287827656,-20.092665671908318,-20.817329020599978,-19.540578816269498,0.000781939966327277,0.02127917007217466,0.05989363125909555,1.2227963466538974,1.3307040620070616,3,-20.33046409676359,-20.329323659476888,-0.05395385767658212
879,879,22,Sokhda,0.21282330593140797,2.844749253157584,310251.06631145906,2482353.5155862807,1628,1.0,0.008743780889105707,-20.583007339317064,1.0306297284913768,0.9414443837295434,1628,1.0,0.008595777695864703,-20.65714824765946,1.0373378943644136,0.9293076531705023,1628,1.0,0.006369343431919427,-21.959053335344393,1.0873026721745502,0.8458611710250673,1628,1.0,0.009374550495257468,-20.280495472919217,1.0574984881758334,0.8942119917938884,1628,4,measured,False,,-20.583007339317064,-20.65714824765946,-21.959053335344393,-20.280495472919217,-0.019942695594598978,0.027975964373752937,-0.005703146795568979,3.0546038584525057,1.6785578624251762,3,-20.869926098810033,-21.151171471995067,1.3019050876849327
880,880,22,Sokhda,0.17983016689736397,2.573813081955497,310206.70611813536,2482348.266312579,1379,1.0,0.006811045143138965,-21.667862412338827,1.0124971139117513,0.9754666188099953,1379,1.0,0.009157336588603349,-20.382308225188424,1.07005164207902,0.8733544237376001,1379,1.0,0.005496689919673478,-22.59898761846911,1.1206512221493494,0.7962676313500782,1379,1.0,0.008140959695600511,-20.89324395364361,1.0388813748961587,0.9265483338202013,1379,4,measured,False,,-21.667862412338827,-20.382308225188424,-22.59898761846911,-20.89324395364361,-0.013494568204786702,0.028429061080425023,0.09888878362695408,2.6368688709557837,2.2166793932806854,1,-21.38560055240999,-21.562553022711004,0.9311252061302824
881,881,22,Sokhda,0.194499136953149,2.6932118279083426,310171.8574111289,2482343.5131176896,1474,1.0,0.006967105193688362,-21.56947632167671,1.041220581703058,0.922389842181384,1474,1.0,0.008999249350551733,-20.457937146172526,1.0064184765522668,0.9872855881564088,1474,1.0,0.0071116759571785305,-21.480280401727402,1.0542124427401014,0.8997953082779807,1474,1.0,0.010233064216195773,-19.899943005087298,1.0015021200908953,0.9970025153805986,1474,4,measured,False,,-21.56947632167671,-20.457937146172526,-21.480280401727402,-19.899943005087298,0.0012926944920189562,0.026338956610668398,0.08550301350032186,1.491141476690796,1.669533316589412,3,-20.851909218665984,-20.843837062687278,-0.08919591994930798
882,882,22,Sokhda,0.2305598226738628,2.8570651117763615,310775.87066191813,2482501.961912915,1761,1.0,0.006995067280720053,-21.552081039734496,1.0764050604033553,0.8630750028960326,1761,1.0,0.009587500481383756,-20.18294601237246,0.974536721763916,1.0529398996268686,1761,1.0,0.006509097832563986,-21.864792009080496,1.089480076064406,0.8424835214864873,1761,1.0,0.008077959745348052,-20.92698315367166,1.3032171028507689,0.5887981792326423,1761,4,measured,False,,-21.552081039734496,-20.18294601237246,-21.864792009080496,-20.92698315367166,-0.004532043033999999,0.01563014759014726,0.1053180790278488,1.2505198247548357,1.6818459967080344,1,-21.13170055371478,-21.1811441497825,0.31271096934599996
883,883,22,Sokhda,0.32646722616236656,3.2840080124109594,310721.946089346,2482510.3031120836,2494,1.0,0.008067002174281333,-20.932878260025845,1.0474677876755754,0.9114201956761039,2494,1.0,0.008799996202597265,-20.555175152579462,1.0541869402459625,0.8998388438242156,2494,1.0,0.007710072767439412,-21.129415230711874,1.132933109429685,0.7790968742186409,2494,1.0,0.009659430894193497,-20.150484602089584,1.041420387425253,0.9220359388180311,2494,4,measured,False,,-20.932878260025845,-20.555175152579462,-21.129415230711874,-20.150484602089584,-0.0028483618940004255,0.01631551047703817,0.029054085188183292,1.1754675993083197,0.9789306286222903,3,-20.691988311351693,-20.73827808448167,0.19653697068602938
884,884,22,Sokhda,0.2097962149433326,2.7059853120888357,310713.18591521855,2482448.885531285,1602,1.0,0.010136841185198996,-19.940973575827833,1.0664017691122716,0.8793429503872962,1602,1.0,0.01507492641392335,-18.217447991284434,0.9220427964014346,1.1762451388575723,1602,1.0,0.010983278912062905,-19.59267987678799,1.1972964683136653,0.6975841383833602,1602,1.0,0.01282840196150521,-18.91827440470393,1.0685644925909397,0.8757870562765402,1602,4,measured,False,,-19.940973575827833,-18.217447991284434,-19.59267987678799,-18.91827440470393,0.0050477347686933745,0.011240091201401015,0.132578891118723,0.326111773044218,1.723525584543399,1,-19.167343962151048,-19.085596503387713,-0.34829369903984286
885,885,22,Sokhda,0.10197353204609098,1.9659199396328433,310866.85632406233,2482739.1615667744,785,1.0,0.006439157680573667,-21.9117093987688,1.0253695544368413,0.9511284311280306,785,1.0,0.010006254569807251,-19.997284523964257,0.9650422850226943,1.0737602280943472,785,1.0,0.005999014338320507,-22.21920100048537,0.9969952469796428,1.0060367005860418,785,1.0,0.01157445686308194,-19.364993793079158,1.1002593619395644,0.8260566938565539,785,4,measured,False,,-21.9117093987688,-19.997284523964257,-22.21920100048537,-19.364993793079158,-0.004456400024877833,0.047570120123436865,0.1472634519080417,3.1616988091227824,2.854207207406212,3,-20.8732971790744,-20.945704643327833,0.30749160171657053
886,886,22,Sokhda,0.11440588636106695,2.1201556007759863,310895.95511327405,2482739.439879798,873,1.0,0.00767195214864827,-21.15094114602098,1.0420427713745053,0.9209348535092914,873,1.0,0.009318998686545375,-20.306307494775613,0.9756083567083184,1.0506280139847968,873,1.0,0.004901450143627846,-23.09675410542594,1.0488799020768007,0.908967744803821,873,1.0,0.010566954930188048,-19.76050144910517,0.9630752597605801,1.0781508931171166,873,4,measured,False,,-21.15094114602098,-20.306307494775613,-23.09675410542594,-19.76050144910517,-0.028200187817463203,0.0556042109386795,0.06497181932656669,5.282065615725731,3.33625265632077,3,-21.07862604883193,-21.47655432253298,1.945812959404961
887,887,22,Sokhda,0.11795089665846317,1.8646145031231511,310452.57092743577,2482696.962965712,902,1.0,0.006519352011858341,-21.857955686330325,1.0399324827379721,0.9246762699090255,902,1.0,0.007231285635131328,-21.40784483534389,1.2639549412110054,0.6259459242338216,902,1.0,0.005631624685119058,-22.493662960912737,1.1731526263965406,0.7265925917847196,902,1.0,0.007003082643334947,-21.547107485152736,1.2157181089222375,0.6766034817497131,902,4,measured,False,,-21.857955686330325,-21.40784483534389,-22.493662960912737,-21.547107485152736,-0.009213148906991478,0.015775924596000006,0.03462391161434106,1.5822627503424123,1.0858181255688457,1,-21.826642741934922,-21.951108798976993,0.6357072745824119
888,888,22,Sokhda,0.3144686207862222,3.4415430976028127,310470.0714471191,2482651.2681900263,2406,1.0,0.007544100386625804,-21.22392541232078,1.0554259697674633,0.8977273315375164,2406,1.0,0.009509378304397601,-20.21847875049466,0.9595527514241452,1.0860811842606268,2406,1.0,0.006650250568454099,-21.771619910206766,1.0457799897833946,0.9143644754209381,2406,1.0,0.007402663308664492,-21.306120029498743,0.9826788054274659,1.0355637071896409,2406,4,measured,False,,-21.22392541232078,-20.21847875049466,-21.771619910206766,-21.306120029498743,-0.00793760141863746,0.007758331345133721,0.07734205090970156,1.013194378594008,1.553141159712105,1,-21.13003602563024,-21.22039215309384,0.5476944978859848
889,889,22,Sokhda,0.10552824707380495,1.8058608279145834,310473.167220462,2482611.598701004,805,1.0,0.007074653836531545,-21.502948053530893,1.0179960818983582,0.9649566136556733,805,1.0,0.008826781614609995,-20.541976182572373,0.997669182037185,1.0046779848613971,805,1.0,0.005561816688610374,-22.54783329106688,0.9870321460827399,1.0264490701408675,805,1.0,0.008695994734785158,-20.60680731876505,1.0101790017787817,0.9799486670333529,805,4,measured,False,,-21.502948053530893,-20.541976182572373,-22.54783329106688,-20.60680731876505,-0.015143264312115743,0.032350432871697164,0.0739209131506554,2.985911209837816,2.0058571084945065,1,-21.2998912114838,-21.507332489081612,1.0448852375359863
890,890,22,Sokhda,0.2696928758257534,3.195429476730155,310528.99129045114,2482629.8677406,2065,1.0,0.006910887942695229,-21.604661488865755,1.0722060594640135,0.8698482327618954,2065,1.0,0.007951648013741357,-20.995428525887547,1.0460069380762838,0.9139677458439057,2065,1.0,0.005873141828501073,-22.311295114009276,1.2252228939729908,0.6661465661112134,2065,1.0,0.007739232116888407,-21.11302127681681,1.1734215913383217,0.7262595392174964,2065,4,measured,False,,-21.604661488865755,-20.995428525887547,-22.311295114009276,-21.11302127681681,-0.010241067031065521,0.019971230619874446,0.04686407407524676,1.9049074623359878,1.3158665881217289,1,-21.50610160139485,-21.645103401068138,0.706633625143521
891,891,22,Sokhda,0.3149322307546623,3.4169170685879,310532.11733771436,2482673.867924625,2407,1.0,0.008482148140442954,-20.714941468709924,1.0591359685437263,0.8914491309013509,2407,1.0,0.00922595571182475,-20.349886345051516,1.0558619535043334,0.896986110190163,2407,1.0,0.006497059335857828,-21.8728316692434,1.0972840743042396,0.8305424754879344,2407,1.0,0.008539082516384676,-20.685887896712774,1.0625275437789519,0.88576722372004,2407,4,measured,False,,-20.714941468709924,-20.349886345051516,-21.8728316692434,-20.685887896712774,-0.016781017399035886,0.01978239620884376,0.028081163358339066,2.3448339730641017,1.522945324191884,1,-20.9058868449294,-21.13115559820459,1.1578902005334761
892,892,22,Sokhda,0.12718276836052536,1.9733435652452849,310806.5238583458,2482606.6614458878,970,1.0,0.008258407137991431,-20.83103710293426,1.0085025418990206,0.9832093630212522,970,1.0,0.01470082814621773,-18.326581993197163,0.906868550444268,1.2159376826752586,970,1.0,0.007393568661952776,-21.311458896025055,1.0627988267025663,0.88531509139133,970,1.0,0.011183857718058732,-19.514083666927277,0.9876940155530316,1.0250738513756568,970,4,measured,False,,-20.83103710293426,-18.326581993197163,-21.311458896025055,-19.514083666927277,-0.006962634682475283,0.029956253818296297,0.19265039305669981,2.2777970221885724,2.9848769028278923,1,-19.99579041477094,-20.07097632489648,0.4804217930907946
893,893,22,Sokhda,0.12985026276689024,2.2015944576359407,310833.192475378,2482605.351151883,992,1.0,0.008773490930142572,-20.568275685456136,0.9731770038368579,1.055884279600547,992,1.0,0.013999833935176207,-18.538771158549302,0.933654227839506,1.1471702181660768,992,1.0,0.014913785394111851,-18.26412110596553,0.9603796492453988,1.0842117328662575,992,1.0,0.014511798728696864,-18.382787536868527,0.9091084380978935,1.2099533391329773,992,4,measured,False,,-20.568275685456136,-18.538771158549302,-18.26412110596553,-18.382787536868527,0.03339354463029865,-0.001977773848383298,0.15611573283898722,-2.422821010393605,2.304154579490607,2,-18.938488871709872,-18.481271683546296,-2.304154579490607
894,894,22,Sokhda,0.07920639621433802,1.7504021904340854,310844.4227896702,2482572.2124108053,607,1.0,0.008025203082669559,-20.955439686966976,0.9653440937959648,1.0730889242555521,607,1.0,0.012368920400834107,-19.07668205336263,0.9253265424254434,1.1679115687530959,607,1.0,0.006042765467518291,-22.187642613099143,1.0469311282195612,0.91235482760338,607,1.0,0.009226813699036492,-20.34948248251623,1.0370482331663569,0.9298268613479739,607,4,measured,False,,-20.955439686966976,-19.07668205336263,-22.187642613099143,-20.34948248251623,-0.017858013422205325,0.030636002176381894,0.14451981796956495,3.070363056715081,3.1109605597365118,1,-20.642311708986245,-20.86607468869406,1.2322029261321674
895,895,22,Sokhda,0.057217541978799275,1.4849407642474477,310818.72878037073,2482566.0370415812,439,1.0,0.007098779575596603,-21.48816308906597,1.0413801470727446,0.9221071976530764,439,1.0,0.015070134725239088,-18.218828651262196,0.9505539049644843,1.1067422751938079,439,1.0,0.00883796796821232,-20.5364757680109,1.1618322003143962,0.7408208252897692,439,1.0,0.012381283405509806,-19.072343353609718,1.1019250592937944,0.8235612056747247,439,4,measured,False,,-21.48816308906597,-18.218828651262196,-20.5364757680109,-19.072343353609718,0.013792569870363362,0.024402206906686354,0.2514872644464442,0.5124450933461091,3.2693344378037743,1,-19.828952715487198,-19.624097237987584,-0.951687321055072
896,896,22,Sokhda,0.258677467600815,3.081591887664363,310979.46110572375,2482719.81918296,1975,1.0,0.00907493855154158,-20.42156306987912,1.0087270961068961,0.9827716644087346,1975,1.0,0.010595559391091412,-19.748761098308545,1.0002821940347775,0.999435850741008,1975,1.0,0.008331552353854103,-20.792740723145045,1.0093983826217368,0.9814649414982802,1975,1.0,0.008031059570775935,-20.95227152680963,1.0009966571650977,0.9980096616912263,1975,4,measured,False,,-20.42156306987912,-19.748761098308545,-20.792740723145045,-20.95227152680963,-0.005379386279216295,-0.0026588467277430658,0.05175399781312114,0.2116468496013404,1.2035104285010831,1,-20.478834104535583,-20.531934306919073,0.37117765326592433
897,897,22,Sokhda,0.18103029132382945,2.64517250589264,311730.3994212888,2482630.3735058173,1376,1.0,0.010580364709378658,-19.75499361739329,1.019705911042975,0.9617232742207673,1376,1.0,0.011415219768111435,-19.425157229683727,0.9920839666478696,1.0160220614663082,1376,1.0,0.007907867305421796,-21.019406267896493,1.037894746252148,0.9283107353198526,1376,1.0,0.012807426164117662,-18.925381391883928,1.094233352165506,0.8351800354107947,1376,4,measured,False,,-19.75499361739329,-19.425157229683727,-21.019406267896493,-18.925381391883928,-0.018324821021785558,0.034900414600209415,0.025372029823812498,3.358437526515768,2.094024876012565,3,-19.781234626714358,-20.042344094819065,1.2644126505032034
898,898,22,Sokhda,0.11624281153623015,2.124996648820147,311689.85064827296,2482628.9050101303,892,1.0,0.012970973559648038,-18.870274259425113,1.0509968615898964,0.9053096749531403,892,1.0,0.016405139606986634,-17.85020069436059,1.0777093142337602,0.8609872641781328,892,1.0,0.011939972774037785,-19.22996663499668,1.0755435999649274,0.864458122514575,892,1.0,0.014692670072513405,-18.32899273482265,1.0838711698859194,0.8512255895190868,892,4,measured,False,,-18.870274259425113,-17.85020069436059,-19.22996663499668,-18.32899273482265,-0.005212932979298054,0.015016231669567167,0.07846719731265549,1.2606662757455958,1.3797659406360872,1,-18.569858580901258,-18.633306616404575,0.35969237557156575
899,899,22,Sokhda,0.11716108080008998,2.1321697638537302,311688.3931027255,2482661.6604542737,901,1.0,0.007163427783983102,-21.448791129659227,1.0179370459076826,0.9650685436061576,901,1.0,0.007946224488786922,-20.99839169853996,1.206305612720828,0.6872034054111633,901,1.0,0.008066415540107582,-20.93319409141282,1.0022405160740266,0.9955339827256635,901,1.0,0.009562218850162134,-20.19441320844149,1.0012774885355495,0.9974499105337451,901,4,measured,False,,-21.448791129659227,-20.99839169853996,-20.93319409141282,-20.19441320844149,0.007472420844150845,0.012313014716188835,0.03464611008609735,0.2231838447249217,1.2543779212177384,3,-20.893697532013373,-20.804800848818616,-0.5155970382464083
900,900,22,Sokhda,0.13580933967866005,2.2996074947659175,311684.40902618074,2482695.105123007,1040,1.0,0.008929168390295672,-20.491889868363668,0.920627229495446,1.1798651356190486,1040,1.0,0.01428870730975667,-18.45007059776829,0.9912494617568719,1.0177335020542395,1040,1.0,0.008334174768391187,-20.791373965890752,1.1014472414750285,0.8242758973252776,1040,1.0,0.007118821385553859,-21.47591903571144,1.1181536072799731,0.7998288433632206,1040,4,measured,False,,-20.491889868363668,-18.45007059776829,-20.791373965890752,-21.47591903571144,-0.004340349239522967,-0.011409084497011435,0.15706302081502918,-0.38506097229360137,3.02584843794315,1,-20.30231336693354,-20.309317681088192,0.2994840975270847
901,901,22,Sokhda,0.07570685900212265,1.702719314007187,311401.6042972579,2482841.805986291,571,1.0,0.008897884859589155,-20.50713218409126,1.0096645531529906,0.980947536762108,571,1.0,0.012654237850955567,-18.977640067358305,0.9537154649877281,1.0994167517475868,571,1.0,0.010887914627564832,-19.630552931062336,1.0938520817962407,0.8357623534431602,571,1.0,0.01522439546264994,-18.174599435192473,1.1645398453107776,0.7373798989939053,571,4,measured,False,,-20.50713218409126,-18.977640067358305,-19.630552931062336,-18.174599435192473,0.012704047145346745,0.024265891597831057,0.11765323974868899,0.5793742428409381,2.332532748898789,3,-19.322481154426097,-19.161511585874763,-0.8765792530289254
902,902,22,Sokhda,0.0952646321429871,1.9233443894715487,311403.5962455564,2482813.9086254463,730,1.0,0.0076882509934153385,-21.141724469737532,1.0552185491028279,0.8980802925444661,730,1.0,0.011599884139371307,-19.35546348521616,0.9360779710271862,1.1412372799974004,730,1.0,0.009191480398416612,-20.36614534632946,1.0830675137296288,0.8524893085051253,730,1.0,0.011043761789890234,-19.568829695130283,0.9304759006217637,1.1550206299484982,730,4,measured,False,,-21.141724469737532,-19.35546348521616,-20.36614534632946,-19.568829695130283,0.01124027715084162,0.013288594186652958,0.13740469111702872,0.021736527791105686,1.7862609845213733,1,-20.10804074910336,-19.94950403282379,-0.7755791234080718
903,903,22,Sokhda,0.0892527853090549,1.860975054044952,311406.1890491194,2482781.794294033,684,1.0,0.007200318146438719,-21.426483138200897,1.1845148088653323,0.7127201062499678,684,1.0,0.011104617692371,-19.544963886645146,1.0929183629163255,0.8371910062367235,684,1.0,0.006166161285292267,-22.099851198306645,1.2457535018444776,0.6443706735479502,684,1.0,0.011396445639787233,-19.432305767091094,1.1305703272855854,0.7823567506241018,684,4,measured,False,,-21.426483138200897,-19.544963886645146,-22.099851198306645,-19.432305767091094,-0.009758957392836927,0.04445909052025918,0.14473225011967317,3.340913491321299,2.667545431215551,3,-20.625900997560947,-20.762278581411483,0.6733680601057479
904,904,22,Sokhda,0.07236725648095016,1.6768278463165573,311407.445737338,2482752.790669874,548,1.0,0.009558007684574517,-20.196326246452134,0.9965869813834902,1.006861143031366,548,1.0,0.0119922193446416,-19.21100436589372,0.979338677328937,1.04263953090036,548,1.0,0.005983627368626859,-22.230354600613897,1.0526234420033997,0.902513952986457,548,1.0,0.013387362210675621,-18.733049861097573,0.9664144388487487,1.0707132574047933,548,4,measured,False,,-20.196326246452134,-19.21100436589372,-22.230354600613897,-18.733049861097573,-0.02947867179944583,0.05828841232527206,0.0757939908121856,5.531333093678086,3.4973047395163235,3,-20.09268376851433,-20.507037472045006,2.0340283541617623
905,905,22,Sokhda,0.14586585798310117,2.3838452031794057,310895.2034625729,2482393.5577977533,1116,1.0,0.016156412340741128,-17.916550713832496,0.9763570308540679,1.0490173809262613,1116,1.0,0.014383228543459001,-18.42143618735407,0.9187934137084799,1.1845796111366105,1116,1.0,0.012825740697104676,-18.919175446273368,0.9727502366330365,1.056810962756,1116,1.0,0.011691996911201147,-19.32111308046766,0.9613858098349068,1.081943506611086,1116,4,measured,False,,-17.916550713832496,-18.42143618735407,-18.919175446273368,-19.32111308046766,-0.014530793223780746,-0.006698960569904895,-0.03883734411704427,0.6006870982465777,1.4045623666351652,0,-18.6445688569819,-18.829013150399316,0.49773925891929593
906,906,22,Sokhda,0.12797778006587177,2.2356110952706016,310858.6782680605,2482384.1634753365,980,1.0,0.01464053855701311,-18.344429473188136,1.0094505370024611,0.9813635271703551,980,1.0,0.012297992412622617,-19.101657792338933,0.9523700319505394,1.1025252839613886,980,1.0,0.01109474757585656,-19.548825742485278,0.912806408979117,1.2001696459861184,980,1.0,0.01062978210266567,-19.73475637883084,0.9208002340411742,1.179421819363189,980,4,measured,False,,-18.344429473188136,-19.101657792338933,-19.548825742485278,-19.73475637883084,-0.01745501839561075,-0.003098843939092729,-0.05824833224236906,1.0184656329515782,1.3903269056427057,0,-19.182417346710796,-19.411787363104555,0.44716795014634414
907,907,22,Sokhda,0.25557237802166494,3.0713139469488056,310808.55656361463,2482374.6825560825,1957,1.0,0.008992820490179172,-20.461040756516716,1.0118388062945807,0.9767363190761785,1957,1.0,0.011473306668807682,-19.403113980485575,0.9867831669770223,1.026967110215573,1957,1.0,0.006604379000489158,-21.801680121660333,1.1036486293021692,0.8209909002972686,1957,1.0,0.008020270856106754,-20.958109647175522,1.11376158840214,0.8061493876277909,1957,4,measured,False,,-20.461040756516716,-19.403113980485575,-21.801680121660333,-20.958109647175522,-0.019429556016574145,0.01405950790808017,0.08137898277162628,2.1842098396284264,2.398566141174758,1,-20.65598612645954,-20.89647235438509,1.3406393651436161
908,908,22,Sokhda,0.26281291747004726,3.197628437313066,310147.83541839337,2481893.5998893776,2010,1.0,0.009515603181269814,-20.215636771621103,0.9995689877431702,1.0008625821488082,2010,1.0,0.01450033334111873,-18.386220138654085,1.0030507341399035,0.9939263395156175,2010,1.0,0.010135762091873467,-19.94143591830134,0.9535345568585096,1.0998339622068416,2010,1.0,0.008484614172371424,-20.71367901916707,0.989805774720295,1.0207045095407012,2010,4,measured,False,,-20.215636771621103,-18.386220138654085,-19.94143591830134,-20.71367901916707,0.003973925410431333,-0.012870718347762159,0.14072435638207828,-1.0464439541854915,2.327458880512985,1,-19.8142429619359,-19.718913857640253,-0.27420085331976196
909,909,22,Sokhda,0.32821707659093663,3.5096939525844193,310084.5090773523,2481895.1921228957,2511,1.0,0.008830920080632939,-20.539940455589058,1.0661227106614226,0.8798033480400367,2511,1.0,0.014217979474529064,-18.471621170669316,0.9325124863217497,1.1499810624363116,2511,1.0,0.013913467540707422,-18.565646208258126,0.9422258095179128,1.1263931674077803,2511,1.0,0.013194231743525832,-18.796158922389964,0.9517080959242867,1.1040594833774495,2511,4,measured,False,,-20.539940455589058,-18.471621170669316,-18.565646208258126,-18.796158922389964,0.02861296010624538,-0.0038418785688639546,0.15910148345536476,-2.2048069614627686,2.068319284919742,1,-19.093341689226616,-18.693587527907678,-1.9742942473309313
910,910,22,Sokhda,0.11439354556803591,1.9056411444528465,309856.7603927686,2482052.487596112,874,1.0,0.009605029606702844,-20.175012921236977,1.048268472816574,0.9100284111761021,874,1.0,0.011742088460368175,-19.30254652138814,1.0467767907112497,0.912623883915371,874,1.0,0.010596372800197389,-19.748427708145496,1.1185408033361899,0.7992751988804127,874,1.0,0.01195723783562254,-19.223691323285163,0.9547304623768442,1.0970803604760042,874,4,measured,False,,-20.175012921236977,-19.30254652138814,-19.748427708145496,-19.223691323285163,0.006182394392630168,0.00874560641433888,0.067112799988372,0.09815117176885124,0.9513215979518144,3,-19.612419618513947,-19.528643300363758,-0.42658521309148156
911,911,22,Sokhda,0.13010206468598917,2.067095478568195,309861.9438292576,2482030.536563158,995,1.0,0.009187120818669016,-20.368205722351497,1.012423509945825,0.9756084583089017,995,1.0,0.010169060684166656,-19.92719160993017,1.0627390462613555,0.8854146944227544,995,1.0,0.008858884733929165,-20.526209490370317,1.0523698508906383,0.9029489656256716,995,1.0,0.009651445767759016,-20.154076253163904,1.036008884561517,0.9316934457572487,995,4,measured,False,,-20.368205722351497,-19.92719160993017,-20.526209490370317,-20.154076253163904,-0.002289909681432161,0.006202220620106876,0.03392416249394833,0.5301370052252317,0.5990178804401474,1,-20.243920768953974,-20.27150299049822,0.1580037680188191
912,912,22,Sokhda,0.09451176237947657,1.5698132431533027,310015.25545904227,2481717.089841521,718,1.0,0.010220335276290042,-19.90534857013995,1.0733054565489901,0.8680671576213717,718,1.0,0.010098870573161639,-19.957271936699136,1.0094173183488044,0.9814281191105432,718,1.0,0.012016101339968449,-19.202364176232372,0.9866708000417755,1.0272010356905488,718,1.0,0.01078865893394368,-19.670325362053976,1.0782084578755418,0.8601902812938473,718,4,measured,False,,-19.90534857013995,-19.957271936699136,-19.202364176232372,-19.670325362053976,0.01018817962184895,-0.007799353097026737,-0.003994105119937457,-1.1709455797291817,0.7549077604667644,2,-19.683827511281358,-19.548507989187033,-0.7549077604667644
913,913,22,Sokhda,0.3779617053494323,3.676751815919274,309878.24074266123,2481682.6174227386,2890,1.0,0.008504476270314991,-20.70352426309573,1.0335679923390995,0.9360992490603104,2890,1.0,0.011846256209867196,-19.264188787077167,0.9361652043535633,1.1410246053853506,2890,1.0,0.006137744798271754,-22.11991173090002,1.0953009090012487,0.8335527791204742,2890,1.0,0.0074486588425042065,-21.27921916477666,1.047446625940648,0.9114570231896827,2890,4,measured,False,,-20.70352426309573,-19.264188787077167,-22.11991173090002,-21.27921916477666,-0.020527354605859298,0.014011542768722704,0.11071811353988946,2.2570800339276538,2.8557229438228546,1,-20.841710986462395,-21.089293613951828,1.4163874678042916
914,914,22,Sokhda,1.1399690165036824,4.0,309899.0013932518,2481097.5643943786,9588,1.0,0.007825468081173736,-21.064896756357044,1.0872201787063875,0.8459895363188188,9588,1.0,0.013768170161355262,-18.61123775184785,0.9691855145181021,1.0645992869016323,9588,1.0,0.006493894559370398,-21.87494767243027,1.120384201601999,0.7966472246275241,9588,1.0,0.010665708262966136,-19.72010299662776,1.1644325300059937,0.7375158206433148,9588,4,measured,False,,-21.064896756357044,-18.61123775184785,-21.87494767243027,-19.72010299662776,-0.011739868348887341,0.03591407793004186,0.18874300034686115,2.964895591875738,3.2637099205824214,1,-20.31779629431573,-20.460151831433024,0.8100509160732265
915,915,22,Sokhda,0.10661335510471835,2.035315067968543,310135.5805191387,2481733.6262300387,817,1.0,0.008762058336519284,-20.573938596782636,1.023977228405915,0.9537167332203978,817,1.0,0.017223754967086845,-17.63872161609966,0.8867610370564409,1.2717062179805583,817,1.0,0.005352896765341242,-22.714111322330393,1.069748606905058,0.8738492962593403,817,1.0,0.008203298226164524,-20.860114996372154,1.204249744231342,0.6895517651000256,817,4,measured,False,,-20.573938596782636,-17.63872161609966,-22.714111322330393,-20.860114996372154,-0.031016996022431256,0.030899938765970643,0.22578592159099825,3.9941690515059953,5.075389706230734,1,-20.446721632896214,-20.81773955985157,2.1401727255477567
916,916,22,Sokhda,0.21455648579760456,2.7743358795858652,310331.97123206663,2481793.836621752,1639,1.0,0.010635316652696885,-19.732495750163842,1.0629483021198551,0.8850661168402517,1639,1.0,0.012302889505180374,-19.09992876464765,1.0008492625459489,0.9983036362012042,1639,1.0,0.007526408600054439,-21.234122080289094,1.0328265062983444,0.937443818893112,1639,1.0,0.009577469072550327,-20.187492417612166,1.068170952684507,0.8764324972432967,1639,4,measured,False,,-19.732495750163842,-19.09992876464765,-21.234122080289094,-20.187492417612166,-0.021762700436597848,0.01744382771128213,0.04865899888586092,2.5482559928021793,2.1341933156414434,1,-20.063509753178188,-20.34428386001195,1.5016263301252515
917,917,22,Sokhda,0.32879951566588134,3.5463281621530456,309994.42170813336,2482012.63168988,2517,1.0,0.00782897191467593,-21.06295264902223,1.0474479973269193,0.9114546365149585,2517,1.0,0.008531176692903751,-20.689910630891625,1.0018547543799923,0.9963007861182215,2517,1.0,0.00811528459557294,-20.906962452623166,1.026545249231607,0.948951037793896,2517,1.0,0.007610938678715269,-21.185617771524008,1.0626401109269474,0.885579572213178,2517,4,measured,False,,-21.06295264902223,-20.689910630891625,-20.906962452623166,-21.185617771524008,0.002260727484044396,-0.004644255315014038,0.028695539856200342,-0.4346455152999056,0.4957071406323834,1,-20.961360876015256,-20.921577243273404,-0.1559901963990633
918,918,22,Sokhda,0.16805116703209932,2.2888431972312806,309995.00375168986,2481976.1927267187,1285,1.0,0.00798470314545353,-20.9774122538498,1.1297096289279411,0.7835493220007556,1285,1.0,0.009133625353141182,-20.3935680643609,1.0391064112846726,0.9261470572797784,1285,1.0,0.008497137081427878,-20.707273753649787,1.1689458115264304,0.7318317408110842,1285,1.0,0.010089320109728558,-19.961380986334312,1.2252908209116113,0.6660727092898211,1285,4,measured,False,,-20.9774122538498,-20.3935680643609,-20.707273753649787,-19.961380986334312,0.00391505072753641,0.012431546121924578,0.04491109149914617,0.4757542671154624,1.016031267515487,3,-20.509908764548697,-20.4635239160635,-0.2701385002000123
919,919,22,Sokhda,0.18952622299413197,2.6663406327439594,309485.3832685855,2482436.441294797,1448,0.0,,,1.0336702746666657,0.9360321286616802,0,0.0,,,1.082973414620704,0.8526440205208261,0,0.0,,,1.0351184828354323,0.9337398129592966,0,0.0,,,0.9931309705500415,1.014000537506892,0,0,imputed,False,383.0483855412451,-21.16855952282182,-20.421872432550337,-21.7213554141339,-20.768039977284737,-0.008011534656696809,0.015888590614152716,0.05743746848242172,1.5061113281612428,1.2994829815835622,1,-21.019956836697695,-21.124263946973933,0.5527958913120798
920,920,22,Sokhda,0.18315280897775665,2.5484235127582244,309447.3396653931,2482375.288922583,1401,0.0,,,1.036189566128817,0.9314141349163045,0,0.0,,,1.0636039089291502,0.8847047262225658,0,0.0,,,1.0580794877986797,0.8932792060684245,0,0.0,,,1.0117067847336043,0.9774279675708832,0,0,imputed,False,333.8659676584198,-21.18554681670436,-20.01024666445045,-21.882078503066474,-20.802269149823687,-0.010094662121190059,0.01799682255404645,0.0904077040195316,1.776341039604901,1.8718318386160249,1,-20.970035283511244,-21.095257301586706,0.696531686362114
921,921,22,Sokhda,0.1540439114370849,2.4073679876541982,311180.2900957371,2482410.7185891303,1181,1.0,0.007306921210795849,-21.362655755480464,1.0242954507879372,0.9531242345102348,1181,1.0,0.009338311403910563,-20.29731647780985,1.0535921574022888,0.9008551000157818,1181,1.0,0.007204637978194637,-21.42387836921118,1.0625244470294493,0.8857723869013946,1181,1.0,0.00606299951089504,-22.17312466799768,1.0507030901874848,0.9058159859653347,1181,4,measured,False,,-21.362655755480464,-20.29731647780985,-21.42387836921118,-22.17312466799768,-0.0008872842569669102,-0.012487438313108315,0.0819491752054318,-0.6880236850557822,1.8758081901878292,1,-21.314243817624796,-21.293747025963114,0.0612226137307168
922,922,22,Sokhda,0.06409300307650119,1.3186111469896848,311158.465002298,2482402.0909752417,488,1.0,0.009877142233920897,-20.053686922107193,0.9417196996954323,1.127604211066085,488,1.0,0.016259310420637718,-17.88897877368179,0.9495364497676498,1.1091153573070474,488,1.0,0.012047532527861624,-19.19101892447236,1.0241105610541021,0.9534684137426307,488,1.0,0.01702065629205372,-17.690236981572877,1.016413016045959,0.9679647992112221,488,4,measured,False,,-20.053686922107193,-17.88897877368179,-19.19101892447236,-17.690236981572877,0.01250243474833092,0.025013032381658046,0.1665160114173388,0.6381139452646494,2.3634499405343163,3,-18.705980400458554,-18.537247594979085,-0.8626679976348335
923,923,22,Sokhda,0.04948876625582343,1.3837731456688784,311271.1170142342,2482553.324563173,378,1.0,0.008242864661364818,-20.83921830728294,1.0364436124499379,0.9309120271146296,378,1.0,0.012011238656895035,-19.20412203744808,0.9718035038627238,1.0588710601306681,378,1.0,0.006100003977297564,-22.146698818223772,0.9741914193851852,1.053686461505251,378,1.0,0.006329182699677182,-21.98652367697798,1.0614891943726312,0.8875009874151841,378,4,measured,False,,-20.83921830728294,-19.20412203744808,-22.146698818223772,-21.98652367697798,-0.018948992912185957,0.0026695856874298465,0.12577663614114315,1.4676556521866218,2.942576780775692,1,-21.044140709983193,-21.25659977562493,1.307480510940831
924,924,22,Sokhda,0.049660485660342965,1.3671467073128165,311275.28258975176,2482527.971446519,381,1.0,0.008220551269026712,-20.850990577557333,1.0400966304133055,0.9243844287886949,381,1.0,0.015901539933908353,-17.98560815779254,0.8471680319611017,1.393352116232977,381,1.0,0.01631157858963676,-17.8750400710237,0.902792125907166,1.2269432478257423,381,1.0,0.00990160172401384,-20.042945464494668,1.0310822667927957,0.9406181719666658,381,4,measured,False,,-20.850990577557333,-17.98560815779254,-17.8750400710237,-20.042945464494668,0.043129717485994666,-0.036131756557849455,0.22041403228959938,-5.143855900004599,2.975950506533632,2,-19.18864606771706,-18.558725645365737,-2.975950506533632
925,925,22,Sokhda,0.10722106983064442,1.9235719740402566,311293.2636620977,2482544.1605699714,816,1.0,0.007078300909780392,-21.500709787599117,0.9618896661855094,1.0808103177486583,816,1.0,0.012846758573896652,-18.912064373950347,0.9616162718745487,1.0814249691544677,816,1.0,0.01074429724082941,-19.688219854225174,1.1277025300674945,0.7863409455539423,816,1.0,0.006678484089512298,-21.75322104331628,1.1852294357852284,0.7118609047983471,816,4,measured,False,,-21.500709787599117,-18.912064373950347,-19.688219854225174,-21.75322104331628,0.02626797004889772,-0.034416686484851765,0.19912657028067463,-3.877491122465049,2.841156669365933,1,-20.46355376477273,-20.052203235389378,-1.8124899333739428
926,926,22,Sokhda,0.1939525270225713,2.71785066181767,311216.8314896208,2482622.221261614,1485,1.0,0.010348900328315825,-19.851057957836126,1.0171158460415566,0.9666275284401441,1485,1.0,0.010839956346441155,-19.64972466740242,1.0222946339989019,0.9568587609500955,1485,1.0,0.014418504313457117,-18.410797883060606,0.946954870623906,1.1151709193438535,1485,1.0,0.010522159809716877,-19.77895106459109,1.0778235853353768,0.860804709724801,1485,4,measured,False,,-19.851057957836126,-19.64972466740242,-18.410797883060606,-19.77895106459109,0.020873334417036513,-0.022802553025508075,0.015487176187208117,-2.808413256306004,1.4402600747755194,2,-19.422632893222563,-19.13288516981834,-1.4402600747755194
927,927,22,Sokhda,0.22378837473802268,2.6618741846889042,309160.3539663982,2481345.8771221866,1709,1.0,0.009248198320958582,-20.33942865691014,1.0718771442420192,0.870382156305797,1709,1.0,0.009815488126539764,-20.080880979599065,1.0369420840003043,0.9300172391892867,1709,1.0,0.006312128984953551,-21.998241351343097,0.9960183080455461,1.0080111992850467,1709,1.0,0.008048709256931004,-20.942737603200495,1.055171987018606,0.8981595543394385,1709,4,measured,False,,-20.33942865691014,-20.080880979599065,-21.998241351343097,-20.942737603200495,-0.024040763687434154,0.017591729135710034,0.019888282870082683,2.7143164425755586,1.9173603717440315,1,-20.8403221477632,-21.156409353023243,1.6588126944329566
928,928,22,Sokhda,0.24275456376193616,2.8410286477640896,309129.1423901953,2481343.815298522,1854,1.0,0.010135957921317641,-19.941352010624097,0.9867392379093041,1.0270585522302698,1854,1.0,0.0111377036027763,-19.53204343762788,0.9972326820682029,1.0055576950724268,1854,1.0,0.007433205414992244,-21.28823865398993,1.0115806564169956,0.9772348982701105,1854,1.0,0.009159654296874584,-20.38120917139239,0.9822194737593597,1.0365324895032832,1854,4,measured,False,,-19.941352010624097,-19.53204343762788,-21.28823865398993,-20.38120917139239,-0.01952009628066422,0.015117158043292337,0.03148527484586284,2.2539161259633715,1.7561952163620482,1,-20.285710818408575,-20.539755067755088,1.3468866433658313
929,929,22,Sokhda,0.10681804821406259,1.9466086525203847,309118.5422989882,2481438.3509294796,815,1.0,0.011267234585263112,-19.481826635221974,0.9967619688841745,1.0065076531209998,815,1.0,0.014938245468635999,-18.257004084132777,0.9851589889606004,1.0303561111270956,815,1.0,0.011543809401703088,-19.37650852433616,1.0197463871685368,0.9616469296316724,815,1.0,0.013884332938640423,-18.574749807337934,0.9623311792746321,1.0798188037133618,815,4,measured,False,,-19.481826635221974,-18.257004084132777,-19.37650852433616,-18.574749807337934,0.0015263494331277504,0.01336264528330376,0.09421711931455362,0.6964406061124109,1.224822551089197,1,-18.922522262757212,-18.895957384985728,-0.10531811088581478
930,930,22,Sokhda,0.17169606705971527,2.5781715293934946,309124.01413097174,2481407.88559214,1314,1.0,0.009082487495491601,-20.41795191389028,1.0038674517736057,0.992309737731132,1314,1.0,0.010727801241100097,-19.694892814552173,1.0200896822436276,0.9609997843642099,1314,1.0,0.007229343529867962,-21.409011376017336,1.0408127262586415,0.9231128837414696,1314,1.0,0.009208258215812126,-20.35822510823746,1.0467537610617923,0.912664041668067,1314,4,measured,False,,-20.41795191389028,-19.694892814552173,-21.409011376017336,-20.35822510823746,-0.014363180610537025,0.01751310446299795,0.055619930718316044,2.0418457299069317,1.7141185614651633,1,-20.470020303174312,-20.65627831471679,0.9910594621270548
931,931,22,Sokhda,0.24758810940522236,3.1696488724357326,308797.3276905204,2481442.754213546,1895,1.0,0.007894405743618552,-21.02680556216891,1.0355182941124284,0.9325764589930038,1895,1.0,1.420824800245536,1.5254052903403734,2.5704315683748997,0.15135191050621694,1895,1.0,0.01220967047886587,-19.132960568693157,0.9604164067768914,1.0841287434795737,1895,1.0,0.013214218153526396,-18.789585277009518,0.9350410517828054,1.1437698469875162,1895,4,measured,False,,-21.02680556216891,1.5254052903403734,-19.132960568693157,-18.789585277009518,0.02744702889095294,0.0057229215280606505,1.7347854501930218,-1.5504697017921139,22.552210852509283,1,-14.355986529382804,-13.623620348308867,-1.8938449934757529
932,932,22,Sokhda,0.1692190018351248,2.509257522121571,309272.32450233906,2481346.9454194903,1289,1.0,0.012498762425917001,-19.031329868482146,1.0197609308690854,0.9616195000551468,1289,1.0,0.014466244988386107,-18.396441843237024,1.0270414061428175,0.9480343953179626,1289,1.0,0.010703869261165544,-19.704592040886894,1.0261426571452652,0.949695798026644,1289,1.0,0.011548671383269904,-19.374679763003456,1.03624326664367,0.9312720243389904,1289,4,measured,False,,-19.031329868482146,-18.396441843237024,-19.704592040886894,-19.374679763003456,-0.009757422788474603,0.005498537964723956,0.048837540403470894,1.003174450288185,1.3081501976498693,1,-19.12676087890238,-19.24409006975469,0.6732621724047476
933,933,22,Sokhda,0.09290027500338037,1.831030799706772,309309.01532699424,2481325.1215069317,718,1.0,0.008862082125210627,-20.524642296643098,1.0147142596391374,0.9712084962406903,718,1.0,0.01262594897853383,-18.987359699893386,0.8615536438590481,1.3472101706612083,718,1.0,0.009291929728024216,-20.318940832935326,0.9726606231264786,1.0570057046763888,718,1.0,0.009943129199970641,-20.024769173719832,0.9933729013867724,1.0133871264632077,718,4,measured,False,,-20.524642296643098,-18.987359699893386,-20.318940832935326,-20.024769173719832,0.0029811806334459723,0.0049028609869248875,0.11825250744228555,0.08847019550772117,1.5372825967497121,1,-19.96392800079791,-19.904773086018185,-0.2057014637077721
934,934,22,Sokhda,0.15294369556530146,2.4386531549944648,309308.50349675433,2481356.196804253,1175,1.0,0.007709837868475935,-21.129547547073567,1.0012259511710124,0.9975525991678702,1175,1.0,0.012147276744446494,-19.15521074116855,0.9290457128141717,1.1585794815260573,1175,1.0,0.009969414875254672,-20.01330330545443,0.9961703531081599,1.007703518115477,1175,1.0,0.009659319462903597,-20.150534702632754,1.0037917087713037,0.992459496598,1175,4,measured,False,,-21.129547547073567,-19.15521074116855,-20.01330330545443,-20.150534702632754,0.01617745277708897,-0.0022871899529720943,0.1518720619926937,-1.2534756387974646,1.9743368059050184,1,-20.112149074082325,-19.87197257691188,-1.116244241619139
935,935,22,Sokhda,0.1428861233931544,2.334984543316317,309282.5502210859,2481280.261771258,1090,1.0,0.008812873491512344,-20.54882464115081,1.1102643085231845,0.8112360510267759,1090,1.0,0.012927877107372004,-18.884727849608783,1.0303812196074915,0.9418985564215004,1090,1.0,0.0067686607284102125,-21.69497253885009,1.1678866276337119,0.7331597736390181,1090,1.0,0.008260485405487397,-20.829944317679075,1.0803811902473812,0.8567339383471483,1090,4,measured,False,,-20.54882464115081,-18.884727849608783,-21.69497253885009,-20.829944317679075,-0.016610839097091056,0.014417137019516938,0.12800744550323273,2.0111761188702992,2.8102446892413084,1,-20.489617336822192,-20.684474478780317,1.146147897699283
936,936,22,Sokhda,0.13773668890769478,2.2977226422913373,309284.9425024826,2481237.8152559544,1045,1.0,0.010162556613308074,-19.929970220346465,1.0661821431066185,0.8797052645986124,1045,1.0,0.010827141196692433,-19.654861995518047,0.9749254975393651,1.0521002951519267,1045,1.0,0.009396689298046983,-20.270251328737693,1.0496333811955747,0.9076632085644485,1045,1.0,0.007123183439577705,-21.473258713552,0.9954165740027529,1.0092302627456244,1045,4,measured,False,,-19.929970220346465,-19.654861995518047,-20.270251328737693,-21.473258713552,-0.00493161026653953,-0.020050123080238437,0.021162171140647574,-0.8627262764230785,1.8183967180339522,1,-20.332085564538552,-20.368293672488146,0.3402811083912276
937,937,22,Sokhda,0.3464536140292512,3.429663063448211,309320.113459918,2481259.4652144,2632,1.0,0.009809471397321877,-20.083543948026726,1.0329654565153383,0.9371916337685282,2632,1.0,0.012220362386133938,-19.1291591520928,0.9502080136237495,1.107548166617496,2632,1.0,0.007940343919069157,-21.00160686625894,1.0220280486297266,0.9573579993309826,2632,1.0,0.013595293718467294,-18.666114052937203,0.9416643975585749,1.1277366590033182,2632,4,measured,False,,-20.083543948026726,-19.1291591520928,-21.00160686625894,-18.666114052937203,-0.013305259684524824,0.038924880222028925,0.07341421507184046,3.2535557315539485,2.3354928133217356,3,-19.720106004828917,-19.911439118143488,0.9180629182322129
938,938,22,Sokhda,0.13367481757062488,2.1614842907858685,309063.91130506806,2481002.7376074702,1015,1.0,0.00980371269007475,-20.086094247703766,0.9607758269552168,1.0833177637460583,1015,1.0,0.00812807300887287,-20.900124040748935,1.0657171072004556,0.8804731678034706,1015,1.0,0.005907819604982058,-22.285727743209833,1.1437865741469384,0.7643812247556451,1015,1.0,0.008025774550892291,-20.955130440388373,1.0628425007055258,0.8852423346856372,1015,4,measured,False,,-20.086094247703766,-20.900124040748935,-22.285727743209833,-20.955130440388373,-0.031878746311682124,0.022176621713690992,-0.0626176763880899,3.5302307983275263,2.199633495506067,0,-21.056769118012728,-21.494883832044454,1.385603702460898
939,939,22,Sokhda,0.17792652095686645,2.5819994722551294,309065.4345664444,2481032.80361185,1349,1.0,0.014776416928241592,-18.304308634340753,2.133755286099542,0.2196396686895588,1349,1.0,0.010624873356845354,-19.736762378189233,1.149835657329852,0.7563598295788374,1349,1.0,0.011320728262398511,-19.461256340869987,1.0037323983453927,0.9925767886863079,1349,1.0,0.016314026144298083,-17.874388460428754,0.9174081924040808,1.1881595742385762,1349,4,measured,False,,-18.304308634340753,-19.736762378189233,-19.461256340869987,-17.874388460428754,-0.016767358065641072,0.026447798007353876,-0.11018874952680618,2.7438155869704666,1.862373917760479,3,-18.84417895345718,-19.107603331426862,-0.2755060373192464
940,940,22,Sokhda,0.21968346852128742,2.915085920069312,308916.4031030701,2480976.229322295,1683,1.0,0.0071571034913989065,-21.45262702861716,1.0354442994930513,0.9327097507708184,1683,1.0,0.009357461381698436,-20.28841956545881,1.0271420986462227,0.9478485295499194,1683,1.0,0.006457529498925221,-21.89933601230343,1.059471851631055,0.8908839904060832,1683,1.0,0.009390054682934783,-20.2733187861486,0.9907837127456792,1.0186905621621194,1683,4,measured,False,,-21.45262702861716,-20.28841956545881,-21.89933601230343,-20.2733187861486,-0.006474043241829966,0.027100287102580486,0.08955442024295014,2.072726209841097,1.6260172261548291,3,-20.978425348132,-21.067857387537966,0.44670898368626766
941,941,22,Sokhda,0.12314434824539348,2.192116148670341,309514.69608649774,2480760.9784893873,945,1.0,0.0109684853342221,-19.598533411041007,1.3005110872510706,0.5912509913403522,945,1.0,0.014500936112995197,-18.386039608280925,1.0804505622522147,0.8566239260152874,945,1.0,0.015768124700570724,-18.022199541423873,1.0788716238180418,0.8591331145968796,945,1.0,0.01463020174088395,-18.3474968519741,1.0505451458819781,0.9060883764136699,945,4,measured,False,,-19.598533411041007,-18.386039608280925,-18.022199541423873,-18.3474968519741,0.022845418400248316,-0.005421621842503773,0.09326875405846789,-1.9016311801673602,1.5763338696171338,2,-18.588567353179975,-18.274583818754003,-1.5763338696171338
942,942,22,Sokhda,0.06473286788284313,1.5816936673996014,309485.01530370314,2480753.9444084233,496,1.0,0.006850999550923945,-21.642460609481773,1.062806132457294,0.8853029200790153,496,1.0,0.008379967779950264,-20.767576511807864,1.0298636571587034,0.9428455047197958,496,1.0,0.007304137608563847,-21.364310533712136,1.1384849671587431,0.7715168207837562,496,1.0,0.008547945764788775,-20.681382420212678,1.0191053928513472,0.962857018549712,496,4,measured,False,,-21.642460609481773,-20.767576511807864,-21.364310533712136,-20.681382420212678,0.004031160518400548,0.011382135224990956,0.06729877674414689,0.4047780377298196,0.9610781892690952,3,-21.11393251880361,-21.059913699075096,-0.2781500757696378
943,943,22,Sokhda,0.18244300199928112,2.401586524097971,310048.5948617596,2481887.083048556,1390,1.0,0.0077018787321851715,-21.1340332372386,1.0702569529500383,0.8730193790397418,1390,1.0,0.008556937122601922,-20.676816592468118,0.9810670779212106,1.0389690145936046,1390,1.0,0.006378548546053411,-21.952781347826125,1.1577717510016328,0.7460262385982271,1390,1.0,0.008335187647268127,-20.790846186007318,1.1017061822895569,0.8238884735406519,1390,4,measured,False,,-21.1340332372386,-20.676816592468118,-21.952781347826125,-20.790846186007318,-0.011865914646196005,0.01936558603031345,0.035170511136191004,1.9806832724063312,1.2759647553580074,1,-21.13861934088504,-21.30006273051423,0.8187481105875243
944,944,22,Sokhda,0.16089837481752037,2.19631755963228,310023.2826307095,2481883.354793381,1225,1.0,0.009594026819549796,-20.17999071823196,0.985551447013631,1.0295356749300861,1225,1.0,0.01056690853614745,-19.76052051677432,1.0004321526101982,0.9991362547245849,1225,1.0,0.00912249943738618,-20.39886154747648,1.0546822904453586,0.8989937918478952,1225,1.0,0.008776741990946087,-20.566666683695537,1.0838743736793977,0.8512205572994346,1225,4,measured,False,,-20.17999071823196,-19.76052051677432,-20.39886154747648,-20.566666683695537,-0.003172041003543756,-0.0027967522703176446,0.03226693857366451,0.05106569302546049,0.8061461669212164,1,-20.226509866544575,-20.256138509780804,0.21887082924451917
945,945,22,Sokhda,0.22861345330644398,2.8612835037482762,310091.94890290813,2481832.433878636,1746,1.0,0.014195130448957677,-18.47860612084783,0.9600618773763087,1.0849295803622603,1746,1.0,0.014121898140539563,-18.501069253409657,0.9773109790160823,1.0469704995734541,1746,1.0,0.008973147820685692,-20.470551777656453,1.0622964219680349,0.8861526950270067,1746,1.0,0.014347780137500491,-18.432152869864463,0.9667714473805324,1.06992261926617,1746,4,measured,False,,-18.47860612084783,-18.501069253409657,-20.470551777656453,-18.432152869864463,-0.028868777634907604,0.033973315129866496,-0.0017279332739867925,4.030344564600615,2.03839890779199,3,-18.9705950054446,-19.36941409479188,1.9694825242467964
946,946,22,Sokhda,0.2019408294770401,2.6506435331407614,309896.5239739628,2481620.1285965564,1542,1.0,0.008948019288699448,-20.482730883922713,1.0586874979590888,0.892204544356075,1542,1.0,0.01095241829889594,-19.60489977818447,1.023888656475433,0.9538817437131435,1542,1.0,0.006871958114647548,-21.62919496242134,1.1515031429364062,0.7541708543171428,1542,1.0,0.01408978414306779,-18.510956602755,0.9045318652977427,1.2222280822994467,1542,4,measured,False,,-20.482730883922713,-19.60489977818447,-21.62919496242134,-18.510956602755,-0.016615421427516347,0.05197063932777232,0.06752546967217245,4.264702438164967,3.118238359666339,3,-20.05694555682088,-20.304874410821316,1.146464078498628
947,947,22,Sokhda,0.33912612187229096,3.6368261196918925,309854.91012508556,2481616.0968208103,2594,1.0,0.007698592878367285,-21.135886463865926,1.1162390999806286,0.8025748345003294,2594,1.0,0.010227564576315509,-19.902277697079608,0.9951064660398905,1.0098593795636868,2594,1.0,0.00792957032993546,-21.007503446361923,1.0900045447073914,0.8416729746145173,2594,1.0,0.010322622454455047,-19.86209956505702,1.0334101661057447,0.9363851999927661,2594,4,measured,False,,-21.135886463865926,-19.902277697079608,-21.007503446361923,-19.86209956505702,0.0018606234420870007,0.019090064688415075,0.09489298206048602,1.0170208638009015,1.2737868988089076,3,-20.476941793091118,-20.452015731822303,-0.12838301750400305
948,948,22,Sokhda,0.23969406110825947,3.056031515134624,310161.3632700308,2481687.0224979413,1835,1.0,0.013025478057740385,-18.852063283717268,0.9296824897295367,1.1569929097297786,1835,1.0,0.014376285769832346,-18.423533029672676,0.9447561403188762,1.1203676324709662,1835,1.0,0.0057877952292324335,-22.374868425128422,1.0395244925639373,0.925402241962254,1835,1.0,0.006872867050721878,-21.62862057036133,1.1248182955048787,0.790378752388579,1835,4,measured,False,,-18.852063283717268,-18.423533029672676,-22.374868425128422,-21.62862057036133,-0.051055146976973255,0.012437464246118187,0.03296386569573784,4.269052996178246,3.9513353954557466,1,-20.319771327219925,-20.967064237489595,3.5228051414111548
949,949,22,Sokhda,0.24584549734869507,3.1039286216627966,310206.34483590873,2481695.836685663,1880,1.0,0.012125037801367998,-19.1631689875457,0.9565230858764225,1.0929721288835785,1880,1.0,0.011978445903508706,-19.215995241263446,1.0382969294338853,0.9275917143037143,1880,1.0,0.012386263262116235,-19.070596935764616,0.9666763407533809,1.0701331586846263,1880,1.0,0.013978677499780462,-18.545339145500073,1.0801531271554097,0.8570957574509069,1880,4,measured,False,,-19.1631689875457,-19.215995241263446,-19.070596935764616,-18.545339145500073,0.0013416239388562765,0.008754296504409058,-0.004063557978288219,0.43268573848346037,0.6706560957633734,3,-18.99877507751846,-18.991994037844854,-0.14539830549882993
950,950,22,Sokhda,0.11906429797938672,2.1517320537979545,310613.86772875575,2481440.95692769,923,1.0,0.013133573724993833,-18.816170836695054,4.6206463196065926,0.04683759049981506,923,1.0,0.015870193991050673,-17.994177645666433,0.9666113657435198,1.0702770308796952,923,1.0,0.006624537293393187,-21.788444506657,1.0132726262933196,0.9739740354103,923,1.0,0.014482637834778886,-18.391523295232584,1.115225873383128,0.8040338386282895,923,4,measured,False,,-18.816170836695054,-17.994177645666433,-21.788444506657,-18.391523295232584,-0.0430764299994485,0.056615353523740274,0.0632302454637401,6.369194881386363,3.794266860990568,1,-19.24757907106277,-19.83395131362088,2.9722736699619468
951,951,22,Sokhda,0.11171567584425211,1.7565957215950738,310587.4734472493,2481426.8871548655,854,1.0,0.009813324686368358,-20.081838317305763,0.8904566251924037,1.2611724089510725,854,1.0,0.0105576361975501,-19.764333073017827,0.9675781828878514,1.0681392290425324,854,1.0,0.006730011499806137,-21.719841936812117,0.9309454413933913,1.153855808710931,854,1.0,0.00771143825024082,-21.12864614699932,0.9675707442802267,1.0681556526460825,854,4,measured,False,,-20.081838317305763,-19.764333073017827,-21.719841936812117,-21.12864614699932,-0.023739182891396423,0.009853263163546622,0.02442348032984125,2.2291994093191505,1.9555088637942895,1,-20.673664868533756,-20.976834549044067,1.6380036195063532
952,952,22,Sokhda,0.14266946779803547,2.081356708573592,310547.28666199767,2481434.011041668,1092,1.0,0.010771870671285816,-19.67708869434691,1.0657974230199145,0.8803404723062418,1092,1.0,0.010330872027949866,-19.858630181761672,0.9818533066630328,1.0373057513783939,1092,1.0,0.007494652035286194,-21.252485259462098,1.3053389210468758,0.5868855613090104,1092,1.0,0.011017115568509511,-19.579320948355473,0.9805817354598552,1.0399977520301327,1092,4,measured,False,,-19.67708869434691,-19.858630181761672,-21.252485259462098,-19.579320948355473,-0.02283183427703171,0.02788607185177708,-0.013964729801135544,3.2485608762218128,1.6731643111066248,3,-20.09188127098154,-20.411221637856578,1.393855077700426
953,953,22,Sokhda,0.11121474143604573,2.0750175682081347,310615.7185820493,2481409.356124671,853,1.0,0.00973781526944531,-20.115384684655723,0.9623927190815482,1.0796807109893631,853,1.0,0.009882937353585265,-20.05113957552064,0.9801334554995617,1.0409492893187795,853,1.0,0.007350301055584747,-21.336948726026645,0.9936878315104203,1.012744881385172,853,1.0,0.00891876955351362,-20.496950573928537,1.0998057697991301,0.8267382143601377,853,4,measured,False,,-20.115384684655723,-20.05113957552064,-21.336948726026645,-20.496950573928537,-0.017703826686535095,0.013999969201635131,0.0049419314719294505,2.0615621934690296,1.2858091505060045,1,-20.500105890032884,-20.736169450644383,1.2215640413709217
954,954,22,Sokhda,0.11891563787091873,2.1271675962127756,310426.21413104824,2481497.6981761246,911,1.0,0.00836760513236249,-20.773988223680856,1.0245579649058514,0.9526358746090762,911,1.0,0.010996881963482818,-19.587304364792054,0.9860652216888844,1.028463105804222,911,1.0,0.007609162609128736,-21.18663134851646,1.006290554768596,0.9875366157752127,911,1.0,0.009231947768103503,-20.347066613036596,0.9386850827753702,1.1349067196908547,911,4,measured,False,,-20.773988223680856,-19.587304364792054,-21.18663134851646,-20.347066613036596,-0.005980335142544988,0.013992745591331079,0.09128337376067709,1.252207860315469,1.5993269837244064,1,-20.47374763750649,-20.5428646561574,0.41264312483560417
955,955,22,Sokhda,0.1598716600318672,2.390684721801711,310473.82150602376,2481499.9595894283,1222,1.0,0.007826140304729326,-21.064523704624882,0.9683985590998407,1.066330253101905,1222,1.0,0.00887989759848113,-20.51592042405071,1.069907788117657,0.8735892924637747,1222,1.0,0.005792112830437535,-22.371629866660317,0.9654112965084694,1.0729395330545821,1222,1.0,0.008929888075618259,-20.491539843864814,0.9722036142093001,1.0579996828163927,1222,4,measured,False,,-21.064523704624882,-20.51592042405071,-22.371629866660317,-20.491539843864814,-0.018943567565730943,0.03133483371325839,0.04220025235185951,3.1871961848309383,1.8800900227955033,3,-21.11090345980018,-21.372243304589567,1.307106162035435
956,956,22,Sokhda,0.23694092542044817,3.0250123340596455,310474.600279922,2481463.105939374,1817,1.0,0.008407957662621753,-20.753094838180687,1.0090432746058406,0.9821558680510212,1817,1.0,0.010156872116515626,-19.932400156430383,0.9593645869164303,1.0865072620528997,1817,1.0,0.005847592828753308,-22.330228751715964,1.07134725120331,0.8712433588771015,1817,1.0,0.009992602647764238,-20.003213818090515,1.0238285870580235,0.9539936780784374,1817,4,measured,False,,-20.753094838180687,-19.932400156430383,-22.330228751715964,-20.003213818090515,-0.022857013239641705,0.038783582227090815,0.06313036013463875,3.9041488471607266,2.3978285952855813,1,-20.754734391104385,-21.068314759591196,1.5771339135352775
957,957,22,Sokhda,0.13682499670577816,2.2998652492315856,310429.29642981966,2481464.9919782733,1052,1.0,0.01015728006257307,-19.93222572756904,0.9600092414600953,1.08504855385866,1052,1.0,0.012429570919657323,-19.055438633488237,0.9639059464094463,1.0762934097334729,1052,1.0,0.009029335239609302,-20.44344222266411,0.9203552208583272,1.180562650938762,1052,1.0,0.010410082614821079,-19.825458238978648,0.9979529573732078,1.0041066908037195,1052,4,measured,False,,-19.93222572756904,-19.055438633488237,-20.44344222266411,-19.825458238978648,-0.007408934711522753,0.010299733061424376,0.06744516108313875,1.1292004787805325,1.3880035891758737,1,-19.814141205675007,-19.902755784251323,0.51121649509507
958,958,22,Sokhda,0.22803712257710285,2.806314959314188,308860.7297858349,2481468.7113400456,1743,1.0,0.011554739871983376,-19.37239827202081,1.0062139860297041,0.9876869164295523,1743,1.0,0.007518700869515207,-21.23857193177181,1.2001713172042467,0.6942462030969347,1743,1.0,0.004845664372371464,-23.146466699085614,1.1071892241241463,0.8157485291506935,1743,1.0,0.0071660972830877405,-21.44717300381266,1.039414713856367,0.9255977266431643,1743,4,measured,False,,-19.37239827202081,-21.23857193177181,-23.146466699085614,-21.44717300381266,-0.054696643870504415,0.02832156158788255,-0.14355181998084604,5.4733621223377575,3.7740684270648046,0,-21.301152476672723,-22.050864954074484,1.907894767313806
959,959,22,Sokhda,0.18049213801603764,2.217269080369732,308888.6920375477,2481473.7300404534,1374,1.0,0.008478847788070778,-20.71663161101961,1.0199532390342856,0.9612569151033188,1374,1.0,0.009485045263919205,-20.22960592258351,1.0934632953748868,0.8363567781882247,1374,1.0,0.008482810938474906,-20.714602122736025,1.1429322931702164,0.7655243202533519,1374,1.0,0.007506969789987259,-21.24535331844848,1.0970698356402155,0.8308668881703746,1374,4,measured,False,,-20.71663161101961,-20.22960592258351,-20.714602122736025,-21.24535331844848,2.9412873675163613e-05,-0.008845853261874244,0.03746351449508477,-0.532780683996041,1.0157473958649703,1,-20.726548243696907,-20.708426608317072,-0.0020294882835862893
960,960,22,Sokhda,0.24643610859904438,2.900569274748527,308786.87934348604,2481531.9121011524,1882,1.0,0.007570054276147548,-21.209010066628235,1.041514870791328,0.9219603405522457,1882,0.05951115834218916,10.871552965470723,10.362915860514422,1.1646910870955454,0.7392439323759394,112,0.1259298618490967,0.05297016461541401,-12.759686774050696,1.08495163275144,0.84961535179239,237,0.3241232731137088,0.07977054990057442,-10.981574141169803,1.0231091567826276,0.9560640725162424,610,1,imputed,False,131.73912456128332,-21.07940406811902,-19.035133095279154,-21.482904807043926,-20.413354455375746,-0.005847836796013161,0.017825839194469673,0.1572516132953742,1.4730510905930885,2.447771711764773,1,-20.502699106454457,-20.559204113951356,0.4035007389249081
961,961,22,Sokhda,0.3766997190559283,3.6213620754621885,308636.95443739154,2481640.2661417085,2865,0.0,,,1.0281176108629224,0.9461977548105167,0,0.0,,,1.1113370761808654,0.8102992199215845,0,0.0,,,1.0991907414343074,0.8277951270216,0,0.0,,,1.0682422747482914,0.8782323074067695,0,0,imputed,False,290.9053998563979,-21.07940406811902,-10.429492429806531,-20.970850510482766,-20.413354455375746,0.0015732399657427884,0.00929160091845033,0.8192239721778836,0.4489424974707674,10.649911638312487,1,-18.223275365946016,-18.02746960108815,-0.1085535576362524
962,962,22,Sokhda,0.2253819165568435,2.683422416469629,308633.03641597327,2481603.2266350943,1708,0.0,,,1.0269419814214642,0.9483225068499055,0,0.0,,,1.1646910870955454,0.7392439323759394,0,0.0,,,1.0991907414343074,0.8277951270216,0,0.0,,,1.0682422747482914,0.8782323074067695,0,0,imputed,False,270.7324358787805,-20.883397595614635,-1.4033232595126126,-20.970850510482766,-20.929419040886522,-0.0012674335488134848,0.0006905244932707314,1.4984672566232324,0.12888438446437434,19.56752725097015,1,-16.046747601624133,-15.72363285007191,0.08745291486813045
963,963,22,Sokhda,0.22905618197372532,3.044027577135906,308708.95233894215,2481601.2574496507,1746,0.0,,,1.041514870791328,0.9219603405522457,0,0.0,,,1.1646910870955454,0.7392439323759394,0,0.0,,,1.08495163275144,0.84961535179239,0,0.0,,,1.0231091567826276,0.9560640725162424,0,0,imputed,False,219.1740093582995,-21.07940406811902,-19.035133095279154,-21.482904807043926,-20.413354455375746,-0.005847836796013161,0.017825839194469673,0.1572516132953742,1.4730510905930885,2.447771711764773,1,-20.502699106454457,-20.559204113951356,0.4035007389249081
964,964,22,Sokhda,0.17527854059249512,2.4006089161659343,308741.53565365117,2481602.183950196,1327,0.0,,,1.041514870791328,0.9219603405522457,0,0.0,,,1.1646910870955454,0.7392439323759394,0,0.0,,,1.08495163275144,0.84961535179239,0,0.0,,,1.0231091567826276,0.9560640725162424,0,0,imputed,False,194.662946065929,-21.07940406811902,-19.035133095279154,-21.482904807043926,-20.413354455375746,-0.005847836796013161,0.017825839194469673,0.1572516132953742,1.4730510905930885,2.447771711764773,1,-20.502699106454457,-20.559204113951356,0.4035007389249081
965,965,22,Sokhda,0.2092750658403762,2.676655468039962,308687.45235740725,2481739.7167279664,1602,0.0,,,1.0569359504283806,0.8953776567138974,0,0.0,,,1.2923379754657103,0.6079672971757035,0,0.0,,,1.0723737810596041,0.8696672704821015,0,0.0,,,1.0231091567826276,0.9560640725162424,0,0,imputed,False,310.95346869365903,-21.02596455141333,-9.77086530132109,-21.505072180738967,-19.849730161013614,-0.006943588830806318,0.027589033662089216,0.8657768653917108,2.134449649050989,11.734206879417878,1,-18.03790804862175,-17.957749719325836,0.479107629325636
966,966,22,Sokhda,0.7919911341648549,4.0,308827.69046671997,2481569.9331467897,6457,0.9340250890506427,0.008309887133961908,-20.804048748236404,1.041514870791328,0.9219603405522457,6031,0.25336843735480874,7.41441593717015,8.700769456200259,1.1468173062895668,0.7653014906425797,1636,0.28589128078054826,0.014639817456029536,-18.344643384643298,1.0723737810596041,0.8696672704821015,1846,0.38686696608332044,0.023746982331861708,-16.243915708764703,1.0231091567826276,0.9560640725162424,2498,1,imputed,False,118.20349976805309,-21.02596455141333,-19.128765188715043,-21.226656419297186,-19.954351715564478,-0.0029085777954181813,0.02120507839554513,0.1459384125152529,1.4729965716165623,2.0978912305821424,1,-20.333934468747508,-20.359595289775402,0.2006918678838545
