farm_id,ndvi_T4,ndvi_cov_T4,ndvi_scene_T4,ndvi_date_T4,ndvi_T4R,ndvi_cov_T4R,ndvi_scene_T4R,ndvi_date_T4R,ndvi_T1,ndvi_cov_T1,ndvi_scene_T1,ndvi_date_T1
1,0.26915757017886904,1.0,S2B_43QBE_20251013_0_L2A+S2B_43QCE_20251013_0_L2A,2025-10-13,0.29554459380074055,1.0,S2C_43QBE_20251018_0_L2A+S2C_43QCE_20251018_0_L2A,2025-10-18,0.15359217190980692,1.0,S2C_43QBE_20250610_0_L2A+S2C_43QCE_20250610_0_L2A,2025-06-10
2,0.23747040781658968,1.0,S2B_43QBE_20251013_0_L2A+S2B_43QCE_20251013_0_L2A,2025-10-13,0.24526213375616893,1.0,S2C_43QBE_20251018_0_L2A+S2C_43QCE_20251018_0_L2A,2025-10-18,0.1876301806417885,1.0,S2C_43QBE_20250610_0_L2A+S2C_43QCE_20250610_0_L2A,2025-06-10
3,0.42816227301287435,1.0,S2B_43QBE_20251013_0_L2A+S2B_43QCE_20251013_0_L2A,2025-10-13,0.5049443763898979,1.0,S2C_43QBE_20251018_0_L2A+S2C_43QCE_20251018_0_L2A,2025-10-18,0.19232511804290067,1.0,S2C_43QBE_20250610_0_L2A+S2C_43QCE_20250610_0_L2A,2025-06-10
4,0.3586178407894345,1.0,S2B_43QBE_20251013_0_L2A+S2B_43QCE_20251013_0_L2A,2025-10-13,0.4687454821321908,1.0,S2C_43QBE_20251018_0_L2A+S2C_43QCE_20251018_0_L2A,2025-10-18,0.27456539235715793,1.0,S2C_43QBE_20250610_0_L2A+S2C_43QCE_20250610_0_L2A,2025-06-10
5,0.32804846509430385,1.0,S2B_43QBE_20251013_0_L2A+S2B_43QCE_20251013_0_L2A,2025-10-13,0.3104956278792626,1.0,S2C_43QBE_20251018_0_L2A+S2C_43QCE_20251018_0_L2A,2025-10-18,0.22877051406254192,1.0,S2C_43QBE_20250610_0_L2A+S2C_43QCE_20250610_0_L2A,2025-06-10
6,0.34863112278940045,1.0,S2B_43QBE_20251013_0_L2A+S2B_43QCE_20251013_0_L2A,2025-10-13,0.34662686106255824,1.0,S2C_43QBE_20251018_0_L2A+S2C_43QCE_20251018_0_L2A,2025-10-18,0.35730317205300227,1.0,S2C_43QBE_20250610_0_L2A+S2C_43QCE_20250610_0_L2A,2025-06-10
7,0.3951521836456079,1.0,S2B_43QBE_20251013_0_L2A+S2B_43QCE_20251013_0_L2A,2025-10-13,0.4240568070544403,1.0,S2C_43QBE_20251018_0_L2A+S2C_43QCE_20251018_0_L2A,2025-10-18,0.21482523216408103,1.0,S2C_43QBE_20250610_0_L2A+S2C_43QCE_20250610_0_L2A,2025-06-10
8,0.37549049099757853,1.0,S2B_43QBE_20251013_0_L2A+S2B_43QCE_20251013_0_L2A,2025-10-13,0.4222656401828307,1.0,S2C_43QBE_20251018_0_L2A+S2C_43QCE_20251018_0_L2A,2025-10-18,0.36738075599831777,1.0,S2C_43QBE_20250610_0_L2A+S2C_43QCE_20250610_0_L2A,2025-06-10
9,0.6600372673165055,1.0,S2B_43QBE_20251013_0_L2A+S2B_43QCE_20251013_0_L2A,2025-10-13,0.6756836350302817,1.0,S2C_43QBE_20251018_0_L2A+S2C_43QCE_20251018_0_L2A,2025-10-18,0.6359708493090079,1.0,S2C_43QBE_20250610_0_L2A+S2C_43QCE_20250610_0_L2A,2025-06-10
10,0.5241747877796153,1.0,S2B_43QBE_20251013_0_L2A+S2B_43QCE_20251013_0_L2A,2025-10-13,0.5836005968634665,1.0,S2C_43QBE_20251018_0_L2A+S2C_43QCE_20251018_0_L2A,2025-10-18,0.32209969134606004,1.0,S2C_43QBE_20250610_0_L2A+S2C_43QCE_20250610_0_L2A,2025-06-10
11,0.4522932791619087,1.0,S2B_43QBE_20251013_0_L2A+S2B_43QCE_20251013_0_L2A,2025-10-13,0.48632909853962064,1.0,S2C_43QBE_20251018_0_L2A+S2C_43QCE_20251018_0_L2A,2025-10-18,0.33556479398120787,1.0,S2C_43QBE_20250610_0_L2A+S2C_43QCE_20250610_0_L2A,2025-06-10
12,0.40290171940501285,1.0,S2B_43QBE_20251013_0_L2A+S2B_43QCE_20251013_0_L2A,2025-10-13,0.3961626172065735,1.0,S2C_43QBE_20251018_0_L2A+S2C_43QCE_20251018_0_L2A,2025-10-18,0.3027018497041723,1.0,S2C_43QBE_20250610_0_L2A+S2C_43QCE_20250610_0_L2A,2025-06-10
13,0.3128105741575149,1.0,S2B_43QBE_20251013_0_L2A+S2B_43QCE_20251013_0_L2A,2025-10-13,0.3479396114400065,1.0,S2C_43QBE_20251018_0_L2A+S2C_43QCE_20251018_0_L2A,2025-10-18,0.2697641375711271,1.0,S2C_43QBE_20250610_0_L2A+S2C_43QCE_20250610_0_L2A,2025-06-10
14,0.45814167549951973,1.0,S2B_43QBE_20251013_0_L2A+S2B_43QCE_20251013_0_L2A,2025-10-13,0.3043414170561382,1.0,S2C_43QBE_20251018_0_L2A+S2C_43QCE_20251018_0_L2A,2025-10-18,0.719035050451431,1.0,S2C_43QBE_20250610_0_L2A+S2C_43QCE_20250610_0_L2A,2025-06-10
15,,0.0,S2B_43QBE_20251013_0_L2A+S2B_43QCE_20251013_0_L2A,2025-10-13,,0.0,S2C_43QBE_20251018_0_L2A+S2C_43QCE_20251018_0_L2A,2025-10-18,,0.0,S2C_43QBE_20250610_0_L2A+S2C_43QCE_20250610_0_L2A,2025-06-10
16,,0.0,S2B_43QBE_20251013_0_L2A+S2B_43QCE_20251013_0_L2A,2025-10-13,,0.0,S2C_43QBE_20251018_0_L2A+S2C_43QCE_20251018_0_L2A,2025-10-18,,0.0,S2C_43QBE_20250610_0_L2A+S2C_43QCE_20250610_0_L2A,2025-06-10
17,,0.0,S2B_43QBE_20251013_0_L2A+S2B_43QCE_20251013_0_L2A,2025-10-13,,0.0,S2C_43QBE_20251018_0_L2A+S2C_43QCE_20251018_0_L2A,2025-10-18,,0.0,S2C_43QBE_20250610_0_L2A+S2C_43QCE_20250610_0_L2A,2025-06-10
18,,0.0,S2B_43QBE_20251013_0_L2A+S2B_43QCE_20251013_0_L2A,2025-10-13,,0.0,S2C_43QBE_20251018_0_L2A+S2C_43QCE_20251018_0_L2A,2025-10-18,,0.0,S2C_43QBE_20250610_0_L2A+S2C_43QCE_20250610_0_L2A,2025-06-10
19,,0.0,S2B_43QBE_20251013_0_L2A+S2B_43QCE_20251013_0_L2A,2025-10-13,,0.0,S2C_43QBE_20251018_0_L2A+S2C_43QCE_20251018_0_L2A,2025-10-18,,0.0,S2C_43QBE_20250610_0_L2A+S2C_43QCE_20250610_0_L2A,2025-06-10
20,0.46645406808444945,1.0,S2B_43QBE_20251013_0_L2A+S2B_43QCE_20251013_0_L2A,2025-10-13,0.5293309974800515,1.0,S2C_43QBE_20251018_0_L2A+S2C_43QCE_20251018_0_L2A,2025-10-18,0.2276194470478438,1.0,S2C_43QBE_20250610_0_L2A+S2C_43QCE_20250610_0_L2A,2025-06-10
21,0.3462574799841857,1.0,S2B_43QBE_20251013_0_L2A+S2B_43QCE_20251013_0_L2A,2025-10-13,0.43926542659148715,1.0,S2C_43QBE_20251018_0_L2A+S2C_43QCE_20251018_0_L2A,2025-10-18,0.14293133743174072,1.0,S2C_43QBE_20250610_0_L2A+S2C_43QCE_20250610_0_L2A,2025-06-10
22,0.3539004610633536,1.0,S2B_43QBE_20251013_0_L2A+S2B_43QCE_20251013_0_L2A,2025-10-13,0.36026430655841574,1.0,S2C_43QBE_20251018_0_L2A+S2C_43QCE_20251018_0_L2A,2025-10-18,0.2674730284013701,1.0,S2C_43QBE_20250610_0_L2A+S2C_43QCE_20250610_0_L2A,2025-06-10
23,,0.0,S2B_43QBE_20251013_0_L2A+S2B_43QCE_20251013_0_L2A,2025-10-13,,0.0,S2C_43QBE_20251018_0_L2A+S2C_43QCE_20251018_0_L2A,2025-10-18,,0.0,S2C_43QBE_20250610_0_L2A+S2C_43QCE_20250610_0_L2A,2025-06-10
24,0.3723458944078611,1.0,S2B_43QBE_20251013_0_L2A+S2B_43QCE_20251013_0_L2A,2025-10-13,0.3684240578388681,1.0,S2C_43QBE_20251018_0_L2A+S2C_43QCE_20251018_0_L2A,2025-10-18,0.22414262102422666,1.0,S2C_43QBE_20250610_0_L2A+S2C_43QCE_20250610_0_L2A,2025-06-10
25,0.39390201000722735,1.0,S2B_43QBE_20251013_0_L2A+S2B_43QCE_20251013_0_L2A,2025-10-13,0.4447226402174924,1.0,S2C_43QBE_20251018_0_L2A+S2C_43QCE_20251018_0_L2A,2025-10-18,0.21773340713856015,1.0,S2C_43QBE_20250610_0_L2A+S2C_43QCE_20250610_0_L2A,2025-06-10
26,0.34113166397485395,1.0,S2B_43QBE_20251013_0_L2A+S2B_43QCE_20251013_0_L2A,2025-10-13,0.3658069018198849,1.0,S2C_43QBE_20251018_0_L2A+S2C_43QCE_20251018_0_L2A,2025-10-18,0.1707028211479231,1.0,S2C_43QBE_20250610_0_L2A+S2C_43QCE_20250610_0_L2A,2025-06-10
27,0.35240260451681304,1.0,S2B_43QBE_20251013_0_L2A+S2B_43QCE_20251013_0_L2A,2025-10-13,0.41093035384837234,1.0,S2C_43QBE_20251018_0_L2A+S2C_43QCE_20251018_0_L2A,2025-10-18,0.18484546615331185,1.0,S2C_43QBE_20250610_0_L2A+S2C_43QCE_20250610_0_L2A,2025-06-10
28,0.52369439068372,1.0,S2B_43QBE_20251013_0_L2A+S2B_43QCE_20251013_0_L2A,2025-10-13,0.26614569116287984,1.0,S2C_43QBE_20251018_0_L2A+S2C_43QCE_20251018_0_L2A,2025-10-18,0.24494954761807147,1.0,S2C_43QBE_20250610_0_L2A+S2C_43QCE_20250610_0_L2A,2025-06-10
29,0.23528923286147763,1.0,S2B_43QBE_20251013_0_L2A+S2B_43QCE_20251013_0_L2A,2025-10-13,0.1942575049176932,1.0,S2C_43QBE_20251018_0_L2A+S2C_43QCE_20251018_0_L2A,2025-10-18,0.16879211364806068,1.0,S2C_43QBE_20250610_0_L2A+S2C_43QCE_20250610_0_L2A,2025-06-10
30,0.7013233818429605,1.0,S2B_43QBE_20251013_0_L2A+S2B_43QCE_20251013_0_L2A,2025-10-13,0.738639981607253,1.0,S2C_43QBE_20251018_0_L2A+S2C_43QCE_20251018_0_L2A,2025-10-18,0.43035835117756666,1.0,S2C_43QBE_20250610_0_L2A+S2C_43QCE_20250610_0_L2A,2025-06-10
31,0.2712678001048413,1.0,S2B_43QBE_20251013_0_L2A+S2B_43QCE_20251013_0_L2A,2025-10-13,0.23961770061172655,1.0,S2C_43QBE_20251018_0_L2A+S2C_43QCE_20251018_0_L2A,2025-10-18,0.2332482383625081,1.0,S2C_43QBE_20250610_0_L2A+S2C_43QCE_20250610_0_L2A,2025-06-10
32,0.35353859264452775,1.0,S2B_43QBE_20251013_0_L2A+S2B_43QCE_20251013_0_L2A,2025-10-13,0.37891108387944794,1.0,S2C_43QBE_20251018_0_L2A+S2C_43QCE_20251018_0_L2A,2025-10-18,0.43429337987521976,1.0,S2C_43QBE_20250610_0_L2A+S2C_43QCE_20250610_0_L2A,2025-06-10
33,0.3708367483234811,1.0,S2B_43QBE_20251013_0_L2A+S2B_43QCE_20251013_0_L2A,2025-10-13,0.40359616887412575,1.0,S2C_43QBE_20251018_0_L2A+S2C_43QCE_20251018_0_L2A,2025-10-18,0.1682891254673709,1.0,S2C_43QBE_20250610_0_L2A+S2C_43QCE_20250610_0_L2A,2025-06-10
34,0.3932895970050117,1.0,S2B_43QBE_20251013_0_L2A+S2B_43QCE_20251013_0_L2A,2025-10-13,0.4337989607454183,1.0,S2C_43QBE_20251018_0_L2A+S2C_43QCE_20251018_0_L2A,2025-10-18,0.20043999857525124,1.0,S2C_43QBE_20250610_0_L2A+S2C_43QCE_20250610_0_L2A,2025-06-10
35,0.2634698715404621,1.0,S2B_43QBE_20251013_0_L2A+S2B_43QCE_20251013_0_L2A,2025-10-13,0.32320730827666583,1.0,S2C_43QBE_20251018_0_L2A+S2C_43QCE_20251018_0_L2A,2025-10-18,0.24893653982949265,1.0,S2C_43QBE_20250610_0_L2A+S2C_43QCE_20250610_0_L2A,2025-06-10
36,0.2810579708201599,1.0,S2B_43QBE_20251013_0_L2A+S2B_43QCE_20251013_0_L2A,2025-10-13,0.33472705702423844,1.0,S2C_43QBE_20251018_0_L2A+S2C_43QCE_20251018_0_L2A,2025-10-18,0.23937446871669518,1.0,S2C_43QBE_20250610_0_L2A+S2C_43QCE_20250610_0_L2A,2025-06-10
37,0.3292769693521208,1.0,S2B_43QBE_20251013_0_L2A+S2B_43QCE_20251013_0_L2A,2025-10-13,0.3592936718407931,1.0,S2C_43QBE_20251018_0_L2A+S2C_43QCE_20251018_0_L2A,2025-10-18,0.22375142388367966,1.0,S2C_43QBE_20250610_0_L2A+S2C_43QCE_20250610_0_L2A,2025-06-10
38,0.3117984104549736,1.0,S2B_43QBE_20251013_0_L2A+S2B_43QCE_20251013_0_L2A,2025-10-13,0.3327108902019781,1.0,S2C_43QBE_20251018_0_L2A+S2C_43QCE_20251018_0_L2A,2025-10-18,0.21220880867350955,1.0,S2C_43QBE_20250610_0_L2A+S2C_43QCE_20250610_0_L2A,2025-06-10
39,0.5107255264211811,1.0,S2B_43QBE_20251013_0_L2A+S2B_43QCE_20251013_0_L2A,2025-10-13,0.5281264118861982,1.0,S2C_43QBE_20251018_0_L2A+S2C_43QCE_20251018_0_L2A,2025-10-18,0.3520400718571354,1.0,S2C_43QBE_20250610_0_L2A+S2C_43QCE_20250610_0_L2A,2025-06-10
40,0.4252119515331979,1.0,S2B_43QBE_20251013_0_L2A+S2B_43QCE_20251013_0_L2A,2025-10-13,0.46776240860101387,1.0,S2C_43QBE_20251018_0_L2A+S2C_43QCE_20251018_0_L2A,2025-10-18,0.2192622575830994,1.0,S2C_43QBE_20250610_0_L2A+S2C_43QCE_20250610_0_L2A,2025-06-10
41,0.6872008194324941,1.0,S2B_43QBE_20251013_0_L2A+S2B_43QCE_20251013_0_L2A,2025-10-13,0.7167747499730422,1.0,S2C_43QBE_20251018_0_L2A+S2C_43QCE_20251018_0_L2A,2025-10-18,0.5912213180561056,1.0,S2C_43QBE_20250610_0_L2A+S2C_43QCE_20250610_0_L2A,2025-06-10
42,0.8153817409636641,1.0,S2B_43QBE_20251013_0_L2A+S2B_43QCE_20251013_0_L2A,2025-10-13,0.8640459723820718,1.0,S2C_43QBE_20251018_0_L2A+S2C_43QCE_20251018_0_L2A,2025-10-18,0.2858983782865774,1.0,S2C_43QBE_20250610_0_L2A+S2C_43QCE_20250610_0_L2A,2025-06-10
43,0.4480491979163781,1.0,S2B_43QBE_20251013_0_L2A+S2B_43QCE_20251013_0_L2A,2025-10-13,0.42160008461535287,1.0,S2C_43QBE_20251018_0_L2A+S2C_43QCE_20251018_0_L2A,2025-10-18,0.23202551708108468,1.0,S2C_43QBE_20250610_0_L2A+S2C_43QCE_20250610_0_L2A,2025-06-10
44,0.4928994279891137,1.0,S2B_43QBE_20251013_0_L2A+S2B_43QCE_20251013_0_L2A,2025-10-13,0.5159405983607592,1.0,S2C_43QBE_20251018_0_L2A+S2C_43QCE_20251018_0_L2A,2025-10-18,0.21337504938882612,1.0,S2C_43QBE_20250610_0_L2A+S2C_43QCE_20250610_0_L2A,2025-06-10
45,0.5018168364134344,1.0,S2B_43QBE_20251013_0_L2A+S2B_43QCE_20251013_0_L2A,2025-10-13,0.5253835791983952,1.0,S2C_43QBE_20251018_0_L2A+S2C_43QCE_20251018_0_L2A,2025-10-18,0.2348522737257532,1.0,S2C_43QBE_20250610_0_L2A+S2C_43QCE_20250610_0_L2A,2025-06-10
46,,0.0,S2B_43QBE_20251013_0_L2A+S2B_43QCE_20251013_0_L2A,2025-10-13,,0.0,S2C_43QBE_20251018_0_L2A+S2C_43QCE_20251018_0_L2A,2025-10-18,,0.0,S2C_43QBE_20250610_0_L2A+S2C_43QCE_20250610_0_L2A,2025-06-10
47,0.5947834365286222,1.0,S2B_43QBE_20251013_0_L2A+S2B_43QCE_20251013_0_L2A,2025-10-13,0.5183679277727047,1.0,S2C_43QBE_20251018_0_L2A+S2C_43QCE_20251018_0_L2A,2025-10-18,0.23558447500025193,1.0,S2C_43QBE_20250610_0_L2A+S2C_43QCE_20250610_0_L2A,2025-06-10
48,0.41142567255884843,1.0,S2B_43QBE_20251013_0_L2A+S2B_43QCE_20251013_0_L2A,2025-10-13,0.4337079585562611,1.0,S2C_43QBE_20251018_0_L2A+S2C_43QCE_20251018_0_L2A,2025-10-18,0.2887791275272501,1.0,S2C_43QBE_20250610_0_L2A+S2C_43QCE_20250610_0_L2A,2025-06-10
49,0.3117295247131853,1.0,S2B_43QBE_20251013_0_L2A+S2B_43QCE_20251013_0_L2A,2025-10-13,0.30966386341201096,1.0,S2C_43QBE_20251018_0_L2A+S2C_43QCE_20251018_0_L2A,2025-10-18,0.41555088574948285,1.0,S2C_43QBE_20250610_0_L2A+S2C_43QCE_20250610_0_L2A,2025-06-10
50,,0.0,S2B_43QBE_20251013_0_L2A+S2B_43QCE_20251013_0_L2A,2025-10-13,,0.0,S2C_43QBE_20251018_0_L2A+S2C_43QCE_20251018_0_L2A,2025-10-18,,0.0,S2C_43QBE_20250610_0_L2A+S2C_43QCE_20250610_0_L2A,2025-06-10
51,0.495386369703781,1.0,S2B_43QBE_20251013_0_L2A+S2B_43QCE_20251013_0_L2A,2025-10-13,0.506552571342105,1.0,S2C_43QBE_20251018_0_L2A+S2C_43QCE_20251018_0_L2A,2025-10-18,0.39904783896747087,1.0,S2C_43QBE_20250610_0_L2A+S2C_43QCE_20250610_0_L2A,2025-06-10
52,,0.0,S2B_43QBE_20251013_0_L2A+S2B_43QCE_20251013_0_L2A,2025-10-13,,0.0,S2C_43QBE_20251018_0_L2A+S2C_43QCE_20251018_0_L2A,2025-10-18,,0.0,S2C_43QBE_20250610_0_L2A+S2C_43QCE_20250610_0_L2A,2025-06-10
53,0.5779943488377898,1.0,S2B_43QBE_20251013_0_L2A+S2B_43QCE_20251013_0_L2A,2025-10-13,0.638688424286834,1.0,S2C_43QBE_20251018_0_L2A+S2C_43QCE_20251018_0_L2A,2025-10-18,0.25828350577644305,1.0,S2C_43QBE_20250610_0_L2A+S2C_43QCE_20250610_0_L2A,2025-06-10
54,0.3145041432621984,1.0,S2B_43QBE_20251013_0_L2A+S2B_43QCE_20251013_0_L2A,2025-10-13,0.3397718914814362,1.0,S2C_43QBE_20251018_0_L2A+S2C_43QCE_20251018_0_L2A,2025-10-18,0.5701277794280566,1.0,S2C_43QBE_20250610_0_L2A+S2C_43QCE_20250610_0_L2A,2025-06-10
55,0.23938239038222495,1.0,S2B_43QBE_20251013_0_L2A+S2B_43QCE_20251013_0_L2A,2025-10-13,0.2328188913010305,1.0,S2C_43QBE_20251018_0_L2A+S2C_43QCE_20251018_0_L2A,2025-10-18,0.23527215669690535,1.0,S2C_43QBE_20250610_0_L2A+S2C_43QCE_20250610_0_L2A,2025-06-10
56,0.333539216013771,1.0,S2B_43QBE_20251013_0_L2A+S2B_43QCE_20251013_0_L2A,2025-10-13,0.27941826374308254,1.0,S2C_43QBE_20251018_0_L2A+S2C_43QCE_20251018_0_L2A,2025-10-18,0.2415376924768979,1.0,S2C_43QBE_20250610_0_L2A+S2C_43QCE_20250610_0_L2A,2025-06-10
57,,0.0,S2B_43QBE_20251013_0_L2A+S2B_43QCE_20251013_0_L2A,2025-10-13,,0.0,S2C_43QBE_20251018_0_L2A+S2C_43QCE_20251018_0_L2A,2025-10-18,,0.0,S2C_43QBE_20250610_0_L2A+S2C_43QCE_20250610_0_L2A,2025-06-10
58,0.45547364470733664,1.0,S2B_43QBE_20251013_0_L2A+S2B_43QCE_20251013_0_L2A,2025-10-13,0.43720763952314606,1.0,S2C_43QBE_20251018_0_L2A+S2C_43QCE_20251018_0_L2A,2025-10-18,0.6213329362640955,1.0,S2C_43QBE_20250610_0_L2A+S2C_43QCE_20250610_0_L2A,2025-06-10
59,0.5521469662498308,1.0,S2B_43QBE_20251013_0_L2A+S2B_43QCE_20251013_0_L2A,2025-10-13,0.5694315810524596,1.0,S2C_43QBE_20251018_0_L2A+S2C_43QCE_20251018_0_L2A,2025-10-18,0.5153385426869048,1.0,S2C_43QBE_20250610_0_L2A+S2C_43QCE_20250610_0_L2A,2025-06-10
60,0.4942665488527739,1.0,S2B_43QBE_20251013_0_L2A+S2B_43QCE_20251013_0_L2A,2025-10-13,0.2602619513286015,1.0,S2C_43QBE_20251018_0_L2A+S2C_43QCE_20251018_0_L2A,2025-10-18,0.4249204015576273,1.0,S2C_43QBE_20250610_0_L2A+S2C_43QCE_20250610_0_L2A,2025-06-10
61,0.5491434829056471,1.0,S2B_43QBE_20251013_0_L2A+S2B_43QCE_20251013_0_L2A,2025-10-13,0.3722577070265697,1.0,S2C_43QBE_20251018_0_L2A+S2C_43QCE_20251018_0_L2A,2025-10-18,0.4305542311705779,1.0,S2C_43QBE_20250610_0_L2A+S2C_43QCE_20250610_0_L2A,2025-06-10
62,0.3605180634966781,1.0,S2B_43QBE_20251013_0_L2A+S2B_43QCE_20251013_0_L2A,2025-10-13,0.2924157385223655,1.0,S2C_43QBE_20251018_0_L2A+S2C_43QCE_20251018_0_L2A,2025-10-18,0.21634598784348977,1.0,S2C_43QBE_20250610_0_L2A+S2C_43QCE_20250610_0_L2A,2025-06-10
63,0.28846697889174766,1.0,S2B_43QBE_20251013_0_L2A+S2B_43QCE_20251013_0_L2A,2025-10-13,0.292109749013455,1.0,S2C_43QBE_20251018_0_L2A+S2C_43QCE_20251018_0_L2A,2025-10-18,0.2263224296367867,1.0,S2C_43QBE_20250610_0_L2A+S2C_43QCE_20250610_0_L2A,2025-06-10
64,0.477375431236637,1.0,S2B_43QBE_20251013_0_L2A+S2B_43QCE_20251013_0_L2A,2025-10-13,0.3602710426259127,1.0,S2C_43QBE_20251018_0_L2A+S2C_43QCE_20251018_0_L2A,2025-10-18,0.44873336530291125,1.0,S2C_43QBE_20250610_0_L2A+S2C_43QCE_20250610_0_L2A,2025-06-10
65,0.2615556338627818,1.0,S2B_43QBE_20251013_0_L2A+S2B_43QCE_20251013_0_L2A,2025-10-13,0.2713478160428736,1.0,S2C_43QBE_20251018_0_L2A+S2C_43QCE_20251018_0_L2A,2025-10-18,0.25305625066845994,1.0,S2C_43QBE_20250610_0_L2A+S2C_43QCE_20250610_0_L2A,2025-06-10
66,0.25296096108841726,1.0,S2B_43QBE_20251013_0_L2A+S2B_43QCE_20251013_0_L2A,2025-10-13,0.2641612915750321,1.0,S2C_43QBE_20251018_0_L2A+S2C_43QCE_20251018_0_L2A,2025-10-18,0.20845570495848786,1.0,S2C_43QBE_20250610_0_L2A+S2C_43QCE_20250610_0_L2A,2025-06-10
67,0.4687931059521988,1.0,S2B_43QBE_20251013_0_L2A+S2B_43QCE_20251013_0_L2A,2025-10-13,0.41318710078339693,1.0,S2C_43QBE_20251018_0_L2A+S2C_43QCE_20251018_0_L2A,2025-10-18,0.677215114606672,1.0,S2C_43QBE_20250610_0_L2A+S2C_43QCE_20250610_0_L2A,2025-06-10
68,0.4074913733602905,1.0,S2B_43QBE_20251013_0_L2A+S2B_43QCE_20251013_0_L2A,2025-10-13,0.4174280399023285,1.0,S2C_43QBE_20251018_0_L2A+S2C_43QCE_20251018_0_L2A,2025-10-18,0.2824763625519108,1.0,S2C_43QBE_20250610_0_L2A+S2C_43QCE_20250610_0_L2A,2025-06-10
69,0.31343234912030055,1.0,S2B_43QBE_20251013_0_L2A+S2B_43QCE_20251013_0_L2A,2025-10-13,0.32555480739936127,1.0,S2C_43QBE_20251018_0_L2A+S2C_43QCE_20251018_0_L2A,2025-10-18,0.5275365837802322,1.0,S2C_43QBE_20250610_0_L2A+S2C_43QCE_20250610_0_L2A,2025-06-10
70,0.25599787994325,1.0,S2B_43QBE_20251013_0_L2A+S2B_43QCE_20251013_0_L2A,2025-10-13,0.29221878129943407,1.0,S2C_43QBE_20251018_0_L2A+S2C_43QCE_20251018_0_L2A,2025-10-18,0.4485337664551768,1.0,S2C_43QBE_20250610_0_L2A+S2C_43QCE_20250610_0_L2A,2025-06-10
71,0.3684612437912288,1.0,S2B_43QBE_20251013_0_L2A+S2B_43QCE_20251013_0_L2A,2025-10-13,0.4099373885758193,1.0,S2C_43QBE_20251018_0_L2A+S2C_43QCE_20251018_0_L2A,2025-10-18,0.18138139116112734,1.0,S2C_43QBE_20250610_0_L2A+S2C_43QCE_20250610_0_L2A,2025-06-10
72,0.4922668336973194,1.0,S2B_43QBE_20251013_0_L2A+S2B_43QCE_20251013_0_L2A,2025-10-13,0.4427599550121066,1.0,S2C_43QBE_20251018_0_L2A+S2C_43QCE_20251018_0_L2A,2025-10-18,0.30936731999669054,1.0,S2C_43QBE_20250610_0_L2A+S2C_43QCE_20250610_0_L2A,2025-06-10
73,0.2435728267878183,1.0,S2B_43QBE_20251013_0_L2A+S2B_43QCE_20251013_0_L2A,2025-10-13,0.24791924420214373,1.0,S2C_43QBE_20251018_0_L2A+S2C_43QCE_20251018_0_L2A,2025-10-18,0.5640029911775688,1.0,S2C_43QBE_20250610_0_L2A+S2C_43QCE_20250610_0_L2A,2025-06-10
74,0.7350024229435076,1.0,S2B_43QBE_20251013_0_L2A+S2B_43QCE_20251013_0_L2A,2025-10-13,0.7924133894299431,1.0,S2C_43QBE_20251018_0_L2A+S2C_43QCE_20251018_0_L2A,2025-10-18,0.6427748284494342,1.0,S2C_43QBE_20250610_0_L2A+S2C_43QCE_20250610_0_L2A,2025-06-10
75,0.43538913698749687,1.0,S2B_43QBE_20251013_0_L2A+S2B_43QCE_20251013_0_L2A,2025-10-13,0.47584568391781723,1.0,S2C_43QBE_20251018_0_L2A+S2C_43QCE_20251018_0_L2A,2025-10-18,0.32786767255323496,1.0,S2C_43QBE_20250610_0_L2A+S2C_43QCE_20250610_0_L2A,2025-06-10
76,0.4485579150141707,1.0,S2B_43QBE_20251013_0_L2A+S2B_43QCE_20251013_0_L2A,2025-10-13,0.5691269998577576,1.0,S2C_43QBE_20251018_0_L2A+S2C_43QCE_20251018_0_L2A,2025-10-18,0.31000231935693384,1.0,S2C_43QBE_20250610_0_L2A+S2C_43QCE_20250610_0_L2A,2025-06-10
77,0.3389934361981319,1.0,S2B_43QBE_20251013_0_L2A+S2B_43QCE_20251013_0_L2A,2025-10-13,0.3565821870434805,1.0,S2C_43QBE_20251018_0_L2A+S2C_43QCE_20251018_0_L2A,2025-10-18,0.3997597846579446,1.0,S2C_43QBE_20250610_0_L2A+S2C_43QCE_20250610_0_L2A,2025-06-10
78,0.3455280248076937,1.0,S2B_43QBE_20251013_0_L2A+S2B_43QCE_20251013_0_L2A,2025-10-13,0.41926350558825015,1.0,S2C_43QBE_20251018_0_L2A+S2C_43QCE_20251018_0_L2A,2025-10-18,0.17169749738241555,1.0,S2C_43QBE_20250610_0_L2A+S2C_43QCE_20250610_0_L2A,2025-06-10
79,0.34177184999989185,1.0,S2B_43QBE_20251013_0_L2A+S2B_43QCE_20251013_0_L2A,2025-10-13,0.3683127176574946,1.0,S2C_43QBE_20251018_0_L2A+S2C_43QCE_20251018_0_L2A,2025-10-18,0.2399477302861427,1.0,S2C_43QBE_20250610_0_L2A+S2C_43QCE_20250610_0_L2A,2025-06-10
80,0.3257255545962396,1.0,S2B_43QBE_20251013_0_L2A+S2B_43QCE_20251013_0_L2A,2025-10-13,0.3947087909269118,1.0,S2C_43QBE_20251018_0_L2A+S2C_43QCE_20251018_0_L2A,2025-10-18,0.21124460173115905,1.0,S2C_43QBE_20250610_0_L2A+S2C_43QCE_20250610_0_L2A,2025-06-10
81,0.32688649929105595,1.0,S2B_43QBE_20251013_0_L2A+S2B_43QCE_20251013_0_L2A,2025-10-13,0.2612039352382697,1.0,S2C_43QBE_20251018_0_L2A+S2C_43QCE_20251018_0_L2A,2025-10-18,0.27489804351224306,1.0,S2C_43QBE_20250610_0_L2A+S2C_43QCE_20250610_0_L2A,2025-06-10
82,0.5650745457683084,1.0,S2B_43QBE_20251013_0_L2A+S2B_43QCE_20251013_0_L2A,2025-10-13,0.5599468469094889,1.0,S2C_43QBE_20251018_0_L2A+S2C_43QCE_20251018_0_L2A,2025-10-18,0.332825147400338,1.0,S2C_43QBE_20250610_0_L2A+S2C_43QCE_20250610_0_L2A,2025-06-10
83,0.5329919815775883,1.0,S2B_43QBE_20251013_0_L2A+S2B_43QCE_20251013_0_L2A,2025-10-13,0.5512611918161273,1.0,S2C_43QBE_20251018_0_L2A+S2C_43QCE_20251018_0_L2A,2025-10-18,0.39320662544068113,1.0,S2C_43QBE_20250610_0_L2A+S2C_43QCE_20250610_0_L2A,2025-06-10
84,0.5668690433468083,1.0,S2B_43QBE_20251013_0_L2A+S2B_43QCE_20251013_0_L2A,2025-10-13,0.41237197328352965,1.0,S2C_43QBE_20251018_0_L2A+S2C_43QCE_20251018_0_L2A,2025-10-18,0.28528657642049515,1.0,S2C_43QBE_20250610_0_L2A+S2C_43QCE_20250610_0_L2A,2025-06-10
85,0.7706815200568667,1.0,S2B_43QBE_20251013_0_L2A+S2B_43QCE_20251013_0_L2A,2025-10-13,0.8018862931942966,1.0,S2C_43QBE_20251018_0_L2A+S2C_43QCE_20251018_0_L2A,2025-10-18,0.5585097079396114,1.0,S2C_43QBE_20250610_0_L2A+S2C_43QCE_20250610_0_L2A,2025-06-10
86,0.8205390267346936,1.0,S2B_43QBE_20251013_0_L2A+S2B_43QCE_20251013_0_L2A,2025-10-13,0.8664903689819462,1.0,S2C_43QBE_20251018_0_L2A+S2C_43QCE_20251018_0_L2A,2025-10-18,0.5988703385389749,1.0,S2C_43QBE_20250610_0_L2A+S2C_43QCE_20250610_0_L2A,2025-06-10
87,0.42371286179720785,1.0,S2B_43QBE_20251013_0_L2A+S2B_43QCE_20251013_0_L2A,2025-10-13,0.47694809549625244,1.0,S2C_43QBE_20251018_0_L2A+S2C_43QCE_20251018_0_L2A,2025-10-18,0.4023866478075945,1.0,S2C_43QBE_20250610_0_L2A+S2C_43QCE_20250610_0_L2A,2025-06-10
88,0.4119873855412006,1.0,S2B_43QBE_20251013_0_L2A+S2B_43QCE_20251013_0_L2A,2025-10-13,0.3796091904491186,1.0,S2C_43QBE_20251018_0_L2A+S2C_43QCE_20251018_0_L2A,2025-10-18,0.44904838359355925,1.0,S2C_43QBE_20250610_0_L2A+S2C_43QCE_20250610_0_L2A,2025-06-10
89,0.350547603966506,1.0,S2B_43QBE_20251013_0_L2A+S2B_43QCE_20251013_0_L2A,2025-10-13,0.3718665154923687,1.0,S2C_43QBE_20251018_0_L2A+S2C_43QCE_20251018_0_L2A,2025-10-18,0.500512985004677,1.0,S2C_43QBE_20250610_0_L2A+S2C_43QCE_20250610_0_L2A,2025-06-10
90,0.5911605345113216,1.0,S2B_43QBE_20251013_0_L2A+S2B_43QCE_20251013_0_L2A,2025-10-13,0.5952429906611227,1.0,S2C_43QBE_20251018_0_L2A+S2C_43QCE_20251018_0_L2A,2025-10-18,0.23369195116086677,1.0,S2C_43QBE_20250610_0_L2A+S2C_43QCE_20250610_0_L2A,2025-06-10
91,0.7072978823941255,1.0,S2B_43QBE_20251013_0_L2A+S2B_43QCE_20251013_0_L2A,2025-10-13,0.6390492076010216,1.0,S2C_43QBE_20251018_0_L2A+S2C_43QCE_20251018_0_L2A,2025-10-18,0.22693648074488537,1.0,S2C_43QBE_20250610_0_L2A+S2C_43QCE_20250610_0_L2A,2025-06-10
92,0.6958002383504516,1.0,S2B_43QBE_20251013_0_L2A+S2B_43QCE_20251013_0_L2A,2025-10-13,0.6103406762952462,1.0,S2C_43QBE_20251018_0_L2A+S2C_43QCE_20251018_0_L2A,2025-10-18,0.2635843761671045,1.0,S2C_43QBE_20250610_0_L2A+S2C_43QCE_20250610_0_L2A,2025-06-10
93,0.6564426565838751,1.0,S2B_43QBE_20251013_0_L2A+S2B_43QCE_20251013_0_L2A,2025-10-13,0.5761172727168163,1.0,S2C_43QBE_20251018_0_L2A+S2C_43QCE_20251018_0_L2A,2025-10-18,0.23366427711237256,1.0,S2C_43QBE_20250610_0_L2A+S2C_43QCE_20250610_0_L2A,2025-06-10
94,0.6107751622347903,1.0,S2B_43QBE_20251013_0_L2A+S2B_43QCE_20251013_0_L2A,2025-10-13,0.46407150135452585,1.0,S2C_43QBE_20251018_0_L2A+S2C_43QCE_20251018_0_L2A,2025-10-18,0.2760448017668791,1.0,S2C_43QBE_20250610_0_L2A+S2C_43QCE_20250610_0_L2A,2025-06-10
95,0.40804370464744144,1.0,S2B_43QBE_20251013_0_L2A+S2B_43QCE_20251013_0_L2A,2025-10-13,0.49773587015228393,1.0,S2C_43QBE_20251018_0_L2A+S2C_43QCE_20251018_0_L2A,2025-10-18,0.475176568713769,1.0,S2C_43QBE_20250610_0_L2A+S2C_43QCE_20250610_0_L2A,2025-06-10
96,0.5440575959224321,1.0,S2B_43QBE_20251013_0_L2A+S2B_43QCE_20251013_0_L2A,2025-10-13,0.47652809594484646,1.0,S2C_43QBE_20251018_0_L2A+S2C_43QCE_20251018_0_L2A,2025-10-18,0.4827491230115512,1.0,S2C_43QBE_20250610_0_L2A+S2C_43QCE_20250610_0_L2A,2025-06-10
97,0.4064470409758328,1.0,S2B_43QBE_20251013_0_L2A+S2B_43QCE_20251013_0_L2A,2025-10-13,0.4714825560964439,1.0,S2C_43QBE_20251018_0_L2A+S2C_43QCE_20251018_0_L2A,2025-10-18,0.41523750239709617,1.0,S2C_43QBE_20250610_0_L2A+S2C_43QCE_20250610_0_L2A,2025-06-10
98,0.38707163322854926,1.0,S2B_43QBE_20251013_0_L2A+S2B_43QCE_20251013_0_L2A,2025-10-13,0.4001417218401242,1.0,S2C_43QBE_20251018_0_L2A+S2C_43QCE_20251018_0_L2A,2025-10-18,0.4305155096130339,1.0,S2C_43QBE_20250610_0_L2A+S2C_43QCE_20250610_0_L2A,2025-06-10
99,0.4529098914615039,1.0,S2B_43QBE_20251013_0_L2A+S2B_43QCE_20251013_0_L2A,2025-10-13,0.5654368959110359,1.0,S2C_43QBE_20251018_0_L2A+S2C_43QCE_20251018_0_L2A,2025-10-18,0.4900674115481048,1.0,S2C_43QBE_20250610_0_L2A+S2C_43QCE_20250610_0_L2A,2025-06-10
100,0.26621872322469686,1.0,S2B_43QBE_20251013_0_L2A+S2B_43QCE_20251013_0_L2A,2025-10-13,0.25478644600979566,1.0,S2C_43QBE_20251018_0_L2A+S2C_43QCE_20251018_0_L2A,2025-10-18,0.40152845842171553,1.0,S2C_43QBE_20250610_0_L2A+S2C_43QCE_20250610_0_L2A,2025-06-10
101,0.5472079637343523,1.0,S2B_43QBE_20251013_0_L2A+S2B_43QCE_20251013_0_L2A,2025-10-13,0.6337743556105842,1.0,S2C_43QBE_20251018_0_L2A+S2C_43QCE_20251018_0_L2A,2025-10-18,0.19723174638334182,1.0,S2C_43QBE_20250610_0_L2A+S2C_43QCE_20250610_0_L2A,2025-06-10
102,0.49711525954938096,1.0,S2B_43QBE_20251013_0_L2A+S2B_43QCE_20251013_0_L2A,2025-10-13,0.5390718344216501,1.0,S2C_43QBE_20251018_0_L2A+S2C_43QCE_20251018_0_L2A,2025-10-18,0.3888794160863784,1.0,S2C_43QBE_20250610_0_L2A+S2C_43QCE_20250610_0_L2A,2025-06-10
103,0.8151057271483856,1.0,S2B_43QBE_20251013_0_L2A+S2B_43QCE_20251013_0_L2A,2025-10-13,0.8518261522359143,1.0,S2C_43QBE_20251018_0_L2A+S2C_43QCE_20251018_0_L2A,2025-10-18,0.18562315896493742,1.0,S2C_43QBE_20250610_0_L2A+S2C_43QCE_20250610_0_L2A,2025-06-10
104,0.5463510783212073,1.0,S2B_43QBE_20251013_0_L2A+S2B_43QCE_20251013_0_L2A,2025-10-13,0.37832447028272076,1.0,S2C_43QBE_20251018_0_L2A+S2C_43QCE_20251018_0_L2A,2025-10-18,0.20336665791635616,1.0,S2C_43QBE_20250610_0_L2A+S2C_43QCE_20250610_0_L2A,2025-06-10
105,0.6594091573984481,1.0,S2B_43QBE_20251013_0_L2A+S2B_43QCE_20251013_0_L2A,2025-10-13,0.7001004876519681,1.0,S2C_43QBE_20251018_0_L2A+S2C_43QCE_20251018_0_L2A,2025-10-18,0.6910056563561972,1.0,S2C_43QBE_20250610_0_L2A+S2C_43QCE_20250610_0_L2A,2025-06-10
106,0.7638224070577557,1.0,S2B_43QBE_20251013_0_L2A+S2B_43QCE_20251013_0_L2A,2025-10-13,0.791574140443994,1.0,S2C_43QBE_20251018_0_L2A+S2C_43QCE_20251018_0_L2A,2025-10-18,0.49869311332467003,1.0,S2C_43QBE_20250610_0_L2A+S2C_43QCE_20250610_0_L2A,2025-06-10
107,0.5308768630952398,1.0,S2B_43QBE_20251013_0_L2A+S2B_43QCE_20251013_0_L2A,2025-10-13,0.6258585324036637,1.0,S2C_43QBE_20251018_0_L2A+S2C_43QCE_20251018_0_L2A,2025-10-18,0.40941478516673935,1.0,S2C_43QBE_20250610_0_L2A+S2C_43QCE_20250610_0_L2A,2025-06-10
108,0.7000056614946363,1.0,S2B_43QBE_20251013_0_L2A+S2B_43QCE_20251013_0_L2A,2025-10-13,0.7342662081065487,1.0,S2C_43QBE_20251018_0_L2A+S2C_43QCE_20251018_0_L2A,2025-10-18,0.6216226419508647,1.0,S2C_43QBE_20250610_0_L2A+S2C_43QCE_20250610_0_L2A,2025-06-10
109,0.6169476653534942,1.0,S2B_43QBE_20251013_0_L2A+S2B_43QCE_20251013_0_L2A,2025-10-13,0.6616539269096606,1.0,S2C_43QBE_20251018_0_L2A+S2C_43QCE_20251018_0_L2A,2025-10-18,0.2544609995808988,1.0,S2C_43QBE_20250610_0_L2A+S2C_43QCE_20250610_0_L2A,2025-06-10
110,0.6319947470105908,1.0,S2B_43QBE_20251013_0_L2A+S2B_43QCE_20251013_0_L2A,2025-10-13,0.6679991807910981,1.0,S2C_43QBE_20251018_0_L2A+S2C_43QCE_20251018_0_L2A,2025-10-18,0.6204161832713927,1.0,S2C_43QBE_20250610_0_L2A+S2C_43QCE_20250610_0_L2A,2025-06-10
111,0.5874753845867743,1.0,S2B_43QBE_20251013_0_L2A+S2B_43QCE_20251013_0_L2A,2025-10-13,0.652812910397184,1.0,S2C_43QBE_20251018_0_L2A+S2C_43QCE_20251018_0_L2A,2025-10-18,0.21510435245346066,1.0,S2C_43QBE_20250610_0_L2A+S2C_43QCE_20250610_0_L2A,2025-06-10
112,0.2459601205391962,1.0,S2B_43QBE_20251013_0_L2A+S2B_43QCE_20251013_0_L2A,2025-10-13,0.25425129475292685,1.0,S2C_43QBE_20251018_0_L2A+S2C_43QCE_20251018_0_L2A,2025-10-18,0.16954143391446805,1.0,S2C_43QBE_20250610_0_L2A+S2C_43QCE_20250610_0_L2A,2025-06-10
113,0.3973951034617058,1.0,S2B_43QBE_20251013_0_L2A+S2B_43QCE_20251013_0_L2A,2025-10-13,0.39442573237750744,1.0,S2C_43QBE_20251018_0_L2A+S2C_43QCE_20251018_0_L2A,2025-10-18,0.2849035387547318,1.0,S2C_43QBE_20250610_0_L2A+S2C_43QCE_20250610_0_L2A,2025-06-10
114,0.3613749637934236,1.0,S2B_43QBE_20251013_0_L2A+S2B_43QCE_20251013_0_L2A,2025-10-13,0.42717172427793204,1.0,S2C_43QBE_20251018_0_L2A+S2C_43QCE_20251018_0_L2A,2025-10-18,0.16728285475281046,1.0,S2C_43QBE_20250610_0_L2A+S2C_43QCE_20250610_0_L2A,2025-06-10
115,0.703250878937173,1.0,S2B_43QBE_20251013_0_L2A+S2B_43QCE_20251013_0_L2A,2025-10-13,0.7153326278692763,1.0,S2C_43QBE_20251018_0_L2A+S2C_43QCE_20251018_0_L2A,2025-10-18,0.41987202383784256,1.0,S2C_43QBE_20250610_0_L2A+S2C_43QCE_20250610_0_L2A,2025-06-10
116,0.4141972860435782,1.0,S2B_43QBE_20251013_0_L2A+S2B_43QCE_20251013_0_L2A,2025-10-13,0.4845877932333859,1.0,S2C_43QBE_20251018_0_L2A+S2C_43QCE_20251018_0_L2A,2025-10-18,0.22293622208325153,1.0,S2C_43QBE_20250610_0_L2A+S2C_43QCE_20250610_0_L2A,2025-06-10
117,0.2532040831304401,1.0,S2B_43QBE_20251013_0_L2A+S2B_43QCE_20251013_0_L2A,2025-10-13,0.219039994835576,1.0,S2C_43QBE_20251018_0_L2A+S2C_43QCE_20251018_0_L2A,2025-10-18,0.6355554013299443,1.0,S2C_43QBE_20250610_0_L2A+S2C_43QCE_20250610_0_L2A,2025-06-10
118,0.3071162224784864,1.0,S2B_43QBE_20251013_0_L2A+S2B_43QCE_20251013_0_L2A,2025-10-13,0.261394228227188,1.0,S2C_43QBE_20251018_0_L2A+S2C_43QCE_20251018_0_L2A,2025-10-18,0.16145926321303397,1.0,S2C_43QBE_20250610_0_L2A+S2C_43QCE_20250610_0_L2A,2025-06-10
119,0.3134452471901923,1.0,S2B_43QBE_20251013_0_L2A+S2B_43QCE_20251013_0_L2A,2025-10-13,0.2923083333854278,1.0,S2C_43QBE_20251018_0_L2A+S2C_43QCE_20251018_0_L2A,2025-10-18,0.7142387387308605,1.0,S2C_43QBE_20250610_0_L2A+S2C_43QCE_20250610_0_L2A,2025-06-10
120,0.3585429237868257,1.0,S2B_43QBE_20251013_0_L2A+S2B_43QCE_20251013_0_L2A,2025-10-13,0.408370340529,1.0,S2C_43QBE_20251018_0_L2A+S2C_43QCE_20251018_0_L2A,2025-10-18,0.2273434229245912,1.0,S2C_43QBE_20250610_0_L2A+S2C_43QCE_20250610_0_L2A,2025-06-10
121,0.652597102450095,1.0,S2B_43QBE_20251013_0_L2A+S2B_43QCE_20251013_0_L2A,2025-10-13,0.7071779627593767,1.0,S2C_43QBE_20251018_0_L2A+S2C_43QCE_20251018_0_L2A,2025-10-18,0.6629641375147556,1.0,S2C_43QBE_20250610_0_L2A+S2C_43QCE_20250610_0_L2A,2025-06-10
122,0.31608741070494867,1.0,S2B_43QBE_20251013_0_L2A+S2B_43QCE_20251013_0_L2A,2025-10-13,0.32971732290595945,1.0,S2C_43QBE_20251018_0_L2A+S2C_43QCE_20251018_0_L2A,2025-10-18,0.21249174937112944,1.0,S2C_43QBE_20250610_0_L2A+S2C_43QCE_20250610_0_L2A,2025-06-10
123,0.6836129127548141,1.0,S2B_43QBE_20251013_0_L2A+S2B_43QCE_20251013_0_L2A,2025-10-13,0.7314536391707842,1.0,S2C_43QBE_20251018_0_L2A+S2C_43QCE_20251018_0_L2A,2025-10-18,0.21291368567643532,1.0,S2C_43QBE_20250610_0_L2A+S2C_43QCE_20250610_0_L2A,2025-06-10
124,0.3204221510530943,1.0,S2B_43QBE_20251013_0_L2A+S2B_43QCE_20251013_0_L2A,2025-10-13,0.35811353823103276,1.0,S2C_43QBE_20251018_0_L2A+S2C_43QCE_20251018_0_L2A,2025-10-18,0.216761400915712,1.0,S2C_43QBE_20250610_0_L2A+S2C_43QCE_20250610_0_L2A,2025-06-10
125,0.23448923126373472,1.0,S2B_43QBE_20251013_0_L2A+S2B_43QCE_20251013_0_L2A,2025-10-13,0.3163491372535034,1.0,S2C_43QBE_20251018_0_L2A+S2C_43QCE_20251018_0_L2A,2025-10-18,0.1535126513054717,1.0,S2C_43QBE_20250610_0_L2A+S2C_43QCE_20250610_0_L2A,2025-06-10
126,0.6104551288494333,1.0,S2B_43QBE_20251013_0_L2A+S2B_43QCE_20251013_0_L2A,2025-10-13,0.6552903772581562,1.0,S2C_43QBE_20251018_0_L2A+S2C_43QCE_20251018_0_L2A,2025-10-18,0.2959356521075443,1.0,S2C_43QBE_20250610_0_L2A+S2C_43QCE_20250610_0_L2A,2025-06-10
127,0.6286789144207048,1.0,S2B_43QBE_20251013_0_L2A+S2B_43QCE_20251013_0_L2A,2025-10-13,0.6995683338979523,1.0,S2C_43QBE_20251018_0_L2A+S2C_43QCE_20251018_0_L2A,2025-10-18,0.6067488832510416,1.0,S2C_43QBE_20250610_0_L2A+S2C_43QCE_20250610_0_L2A,2025-06-10
128,0.35989701341223085,1.0,S2B_43QBE_20251013_0_L2A+S2B_43QCE_20251013_0_L2A,2025-10-13,0.3851100757809132,1.0,S2C_43QBE_20251018_0_L2A+S2C_43QCE_20251018_0_L2A,2025-10-18,0.21993191705641096,1.0,S2C_43QBE_20250610_0_L2A+S2C_43QCE_20250610_0_L2A,2025-06-10
129,0.34756036675368984,1.0,S2B_43QBE_20251013_0_L2A+S2B_43QCE_20251013_0_L2A,2025-10-13,0.29693410759629835,1.0,S2C_43QBE_20251018_0_L2A+S2C_43QCE_20251018_0_L2A,2025-10-18,0.20240507463005195,1.0,S2C_43QBE_20250610_0_L2A+S2C_43QCE_20250610_0_L2A,2025-06-10
130,0.5186324754591323,1.0,S2B_43QBE_20251013_0_L2A+S2B_43QCE_20251013_0_L2A,2025-10-13,0.24134475974104375,1.0,S2C_43QBE_20251018_0_L2A+S2C_43QCE_20251018_0_L2A,2025-10-18,0.2005861054120724,1.0,S2C_43QBE_20250610_0_L2A+S2C_43QCE_20250610_0_L2A,2025-06-10
131,0.6889026976688786,1.0,S2B_43QBE_20251013_0_L2A+S2B_43QCE_20251013_0_L2A,2025-10-13,0.6837020838846926,1.0,S2C_43QBE_20251018_0_L2A+S2C_43QCE_20251018_0_L2A,2025-10-18,0.4853996739080162,1.0,S2C_43QBE_20250610_0_L2A+S2C_43QCE_20250610_0_L2A,2025-06-10
132,0.5035195663536784,1.0,S2B_43QBE_20251013_0_L2A+S2B_43QCE_20251013_0_L2A,2025-10-13,0.49224525596730395,1.0,S2C_43QBE_20251018_0_L2A+S2C_43QCE_20251018_0_L2A,2025-10-18,0.27523135532151793,1.0,S2C_43QBE_20250610_0_L2A+S2C_43QCE_20250610_0_L2A,2025-06-10
133,0.41798181709834764,1.0,S2B_43QBE_20251013_0_L2A+S2B_43QCE_20251013_0_L2A,2025-10-13,0.37183909454562347,1.0,S2C_43QBE_20251018_0_L2A+S2C_43QCE_20251018_0_L2A,2025-10-18,0.2361227117665729,1.0,S2C_43QBE_20250610_0_L2A+S2C_43QCE_20250610_0_L2A,2025-06-10
134,0.6750422311106393,1.0,S2B_43QBE_20251013_0_L2A+S2B_43QCE_20251013_0_L2A,2025-10-13,0.7054685632711233,1.0,S2C_43QBE_20251018_0_L2A+S2C_43QCE_20251018_0_L2A,2025-10-18,0.6178913436379544,1.0,S2C_43QBE_20250610_0_L2A+S2C_43QCE_20250610_0_L2A,2025-06-10
135,0.42326629810408367,1.0,S2B_43QBE_20251013_0_L2A+S2B_43QCE_20251013_0_L2A,2025-10-13,0.4077220797074309,1.0,S2C_43QBE_20251018_0_L2A+S2C_43QCE_20251018_0_L2A,2025-10-18,0.38883083636732185,1.0,S2C_43QBE_20250610_0_L2A+S2C_43QCE_20250610_0_L2A,2025-06-10
136,0.426013912993693,1.0,S2B_43QBE_20251013_0_L2A+S2B_43QCE_20251013_0_L2A,2025-10-13,0.508140783330764,1.0,S2C_43QBE_20251018_0_L2A+S2C_43QCE_20251018_0_L2A,2025-10-18,0.2922022766705722,1.0,S2C_43QBE_20250610_0_L2A+S2C_43QCE_20250610_0_L2A,2025-06-10
137,0.7078841241033277,1.0,S2B_43QBE_20251013_0_L2A+S2B_43QCE_20251013_0_L2A,2025-10-13,0.80900065827191,1.0,S2C_43QBE_20251018_0_L2A+S2C_43QCE_20251018_0_L2A,2025-10-18,0.172379585457989,1.0,S2C_43QBE_20250610_0_L2A+S2C_43QCE_20250610_0_L2A,2025-06-10
138,0.6313401898450108,1.0,S2B_43QBE_20251013_0_L2A+S2B_43QCE_20251013_0_L2A,2025-10-13,0.7345104201866205,1.0,S2C_43QBE_20251018_0_L2A+S2C_43QCE_20251018_0_L2A,2025-10-18,0.18124565993843042,1.0,S2C_43QBE_20250610_0_L2A+S2C_43QCE_20250610_0_L2A,2025-06-10
139,0.4685140093120598,1.0,S2B_43QBE_20251013_0_L2A+S2B_43QCE_20251013_0_L2A,2025-10-13,0.4588656741715747,1.0,S2C_43QBE_20251018_0_L2A+S2C_43QCE_20251018_0_L2A,2025-10-18,0.17629654906028827,1.0,S2C_43QBE_20250610_0_L2A+S2C_43QCE_20250610_0_L2A,2025-06-10
140,0.6190419542070492,1.0,S2B_43QBE_20251013_0_L2A+S2B_43QCE_20251013_0_L2A,2025-10-13,0.6239903331498692,1.0,S2C_43QBE_20251018_0_L2A+S2C_43QCE_20251018_0_L2A,2025-10-18,0.16313533800570765,1.0,S2C_43QBE_20250610_0_L2A+S2C_43QCE_20250610_0_L2A,2025-06-10
141,0.26234604610756046,1.0,S2B_43QBE_20251013_0_L2A+S2B_43QCE_20251013_0_L2A,2025-10-13,0.2776333650279306,1.0,S2C_43QBE_20251018_0_L2A+S2C_43QCE_20251018_0_L2A,2025-10-18,0.15017727716130705,1.0,S2C_43QBE_20250610_0_L2A+S2C_43QCE_20250610_0_L2A,2025-06-10
142,0.2486278141129576,1.0,S2B_43QBE_20251013_0_L2A+S2B_43QCE_20251013_0_L2A,2025-10-13,0.2533687986539363,1.0,S2C_43QBE_20251018_0_L2A+S2C_43QCE_20251018_0_L2A,2025-10-18,0.15263834868659418,1.0,S2C_43QBE_20250610_0_L2A+S2C_43QCE_20250610_0_L2A,2025-06-10
143,0.26218546774450424,1.0,S2B_43QBE_20251013_0_L2A+S2B_43QCE_20251013_0_L2A,2025-10-13,0.21862366378810047,1.0,S2C_43QBE_20251018_0_L2A+S2C_43QCE_20251018_0_L2A,2025-10-18,0.36152765951737925,1.0,S2C_43QBE_20250610_0_L2A+S2C_43QCE_20250610_0_L2A,2025-06-10
144,0.6028826049389775,1.0,S2B_43QBE_20251013_0_L2A+S2B_43QCE_20251013_0_L2A,2025-10-13,0.6908573314612586,1.0,S2C_43QBE_20251018_0_L2A+S2C_43QCE_20251018_0_L2A,2025-10-18,0.12377611440347244,1.0,S2C_43QBE_20250610_0_L2A+S2C_43QCE_20250610_0_L2A,2025-06-10
145,0.31858585012359714,1.0,S2B_43QBE_20251013_0_L2A+S2B_43QCE_20251013_0_L2A,2025-10-13,0.32889098133370437,1.0,S2C_43QBE_20251018_0_L2A+S2C_43QCE_20251018_0_L2A,2025-10-18,0.2823731063600467,1.0,S2C_43QBE_20250610_0_L2A+S2C_43QCE_20250610_0_L2A,2025-06-10
146,0.38296700230223596,1.0,S2B_43QBE_20251013_0_L2A+S2B_43QCE_20251013_0_L2A,2025-10-13,0.4567195402722095,1.0,S2C_43QBE_20251018_0_L2A+S2C_43QCE_20251018_0_L2A,2025-10-18,0.25154095560021567,1.0,S2C_43QBE_20250610_0_L2A+S2C_43QCE_20250610_0_L2A,2025-06-10
147,0.39329341466291196,1.0,S2B_43QBE_20251013_0_L2A+S2B_43QCE_20251013_0_L2A,2025-10-13,0.4388296312110813,1.0,S2C_43QBE_20251018_0_L2A+S2C_43QCE_20251018_0_L2A,2025-10-18,0.20570485226465354,1.0,S2C_43QBE_20250610_0_L2A+S2C_43QCE_20250610_0_L2A,2025-06-10
148,0.6255522922136898,1.0,S2B_43QBE_20251013_0_L2A+S2B_43QCE_20251013_0_L2A,2025-10-13,0.7903201259321984,1.0,S2C_43QBE_20251018_0_L2A+S2C_43QCE_20251018_0_L2A,2025-10-18,0.2300780417559391,1.0,S2C_43QBE_20250610_0_L2A+S2C_43QCE_20250610_0_L2A,2025-06-10
149,0.261713145243478,1.0,S2B_43QBE_20251013_0_L2A+S2B_43QCE_20251013_0_L2A,2025-10-13,0.2999679205258279,1.0,S2C_43QBE_20251018_0_L2A+S2C_43QCE_20251018_0_L2A,2025-10-18,0.15147704770908257,1.0,S2C_43QBE_20250610_0_L2A+S2C_43QCE_20250610_0_L2A,2025-06-10
150,0.33910685749262987,1.0,S2B_43QBE_20251013_0_L2A+S2B_43QCE_20251013_0_L2A,2025-10-13,0.36198209723625735,1.0,S2C_43QBE_20251018_0_L2A+S2C_43QCE_20251018_0_L2A,2025-10-18,0.20908681634373327,1.0,S2C_43QBE_20250610_0_L2A+S2C_43QCE_20250610_0_L2A,2025-06-10
151,0.4915953149860852,1.0,S2B_43QBE_20251013_0_L2A+S2B_43QCE_20251013_0_L2A,2025-10-13,0.45387374140628395,1.0,S2C_43QBE_20251018_0_L2A+S2C_43QCE_20251018_0_L2A,2025-10-18,0.24884372334774227,1.0,S2C_43QBE_20250610_0_L2A+S2C_43QCE_20250610_0_L2A,2025-06-10
152,0.5100114504539168,1.0,S2B_43QBE_20251013_0_L2A+S2B_43QCE_20251013_0_L2A,2025-10-13,0.4823425188306598,1.0,S2C_43QBE_20251018_0_L2A+S2C_43QCE_20251018_0_L2A,2025-10-18,0.16903422351918518,1.0,S2C_43QBE_20250610_0_L2A+S2C_43QCE_20250610_0_L2A,2025-06-10
153,0.48200191739060955,1.0,S2B_43QBE_20251013_0_L2A+S2B_43QCE_20251013_0_L2A,2025-10-13,0.632153903975881,1.0,S2C_43QBE_20251018_0_L2A+S2C_43QCE_20251018_0_L2A,2025-10-18,0.17900906588111398,1.0,S2C_43QBE_20250610_0_L2A+S2C_43QCE_20250610_0_L2A,2025-06-10
154,0.7874414923623255,1.0,S2B_43QBE_20251013_0_L2A+S2B_43QCE_20251013_0_L2A,2025-10-13,0.8218103043248564,1.0,S2C_43QBE_20251018_0_L2A+S2C_43QCE_20251018_0_L2A,2025-10-18,0.24502517988847702,1.0,S2C_43QBE_20250610_0_L2A+S2C_43QCE_20250610_0_L2A,2025-06-10
155,0.2710182826290245,1.0,S2B_43QBE_20251013_0_L2A+S2B_43QCE_20251013_0_L2A,2025-10-13,0.34610171638864806,1.0,S2C_43QBE_20251018_0_L2A+S2C_43QCE_20251018_0_L2A,2025-10-18,0.36283569079467737,1.0,S2C_43QBE_20250610_0_L2A+S2C_43QCE_20250610_0_L2A,2025-06-10
156,0.5046543230620131,1.0,S2B_43QBE_20251013_0_L2A+S2B_43QCE_20251013_0_L2A,2025-10-13,0.5008058081902071,1.0,S2C_43QBE_20251018_0_L2A+S2C_43QCE_20251018_0_L2A,2025-10-18,0.31246760749708474,1.0,S2C_43QBE_20250610_0_L2A+S2C_43QCE_20250610_0_L2A,2025-06-10
157,0.35794194913649746,1.0,S2B_43QBE_20251013_0_L2A+S2B_43QCE_20251013_0_L2A,2025-10-13,0.3032070532233216,1.0,S2C_43QBE_20251018_0_L2A+S2C_43QCE_20251018_0_L2A,2025-10-18,0.17466235985127532,1.0,S2C_43QBE_20250610_0_L2A+S2C_43QCE_20250610_0_L2A,2025-06-10
158,0.41512128470251974,1.0,S2B_43QBE_20251013_0_L2A+S2B_43QCE_20251013_0_L2A,2025-10-13,0.3435421788035007,1.0,S2C_43QBE_20251018_0_L2A+S2C_43QCE_20251018_0_L2A,2025-10-18,0.17612861450680453,1.0,S2C_43QBE_20250610_0_L2A+S2C_43QCE_20250610_0_L2A,2025-06-10
159,0.3853186070201441,1.0,S2B_43QBE_20251013_0_L2A+S2B_43QCE_20251013_0_L2A,2025-10-13,0.2953508058164402,1.0,S2C_43QBE_20251018_0_L2A+S2C_43QCE_20251018_0_L2A,2025-10-18,0.1733935067340784,1.0,S2C_43QBE_20250610_0_L2A+S2C_43QCE_20250610_0_L2A,2025-06-10
160,0.3318247816216918,1.0,S2B_43QBE_20251013_0_L2A+S2B_43QCE_20251013_0_L2A,2025-10-13,0.3650720677766887,1.0,S2C_43QBE_20251018_0_L2A+S2C_43QCE_20251018_0_L2A,2025-10-18,0.45858975848293754,1.0,S2C_43QBE_20250610_0_L2A+S2C_43QCE_20250610_0_L2A,2025-06-10
161,0.3641971435923163,1.0,S2B_43QBE_20251013_0_L2A+S2B_43QCE_20251013_0_L2A,2025-10-13,0.3169664665728923,1.0,S2C_43QBE_20251018_0_L2A+S2C_43QCE_20251018_0_L2A,2025-10-18,0.37777516020686014,1.0,S2C_43QBE_20250610_0_L2A+S2C_43QCE_20250610_0_L2A,2025-06-10
162,0.355500299028926,1.0,S2B_43QBE_20251013_0_L2A+S2B_43QCE_20251013_0_L2A,2025-10-13,0.38472276114053644,1.0,S2C_43QBE_20251018_0_L2A+S2C_43QCE_20251018_0_L2A,2025-10-18,0.40980446428313094,1.0,S2C_43QBE_20250610_0_L2A+S2C_43QCE_20250610_0_L2A,2025-06-10
163,0.6902988141939153,1.0,S2B_43QBE_20251013_0_L2A+S2B_43QCE_20251013_0_L2A,2025-10-13,0.7197530901708918,1.0,S2C_43QBE_20251018_0_L2A+S2C_43QCE_20251018_0_L2A,2025-10-18,0.6855507818655184,1.0,S2C_43QBE_20250610_0_L2A+S2C_43QCE_20250610_0_L2A,2025-06-10
164,0.29840264911438547,1.0,S2B_43QBE_20251013_0_L2A+S2B_43QCE_20251013_0_L2A,2025-10-13,0.2826262285251874,1.0,S2C_43QBE_20251018_0_L2A+S2C_43QCE_20251018_0_L2A,2025-10-18,0.39719877525414876,1.0,S2C_43QBE_20250610_0_L2A+S2C_43QCE_20250610_0_L2A,2025-06-10
165,0.33270961492213696,1.0,S2B_43QBE_20251013_0_L2A+S2B_43QCE_20251013_0_L2A,2025-10-13,0.39387893221088477,1.0,S2C_43QBE_20251018_0_L2A+S2C_43QCE_20251018_0_L2A,2025-10-18,0.3269155099105185,1.0,S2C_43QBE_20250610_0_L2A+S2C_43QCE_20250610_0_L2A,2025-06-10
166,0.31875979116103637,1.0,S2B_43QBE_20251013_0_L2A+S2B_43QCE_20251013_0_L2A,2025-10-13,0.3991211831367915,1.0,S2C_43QBE_20251018_0_L2A+S2C_43QCE_20251018_0_L2A,2025-10-18,0.30045822919481496,1.0,S2C_43QBE_20250610_0_L2A+S2C_43QCE_20250610_0_L2A,2025-06-10
167,0.4418852823110473,1.0,S2B_43QBE_20251013_0_L2A+S2B_43QCE_20251013_0_L2A,2025-10-13,0.4910515448318608,1.0,S2C_43QBE_20251018_0_L2A+S2C_43QCE_20251018_0_L2A,2025-10-18,0.2861058327477699,1.0,S2C_43QBE_20250610_0_L2A+S2C_43QCE_20250610_0_L2A,2025-06-10
168,0.45118232011929876,1.0,S2B_43QBE_20251013_0_L2A+S2B_43QCE_20251013_0_L2A,2025-10-13,0.3621333031801516,1.0,S2C_43QBE_20251018_0_L2A+S2C_43QCE_20251018_0_L2A,2025-10-18,0.4088607702333836,1.0,S2C_43QBE_20250610_0_L2A+S2C_43QCE_20250610_0_L2A,2025-06-10
169,0.24276193914456842,1.0,S2B_43QBE_20251013_0_L2A+S2B_43QCE_20251013_0_L2A,2025-10-13,0.23285307486709278,1.0,S2C_43QBE_20251018_0_L2A+S2C_43QCE_20251018_0_L2A,2025-10-18,0.627988735446528,1.0,S2C_43QBE_20250610_0_L2A+S2C_43QCE_20250610_0_L2A,2025-06-10
170,0.32074306549441345,1.0,S2B_43QBE_20251013_0_L2A+S2B_43QCE_20251013_0_L2A,2025-10-13,0.3741769306668424,1.0,S2C_43QBE_20251018_0_L2A+S2C_43QCE_20251018_0_L2A,2025-10-18,0.19609333046482771,1.0,S2C_43QBE_20250610_0_L2A+S2C_43QCE_20250610_0_L2A,2025-06-10
171,0.36093088101882204,1.0,S2B_43QBE_20251013_0_L2A+S2B_43QCE_20251013_0_L2A,2025-10-13,0.39145588416319627,1.0,S2C_43QBE_20251018_0_L2A+S2C_43QCE_20251018_0_L2A,2025-10-18,0.2404614232872662,1.0,S2C_43QBE_20250610_0_L2A+S2C_43QCE_20250610_0_L2A,2025-06-10
172,0.3760751421384397,1.0,S2B_43QBE_20251013_0_L2A+S2B_43QCE_20251013_0_L2A,2025-10-13,0.4724184773553818,1.0,S2C_43QBE_20251018_0_L2A+S2C_43QCE_20251018_0_L2A,2025-10-18,0.2155214229400111,1.0,S2C_43QBE_20250610_0_L2A+S2C_43QCE_20250610_0_L2A,2025-06-10
173,0.6942844058053702,1.0,S2B_43QBE_20251013_0_L2A+S2B_43QCE_20251013_0_L2A,2025-10-13,0.705376921687223,1.0,S2C_43QBE_20251018_0_L2A+S2C_43QCE_20251018_0_L2A,2025-10-18,0.6183262472531313,1.0,S2C_43QBE_20250610_0_L2A+S2C_43QCE_20250610_0_L2A,2025-06-10
174,0.37848945194727246,1.0,S2B_43QBE_20251013_0_L2A+S2B_43QCE_20251013_0_L2A,2025-10-13,0.35330918616661583,1.0,S2C_43QBE_20251018_0_L2A+S2C_43QCE_20251018_0_L2A,2025-10-18,0.3877713871720613,1.0,S2C_43QBE_20250610_0_L2A+S2C_43QCE_20250610_0_L2A,2025-06-10
175,0.6735879007752958,1.0,S2B_43QBE_20251013_0_L2A+S2B_43QCE_20251013_0_L2A,2025-10-13,0.6816642939720213,1.0,S2C_43QBE_20251018_0_L2A+S2C_43QCE_20251018_0_L2A,2025-10-18,0.619288425947588,1.0,S2C_43QBE_20250610_0_L2A+S2C_43QCE_20250610_0_L2A,2025-06-10
176,0.5270017553598453,1.0,S2B_43QBE_20251013_0_L2A+S2B_43QCE_20251013_0_L2A,2025-10-13,0.557709067408136,1.0,S2C_43QBE_20251018_0_L2A+S2C_43QCE_20251018_0_L2A,2025-10-18,0.5379913182055429,1.0,S2C_43QBE_20250610_0_L2A+S2C_43QCE_20250610_0_L2A,2025-06-10
177,0.4583736280120201,1.0,S2B_43QBE_20251013_0_L2A+S2B_43QCE_20251013_0_L2A,2025-10-13,0.5054008580596985,1.0,S2C_43QBE_20251018_0_L2A+S2C_43QCE_20251018_0_L2A,2025-10-18,0.518726312519429,1.0,S2C_43QBE_20250610_0_L2A+S2C_43QCE_20250610_0_L2A,2025-06-10
178,0.370670125678855,1.0,S2B_43QBE_20251013_0_L2A+S2B_43QCE_20251013_0_L2A,2025-10-13,0.3836065362004494,1.0,S2C_43QBE_20251018_0_L2A+S2C_43QCE_20251018_0_L2A,2025-10-18,0.5000248539365814,1.0,S2C_43QBE_20250610_0_L2A+S2C_43QCE_20250610_0_L2A,2025-06-10
179,0.5132896126114896,1.0,S2B_43QBE_20251013_0_L2A+S2B_43QCE_20251013_0_L2A,2025-10-13,0.47032582372693077,1.0,S2C_43QBE_20251018_0_L2A+S2C_43QCE_20251018_0_L2A,2025-10-18,0.5774626776842134,1.0,S2C_43QBE_20250610_0_L2A+S2C_43QCE_20250610_0_L2A,2025-06-10
180,0.440540389932415,1.0,S2B_43QBE_20251013_0_L2A+S2B_43QCE_20251013_0_L2A,2025-10-13,0.33224979968497315,1.0,S2C_43QBE_20251018_0_L2A+S2C_43QCE_20251018_0_L2A,2025-10-18,0.49865880294351195,1.0,S2C_43QBE_20250610_0_L2A+S2C_43QCE_20250610_0_L2A,2025-06-10
181,0.3205016834425082,1.0,S2B_43QBE_20251013_0_L2A+S2B_43QCE_20251013_0_L2A,2025-10-13,0.429010842799453,1.0,S2C_43QBE_20251018_0_L2A+S2C_43QCE_20251018_0_L2A,2025-10-18,0.30632147451945546,1.0,S2C_43QBE_20250610_0_L2A+S2C_43QCE_20250610_0_L2A,2025-06-10
182,0.5158621162910022,1.0,S2B_43QBE_20251013_0_L2A+S2B_43QCE_20251013_0_L2A,2025-10-13,0.6766183264314235,1.0,S2C_43QBE_20251018_0_L2A+S2C_43QCE_20251018_0_L2A,2025-10-18,0.3782749923955194,1.0,S2C_43QBE_20250610_0_L2A+S2C_43QCE_20250610_0_L2A,2025-06-10
183,0.4129582681317019,1.0,S2B_43QBE_20251013_0_L2A+S2B_43QCE_20251013_0_L2A,2025-10-13,0.4519014827817711,1.0,S2C_43QBE_20251018_0_L2A+S2C_43QCE_20251018_0_L2A,2025-10-18,0.274623091179256,1.0,S2C_43QBE_20250610_0_L2A+S2C_43QCE_20250610_0_L2A,2025-06-10
184,0.43016682646261056,1.0,S2B_43QBE_20251013_0_L2A+S2B_43QCE_20251013_0_L2A,2025-10-13,0.40769743874204734,1.0,S2C_43QBE_20251018_0_L2A+S2C_43QCE_20251018_0_L2A,2025-10-18,0.2068328548993166,1.0,S2C_43QBE_20250610_0_L2A+S2C_43QCE_20250610_0_L2A,2025-06-10
185,0.38626838595718527,1.0,S2B_43QBE_20251013_0_L2A+S2B_43QCE_20251013_0_L2A,2025-10-13,0.41357395159801186,1.0,S2C_43QBE_20251018_0_L2A+S2C_43QCE_20251018_0_L2A,2025-10-18,0.18963590970142527,1.0,S2C_43QBE_20250610_0_L2A+S2C_43QCE_20250610_0_L2A,2025-06-10
186,0.38542354541166873,1.0,S2B_43QBE_20251013_0_L2A+S2B_43QCE_20251013_0_L2A,2025-10-13,0.47350296294045535,1.0,S2C_43QBE_20251018_0_L2A+S2C_43QCE_20251018_0_L2A,2025-10-18,0.3363281686890705,1.0,S2C_43QBE_20250610_0_L2A+S2C_43QCE_20250610_0_L2A,2025-06-10
187,0.36352849214370453,1.0,S2B_43QBE_20251013_0_L2A+S2B_43QCE_20251013_0_L2A,2025-10-13,0.3852875210893549,1.0,S2C_43QBE_20251018_0_L2A+S2C_43QCE_20251018_0_L2A,2025-10-18,0.36911604262140796,1.0,S2C_43QBE_20250610_0_L2A+S2C_43QCE_20250610_0_L2A,2025-06-10
188,0.37246282692936744,1.0,S2B_43QBE_20251013_0_L2A+S2B_43QCE_20251013_0_L2A,2025-10-13,0.4122601604716092,1.0,S2C_43QBE_20251018_0_L2A+S2C_43QCE_20251018_0_L2A,2025-10-18,0.25111761636019686,1.0,S2C_43QBE_20250610_0_L2A+S2C_43QCE_20250610_0_L2A,2025-06-10
189,0.4375344867884861,1.0,S2B_43QBE_20251013_0_L2A+S2B_43QCE_20251013_0_L2A,2025-10-13,0.407280898704056,1.0,S2C_43QBE_20251018_0_L2A+S2C_43QCE_20251018_0_L2A,2025-10-18,0.3456553291403669,1.0,S2C_43QBE_20250610_0_L2A+S2C_43QCE_20250610_0_L2A,2025-06-10
190,0.2903591616472466,1.0,S2B_43QBE_20251013_0_L2A+S2B_43QCE_20251013_0_L2A,2025-10-13,0.26381137177041886,1.0,S2C_43QBE_20251018_0_L2A+S2C_43QCE_20251018_0_L2A,2025-10-18,0.2114717169238097,1.0,S2C_43QBE_20250610_0_L2A+S2C_43QCE_20250610_0_L2A,2025-06-10
191,0.41555804744802044,1.0,S2B_43QBE_20251013_0_L2A+S2B_43QCE_20251013_0_L2A,2025-10-13,0.5055292392702603,1.0,S2C_43QBE_20251018_0_L2A+S2C_43QCE_20251018_0_L2A,2025-10-18,0.5282536397341941,1.0,S2C_43QBE_20250610_0_L2A+S2C_43QCE_20250610_0_L2A,2025-06-10
192,0.3361388423315414,1.0,S2B_43QBE_20251013_0_L2A+S2B_43QCE_20251013_0_L2A,2025-10-13,0.3623086306137162,1.0,S2C_43QBE_20251018_0_L2A+S2C_43QCE_20251018_0_L2A,2025-10-18,0.28677215363149283,1.0,S2C_43QBE_20250610_0_L2A+S2C_43QCE_20250610_0_L2A,2025-06-10
193,0.3284109917634041,1.0,S2B_43QBE_20251013_0_L2A+S2B_43QCE_20251013_0_L2A,2025-10-13,0.3111425634342412,1.0,S2C_43QBE_20251018_0_L2A+S2C_43QCE_20251018_0_L2A,2025-10-18,0.39131276950877153,1.0,S2C_43QBE_20250610_0_L2A+S2C_43QCE_20250610_0_L2A,2025-06-10
194,0.32451295646390577,1.0,S2B_43QBE_20251013_0_L2A+S2B_43QCE_20251013_0_L2A,2025-10-13,0.5001008513105094,1.0,S2C_43QBE_20251018_0_L2A+S2C_43QCE_20251018_0_L2A,2025-10-18,0.21971591405914814,1.0,S2C_43QBE_20250610_0_L2A+S2C_43QCE_20250610_0_L2A,2025-06-10
195,0.3386304777462122,1.0,S2B_43QBE_20251013_0_L2A+S2B_43QCE_20251013_0_L2A,2025-10-13,0.49822110158586225,1.0,S2C_43QBE_20251018_0_L2A+S2C_43QCE_20251018_0_L2A,2025-10-18,0.2811035093988559,1.0,S2C_43QBE_20250610_0_L2A+S2C_43QCE_20250610_0_L2A,2025-06-10
196,0.38826416843544215,1.0,S2B_43QBE_20251013_0_L2A+S2B_43QCE_20251013_0_L2A,2025-10-13,0.42177674284454636,1.0,S2C_43QBE_20251018_0_L2A+S2C_43QCE_20251018_0_L2A,2025-10-18,0.22363661534871823,1.0,S2C_43QBE_20250610_0_L2A+S2C_43QCE_20250610_0_L2A,2025-06-10
197,0.2784557194037493,1.0,S2B_43QBE_20251013_0_L2A+S2B_43QCE_20251013_0_L2A,2025-10-13,0.3749238703313262,1.0,S2C_43QBE_20251018_0_L2A+S2C_43QCE_20251018_0_L2A,2025-10-18,0.24604217140653797,1.0,S2C_43QBE_20250610_0_L2A+S2C_43QCE_20250610_0_L2A,2025-06-10
198,0.3291324464911204,1.0,S2B_43QBE_20251013_0_L2A+S2B_43QCE_20251013_0_L2A,2025-10-13,0.43643326576924985,1.0,S2C_43QBE_20251018_0_L2A+S2C_43QCE_20251018_0_L2A,2025-10-18,0.2526102416072434,1.0,S2C_43QBE_20250610_0_L2A+S2C_43QCE_20250610_0_L2A,2025-06-10
199,0.3975790600948161,1.0,S2B_43QBE_20251013_0_L2A+S2B_43QCE_20251013_0_L2A,2025-10-13,0.4080295322602778,1.0,S2C_43QBE_20251018_0_L2A+S2C_43QCE_20251018_0_L2A,2025-10-18,0.5972928718858923,1.0,S2C_43QBE_20250610_0_L2A+S2C_43QCE_20250610_0_L2A,2025-06-10
200,0.6949172430301631,1.0,S2B_43QBE_20251013_0_L2A+S2B_43QCE_20251013_0_L2A,2025-10-13,0.7239573459007981,1.0,S2C_43QBE_20251018_0_L2A+S2C_43QCE_20251018_0_L2A,2025-10-18,0.6796635464976079,1.0,S2C_43QBE_20250610_0_L2A+S2C_43QCE_20250610_0_L2A,2025-06-10
201,0.3704729519253522,1.0,S2B_43QBE_20251013_0_L2A+S2B_43QCE_20251013_0_L2A,2025-10-13,0.3883428728386387,1.0,S2C_43QBE_20251018_0_L2A+S2C_43QCE_20251018_0_L2A,2025-10-18,0.3090337213302851,1.0,S2C_43QBE_20250610_0_L2A+S2C_43QCE_20250610_0_L2A,2025-06-10
202,0.2944847208894832,1.0,S2B_43QBE_20251013_0_L2A+S2B_43QCE_20251013_0_L2A,2025-10-13,0.2660968445301408,1.0,S2C_43QBE_20251018_0_L2A+S2C_43QCE_20251018_0_L2A,2025-10-18,0.24414471360552112,1.0,S2C_43QBE_20250610_0_L2A+S2C_43QCE_20250610_0_L2A,2025-06-10
203,0.26570989035099624,1.0,S2B_43QBE_20251013_0_L2A+S2B_43QCE_20251013_0_L2A,2025-10-13,0.29209212686911046,1.0,S2C_43QBE_20251018_0_L2A+S2C_43QCE_20251018_0_L2A,2025-10-18,0.22396602627943712,1.0,S2C_43QBE_20250610_0_L2A+S2C_43QCE_20250610_0_L2A,2025-06-10
204,0.37892602812518916,1.0,S2B_43QBE_20251013_0_L2A+S2B_43QCE_20251013_0_L2A,2025-10-13,0.3154687742431544,1.0,S2C_43QBE_20251018_0_L2A+S2C_43QCE_20251018_0_L2A,2025-10-18,0.48051555253296313,1.0,S2C_43QBE_20250610_0_L2A+S2C_43QCE_20250610_0_L2A,2025-06-10
205,0.6932836381770877,1.0,S2B_43QBE_20251013_0_L2A+S2B_43QCE_20251013_0_L2A,2025-10-13,0.26814686388790854,1.0,S2C_43QBE_20251018_0_L2A+S2C_43QCE_20251018_0_L2A,2025-10-18,0.6732456273664209,1.0,S2C_43QBE_20250610_0_L2A+S2C_43QCE_20250610_0_L2A,2025-06-10
206,0.5853935115505654,1.0,S2B_43QBE_20251013_0_L2A+S2B_43QCE_20251013_0_L2A,2025-10-13,0.48540354563275906,1.0,S2C_43QBE_20251018_0_L2A+S2C_43QCE_20251018_0_L2A,2025-10-18,0.28755493034275975,1.0,S2C_43QBE_20250610_0_L2A+S2C_43QCE_20250610_0_L2A,2025-06-10
207,0.5121424147159686,1.0,S2B_43QBE_20251013_0_L2A+S2B_43QCE_20251013_0_L2A,2025-10-13,0.5038236700829175,1.0,S2C_43QBE_20251018_0_L2A+S2C_43QCE_20251018_0_L2A,2025-10-18,0.6292350915050422,1.0,S2C_43QBE_20250610_0_L2A+S2C_43QCE_20250610_0_L2A,2025-06-10
208,0.4140716916901536,1.0,S2B_43QBE_20251013_0_L2A+S2B_43QCE_20251013_0_L2A,2025-10-13,0.49328159891210893,1.0,S2C_43QBE_20251018_0_L2A+S2C_43QCE_20251018_0_L2A,2025-10-18,0.3028955529521196,1.0,S2C_43QBE_20250610_0_L2A+S2C_43QCE_20250610_0_L2A,2025-06-10
209,0.516194193791752,1.0,S2B_43QBE_20251013_0_L2A+S2B_43QCE_20251013_0_L2A,2025-10-13,0.5018074533170905,1.0,S2C_43QBE_20251018_0_L2A+S2C_43QCE_20251018_0_L2A,2025-10-18,0.5519972964012918,1.0,S2C_43QBE_20250610_0_L2A+S2C_43QCE_20250610_0_L2A,2025-06-10
210,0.4857643209146931,1.0,S2B_43QBE_20251013_0_L2A+S2B_43QCE_20251013_0_L2A,2025-10-13,0.4824375143331109,1.0,S2C_43QBE_20251018_0_L2A+S2C_43QCE_20251018_0_L2A,2025-10-18,0.696750618166193,1.0,S2C_43QBE_20250610_0_L2A+S2C_43QCE_20250610_0_L2A,2025-06-10
211,0.5205154524142739,1.0,S2B_43QBE_20251013_0_L2A+S2B_43QCE_20251013_0_L2A,2025-10-13,0.5027085699282012,1.0,S2C_43QBE_20251018_0_L2A+S2C_43QCE_20251018_0_L2A,2025-10-18,0.5758272991170008,1.0,S2C_43QBE_20250610_0_L2A+S2C_43QCE_20250610_0_L2A,2025-06-10
212,0.37980072421156413,1.0,S2B_43QBE_20251013_0_L2A+S2B_43QCE_20251013_0_L2A,2025-10-13,0.4446262336740044,1.0,S2C_43QBE_20251018_0_L2A+S2C_43QCE_20251018_0_L2A,2025-10-18,0.24000877942450466,1.0,S2C_43QBE_20250610_0_L2A+S2C_43QCE_20250610_0_L2A,2025-06-10
213,0.656193455882503,1.0,S2B_43QBE_20251013_0_L2A+S2B_43QCE_20251013_0_L2A,2025-10-13,0.3519311538615892,1.0,S2C_43QBE_20251018_0_L2A+S2C_43QCE_20251018_0_L2A,2025-10-18,0.6205740781595215,1.0,S2C_43QBE_20250610_0_L2A+S2C_43QCE_20250610_0_L2A,2025-06-10
214,0.46520912254719,1.0,S2B_43QBE_20251013_0_L2A+S2B_43QCE_20251013_0_L2A,2025-10-13,0.5525683780303318,1.0,S2C_43QBE_20251018_0_L2A+S2C_43QCE_20251018_0_L2A,2025-10-18,0.3641676884398773,1.0,S2C_43QBE_20250610_0_L2A+S2C_43QCE_20250610_0_L2A,2025-06-10
215,0.41777233167352057,1.0,S2B_43QBE_20251013_0_L2A+S2B_43QCE_20251013_0_L2A,2025-10-13,0.49478749055475113,1.0,S2C_43QBE_20251018_0_L2A+S2C_43QCE_20251018_0_L2A,2025-10-18,0.3342725570128828,1.0,S2C_43QBE_20250610_0_L2A+S2C_43QCE_20250610_0_L2A,2025-06-10
216,0.6441674423059227,1.0,S2B_43QBE_20251013_0_L2A+S2B_43QCE_20251013_0_L2A,2025-10-13,0.27973547410589106,1.0,S2C_43QBE_20251018_0_L2A+S2C_43QCE_20251018_0_L2A,2025-10-18,0.6484259123355074,1.0,S2C_43QBE_20250610_0_L2A+S2C_43QCE_20250610_0_L2A,2025-06-10
217,0.5703553768060289,1.0,S2B_43QBE_20251013_0_L2A+S2B_43QCE_20251013_0_L2A,2025-10-13,0.605300268725163,1.0,S2C_43QBE_20251018_0_L2A+S2C_43QCE_20251018_0_L2A,2025-10-18,0.36667929363534446,1.0,S2C_43QBE_20250610_0_L2A+S2C_43QCE_20250610_0_L2A,2025-06-10
218,0.5718802998952428,1.0,S2B_43QBE_20251013_0_L2A+S2B_43QCE_20251013_0_L2A,2025-10-13,0.3213479002752901,1.0,S2C_43QBE_20251018_0_L2A+S2C_43QCE_20251018_0_L2A,2025-10-18,0.651847722589348,1.0,S2C_43QBE_20250610_0_L2A+S2C_43QCE_20250610_0_L2A,2025-06-10
219,0.6052590246427929,1.0,S2B_43QBE_20251013_0_L2A+S2B_43QCE_20251013_0_L2A,2025-10-13,0.25400033778152253,1.0,S2C_43QBE_20251018_0_L2A+S2C_43QCE_20251018_0_L2A,2025-10-18,0.6566174625874074,1.0,S2C_43QBE_20250610_0_L2A+S2C_43QCE_20250610_0_L2A,2025-06-10
220,0.3376294861944843,1.0,S2B_43QBE_20251013_0_L2A+S2B_43QCE_20251013_0_L2A,2025-10-13,0.3224577118680902,1.0,S2C_43QBE_20251018_0_L2A+S2C_43QCE_20251018_0_L2A,2025-10-18,0.21308294857473678,1.0,S2C_43QBE_20250610_0_L2A+S2C_43QCE_20250610_0_L2A,2025-06-10
221,0.43624578042270873,1.0,S2B_43QBE_20251013_0_L2A+S2B_43QCE_20251013_0_L2A,2025-10-13,0.48777541583652667,1.0,S2C_43QBE_20251018_0_L2A+S2C_43QCE_20251018_0_L2A,2025-10-18,0.23788555627053146,1.0,S2C_43QBE_20250610_0_L2A+S2C_43QCE_20250610_0_L2A,2025-06-10
222,0.4058172582271684,1.0,S2B_43QBE_20251013_0_L2A+S2B_43QCE_20251013_0_L2A,2025-10-13,0.5411182271498273,1.0,S2C_43QBE_20251018_0_L2A+S2C_43QCE_20251018_0_L2A,2025-10-18,0.2530110691760149,1.0,S2C_43QBE_20250610_0_L2A+S2C_43QCE_20250610_0_L2A,2025-06-10
223,0.3529313791771723,1.0,S2B_43QBE_20251013_0_L2A+S2B_43QCE_20251013_0_L2A,2025-10-13,0.40276328689565655,1.0,S2C_43QBE_20251018_0_L2A+S2C_43QCE_20251018_0_L2A,2025-10-18,0.3027457247927135,1.0,S2C_43QBE_20250610_0_L2A+S2C_43QCE_20250610_0_L2A,2025-06-10
224,0.3231478394763979,1.0,S2B_43QBE_20251013_0_L2A+S2B_43QCE_20251013_0_L2A,2025-10-13,0.35875198590704876,1.0,S2C_43QBE_20251018_0_L2A+S2C_43QCE_20251018_0_L2A,2025-10-18,0.2674054713658936,1.0,S2C_43QBE_20250610_0_L2A+S2C_43QCE_20250610_0_L2A,2025-06-10
225,0.2718710257456853,1.0,S2B_43QBE_20251013_0_L2A+S2B_43QCE_20251013_0_L2A,2025-10-13,0.2212784526278623,1.0,S2C_43QBE_20251018_0_L2A+S2C_43QCE_20251018_0_L2A,2025-10-18,0.17395388738861164,1.0,S2C_43QBE_20250610_0_L2A+S2C_43QCE_20250610_0_L2A,2025-06-10
226,0.24164241028219083,1.0,S2B_43QBE_20251013_0_L2A+S2B_43QCE_20251013_0_L2A,2025-10-13,0.17843382393517715,1.0,S2C_43QBE_20251018_0_L2A+S2C_43QCE_20251018_0_L2A,2025-10-18,0.13778883066839756,1.0,S2C_43QBE_20250610_0_L2A+S2C_43QCE_20250610_0_L2A,2025-06-10
227,0.3992498348345575,1.0,S2B_43QBE_20251013_0_L2A+S2B_43QCE_20251013_0_L2A,2025-10-13,0.4221932165749857,1.0,S2C_43QBE_20251018_0_L2A+S2C_43QCE_20251018_0_L2A,2025-10-18,0.33083568028903204,1.0,S2C_43QBE_20250610_0_L2A+S2C_43QCE_20250610_0_L2A,2025-06-10
228,0.30989894680749647,1.0,S2B_43QBE_20251013_0_L2A+S2B_43QCE_20251013_0_L2A,2025-10-13,0.28110324105279716,1.0,S2C_43QBE_20251018_0_L2A+S2C_43QCE_20251018_0_L2A,2025-10-18,0.22533997576132503,1.0,S2C_43QBE_20250610_0_L2A+S2C_43QCE_20250610_0_L2A,2025-06-10
229,0.6269225667626633,1.0,S2B_43QBE_20251013_0_L2A+S2B_43QCE_20251013_0_L2A,2025-10-13,0.5285841679186135,1.0,S2C_43QBE_20251018_0_L2A+S2C_43QCE_20251018_0_L2A,2025-10-18,0.4418747398915947,1.0,S2C_43QBE_20250610_0_L2A+S2C_43QCE_20250610_0_L2A,2025-06-10
230,0.601801534289543,1.0,S2B_43QBE_20251013_0_L2A+S2B_43QCE_20251013_0_L2A,2025-10-13,0.645244702810101,1.0,S2C_43QBE_20251018_0_L2A+S2C_43QCE_20251018_0_L2A,2025-10-18,0.693446754389533,1.0,S2C_43QBE_20250610_0_L2A+S2C_43QCE_20250610_0_L2A,2025-06-10
231,0.39074953414256486,1.0,S2B_43QBE_20251013_0_L2A+S2B_43QCE_20251013_0_L2A,2025-10-13,0.3085723357912492,1.0,S2C_43QBE_20251018_0_L2A+S2C_43QCE_20251018_0_L2A,2025-10-18,0.45226319255280123,1.0,S2C_43QBE_20250610_0_L2A+S2C_43QCE_20250610_0_L2A,2025-06-10
232,0.6677496437928352,1.0,S2B_43QBE_20251013_0_L2A+S2B_43QCE_20251013_0_L2A,2025-10-13,0.6512171787216194,1.0,S2C_43QBE_20251018_0_L2A+S2C_43QCE_20251018_0_L2A,2025-10-18,0.47644208520504916,1.0,S2C_43QBE_20250610_0_L2A+S2C_43QCE_20250610_0_L2A,2025-06-10
233,0.3823207520060851,1.0,S2B_43QBE_20251013_0_L2A+S2B_43QCE_20251013_0_L2A,2025-10-13,0.43825378322978203,1.0,S2C_43QBE_20251018_0_L2A+S2C_43QCE_20251018_0_L2A,2025-10-18,0.23964868934921357,1.0,S2C_43QBE_20250610_0_L2A+S2C_43QCE_20250610_0_L2A,2025-06-10
234,0.4414615821022645,1.0,S2B_43QBE_20251013_0_L2A+S2B_43QCE_20251013_0_L2A,2025-10-13,0.3435798003092875,1.0,S2C_43QBE_20251018_0_L2A+S2C_43QCE_20251018_0_L2A,2025-10-18,0.6705376580176331,1.0,S2C_43QBE_20250610_0_L2A+S2C_43QCE_20250610_0_L2A,2025-06-10
235,0.2484530265907963,1.0,S2B_43QBE_20251013_0_L2A+S2B_43QCE_20251013_0_L2A,2025-10-13,0.23770401742953348,1.0,S2C_43QBE_20251018_0_L2A+S2C_43QCE_20251018_0_L2A,2025-10-18,0.7203845629952575,1.0,S2C_43QBE_20250610_0_L2A+S2C_43QCE_20250610_0_L2A,2025-06-10
236,0.4513646868177338,1.0,S2B_43QBE_20251013_0_L2A+S2B_43QCE_20251013_0_L2A,2025-10-13,0.33118955614106815,1.0,S2C_43QBE_20251018_0_L2A+S2C_43QCE_20251018_0_L2A,2025-10-18,0.35945796204449626,1.0,S2C_43QBE_20250610_0_L2A+S2C_43QCE_20250610_0_L2A,2025-06-10
237,0.41193215322689475,1.0,S2B_43QBE_20251013_0_L2A+S2B_43QCE_20251013_0_L2A,2025-10-13,0.4652093397192309,1.0,S2C_43QBE_20251018_0_L2A+S2C_43QCE_20251018_0_L2A,2025-10-18,0.2559172692212546,1.0,S2C_43QBE_20250610_0_L2A+S2C_43QCE_20250610_0_L2A,2025-06-10
238,0.5602628041230181,1.0,S2B_43QBE_20251013_0_L2A+S2B_43QCE_20251013_0_L2A,2025-10-13,0.5670964437372544,1.0,S2C_43QBE_20251018_0_L2A+S2C_43QCE_20251018_0_L2A,2025-10-18,0.46966727544001946,1.0,S2C_43QBE_20250610_0_L2A+S2C_43QCE_20250610_0_L2A,2025-06-10
239,0.4514515178980495,1.0,S2B_43QBE_20251013_0_L2A+S2B_43QCE_20251013_0_L2A,2025-10-13,0.469659160282776,1.0,S2C_43QBE_20251018_0_L2A+S2C_43QCE_20251018_0_L2A,2025-10-18,0.22941462551538136,1.0,S2C_43QBE_20250610_0_L2A+S2C_43QCE_20250610_0_L2A,2025-06-10
240,0.4880169925103362,1.0,S2B_43QBE_20251013_0_L2A+S2B_43QCE_20251013_0_L2A,2025-10-13,0.46530267581963464,1.0,S2C_43QBE_20251018_0_L2A+S2C_43QCE_20251018_0_L2A,2025-10-18,0.34042657788386627,1.0,S2C_43QBE_20250610_0_L2A+S2C_43QCE_20250610_0_L2A,2025-06-10
241,0.4007573399914564,1.0,S2B_43QBE_20251013_0_L2A+S2B_43QCE_20251013_0_L2A,2025-10-13,0.24024368432022877,1.0,S2C_43QBE_20251018_0_L2A+S2C_43QCE_20251018_0_L2A,2025-10-18,0.3037255693152167,1.0,S2C_43QBE_20250610_0_L2A+S2C_43QCE_20250610_0_L2A,2025-06-10
242,0.3927454577276,1.0,S2B_43QBE_20251013_0_L2A+S2B_43QCE_20251013_0_L2A,2025-10-13,0.43759932323462436,1.0,S2C_43QBE_20251018_0_L2A+S2C_43QCE_20251018_0_L2A,2025-10-18,0.33227933275478855,1.0,S2C_43QBE_20250610_0_L2A+S2C_43QCE_20250610_0_L2A,2025-06-10
243,0.32380367444690905,1.0,S2B_43QBE_20251013_0_L2A+S2B_43QCE_20251013_0_L2A,2025-10-13,0.3160471550790887,1.0,S2C_43QBE_20251018_0_L2A+S2C_43QCE_20251018_0_L2A,2025-10-18,0.32172520917967745,1.0,S2C_43QBE_20250610_0_L2A+S2C_43QCE_20250610_0_L2A,2025-06-10
244,0.5916428618861777,1.0,S2B_43QBE_20251013_0_L2A+S2B_43QCE_20251013_0_L2A,2025-10-13,0.47586429066270647,1.0,S2C_43QBE_20251018_0_L2A+S2C_43QCE_20251018_0_L2A,2025-10-18,0.3726514557076304,1.0,S2C_43QBE_20250610_0_L2A+S2C_43QCE_20250610_0_L2A,2025-06-10
245,0.34581324604371383,1.0,S2B_43QBE_20251013_0_L2A+S2B_43QCE_20251013_0_L2A,2025-10-13,0.43354165146715723,1.0,S2C_43QBE_20251018_0_L2A+S2C_43QCE_20251018_0_L2A,2025-10-18,0.425686226773808,1.0,S2C_43QBE_20250610_0_L2A+S2C_43QCE_20250610_0_L2A,2025-06-10
246,0.727397437169396,1.0,S2B_43QBE_20251013_0_L2A+S2B_43QCE_20251013_0_L2A,2025-10-13,0.7554809130378437,1.0,S2C_43QBE_20251018_0_L2A+S2C_43QCE_20251018_0_L2A,2025-10-18,0.6366768774755067,1.0,S2C_43QBE_20250610_0_L2A+S2C_43QCE_20250610_0_L2A,2025-06-10
247,0.45136560847110113,1.0,S2B_43QBE_20251013_0_L2A+S2B_43QCE_20251013_0_L2A,2025-10-13,0.5256456777960559,1.0,S2C_43QBE_20251018_0_L2A+S2C_43QCE_20251018_0_L2A,2025-10-18,0.29679808636707816,1.0,S2C_43QBE_20250610_0_L2A+S2C_43QCE_20250610_0_L2A,2025-06-10
248,0.6010924734531765,1.0,S2B_43QBE_20251013_0_L2A+S2B_43QCE_20251013_0_L2A,2025-10-13,0.6248588071547552,1.0,S2C_43QBE_20251018_0_L2A+S2C_43QCE_20251018_0_L2A,2025-10-18,0.6000823778112775,1.0,S2C_43QBE_20250610_0_L2A+S2C_43QCE_20250610_0_L2A,2025-06-10
249,0.34631125005550406,1.0,S2B_43QBE_20251013_0_L2A+S2B_43QCE_20251013_0_L2A,2025-10-13,0.4905165404637844,1.0,S2C_43QBE_20251018_0_L2A+S2C_43QCE_20251018_0_L2A,2025-10-18,0.2977587349674367,1.0,S2C_43QBE_20250610_0_L2A+S2C_43QCE_20250610_0_L2A,2025-06-10
250,0.4501399149115856,1.0,S2B_43QBE_20251013_0_L2A+S2B_43QCE_20251013_0_L2A,2025-10-13,0.49337149364516114,1.0,S2C_43QBE_20251018_0_L2A+S2C_43QCE_20251018_0_L2A,2025-10-18,0.20071725059382683,1.0,S2C_43QBE_20250610_0_L2A+S2C_43QCE_20250610_0_L2A,2025-06-10
251,0.44478978266608266,1.0,S2B_43QBE_20251013_0_L2A+S2B_43QCE_20251013_0_L2A,2025-10-13,0.41586893658625257,1.0,S2C_43QBE_20251018_0_L2A+S2C_43QCE_20251018_0_L2A,2025-10-18,0.3550205797941738,1.0,S2C_43QBE_20250610_0_L2A+S2C_43QCE_20250610_0_L2A,2025-06-10
252,0.4057823879588652,1.0,S2B_43QBE_20251013_0_L2A+S2B_43QCE_20251013_0_L2A,2025-10-13,0.41459781654781575,1.0,S2C_43QBE_20251018_0_L2A+S2C_43QCE_20251018_0_L2A,2025-10-18,0.327975463310873,1.0,S2C_43QBE_20250610_0_L2A+S2C_43QCE_20250610_0_L2A,2025-06-10
253,0.8008041635287944,1.0,S2B_43QBE_20251013_0_L2A+S2B_43QCE_20251013_0_L2A,2025-10-13,0.8506047356330336,1.0,S2C_43QBE_20251018_0_L2A+S2C_43QCE_20251018_0_L2A,2025-10-18,0.6179853569041782,1.0,S2C_43QBE_20250610_0_L2A+S2C_43QCE_20250610_0_L2A,2025-06-10
254,0.5712195675330053,1.0,S2B_43QBE_20251013_0_L2A+S2B_43QCE_20251013_0_L2A,2025-10-13,0.5850608175373879,1.0,S2C_43QBE_20251018_0_L2A+S2C_43QCE_20251018_0_L2A,2025-10-18,0.21105164803750182,1.0,S2C_43QBE_20250610_0_L2A+S2C_43QCE_20250610_0_L2A,2025-06-10
255,0.27364517507513847,1.0,S2B_43QBE_20251013_0_L2A+S2B_43QCE_20251013_0_L2A,2025-10-13,0.2904041343348561,1.0,S2C_43QBE_20251018_0_L2A+S2C_43QCE_20251018_0_L2A,2025-10-18,0.2657927365382753,1.0,S2C_43QBE_20250610_0_L2A+S2C_43QCE_20250610_0_L2A,2025-06-10
256,0.3598094180273185,1.0,S2B_43QBE_20251013_0_L2A+S2B_43QCE_20251013_0_L2A,2025-10-13,0.4023942657799091,1.0,S2C_43QBE_20251018_0_L2A+S2C_43QCE_20251018_0_L2A,2025-10-18,0.5450542785883324,1.0,S2C_43QBE_20250610_0_L2A+S2C_43QCE_20250610_0_L2A,2025-06-10
257,0.6047970263547479,1.0,S2B_43QBE_20251013_0_L2A+S2B_43QCE_20251013_0_L2A,2025-10-13,0.6269242235399198,1.0,S2C_43QBE_20251018_0_L2A+S2C_43QCE_20251018_0_L2A,2025-10-18,0.44129935112796986,1.0,S2C_43QBE_20250610_0_L2A+S2C_43QCE_20250610_0_L2A,2025-06-10
258,0.2911514401737099,1.0,S2B_43QBE_20251013_0_L2A+S2B_43QCE_20251013_0_L2A,2025-10-13,0.3387330337859443,1.0,S2C_43QBE_20251018_0_L2A+S2C_43QCE_20251018_0_L2A,2025-10-18,0.474755454058659,1.0,S2C_43QBE_20250610_0_L2A+S2C_43QCE_20250610_0_L2A,2025-06-10
259,0.34279931199281594,1.0,S2B_43QBE_20251013_0_L2A+S2B_43QCE_20251013_0_L2A,2025-10-13,0.433423779019109,1.0,S2C_43QBE_20251018_0_L2A+S2C_43QCE_20251018_0_L2A,2025-10-18,0.4078502856948083,1.0,S2C_43QBE_20250610_0_L2A+S2C_43QCE_20250610_0_L2A,2025-06-10
260,0.4173735173567223,1.0,S2B_43QBE_20251013_0_L2A+S2B_43QCE_20251013_0_L2A,2025-10-13,0.4847118643412239,1.0,S2C_43QBE_20251018_0_L2A+S2C_43QCE_20251018_0_L2A,2025-10-18,0.23848567767801487,1.0,S2C_43QBE_20250610_0_L2A+S2C_43QCE_20250610_0_L2A,2025-06-10
261,0.3990261066990862,1.0,S2B_43QBE_20251013_0_L2A+S2B_43QCE_20251013_0_L2A,2025-10-13,0.43770970546191545,1.0,S2C_43QBE_20251018_0_L2A+S2C_43QCE_20251018_0_L2A,2025-10-18,0.20392352632722624,1.0,S2C_43QBE_20250610_0_L2A+S2C_43QCE_20250610_0_L2A,2025-06-10
262,0.3067676642772612,1.0,S2B_43QBE_20251013_0_L2A+S2B_43QCE_20251013_0_L2A,2025-10-13,0.3138143469578672,1.0,S2C_43QBE_20251018_0_L2A+S2C_43QCE_20251018_0_L2A,2025-10-18,0.21893156022916158,1.0,S2C_43QBE_20250610_0_L2A+S2C_43QCE_20250610_0_L2A,2025-06-10
263,0.2423519206219321,1.0,S2B_43QBE_20251013_0_L2A+S2B_43QCE_20251013_0_L2A,2025-10-13,0.24736094586806756,1.0,S2C_43QBE_20251018_0_L2A+S2C_43QCE_20251018_0_L2A,2025-10-18,0.32023073740900565,1.0,S2C_43QBE_20250610_0_L2A+S2C_43QCE_20250610_0_L2A,2025-06-10
264,0.6501713488277749,1.0,S2B_43QBE_20251013_0_L2A+S2B_43QCE_20251013_0_L2A,2025-10-13,0.5237551469667219,1.0,S2C_43QBE_20251018_0_L2A+S2C_43QCE_20251018_0_L2A,2025-10-18,0.4834328154551466,1.0,S2C_43QBE_20250610_0_L2A+S2C_43QCE_20250610_0_L2A,2025-06-10
265,0.5030558978112193,1.0,S2B_43QBE_20251013_0_L2A+S2B_43QCE_20251013_0_L2A,2025-10-13,0.5895739063593524,1.0,S2C_43QBE_20251018_0_L2A+S2C_43QCE_20251018_0_L2A,2025-10-18,0.4136221865704762,1.0,S2C_43QBE_20250610_0_L2A+S2C_43QCE_20250610_0_L2A,2025-06-10
266,0.34278798321444154,1.0,S2B_43QBE_20251013_0_L2A+S2B_43QCE_20251013_0_L2A,2025-10-13,0.2956850564818277,1.0,S2C_43QBE_20251018_0_L2A+S2C_43QCE_20251018_0_L2A,2025-10-18,0.2592006008331708,1.0,S2C_43QBE_20250610_0_L2A+S2C_43QCE_20250610_0_L2A,2025-06-10
267,0.7703600472386641,1.0,S2B_43QBE_20251013_0_L2A+S2B_43QCE_20251013_0_L2A,2025-10-13,0.8197007023837614,1.0,S2C_43QBE_20251018_0_L2A+S2C_43QCE_20251018_0_L2A,2025-10-18,0.3297281046909922,1.0,S2C_43QBE_20250610_0_L2A+S2C_43QCE_20250610_0_L2A,2025-06-10
268,0.5585948909434741,1.0,S2B_43QBE_20251013_0_L2A+S2B_43QCE_20251013_0_L2A,2025-10-13,0.5384568142231985,1.0,S2C_43QBE_20251018_0_L2A+S2C_43QCE_20251018_0_L2A,2025-10-18,0.6077494811846982,1.0,S2C_43QBE_20250610_0_L2A+S2C_43QCE_20250610_0_L2A,2025-06-10
269,0.5458912171481933,1.0,S2B_43QBE_20251013_0_L2A+S2B_43QCE_20251013_0_L2A,2025-10-13,0.5866314640626322,1.0,S2C_43QBE_20251018_0_L2A+S2C_43QCE_20251018_0_L2A,2025-10-18,0.36089404576127654,1.0,S2C_43QBE_20250610_0_L2A+S2C_43QCE_20250610_0_L2A,2025-06-10
270,0.3340292456109244,1.0,S2B_43QBE_20251013_0_L2A+S2B_43QCE_20251013_0_L2A,2025-10-13,0.4137838209338797,1.0,S2C_43QBE_20251018_0_L2A+S2C_43QCE_20251018_0_L2A,2025-10-18,0.19075408003256436,1.0,S2C_43QBE_20250610_0_L2A+S2C_43QCE_20250610_0_L2A,2025-06-10
271,0.4342341348338505,1.0,S2B_43QBE_20251013_0_L2A+S2B_43QCE_20251013_0_L2A,2025-10-13,0.2949511580622251,1.0,S2C_43QBE_20251018_0_L2A+S2C_43QCE_20251018_0_L2A,2025-10-18,0.1893802906596423,1.0,S2C_43QBE_20250610_0_L2A+S2C_43QCE_20250610_0_L2A,2025-06-10
272,0.2947390163647579,1.0,S2B_43QBE_20251013_0_L2A+S2B_43QCE_20251013_0_L2A,2025-10-13,0.3094477394941096,1.0,S2C_43QBE_20251018_0_L2A+S2C_43QCE_20251018_0_L2A,2025-10-18,0.34210094801983454,1.0,S2C_43QBE_20250610_0_L2A+S2C_43QCE_20250610_0_L2A,2025-06-10
273,0.3099611100635399,1.0,S2B_43QBE_20251013_0_L2A+S2B_43QCE_20251013_0_L2A,2025-10-13,0.4704783828123813,1.0,S2C_43QBE_20251018_0_L2A+S2C_43QCE_20251018_0_L2A,2025-10-18,0.2282378944227145,1.0,S2C_43QBE_20250610_0_L2A+S2C_43QCE_20250610_0_L2A,2025-06-10
274,0.2468646232257184,1.0,S2B_43QBE_20251013_0_L2A+S2B_43QCE_20251013_0_L2A,2025-10-13,0.22842746713392734,1.0,S2C_43QBE_20251018_0_L2A+S2C_43QCE_20251018_0_L2A,2025-10-18,0.26157896403229897,1.0,S2C_43QBE_20250610_0_L2A+S2C_43QCE_20250610_0_L2A,2025-06-10
275,0.6207589717419656,1.0,S2B_43QBE_20251013_0_L2A+S2B_43QCE_20251013_0_L2A,2025-10-13,0.6256676190071278,1.0,S2C_43QBE_20251018_0_L2A+S2C_43QCE_20251018_0_L2A,2025-10-18,0.4375143874291185,1.0,S2C_43QBE_20250610_0_L2A+S2C_43QCE_20250610_0_L2A,2025-06-10
276,0.33402042659994446,1.0,S2B_43QBE_20251013_0_L2A+S2B_43QCE_20251013_0_L2A,2025-10-13,0.31932143187751993,1.0,S2C_43QBE_20251018_0_L2A+S2C_43QCE_20251018_0_L2A,2025-10-18,0.3627547566478664,1.0,S2C_43QBE_20250610_0_L2A+S2C_43QCE_20250610_0_L2A,2025-06-10
277,0.4755960231895477,1.0,S2B_43QBE_20251013_0_L2A+S2B_43QCE_20251013_0_L2A,2025-10-13,0.38337194914094835,1.0,S2C_43QBE_20251018_0_L2A+S2C_43QCE_20251018_0_L2A,2025-10-18,0.39828492670066734,1.0,S2C_43QBE_20250610_0_L2A+S2C_43QCE_20250610_0_L2A,2025-06-10
278,0.5258070925068451,1.0,S2B_43QBE_20251013_0_L2A+S2B_43QCE_20251013_0_L2A,2025-10-13,0.5383833080923676,1.0,S2C_43QBE_20251018_0_L2A+S2C_43QCE_20251018_0_L2A,2025-10-18,0.42337391778678146,1.0,S2C_43QBE_20250610_0_L2A+S2C_43QCE_20250610_0_L2A,2025-06-10
279,0.30696807474518084,1.0,S2B_43QBE_20251013_0_L2A+S2B_43QCE_20251013_0_L2A,2025-10-13,0.32832155769394233,1.0,S2C_43QBE_20251018_0_L2A+S2C_43QCE_20251018_0_L2A,2025-10-18,0.31580144725208575,1.0,S2C_43QBE_20250610_0_L2A+S2C_43QCE_20250610_0_L2A,2025-06-10
280,0.35231434439251375,1.0,S2B_43QBE_20251013_0_L2A+S2B_43QCE_20251013_0_L2A,2025-10-13,0.3886198658509865,1.0,S2C_43QBE_20251018_0_L2A+S2C_43QCE_20251018_0_L2A,2025-10-18,0.2671494461379479,1.0,S2C_43QBE_20250610_0_L2A+S2C_43QCE_20250610_0_L2A,2025-06-10
281,0.7662002437775989,1.0,S2B_43QBE_20251013_0_L2A+S2B_43QCE_20251013_0_L2A,2025-10-13,0.26986664066137966,1.0,S2C_43QBE_20251018_0_L2A+S2C_43QCE_20251018_0_L2A,2025-10-18,0.3337955931023263,1.0,S2C_43QBE_20250610_0_L2A+S2C_43QCE_20250610_0_L2A,2025-06-10
282,0.7454753501948662,1.0,S2B_43QBE_20251013_0_L2A+S2B_43QCE_20251013_0_L2A,2025-10-13,0.263912945525616,1.0,S2C_43QBE_20251018_0_L2A+S2C_43QCE_20251018_0_L2A,2025-10-18,0.26540651855217673,1.0,S2C_43QBE_20250610_0_L2A+S2C_43QCE_20250610_0_L2A,2025-06-10
283,0.43752506324866164,1.0,S2B_43QBE_20251013_0_L2A+S2B_43QCE_20251013_0_L2A,2025-10-13,0.5616940288649251,1.0,S2C_43QBE_20251018_0_L2A+S2C_43QCE_20251018_0_L2A,2025-10-18,0.4515162659938344,1.0,S2C_43QBE_20250610_0_L2A+S2C_43QCE_20250610_0_L2A,2025-06-10
284,0.42348884561991046,1.0,S2B_43QBE_20251013_0_L2A+S2B_43QCE_20251013_0_L2A,2025-10-13,0.30123345559277204,1.0,S2C_43QBE_20251018_0_L2A+S2C_43QCE_20251018_0_L2A,2025-10-18,0.29977562715189693,1.0,S2C_43QBE_20250610_0_L2A+S2C_43QCE_20250610_0_L2A,2025-06-10
285,0.35342945837117135,1.0,S2B_43QBE_20251013_0_L2A+S2B_43QCE_20251013_0_L2A,2025-10-13,0.4294010156697469,1.0,S2C_43QBE_20251018_0_L2A+S2C_43QCE_20251018_0_L2A,2025-10-18,0.3833917429680261,1.0,S2C_43QBE_20250610_0_L2A+S2C_43QCE_20250610_0_L2A,2025-06-10
286,0.559155527475974,1.0,S2B_43QBE_20251013_0_L2A+S2B_43QCE_20251013_0_L2A,2025-10-13,0.4615399911598321,1.0,S2C_43QBE_20251018_0_L2A+S2C_43QCE_20251018_0_L2A,2025-10-18,0.34416051471382664,1.0,S2C_43QBE_20250610_0_L2A+S2C_43QCE_20250610_0_L2A,2025-06-10
287,0.2820479144193411,1.0,S2B_43QBE_20251013_0_L2A+S2B_43QCE_20251013_0_L2A,2025-10-13,0.22656247496993098,1.0,S2C_43QBE_20251018_0_L2A+S2C_43QCE_20251018_0_L2A,2025-10-18,0.7014394021640823,1.0,S2C_43QBE_20250610_0_L2A+S2C_43QCE_20250610_0_L2A,2025-06-10
288,0.35125841325860685,1.0,S2B_43QBE_20251013_0_L2A+S2B_43QCE_20251013_0_L2A,2025-10-13,0.364061668844727,1.0,S2C_43QBE_20251018_0_L2A+S2C_43QCE_20251018_0_L2A,2025-10-18,0.5166410856033729,1.0,S2C_43QBE_20250610_0_L2A+S2C_43QCE_20250610_0_L2A,2025-06-10
289,0.5022869299222307,1.0,S2B_43QBE_20251013_0_L2A+S2B_43QCE_20251013_0_L2A,2025-10-13,0.5270639199890097,1.0,S2C_43QBE_20251018_0_L2A+S2C_43QCE_20251018_0_L2A,2025-10-18,0.5128116378227753,1.0,S2C_43QBE_20250610_0_L2A+S2C_43QCE_20250610_0_L2A,2025-06-10
290,0.6307722819088835,1.0,S2B_43QBE_20251013_0_L2A+S2B_43QCE_20251013_0_L2A,2025-10-13,0.7167692561328939,1.0,S2C_43QBE_20251018_0_L2A+S2C_43QCE_20251018_0_L2A,2025-10-18,0.6975286967907331,1.0,S2C_43QBE_20250610_0_L2A+S2C_43QCE_20250610_0_L2A,2025-06-10
291,0.6580915199879893,1.0,S2B_43QBE_20251013_0_L2A+S2B_43QCE_20251013_0_L2A,2025-10-13,0.5883974672605218,1.0,S2C_43QBE_20251018_0_L2A+S2C_43QCE_20251018_0_L2A,2025-10-18,0.5343017564204595,1.0,S2C_43QBE_20250610_0_L2A+S2C_43QCE_20250610_0_L2A,2025-06-10
292,0.7610930017265828,1.0,S2B_43QBE_20251013_0_L2A+S2B_43QCE_20251013_0_L2A,2025-10-13,0.8178617656342945,1.0,S2C_43QBE_20251018_0_L2A+S2C_43QCE_20251018_0_L2A,2025-10-18,0.5346006213095241,1.0,S2C_43QBE_20250610_0_L2A+S2C_43QCE_20250610_0_L2A,2025-06-10
293,0.2802891463340496,1.0,S2B_43QBE_20251013_0_L2A+S2B_43QCE_20251013_0_L2A,2025-10-13,0.25883299021832973,1.0,S2C_43QBE_20251018_0_L2A+S2C_43QCE_20251018_0_L2A,2025-10-18,0.34688543291154966,1.0,S2C_43QBE_20250610_0_L2A+S2C_43QCE_20250610_0_L2A,2025-06-10
294,0.7079268680196688,1.0,S2B_43QBE_20251013_0_L2A+S2B_43QCE_20251013_0_L2A,2025-10-13,0.7566106352220395,1.0,S2C_43QBE_20251018_0_L2A+S2C_43QCE_20251018_0_L2A,2025-10-18,0.5694741243484621,1.0,S2C_43QBE_20250610_0_L2A+S2C_43QCE_20250610_0_L2A,2025-06-10
295,0.5499387307437199,1.0,S2B_43QBE_20251013_0_L2A+S2B_43QCE_20251013_0_L2A,2025-10-13,0.6009860425083725,1.0,S2C_43QBE_20251018_0_L2A+S2C_43QCE_20251018_0_L2A,2025-10-18,0.4514397900321037,1.0,S2C_43QBE_20250610_0_L2A+S2C_43QCE_20250610_0_L2A,2025-06-10
296,0.5040679217614306,1.0,S2B_43QBE_20251013_0_L2A+S2B_43QCE_20251013_0_L2A,2025-10-13,0.5823026672724287,1.0,S2C_43QBE_20251018_0_L2A+S2C_43QCE_20251018_0_L2A,2025-10-18,0.2854802222616472,1.0,S2C_43QBE_20250610_0_L2A+S2C_43QCE_20250610_0_L2A,2025-06-10
297,0.3618979336583253,1.0,S2B_43QBE_20251013_0_L2A+S2B_43QCE_20251013_0_L2A,2025-10-13,0.38519335373965174,1.0,S2C_43QBE_20251018_0_L2A+S2C_43QCE_20251018_0_L2A,2025-10-18,0.3242200195464221,1.0,S2C_43QBE_20250610_0_L2A+S2C_43QCE_20250610_0_L2A,2025-06-10
298,0.392238993943899,1.0,S2B_43QBE_20251013_0_L2A+S2B_43QCE_20251013_0_L2A,2025-10-13,0.41955382334129876,1.0,S2C_43QBE_20251018_0_L2A+S2C_43QCE_20251018_0_L2A,2025-10-18,0.3234655545822643,1.0,S2C_43QBE_20250610_0_L2A+S2C_43QCE_20250610_0_L2A,2025-06-10
299,0.35014927463242035,1.0,S2B_43QBE_20251013_0_L2A+S2B_43QCE_20251013_0_L2A,2025-10-13,0.3660454113700095,1.0,S2C_43QBE_20251018_0_L2A+S2C_43QCE_20251018_0_L2A,2025-10-18,0.33267717614084824,1.0,S2C_43QBE_20250610_0_L2A+S2C_43QCE_20250610_0_L2A,2025-06-10
300,0.2741161725197295,1.0,S2B_43QBE_20251013_0_L2A+S2B_43QCE_20251013_0_L2A,2025-10-13,0.2453954781362018,1.0,S2C_43QBE_20251018_0_L2A+S2C_43QCE_20251018_0_L2A,2025-10-18,0.21593321467937324,1.0,S2C_43QBE_20250610_0_L2A+S2C_43QCE_20250610_0_L2A,2025-06-10
301,0.2874213538555282,1.0,S2B_43QBE_20251013_0_L2A+S2B_43QCE_20251013_0_L2A,2025-10-13,0.2901584190320897,1.0,S2C_43QBE_20251018_0_L2A+S2C_43QCE_20251018_0_L2A,2025-10-18,0.23025143729061362,1.0,S2C_43QBE_20250610_0_L2A+S2C_43QCE_20250610_0_L2A,2025-06-10
302,0.27553395132135305,1.0,S2B_43QBE_20251013_0_L2A+S2B_43QCE_20251013_0_L2A,2025-10-13,0.39287834104319713,1.0,S2C_43QBE_20251018_0_L2A+S2C_43QCE_20251018_0_L2A,2025-10-18,0.36466629474107853,1.0,S2C_43QBE_20250610_0_L2A+S2C_43QCE_20250610_0_L2A,2025-06-10
303,0.5703501509799473,1.0,S2B_43QBE_20251013_0_L2A+S2B_43QCE_20251013_0_L2A,2025-10-13,0.5712682232260704,1.0,S2C_43QBE_20251018_0_L2A+S2C_43QCE_20251018_0_L2A,2025-10-18,0.39047129085098486,1.0,S2C_43QBE_20250610_0_L2A+S2C_43QCE_20250610_0_L2A,2025-06-10
304,0.45209436403685155,1.0,S2B_43QBE_20251013_0_L2A+S2B_43QCE_20251013_0_L2A,2025-10-13,0.4776101505032034,1.0,S2C_43QBE_20251018_0_L2A+S2C_43QCE_20251018_0_L2A,2025-10-18,0.2617974546469703,1.0,S2C_43QBE_20250610_0_L2A+S2C_43QCE_20250610_0_L2A,2025-06-10
305,0.3907670771470449,1.0,S2B_43QBE_20251013_0_L2A+S2B_43QCE_20251013_0_L2A,2025-10-13,0.37578147394278616,1.0,S2C_43QBE_20251018_0_L2A+S2C_43QCE_20251018_0_L2A,2025-10-18,0.25465624617710064,1.0,S2C_43QBE_20250610_0_L2A+S2C_43QCE_20250610_0_L2A,2025-06-10
306,0.4031190085266492,1.0,S2B_43QBE_20251013_0_L2A+S2B_43QCE_20251013_0_L2A,2025-10-13,0.4559947063201361,1.0,S2C_43QBE_20251018_0_L2A+S2C_43QCE_20251018_0_L2A,2025-10-18,0.2140781851541848,1.0,S2C_43QBE_20250610_0_L2A+S2C_43QCE_20250610_0_L2A,2025-06-10
307,0.41222220873860393,1.0,S2B_43QBE_20251013_0_L2A+S2B_43QCE_20251013_0_L2A,2025-10-13,0.44148959670298055,1.0,S2C_43QBE_20251018_0_L2A+S2C_43QCE_20251018_0_L2A,2025-10-18,0.40572000956043824,1.0,S2C_43QBE_20250610_0_L2A+S2C_43QCE_20250610_0_L2A,2025-06-10
308,0.57185984671145,1.0,S2B_43QBE_20251013_0_L2A+S2B_43QCE_20251013_0_L2A,2025-10-13,0.6077565558957192,1.0,S2C_43QBE_20251018_0_L2A+S2C_43QCE_20251018_0_L2A,2025-10-18,0.5483882400790947,1.0,S2C_43QBE_20250610_0_L2A+S2C_43QCE_20250610_0_L2A,2025-06-10
309,0.32204980179112913,1.0,S2B_43QBE_20251013_0_L2A+S2B_43QCE_20251013_0_L2A,2025-10-13,0.3913645443123031,1.0,S2C_43QBE_20251018_0_L2A+S2C_43QCE_20251018_0_L2A,2025-10-18,0.2059425911093305,1.0,S2C_43QBE_20250610_0_L2A+S2C_43QCE_20250610_0_L2A,2025-06-10
310,0.3942317577029362,1.0,S2B_43QBE_20251013_0_L2A+S2B_43QCE_20251013_0_L2A,2025-10-13,0.374271829341301,1.0,S2C_43QBE_20251018_0_L2A+S2C_43QCE_20251018_0_L2A,2025-10-18,0.27088920986527726,1.0,S2C_43QBE_20250610_0_L2A+S2C_43QCE_20250610_0_L2A,2025-06-10
311,0.4127068541854767,1.0,S2B_43QBE_20251013_0_L2A+S2B_43QCE_20251013_0_L2A,2025-10-13,0.4478796859120214,1.0,S2C_43QBE_20251018_0_L2A+S2C_43QCE_20251018_0_L2A,2025-10-18,0.37343905061756416,1.0,S2C_43QBE_20250610_0_L2A+S2C_43QCE_20250610_0_L2A,2025-06-10
312,0.2599160484192373,1.0,S2B_43QBE_20251013_0_L2A+S2B_43QCE_20251013_0_L2A,2025-10-13,0.2630262127364519,1.0,S2C_43QBE_20251018_0_L2A+S2C_43QCE_20251018_0_L2A,2025-10-18,0.21688343353992065,1.0,S2C_43QBE_20250610_0_L2A+S2C_43QCE_20250610_0_L2A,2025-06-10
313,0.3535222139116806,1.0,S2B_43QBE_20251013_0_L2A+S2B_43QCE_20251013_0_L2A,2025-10-13,0.3673736379553096,1.0,S2C_43QBE_20251018_0_L2A+S2C_43QCE_20251018_0_L2A,2025-10-18,0.30665611087451883,1.0,S2C_43QBE_20250610_0_L2A+S2C_43QCE_20250610_0_L2A,2025-06-10
314,0.27503872288821446,1.0,S2B_43QBE_20251013_0_L2A+S2B_43QCE_20251013_0_L2A,2025-10-13,0.2670978964749996,1.0,S2C_43QBE_20251018_0_L2A+S2C_43QCE_20251018_0_L2A,2025-10-18,0.42833770910347185,1.0,S2C_43QBE_20250610_0_L2A+S2C_43QCE_20250610_0_L2A,2025-06-10
315,0.43876019996901355,1.0,S2B_43QBE_20251013_0_L2A+S2B_43QCE_20251013_0_L2A,2025-10-13,0.39664232639595864,1.0,S2C_43QBE_20251018_0_L2A+S2C_43QCE_20251018_0_L2A,2025-10-18,0.2878018099845697,1.0,S2C_43QBE_20250610_0_L2A+S2C_43QCE_20250610_0_L2A,2025-06-10
316,0.5201767998176126,1.0,S2B_43QBE_20251013_0_L2A+S2B_43QCE_20251013_0_L2A,2025-10-13,0.49397096517563616,1.0,S2C_43QBE_20251018_0_L2A+S2C_43QCE_20251018_0_L2A,2025-10-18,0.3648965839957778,1.0,S2C_43QBE_20250610_0_L2A+S2C_43QCE_20250610_0_L2A,2025-06-10
317,0.2959634302330663,1.0,S2B_43QBE_20251013_0_L2A+S2B_43QCE_20251013_0_L2A,2025-10-13,0.3163295620066649,1.0,S2C_43QBE_20251018_0_L2A+S2C_43QCE_20251018_0_L2A,2025-10-18,0.2355343781342252,1.0,S2C_43QBE_20250610_0_L2A+S2C_43QCE_20250610_0_L2A,2025-06-10
318,0.2732122437028249,1.0,S2B_43QBE_20251013_0_L2A+S2B_43QCE_20251013_0_L2A,2025-10-13,0.31621350783210245,1.0,S2C_43QBE_20251018_0_L2A+S2C_43QCE_20251018_0_L2A,2025-10-18,0.41202348771484054,1.0,S2C_43QBE_20250610_0_L2A+S2C_43QCE_20250610_0_L2A,2025-06-10
319,0.448439444828286,1.0,S2B_43QBE_20251013_0_L2A+S2B_43QCE_20251013_0_L2A,2025-10-13,0.4571416602768027,1.0,S2C_43QBE_20251018_0_L2A+S2C_43QCE_20251018_0_L2A,2025-10-18,0.2629167501510926,1.0,S2C_43QBE_20250610_0_L2A+S2C_43QCE_20250610_0_L2A,2025-06-10
320,0.6603043775596144,1.0,S2B_43QBE_20251013_0_L2A+S2B_43QCE_20251013_0_L2A,2025-10-13,0.695932051411707,1.0,S2C_43QBE_20251018_0_L2A+S2C_43QCE_20251018_0_L2A,2025-10-18,0.659084525127887,1.0,S2C_43QBE_20250610_0_L2A+S2C_43QCE_20250610_0_L2A,2025-06-10
321,0.527841204345838,1.0,S2B_43QBE_20251013_0_L2A+S2B_43QCE_20251013_0_L2A,2025-10-13,0.5242478166245296,1.0,S2C_43QBE_20251018_0_L2A+S2C_43QCE_20251018_0_L2A,2025-10-18,0.29969114219207216,1.0,S2C_43QBE_20250610_0_L2A+S2C_43QCE_20250610_0_L2A,2025-06-10
322,0.45088170941898076,1.0,S2B_43QBE_20251013_0_L2A+S2B_43QCE_20251013_0_L2A,2025-10-13,0.42037543064879374,1.0,S2C_43QBE_20251018_0_L2A+S2C_43QCE_20251018_0_L2A,2025-10-18,0.49587412412660337,1.0,S2C_43QBE_20250610_0_L2A+S2C_43QCE_20250610_0_L2A,2025-06-10
323,0.2227365163390128,1.0,S2B_43QBE_20251013_0_L2A+S2B_43QCE_20251013_0_L2A,2025-10-13,0.21282747544084243,1.0,S2C_43QBE_20251018_0_L2A+S2C_43QCE_20251018_0_L2A,2025-10-18,0.17298109750170318,1.0,S2C_43QBE_20250610_0_L2A+S2C_43QCE_20250610_0_L2A,2025-06-10
324,0.23517365729206177,1.0,S2B_43QBE_20251013_0_L2A+S2B_43QCE_20251013_0_L2A,2025-10-13,0.22603518978574422,1.0,S2C_43QBE_20251018_0_L2A+S2C_43QCE_20251018_0_L2A,2025-10-18,0.1950418421495388,1.0,S2C_43QBE_20250610_0_L2A+S2C_43QCE_20250610_0_L2A,2025-06-10
325,0.6435021175197402,1.0,S2B_43QBE_20251013_0_L2A+S2B_43QCE_20251013_0_L2A,2025-10-13,0.7135895642970287,1.0,S2C_43QBE_20251018_0_L2A+S2C_43QCE_20251018_0_L2A,2025-10-18,0.19909811343484946,1.0,S2C_43QBE_20250610_0_L2A+S2C_43QCE_20250610_0_L2A,2025-06-10
326,0.2645159660705352,1.0,S2B_43QBE_20251013_0_L2A+S2B_43QCE_20251013_0_L2A,2025-10-13,0.266058447924694,1.0,S2C_43QBE_20251018_0_L2A+S2C_43QCE_20251018_0_L2A,2025-10-18,0.19326899852795593,1.0,S2C_43QBE_20250610_0_L2A+S2C_43QCE_20250610_0_L2A,2025-06-10
327,0.3897480462234499,1.0,S2B_43QBE_20251013_0_L2A+S2B_43QCE_20251013_0_L2A,2025-10-13,0.44792098583588613,1.0,S2C_43QBE_20251018_0_L2A+S2C_43QCE_20251018_0_L2A,2025-10-18,0.16322246937960752,1.0,S2C_43QBE_20250610_0_L2A+S2C_43QCE_20250610_0_L2A,2025-06-10
328,0.41969028959839705,1.0,S2B_43QBE_20251013_0_L2A+S2B_43QCE_20251013_0_L2A,2025-10-13,0.2758382799973211,1.0,S2C_43QBE_20251018_0_L2A+S2C_43QCE_20251018_0_L2A,2025-10-18,0.22973159724999226,1.0,S2C_43QBE_20250610_0_L2A+S2C_43QCE_20250610_0_L2A,2025-06-10
329,0.2895781433112311,1.0,S2B_43QBE_20251013_0_L2A+S2B_43QCE_20251013_0_L2A,2025-10-13,0.47514870192610986,1.0,S2C_43QBE_20251018_0_L2A+S2C_43QCE_20251018_0_L2A,2025-10-18,0.3681887164161177,1.0,S2C_43QBE_20250610_0_L2A+S2C_43QCE_20250610_0_L2A,2025-06-10
330,0.32746209151197325,1.0,S2B_43QBE_20251013_0_L2A+S2B_43QCE_20251013_0_L2A,2025-10-13,0.37196527409220215,1.0,S2C_43QBE_20251018_0_L2A+S2C_43QCE_20251018_0_L2A,2025-10-18,0.19415119929180946,1.0,S2C_43QBE_20250610_0_L2A+S2C_43QCE_20250610_0_L2A,2025-06-10
331,0.43615225852677103,1.0,S2B_43QBE_20251013_0_L2A+S2B_43QCE_20251013_0_L2A,2025-10-13,0.46875716115639166,1.0,S2C_43QBE_20251018_0_L2A+S2C_43QCE_20251018_0_L2A,2025-10-18,0.21727663312997186,1.0,S2C_43QBE_20250610_0_L2A+S2C_43QCE_20250610_0_L2A,2025-06-10
332,0.30150347892421075,1.0,S2B_43QBE_20251013_0_L2A+S2B_43QCE_20251013_0_L2A,2025-10-13,0.2782481068990478,1.0,S2C_43QBE_20251018_0_L2A+S2C_43QCE_20251018_0_L2A,2025-10-18,0.2126420206605108,1.0,S2C_43QBE_20250610_0_L2A+S2C_43QCE_20250610_0_L2A,2025-06-10
333,0.2682821687341264,1.0,S2B_43QBE_20251013_0_L2A+S2B_43QCE_20251013_0_L2A,2025-10-13,0.2358549245914005,1.0,S2C_43QBE_20251018_0_L2A+S2C_43QCE_20251018_0_L2A,2025-10-18,0.21555749641420363,1.0,S2C_43QBE_20250610_0_L2A+S2C_43QCE_20250610_0_L2A,2025-06-10
334,0.6053699110845773,1.0,S2B_43QBE_20251013_0_L2A+S2B_43QCE_20251013_0_L2A,2025-10-13,0.588106054974323,1.0,S2C_43QBE_20251018_0_L2A+S2C_43QCE_20251018_0_L2A,2025-10-18,0.21297288131330258,1.0,S2C_43QBE_20250610_0_L2A+S2C_43QCE_20250610_0_L2A,2025-06-10
335,0.25175460011350553,1.0,S2B_43QBE_20251013_0_L2A+S2B_43QCE_20251013_0_L2A,2025-10-13,0.23868989466936663,1.0,S2C_43QBE_20251018_0_L2A+S2C_43QCE_20251018_0_L2A,2025-10-18,0.5214040868271049,1.0,S2C_43QBE_20250610_0_L2A+S2C_43QCE_20250610_0_L2A,2025-06-10
336,0.33414226287016785,1.0,S2B_43QBE_20251013_0_L2A+S2B_43QCE_20251013_0_L2A,2025-10-13,0.31566396373351896,1.0,S2C_43QBE_20251018_0_L2A+S2C_43QCE_20251018_0_L2A,2025-10-18,0.23596857531593918,1.0,S2C_43QBE_20250610_0_L2A+S2C_43QCE_20250610_0_L2A,2025-06-10
337,0.5952516532465073,1.0,S2B_43QBE_20251013_0_L2A+S2B_43QCE_20251013_0_L2A,2025-10-13,0.2952733541555509,1.0,S2C_43QBE_20251018_0_L2A+S2C_43QCE_20251018_0_L2A,2025-10-18,0.18789967143033962,1.0,S2C_43QBE_20250610_0_L2A+S2C_43QCE_20250610_0_L2A,2025-06-10
338,0.42345633963204515,1.0,S2B_43QBE_20251013_0_L2A+S2B_43QCE_20251013_0_L2A,2025-10-13,0.4710252592595641,1.0,S2C_43QBE_20251018_0_L2A+S2C_43QCE_20251018_0_L2A,2025-10-18,0.18838292523192093,1.0,S2C_43QBE_20250610_0_L2A+S2C_43QCE_20250610_0_L2A,2025-06-10
339,0.43803343210745055,1.0,S2B_43QBE_20251013_0_L2A+S2B_43QCE_20251013_0_L2A,2025-10-13,0.5769107013034549,1.0,S2C_43QBE_20251018_0_L2A+S2C_43QCE_20251018_0_L2A,2025-10-18,0.48769953394017873,1.0,S2C_43QBE_20250610_0_L2A+S2C_43QCE_20250610_0_L2A,2025-06-10
340,0.4763984068181459,1.0,S2B_43QBE_20251013_0_L2A+S2B_43QCE_20251013_0_L2A,2025-10-13,0.584564248054519,1.0,S2C_43QBE_20251018_0_L2A+S2C_43QCE_20251018_0_L2A,2025-10-18,0.26670045262589764,1.0,S2C_43QBE_20250610_0_L2A+S2C_43QCE_20250610_0_L2A,2025-06-10
341,0.3650579680036967,1.0,S2B_43QBE_20251013_0_L2A+S2B_43QCE_20251013_0_L2A,2025-10-13,0.3893260435051349,1.0,S2C_43QBE_20251018_0_L2A+S2C_43QCE_20251018_0_L2A,2025-10-18,0.3777529969323037,1.0,S2C_43QBE_20250610_0_L2A+S2C_43QCE_20250610_0_L2A,2025-06-10
342,0.3565038429851951,1.0,S2B_43QBE_20251013_0_L2A+S2B_43QCE_20251013_0_L2A,2025-10-13,0.3934029271508541,1.0,S2C_43QBE_20251018_0_L2A+S2C_43QCE_20251018_0_L2A,2025-10-18,0.40959416932342485,1.0,S2C_43QBE_20250610_0_L2A+S2C_43QCE_20250610_0_L2A,2025-06-10
343,0.38781379250105863,1.0,S2B_43QBE_20251013_0_L2A+S2B_43QCE_20251013_0_L2A,2025-10-13,0.4054221948028198,1.0,S2C_43QBE_20251018_0_L2A+S2C_43QCE_20251018_0_L2A,2025-10-18,0.4237433776851321,1.0,S2C_43QBE_20250610_0_L2A+S2C_43QCE_20250610_0_L2A,2025-06-10
344,0.6990519277024796,1.0,S2B_43QBE_20251013_0_L2A+S2B_43QCE_20251013_0_L2A,2025-10-13,0.7295490476957999,1.0,S2C_43QBE_20251018_0_L2A+S2C_43QCE_20251018_0_L2A,2025-10-18,0.5497660195098897,1.0,S2C_43QBE_20250610_0_L2A+S2C_43QCE_20250610_0_L2A,2025-06-10
345,0.3045205445178518,1.0,S2B_43QBE_20251013_0_L2A+S2B_43QCE_20251013_0_L2A,2025-10-13,0.29049195966217667,1.0,S2C_43QBE_20251018_0_L2A+S2C_43QCE_20251018_0_L2A,2025-10-18,0.24854880933749623,1.0,S2C_43QBE_20250610_0_L2A+S2C_43QCE_20250610_0_L2A,2025-06-10
346,0.26821546248633266,1.0,S2B_43QBE_20251013_0_L2A+S2B_43QCE_20251013_0_L2A,2025-10-13,0.2610781608861663,1.0,S2C_43QBE_20251018_0_L2A+S2C_43QCE_20251018_0_L2A,2025-10-18,0.22322190021792712,1.0,S2C_43QBE_20250610_0_L2A+S2C_43QCE_20250610_0_L2A,2025-06-10
347,0.4443228900083016,1.0,S2B_43QBE_20251013_0_L2A+S2B_43QCE_20251013_0_L2A,2025-10-13,0.5418035077734665,1.0,S2C_43QBE_20251018_0_L2A+S2C_43QCE_20251018_0_L2A,2025-10-18,0.23803989078039023,1.0,S2C_43QBE_20250610_0_L2A+S2C_43QCE_20250610_0_L2A,2025-06-10
348,0.2715224645049166,1.0,S2B_43QBE_20251013_0_L2A+S2B_43QCE_20251013_0_L2A,2025-10-13,0.27419820594773303,1.0,S2C_43QBE_20251018_0_L2A+S2C_43QCE_20251018_0_L2A,2025-10-18,0.21172829770998988,1.0,S2C_43QBE_20250610_0_L2A+S2C_43QCE_20250610_0_L2A,2025-06-10
349,0.3497500982737996,1.0,S2B_43QBE_20251013_0_L2A+S2B_43QCE_20251013_0_L2A,2025-10-13,0.43732349609842835,1.0,S2C_43QBE_20251018_0_L2A+S2C_43QCE_20251018_0_L2A,2025-10-18,0.1964145483086843,1.0,S2C_43QBE_20250610_0_L2A+S2C_43QCE_20250610_0_L2A,2025-06-10
350,0.451470261554054,1.0,S2B_43QBE_20251013_0_L2A+S2B_43QCE_20251013_0_L2A,2025-10-13,0.45792555393193635,1.0,S2C_43QBE_20251018_0_L2A+S2C_43QCE_20251018_0_L2A,2025-10-18,0.2861847357881631,1.0,S2C_43QBE_20250610_0_L2A+S2C_43QCE_20250610_0_L2A,2025-06-10
351,0.48129840127931445,1.0,S2B_43QBE_20251013_0_L2A+S2B_43QCE_20251013_0_L2A,2025-10-13,0.5737238789527839,1.0,S2C_43QBE_20251018_0_L2A+S2C_43QCE_20251018_0_L2A,2025-10-18,0.27145002817953756,1.0,S2C_43QBE_20250610_0_L2A+S2C_43QCE_20250610_0_L2A,2025-06-10
352,0.42675536787349055,1.0,S2B_43QBE_20251013_0_L2A+S2B_43QCE_20251013_0_L2A,2025-10-13,0.40268553979694843,1.0,S2C_43QBE_20251018_0_L2A+S2C_43QCE_20251018_0_L2A,2025-10-18,0.508411941097372,1.0,S2C_43QBE_20250610_0_L2A+S2C_43QCE_20250610_0_L2A,2025-06-10
353,0.4417992980770938,1.0,S2B_43QBE_20251013_0_L2A+S2B_43QCE_20251013_0_L2A,2025-10-13,0.5529389957773851,1.0,S2C_43QBE_20251018_0_L2A+S2C_43QCE_20251018_0_L2A,2025-10-18,0.39188845607435074,1.0,S2C_43QBE_20250610_0_L2A+S2C_43QCE_20250610_0_L2A,2025-06-10
354,0.5080361458063928,1.0,S2B_43QBE_20251013_0_L2A+S2B_43QCE_20251013_0_L2A,2025-10-13,0.5511260406235039,1.0,S2C_43QBE_20251018_0_L2A+S2C_43QCE_20251018_0_L2A,2025-10-18,0.3593043306568123,1.0,S2C_43QBE_20250610_0_L2A+S2C_43QCE_20250610_0_L2A,2025-06-10
355,0.651491461763208,1.0,S2B_43QBE_20251013_0_L2A+S2B_43QCE_20251013_0_L2A,2025-10-13,0.7420533567792403,1.0,S2C_43QBE_20251018_0_L2A+S2C_43QCE_20251018_0_L2A,2025-10-18,0.23408865579333962,1.0,S2C_43QBE_20250610_0_L2A+S2C_43QCE_20250610_0_L2A,2025-06-10
356,0.5853042908854135,1.0,S2B_43QBE_20251013_0_L2A+S2B_43QCE_20251013_0_L2A,2025-10-13,0.562557965567269,1.0,S2C_43QBE_20251018_0_L2A+S2C_43QCE_20251018_0_L2A,2025-10-18,0.40196331045544886,1.0,S2C_43QBE_20250610_0_L2A+S2C_43QCE_20250610_0_L2A,2025-06-10
357,0.5872420691506366,1.0,S2B_43QBE_20251013_0_L2A+S2B_43QCE_20251013_0_L2A,2025-10-13,0.5837913014058422,1.0,S2C_43QBE_20251018_0_L2A+S2C_43QCE_20251018_0_L2A,2025-10-18,0.416775176659955,1.0,S2C_43QBE_20250610_0_L2A+S2C_43QCE_20250610_0_L2A,2025-06-10
358,0.6288051996428956,1.0,S2B_43QBE_20251013_0_L2A+S2B_43QCE_20251013_0_L2A,2025-10-13,0.6309727048450287,1.0,S2C_43QBE_20251018_0_L2A+S2C_43QCE_20251018_0_L2A,2025-10-18,0.4574824936480048,1.0,S2C_43QBE_20250610_0_L2A+S2C_43QCE_20250610_0_L2A,2025-06-10
359,0.7783833663900552,1.0,S2B_43QBE_20251013_0_L2A+S2B_43QCE_20251013_0_L2A,2025-10-13,0.8419864159600512,1.0,S2C_43QBE_20251018_0_L2A+S2C_43QCE_20251018_0_L2A,2025-10-18,0.16554571256205822,1.0,S2C_43QBE_20250610_0_L2A+S2C_43QCE_20250610_0_L2A,2025-06-10
360,0.4275159749201067,1.0,S2B_43QBE_20251013_0_L2A+S2B_43QCE_20251013_0_L2A,2025-10-13,0.3698545499196164,1.0,S2C_43QBE_20251018_0_L2A+S2C_43QCE_20251018_0_L2A,2025-10-18,0.3776045481607558,1.0,S2C_43QBE_20250610_0_L2A+S2C_43QCE_20250610_0_L2A,2025-06-10
361,0.3586406385982365,1.0,S2B_43QBE_20251013_0_L2A+S2B_43QCE_20251013_0_L2A,2025-10-13,0.35803914304765005,1.0,S2C_43QBE_20251018_0_L2A+S2C_43QCE_20251018_0_L2A,2025-10-18,0.24225711874051062,1.0,S2C_43QBE_20250610_0_L2A+S2C_43QCE_20250610_0_L2A,2025-06-10
362,0.3516164814831032,1.0,S2B_43QBE_20251013_0_L2A+S2B_43QCE_20251013_0_L2A,2025-10-13,0.3623306404495271,1.0,S2C_43QBE_20251018_0_L2A+S2C_43QCE_20251018_0_L2A,2025-10-18,0.5247519384946521,1.0,S2C_43QBE_20250610_0_L2A+S2C_43QCE_20250610_0_L2A,2025-06-10
363,0.45947626236772937,1.0,S2B_43QBE_20251013_0_L2A+S2B_43QCE_20251013_0_L2A,2025-10-13,0.34567747489095263,1.0,S2C_43QBE_20251018_0_L2A+S2C_43QCE_20251018_0_L2A,2025-10-18,0.5447149813806793,1.0,S2C_43QBE_20250610_0_L2A+S2C_43QCE_20250610_0_L2A,2025-06-10
364,0.6474113244656351,1.0,S2B_43QBE_20251013_0_L2A+S2B_43QCE_20251013_0_L2A,2025-10-13,0.6462312895075251,1.0,S2C_43QBE_20251018_0_L2A+S2C_43QCE_20251018_0_L2A,2025-10-18,0.44849710939904863,1.0,S2C_43QBE_20250610_0_L2A+S2C_43QCE_20250610_0_L2A,2025-06-10
365,0.4027032757149743,1.0,S2B_43QBE_20251013_0_L2A+S2B_43QCE_20251013_0_L2A,2025-10-13,0.3978674706746472,1.0,S2C_43QBE_20251018_0_L2A+S2C_43QCE_20251018_0_L2A,2025-10-18,0.4305737497419771,1.0,S2C_43QBE_20250610_0_L2A+S2C_43QCE_20250610_0_L2A,2025-06-10
366,0.47843111193317783,1.0,S2B_43QBE_20251013_0_L2A+S2B_43QCE_20251013_0_L2A,2025-10-13,0.44750693457035146,1.0,S2C_43QBE_20251018_0_L2A+S2C_43QCE_20251018_0_L2A,2025-10-18,0.24868794923752743,1.0,S2C_43QBE_20250610_0_L2A+S2C_43QCE_20250610_0_L2A,2025-06-10
367,0.36012474041926434,1.0,S2B_43QBE_20251013_0_L2A+S2B_43QCE_20251013_0_L2A,2025-10-13,0.40402397137243773,1.0,S2C_43QBE_20251018_0_L2A+S2C_43QCE_20251018_0_L2A,2025-10-18,0.3040679366939662,1.0,S2C_43QBE_20250610_0_L2A+S2C_43QCE_20250610_0_L2A,2025-06-10
368,0.5786566464891022,1.0,S2B_43QBE_20251013_0_L2A+S2B_43QCE_20251013_0_L2A,2025-10-13,0.46363614743556847,1.0,S2C_43QBE_20251018_0_L2A+S2C_43QCE_20251018_0_L2A,2025-10-18,0.25410490772722344,1.0,S2C_43QBE_20250610_0_L2A+S2C_43QCE_20250610_0_L2A,2025-06-10
369,0.35761853418914274,1.0,S2B_43QBE_20251013_0_L2A+S2B_43QCE_20251013_0_L2A,2025-10-13,0.346233810505375,1.0,S2C_43QBE_20251018_0_L2A+S2C_43QCE_20251018_0_L2A,2025-10-18,0.3335815431815128,1.0,S2C_43QBE_20250610_0_L2A+S2C_43QCE_20250610_0_L2A,2025-06-10
370,0.699491092570931,1.0,S2B_43QBE_20251013_0_L2A+S2B_43QCE_20251013_0_L2A,2025-10-13,0.7427407512043982,1.0,S2C_43QBE_20251018_0_L2A+S2C_43QCE_20251018_0_L2A,2025-10-18,0.4420585547127552,1.0,S2C_43QBE_20250610_0_L2A+S2C_43QCE_20250610_0_L2A,2025-06-10
371,0.6083281644983143,1.0,S2B_43QBE_20251013_0_L2A+S2B_43QCE_20251013_0_L2A,2025-10-13,0.5049807330549,1.0,S2C_43QBE_20251018_0_L2A+S2C_43QCE_20251018_0_L2A,2025-10-18,0.5839921709654028,1.0,S2C_43QBE_20250610_0_L2A+S2C_43QCE_20250610_0_L2A,2025-06-10
372,0.6659260966882358,1.0,S2B_43QBE_20251013_0_L2A+S2B_43QCE_20251013_0_L2A,2025-10-13,0.6980650735681921,1.0,S2C_43QBE_20251018_0_L2A+S2C_43QCE_20251018_0_L2A,2025-10-18,0.5183739461064559,1.0,S2C_43QBE_20250610_0_L2A+S2C_43QCE_20250610_0_L2A,2025-06-10
373,0.37033957770046794,1.0,S2B_43QBE_20251013_0_L2A+S2B_43QCE_20251013_0_L2A,2025-10-13,0.4261130172921178,1.0,S2C_43QBE_20251018_0_L2A+S2C_43QCE_20251018_0_L2A,2025-10-18,0.17013829037903352,1.0,S2C_43QBE_20250610_0_L2A+S2C_43QCE_20250610_0_L2A,2025-06-10
374,0.36807247555705486,1.0,S2B_43QBE_20251013_0_L2A+S2B_43QCE_20251013_0_L2A,2025-10-13,0.4601008552141995,1.0,S2C_43QBE_20251018_0_L2A+S2C_43QCE_20251018_0_L2A,2025-10-18,0.21187229204649788,1.0,S2C_43QBE_20250610_0_L2A+S2C_43QCE_20250610_0_L2A,2025-06-10
375,0.3517651975800136,1.0,S2B_43QBE_20251013_0_L2A+S2B_43QCE_20251013_0_L2A,2025-10-13,0.4179355866555772,1.0,S2C_43QBE_20251018_0_L2A+S2C_43QCE_20251018_0_L2A,2025-10-18,0.1997554963462128,1.0,S2C_43QBE_20250610_0_L2A+S2C_43QCE_20250610_0_L2A,2025-06-10
376,0.41441889088866624,1.0,S2B_43QBE_20251013_0_L2A+S2B_43QCE_20251013_0_L2A,2025-10-13,0.4364672679400939,1.0,S2C_43QBE_20251018_0_L2A+S2C_43QCE_20251018_0_L2A,2025-10-18,0.36451238054593715,1.0,S2C_43QBE_20250610_0_L2A+S2C_43QCE_20250610_0_L2A,2025-06-10
377,0.45266920181998105,1.0,S2B_43QBE_20251013_0_L2A+S2B_43QCE_20251013_0_L2A,2025-10-13,0.5718509928292882,1.0,S2C_43QBE_20251018_0_L2A+S2C_43QCE_20251018_0_L2A,2025-10-18,0.24843626770333116,1.0,S2C_43QBE_20250610_0_L2A+S2C_43QCE_20250610_0_L2A,2025-06-10
378,0.6921550156441342,1.0,S2B_43QBE_20251013_0_L2A+S2B_43QCE_20251013_0_L2A,2025-10-13,0.7083001043419701,1.0,S2C_43QBE_20251018_0_L2A+S2C_43QCE_20251018_0_L2A,2025-10-18,0.20316477144695974,1.0,S2C_43QBE_20250610_0_L2A+S2C_43QCE_20250610_0_L2A,2025-06-10
379,0.6374735668505088,1.0,S2B_43QBE_20251013_0_L2A+S2B_43QCE_20251013_0_L2A,2025-10-13,0.6088960231345413,1.0,S2C_43QBE_20251018_0_L2A+S2C_43QCE_20251018_0_L2A,2025-10-18,0.45904117352322127,1.0,S2C_43QBE_20250610_0_L2A+S2C_43QCE_20250610_0_L2A,2025-06-10
380,0.505958448022653,1.0,S2B_43QBE_20251013_0_L2A+S2B_43QCE_20251013_0_L2A,2025-10-13,0.3822861456701014,1.0,S2C_43QBE_20251018_0_L2A+S2C_43QCE_20251018_0_L2A,2025-10-18,0.5936152819284554,1.0,S2C_43QBE_20250610_0_L2A+S2C_43QCE_20250610_0_L2A,2025-06-10
381,0.5280487178959262,1.0,S2B_43QBE_20251013_0_L2A+S2B_43QCE_20251013_0_L2A,2025-10-13,0.5236626787049471,1.0,S2C_43QBE_20251018_0_L2A+S2C_43QCE_20251018_0_L2A,2025-10-18,0.44423941106500686,1.0,S2C_43QBE_20250610_0_L2A+S2C_43QCE_20250610_0_L2A,2025-06-10
382,0.5827272299202294,1.0,S2B_43QBE_20251013_0_L2A+S2B_43QCE_20251013_0_L2A,2025-10-13,0.5660520138980212,1.0,S2C_43QBE_20251018_0_L2A+S2C_43QCE_20251018_0_L2A,2025-10-18,0.2601575481359028,1.0,S2C_43QBE_20250610_0_L2A+S2C_43QCE_20250610_0_L2A,2025-06-10
383,0.3491406887579391,1.0,S2B_43QBE_20251013_0_L2A+S2B_43QCE_20251013_0_L2A,2025-10-13,0.3725275913417568,1.0,S2C_43QBE_20251018_0_L2A+S2C_43QCE_20251018_0_L2A,2025-10-18,0.5501265377377185,1.0,S2C_43QBE_20250610_0_L2A+S2C_43QCE_20250610_0_L2A,2025-06-10
384,0.45623395661975064,1.0,S2B_43QBE_20251013_0_L2A+S2B_43QCE_20251013_0_L2A,2025-10-13,0.3793960437663766,1.0,S2C_43QBE_20251018_0_L2A+S2C_43QCE_20251018_0_L2A,2025-10-18,0.33821571241977605,1.0,S2C_43QBE_20250610_0_L2A+S2C_43QCE_20250610_0_L2A,2025-06-10
385,0.42499904722774623,1.0,S2B_43QBE_20251013_0_L2A+S2B_43QCE_20251013_0_L2A,2025-10-13,0.4088355899428042,1.0,S2C_43QBE_20251018_0_L2A+S2C_43QCE_20251018_0_L2A,2025-10-18,0.3736262725687575,1.0,S2C_43QBE_20250610_0_L2A+S2C_43QCE_20250610_0_L2A,2025-06-10
386,0.3987992248229821,1.0,S2B_43QBE_20251013_0_L2A+S2B_43QCE_20251013_0_L2A,2025-10-13,0.35902816540534305,1.0,S2C_43QBE_20251018_0_L2A+S2C_43QCE_20251018_0_L2A,2025-10-18,0.3770689391255165,1.0,S2C_43QBE_20250610_0_L2A+S2C_43QCE_20250610_0_L2A,2025-06-10
387,0.591741412045353,1.0,S2B_43QBE_20251013_0_L2A+S2B_43QCE_20251013_0_L2A,2025-10-13,0.5684201106613065,1.0,S2C_43QBE_20251018_0_L2A+S2C_43QCE_20251018_0_L2A,2025-10-18,0.2826898603605093,1.0,S2C_43QBE_20250610_0_L2A+S2C_43QCE_20250610_0_L2A,2025-06-10
388,0.587273879554765,1.0,S2B_43QBE_20251013_0_L2A+S2B_43QCE_20251013_0_L2A,2025-10-13,0.3814589796138221,1.0,S2C_43QBE_20251018_0_L2A+S2C_43QCE_20251018_0_L2A,2025-10-18,0.31694376554297304,1.0,S2C_43QBE_20250610_0_L2A+S2C_43QCE_20250610_0_L2A,2025-06-10
389,0.5985009119644031,1.0,S2B_43QBE_20251013_0_L2A+S2B_43QCE_20251013_0_L2A,2025-10-13,0.3865799597718499,1.0,S2C_43QBE_20251018_0_L2A+S2C_43QCE_20251018_0_L2A,2025-10-18,0.3838056300486718,1.0,S2C_43QBE_20250610_0_L2A+S2C_43QCE_20250610_0_L2A,2025-06-10
390,0.5385635365587724,1.0,S2B_43QBE_20251013_0_L2A+S2B_43QCE_20251013_0_L2A,2025-10-13,0.5545282409539525,1.0,S2C_43QBE_20251018_0_L2A+S2C_43QCE_20251018_0_L2A,2025-10-18,0.30044784760671045,1.0,S2C_43QBE_20250610_0_L2A+S2C_43QCE_20250610_0_L2A,2025-06-10
391,0.40591186876838087,1.0,S2B_43QBE_20251013_0_L2A+S2B_43QCE_20251013_0_L2A,2025-10-13,0.39525953392533625,1.0,S2C_43QBE_20251018_0_L2A+S2C_43QCE_20251018_0_L2A,2025-10-18,0.3487304484629001,1.0,S2C_43QBE_20250610_0_L2A+S2C_43QCE_20250610_0_L2A,2025-06-10
392,0.6365460634692726,1.0,S2B_43QBE_20251013_0_L2A+S2B_43QCE_20251013_0_L2A,2025-10-13,0.5369954410673802,1.0,S2C_43QBE_20251018_0_L2A+S2C_43QCE_20251018_0_L2A,2025-10-18,0.3637743238323662,1.0,S2C_43QBE_20250610_0_L2A+S2C_43QCE_20250610_0_L2A,2025-06-10
393,0.7253415711982155,1.0,S2B_43QBE_20251013_0_L2A+S2B_43QCE_20251013_0_L2A,2025-10-13,0.5243910522279612,1.0,S2C_43QBE_20251018_0_L2A+S2C_43QCE_20251018_0_L2A,2025-10-18,0.5031538038128817,1.0,S2C_43QBE_20250610_0_L2A+S2C_43QCE_20250610_0_L2A,2025-06-10
394,0.6441056593205112,1.0,S2B_43QBE_20251013_0_L2A+S2B_43QCE_20251013_0_L2A,2025-10-13,0.6560619509949976,1.0,S2C_43QBE_20251018_0_L2A+S2C_43QCE_20251018_0_L2A,2025-10-18,0.4566726062843859,1.0,S2C_43QBE_20250610_0_L2A+S2C_43QCE_20250610_0_L2A,2025-06-10
395,0.6568288996581632,1.0,S2B_43QBE_20251013_0_L2A+S2B_43QCE_20251013_0_L2A,2025-10-13,0.6681686762531807,1.0,S2C_43QBE_20251018_0_L2A+S2C_43QCE_20251018_0_L2A,2025-10-18,0.45688403479715917,1.0,S2C_43QBE_20250610_0_L2A+S2C_43QCE_20250610_0_L2A,2025-06-10
396,0.6278785004101095,1.0,S2B_43QBE_20251013_0_L2A+S2B_43QCE_20251013_0_L2A,2025-10-13,0.6056551136444291,1.0,S2C_43QBE_20251018_0_L2A+S2C_43QCE_20251018_0_L2A,2025-10-18,0.6411918991417529,1.0,S2C_43QBE_20250610_0_L2A+S2C_43QCE_20250610_0_L2A,2025-06-10
397,0.42757325148732095,1.0,S2B_43QBE_20251013_0_L2A+S2B_43QCE_20251013_0_L2A,2025-10-13,0.4147553247928287,1.0,S2C_43QBE_20251018_0_L2A+S2C_43QCE_20251018_0_L2A,2025-10-18,0.46106599501984885,1.0,S2C_43QBE_20250610_0_L2A+S2C_43QCE_20250610_0_L2A,2025-06-10
398,0.5777525672713625,1.0,S2B_43QBE_20251013_0_L2A+S2B_43QCE_20251013_0_L2A,2025-10-13,0.557167660483155,1.0,S2C_43QBE_20251018_0_L2A+S2C_43QCE_20251018_0_L2A,2025-10-18,0.3937124828119404,1.0,S2C_43QBE_20250610_0_L2A+S2C_43QCE_20250610_0_L2A,2025-06-10
399,0.5608880718549093,1.0,S2B_43QBE_20251013_0_L2A+S2B_43QCE_20251013_0_L2A,2025-10-13,0.5764029884030895,1.0,S2C_43QBE_20251018_0_L2A+S2C_43QCE_20251018_0_L2A,2025-10-18,0.3790045686302677,1.0,S2C_43QBE_20250610_0_L2A+S2C_43QCE_20250610_0_L2A,2025-06-10
400,0.4260490405749137,1.0,S2B_43QBE_20251013_0_L2A+S2B_43QCE_20251013_0_L2A,2025-10-13,0.48436578367623845,1.0,S2C_43QBE_20251018_0_L2A+S2C_43QCE_20251018_0_L2A,2025-10-18,0.5321099840504512,1.0,S2C_43QBE_20250610_0_L2A+S2C_43QCE_20250610_0_L2A,2025-06-10
401,0.44299835923662567,1.0,S2B_43QBE_20251013_0_L2A+S2B_43QCE_20251013_0_L2A,2025-10-13,0.5054405232270559,1.0,S2C_43QBE_20251018_0_L2A+S2C_43QCE_20251018_0_L2A,2025-10-18,0.5651317014640123,1.0,S2C_43QBE_20250610_0_L2A+S2C_43QCE_20250610_0_L2A,2025-06-10
402,0.4126558671919031,1.0,S2B_43QBE_20251013_0_L2A+S2B_43QCE_20251013_0_L2A,2025-10-13,0.44463366646012037,1.0,S2C_43QBE_20251018_0_L2A+S2C_43QCE_20251018_0_L2A,2025-10-18,0.49278402806968863,1.0,S2C_43QBE_20250610_0_L2A+S2C_43QCE_20250610_0_L2A,2025-06-10
403,0.6411394041660322,1.0,S2B_43QBE_20251013_0_L2A+S2B_43QCE_20251013_0_L2A,2025-10-13,0.6195725600152832,1.0,S2C_43QBE_20251018_0_L2A+S2C_43QCE_20251018_0_L2A,2025-10-18,0.33971349222651853,1.0,S2C_43QBE_20250610_0_L2A+S2C_43QCE_20250610_0_L2A,2025-06-10
404,0.7091181159355903,1.0,S2B_43QBE_20251013_0_L2A+S2B_43QCE_20251013_0_L2A,2025-10-13,0.649198205933073,1.0,S2C_43QBE_20251018_0_L2A+S2C_43QCE_20251018_0_L2A,2025-10-18,0.37916467454449143,1.0,S2C_43QBE_20250610_0_L2A+S2C_43QCE_20250610_0_L2A,2025-06-10
405,0.7578681761414742,1.0,S2B_43QBE_20251013_0_L2A+S2B_43QCE_20251013_0_L2A,2025-10-13,0.7562600735564408,1.0,S2C_43QBE_20251018_0_L2A+S2C_43QCE_20251018_0_L2A,2025-10-18,0.595837122151264,1.0,S2C_43QBE_20250610_0_L2A+S2C_43QCE_20250610_0_L2A,2025-06-10
406,0.48097053407735957,1.0,S2B_43QBE_20251013_0_L2A+S2B_43QCE_20251013_0_L2A,2025-10-13,0.5338381548490332,1.0,S2C_43QBE_20251018_0_L2A+S2C_43QCE_20251018_0_L2A,2025-10-18,0.33687078541067533,1.0,S2C_43QBE_20250610_0_L2A+S2C_43QCE_20250610_0_L2A,2025-06-10
407,0.7098403614763837,1.0,S2B_43QBE_20251013_0_L2A+S2B_43QCE_20251013_0_L2A,2025-10-13,0.7323503537747292,1.0,S2C_43QBE_20251018_0_L2A+S2C_43QCE_20251018_0_L2A,2025-10-18,0.2616210323686361,1.0,S2C_43QBE_20250610_0_L2A+S2C_43QCE_20250610_0_L2A,2025-06-10
408,0.7848674814528622,1.0,S2B_43QBE_20251013_0_L2A+S2B_43QCE_20251013_0_L2A,2025-10-13,0.7800962122228055,1.0,S2C_43QBE_20251018_0_L2A+S2C_43QCE_20251018_0_L2A,2025-10-18,0.3941277765365433,1.0,S2C_43QBE_20250610_0_L2A+S2C_43QCE_20250610_0_L2A,2025-06-10
409,0.6142924880843431,1.0,S2B_43QBE_20251013_0_L2A+S2B_43QCE_20251013_0_L2A,2025-10-13,0.6312652613250633,1.0,S2C_43QBE_20251018_0_L2A+S2C_43QCE_20251018_0_L2A,2025-10-18,0.41595447339473346,1.0,S2C_43QBE_20250610_0_L2A+S2C_43QCE_20250610_0_L2A,2025-06-10
410,0.6918731111210662,1.0,S2B_43QBE_20251013_0_L2A+S2B_43QCE_20251013_0_L2A,2025-10-13,0.7008271711471277,1.0,S2C_43QBE_20251018_0_L2A+S2C_43QCE_20251018_0_L2A,2025-10-18,0.44920360435655105,1.0,S2C_43QBE_20250610_0_L2A+S2C_43QCE_20250610_0_L2A,2025-06-10
411,0.7308699683139198,1.0,S2B_43QBE_20251013_0_L2A+S2B_43QCE_20251013_0_L2A,2025-10-13,0.7297720204842718,1.0,S2C_43QBE_20251018_0_L2A+S2C_43QCE_20251018_0_L2A,2025-10-18,0.6014097230214822,1.0,S2C_43QBE_20250610_0_L2A+S2C_43QCE_20250610_0_L2A,2025-06-10
412,0.29095723787685496,1.0,S2B_43QBE_20251013_0_L2A+S2B_43QCE_20251013_0_L2A,2025-10-13,0.29598468231174335,1.0,S2C_43QBE_20251018_0_L2A+S2C_43QCE_20251018_0_L2A,2025-10-18,0.3008280390526825,1.0,S2C_43QBE_20250610_0_L2A+S2C_43QCE_20250610_0_L2A,2025-06-10
413,0.48103187369293277,1.0,S2B_43QBE_20251013_0_L2A+S2B_43QCE_20251013_0_L2A,2025-10-13,0.5080225514970957,1.0,S2C_43QBE_20251018_0_L2A+S2C_43QCE_20251018_0_L2A,2025-10-18,0.3840574072036025,1.0,S2C_43QBE_20250610_0_L2A+S2C_43QCE_20250610_0_L2A,2025-06-10
414,0.506312999549645,1.0,S2B_43QBE_20251013_0_L2A+S2B_43QCE_20251013_0_L2A,2025-10-13,0.6384923150157777,1.0,S2C_43QBE_20251018_0_L2A+S2C_43QCE_20251018_0_L2A,2025-10-18,0.29211706145062877,1.0,S2C_43QBE_20250610_0_L2A+S2C_43QCE_20250610_0_L2A,2025-06-10
415,0.5857244748242048,1.0,S2B_43QBE_20251013_0_L2A+S2B_43QCE_20251013_0_L2A,2025-10-13,0.7128312923991645,1.0,S2C_43QBE_20251018_0_L2A+S2C_43QCE_20251018_0_L2A,2025-10-18,0.3570777814259682,1.0,S2C_43QBE_20250610_0_L2A+S2C_43QCE_20250610_0_L2A,2025-06-10
416,0.4559197658285827,1.0,S2B_43QBE_20251013_0_L2A+S2B_43QCE_20251013_0_L2A,2025-10-13,0.5321030798197376,1.0,S2C_43QBE_20251018_0_L2A+S2C_43QCE_20251018_0_L2A,2025-10-18,0.31497328067175623,1.0,S2C_43QBE_20250610_0_L2A+S2C_43QCE_20250610_0_L2A,2025-06-10
417,0.5188316135259157,1.0,S2B_43QBE_20251013_0_L2A+S2B_43QCE_20251013_0_L2A,2025-10-13,0.5610127980203441,1.0,S2C_43QBE_20251018_0_L2A+S2C_43QCE_20251018_0_L2A,2025-10-18,0.44014051883073335,1.0,S2C_43QBE_20250610_0_L2A+S2C_43QCE_20250610_0_L2A,2025-06-10
418,0.5162979843451085,1.0,S2B_43QBE_20251013_0_L2A+S2B_43QCE_20251013_0_L2A,2025-10-13,0.501436267861255,1.0,S2C_43QBE_20251018_0_L2A+S2C_43QCE_20251018_0_L2A,2025-10-18,0.4947593564107737,1.0,S2C_43QBE_20250610_0_L2A+S2C_43QCE_20250610_0_L2A,2025-06-10
419,0.5751268122568622,1.0,S2B_43QBE_20251013_0_L2A+S2B_43QCE_20251013_0_L2A,2025-10-13,0.5910938244151936,1.0,S2C_43QBE_20251018_0_L2A+S2C_43QCE_20251018_0_L2A,2025-10-18,0.3559347165428944,1.0,S2C_43QBE_20250610_0_L2A+S2C_43QCE_20250610_0_L2A,2025-06-10
420,0.35950179533376736,1.0,S2B_43QBE_20251013_0_L2A+S2B_43QCE_20251013_0_L2A,2025-10-13,0.36512659082527493,1.0,S2C_43QBE_20251018_0_L2A+S2C_43QCE_20251018_0_L2A,2025-10-18,0.2573826736576969,1.0,S2C_43QBE_20250610_0_L2A+S2C_43QCE_20250610_0_L2A,2025-06-10
421,0.6041083138681458,1.0,S2B_43QBE_20251013_0_L2A+S2B_43QCE_20251013_0_L2A,2025-10-13,0.6491510357388003,1.0,S2C_43QBE_20251018_0_L2A+S2C_43QCE_20251018_0_L2A,2025-10-18,0.25211584270595316,1.0,S2C_43QBE_20250610_0_L2A+S2C_43QCE_20250610_0_L2A,2025-06-10
422,0.3713968183493769,1.0,S2B_43QBE_20251013_0_L2A+S2B_43QCE_20251013_0_L2A,2025-10-13,0.42479322074772535,1.0,S2C_43QBE_20251018_0_L2A+S2C_43QCE_20251018_0_L2A,2025-10-18,0.254096269979515,1.0,S2C_43QBE_20250610_0_L2A+S2C_43QCE_20250610_0_L2A,2025-06-10
423,0.5130180300447186,1.0,S2B_43QBE_20251013_0_L2A+S2B_43QCE_20251013_0_L2A,2025-10-13,0.5716677346408613,1.0,S2C_43QBE_20251018_0_L2A+S2C_43QCE_20251018_0_L2A,2025-10-18,0.3668777019460015,1.0,S2C_43QBE_20250610_0_L2A+S2C_43QCE_20250610_0_L2A,2025-06-10
424,0.5573463426597083,1.0,S2B_43QBE_20251013_0_L2A+S2B_43QCE_20251013_0_L2A,2025-10-13,0.6204084984020892,1.0,S2C_43QBE_20251018_0_L2A+S2C_43QCE_20251018_0_L2A,2025-10-18,0.3484542719972159,1.0,S2C_43QBE_20250610_0_L2A+S2C_43QCE_20250610_0_L2A,2025-06-10
425,0.7297853335441008,1.0,S2B_43QBE_20251013_0_L2A+S2B_43QCE_20251013_0_L2A,2025-10-13,0.6834056577791175,1.0,S2C_43QBE_20251018_0_L2A+S2C_43QCE_20251018_0_L2A,2025-10-18,0.6049452900377095,1.0,S2C_43QBE_20250610_0_L2A+S2C_43QCE_20250610_0_L2A,2025-06-10
426,0.6696244337648716,1.0,S2B_43QBE_20251013_0_L2A+S2B_43QCE_20251013_0_L2A,2025-10-13,0.6660476345418277,1.0,S2C_43QBE_20251018_0_L2A+S2C_43QCE_20251018_0_L2A,2025-10-18,0.43827049594844447,1.0,S2C_43QBE_20250610_0_L2A+S2C_43QCE_20250610_0_L2A,2025-06-10
427,0.5025444116277709,1.0,S2B_43QBE_20251013_0_L2A+S2B_43QCE_20251013_0_L2A,2025-10-13,0.489506895008525,1.0,S2C_43QBE_20251018_0_L2A+S2C_43QCE_20251018_0_L2A,2025-10-18,0.28655639908662656,1.0,S2C_43QBE_20250610_0_L2A+S2C_43QCE_20250610_0_L2A,2025-06-10
428,0.36791685255235895,1.0,S2B_43QBE_20251013_0_L2A+S2B_43QCE_20251013_0_L2A,2025-10-13,0.3671210788088612,1.0,S2C_43QBE_20251018_0_L2A+S2C_43QCE_20251018_0_L2A,2025-10-18,0.2929263976211794,1.0,S2C_43QBE_20250610_0_L2A+S2C_43QCE_20250610_0_L2A,2025-06-10
429,0.5328215965863519,1.0,S2B_43QBE_20251013_0_L2A+S2B_43QCE_20251013_0_L2A,2025-10-13,0.5345372277233988,1.0,S2C_43QBE_20251018_0_L2A+S2C_43QCE_20251018_0_L2A,2025-10-18,0.2986290134636346,1.0,S2C_43QBE_20250610_0_L2A+S2C_43QCE_20250610_0_L2A,2025-06-10
430,0.4778061537270216,1.0,S2B_43QBE_20251013_0_L2A+S2B_43QCE_20251013_0_L2A,2025-10-13,0.49754279855876526,1.0,S2C_43QBE_20251018_0_L2A+S2C_43QCE_20251018_0_L2A,2025-10-18,0.24686642995777916,1.0,S2C_43QBE_20250610_0_L2A+S2C_43QCE_20250610_0_L2A,2025-06-10
431,0.4830710841611374,1.0,S2B_43QBE_20251013_0_L2A+S2B_43QCE_20251013_0_L2A,2025-10-13,0.5042011699565622,1.0,S2C_43QBE_20251018_0_L2A+S2C_43QCE_20251018_0_L2A,2025-10-18,0.38752370717913603,1.0,S2C_43QBE_20250610_0_L2A+S2C_43QCE_20250610_0_L2A,2025-06-10
432,0.6212795114019354,1.0,S2B_43QBE_20251013_0_L2A+S2B_43QCE_20251013_0_L2A,2025-10-13,0.5906243168699216,1.0,S2C_43QBE_20251018_0_L2A+S2C_43QCE_20251018_0_L2A,2025-10-18,0.4608979182633336,1.0,S2C_43QBE_20250610_0_L2A+S2C_43QCE_20250610_0_L2A,2025-06-10
433,0.6183276819191311,1.0,S2B_43QBE_20251013_0_L2A+S2B_43QCE_20251013_0_L2A,2025-10-13,0.5925856912850872,1.0,S2C_43QBE_20251018_0_L2A+S2C_43QCE_20251018_0_L2A,2025-10-18,0.3487708512945839,1.0,S2C_43QBE_20250610_0_L2A+S2C_43QCE_20250610_0_L2A,2025-06-10
434,0.651289472945582,1.0,S2B_43QBE_20251013_0_L2A+S2B_43QCE_20251013_0_L2A,2025-10-13,0.6400731233870005,1.0,S2C_43QBE_20251018_0_L2A+S2C_43QCE_20251018_0_L2A,2025-10-18,0.5091874110051238,1.0,S2C_43QBE_20250610_0_L2A+S2C_43QCE_20250610_0_L2A,2025-06-10
435,0.6711594365851979,1.0,S2B_43QBE_20251013_0_L2A+S2B_43QCE_20251013_0_L2A,2025-10-13,0.6377806702340153,1.0,S2C_43QBE_20251018_0_L2A+S2C_43QCE_20251018_0_L2A,2025-10-18,0.5623899894491048,1.0,S2C_43QBE_20250610_0_L2A+S2C_43QCE_20250610_0_L2A,2025-06-10
436,0.6843854821847948,1.0,S2B_43QBE_20251013_0_L2A+S2B_43QCE_20251013_0_L2A,2025-10-13,0.6871203438353143,1.0,S2C_43QBE_20251018_0_L2A+S2C_43QCE_20251018_0_L2A,2025-10-18,0.5173113257845462,1.0,S2C_43QBE_20250610_0_L2A+S2C_43QCE_20250610_0_L2A,2025-06-10
437,0.6269802126559887,1.0,S2B_43QBE_20251013_0_L2A+S2B_43QCE_20251013_0_L2A,2025-10-13,0.5720154049995545,1.0,S2C_43QBE_20251018_0_L2A+S2C_43QCE_20251018_0_L2A,2025-10-18,0.5107792447637152,1.0,S2C_43QBE_20250610_0_L2A+S2C_43QCE_20250610_0_L2A,2025-06-10
438,0.663205619753483,1.0,S2B_43QBE_20251013_0_L2A+S2B_43QCE_20251013_0_L2A,2025-10-13,0.6381519237795461,1.0,S2C_43QBE_20251018_0_L2A+S2C_43QCE_20251018_0_L2A,2025-10-18,0.49401177866686985,1.0,S2C_43QBE_20250610_0_L2A+S2C_43QCE_20250610_0_L2A,2025-06-10
439,0.43351584530461973,1.0,S2B_43QBE_20251013_0_L2A+S2B_43QCE_20251013_0_L2A,2025-10-13,0.45318576412453515,1.0,S2C_43QBE_20251018_0_L2A+S2C_43QCE_20251018_0_L2A,2025-10-18,0.5135322964776702,1.0,S2C_43QBE_20250610_0_L2A+S2C_43QCE_20250610_0_L2A,2025-06-10
440,0.5294263299114237,1.0,S2B_43QBE_20251013_0_L2A+S2B_43QCE_20251013_0_L2A,2025-10-13,0.5301875690893432,1.0,S2C_43QBE_20251018_0_L2A+S2C_43QCE_20251018_0_L2A,2025-10-18,0.6060455256849656,1.0,S2C_43QBE_20250610_0_L2A+S2C_43QCE_20250610_0_L2A,2025-06-10
441,0.5261016057079865,1.0,S2B_43QBE_20251013_0_L2A+S2B_43QCE_20251013_0_L2A,2025-10-13,0.5381731097586453,1.0,S2C_43QBE_20251018_0_L2A+S2C_43QCE_20251018_0_L2A,2025-10-18,0.5609301804668374,1.0,S2C_43QBE_20250610_0_L2A+S2C_43QCE_20250610_0_L2A,2025-06-10
442,0.303663765480372,1.0,S2B_43QBE_20251013_0_L2A+S2B_43QCE_20251013_0_L2A,2025-10-13,0.3764081905303449,1.0,S2C_43QBE_20251018_0_L2A+S2C_43QCE_20251018_0_L2A,2025-10-18,0.2147450245889946,1.0,S2C_43QBE_20250610_0_L2A+S2C_43QCE_20250610_0_L2A,2025-06-10
443,0.4420705243240386,1.0,S2B_43QBE_20251013_0_L2A+S2B_43QCE_20251013_0_L2A,2025-10-13,0.583600140079994,1.0,S2C_43QBE_20251018_0_L2A+S2C_43QCE_20251018_0_L2A,2025-10-18,0.6330967984043756,1.0,S2C_43QBE_20250610_0_L2A+S2C_43QCE_20250610_0_L2A,2025-06-10
444,0.7138928371481598,1.0,S2B_43QBE_20251013_0_L2A+S2B_43QCE_20251013_0_L2A,2025-10-13,0.7043079097134372,1.0,S2C_43QBE_20251018_0_L2A+S2C_43QCE_20251018_0_L2A,2025-10-18,0.3823886544133226,1.0,S2C_43QBE_20250610_0_L2A+S2C_43QCE_20250610_0_L2A,2025-06-10
445,0.7055054597230572,1.0,S2B_43QBE_20251013_0_L2A+S2B_43QCE_20251013_0_L2A,2025-10-13,0.652415210226366,1.0,S2C_43QBE_20251018_0_L2A+S2C_43QCE_20251018_0_L2A,2025-10-18,0.5225832172183806,1.0,S2C_43QBE_20250610_0_L2A+S2C_43QCE_20250610_0_L2A,2025-06-10
446,0.7467582927408776,1.0,S2B_43QBE_20251013_0_L2A+S2B_43QCE_20251013_0_L2A,2025-10-13,0.7484461075040326,1.0,S2C_43QBE_20251018_0_L2A+S2C_43QCE_20251018_0_L2A,2025-10-18,0.533428265006648,1.0,S2C_43QBE_20250610_0_L2A+S2C_43QCE_20250610_0_L2A,2025-06-10
447,0.7715231857142566,1.0,S2B_43QBE_20251013_0_L2A+S2B_43QCE_20251013_0_L2A,2025-10-13,0.7484081690113968,1.0,S2C_43QBE_20251018_0_L2A+S2C_43QCE_20251018_0_L2A,2025-10-18,0.5447748013389256,1.0,S2C_43QBE_20250610_0_L2A+S2C_43QCE_20250610_0_L2A,2025-06-10
448,0.750582971391053,1.0,S2B_43QBE_20251013_0_L2A+S2B_43QCE_20251013_0_L2A,2025-10-13,0.7298473229853859,1.0,S2C_43QBE_20251018_0_L2A+S2C_43QCE_20251018_0_L2A,2025-10-18,0.49913939596759005,1.0,S2C_43QBE_20250610_0_L2A+S2C_43QCE_20250610_0_L2A,2025-06-10
449,0.7178333037184824,1.0,S2B_43QBE_20251013_0_L2A+S2B_43QCE_20251013_0_L2A,2025-10-13,0.7392294550399836,1.0,S2C_43QBE_20251018_0_L2A+S2C_43QCE_20251018_0_L2A,2025-10-18,0.32197957786358616,1.0,S2C_43QBE_20250610_0_L2A+S2C_43QCE_20250610_0_L2A,2025-06-10
450,0.7983027284255113,1.0,S2B_43QBE_20251013_0_L2A+S2B_43QCE_20251013_0_L2A,2025-10-13,0.798443021143184,1.0,S2C_43QBE_20251018_0_L2A+S2C_43QCE_20251018_0_L2A,2025-10-18,0.3806809912938291,1.0,S2C_43QBE_20250610_0_L2A+S2C_43QCE_20250610_0_L2A,2025-06-10
451,0.34962386238402215,1.0,S2B_43QBE_20251013_0_L2A+S2B_43QCE_20251013_0_L2A,2025-10-13,0.3562234505544993,1.0,S2C_43QBE_20251018_0_L2A+S2C_43QCE_20251018_0_L2A,2025-10-18,0.3532692718878673,1.0,S2C_43QBE_20250610_0_L2A+S2C_43QCE_20250610_0_L2A,2025-06-10
452,0.6988135638840158,1.0,S2B_43QBE_20251013_0_L2A+S2B_43QCE_20251013_0_L2A,2025-10-13,0.699928320962091,1.0,S2C_43QBE_20251018_0_L2A+S2C_43QCE_20251018_0_L2A,2025-10-18,0.5251802366787038,1.0,S2C_43QBE_20250610_0_L2A+S2C_43QCE_20250610_0_L2A,2025-06-10
453,0.70940499566914,1.0,S2B_43QBE_20251013_0_L2A+S2B_43QCE_20251013_0_L2A,2025-10-13,0.6951343360911595,1.0,S2C_43QBE_20251018_0_L2A+S2C_43QCE_20251018_0_L2A,2025-10-18,0.42596873543905406,1.0,S2C_43QBE_20250610_0_L2A+S2C_43QCE_20250610_0_L2A,2025-06-10
454,0.4452771511782415,1.0,S2B_43QBE_20251013_0_L2A+S2B_43QCE_20251013_0_L2A,2025-10-13,0.43569679860129346,1.0,S2C_43QBE_20251018_0_L2A+S2C_43QCE_20251018_0_L2A,2025-10-18,0.37370832267614196,1.0,S2C_43QBE_20250610_0_L2A+S2C_43QCE_20250610_0_L2A,2025-06-10
455,0.42977619744536427,1.0,S2B_43QBE_20251013_0_L2A+S2B_43QCE_20251013_0_L2A,2025-10-13,0.49419263971531474,1.0,S2C_43QBE_20251018_0_L2A+S2C_43QCE_20251018_0_L2A,2025-10-18,0.39717063962563764,1.0,S2C_43QBE_20250610_0_L2A+S2C_43QCE_20250610_0_L2A,2025-06-10
456,0.7546250761063622,1.0,S2B_43QBE_20251013_0_L2A+S2B_43QCE_20251013_0_L2A,2025-10-13,0.7668394472426189,1.0,S2C_43QBE_20251018_0_L2A+S2C_43QCE_20251018_0_L2A,2025-10-18,0.49417877677025823,1.0,S2C_43QBE_20250610_0_L2A+S2C_43QCE_20250610_0_L2A,2025-06-10
457,0.7590281115451329,1.0,S2B_43QBE_20251013_0_L2A+S2B_43QCE_20251013_0_L2A,2025-10-13,0.7875004012361837,1.0,S2C_43QBE_20251018_0_L2A+S2C_43QCE_20251018_0_L2A,2025-10-18,0.5517682779995335,1.0,S2C_43QBE_20250610_0_L2A+S2C_43QCE_20250610_0_L2A,2025-06-10
458,0.7504170843112616,1.0,S2B_43QBE_20251013_0_L2A+S2B_43QCE_20251013_0_L2A,2025-10-13,0.7610952631926831,1.0,S2C_43QBE_20251018_0_L2A+S2C_43QCE_20251018_0_L2A,2025-10-18,0.4908071438839406,1.0,S2C_43QBE_20250610_0_L2A+S2C_43QCE_20250610_0_L2A,2025-06-10
459,0.6183397330097848,1.0,S2B_43QBE_20251013_0_L2A+S2B_43QCE_20251013_0_L2A,2025-10-13,0.6287191638284158,1.0,S2C_43QBE_20251018_0_L2A+S2C_43QCE_20251018_0_L2A,2025-10-18,0.31924356536186393,1.0,S2C_43QBE_20250610_0_L2A+S2C_43QCE_20250610_0_L2A,2025-06-10
460,0.5545056582277613,1.0,S2B_43QBE_20251013_0_L2A+S2B_43QCE_20251013_0_L2A,2025-10-13,0.5993638971238207,1.0,S2C_43QBE_20251018_0_L2A+S2C_43QCE_20251018_0_L2A,2025-10-18,0.36142173326542254,1.0,S2C_43QBE_20250610_0_L2A+S2C_43QCE_20250610_0_L2A,2025-06-10
461,0.40003294098172154,1.0,S2B_43QBE_20251013_0_L2A+S2B_43QCE_20251013_0_L2A,2025-10-13,0.4128140519827983,1.0,S2C_43QBE_20251018_0_L2A+S2C_43QCE_20251018_0_L2A,2025-10-18,0.37399529184792235,1.0,S2C_43QBE_20250610_0_L2A+S2C_43QCE_20250610_0_L2A,2025-06-10
462,0.5971634885554469,1.0,S2B_43QBE_20251013_0_L2A+S2B_43QCE_20251013_0_L2A,2025-10-13,0.5979418219190783,1.0,S2C_43QBE_20251018_0_L2A+S2C_43QCE_20251018_0_L2A,2025-10-18,0.4556021035201078,1.0,S2C_43QBE_20250610_0_L2A+S2C_43QCE_20250610_0_L2A,2025-06-10
463,0.6754153407681948,1.0,S2B_43QBE_20251013_0_L2A+S2B_43QCE_20251013_0_L2A,2025-10-13,0.6707718706336515,1.0,S2C_43QBE_20251018_0_L2A+S2C_43QCE_20251018_0_L2A,2025-10-18,0.5357998517481075,1.0,S2C_43QBE_20250610_0_L2A+S2C_43QCE_20250610_0_L2A,2025-06-10
464,0.47123206328785294,1.0,S2B_43QBE_20251013_0_L2A+S2B_43QCE_20251013_0_L2A,2025-10-13,0.4846956006988434,1.0,S2C_43QBE_20251018_0_L2A+S2C_43QCE_20251018_0_L2A,2025-10-18,0.3619030106567155,1.0,S2C_43QBE_20250610_0_L2A+S2C_43QCE_20250610_0_L2A,2025-06-10
465,0.6207632933439533,1.0,S2B_43QBE_20251013_0_L2A+S2B_43QCE_20251013_0_L2A,2025-10-13,0.5824019382691085,1.0,S2C_43QBE_20251018_0_L2A+S2C_43QCE_20251018_0_L2A,2025-10-18,0.35895973677650145,1.0,S2C_43QBE_20250610_0_L2A+S2C_43QCE_20250610_0_L2A,2025-06-10
466,0.6509950856896924,1.0,S2B_43QBE_20251013_0_L2A+S2B_43QCE_20251013_0_L2A,2025-10-13,0.6119712172062576,1.0,S2C_43QBE_20251018_0_L2A+S2C_43QCE_20251018_0_L2A,2025-10-18,0.38541487614121334,1.0,S2C_43QBE_20250610_0_L2A+S2C_43QCE_20250610_0_L2A,2025-06-10
467,0.465826119207952,1.0,S2B_43QBE_20251013_0_L2A+S2B_43QCE_20251013_0_L2A,2025-10-13,0.6014286146927391,1.0,S2C_43QBE_20251018_0_L2A+S2C_43QCE_20251018_0_L2A,2025-10-18,0.34746607066480334,1.0,S2C_43QBE_20250610_0_L2A+S2C_43QCE_20250610_0_L2A,2025-06-10
468,0.6918151388051866,1.0,S2B_43QBE_20251013_0_L2A+S2B_43QCE_20251013_0_L2A,2025-10-13,0.6664290804116205,1.0,S2C_43QBE_20251018_0_L2A+S2C_43QCE_20251018_0_L2A,2025-10-18,0.41634003608219927,1.0,S2C_43QBE_20250610_0_L2A+S2C_43QCE_20250610_0_L2A,2025-06-10
469,0.7569709388423667,1.0,S2B_43QBE_20251013_0_L2A+S2B_43QCE_20251013_0_L2A,2025-10-13,0.7864473832120573,1.0,S2C_43QBE_20251018_0_L2A+S2C_43QCE_20251018_0_L2A,2025-10-18,0.39255755377671925,1.0,S2C_43QBE_20250610_0_L2A+S2C_43QCE_20250610_0_L2A,2025-06-10
470,0.5482605190518044,1.0,S2B_43QBE_20251013_0_L2A+S2B_43QCE_20251013_0_L2A,2025-10-13,0.578720006378278,1.0,S2C_43QBE_20251018_0_L2A+S2C_43QCE_20251018_0_L2A,2025-10-18,0.40627063714884704,1.0,S2C_43QBE_20250610_0_L2A+S2C_43QCE_20250610_0_L2A,2025-06-10
471,0.7479566425861061,1.0,S2B_43QBE_20251013_0_L2A+S2B_43QCE_20251013_0_L2A,2025-10-13,0.7364516863933673,1.0,S2C_43QBE_20251018_0_L2A+S2C_43QCE_20251018_0_L2A,2025-10-18,0.4425958381581692,1.0,S2C_43QBE_20250610_0_L2A+S2C_43QCE_20250610_0_L2A,2025-06-10
472,0.5909818193628558,1.0,S2B_43QBE_20251013_0_L2A+S2B_43QCE_20251013_0_L2A,2025-10-13,0.6220513356621342,1.0,S2C_43QBE_20251018_0_L2A+S2C_43QCE_20251018_0_L2A,2025-10-18,0.4193334871371424,1.0,S2C_43QBE_20250610_0_L2A+S2C_43QCE_20250610_0_L2A,2025-06-10
473,0.6284875100428836,1.0,S2B_43QBE_20251013_0_L2A+S2B_43QCE_20251013_0_L2A,2025-10-13,0.616901299332739,1.0,S2C_43QBE_20251018_0_L2A+S2C_43QCE_20251018_0_L2A,2025-10-18,0.5732965092101883,1.0,S2C_43QBE_20250610_0_L2A+S2C_43QCE_20250610_0_L2A,2025-06-10
474,0.7725062362223782,1.0,S2B_43QBE_20251013_0_L2A+S2B_43QCE_20251013_0_L2A,2025-10-13,0.7849711170041465,1.0,S2C_43QBE_20251018_0_L2A+S2C_43QCE_20251018_0_L2A,2025-10-18,0.6209844278126229,1.0,S2C_43QBE_20250610_0_L2A+S2C_43QCE_20250610_0_L2A,2025-06-10
475,0.6181647546281148,1.0,S2B_43QBE_20251013_0_L2A+S2B_43QCE_20251013_0_L2A,2025-10-13,0.662976316990764,1.0,S2C_43QBE_20251018_0_L2A+S2C_43QCE_20251018_0_L2A,2025-10-18,0.4294507573657641,1.0,S2C_43QBE_20250610_0_L2A+S2C_43QCE_20250610_0_L2A,2025-06-10
476,0.625816875795373,1.0,S2B_43QBE_20251013_0_L2A+S2B_43QCE_20251013_0_L2A,2025-10-13,0.6249506398697303,1.0,S2C_43QBE_20251018_0_L2A+S2C_43QCE_20251018_0_L2A,2025-10-18,0.47297554008899406,1.0,S2C_43QBE_20250610_0_L2A+S2C_43QCE_20250610_0_L2A,2025-06-10
477,0.44618582799171497,1.0,S2B_43QBE_20251013_0_L2A+S2B_43QCE_20251013_0_L2A,2025-10-13,0.49555900913879547,1.0,S2C_43QBE_20251018_0_L2A+S2C_43QCE_20251018_0_L2A,2025-10-18,0.45155336780249583,1.0,S2C_43QBE_20250610_0_L2A+S2C_43QCE_20250610_0_L2A,2025-06-10
478,0.5620351671051456,1.0,S2B_43QBE_20251013_0_L2A+S2B_43QCE_20251013_0_L2A,2025-10-13,0.5846200974477123,1.0,S2C_43QBE_20251018_0_L2A+S2C_43QCE_20251018_0_L2A,2025-10-18,0.5199429520805802,1.0,S2C_43QBE_20250610_0_L2A+S2C_43QCE_20250610_0_L2A,2025-06-10
479,0.6698265512632801,1.0,S2B_43QBE_20251013_0_L2A+S2B_43QCE_20251013_0_L2A,2025-10-13,0.6727629025512019,1.0,S2C_43QBE_20251018_0_L2A+S2C_43QCE_20251018_0_L2A,2025-10-18,0.5005879277723875,1.0,S2C_43QBE_20250610_0_L2A+S2C_43QCE_20250610_0_L2A,2025-06-10
480,0.6039942884476397,1.0,S2B_43QBE_20251013_0_L2A+S2B_43QCE_20251013_0_L2A,2025-10-13,0.6197696379263987,1.0,S2C_43QBE_20251018_0_L2A+S2C_43QCE_20251018_0_L2A,2025-10-18,0.5500576446193675,1.0,S2C_43QBE_20250610_0_L2A+S2C_43QCE_20250610_0_L2A,2025-06-10
481,0.3770937852796074,1.0,S2B_43QBE_20251013_0_L2A+S2B_43QCE_20251013_0_L2A,2025-10-13,0.37512262052291123,1.0,S2C_43QBE_20251018_0_L2A+S2C_43QCE_20251018_0_L2A,2025-10-18,0.6100393814579801,1.0,S2C_43QBE_20250610_0_L2A+S2C_43QCE_20250610_0_L2A,2025-06-10
482,0.7473481031997365,1.0,S2B_43QBE_20251013_0_L2A+S2B_43QCE_20251013_0_L2A,2025-10-13,0.7557806284730062,1.0,S2C_43QBE_20251018_0_L2A+S2C_43QCE_20251018_0_L2A,2025-10-18,0.6246514575319656,1.0,S2C_43QBE_20250610_0_L2A+S2C_43QCE_20250610_0_L2A,2025-06-10
483,0.6980245632862826,1.0,S2B_43QBE_20251013_0_L2A+S2B_43QCE_20251013_0_L2A,2025-10-13,0.7114699936788017,1.0,S2C_43QBE_20251018_0_L2A+S2C_43QCE_20251018_0_L2A,2025-10-18,0.6243375042162904,1.0,S2C_43QBE_20250610_0_L2A+S2C_43QCE_20250610_0_L2A,2025-06-10
484,0.6531757731305498,1.0,S2B_43QBE_20251013_0_L2A+S2B_43QCE_20251013_0_L2A,2025-10-13,0.6669750386915794,1.0,S2C_43QBE_20251018_0_L2A+S2C_43QCE_20251018_0_L2A,2025-10-18,0.5492083289036483,1.0,S2C_43QBE_20250610_0_L2A+S2C_43QCE_20250610_0_L2A,2025-06-10
485,0.643882837072648,1.0,S2B_43QBE_20251013_0_L2A+S2B_43QCE_20251013_0_L2A,2025-10-13,0.6451518140501071,1.0,S2C_43QBE_20251018_0_L2A+S2C_43QCE_20251018_0_L2A,2025-10-18,0.47361414486276754,1.0,S2C_43QBE_20250610_0_L2A+S2C_43QCE_20250610_0_L2A,2025-06-10
486,0.4495707633430392,1.0,S2B_43QBE_20251013_0_L2A+S2B_43QCE_20251013_0_L2A,2025-10-13,0.41725198976724526,1.0,S2C_43QBE_20251018_0_L2A+S2C_43QCE_20251018_0_L2A,2025-10-18,0.4373396095830643,1.0,S2C_43QBE_20250610_0_L2A+S2C_43QCE_20250610_0_L2A,2025-06-10
487,0.5955329037463919,1.0,S2B_43QBE_20251013_0_L2A+S2B_43QCE_20251013_0_L2A,2025-10-13,0.6065628791264188,1.0,S2C_43QBE_20251018_0_L2A+S2C_43QCE_20251018_0_L2A,2025-10-18,0.47470907732996265,1.0,S2C_43QBE_20250610_0_L2A+S2C_43QCE_20250610_0_L2A,2025-06-10
488,0.5783943315885337,1.0,S2B_43QBE_20251013_0_L2A+S2B_43QCE_20251013_0_L2A,2025-10-13,0.5807411937144003,1.0,S2C_43QBE_20251018_0_L2A+S2C_43QCE_20251018_0_L2A,2025-10-18,0.4800597686192085,1.0,S2C_43QBE_20250610_0_L2A+S2C_43QCE_20250610_0_L2A,2025-06-10
489,0.5038486749176088,1.0,S2B_43QBE_20251013_0_L2A+S2B_43QCE_20251013_0_L2A,2025-10-13,0.5190602651941097,1.0,S2C_43QBE_20251018_0_L2A+S2C_43QCE_20251018_0_L2A,2025-10-18,0.4166440165624386,1.0,S2C_43QBE_20250610_0_L2A+S2C_43QCE_20250610_0_L2A,2025-06-10
490,0.5290844829663339,1.0,S2B_43QBE_20251013_0_L2A+S2B_43QCE_20251013_0_L2A,2025-10-13,0.5172664398174448,1.0,S2C_43QBE_20251018_0_L2A+S2C_43QCE_20251018_0_L2A,2025-10-18,0.3547152532818635,1.0,S2C_43QBE_20250610_0_L2A+S2C_43QCE_20250610_0_L2A,2025-06-10
491,0.6233978326879026,1.0,S2B_43QBE_20251013_0_L2A+S2B_43QCE_20251013_0_L2A,2025-10-13,0.6069733082140245,1.0,S2C_43QBE_20251018_0_L2A+S2C_43QCE_20251018_0_L2A,2025-10-18,0.41584108161660377,1.0,S2C_43QBE_20250610_0_L2A+S2C_43QCE_20250610_0_L2A,2025-06-10
492,0.710089438403679,1.0,S2B_43QBE_20251013_0_L2A+S2B_43QCE_20251013_0_L2A,2025-10-13,0.7069658184419931,1.0,S2C_43QBE_20251018_0_L2A+S2C_43QCE_20251018_0_L2A,2025-10-18,0.60946453393953,1.0,S2C_43QBE_20250610_0_L2A+S2C_43QCE_20250610_0_L2A,2025-06-10
493,0.6939530219752823,1.0,S2B_43QBE_20251013_0_L2A+S2B_43QCE_20251013_0_L2A,2025-10-13,0.672687770344141,1.0,S2C_43QBE_20251018_0_L2A+S2C_43QCE_20251018_0_L2A,2025-10-18,0.6750550118554698,1.0,S2C_43QBE_20250610_0_L2A+S2C_43QCE_20250610_0_L2A,2025-06-10
494,0.6602287060316113,1.0,S2B_43QBE_20251013_0_L2A+S2B_43QCE_20251013_0_L2A,2025-10-13,0.6395931303122085,1.0,S2C_43QBE_20251018_0_L2A+S2C_43QCE_20251018_0_L2A,2025-10-18,0.6644886753422656,1.0,S2C_43QBE_20250610_0_L2A+S2C_43QCE_20250610_0_L2A,2025-06-10
495,0.7441526841488387,1.0,S2B_43QBE_20251013_0_L2A+S2B_43QCE_20251013_0_L2A,2025-10-13,0.7234045855290027,1.0,S2C_43QBE_20251018_0_L2A+S2C_43QCE_20251018_0_L2A,2025-10-18,0.6697116552782859,1.0,S2C_43QBE_20250610_0_L2A+S2C_43QCE_20250610_0_L2A,2025-06-10
496,0.6647274123435992,1.0,S2B_43QBE_20251013_0_L2A+S2B_43QCE_20251013_0_L2A,2025-10-13,0.662690124532767,1.0,S2C_43QBE_20251018_0_L2A+S2C_43QCE_20251018_0_L2A,2025-10-18,0.6929507861168006,1.0,S2C_43QBE_20250610_0_L2A+S2C_43QCE_20250610_0_L2A,2025-06-10
497,0.54481514681948,1.0,S2B_43QBE_20251013_0_L2A+S2B_43QCE_20251013_0_L2A,2025-10-13,0.5433859966053296,1.0,S2C_43QBE_20251018_0_L2A+S2C_43QCE_20251018_0_L2A,2025-10-18,0.3844729860264007,1.0,S2C_43QBE_20250610_0_L2A+S2C_43QCE_20250610_0_L2A,2025-06-10
498,0.49794817495462657,1.0,S2B_43QBE_20251013_0_L2A+S2B_43QCE_20251013_0_L2A,2025-10-13,0.5441272465213101,1.0,S2C_43QBE_20251018_0_L2A+S2C_43QCE_20251018_0_L2A,2025-10-18,0.4853105546501272,1.0,S2C_43QBE_20250610_0_L2A+S2C_43QCE_20250610_0_L2A,2025-06-10
499,0.3731076627445873,1.0,S2B_43QBE_20251013_0_L2A+S2B_43QCE_20251013_0_L2A,2025-10-13,0.3370625094976276,1.0,S2C_43QBE_20251018_0_L2A+S2C_43QCE_20251018_0_L2A,2025-10-18,0.3377521215006709,1.0,S2C_43QBE_20250610_0_L2A+S2C_43QCE_20250610_0_L2A,2025-06-10
500,0.5822556188321226,1.0,S2B_43QBE_20251013_0_L2A+S2B_43QCE_20251013_0_L2A,2025-10-13,0.5707473646690495,1.0,S2C_43QBE_20251018_0_L2A+S2C_43QCE_20251018_0_L2A,2025-10-18,0.5974564288182281,1.0,S2C_43QBE_20250610_0_L2A+S2C_43QCE_20250610_0_L2A,2025-06-10
501,0.6157728161811828,1.0,S2B_43QBE_20251013_0_L2A+S2B_43QCE_20251013_0_L2A,2025-10-13,0.6193910248014662,1.0,S2C_43QBE_20251018_0_L2A+S2C_43QCE_20251018_0_L2A,2025-10-18,0.33478906377156575,1.0,S2C_43QBE_20250610_0_L2A+S2C_43QCE_20250610_0_L2A,2025-06-10
502,0.6897376789630038,1.0,S2B_43QBE_20251013_0_L2A+S2B_43QCE_20251013_0_L2A,2025-10-13,0.7408679900238815,1.0,S2C_43QBE_20251018_0_L2A+S2C_43QCE_20251018_0_L2A,2025-10-18,0.32763472781019304,1.0,S2C_43QBE_20250610_0_L2A+S2C_43QCE_20250610_0_L2A,2025-06-10
503,0.3545752569368445,1.0,S2B_43QBE_20251013_0_L2A+S2B_43QCE_20251013_0_L2A,2025-10-13,0.36138398469496175,1.0,S2C_43QBE_20251018_0_L2A+S2C_43QCE_20251018_0_L2A,2025-10-18,0.4709320923129281,1.0,S2C_43QBE_20250610_0_L2A+S2C_43QCE_20250610_0_L2A,2025-06-10
504,0.42395706523764093,1.0,S2B_43QBE_20251013_0_L2A+S2B_43QCE_20251013_0_L2A,2025-10-13,0.4645214490205771,1.0,S2C_43QBE_20251018_0_L2A+S2C_43QCE_20251018_0_L2A,2025-10-18,0.35439834522025393,1.0,S2C_43QBE_20250610_0_L2A+S2C_43QCE_20250610_0_L2A,2025-06-10
505,0.38954057178644413,1.0,S2B_43QBE_20251013_0_L2A+S2B_43QCE_20251013_0_L2A,2025-10-13,0.36874189559169174,1.0,S2C_43QBE_20251018_0_L2A+S2C_43QCE_20251018_0_L2A,2025-10-18,0.3523097028309398,1.0,S2C_43QBE_20250610_0_L2A+S2C_43QCE_20250610_0_L2A,2025-06-10
506,0.41204178162983485,1.0,S2B_43QBE_20251013_0_L2A+S2B_43QCE_20251013_0_L2A,2025-10-13,0.3961796003115642,1.0,S2C_43QBE_20251018_0_L2A+S2C_43QCE_20251018_0_L2A,2025-10-18,0.35999439869608196,1.0,S2C_43QBE_20250610_0_L2A+S2C_43QCE_20250610_0_L2A,2025-06-10
507,0.3724258312187178,1.0,S2B_43QBE_20251013_0_L2A+S2B_43QCE_20251013_0_L2A,2025-10-13,0.37534823686067953,1.0,S2C_43QBE_20251018_0_L2A+S2C_43QCE_20251018_0_L2A,2025-10-18,0.42534678031607687,1.0,S2C_43QBE_20250610_0_L2A+S2C_43QCE_20250610_0_L2A,2025-06-10
508,0.43648444800618036,1.0,S2B_43QBE_20251013_0_L2A+S2B_43QCE_20251013_0_L2A,2025-10-13,0.4474463283943886,1.0,S2C_43QBE_20251018_0_L2A+S2C_43QCE_20251018_0_L2A,2025-10-18,0.4905209467039275,1.0,S2C_43QBE_20250610_0_L2A+S2C_43QCE_20250610_0_L2A,2025-06-10
509,0.4208095617762869,1.0,S2B_43QBE_20251013_0_L2A+S2B_43QCE_20251013_0_L2A,2025-10-13,0.40631728063630795,1.0,S2C_43QBE_20251018_0_L2A+S2C_43QCE_20251018_0_L2A,2025-10-18,0.36992815661449174,1.0,S2C_43QBE_20250610_0_L2A+S2C_43QCE_20250610_0_L2A,2025-06-10
510,0.7441805821149907,1.0,S2B_43QBE_20251013_0_L2A+S2B_43QCE_20251013_0_L2A,2025-10-13,0.781342077889341,1.0,S2C_43QBE_20251018_0_L2A+S2C_43QCE_20251018_0_L2A,2025-10-18,0.416317858055551,1.0,S2C_43QBE_20250610_0_L2A+S2C_43QCE_20250610_0_L2A,2025-06-10
511,0.7048015656183002,1.0,S2B_43QBE_20251013_0_L2A+S2B_43QCE_20251013_0_L2A,2025-10-13,0.6978101551838893,1.0,S2C_43QBE_20251018_0_L2A+S2C_43QCE_20251018_0_L2A,2025-10-18,0.2778917594784477,1.0,S2C_43QBE_20250610_0_L2A+S2C_43QCE_20250610_0_L2A,2025-06-10
512,0.6583742455444952,1.0,S2B_43QBE_20251013_0_L2A+S2B_43QCE_20251013_0_L2A,2025-10-13,0.687370451770565,1.0,S2C_43QBE_20251018_0_L2A+S2C_43QCE_20251018_0_L2A,2025-10-18,0.51869189226483,1.0,S2C_43QBE_20250610_0_L2A+S2C_43QCE_20250610_0_L2A,2025-06-10
513,0.5559937020954635,1.0,S2B_43QBE_20251013_0_L2A+S2B_43QCE_20251013_0_L2A,2025-10-13,0.5603435648341987,1.0,S2C_43QBE_20251018_0_L2A+S2C_43QCE_20251018_0_L2A,2025-10-18,0.41463888332257715,1.0,S2C_43QBE_20250610_0_L2A+S2C_43QCE_20250610_0_L2A,2025-06-10
514,0.6529079815846378,1.0,S2B_43QBE_20251013_0_L2A+S2B_43QCE_20251013_0_L2A,2025-10-13,0.646919978666777,1.0,S2C_43QBE_20251018_0_L2A+S2C_43QCE_20251018_0_L2A,2025-10-18,0.5660590117976154,1.0,S2C_43QBE_20250610_0_L2A+S2C_43QCE_20250610_0_L2A,2025-06-10
515,0.6416624301623068,1.0,S2B_43QBE_20251013_0_L2A+S2B_43QCE_20251013_0_L2A,2025-10-13,0.6827240034955327,1.0,S2C_43QBE_20251018_0_L2A+S2C_43QCE_20251018_0_L2A,2025-10-18,0.6139258293725401,1.0,S2C_43QBE_20250610_0_L2A+S2C_43QCE_20250610_0_L2A,2025-06-10
516,0.4385251807941684,1.0,S2B_43QBE_20251013_0_L2A+S2B_43QCE_20251013_0_L2A,2025-10-13,0.40794677462123796,1.0,S2C_43QBE_20251018_0_L2A+S2C_43QCE_20251018_0_L2A,2025-10-18,0.3807302818127257,1.0,S2C_43QBE_20250610_0_L2A+S2C_43QCE_20250610_0_L2A,2025-06-10
517,0.5903552893968608,1.0,S2B_43QBE_20251013_0_L2A+S2B_43QCE_20251013_0_L2A,2025-10-13,0.6614108522798842,1.0,S2C_43QBE_20251018_0_L2A+S2C_43QCE_20251018_0_L2A,2025-10-18,0.5437224209308624,1.0,S2C_43QBE_20250610_0_L2A+S2C_43QCE_20250610_0_L2A,2025-06-10
518,0.4310612866940129,1.0,S2B_43QBE_20251013_0_L2A+S2B_43QCE_20251013_0_L2A,2025-10-13,0.582597454072941,1.0,S2C_43QBE_20251018_0_L2A+S2C_43QCE_20251018_0_L2A,2025-10-18,0.38683027740027276,1.0,S2C_43QBE_20250610_0_L2A+S2C_43QCE_20250610_0_L2A,2025-06-10
519,0.3170203515630224,1.0,S2B_43QBE_20251013_0_L2A+S2B_43QCE_20251013_0_L2A,2025-10-13,0.35468197468416396,1.0,S2C_43QBE_20251018_0_L2A+S2C_43QCE_20251018_0_L2A,2025-10-18,0.5196744989195626,1.0,S2C_43QBE_20250610_0_L2A+S2C_43QCE_20250610_0_L2A,2025-06-10
520,0.26243955413478104,1.0,S2B_43QBE_20251013_0_L2A+S2B_43QCE_20251013_0_L2A,2025-10-13,0.2402546509018626,1.0,S2C_43QBE_20251018_0_L2A+S2C_43QCE_20251018_0_L2A,2025-10-18,0.184200511357475,1.0,S2C_43QBE_20250610_0_L2A+S2C_43QCE_20250610_0_L2A,2025-06-10
521,0.6033002028762822,1.0,S2B_43QBE_20251013_0_L2A+S2B_43QCE_20251013_0_L2A,2025-10-13,0.6158785670759311,1.0,S2C_43QBE_20251018_0_L2A+S2C_43QCE_20251018_0_L2A,2025-10-18,0.39362300305943965,1.0,S2C_43QBE_20250610_0_L2A+S2C_43QCE_20250610_0_L2A,2025-06-10
522,0.6618486059782229,1.0,S2B_43QBE_20251013_0_L2A+S2B_43QCE_20251013_0_L2A,2025-10-13,0.645579736283485,1.0,S2C_43QBE_20251018_0_L2A+S2C_43QCE_20251018_0_L2A,2025-10-18,0.4082375090853439,1.0,S2C_43QBE_20250610_0_L2A+S2C_43QCE_20250610_0_L2A,2025-06-10
523,0.5530622108771016,1.0,S2B_43QBE_20251013_0_L2A+S2B_43QCE_20251013_0_L2A,2025-10-13,0.5944904957335597,1.0,S2C_43QBE_20251018_0_L2A+S2C_43QCE_20251018_0_L2A,2025-10-18,0.5234519098989499,1.0,S2C_43QBE_20250610_0_L2A+S2C_43QCE_20250610_0_L2A,2025-06-10
524,0.3974004284241091,1.0,S2B_43QBE_20251013_0_L2A+S2B_43QCE_20251013_0_L2A,2025-10-13,0.4519655438788723,1.0,S2C_43QBE_20251018_0_L2A+S2C_43QCE_20251018_0_L2A,2025-10-18,0.282441641066309,1.0,S2C_43QBE_20250610_0_L2A+S2C_43QCE_20250610_0_L2A,2025-06-10
525,0.32645644781964883,1.0,S2B_43QBE_20251013_0_L2A+S2B_43QCE_20251013_0_L2A,2025-10-13,0.3334842606014769,1.0,S2C_43QBE_20251018_0_L2A+S2C_43QCE_20251018_0_L2A,2025-10-18,0.258352878108111,1.0,S2C_43QBE_20250610_0_L2A+S2C_43QCE_20250610_0_L2A,2025-06-10
526,0.5982425076914064,1.0,S2B_43QBE_20251013_0_L2A+S2B_43QCE_20251013_0_L2A,2025-10-13,0.6610240164529001,1.0,S2C_43QBE_20251018_0_L2A+S2C_43QCE_20251018_0_L2A,2025-10-18,0.37114218733463317,1.0,S2C_43QBE_20250610_0_L2A+S2C_43QCE_20250610_0_L2A,2025-06-10
527,0.5155031598822473,1.0,S2B_43QBE_20251013_0_L2A+S2B_43QCE_20251013_0_L2A,2025-10-13,0.45801926136518056,1.0,S2C_43QBE_20251018_0_L2A+S2C_43QCE_20251018_0_L2A,2025-10-18,0.2016315065817275,1.0,S2C_43QBE_20250610_0_L2A+S2C_43QCE_20250610_0_L2A,2025-06-10
528,0.5438468491858582,1.0,S2B_43QBE_20251013_0_L2A+S2B_43QCE_20251013_0_L2A,2025-10-13,0.5876814273243677,1.0,S2C_43QBE_20251018_0_L2A+S2C_43QCE_20251018_0_L2A,2025-10-18,0.21105444323664294,1.0,S2C_43QBE_20250610_0_L2A+S2C_43QCE_20250610_0_L2A,2025-06-10
529,0.5943960589384374,1.0,S2B_43QBE_20251013_0_L2A+S2B_43QCE_20251013_0_L2A,2025-10-13,0.6323547067104801,1.0,S2C_43QBE_20251018_0_L2A+S2C_43QCE_20251018_0_L2A,2025-10-18,0.27610522939919996,1.0,S2C_43QBE_20250610_0_L2A+S2C_43QCE_20250610_0_L2A,2025-06-10
530,0.5051575246974246,1.0,S2B_43QBE_20251013_0_L2A+S2B_43QCE_20251013_0_L2A,2025-10-13,0.6175436185170637,1.0,S2C_43QBE_20251018_0_L2A+S2C_43QCE_20251018_0_L2A,2025-10-18,0.47812532616142506,1.0,S2C_43QBE_20250610_0_L2A+S2C_43QCE_20250610_0_L2A,2025-06-10
531,0.5287007578888779,1.0,S2B_43QBE_20251013_0_L2A+S2B_43QCE_20251013_0_L2A,2025-10-13,0.6497453507387413,1.0,S2C_43QBE_20251018_0_L2A+S2C_43QCE_20251018_0_L2A,2025-10-18,0.4204391530849649,1.0,S2C_43QBE_20250610_0_L2A+S2C_43QCE_20250610_0_L2A,2025-06-10
532,0.4543663836825339,1.0,S2B_43QBE_20251013_0_L2A+S2B_43QCE_20251013_0_L2A,2025-10-13,0.4684239948252564,1.0,S2C_43QBE_20251018_0_L2A+S2C_43QCE_20251018_0_L2A,2025-10-18,0.5355700510892512,1.0,S2C_43QBE_20250610_0_L2A+S2C_43QCE_20250610_0_L2A,2025-06-10
533,0.6579649369287852,1.0,S2B_43QBE_20251013_0_L2A+S2B_43QCE_20251013_0_L2A,2025-10-13,0.672404382979237,1.0,S2C_43QBE_20251018_0_L2A+S2C_43QCE_20251018_0_L2A,2025-10-18,0.43025377941674037,1.0,S2C_43QBE_20250610_0_L2A+S2C_43QCE_20250610_0_L2A,2025-06-10
534,0.506774378845141,1.0,S2B_43QBE_20251013_0_L2A+S2B_43QCE_20251013_0_L2A,2025-10-13,0.598497818449556,1.0,S2C_43QBE_20251018_0_L2A+S2C_43QCE_20251018_0_L2A,2025-10-18,0.45909789915648735,1.0,S2C_43QBE_20250610_0_L2A+S2C_43QCE_20250610_0_L2A,2025-06-10
535,0.7119139609152637,1.0,S2B_43QBE_20251013_0_L2A+S2B_43QCE_20251013_0_L2A,2025-10-13,0.737469581137086,1.0,S2C_43QBE_20251018_0_L2A+S2C_43QCE_20251018_0_L2A,2025-10-18,0.4878291624084801,1.0,S2C_43QBE_20250610_0_L2A+S2C_43QCE_20250610_0_L2A,2025-06-10
536,0.6906838135320658,1.0,S2B_43QBE_20251013_0_L2A+S2B_43QCE_20251013_0_L2A,2025-10-13,0.7202661286596317,1.0,S2C_43QBE_20251018_0_L2A+S2C_43QCE_20251018_0_L2A,2025-10-18,0.6211029620799221,1.0,S2C_43QBE_20250610_0_L2A+S2C_43QCE_20250610_0_L2A,2025-06-10
537,0.6846632606937957,1.0,S2B_43QBE_20251013_0_L2A+S2B_43QCE_20251013_0_L2A,2025-10-13,0.7133010133172115,1.0,S2C_43QBE_20251018_0_L2A+S2C_43QCE_20251018_0_L2A,2025-10-18,0.6250589632083406,1.0,S2C_43QBE_20250610_0_L2A+S2C_43QCE_20250610_0_L2A,2025-06-10
538,0.7326545471494849,1.0,S2B_43QBE_20251013_0_L2A+S2B_43QCE_20251013_0_L2A,2025-10-13,0.7559641403230754,1.0,S2C_43QBE_20251018_0_L2A+S2C_43QCE_20251018_0_L2A,2025-10-18,0.5054580371996219,1.0,S2C_43QBE_20250610_0_L2A+S2C_43QCE_20250610_0_L2A,2025-06-10
539,0.6594768881245896,1.0,S2B_43QBE_20251013_0_L2A+S2B_43QCE_20251013_0_L2A,2025-10-13,0.7059934471768362,1.0,S2C_43QBE_20251018_0_L2A+S2C_43QCE_20251018_0_L2A,2025-10-18,0.4938211936365675,1.0,S2C_43QBE_20250610_0_L2A+S2C_43QCE_20250610_0_L2A,2025-06-10
540,0.4559691193047911,1.0,S2B_43QBE_20251013_0_L2A+S2B_43QCE_20251013_0_L2A,2025-10-13,0.5037007234990597,1.0,S2C_43QBE_20251018_0_L2A+S2C_43QCE_20251018_0_L2A,2025-10-18,0.5300984510686249,1.0,S2C_43QBE_20250610_0_L2A+S2C_43QCE_20250610_0_L2A,2025-06-10
541,0.5293765693123258,1.0,S2B_43QBE_20251013_0_L2A+S2B_43QCE_20251013_0_L2A,2025-10-13,0.6523879540347776,1.0,S2C_43QBE_20251018_0_L2A+S2C_43QCE_20251018_0_L2A,2025-10-18,0.4742711470570675,1.0,S2C_43QBE_20250610_0_L2A+S2C_43QCE_20250610_0_L2A,2025-06-10
542,0.6468120021308028,1.0,S2B_43QBE_20251013_0_L2A+S2B_43QCE_20251013_0_L2A,2025-10-13,0.680567472333076,1.0,S2C_43QBE_20251018_0_L2A+S2C_43QCE_20251018_0_L2A,2025-10-18,0.5857996694993652,1.0,S2C_43QBE_20250610_0_L2A+S2C_43QCE_20250610_0_L2A,2025-06-10
543,0.6148342029953122,1.0,S2B_43QBE_20251013_0_L2A+S2B_43QCE_20251013_0_L2A,2025-10-13,0.6295704964394873,1.0,S2C_43QBE_20251018_0_L2A+S2C_43QCE_20251018_0_L2A,2025-10-18,0.5341903715023536,1.0,S2C_43QBE_20250610_0_L2A+S2C_43QCE_20250610_0_L2A,2025-06-10
544,0.3332692639146005,1.0,S2B_43QBE_20251013_0_L2A+S2B_43QCE_20251013_0_L2A,2025-10-13,0.28343743459668136,1.0,S2C_43QBE_20251018_0_L2A+S2C_43QCE_20251018_0_L2A,2025-10-18,0.6199646742916138,1.0,S2C_43QBE_20250610_0_L2A+S2C_43QCE_20250610_0_L2A,2025-06-10
545,0.2622763404923734,1.0,S2B_43QBE_20251013_0_L2A+S2B_43QCE_20251013_0_L2A,2025-10-13,0.2491700449106463,1.0,S2C_43QBE_20251018_0_L2A+S2C_43QCE_20251018_0_L2A,2025-10-18,0.47853013465748573,1.0,S2C_43QBE_20250610_0_L2A+S2C_43QCE_20250610_0_L2A,2025-06-10
546,0.8240094229446117,1.0,S2B_43QBE_20251013_0_L2A+S2B_43QCE_20251013_0_L2A,2025-10-13,0.8610489524321638,1.0,S2C_43QBE_20251018_0_L2A+S2C_43QCE_20251018_0_L2A,2025-10-18,0.34753627953839294,1.0,S2C_43QBE_20250610_0_L2A+S2C_43QCE_20250610_0_L2A,2025-06-10
547,0.3404860170324796,1.0,S2B_43QBE_20251013_0_L2A+S2B_43QCE_20251013_0_L2A,2025-10-13,0.3097445366859523,1.0,S2C_43QBE_20251018_0_L2A+S2C_43QCE_20251018_0_L2A,2025-10-18,0.19197669980305382,1.0,S2C_43QBE_20250610_0_L2A+S2C_43QCE_20250610_0_L2A,2025-06-10
548,0.29034490684001285,1.0,S2B_43QBE_20251013_0_L2A+S2B_43QCE_20251013_0_L2A,2025-10-13,0.303108064980852,1.0,S2C_43QBE_20251018_0_L2A+S2C_43QCE_20251018_0_L2A,2025-10-18,0.18806156952593514,1.0,S2C_43QBE_20250610_0_L2A+S2C_43QCE_20250610_0_L2A,2025-06-10
549,0.6865241611497053,1.0,S2B_43QBE_20251013_0_L2A+S2B_43QCE_20251013_0_L2A,2025-10-13,0.6915752360176154,1.0,S2C_43QBE_20251018_0_L2A+S2C_43QCE_20251018_0_L2A,2025-10-18,0.6168384676043378,1.0,S2C_43QBE_20250610_0_L2A+S2C_43QCE_20250610_0_L2A,2025-06-10
550,0.35876434494782905,1.0,S2B_43QBE_20251013_0_L2A+S2B_43QCE_20251013_0_L2A,2025-10-13,0.32002192690684156,1.0,S2C_43QBE_20251018_0_L2A+S2C_43QCE_20251018_0_L2A,2025-10-18,0.36582460748235984,1.0,S2C_43QBE_20250610_0_L2A+S2C_43QCE_20250610_0_L2A,2025-06-10
551,0.36484637531492936,1.0,S2B_43QBE_20251013_0_L2A+S2B_43QCE_20251013_0_L2A,2025-10-13,0.37040132853474067,1.0,S2C_43QBE_20251018_0_L2A+S2C_43QCE_20251018_0_L2A,2025-10-18,0.5873180382812291,1.0,S2C_43QBE_20250610_0_L2A+S2C_43QCE_20250610_0_L2A,2025-06-10
552,0.2783101249140804,1.0,S2B_43QBE_20251013_0_L2A+S2B_43QCE_20251013_0_L2A,2025-10-13,0.26030804123192824,1.0,S2C_43QBE_20251018_0_L2A+S2C_43QCE_20251018_0_L2A,2025-10-18,0.3956964374712589,1.0,S2C_43QBE_20250610_0_L2A+S2C_43QCE_20250610_0_L2A,2025-06-10
553,0.2640097527148282,1.0,S2B_43QBE_20251013_0_L2A+S2B_43QCE_20251013_0_L2A,2025-10-13,0.23077257403955925,1.0,S2C_43QBE_20251018_0_L2A+S2C_43QCE_20251018_0_L2A,2025-10-18,0.4414280595944515,1.0,S2C_43QBE_20250610_0_L2A+S2C_43QCE_20250610_0_L2A,2025-06-10
554,0.2761893810455153,1.0,S2B_43QBE_20251013_0_L2A+S2B_43QCE_20251013_0_L2A,2025-10-13,0.2609442729975969,1.0,S2C_43QBE_20251018_0_L2A+S2C_43QCE_20251018_0_L2A,2025-10-18,0.3429470014021375,1.0,S2C_43QBE_20250610_0_L2A+S2C_43QCE_20250610_0_L2A,2025-06-10
555,0.33485281187613225,1.0,S2B_43QBE_20251013_0_L2A+S2B_43QCE_20251013_0_L2A,2025-10-13,0.352978028567014,1.0,S2C_43QBE_20251018_0_L2A+S2C_43QCE_20251018_0_L2A,2025-10-18,0.3147304194798549,1.0,S2C_43QBE_20250610_0_L2A+S2C_43QCE_20250610_0_L2A,2025-06-10
556,0.6123817888888352,1.0,S2B_43QBE_20251013_0_L2A+S2B_43QCE_20251013_0_L2A,2025-10-13,0.6161704560120901,1.0,S2C_43QBE_20251018_0_L2A+S2C_43QCE_20251018_0_L2A,2025-10-18,0.4828360570197899,1.0,S2C_43QBE_20250610_0_L2A+S2C_43QCE_20250610_0_L2A,2025-06-10
557,0.6457212766879922,1.0,S2B_43QBE_20251013_0_L2A+S2B_43QCE_20251013_0_L2A,2025-10-13,0.6503022585871753,1.0,S2C_43QBE_20251018_0_L2A+S2C_43QCE_20251018_0_L2A,2025-10-18,0.48274534691932736,1.0,S2C_43QBE_20250610_0_L2A+S2C_43QCE_20250610_0_L2A,2025-06-10
558,0.42419730654848714,1.0,S2B_43QBE_20251013_0_L2A+S2B_43QCE_20251013_0_L2A,2025-10-13,0.25401983578763015,1.0,S2C_43QBE_20251018_0_L2A+S2C_43QCE_20251018_0_L2A,2025-10-18,0.6483579232297847,1.0,S2C_43QBE_20250610_0_L2A+S2C_43QCE_20250610_0_L2A,2025-06-10
559,0.2823557080450544,1.0,S2B_43QBE_20251013_0_L2A+S2B_43QCE_20251013_0_L2A,2025-10-13,0.26280976519258864,1.0,S2C_43QBE_20251018_0_L2A+S2C_43QCE_20251018_0_L2A,2025-10-18,0.6523319356996168,1.0,S2C_43QBE_20250610_0_L2A+S2C_43QCE_20250610_0_L2A,2025-06-10
560,0.3457710641238456,1.0,S2B_43QBE_20251013_0_L2A+S2B_43QCE_20251013_0_L2A,2025-10-13,0.34125142935024,1.0,S2C_43QBE_20251018_0_L2A+S2C_43QCE_20251018_0_L2A,2025-10-18,0.42861933316553275,1.0,S2C_43QBE_20250610_0_L2A+S2C_43QCE_20250610_0_L2A,2025-06-10
561,0.3119104650825183,1.0,S2B_43QBE_20251013_0_L2A+S2B_43QCE_20251013_0_L2A,2025-10-13,0.2941853841445,1.0,S2C_43QBE_20251018_0_L2A+S2C_43QCE_20251018_0_L2A,2025-10-18,0.5783374280502989,1.0,S2C_43QBE_20250610_0_L2A+S2C_43QCE_20250610_0_L2A,2025-06-10
562,0.44717304812622477,1.0,S2B_43QBE_20251013_0_L2A+S2B_43QCE_20251013_0_L2A,2025-10-13,0.5174703271251017,1.0,S2C_43QBE_20251018_0_L2A+S2C_43QCE_20251018_0_L2A,2025-10-18,0.3369934402589885,1.0,S2C_43QBE_20250610_0_L2A+S2C_43QCE_20250610_0_L2A,2025-06-10
563,0.40084168166276113,1.0,S2B_43QBE_20251013_0_L2A+S2B_43QCE_20251013_0_L2A,2025-10-13,0.5939013593766015,1.0,S2C_43QBE_20251018_0_L2A+S2C_43QCE_20251018_0_L2A,2025-10-18,0.5527181897020397,1.0,S2C_43QBE_20250610_0_L2A+S2C_43QCE_20250610_0_L2A,2025-06-10
564,0.6347161038271646,1.0,S2B_43QBE_20251013_0_L2A+S2B_43QCE_20251013_0_L2A,2025-10-13,0.6785259177815371,1.0,S2C_43QBE_20251018_0_L2A+S2C_43QCE_20251018_0_L2A,2025-10-18,0.4885400950326837,1.0,S2C_43QBE_20250610_0_L2A+S2C_43QCE_20250610_0_L2A,2025-06-10
565,0.6296657770700641,1.0,S2B_43QBE_20251013_0_L2A+S2B_43QCE_20251013_0_L2A,2025-10-13,0.6612607756816065,1.0,S2C_43QBE_20251018_0_L2A+S2C_43QCE_20251018_0_L2A,2025-10-18,0.6019047959970248,1.0,S2C_43QBE_20250610_0_L2A+S2C_43QCE_20250610_0_L2A,2025-06-10
566,0.4208800665068726,1.0,S2B_43QBE_20251013_0_L2A+S2B_43QCE_20251013_0_L2A,2025-10-13,0.48445045654573277,1.0,S2C_43QBE_20251018_0_L2A+S2C_43QCE_20251018_0_L2A,2025-10-18,0.3903067737499393,1.0,S2C_43QBE_20250610_0_L2A+S2C_43QCE_20250610_0_L2A,2025-06-10
567,0.5684812032216843,1.0,S2B_43QBE_20251013_0_L2A+S2B_43QCE_20251013_0_L2A,2025-10-13,0.4615299181026571,1.0,S2C_43QBE_20251018_0_L2A+S2C_43QCE_20251018_0_L2A,2025-10-18,0.5255416532142243,1.0,S2C_43QBE_20250610_0_L2A+S2C_43QCE_20250610_0_L2A,2025-06-10
568,0.600202890950213,1.0,S2B_43QBE_20251013_0_L2A+S2B_43QCE_20251013_0_L2A,2025-10-13,0.5709635538246989,1.0,S2C_43QBE_20251018_0_L2A+S2C_43QCE_20251018_0_L2A,2025-10-18,0.6412609469807522,1.0,S2C_43QBE_20250610_0_L2A+S2C_43QCE_20250610_0_L2A,2025-06-10
569,0.4908152582164229,1.0,S2B_43QBE_20251013_0_L2A+S2B_43QCE_20251013_0_L2A,2025-10-13,0.30500259172073657,1.0,S2C_43QBE_20251018_0_L2A+S2C_43QCE_20251018_0_L2A,2025-10-18,0.42252330642061875,1.0,S2C_43QBE_20250610_0_L2A+S2C_43QCE_20250610_0_L2A,2025-06-10
570,0.7655588093205828,1.0,S2B_43QBE_20251013_0_L2A+S2B_43QCE_20251013_0_L2A,2025-10-13,0.787817765518301,1.0,S2C_43QBE_20251018_0_L2A+S2C_43QCE_20251018_0_L2A,2025-10-18,0.5665220112844154,1.0,S2C_43QBE_20250610_0_L2A+S2C_43QCE_20250610_0_L2A,2025-06-10
571,0.38361668469452,1.0,S2B_43QBE_20251013_0_L2A+S2B_43QCE_20251013_0_L2A,2025-10-13,0.41321775387334997,1.0,S2C_43QBE_20251018_0_L2A+S2C_43QCE_20251018_0_L2A,2025-10-18,0.23116163066317416,1.0,S2C_43QBE_20250610_0_L2A+S2C_43QCE_20250610_0_L2A,2025-06-10
572,0.32103940352843546,1.0,S2B_43QBE_20251013_0_L2A+S2B_43QCE_20251013_0_L2A,2025-10-13,0.3157307660420081,1.0,S2C_43QBE_20251018_0_L2A+S2C_43QCE_20251018_0_L2A,2025-10-18,0.5192109460565506,1.0,S2C_43QBE_20250610_0_L2A+S2C_43QCE_20250610_0_L2A,2025-06-10
573,0.4548670445852564,1.0,S2B_43QBE_20251013_0_L2A+S2B_43QCE_20251013_0_L2A,2025-10-13,0.4718930979827146,1.0,S2C_43QBE_20251018_0_L2A+S2C_43QCE_20251018_0_L2A,2025-10-18,0.2332892436586846,1.0,S2C_43QBE_20250610_0_L2A+S2C_43QCE_20250610_0_L2A,2025-06-10
574,0.627972843518018,1.0,S2B_43QBE_20251013_0_L2A+S2B_43QCE_20251013_0_L2A,2025-10-13,0.5800789352088651,1.0,S2C_43QBE_20251018_0_L2A+S2C_43QCE_20251018_0_L2A,2025-10-18,0.624899354853097,1.0,S2C_43QBE_20250610_0_L2A+S2C_43QCE_20250610_0_L2A,2025-06-10
575,0.5227751249726448,1.0,S2B_43QBE_20251013_0_L2A+S2B_43QCE_20251013_0_L2A,2025-10-13,0.3546297812131071,1.0,S2C_43QBE_20251018_0_L2A+S2C_43QCE_20251018_0_L2A,2025-10-18,0.4306311515619213,1.0,S2C_43QBE_20250610_0_L2A+S2C_43QCE_20250610_0_L2A,2025-06-10
576,0.5987983251872816,1.0,S2B_43QBE_20251013_0_L2A+S2B_43QCE_20251013_0_L2A,2025-10-13,0.6079091558779093,1.0,S2C_43QBE_20251018_0_L2A+S2C_43QCE_20251018_0_L2A,2025-10-18,0.4821937122291192,1.0,S2C_43QBE_20250610_0_L2A+S2C_43QCE_20250610_0_L2A,2025-06-10
577,0.6514497730754749,1.0,S2B_43QBE_20251013_0_L2A+S2B_43QCE_20251013_0_L2A,2025-10-13,0.673770578916336,1.0,S2C_43QBE_20251018_0_L2A+S2C_43QCE_20251018_0_L2A,2025-10-18,0.4624870136755638,1.0,S2C_43QBE_20250610_0_L2A+S2C_43QCE_20250610_0_L2A,2025-06-10
578,0.2817298681660453,1.0,S2B_43QBE_20251013_0_L2A+S2B_43QCE_20251013_0_L2A,2025-10-13,0.296958087289587,1.0,S2C_43QBE_20251018_0_L2A+S2C_43QCE_20251018_0_L2A,2025-10-18,0.6098605113708786,1.0,S2C_43QBE_20250610_0_L2A+S2C_43QCE_20250610_0_L2A,2025-06-10
579,0.2561759624999835,1.0,S2B_43QBE_20251013_0_L2A+S2B_43QCE_20251013_0_L2A,2025-10-13,0.24812979778999603,1.0,S2C_43QBE_20251018_0_L2A+S2C_43QCE_20251018_0_L2A,2025-10-18,0.6599463190189838,1.0,S2C_43QBE_20250610_0_L2A+S2C_43QCE_20250610_0_L2A,2025-06-10
580,0.31741642519310986,1.0,S2B_43QBE_20251013_0_L2A+S2B_43QCE_20251013_0_L2A,2025-10-13,0.333285216905313,1.0,S2C_43QBE_20251018_0_L2A+S2C_43QCE_20251018_0_L2A,2025-10-18,0.5703915706192594,1.0,S2C_43QBE_20250610_0_L2A+S2C_43QCE_20250610_0_L2A,2025-06-10
581,0.5466398060923875,1.0,S2B_43QBE_20251013_0_L2A+S2B_43QCE_20251013_0_L2A,2025-10-13,0.6825663639231069,1.0,S2C_43QBE_20251018_0_L2A+S2C_43QCE_20251018_0_L2A,2025-10-18,0.5952696136337153,1.0,S2C_43QBE_20250610_0_L2A+S2C_43QCE_20250610_0_L2A,2025-06-10
582,0.6887461813396919,1.0,S2B_43QBE_20251013_0_L2A+S2B_43QCE_20251013_0_L2A,2025-10-13,0.6890502822965021,1.0,S2C_43QBE_20251018_0_L2A+S2C_43QCE_20251018_0_L2A,2025-10-18,0.6902749457397663,1.0,S2C_43QBE_20250610_0_L2A+S2C_43QCE_20250610_0_L2A,2025-06-10
583,0.6055368351814441,1.0,S2B_43QBE_20251013_0_L2A+S2B_43QCE_20251013_0_L2A,2025-10-13,0.5382831236938663,1.0,S2C_43QBE_20251018_0_L2A+S2C_43QCE_20251018_0_L2A,2025-10-18,0.2686504119500118,1.0,S2C_43QBE_20250610_0_L2A+S2C_43QCE_20250610_0_L2A,2025-06-10
584,0.3027555115416377,1.0,S2B_43QBE_20251013_0_L2A+S2B_43QCE_20251013_0_L2A,2025-10-13,0.3130221101277983,1.0,S2C_43QBE_20251018_0_L2A+S2C_43QCE_20251018_0_L2A,2025-10-18,0.6497442057210577,1.0,S2C_43QBE_20250610_0_L2A+S2C_43QCE_20250610_0_L2A,2025-06-10
585,0.503849140445116,1.0,S2B_43QBE_20251013_0_L2A+S2B_43QCE_20251013_0_L2A,2025-10-13,0.4688907402859365,1.0,S2C_43QBE_20251018_0_L2A+S2C_43QCE_20251018_0_L2A,2025-10-18,0.6430709050011874,1.0,S2C_43QBE_20250610_0_L2A+S2C_43QCE_20250610_0_L2A,2025-06-10
586,0.5154971411916054,1.0,S2B_43QBE_20251013_0_L2A+S2B_43QCE_20251013_0_L2A,2025-10-13,0.34179615365023036,1.0,S2C_43QBE_20251018_0_L2A+S2C_43QCE_20251018_0_L2A,2025-10-18,0.3389791920850702,1.0,S2C_43QBE_20250610_0_L2A+S2C_43QCE_20250610_0_L2A,2025-06-10
587,0.720751314108637,1.0,S2B_43QBE_20251013_0_L2A+S2B_43QCE_20251013_0_L2A,2025-10-13,0.7014622705229268,1.0,S2C_43QBE_20251018_0_L2A+S2C_43QCE_20251018_0_L2A,2025-10-18,0.4624292842967358,1.0,S2C_43QBE_20250610_0_L2A+S2C_43QCE_20250610_0_L2A,2025-06-10
588,0.5780614633445503,1.0,S2B_43QBE_20251013_0_L2A+S2B_43QCE_20251013_0_L2A,2025-10-13,0.6964923033333269,1.0,S2C_43QBE_20251018_0_L2A+S2C_43QCE_20251018_0_L2A,2025-10-18,0.5603693459180088,1.0,S2C_43QBE_20250610_0_L2A+S2C_43QCE_20250610_0_L2A,2025-06-10
589,0.6652247719466686,1.0,S2B_43QBE_20251013_0_L2A+S2B_43QCE_20251013_0_L2A,2025-10-13,0.6694000117919024,1.0,S2C_43QBE_20251018_0_L2A+S2C_43QCE_20251018_0_L2A,2025-10-18,0.5122172037029967,1.0,S2C_43QBE_20250610_0_L2A+S2C_43QCE_20250610_0_L2A,2025-06-10
590,0.5931200712313273,1.0,S2B_43QBE_20251013_0_L2A+S2B_43QCE_20251013_0_L2A,2025-10-13,0.5625893454069131,1.0,S2C_43QBE_20251018_0_L2A+S2C_43QCE_20251018_0_L2A,2025-10-18,0.5253124781324771,1.0,S2C_43QBE_20250610_0_L2A+S2C_43QCE_20250610_0_L2A,2025-06-10
591,0.647655917827547,1.0,S2B_43QBE_20251013_0_L2A+S2B_43QCE_20251013_0_L2A,2025-10-13,0.6619675880705816,1.0,S2C_43QBE_20251018_0_L2A+S2C_43QCE_20251018_0_L2A,2025-10-18,0.5270716240023368,1.0,S2C_43QBE_20250610_0_L2A+S2C_43QCE_20250610_0_L2A,2025-06-10
592,0.352592961809194,1.0,S2B_43QBE_20251013_0_L2A+S2B_43QCE_20251013_0_L2A,2025-10-13,0.30910132245794725,1.0,S2C_43QBE_20251018_0_L2A+S2C_43QCE_20251018_0_L2A,2025-10-18,0.24910990680425396,1.0,S2C_43QBE_20250610_0_L2A+S2C_43QCE_20250610_0_L2A,2025-06-10
593,0.3743937528402867,1.0,S2B_43QBE_20251013_0_L2A+S2B_43QCE_20251013_0_L2A,2025-10-13,0.4330460734785457,1.0,S2C_43QBE_20251018_0_L2A+S2C_43QCE_20251018_0_L2A,2025-10-18,0.20526304837039464,1.0,S2C_43QBE_20250610_0_L2A+S2C_43QCE_20250610_0_L2A,2025-06-10
594,0.7563407290981062,1.0,S2B_43QBE_20251013_0_L2A+S2B_43QCE_20251013_0_L2A,2025-10-13,0.7880702262927062,1.0,S2C_43QBE_20251018_0_L2A+S2C_43QCE_20251018_0_L2A,2025-10-18,0.5154858696515914,1.0,S2C_43QBE_20250610_0_L2A+S2C_43QCE_20250610_0_L2A,2025-06-10
595,0.5465073256085994,1.0,S2B_43QBE_20251013_0_L2A+S2B_43QCE_20251013_0_L2A,2025-10-13,0.5058034912347285,1.0,S2C_43QBE_20251018_0_L2A+S2C_43QCE_20251018_0_L2A,2025-10-18,0.6436692858403451,1.0,S2C_43QBE_20250610_0_L2A+S2C_43QCE_20250610_0_L2A,2025-06-10
596,0.3881402976503979,1.0,S2B_43QBE_20251013_0_L2A+S2B_43QCE_20251013_0_L2A,2025-10-13,0.3526051953193103,1.0,S2C_43QBE_20251018_0_L2A+S2C_43QCE_20251018_0_L2A,2025-10-18,0.682851113875707,1.0,S2C_43QBE_20250610_0_L2A+S2C_43QCE_20250610_0_L2A,2025-06-10
597,0.2854695757334872,1.0,S2B_43QBE_20251013_0_L2A+S2B_43QCE_20251013_0_L2A,2025-10-13,0.24587653261618966,1.0,S2C_43QBE_20251018_0_L2A+S2C_43QCE_20251018_0_L2A,2025-10-18,0.2843909883664308,1.0,S2C_43QBE_20250610_0_L2A+S2C_43QCE_20250610_0_L2A,2025-06-10
598,0.44071726248278253,1.0,S2B_43QBE_20251013_0_L2A+S2B_43QCE_20251013_0_L2A,2025-10-13,0.41590760709249486,1.0,S2C_43QBE_20251018_0_L2A+S2C_43QCE_20251018_0_L2A,2025-10-18,0.41213618804923974,1.0,S2C_43QBE_20250610_0_L2A+S2C_43QCE_20250610_0_L2A,2025-06-10
599,0.518553114043544,1.0,S2B_43QBE_20251013_0_L2A+S2B_43QCE_20251013_0_L2A,2025-10-13,0.5078305359635947,1.0,S2C_43QBE_20251018_0_L2A+S2C_43QCE_20251018_0_L2A,2025-10-18,0.36603217082851713,1.0,S2C_43QBE_20250610_0_L2A+S2C_43QCE_20250610_0_L2A,2025-06-10
600,0.6181064039781221,1.0,S2B_43QBE_20251013_0_L2A+S2B_43QCE_20251013_0_L2A,2025-10-13,0.4923421948686934,1.0,S2C_43QBE_20251018_0_L2A+S2C_43QCE_20251018_0_L2A,2025-10-18,0.4027910759552562,1.0,S2C_43QBE_20250610_0_L2A+S2C_43QCE_20250610_0_L2A,2025-06-10
601,0.48655806086243364,1.0,S2B_43QBE_20251013_0_L2A+S2B_43QCE_20251013_0_L2A,2025-10-13,0.5387170738694625,1.0,S2C_43QBE_20251018_0_L2A+S2C_43QCE_20251018_0_L2A,2025-10-18,0.34641164205052066,1.0,S2C_43QBE_20250610_0_L2A+S2C_43QCE_20250610_0_L2A,2025-06-10
602,0.6008645214215673,1.0,S2B_43QBE_20251013_0_L2A+S2B_43QCE_20251013_0_L2A,2025-10-13,0.6162664715087776,1.0,S2C_43QBE_20251018_0_L2A+S2C_43QCE_20251018_0_L2A,2025-10-18,0.46998172221761764,1.0,S2C_43QBE_20250610_0_L2A+S2C_43QCE_20250610_0_L2A,2025-06-10
603,0.5495539136389469,1.0,S2B_43QBE_20251013_0_L2A+S2B_43QCE_20251013_0_L2A,2025-10-13,0.5622545994342641,1.0,S2C_43QBE_20251018_0_L2A+S2C_43QCE_20251018_0_L2A,2025-10-18,0.3861309324807309,1.0,S2C_43QBE_20250610_0_L2A+S2C_43QCE_20250610_0_L2A,2025-06-10
604,0.6129896139460892,1.0,S2B_43QBE_20251013_0_L2A+S2B_43QCE_20251013_0_L2A,2025-10-13,0.6234121872169797,1.0,S2C_43QBE_20251018_0_L2A+S2C_43QCE_20251018_0_L2A,2025-10-18,0.4095100800249031,1.0,S2C_43QBE_20250610_0_L2A+S2C_43QCE_20250610_0_L2A,2025-06-10
605,0.671611323434874,1.0,S2B_43QBE_20251013_0_L2A+S2B_43QCE_20251013_0_L2A,2025-10-13,0.4716450534041784,1.0,S2C_43QBE_20251018_0_L2A+S2C_43QCE_20251018_0_L2A,2025-10-18,0.563013431490273,1.0,S2C_43QBE_20250610_0_L2A+S2C_43QCE_20250610_0_L2A,2025-06-10
606,0.3815476611004037,1.0,S2B_43QBE_20251013_0_L2A+S2B_43QCE_20251013_0_L2A,2025-10-13,0.3798771167710676,1.0,S2C_43QBE_20251018_0_L2A+S2C_43QCE_20251018_0_L2A,2025-10-18,0.6294590535052752,1.0,S2C_43QBE_20250610_0_L2A+S2C_43QCE_20250610_0_L2A,2025-06-10
607,0.7385874394886791,1.0,S2B_43QBE_20251013_0_L2A+S2B_43QCE_20251013_0_L2A,2025-10-13,0.7077808786219302,1.0,S2C_43QBE_20251018_0_L2A+S2C_43QCE_20251018_0_L2A,2025-10-18,0.3563889755775182,1.0,S2C_43QBE_20250610_0_L2A+S2C_43QCE_20250610_0_L2A,2025-06-10
608,0.6381150026399028,1.0,S2B_43QBE_20251013_0_L2A+S2B_43QCE_20251013_0_L2A,2025-10-13,0.6378944264981904,1.0,S2C_43QBE_20251018_0_L2A+S2C_43QCE_20251018_0_L2A,2025-10-18,0.4918102922586372,1.0,S2C_43QBE_20250610_0_L2A+S2C_43QCE_20250610_0_L2A,2025-06-10
609,0.6541603073716801,1.0,S2B_43QBE_20251013_0_L2A+S2B_43QCE_20251013_0_L2A,2025-10-13,0.688538301357611,1.0,S2C_43QBE_20251018_0_L2A+S2C_43QCE_20251018_0_L2A,2025-10-18,0.4043049311892872,1.0,S2C_43QBE_20250610_0_L2A+S2C_43QCE_20250610_0_L2A,2025-06-10
610,0.6592589368337628,1.0,S2B_43QBE_20251013_0_L2A+S2B_43QCE_20251013_0_L2A,2025-10-13,0.6940377299413468,1.0,S2C_43QBE_20251018_0_L2A+S2C_43QCE_20251018_0_L2A,2025-10-18,0.4714695610885555,1.0,S2C_43QBE_20250610_0_L2A+S2C_43QCE_20250610_0_L2A,2025-06-10
611,0.7223072178994667,1.0,S2B_43QBE_20251013_0_L2A+S2B_43QCE_20251013_0_L2A,2025-10-13,0.7359153951975898,1.0,S2C_43QBE_20251018_0_L2A+S2C_43QCE_20251018_0_L2A,2025-10-18,0.4137026215951467,1.0,S2C_43QBE_20250610_0_L2A+S2C_43QCE_20250610_0_L2A,2025-06-10
612,0.6824405496474826,1.0,S2B_43QBE_20251013_0_L2A+S2B_43QCE_20251013_0_L2A,2025-10-13,0.7403881854186526,1.0,S2C_43QBE_20251018_0_L2A+S2C_43QCE_20251018_0_L2A,2025-10-18,0.4625285849412122,1.0,S2C_43QBE_20250610_0_L2A+S2C_43QCE_20250610_0_L2A,2025-06-10
613,0.6201243372346861,1.0,S2B_43QBE_20251013_0_L2A+S2B_43QCE_20251013_0_L2A,2025-10-13,0.5375140586898015,1.0,S2C_43QBE_20251018_0_L2A+S2C_43QCE_20251018_0_L2A,2025-10-18,0.46881183299199075,1.0,S2C_43QBE_20250610_0_L2A+S2C_43QCE_20250610_0_L2A,2025-06-10
614,0.7021338498351302,1.0,S2B_43QBE_20251013_0_L2A+S2B_43QCE_20251013_0_L2A,2025-10-13,0.7008383063260455,1.0,S2C_43QBE_20251018_0_L2A+S2C_43QCE_20251018_0_L2A,2025-10-18,0.4096116525694894,1.0,S2C_43QBE_20250610_0_L2A+S2C_43QCE_20250610_0_L2A,2025-06-10
615,0.7642938016581191,1.0,S2B_43QBE_20251013_0_L2A+S2B_43QCE_20251013_0_L2A,2025-10-13,0.7493837520088842,1.0,S2C_43QBE_20251018_0_L2A+S2C_43QCE_20251018_0_L2A,2025-10-18,0.6444551949068351,1.0,S2C_43QBE_20250610_0_L2A+S2C_43QCE_20250610_0_L2A,2025-06-10
616,0.3771874931406227,1.0,S2B_43QBE_20251013_0_L2A+S2B_43QCE_20251013_0_L2A,2025-10-13,0.46138733278889216,1.0,S2C_43QBE_20251018_0_L2A+S2C_43QCE_20251018_0_L2A,2025-10-18,0.33552872663771816,1.0,S2C_43QBE_20250610_0_L2A+S2C_43QCE_20250610_0_L2A,2025-06-10
617,0.6376400827235125,1.0,S2B_43QBE_20251013_0_L2A+S2B_43QCE_20251013_0_L2A,2025-10-13,0.613051274404751,1.0,S2C_43QBE_20251018_0_L2A+S2C_43QCE_20251018_0_L2A,2025-10-18,0.6081326895154368,1.0,S2C_43QBE_20250610_0_L2A+S2C_43QCE_20250610_0_L2A,2025-06-10
618,0.5997770460081535,1.0,S2B_43QBE_20251013_0_L2A+S2B_43QCE_20251013_0_L2A,2025-10-13,0.5535484816521729,1.0,S2C_43QBE_20251018_0_L2A+S2C_43QCE_20251018_0_L2A,2025-10-18,0.4120104253834747,1.0,S2C_43QBE_20250610_0_L2A+S2C_43QCE_20250610_0_L2A,2025-06-10
619,0.4746577499164949,1.0,S2B_43QBE_20251013_0_L2A+S2B_43QCE_20251013_0_L2A,2025-10-13,0.5068802418116771,1.0,S2C_43QBE_20251018_0_L2A+S2C_43QCE_20251018_0_L2A,2025-10-18,0.6377220968930692,1.0,S2C_43QBE_20250610_0_L2A+S2C_43QCE_20250610_0_L2A,2025-06-10
620,0.40937708695819475,1.0,S2B_43QBE_20251013_0_L2A+S2B_43QCE_20251013_0_L2A,2025-10-13,0.38995582913786037,1.0,S2C_43QBE_20251018_0_L2A+S2C_43QCE_20251018_0_L2A,2025-10-18,0.49777722230594085,1.0,S2C_43QBE_20250610_0_L2A+S2C_43QCE_20250610_0_L2A,2025-06-10
621,0.5159899399597578,1.0,S2B_43QBE_20251013_0_L2A+S2B_43QCE_20251013_0_L2A,2025-10-13,0.4001184472718702,1.0,S2C_43QBE_20251018_0_L2A+S2C_43QCE_20251018_0_L2A,2025-10-18,0.5419130437992274,1.0,S2C_43QBE_20250610_0_L2A+S2C_43QCE_20250610_0_L2A,2025-06-10
622,0.3093158538282162,1.0,S2B_43QBE_20251013_0_L2A+S2B_43QCE_20251013_0_L2A,2025-10-13,0.2805326938009247,1.0,S2C_43QBE_20251018_0_L2A+S2C_43QCE_20251018_0_L2A,2025-10-18,0.3255939328666745,1.0,S2C_43QBE_20250610_0_L2A+S2C_43QCE_20250610_0_L2A,2025-06-10
623,0.46790887505583284,1.0,S2B_43QBE_20251013_0_L2A+S2B_43QCE_20251013_0_L2A,2025-10-13,0.44824861301422436,1.0,S2C_43QBE_20251018_0_L2A+S2C_43QCE_20251018_0_L2A,2025-10-18,0.54343000825573,1.0,S2C_43QBE_20250610_0_L2A+S2C_43QCE_20250610_0_L2A,2025-06-10
624,0.2832421442613518,1.0,S2B_43QBE_20251013_0_L2A+S2B_43QCE_20251013_0_L2A,2025-10-13,0.28188548148547055,1.0,S2C_43QBE_20251018_0_L2A+S2C_43QCE_20251018_0_L2A,2025-10-18,0.23328671861100267,1.0,S2C_43QBE_20250610_0_L2A+S2C_43QCE_20250610_0_L2A,2025-06-10
625,0.7185682782502932,1.0,S2B_43QBE_20251013_0_L2A+S2B_43QCE_20251013_0_L2A,2025-10-13,0.7181201461491012,1.0,S2C_43QBE_20251018_0_L2A+S2C_43QCE_20251018_0_L2A,2025-10-18,0.5127414988580151,1.0,S2C_43QBE_20250610_0_L2A+S2C_43QCE_20250610_0_L2A,2025-06-10
626,0.7291342545599339,1.0,S2B_43QBE_20251013_0_L2A+S2B_43QCE_20251013_0_L2A,2025-10-13,0.7400432220570671,1.0,S2C_43QBE_20251018_0_L2A+S2C_43QCE_20251018_0_L2A,2025-10-18,0.38153729432343486,1.0,S2C_43QBE_20250610_0_L2A+S2C_43QCE_20250610_0_L2A,2025-06-10
627,0.454589603242229,1.0,S2B_43QBE_20251013_0_L2A+S2B_43QCE_20251013_0_L2A,2025-10-13,0.4436794466358964,1.0,S2C_43QBE_20251018_0_L2A+S2C_43QCE_20251018_0_L2A,2025-10-18,0.24306236686954738,1.0,S2C_43QBE_20250610_0_L2A+S2C_43QCE_20250610_0_L2A,2025-06-10
628,0.3051378705579302,1.0,S2B_43QBE_20251013_0_L2A+S2B_43QCE_20251013_0_L2A,2025-10-13,0.27885657701515343,1.0,S2C_43QBE_20251018_0_L2A+S2C_43QCE_20251018_0_L2A,2025-10-18,0.3303909618065553,1.0,S2C_43QBE_20250610_0_L2A+S2C_43QCE_20250610_0_L2A,2025-06-10
629,0.27821700475158145,1.0,S2B_43QBE_20251013_0_L2A+S2B_43QCE_20251013_0_L2A,2025-10-13,0.2817984502899314,1.0,S2C_43QBE_20251018_0_L2A+S2C_43QCE_20251018_0_L2A,2025-10-18,0.3662586274738704,1.0,S2C_43QBE_20250610_0_L2A+S2C_43QCE_20250610_0_L2A,2025-06-10
630,0.42383395846552807,1.0,S2B_43QBE_20251013_0_L2A+S2B_43QCE_20251013_0_L2A,2025-10-13,0.41877704107306835,1.0,S2C_43QBE_20251018_0_L2A+S2C_43QCE_20251018_0_L2A,2025-10-18,0.3869950364803183,1.0,S2C_43QBE_20250610_0_L2A+S2C_43QCE_20250610_0_L2A,2025-06-10
631,0.6703218024489147,1.0,S2B_43QBE_20251013_0_L2A+S2B_43QCE_20251013_0_L2A,2025-10-13,0.6946783020301309,1.0,S2C_43QBE_20251018_0_L2A+S2C_43QCE_20251018_0_L2A,2025-10-18,0.42390088153420213,1.0,S2C_43QBE_20250610_0_L2A+S2C_43QCE_20250610_0_L2A,2025-06-10
632,0.3460748140681743,1.0,S2B_43QBE_20251013_0_L2A+S2B_43QCE_20251013_0_L2A,2025-10-13,0.3539058191194067,1.0,S2C_43QBE_20251018_0_L2A+S2C_43QCE_20251018_0_L2A,2025-10-18,0.48466633133404435,1.0,S2C_43QBE_20250610_0_L2A+S2C_43QCE_20250610_0_L2A,2025-06-10
633,0.301135050724178,1.0,S2B_43QBE_20251013_0_L2A+S2B_43QCE_20251013_0_L2A,2025-10-13,0.29321183320086186,1.0,S2C_43QBE_20251018_0_L2A+S2C_43QCE_20251018_0_L2A,2025-10-18,0.2568596161895459,1.0,S2C_43QBE_20250610_0_L2A+S2C_43QCE_20250610_0_L2A,2025-06-10
634,0.3682299062968825,1.0,S2B_43QBE_20251013_0_L2A+S2B_43QCE_20251013_0_L2A,2025-10-13,0.4768943312393288,1.0,S2C_43QBE_20251018_0_L2A+S2C_43QCE_20251018_0_L2A,2025-10-18,0.3801303069783852,1.0,S2C_43QBE_20250610_0_L2A+S2C_43QCE_20250610_0_L2A,2025-06-10
635,0.4573754593729973,1.0,S2B_43QBE_20251013_0_L2A+S2B_43QCE_20251013_0_L2A,2025-10-13,0.42870207130908966,1.0,S2C_43QBE_20251018_0_L2A+S2C_43QCE_20251018_0_L2A,2025-10-18,0.5018324392432926,1.0,S2C_43QBE_20250610_0_L2A+S2C_43QCE_20250610_0_L2A,2025-06-10
636,0.5821487698898435,1.0,S2B_43QBE_20251013_0_L2A+S2B_43QCE_20251013_0_L2A,2025-10-13,0.5582020667873494,1.0,S2C_43QBE_20251018_0_L2A+S2C_43QCE_20251018_0_L2A,2025-10-18,0.40931527269906937,1.0,S2C_43QBE_20250610_0_L2A+S2C_43QCE_20250610_0_L2A,2025-06-10
637,0.4490978068448413,1.0,S2B_43QBE_20251013_0_L2A+S2B_43QCE_20251013_0_L2A,2025-10-13,0.4368528817642283,1.0,S2C_43QBE_20251018_0_L2A+S2C_43QCE_20251018_0_L2A,2025-10-18,0.4435689770687987,1.0,S2C_43QBE_20250610_0_L2A+S2C_43QCE_20250610_0_L2A,2025-06-10
638,0.28904409801126807,1.0,S2B_43QBE_20251013_0_L2A+S2B_43QCE_20251013_0_L2A,2025-10-13,0.278691387480946,1.0,S2C_43QBE_20251018_0_L2A+S2C_43QCE_20251018_0_L2A,2025-10-18,0.5637079890056323,1.0,S2C_43QBE_20250610_0_L2A+S2C_43QCE_20250610_0_L2A,2025-06-10
639,0.29655053299684253,1.0,S2B_43QBE_20251013_0_L2A+S2B_43QCE_20251013_0_L2A,2025-10-13,0.3007117769084518,1.0,S2C_43QBE_20251018_0_L2A+S2C_43QCE_20251018_0_L2A,2025-10-18,0.541503257696937,1.0,S2C_43QBE_20250610_0_L2A+S2C_43QCE_20250610_0_L2A,2025-06-10
640,0.339376118048878,1.0,S2B_43QBE_20251013_0_L2A+S2B_43QCE_20251013_0_L2A,2025-10-13,0.3257131265826745,1.0,S2C_43QBE_20251018_0_L2A+S2C_43QCE_20251018_0_L2A,2025-10-18,0.3224296515309575,1.0,S2C_43QBE_20250610_0_L2A+S2C_43QCE_20250610_0_L2A,2025-06-10
641,0.49554426922805406,1.0,S2B_43QBE_20251013_0_L2A+S2B_43QCE_20251013_0_L2A,2025-10-13,0.39249883782922496,1.0,S2C_43QBE_20251018_0_L2A+S2C_43QCE_20251018_0_L2A,2025-10-18,0.29520709259509137,1.0,S2C_43QBE_20250610_0_L2A+S2C_43QCE_20250610_0_L2A,2025-06-10
642,0.7648234071514823,1.0,S2B_43QBE_20251013_0_L2A+S2B_43QCE_20251013_0_L2A,2025-10-13,0.7504001649943265,1.0,S2C_43QBE_20251018_0_L2A+S2C_43QCE_20251018_0_L2A,2025-10-18,0.5822277505831285,1.0,S2C_43QBE_20250610_0_L2A+S2C_43QCE_20250610_0_L2A,2025-06-10
643,0.4928299595517191,1.0,S2B_43QBE_20251013_0_L2A+S2B_43QCE_20251013_0_L2A,2025-10-13,0.48448773393915456,1.0,S2C_43QBE_20251018_0_L2A+S2C_43QCE_20251018_0_L2A,2025-10-18,0.40152630475773055,1.0,S2C_43QBE_20250610_0_L2A+S2C_43QCE_20250610_0_L2A,2025-06-10
644,0.4416871792223187,1.0,S2B_43QBE_20251013_0_L2A+S2B_43QCE_20251013_0_L2A,2025-10-13,0.46646026807989294,1.0,S2C_43QBE_20251018_0_L2A+S2C_43QCE_20251018_0_L2A,2025-10-18,0.30739942691515715,1.0,S2C_43QBE_20250610_0_L2A+S2C_43QCE_20250610_0_L2A,2025-06-10
645,0.6688257892875328,1.0,S2B_43QBE_20251013_0_L2A+S2B_43QCE_20251013_0_L2A,2025-10-13,0.6596732048439407,1.0,S2C_43QBE_20251018_0_L2A+S2C_43QCE_20251018_0_L2A,2025-10-18,0.665706787245585,1.0,S2C_43QBE_20250610_0_L2A+S2C_43QCE_20250610_0_L2A,2025-06-10
646,0.4029730913750196,1.0,S2B_43QBE_20251013_0_L2A+S2B_43QCE_20251013_0_L2A,2025-10-13,0.37793016778463023,1.0,S2C_43QBE_20251018_0_L2A+S2C_43QCE_20251018_0_L2A,2025-10-18,0.3562545811220751,1.0,S2C_43QBE_20250610_0_L2A+S2C_43QCE_20250610_0_L2A,2025-06-10
647,0.550100386094311,1.0,S2B_43QBE_20251013_0_L2A+S2B_43QCE_20251013_0_L2A,2025-10-13,0.5384836921742251,1.0,S2C_43QBE_20251018_0_L2A+S2C_43QCE_20251018_0_L2A,2025-10-18,0.48256379404656774,1.0,S2C_43QBE_20250610_0_L2A+S2C_43QCE_20250610_0_L2A,2025-06-10
648,0.7152267261837305,1.0,S2B_43QBE_20251013_0_L2A+S2B_43QCE_20251013_0_L2A,2025-10-13,0.7211868420075834,1.0,S2C_43QBE_20251018_0_L2A+S2C_43QCE_20251018_0_L2A,2025-10-18,0.5848585130793325,1.0,S2C_43QBE_20250610_0_L2A+S2C_43QCE_20250610_0_L2A,2025-06-10
649,0.6467247386082359,1.0,S2B_43QBE_20251013_0_L2A+S2B_43QCE_20251013_0_L2A,2025-10-13,0.616691676741061,1.0,S2C_43QBE_20251018_0_L2A+S2C_43QCE_20251018_0_L2A,2025-10-18,0.5502271605056265,1.0,S2C_43QBE_20250610_0_L2A+S2C_43QCE_20250610_0_L2A,2025-06-10
650,0.6769281124036476,1.0,S2B_43QBE_20251013_0_L2A+S2B_43QCE_20251013_0_L2A,2025-10-13,0.5051704095643492,1.0,S2C_43QBE_20251018_0_L2A+S2C_43QCE_20251018_0_L2A,2025-10-18,0.33964719145834404,1.0,S2C_43QBE_20250610_0_L2A+S2C_43QCE_20250610_0_L2A,2025-06-10
651,0.4745548410733848,1.0,S2B_43QBE_20251013_0_L2A+S2B_43QCE_20251013_0_L2A,2025-10-13,0.41369834045088727,1.0,S2C_43QBE_20251018_0_L2A+S2C_43QCE_20251018_0_L2A,2025-10-18,0.40595106787734614,1.0,S2C_43QBE_20250610_0_L2A+S2C_43QCE_20250610_0_L2A,2025-06-10
652,0.5394844203914534,1.0,S2B_43QBE_20251013_0_L2A+S2B_43QCE_20251013_0_L2A,2025-10-13,0.44219622328225616,1.0,S2C_43QBE_20251018_0_L2A+S2C_43QCE_20251018_0_L2A,2025-10-18,0.3487707160921087,1.0,S2C_43QBE_20250610_0_L2A+S2C_43QCE_20250610_0_L2A,2025-06-10
653,0.3464172069794148,1.0,S2B_43QBE_20251013_0_L2A+S2B_43QCE_20251013_0_L2A,2025-10-13,0.34283433537504987,1.0,S2C_43QBE_20251018_0_L2A+S2C_43QCE_20251018_0_L2A,2025-10-18,0.43754038974937604,1.0,S2C_43QBE_20250610_0_L2A+S2C_43QCE_20250610_0_L2A,2025-06-10
654,0.2583237629439404,1.0,S2B_43QBE_20251013_0_L2A+S2B_43QCE_20251013_0_L2A,2025-10-13,0.2595500408602295,1.0,S2C_43QBE_20251018_0_L2A+S2C_43QCE_20251018_0_L2A,2025-10-18,0.4085839178579957,1.0,S2C_43QBE_20250610_0_L2A+S2C_43QCE_20250610_0_L2A,2025-06-10
655,0.3094610445710265,1.0,S2B_43QBE_20251013_0_L2A+S2B_43QCE_20251013_0_L2A,2025-10-13,0.343684136054213,1.0,S2C_43QBE_20251018_0_L2A+S2C_43QCE_20251018_0_L2A,2025-10-18,0.5234280575788343,1.0,S2C_43QBE_20250610_0_L2A+S2C_43QCE_20250610_0_L2A,2025-06-10
656,0.3241832155401007,1.0,S2B_43QBE_20251013_0_L2A+S2B_43QCE_20251013_0_L2A,2025-10-13,0.28876258243858344,1.0,S2C_43QBE_20251018_0_L2A+S2C_43QCE_20251018_0_L2A,2025-10-18,0.3705822567235033,1.0,S2C_43QBE_20250610_0_L2A+S2C_43QCE_20250610_0_L2A,2025-06-10
657,0.3893666255910222,1.0,S2B_43QBE_20251013_0_L2A+S2B_43QCE_20251013_0_L2A,2025-10-13,0.4263124646791598,1.0,S2C_43QBE_20251018_0_L2A+S2C_43QCE_20251018_0_L2A,2025-10-18,0.2631308495053431,1.0,S2C_43QBE_20250610_0_L2A+S2C_43QCE_20250610_0_L2A,2025-06-10
658,0.42256551164651185,1.0,S2B_43QBE_20251013_0_L2A+S2B_43QCE_20251013_0_L2A,2025-10-13,0.42091522538043696,1.0,S2C_43QBE_20251018_0_L2A+S2C_43QCE_20251018_0_L2A,2025-10-18,0.4357722724108513,1.0,S2C_43QBE_20250610_0_L2A+S2C_43QCE_20250610_0_L2A,2025-06-10
659,0.610876997171993,1.0,S2B_43QBE_20251013_0_L2A+S2B_43QCE_20251013_0_L2A,2025-10-13,0.5741257666192304,1.0,S2C_43QBE_20251018_0_L2A+S2C_43QCE_20251018_0_L2A,2025-10-18,0.3718997725028867,1.0,S2C_43QBE_20250610_0_L2A+S2C_43QCE_20250610_0_L2A,2025-06-10
660,0.3888455118674445,1.0,S2B_43QBE_20251013_0_L2A+S2B_43QCE_20251013_0_L2A,2025-10-13,0.39300499090200797,1.0,S2C_43QBE_20251018_0_L2A+S2C_43QCE_20251018_0_L2A,2025-10-18,0.40546770593858195,1.0,S2C_43QBE_20250610_0_L2A+S2C_43QCE_20250610_0_L2A,2025-06-10
661,0.676899019226543,1.0,S2B_43QBE_20251013_0_L2A+S2B_43QCE_20251013_0_L2A,2025-10-13,0.723476835452298,1.0,S2C_43QBE_20251018_0_L2A+S2C_43QCE_20251018_0_L2A,2025-10-18,0.44679735002444687,1.0,S2C_43QBE_20250610_0_L2A+S2C_43QCE_20250610_0_L2A,2025-06-10
662,0.6543069371939159,1.0,S2B_43QBE_20251013_0_L2A+S2B_43QCE_20251013_0_L2A,2025-10-13,0.6907043010759681,1.0,S2C_43QBE_20251018_0_L2A+S2C_43QCE_20251018_0_L2A,2025-10-18,0.6839535387005827,1.0,S2C_43QBE_20250610_0_L2A+S2C_43QCE_20250610_0_L2A,2025-06-10
663,0.4399209374170225,1.0,S2B_43QBE_20251013_0_L2A+S2B_43QCE_20251013_0_L2A,2025-10-13,0.4859757823567014,1.0,S2C_43QBE_20251018_0_L2A+S2C_43QCE_20251018_0_L2A,2025-10-18,0.3244659317173902,1.0,S2C_43QBE_20250610_0_L2A+S2C_43QCE_20250610_0_L2A,2025-06-10
664,0.4259100758633511,1.0,S2B_43QBE_20251013_0_L2A+S2B_43QCE_20251013_0_L2A,2025-10-13,0.6069676519499637,1.0,S2C_43QBE_20251018_0_L2A+S2C_43QCE_20251018_0_L2A,2025-10-18,0.22595176815122395,1.0,S2C_43QBE_20250610_0_L2A+S2C_43QCE_20250610_0_L2A,2025-06-10
665,0.6285003992344691,1.0,S2B_43QBE_20251013_0_L2A+S2B_43QCE_20251013_0_L2A,2025-10-13,0.651449424899273,1.0,S2C_43QBE_20251018_0_L2A+S2C_43QCE_20251018_0_L2A,2025-10-18,0.22080241605629766,1.0,S2C_43QBE_20250610_0_L2A+S2C_43QCE_20250610_0_L2A,2025-06-10
666,0.4550879859594325,1.0,S2B_43QBE_20251013_0_L2A+S2B_43QCE_20251013_0_L2A,2025-10-13,0.4007433291975808,1.0,S2C_43QBE_20251018_0_L2A+S2C_43QCE_20251018_0_L2A,2025-10-18,0.7321831117709615,1.0,S2C_43QBE_20250610_0_L2A+S2C_43QCE_20250610_0_L2A,2025-06-10
667,0.6545523696463271,1.0,S2B_43QBE_20251013_0_L2A+S2B_43QCE_20251013_0_L2A,2025-10-13,0.6580748021713214,1.0,S2C_43QBE_20251018_0_L2A+S2C_43QCE_20251018_0_L2A,2025-10-18,0.34118713025895253,1.0,S2C_43QBE_20250610_0_L2A+S2C_43QCE_20250610_0_L2A,2025-06-10
668,0.48443132439537,1.0,S2B_43QBE_20251013_0_L2A+S2B_43QCE_20251013_0_L2A,2025-10-13,0.5424011286655207,1.0,S2C_43QBE_20251018_0_L2A+S2C_43QCE_20251018_0_L2A,2025-10-18,0.2765968290993247,1.0,S2C_43QBE_20250610_0_L2A+S2C_43QCE_20250610_0_L2A,2025-06-10
669,0.4956099675545955,1.0,S2B_43QBE_20251013_0_L2A+S2B_43QCE_20251013_0_L2A,2025-10-13,0.531598174825055,1.0,S2C_43QBE_20251018_0_L2A+S2C_43QCE_20251018_0_L2A,2025-10-18,0.29868710426026457,1.0,S2C_43QBE_20250610_0_L2A+S2C_43QCE_20250610_0_L2A,2025-06-10
670,0.4998983570064108,1.0,S2B_43QBE_20251013_0_L2A+S2B_43QCE_20251013_0_L2A,2025-10-13,0.4057275914394903,1.0,S2C_43QBE_20251018_0_L2A+S2C_43QCE_20251018_0_L2A,2025-10-18,0.5876956742907328,1.0,S2C_43QBE_20250610_0_L2A+S2C_43QCE_20250610_0_L2A,2025-06-10
671,0.4594930502721387,1.0,S2B_43QBE_20251013_0_L2A+S2B_43QCE_20251013_0_L2A,2025-10-13,0.5292012622723212,1.0,S2C_43QBE_20251018_0_L2A+S2C_43QCE_20251018_0_L2A,2025-10-18,0.4653245717860185,1.0,S2C_43QBE_20250610_0_L2A+S2C_43QCE_20250610_0_L2A,2025-06-10
672,0.4621318534392601,1.0,S2B_43QBE_20251013_0_L2A+S2B_43QCE_20251013_0_L2A,2025-10-13,0.4235382311610112,1.0,S2C_43QBE_20251018_0_L2A+S2C_43QCE_20251018_0_L2A,2025-10-18,0.363100980540829,1.0,S2C_43QBE_20250610_0_L2A+S2C_43QCE_20250610_0_L2A,2025-06-10
673,0.44848860984756833,1.0,S2B_43QBE_20251013_0_L2A+S2B_43QCE_20251013_0_L2A,2025-10-13,0.44381969069677685,1.0,S2C_43QBE_20251018_0_L2A+S2C_43QCE_20251018_0_L2A,2025-10-18,0.3257060126652793,1.0,S2C_43QBE_20250610_0_L2A+S2C_43QCE_20250610_0_L2A,2025-06-10
674,0.3196960903899094,1.0,S2B_43QBE_20251013_0_L2A+S2B_43QCE_20251013_0_L2A,2025-10-13,0.2956569077457886,1.0,S2C_43QBE_20251018_0_L2A+S2C_43QCE_20251018_0_L2A,2025-10-18,0.3066100484128435,1.0,S2C_43QBE_20250610_0_L2A+S2C_43QCE_20250610_0_L2A,2025-06-10
675,0.3926953939248463,1.0,S2B_43QBE_20251013_0_L2A+S2B_43QCE_20251013_0_L2A,2025-10-13,0.43521363310706623,1.0,S2C_43QBE_20251018_0_L2A+S2C_43QCE_20251018_0_L2A,2025-10-18,0.273877765188576,1.0,S2C_43QBE_20250610_0_L2A+S2C_43QCE_20250610_0_L2A,2025-06-10
676,0.46426188368645926,1.0,S2B_43QBE_20251013_0_L2A+S2B_43QCE_20251013_0_L2A,2025-10-13,0.4951795166447049,1.0,S2C_43QBE_20251018_0_L2A+S2C_43QCE_20251018_0_L2A,2025-10-18,0.3593714414134858,1.0,S2C_43QBE_20250610_0_L2A+S2C_43QCE_20250610_0_L2A,2025-06-10
677,0.4709103255216001,1.0,S2B_43QBE_20251013_0_L2A+S2B_43QCE_20251013_0_L2A,2025-10-13,0.5067799117796784,1.0,S2C_43QBE_20251018_0_L2A+S2C_43QCE_20251018_0_L2A,2025-10-18,0.4138556917009242,1.0,S2C_43QBE_20250610_0_L2A+S2C_43QCE_20250610_0_L2A,2025-06-10
678,0.3208247757290734,1.0,S2B_43QBE_20251013_0_L2A+S2B_43QCE_20251013_0_L2A,2025-10-13,0.323844657462334,1.0,S2C_43QBE_20251018_0_L2A+S2C_43QCE_20251018_0_L2A,2025-10-18,0.29182729377202177,1.0,S2C_43QBE_20250610_0_L2A+S2C_43QCE_20250610_0_L2A,2025-06-10
679,0.5083985021838577,1.0,S2B_43QBE_20251013_0_L2A+S2B_43QCE_20251013_0_L2A,2025-10-13,0.5501747116660132,1.0,S2C_43QBE_20251018_0_L2A+S2C_43QCE_20251018_0_L2A,2025-10-18,0.3283956020563093,1.0,S2C_43QBE_20250610_0_L2A+S2C_43QCE_20250610_0_L2A,2025-06-10
680,0.40482331948732236,1.0,S2B_43QBE_20251013_0_L2A+S2B_43QCE_20251013_0_L2A,2025-10-13,0.4520769748561968,1.0,S2C_43QBE_20251018_0_L2A+S2C_43QCE_20251018_0_L2A,2025-10-18,0.3320339343864488,1.0,S2C_43QBE_20250610_0_L2A+S2C_43QCE_20250610_0_L2A,2025-06-10
681,0.6853527282856828,1.0,S2B_43QBE_20251013_0_L2A+S2B_43QCE_20251013_0_L2A,2025-10-13,0.6746822142201226,1.0,S2C_43QBE_20251018_0_L2A+S2C_43QCE_20251018_0_L2A,2025-10-18,0.2653178310218623,1.0,S2C_43QBE_20250610_0_L2A+S2C_43QCE_20250610_0_L2A,2025-06-10
682,0.6213287305690729,1.0,S2B_43QBE_20251013_0_L2A+S2B_43QCE_20251013_0_L2A,2025-10-13,0.6194669569447515,1.0,S2C_43QBE_20251018_0_L2A+S2C_43QCE_20251018_0_L2A,2025-10-18,0.26953203419153116,1.0,S2C_43QBE_20250610_0_L2A+S2C_43QCE_20250610_0_L2A,2025-06-10
683,0.4849488433346013,1.0,S2B_43QBE_20251013_0_L2A+S2B_43QCE_20251013_0_L2A,2025-10-13,0.5058277251077032,1.0,S2C_43QBE_20251018_0_L2A+S2C_43QCE_20251018_0_L2A,2025-10-18,0.3745580525529162,1.0,S2C_43QBE_20250610_0_L2A+S2C_43QCE_20250610_0_L2A,2025-06-10
684,0.5343327771719577,1.0,S2B_43QBE_20251013_0_L2A+S2B_43QCE_20251013_0_L2A,2025-10-13,0.6005830846876048,1.0,S2C_43QBE_20251018_0_L2A+S2C_43QCE_20251018_0_L2A,2025-10-18,0.42297043595232203,1.0,S2C_43QBE_20250610_0_L2A+S2C_43QCE_20250610_0_L2A,2025-06-10
685,0.5207353892645821,1.0,S2B_43QBE_20251013_0_L2A+S2B_43QCE_20251013_0_L2A,2025-10-13,0.5386937956585004,1.0,S2C_43QBE_20251018_0_L2A+S2C_43QCE_20251018_0_L2A,2025-10-18,0.39906701030708824,1.0,S2C_43QBE_20250610_0_L2A+S2C_43QCE_20250610_0_L2A,2025-06-10
686,0.4090079133559887,1.0,S2B_43QBE_20251013_0_L2A+S2B_43QCE_20251013_0_L2A,2025-10-13,0.47717215389685524,1.0,S2C_43QBE_20251018_0_L2A+S2C_43QCE_20251018_0_L2A,2025-10-18,0.34939252622518924,1.0,S2C_43QBE_20250610_0_L2A+S2C_43QCE_20250610_0_L2A,2025-06-10
687,0.4254418457982556,1.0,S2B_43QBE_20251013_0_L2A+S2B_43QCE_20251013_0_L2A,2025-10-13,0.4018901856436928,1.0,S2C_43QBE_20251018_0_L2A+S2C_43QCE_20251018_0_L2A,2025-10-18,0.3986768038986189,1.0,S2C_43QBE_20250610_0_L2A+S2C_43QCE_20250610_0_L2A,2025-06-10
688,0.3537257165798504,1.0,S2B_43QBE_20251013_0_L2A+S2B_43QCE_20251013_0_L2A,2025-10-13,0.29777114530699345,1.0,S2C_43QBE_20251018_0_L2A+S2C_43QCE_20251018_0_L2A,2025-10-18,0.2098484335230882,1.0,S2C_43QBE_20250610_0_L2A+S2C_43QCE_20250610_0_L2A,2025-06-10
689,0.4494627573437961,1.0,S2B_43QBE_20251013_0_L2A+S2B_43QCE_20251013_0_L2A,2025-10-13,0.4557467034035389,1.0,S2C_43QBE_20251018_0_L2A+S2C_43QCE_20251018_0_L2A,2025-10-18,0.21477003750515503,1.0,S2C_43QBE_20250610_0_L2A+S2C_43QCE_20250610_0_L2A,2025-06-10
690,0.4939024631318739,1.0,S2B_43QBE_20251013_0_L2A+S2B_43QCE_20251013_0_L2A,2025-10-13,0.5220633278760411,1.0,S2C_43QBE_20251018_0_L2A+S2C_43QCE_20251018_0_L2A,2025-10-18,0.21419391227251375,1.0,S2C_43QBE_20250610_0_L2A+S2C_43QCE_20250610_0_L2A,2025-06-10
691,0.2583248416639898,1.0,S2B_43QBE_20251013_0_L2A+S2B_43QCE_20251013_0_L2A,2025-10-13,0.2942701328731897,1.0,S2C_43QBE_20251018_0_L2A+S2C_43QCE_20251018_0_L2A,2025-10-18,0.19109668787929385,1.0,S2C_43QBE_20250610_0_L2A+S2C_43QCE_20250610_0_L2A,2025-06-10
692,0.3965156715142227,1.0,S2B_43QBE_20251013_0_L2A+S2B_43QCE_20251013_0_L2A,2025-10-13,0.3916039140369371,1.0,S2C_43QBE_20251018_0_L2A+S2C_43QCE_20251018_0_L2A,2025-10-18,0.29454910342194757,1.0,S2C_43QBE_20250610_0_L2A+S2C_43QCE_20250610_0_L2A,2025-06-10
693,0.508782750739787,1.0,S2B_43QBE_20251013_0_L2A+S2B_43QCE_20251013_0_L2A,2025-10-13,0.508763853727257,1.0,S2C_43QBE_20251018_0_L2A+S2C_43QCE_20251018_0_L2A,2025-10-18,0.48058819649217677,1.0,S2C_43QBE_20250610_0_L2A+S2C_43QCE_20250610_0_L2A,2025-06-10
694,0.6859037536218381,1.0,S2B_43QBE_20251013_0_L2A+S2B_43QCE_20251013_0_L2A,2025-10-13,0.7372203743000929,1.0,S2C_43QBE_20251018_0_L2A+S2C_43QCE_20251018_0_L2A,2025-10-18,0.7015741339099693,1.0,S2C_43QBE_20250610_0_L2A+S2C_43QCE_20250610_0_L2A,2025-06-10
695,0.6717811583469844,1.0,S2B_43QBE_20251013_0_L2A+S2B_43QCE_20251013_0_L2A,2025-10-13,0.6903395320589485,1.0,S2C_43QBE_20251018_0_L2A+S2C_43QCE_20251018_0_L2A,2025-10-18,0.47142146588876044,1.0,S2C_43QBE_20250610_0_L2A+S2C_43QCE_20250610_0_L2A,2025-06-10
696,0.6966418326720527,1.0,S2B_43QBE_20251013_0_L2A+S2B_43QCE_20251013_0_L2A,2025-10-13,0.7280725154387196,1.0,S2C_43QBE_20251018_0_L2A+S2C_43QCE_20251018_0_L2A,2025-10-18,0.5277164180162957,1.0,S2C_43QBE_20250610_0_L2A+S2C_43QCE_20250610_0_L2A,2025-06-10
697,0.7208051777368409,1.0,S2B_43QBE_20251013_0_L2A+S2B_43QCE_20251013_0_L2A,2025-10-13,0.7647702079484511,1.0,S2C_43QBE_20251018_0_L2A+S2C_43QCE_20251018_0_L2A,2025-10-18,0.49133823261347315,1.0,S2C_43QBE_20250610_0_L2A+S2C_43QCE_20250610_0_L2A,2025-06-10
698,0.5143264221220181,1.0,S2B_43QBE_20251013_0_L2A+S2B_43QCE_20251013_0_L2A,2025-10-13,0.6059246916195442,1.0,S2C_43QBE_20251018_0_L2A+S2C_43QCE_20251018_0_L2A,2025-10-18,0.5470543212674815,1.0,S2C_43QBE_20250610_0_L2A+S2C_43QCE_20250610_0_L2A,2025-06-10
699,0.4674276425879194,1.0,S2B_43QBE_20251013_0_L2A+S2B_43QCE_20251013_0_L2A,2025-10-13,0.5166668045039503,1.0,S2C_43QBE_20251018_0_L2A+S2C_43QCE_20251018_0_L2A,2025-10-18,0.3319888297105921,1.0,S2C_43QBE_20250610_0_L2A+S2C_43QCE_20250610_0_L2A,2025-06-10
700,0.43663657402671946,1.0,S2B_43QBE_20251013_0_L2A+S2B_43QCE_20251013_0_L2A,2025-10-13,0.5390176381045413,1.0,S2C_43QBE_20251018_0_L2A+S2C_43QCE_20251018_0_L2A,2025-10-18,0.248565238151943,1.0,S2C_43QBE_20250610_0_L2A+S2C_43QCE_20250610_0_L2A,2025-06-10
701,0.6378678285668334,1.0,S2B_43QBE_20251013_0_L2A+S2B_43QCE_20251013_0_L2A,2025-10-13,0.6606044256763094,1.0,S2C_43QBE_20251018_0_L2A+S2C_43QCE_20251018_0_L2A,2025-10-18,0.3259085779098258,1.0,S2C_43QBE_20250610_0_L2A+S2C_43QCE_20250610_0_L2A,2025-06-10
702,0.49469836711716897,1.0,S2B_43QBE_20251013_0_L2A+S2B_43QCE_20251013_0_L2A,2025-10-13,0.5599344199573671,1.0,S2C_43QBE_20251018_0_L2A+S2C_43QCE_20251018_0_L2A,2025-10-18,0.32088901779552764,1.0,S2C_43QBE_20250610_0_L2A+S2C_43QCE_20250610_0_L2A,2025-06-10
703,0.5967523375631878,1.0,S2B_43QBE_20251013_0_L2A+S2B_43QCE_20251013_0_L2A,2025-10-13,0.6491596817493075,1.0,S2C_43QBE_20251018_0_L2A+S2C_43QCE_20251018_0_L2A,2025-10-18,0.4980364002051628,1.0,S2C_43QBE_20250610_0_L2A+S2C_43QCE_20250610_0_L2A,2025-06-10
704,0.3489640391952325,1.0,S2B_43QBE_20251013_0_L2A+S2B_43QCE_20251013_0_L2A,2025-10-13,0.3571142047761528,1.0,S2C_43QBE_20251018_0_L2A+S2C_43QCE_20251018_0_L2A,2025-10-18,0.24459964453134675,1.0,S2C_43QBE_20250610_0_L2A+S2C_43QCE_20250610_0_L2A,2025-06-10
705,0.7504160734022348,1.0,S2B_43QBE_20251013_0_L2A+S2B_43QCE_20251013_0_L2A,2025-10-13,0.7827769813825489,1.0,S2C_43QBE_20251018_0_L2A+S2C_43QCE_20251018_0_L2A,2025-10-18,0.5988319088363144,1.0,S2C_43QBE_20250610_0_L2A+S2C_43QCE_20250610_0_L2A,2025-06-10
706,0.4193382515357091,1.0,S2B_43QBE_20251013_0_L2A+S2B_43QCE_20251013_0_L2A,2025-10-13,0.4243722196991452,1.0,S2C_43QBE_20251018_0_L2A+S2C_43QCE_20251018_0_L2A,2025-10-18,0.38633112064008324,1.0,S2C_43QBE_20250610_0_L2A+S2C_43QCE_20250610_0_L2A,2025-06-10
707,0.5323823604228219,1.0,S2B_43QBE_20251013_0_L2A+S2B_43QCE_20251013_0_L2A,2025-10-13,0.5298035944801306,1.0,S2C_43QBE_20251018_0_L2A+S2C_43QCE_20251018_0_L2A,2025-10-18,0.2136354712918504,1.0,S2C_43QBE_20250610_0_L2A+S2C_43QCE_20250610_0_L2A,2025-06-10
708,0.4425221186050087,1.0,S2B_43QBE_20251013_0_L2A+S2B_43QCE_20251013_0_L2A,2025-10-13,0.43818201076611557,1.0,S2C_43QBE_20251018_0_L2A+S2C_43QCE_20251018_0_L2A,2025-10-18,0.2555619963324968,1.0,S2C_43QBE_20250610_0_L2A+S2C_43QCE_20250610_0_L2A,2025-06-10
709,0.3202130484354925,1.0,S2B_43QBE_20251013_0_L2A+S2B_43QCE_20251013_0_L2A,2025-10-13,0.3472401420075732,1.0,S2C_43QBE_20251018_0_L2A+S2C_43QCE_20251018_0_L2A,2025-10-18,0.377131370724749,1.0,S2C_43QBE_20250610_0_L2A+S2C_43QCE_20250610_0_L2A,2025-06-10
710,0.32479574921585264,1.0,S2B_43QBE_20251013_0_L2A+S2B_43QCE_20251013_0_L2A,2025-10-13,0.3002768935876254,1.0,S2C_43QBE_20251018_0_L2A+S2C_43QCE_20251018_0_L2A,2025-10-18,0.7158521409106606,1.0,S2C_43QBE_20250610_0_L2A+S2C_43QCE_20250610_0_L2A,2025-06-10
711,0.6553076486454358,1.0,S2B_43QBE_20251013_0_L2A+S2B_43QCE_20251013_0_L2A,2025-10-13,0.6793868397507581,1.0,S2C_43QBE_20251018_0_L2A+S2C_43QCE_20251018_0_L2A,2025-10-18,0.6412812666977514,1.0,S2C_43QBE_20250610_0_L2A+S2C_43QCE_20250610_0_L2A,2025-06-10
712,0.38430632208842536,1.0,S2B_43QBE_20251013_0_L2A+S2B_43QCE_20251013_0_L2A,2025-10-13,0.44716619702757265,1.0,S2C_43QBE_20251018_0_L2A+S2C_43QCE_20251018_0_L2A,2025-10-18,0.24659159782625278,1.0,S2C_43QBE_20250610_0_L2A+S2C_43QCE_20250610_0_L2A,2025-06-10
713,0.5877122644764379,1.0,S2B_43QBE_20251013_0_L2A+S2B_43QCE_20251013_0_L2A,2025-10-13,0.6258089397799319,1.0,S2C_43QBE_20251018_0_L2A+S2C_43QCE_20251018_0_L2A,2025-10-18,0.4402190559357919,1.0,S2C_43QBE_20250610_0_L2A+S2C_43QCE_20250610_0_L2A,2025-06-10
714,0.3808723149227434,1.0,S2B_43QBE_20251013_0_L2A+S2B_43QCE_20251013_0_L2A,2025-10-13,0.4238386838951464,1.0,S2C_43QBE_20251018_0_L2A+S2C_43QCE_20251018_0_L2A,2025-10-18,0.28059288969653506,1.0,S2C_43QBE_20250610_0_L2A+S2C_43QCE_20250610_0_L2A,2025-06-10
715,0.39673093960079464,1.0,S2B_43QBE_20251013_0_L2A+S2B_43QCE_20251013_0_L2A,2025-10-13,0.45202898040115375,1.0,S2C_43QBE_20251018_0_L2A+S2C_43QCE_20251018_0_L2A,2025-10-18,0.3856603444678758,1.0,S2C_43QBE_20250610_0_L2A+S2C_43QCE_20250610_0_L2A,2025-06-10
716,0.6166285248422945,1.0,S2B_43QBE_20251013_0_L2A+S2B_43QCE_20251013_0_L2A,2025-10-13,0.6004039762591994,1.0,S2C_43QBE_20251018_0_L2A+S2C_43QCE_20251018_0_L2A,2025-10-18,0.485336734354496,1.0,S2C_43QBE_20250610_0_L2A+S2C_43QCE_20250610_0_L2A,2025-06-10
717,0.4737839110191406,1.0,S2B_43QBE_20251013_0_L2A+S2B_43QCE_20251013_0_L2A,2025-10-13,0.5016543996107301,1.0,S2C_43QBE_20251018_0_L2A+S2C_43QCE_20251018_0_L2A,2025-10-18,0.32651670502201524,1.0,S2C_43QBE_20250610_0_L2A+S2C_43QCE_20250610_0_L2A,2025-06-10
718,0.5989923981051095,1.0,S2B_43QBE_20251013_0_L2A+S2B_43QCE_20251013_0_L2A,2025-10-13,0.5785860297207635,1.0,S2C_43QBE_20251018_0_L2A+S2C_43QCE_20251018_0_L2A,2025-10-18,0.4102207709806034,1.0,S2C_43QBE_20250610_0_L2A+S2C_43QCE_20250610_0_L2A,2025-06-10
719,0.2554999116515446,1.0,S2B_43QBE_20251013_0_L2A+S2B_43QCE_20251013_0_L2A,2025-10-13,0.2334614061500849,1.0,S2C_43QBE_20251018_0_L2A+S2C_43QCE_20251018_0_L2A,2025-10-18,0.6984294572225557,1.0,S2C_43QBE_20250610_0_L2A+S2C_43QCE_20250610_0_L2A,2025-06-10
720,0.2350037653016818,1.0,S2B_43QBE_20251013_0_L2A+S2B_43QCE_20251013_0_L2A,2025-10-13,0.19927242532443096,1.0,S2C_43QBE_20251018_0_L2A+S2C_43QCE_20251018_0_L2A,2025-10-18,0.7061848157390034,1.0,S2C_43QBE_20250610_0_L2A+S2C_43QCE_20250610_0_L2A,2025-06-10
721,0.24800922882248383,1.0,S2B_43QBE_20251013_0_L2A+S2B_43QCE_20251013_0_L2A,2025-10-13,0.216821940944226,1.0,S2C_43QBE_20251018_0_L2A+S2C_43QCE_20251018_0_L2A,2025-10-18,0.702787639304097,1.0,S2C_43QBE_20250610_0_L2A+S2C_43QCE_20250610_0_L2A,2025-06-10
722,0.25158037659936083,1.0,S2B_43QBE_20251013_0_L2A+S2B_43QCE_20251013_0_L2A,2025-10-13,0.20362489875375137,1.0,S2C_43QBE_20251018_0_L2A+S2C_43QCE_20251018_0_L2A,2025-10-18,0.710342562383153,1.0,S2C_43QBE_20250610_0_L2A+S2C_43QCE_20250610_0_L2A,2025-06-10
723,0.37070060576374775,1.0,S2B_43QBE_20251013_0_L2A+S2B_43QCE_20251013_0_L2A,2025-10-13,0.25035785308002156,1.0,S2C_43QBE_20251018_0_L2A+S2C_43QCE_20251018_0_L2A,2025-10-18,0.729183224835323,1.0,S2C_43QBE_20250610_0_L2A+S2C_43QCE_20250610_0_L2A,2025-06-10
724,0.272985569551517,1.0,S2B_43QBE_20251013_0_L2A+S2B_43QCE_20251013_0_L2A,2025-10-13,0.2636672766539741,1.0,S2C_43QBE_20251018_0_L2A+S2C_43QCE_20251018_0_L2A,2025-10-18,0.6791796810629389,1.0,S2C_43QBE_20250610_0_L2A+S2C_43QCE_20250610_0_L2A,2025-06-10
725,0.36912348188242994,1.0,S2B_43QBE_20251013_0_L2A+S2B_43QCE_20251013_0_L2A,2025-10-13,0.4749522240869334,1.0,S2C_43QBE_20251018_0_L2A+S2C_43QCE_20251018_0_L2A,2025-10-18,0.2387486093988693,1.0,S2C_43QBE_20250610_0_L2A+S2C_43QCE_20250610_0_L2A,2025-06-10
726,0.37681004756090386,1.0,S2B_43QBE_20251013_0_L2A+S2B_43QCE_20251013_0_L2A,2025-10-13,0.3870064185841485,1.0,S2C_43QBE_20251018_0_L2A+S2C_43QCE_20251018_0_L2A,2025-10-18,0.40887943255760467,1.0,S2C_43QBE_20250610_0_L2A+S2C_43QCE_20250610_0_L2A,2025-06-10
727,0.6596489706316692,1.0,S2B_43QBE_20251013_0_L2A+S2B_43QCE_20251013_0_L2A,2025-10-13,0.7189717693704591,1.0,S2C_43QBE_20251018_0_L2A+S2C_43QCE_20251018_0_L2A,2025-10-18,0.24029270820901064,1.0,S2C_43QBE_20250610_0_L2A+S2C_43QCE_20250610_0_L2A,2025-06-10
728,0.2906135056639839,1.0,S2B_43QBE_20251013_0_L2A+S2B_43QCE_20251013_0_L2A,2025-10-13,0.26169020399374476,1.0,S2C_43QBE_20251018_0_L2A+S2C_43QCE_20251018_0_L2A,2025-10-18,0.2183899461971058,1.0,S2C_43QBE_20250610_0_L2A+S2C_43QCE_20250610_0_L2A,2025-06-10
729,0.28531829813417764,1.0,S2B_43QBE_20251013_0_L2A+S2B_43QCE_20251013_0_L2A,2025-10-13,0.2584820167995902,1.0,S2C_43QBE_20251018_0_L2A+S2C_43QCE_20251018_0_L2A,2025-10-18,0.4439114593505886,1.0,S2C_43QBE_20250610_0_L2A+S2C_43QCE_20250610_0_L2A,2025-06-10
730,0.2854849909326946,1.0,S2B_43QBE_20251013_0_L2A+S2B_43QCE_20251013_0_L2A,2025-10-13,0.2587480623220367,1.0,S2C_43QBE_20251018_0_L2A+S2C_43QCE_20251018_0_L2A,2025-10-18,0.6821657694766844,1.0,S2C_43QBE_20250610_0_L2A+S2C_43QCE_20250610_0_L2A,2025-06-10
731,0.47362878774473577,1.0,S2B_43QBE_20251013_0_L2A+S2B_43QCE_20251013_0_L2A,2025-10-13,0.525385487713228,1.0,S2C_43QBE_20251018_0_L2A+S2C_43QCE_20251018_0_L2A,2025-10-18,0.5602480468288643,1.0,S2C_43QBE_20250610_0_L2A+S2C_43QCE_20250610_0_L2A,2025-06-10
732,0.5690758840488972,1.0,S2B_43QBE_20251013_0_L2A+S2B_43QCE_20251013_0_L2A,2025-10-13,0.609577896487782,1.0,S2C_43QBE_20251018_0_L2A+S2C_43QCE_20251018_0_L2A,2025-10-18,0.3938152307439127,1.0,S2C_43QBE_20250610_0_L2A+S2C_43QCE_20250610_0_L2A,2025-06-10
733,0.26533357187982753,1.0,S2B_43QBE_20251013_0_L2A+S2B_43QCE_20251013_0_L2A,2025-10-13,0.24225354992968337,1.0,S2C_43QBE_20251018_0_L2A+S2C_43QCE_20251018_0_L2A,2025-10-18,0.7190717809825178,1.0,S2C_43QBE_20250610_0_L2A+S2C_43QCE_20250610_0_L2A,2025-06-10
734,0.3032760122928638,1.0,S2B_43QBE_20251013_0_L2A+S2B_43QCE_20251013_0_L2A,2025-10-13,0.300550157805825,1.0,S2C_43QBE_20251018_0_L2A+S2C_43QCE_20251018_0_L2A,2025-10-18,0.4575741975803783,1.0,S2C_43QBE_20250610_0_L2A+S2C_43QCE_20250610_0_L2A,2025-06-10
735,0.46727528969102183,1.0,S2B_43QBE_20251013_0_L2A+S2B_43QCE_20251013_0_L2A,2025-10-13,0.4825253102795931,1.0,S2C_43QBE_20251018_0_L2A+S2C_43QCE_20251018_0_L2A,2025-10-18,0.456495016192935,1.0,S2C_43QBE_20250610_0_L2A+S2C_43QCE_20250610_0_L2A,2025-06-10
736,0.44792639561045144,1.0,S2B_43QBE_20251013_0_L2A+S2B_43QCE_20251013_0_L2A,2025-10-13,0.5034753461954182,1.0,S2C_43QBE_20251018_0_L2A+S2C_43QCE_20251018_0_L2A,2025-10-18,0.4530118991698283,1.0,S2C_43QBE_20250610_0_L2A+S2C_43QCE_20250610_0_L2A,2025-06-10
737,0.43964708338787484,1.0,S2B_43QBE_20251013_0_L2A+S2B_43QCE_20251013_0_L2A,2025-10-13,0.4619945588992422,1.0,S2C_43QBE_20251018_0_L2A+S2C_43QCE_20251018_0_L2A,2025-10-18,0.3715511458533844,1.0,S2C_43QBE_20250610_0_L2A+S2C_43QCE_20250610_0_L2A,2025-06-10
738,0.7813472821309803,1.0,S2B_43QBE_20251013_0_L2A+S2B_43QCE_20251013_0_L2A,2025-10-13,0.8011240858672309,1.0,S2C_43QBE_20251018_0_L2A+S2C_43QCE_20251018_0_L2A,2025-10-18,0.3732138592677703,1.0,S2C_43QBE_20250610_0_L2A+S2C_43QCE_20250610_0_L2A,2025-06-10
739,0.3802665864947947,1.0,S2B_43QBE_20251013_0_L2A+S2B_43QCE_20251013_0_L2A,2025-10-13,0.40762481602351963,1.0,S2C_43QBE_20251018_0_L2A+S2C_43QCE_20251018_0_L2A,2025-10-18,0.2231216499196897,1.0,S2C_43QBE_20250610_0_L2A+S2C_43QCE_20250610_0_L2A,2025-06-10
740,0.6300973119509167,1.0,S2B_43QBE_20251013_0_L2A+S2B_43QCE_20251013_0_L2A,2025-10-13,0.6037339088401643,1.0,S2C_43QBE_20251018_0_L2A+S2C_43QCE_20251018_0_L2A,2025-10-18,0.5231581360978239,1.0,S2C_43QBE_20250610_0_L2A+S2C_43QCE_20250610_0_L2A,2025-06-10
741,0.6810243433208594,1.0,S2B_43QBE_20251013_0_L2A+S2B_43QCE_20251013_0_L2A,2025-10-13,0.7620590830469407,1.0,S2C_43QBE_20251018_0_L2A+S2C_43QCE_20251018_0_L2A,2025-10-18,0.3620535238916934,1.0,S2C_43QBE_20250610_0_L2A+S2C_43QCE_20250610_0_L2A,2025-06-10
742,0.4958164798965057,1.0,S2B_43QBE_20251013_0_L2A+S2B_43QCE_20251013_0_L2A,2025-10-13,0.5890150050156646,1.0,S2C_43QBE_20251018_0_L2A+S2C_43QCE_20251018_0_L2A,2025-10-18,0.38086836107903055,1.0,S2C_43QBE_20250610_0_L2A+S2C_43QCE_20250610_0_L2A,2025-06-10
743,0.6281800142482475,1.0,S2B_43QBE_20251013_0_L2A+S2B_43QCE_20251013_0_L2A,2025-10-13,0.6351427938908707,1.0,S2C_43QBE_20251018_0_L2A+S2C_43QCE_20251018_0_L2A,2025-10-18,0.6168281575632684,1.0,S2C_43QBE_20250610_0_L2A+S2C_43QCE_20250610_0_L2A,2025-06-10
744,0.29455189838611584,1.0,S2B_43QBE_20251013_0_L2A+S2B_43QCE_20251013_0_L2A,2025-10-13,0.3001251667175267,1.0,S2C_43QBE_20251018_0_L2A+S2C_43QCE_20251018_0_L2A,2025-10-18,0.5504281215709875,1.0,S2C_43QBE_20250610_0_L2A+S2C_43QCE_20250610_0_L2A,2025-06-10
745,0.4612426942730524,1.0,S2B_43QBE_20251013_0_L2A+S2B_43QCE_20251013_0_L2A,2025-10-13,0.44452010005353443,1.0,S2C_43QBE_20251018_0_L2A+S2C_43QCE_20251018_0_L2A,2025-10-18,0.32725387278674956,1.0,S2C_43QBE_20250610_0_L2A+S2C_43QCE_20250610_0_L2A,2025-06-10
746,0.5899151610198103,1.0,S2B_43QBE_20251013_0_L2A+S2B_43QCE_20251013_0_L2A,2025-10-13,0.46248534073100706,1.0,S2C_43QBE_20251018_0_L2A+S2C_43QCE_20251018_0_L2A,2025-10-18,0.251542318139837,1.0,S2C_43QBE_20250610_0_L2A+S2C_43QCE_20250610_0_L2A,2025-06-10
747,0.44374544360761436,1.0,S2B_43QBE_20251013_0_L2A+S2B_43QCE_20251013_0_L2A,2025-10-13,0.45593997726186375,1.0,S2C_43QBE_20251018_0_L2A+S2C_43QCE_20251018_0_L2A,2025-10-18,0.4356631216252111,1.0,S2C_43QBE_20250610_0_L2A+S2C_43QCE_20250610_0_L2A,2025-06-10
748,0.7695607633921048,1.0,S2B_43QBE_20251013_0_L2A+S2B_43QCE_20251013_0_L2A,2025-10-13,0.78311532080966,1.0,S2C_43QBE_20251018_0_L2A+S2C_43QCE_20251018_0_L2A,2025-10-18,0.637469814072296,1.0,S2C_43QBE_20250610_0_L2A+S2C_43QCE_20250610_0_L2A,2025-06-10
749,0.7454473975139695,1.0,S2B_43QBE_20251013_0_L2A+S2B_43QCE_20251013_0_L2A,2025-10-13,0.7601265598793288,1.0,S2C_43QBE_20251018_0_L2A+S2C_43QCE_20251018_0_L2A,2025-10-18,0.47280708339971467,1.0,S2C_43QBE_20250610_0_L2A+S2C_43QCE_20250610_0_L2A,2025-06-10
750,0.6072239593902544,1.0,S2B_43QBE_20251013_0_L2A+S2B_43QCE_20251013_0_L2A,2025-10-13,0.6264690162449481,1.0,S2C_43QBE_20251018_0_L2A+S2C_43QCE_20251018_0_L2A,2025-10-18,0.3737129254261313,1.0,S2C_43QBE_20250610_0_L2A+S2C_43QCE_20250610_0_L2A,2025-06-10
751,0.7113374366931708,1.0,S2B_43QBE_20251013_0_L2A+S2B_43QCE_20251013_0_L2A,2025-10-13,0.7530354643531214,1.0,S2C_43QBE_20251018_0_L2A+S2C_43QCE_20251018_0_L2A,2025-10-18,0.4751495555184751,1.0,S2C_43QBE_20250610_0_L2A+S2C_43QCE_20250610_0_L2A,2025-06-10
752,0.7230927430485424,1.0,S2B_43QBE_20251013_0_L2A+S2B_43QCE_20251013_0_L2A,2025-10-13,0.7551561390588942,1.0,S2C_43QBE_20251018_0_L2A+S2C_43QCE_20251018_0_L2A,2025-10-18,0.6284464157529568,1.0,S2C_43QBE_20250610_0_L2A+S2C_43QCE_20250610_0_L2A,2025-06-10
753,0.6505117772513354,1.0,S2B_43QBE_20251013_0_L2A+S2B_43QCE_20251013_0_L2A,2025-10-13,0.7110965559173329,1.0,S2C_43QBE_20251018_0_L2A+S2C_43QCE_20251018_0_L2A,2025-10-18,0.42652643829210035,1.0,S2C_43QBE_20250610_0_L2A+S2C_43QCE_20250610_0_L2A,2025-06-10
754,0.35729463448994175,1.0,S2B_43QBE_20251013_0_L2A+S2B_43QCE_20251013_0_L2A,2025-10-13,0.4713040619419697,1.0,S2C_43QBE_20251018_0_L2A+S2C_43QCE_20251018_0_L2A,2025-10-18,0.49211385869920404,1.0,S2C_43QBE_20250610_0_L2A+S2C_43QCE_20250610_0_L2A,2025-06-10
755,0.7092494269368776,1.0,S2B_43QBE_20251013_0_L2A+S2B_43QCE_20251013_0_L2A,2025-10-13,0.7042823307427698,1.0,S2C_43QBE_20251018_0_L2A+S2C_43QCE_20251018_0_L2A,2025-10-18,0.6838338607070198,1.0,S2C_43QBE_20250610_0_L2A+S2C_43QCE_20250610_0_L2A,2025-06-10
756,0.5410367514632444,1.0,S2B_43QBE_20251013_0_L2A+S2B_43QCE_20251013_0_L2A,2025-10-13,0.38769451257172216,1.0,S2C_43QBE_20251018_0_L2A+S2C_43QCE_20251018_0_L2A,2025-10-18,0.429861775070775,1.0,S2C_43QBE_20250610_0_L2A+S2C_43QCE_20250610_0_L2A,2025-06-10
757,0.6891975865216018,1.0,S2B_43QBE_20251013_0_L2A+S2B_43QCE_20251013_0_L2A,2025-10-13,0.793841052490129,1.0,S2C_43QBE_20251018_0_L2A+S2C_43QCE_20251018_0_L2A,2025-10-18,0.2710947973085425,1.0,S2C_43QBE_20250610_0_L2A+S2C_43QCE_20250610_0_L2A,2025-06-10
758,0.6894081039808283,1.0,S2B_43QBE_20251013_0_L2A+S2B_43QCE_20251013_0_L2A,2025-10-13,0.6159364625589171,1.0,S2C_43QBE_20251018_0_L2A+S2C_43QCE_20251018_0_L2A,2025-10-18,0.546783545094343,1.0,S2C_43QBE_20250610_0_L2A+S2C_43QCE_20250610_0_L2A,2025-06-10
759,0.6347121836470185,1.0,S2B_43QBE_20251013_0_L2A+S2B_43QCE_20251013_0_L2A,2025-10-13,0.6482617326920552,1.0,S2C_43QBE_20251018_0_L2A+S2C_43QCE_20251018_0_L2A,2025-10-18,0.5314521519936246,1.0,S2C_43QBE_20250610_0_L2A+S2C_43QCE_20250610_0_L2A,2025-06-10
760,0.43215697578021456,1.0,S2B_43QBE_20251013_0_L2A+S2B_43QCE_20251013_0_L2A,2025-10-13,0.46777472975729856,1.0,S2C_43QBE_20251018_0_L2A+S2C_43QCE_20251018_0_L2A,2025-10-18,0.5383295789929746,1.0,S2C_43QBE_20250610_0_L2A+S2C_43QCE_20250610_0_L2A,2025-06-10
761,0.43230124557944566,1.0,S2B_43QBE_20251013_0_L2A+S2B_43QCE_20251013_0_L2A,2025-10-13,0.46096801528757486,1.0,S2C_43QBE_20251018_0_L2A+S2C_43QCE_20251018_0_L2A,2025-10-18,0.5722732003778219,1.0,S2C_43QBE_20250610_0_L2A+S2C_43QCE_20250610_0_L2A,2025-06-10
762,0.3638251088780932,1.0,S2B_43QBE_20251013_0_L2A+S2B_43QCE_20251013_0_L2A,2025-10-13,0.34093621739804153,1.0,S2C_43QBE_20251018_0_L2A+S2C_43QCE_20251018_0_L2A,2025-10-18,0.26506686547014974,1.0,S2C_43QBE_20250610_0_L2A+S2C_43QCE_20250610_0_L2A,2025-06-10
763,0.5824100311687366,1.0,S2B_43QBE_20251013_0_L2A+S2B_43QCE_20251013_0_L2A,2025-10-13,0.6565395985480458,1.0,S2C_43QBE_20251018_0_L2A+S2C_43QCE_20251018_0_L2A,2025-10-18,0.39390657452721894,1.0,S2C_43QBE_20250610_0_L2A+S2C_43QCE_20250610_0_L2A,2025-06-10
764,0.666747383576987,1.0,S2B_43QBE_20251013_0_L2A+S2B_43QCE_20251013_0_L2A,2025-10-13,0.6345026808869657,1.0,S2C_43QBE_20251018_0_L2A+S2C_43QCE_20251018_0_L2A,2025-10-18,0.38828081820526994,1.0,S2C_43QBE_20250610_0_L2A+S2C_43QCE_20250610_0_L2A,2025-06-10
765,0.650320768180809,1.0,S2B_43QBE_20251013_0_L2A+S2B_43QCE_20251013_0_L2A,2025-10-13,0.600007425102946,1.0,S2C_43QBE_20251018_0_L2A+S2C_43QCE_20251018_0_L2A,2025-10-18,0.45599095730464223,1.0,S2C_43QBE_20250610_0_L2A+S2C_43QCE_20250610_0_L2A,2025-06-10
766,0.6820861613573633,1.0,S2B_43QBE_20251013_0_L2A+S2B_43QCE_20251013_0_L2A,2025-10-13,0.6565410944233718,1.0,S2C_43QBE_20251018_0_L2A+S2C_43QCE_20251018_0_L2A,2025-10-18,0.5390111630867674,1.0,S2C_43QBE_20250610_0_L2A+S2C_43QCE_20250610_0_L2A,2025-06-10
767,0.41335276176183944,1.0,S2B_43QBE_20251013_0_L2A+S2B_43QCE_20251013_0_L2A,2025-10-13,0.40920879304219115,1.0,S2C_43QBE_20251018_0_L2A+S2C_43QCE_20251018_0_L2A,2025-10-18,0.47983693575989295,1.0,S2C_43QBE_20250610_0_L2A+S2C_43QCE_20250610_0_L2A,2025-06-10
768,0.6101132525798472,1.0,S2B_43QBE_20251013_0_L2A+S2B_43QCE_20251013_0_L2A,2025-10-13,0.5742828234791119,1.0,S2C_43QBE_20251018_0_L2A+S2C_43QCE_20251018_0_L2A,2025-10-18,0.4645027184709508,1.0,S2C_43QBE_20250610_0_L2A+S2C_43QCE_20250610_0_L2A,2025-06-10
769,0.6240973097962752,1.0,S2B_43QBE_20251013_0_L2A+S2B_43QCE_20251013_0_L2A,2025-10-13,0.6289108795892963,1.0,S2C_43QBE_20251018_0_L2A+S2C_43QCE_20251018_0_L2A,2025-10-18,0.5111814625948712,1.0,S2C_43QBE_20250610_0_L2A+S2C_43QCE_20250610_0_L2A,2025-06-10
770,0.6188192047011613,1.0,S2B_43QBE_20251013_0_L2A+S2B_43QCE_20251013_0_L2A,2025-10-13,0.46534199711845786,1.0,S2C_43QBE_20251018_0_L2A+S2C_43QCE_20251018_0_L2A,2025-10-18,0.5884552482414415,1.0,S2C_43QBE_20250610_0_L2A+S2C_43QCE_20250610_0_L2A,2025-06-10
771,0.7860568523143245,1.0,S2B_43QBE_20251013_0_L2A+S2B_43QCE_20251013_0_L2A,2025-10-13,0.733601578525034,1.0,S2C_43QBE_20251018_0_L2A+S2C_43QCE_20251018_0_L2A,2025-10-18,0.44605593752544537,1.0,S2C_43QBE_20250610_0_L2A+S2C_43QCE_20250610_0_L2A,2025-06-10
772,0.685266808306965,1.0,S2B_43QBE_20251013_0_L2A+S2B_43QCE_20251013_0_L2A,2025-10-13,0.6603151969202272,1.0,S2C_43QBE_20251018_0_L2A+S2C_43QCE_20251018_0_L2A,2025-10-18,0.42743072121914366,1.0,S2C_43QBE_20250610_0_L2A+S2C_43QCE_20250610_0_L2A,2025-06-10
773,0.6047055917016209,1.0,S2B_43QBE_20251013_0_L2A+S2B_43QCE_20251013_0_L2A,2025-10-13,0.5034446299684291,1.0,S2C_43QBE_20251018_0_L2A+S2C_43QCE_20251018_0_L2A,2025-10-18,0.4994663366415505,1.0,S2C_43QBE_20250610_0_L2A+S2C_43QCE_20250610_0_L2A,2025-06-10
774,0.6645587373364304,1.0,S2B_43QBE_20251013_0_L2A+S2B_43QCE_20251013_0_L2A,2025-10-13,0.6393307287211349,1.0,S2C_43QBE_20251018_0_L2A+S2C_43QCE_20251018_0_L2A,2025-10-18,0.3488574535889033,1.0,S2C_43QBE_20250610_0_L2A+S2C_43QCE_20250610_0_L2A,2025-06-10
775,0.6974404840730131,1.0,S2B_43QBE_20251013_0_L2A+S2B_43QCE_20251013_0_L2A,2025-10-13,0.6588800540193915,1.0,S2C_43QBE_20251018_0_L2A+S2C_43QCE_20251018_0_L2A,2025-10-18,0.32572088819662376,1.0,S2C_43QBE_20250610_0_L2A+S2C_43QCE_20250610_0_L2A,2025-06-10
776,0.5009927250266009,1.0,S2B_43QBE_20251013_0_L2A+S2B_43QCE_20251013_0_L2A,2025-10-13,0.6108583616251921,1.0,S2C_43QBE_20251018_0_L2A+S2C_43QCE_20251018_0_L2A,2025-10-18,0.47197630958208353,1.0,S2C_43QBE_20250610_0_L2A+S2C_43QCE_20250610_0_L2A,2025-06-10
777,0.44004638362137566,1.0,S2B_43QBE_20251013_0_L2A+S2B_43QCE_20251013_0_L2A,2025-10-13,0.5587172276884145,1.0,S2C_43QBE_20251018_0_L2A+S2C_43QCE_20251018_0_L2A,2025-10-18,0.4098915573833995,1.0,S2C_43QBE_20250610_0_L2A+S2C_43QCE_20250610_0_L2A,2025-06-10
778,0.34178225971098897,1.0,S2B_43QBE_20251013_0_L2A+S2B_43QCE_20251013_0_L2A,2025-10-13,0.3468480130036672,1.0,S2C_43QBE_20251018_0_L2A+S2C_43QCE_20251018_0_L2A,2025-10-18,0.4008441349319595,1.0,S2C_43QBE_20250610_0_L2A+S2C_43QCE_20250610_0_L2A,2025-06-10
779,0.4354154377999651,1.0,S2B_43QBE_20251013_0_L2A+S2B_43QCE_20251013_0_L2A,2025-10-13,0.4359039042359617,1.0,S2C_43QBE_20251018_0_L2A+S2C_43QCE_20251018_0_L2A,2025-10-18,0.44192273198369686,1.0,S2C_43QBE_20250610_0_L2A+S2C_43QCE_20250610_0_L2A,2025-06-10
780,0.44404307340065013,1.0,S2B_43QBE_20251013_0_L2A+S2B_43QCE_20251013_0_L2A,2025-10-13,0.4505631472249396,1.0,S2C_43QBE_20251018_0_L2A+S2C_43QCE_20251018_0_L2A,2025-10-18,0.39558571900564937,1.0,S2C_43QBE_20250610_0_L2A+S2C_43QCE_20250610_0_L2A,2025-06-10
781,0.4070732067436135,1.0,S2B_43QBE_20251013_0_L2A+S2B_43QCE_20251013_0_L2A,2025-10-13,0.41015019550104626,1.0,S2C_43QBE_20251018_0_L2A+S2C_43QCE_20251018_0_L2A,2025-10-18,0.38027439295547083,1.0,S2C_43QBE_20250610_0_L2A+S2C_43QCE_20250610_0_L2A,2025-06-10
782,0.4974262537612725,1.0,S2B_43QBE_20251013_0_L2A+S2B_43QCE_20251013_0_L2A,2025-10-13,0.45829696896753025,1.0,S2C_43QBE_20251018_0_L2A+S2C_43QCE_20251018_0_L2A,2025-10-18,0.33658343084188397,1.0,S2C_43QBE_20250610_0_L2A+S2C_43QCE_20250610_0_L2A,2025-06-10
783,0.6333159499751303,1.0,S2B_43QBE_20251013_0_L2A+S2B_43QCE_20251013_0_L2A,2025-10-13,0.6816467627255854,1.0,S2C_43QBE_20251018_0_L2A+S2C_43QCE_20251018_0_L2A,2025-10-18,0.3592701888454701,1.0,S2C_43QBE_20250610_0_L2A+S2C_43QCE_20250610_0_L2A,2025-06-10
784,0.3589035028606753,1.0,S2B_43QBE_20251013_0_L2A+S2B_43QCE_20251013_0_L2A,2025-10-13,0.35763699097873136,1.0,S2C_43QBE_20251018_0_L2A+S2C_43QCE_20251018_0_L2A,2025-10-18,0.39208508727358965,1.0,S2C_43QBE_20250610_0_L2A+S2C_43QCE_20250610_0_L2A,2025-06-10
785,0.3147698379880901,1.0,S2B_43QBE_20251013_0_L2A+S2B_43QCE_20251013_0_L2A,2025-10-13,0.30870800538920345,1.0,S2C_43QBE_20251018_0_L2A+S2C_43QCE_20251018_0_L2A,2025-10-18,0.2817527847340636,1.0,S2C_43QBE_20250610_0_L2A+S2C_43QCE_20250610_0_L2A,2025-06-10
786,0.7251032403489234,1.0,S2B_43QBE_20251013_0_L2A+S2B_43QCE_20251013_0_L2A,2025-10-13,0.7836296445886853,1.0,S2C_43QBE_20251018_0_L2A+S2C_43QCE_20251018_0_L2A,2025-10-18,0.250951601143734,1.0,S2C_43QBE_20250610_0_L2A+S2C_43QCE_20250610_0_L2A,2025-06-10
787,0.42354529467032487,1.0,S2B_43QBE_20251013_0_L2A+S2B_43QCE_20251013_0_L2A,2025-10-13,0.4058995675148381,1.0,S2C_43QBE_20251018_0_L2A+S2C_43QCE_20251018_0_L2A,2025-10-18,0.35224062247311777,1.0,S2C_43QBE_20250610_0_L2A+S2C_43QCE_20250610_0_L2A,2025-06-10
788,0.6161389409798999,1.0,S2B_43QBE_20251013_0_L2A+S2B_43QCE_20251013_0_L2A,2025-10-13,0.6029132414256855,1.0,S2C_43QBE_20251018_0_L2A+S2C_43QCE_20251018_0_L2A,2025-10-18,0.4377389562877408,1.0,S2C_43QBE_20250610_0_L2A+S2C_43QCE_20250610_0_L2A,2025-06-10
789,0.7165421448773783,1.0,S2B_43QBE_20251013_0_L2A+S2B_43QCE_20251013_0_L2A,2025-10-13,0.5405765464896333,1.0,S2C_43QBE_20251018_0_L2A+S2C_43QCE_20251018_0_L2A,2025-10-18,0.3911632851856511,1.0,S2C_43QBE_20250610_0_L2A+S2C_43QCE_20250610_0_L2A,2025-06-10
790,0.5953377819020454,1.0,S2B_43QBE_20251013_0_L2A+S2B_43QCE_20251013_0_L2A,2025-10-13,0.5992119529271779,1.0,S2C_43QBE_20251018_0_L2A+S2C_43QCE_20251018_0_L2A,2025-10-18,0.37722433597257693,1.0,S2C_43QBE_20250610_0_L2A+S2C_43QCE_20250610_0_L2A,2025-06-10
791,0.6220647353661668,1.0,S2B_43QBE_20251013_0_L2A+S2B_43QCE_20251013_0_L2A,2025-10-13,0.5659248824281707,1.0,S2C_43QBE_20251018_0_L2A+S2C_43QCE_20251018_0_L2A,2025-10-18,0.37950737684550573,1.0,S2C_43QBE_20250610_0_L2A+S2C_43QCE_20250610_0_L2A,2025-06-10
792,0.6776059013984871,1.0,S2B_43QBE_20251013_0_L2A+S2B_43QCE_20251013_0_L2A,2025-10-13,0.636529427733778,1.0,S2C_43QBE_20251018_0_L2A+S2C_43QCE_20251018_0_L2A,2025-10-18,0.4558988041412137,1.0,S2C_43QBE_20250610_0_L2A+S2C_43QCE_20250610_0_L2A,2025-06-10
793,0.5518781495430777,1.0,S2B_43QBE_20251013_0_L2A+S2B_43QCE_20251013_0_L2A,2025-10-13,0.5107449400689332,1.0,S2C_43QBE_20251018_0_L2A+S2C_43QCE_20251018_0_L2A,2025-10-18,0.3977973812770459,1.0,S2C_43QBE_20250610_0_L2A+S2C_43QCE_20250610_0_L2A,2025-06-10
794,0.6600132370022712,1.0,S2B_43QBE_20251013_0_L2A+S2B_43QCE_20251013_0_L2A,2025-10-13,0.6584261728243695,1.0,S2C_43QBE_20251018_0_L2A+S2C_43QCE_20251018_0_L2A,2025-10-18,0.33013125141668653,1.0,S2C_43QBE_20250610_0_L2A+S2C_43QCE_20250610_0_L2A,2025-06-10
795,0.794534452538067,1.0,S2B_43QBE_20251013_0_L2A+S2B_43QCE_20251013_0_L2A,2025-10-13,0.8030208597116382,1.0,S2C_43QBE_20251018_0_L2A+S2C_43QCE_20251018_0_L2A,2025-10-18,0.3420785962490835,1.0,S2C_43QBE_20250610_0_L2A+S2C_43QCE_20250610_0_L2A,2025-06-10
796,0.7186656176422314,1.0,S2B_43QBE_20251013_0_L2A+S2B_43QCE_20251013_0_L2A,2025-10-13,0.7027271348521166,1.0,S2C_43QBE_20251018_0_L2A+S2C_43QCE_20251018_0_L2A,2025-10-18,0.6421608107805529,1.0,S2C_43QBE_20250610_0_L2A+S2C_43QCE_20250610_0_L2A,2025-06-10
797,0.7275773501755475,1.0,S2B_43QBE_20251013_0_L2A+S2B_43QCE_20251013_0_L2A,2025-10-13,0.7181950202542563,1.0,S2C_43QBE_20251018_0_L2A+S2C_43QCE_20251018_0_L2A,2025-10-18,0.6082738015251344,1.0,S2C_43QBE_20250610_0_L2A+S2C_43QCE_20250610_0_L2A,2025-06-10
798,0.8047852799676687,1.0,S2B_43QBE_20251013_0_L2A+S2B_43QCE_20251013_0_L2A,2025-10-13,0.7932541030189001,1.0,S2C_43QBE_20251018_0_L2A+S2C_43QCE_20251018_0_L2A,2025-10-18,0.4111844858547928,1.0,S2C_43QBE_20250610_0_L2A+S2C_43QCE_20250610_0_L2A,2025-06-10
799,0.7474532839677013,1.0,S2B_43QBE_20251013_0_L2A+S2B_43QCE_20251013_0_L2A,2025-10-13,0.7585146215790552,1.0,S2C_43QBE_20251018_0_L2A+S2C_43QCE_20251018_0_L2A,2025-10-18,0.3573226931529124,1.0,S2C_43QBE_20250610_0_L2A+S2C_43QCE_20250610_0_L2A,2025-06-10
800,0.5225518408876199,1.0,S2B_43QBE_20251013_0_L2A+S2B_43QCE_20251013_0_L2A,2025-10-13,0.6037517292568317,1.0,S2C_43QBE_20251018_0_L2A+S2C_43QCE_20251018_0_L2A,2025-10-18,0.40482794410334183,1.0,S2C_43QBE_20250610_0_L2A+S2C_43QCE_20250610_0_L2A,2025-06-10
801,0.586192160702208,1.0,S2B_43QBE_20251013_0_L2A+S2B_43QCE_20251013_0_L2A,2025-10-13,0.6647780615319475,1.0,S2C_43QBE_20251018_0_L2A+S2C_43QCE_20251018_0_L2A,2025-10-18,0.32570687185919456,1.0,S2C_43QBE_20250610_0_L2A+S2C_43QCE_20250610_0_L2A,2025-06-10
802,0.5714471318717869,1.0,S2B_43QBE_20251013_0_L2A+S2B_43QCE_20251013_0_L2A,2025-10-13,0.5364034056858619,1.0,S2C_43QBE_20251018_0_L2A+S2C_43QCE_20251018_0_L2A,2025-10-18,0.4060289479804312,1.0,S2C_43QBE_20250610_0_L2A+S2C_43QCE_20250610_0_L2A,2025-06-10
803,0.5378355916259003,1.0,S2B_43QBE_20251013_0_L2A+S2B_43QCE_20251013_0_L2A,2025-10-13,0.516035032159393,1.0,S2C_43QBE_20251018_0_L2A+S2C_43QCE_20251018_0_L2A,2025-10-18,0.4092882364397928,1.0,S2C_43QBE_20250610_0_L2A+S2C_43QCE_20250610_0_L2A,2025-06-10
804,0.2859295619930622,1.0,S2B_43QBE_20251013_0_L2A+S2B_43QCE_20251013_0_L2A,2025-10-13,0.2794416750902715,1.0,S2C_43QBE_20251018_0_L2A+S2C_43QCE_20251018_0_L2A,2025-10-18,0.44936613004276715,1.0,S2C_43QBE_20250610_0_L2A+S2C_43QCE_20250610_0_L2A,2025-06-10
805,0.3513548871494615,1.0,S2B_43QBE_20251013_0_L2A+S2B_43QCE_20251013_0_L2A,2025-10-13,0.34170651503305866,1.0,S2C_43QBE_20251018_0_L2A+S2C_43QCE_20251018_0_L2A,2025-10-18,0.4926532532084626,1.0,S2C_43QBE_20250610_0_L2A+S2C_43QCE_20250610_0_L2A,2025-06-10
806,0.34970921715721487,1.0,S2B_43QBE_20251013_0_L2A+S2B_43QCE_20251013_0_L2A,2025-10-13,0.34414230976253746,1.0,S2C_43QBE_20251018_0_L2A+S2C_43QCE_20251018_0_L2A,2025-10-18,0.42400243543088434,1.0,S2C_43QBE_20250610_0_L2A+S2C_43QCE_20250610_0_L2A,2025-06-10
807,0.5764529826199415,1.0,S2B_43QBE_20251013_0_L2A+S2B_43QCE_20251013_0_L2A,2025-10-13,0.6030690509500062,1.0,S2C_43QBE_20251018_0_L2A+S2C_43QCE_20251018_0_L2A,2025-10-18,0.6010110012254012,1.0,S2C_43QBE_20250610_0_L2A+S2C_43QCE_20250610_0_L2A,2025-06-10
808,0.568053427255816,1.0,S2B_43QBE_20251013_0_L2A+S2B_43QCE_20251013_0_L2A,2025-10-13,0.6184553096869162,1.0,S2C_43QBE_20251018_0_L2A+S2C_43QCE_20251018_0_L2A,2025-10-18,0.38031659461557865,1.0,S2C_43QBE_20250610_0_L2A+S2C_43QCE_20250610_0_L2A,2025-06-10
809,0.32622879493250073,1.0,S2B_43QBE_20251013_0_L2A+S2B_43QCE_20251013_0_L2A,2025-10-13,0.31422337167447056,1.0,S2C_43QBE_20251018_0_L2A+S2C_43QCE_20251018_0_L2A,2025-10-18,0.4031436095240438,1.0,S2C_43QBE_20250610_0_L2A+S2C_43QCE_20250610_0_L2A,2025-06-10
810,0.6360001145634744,1.0,S2B_43QBE_20251013_0_L2A+S2B_43QCE_20251013_0_L2A,2025-10-13,0.5874278101563196,1.0,S2C_43QBE_20251018_0_L2A+S2C_43QCE_20251018_0_L2A,2025-10-18,0.4913445958952152,1.0,S2C_43QBE_20250610_0_L2A+S2C_43QCE_20250610_0_L2A,2025-06-10
811,0.40992892002474823,1.0,S2B_43QBE_20251013_0_L2A+S2B_43QCE_20251013_0_L2A,2025-10-13,0.40282312351329524,1.0,S2C_43QBE_20251018_0_L2A+S2C_43QCE_20251018_0_L2A,2025-10-18,0.6049612014311416,1.0,S2C_43QBE_20250610_0_L2A+S2C_43QCE_20250610_0_L2A,2025-06-10
812,0.6312712506057745,1.0,S2B_43QBE_20251013_0_L2A+S2B_43QCE_20251013_0_L2A,2025-10-13,0.6590652194745149,1.0,S2C_43QBE_20251018_0_L2A+S2C_43QCE_20251018_0_L2A,2025-10-18,0.3815199938000301,1.0,S2C_43QBE_20250610_0_L2A+S2C_43QCE_20250610_0_L2A,2025-06-10
813,0.3594317346271275,1.0,S2B_43QBE_20251013_0_L2A+S2B_43QCE_20251013_0_L2A,2025-10-13,0.49645017843486766,1.0,S2C_43QBE_20251018_0_L2A+S2C_43QCE_20251018_0_L2A,2025-10-18,0.5794809418450936,1.0,S2C_43QBE_20250610_0_L2A+S2C_43QCE_20250610_0_L2A,2025-06-10
814,0.6196138401401234,1.0,S2B_43QBE_20251013_0_L2A+S2B_43QCE_20251013_0_L2A,2025-10-13,0.5741502267313513,1.0,S2C_43QBE_20251018_0_L2A+S2C_43QCE_20251018_0_L2A,2025-10-18,0.5062056126441548,1.0,S2C_43QBE_20250610_0_L2A+S2C_43QCE_20250610_0_L2A,2025-06-10
815,0.3589615317739556,1.0,S2B_43QBE_20251013_0_L2A+S2B_43QCE_20251013_0_L2A,2025-10-13,0.35138448955886903,1.0,S2C_43QBE_20251018_0_L2A+S2C_43QCE_20251018_0_L2A,2025-10-18,0.4663909371231502,1.0,S2C_43QBE_20250610_0_L2A+S2C_43QCE_20250610_0_L2A,2025-06-10
816,0.3260985414669352,1.0,S2B_43QBE_20251013_0_L2A+S2B_43QCE_20251013_0_L2A,2025-10-13,0.31980724914849384,1.0,S2C_43QBE_20251018_0_L2A+S2C_43QCE_20251018_0_L2A,2025-10-18,0.47487110510757824,1.0,S2C_43QBE_20250610_0_L2A+S2C_43QCE_20250610_0_L2A,2025-06-10
817,0.585218131398407,1.0,S2B_43QBE_20251013_0_L2A+S2B_43QCE_20251013_0_L2A,2025-10-13,0.5469479122624897,1.0,S2C_43QBE_20251018_0_L2A+S2C_43QCE_20251018_0_L2A,2025-10-18,0.5954752709667127,1.0,S2C_43QBE_20250610_0_L2A+S2C_43QCE_20250610_0_L2A,2025-06-10
818,0.45387474642378817,1.0,S2B_43QBE_20251013_0_L2A+S2B_43QCE_20251013_0_L2A,2025-10-13,0.4245504596467609,1.0,S2C_43QBE_20251018_0_L2A+S2C_43QCE_20251018_0_L2A,2025-10-18,0.6177218900305756,1.0,S2C_43QBE_20250610_0_L2A+S2C_43QCE_20250610_0_L2A,2025-06-10
819,0.3548214543581279,1.0,S2B_43QBE_20251013_0_L2A+S2B_43QCE_20251013_0_L2A,2025-10-13,0.33077927747169683,1.0,S2C_43QBE_20251018_0_L2A+S2C_43QCE_20251018_0_L2A,2025-10-18,0.5472716052561897,1.0,S2C_43QBE_20250610_0_L2A+S2C_43QCE_20250610_0_L2A,2025-06-10
820,0.4307827428177816,1.0,S2B_43QBE_20251013_0_L2A+S2B_43QCE_20251013_0_L2A,2025-10-13,0.44422478059564496,1.0,S2C_43QBE_20251018_0_L2A+S2C_43QCE_20251018_0_L2A,2025-10-18,0.5874989081767458,1.0,S2C_43QBE_20250610_0_L2A+S2C_43QCE_20250610_0_L2A,2025-06-10
821,0.4828516144455571,1.0,S2B_43QBE_20251013_0_L2A+S2B_43QCE_20251013_0_L2A,2025-10-13,0.48071129665561063,1.0,S2C_43QBE_20251018_0_L2A+S2C_43QCE_20251018_0_L2A,2025-10-18,0.5140992931030026,1.0,S2C_43QBE_20250610_0_L2A+S2C_43QCE_20250610_0_L2A,2025-06-10
822,0.5013122090870131,1.0,S2B_43QBE_20251013_0_L2A+S2B_43QCE_20251013_0_L2A,2025-10-13,0.43205183603013547,1.0,S2C_43QBE_20251018_0_L2A+S2C_43QCE_20251018_0_L2A,2025-10-18,0.3624181158722809,1.0,S2C_43QBE_20250610_0_L2A+S2C_43QCE_20250610_0_L2A,2025-06-10
823,0.46544617772898855,1.0,S2B_43QBE_20251013_0_L2A+S2B_43QCE_20251013_0_L2A,2025-10-13,0.4792522955976244,1.0,S2C_43QBE_20251018_0_L2A+S2C_43QCE_20251018_0_L2A,2025-10-18,0.4224063813155372,1.0,S2C_43QBE_20250610_0_L2A+S2C_43QCE_20250610_0_L2A,2025-06-10
824,0.648682194640379,1.0,S2B_43QBE_20251013_0_L2A+S2B_43QCE_20251013_0_L2A,2025-10-13,0.6797902757573016,1.0,S2C_43QBE_20251018_0_L2A+S2C_43QCE_20251018_0_L2A,2025-10-18,0.41188810727965663,1.0,S2C_43QBE_20250610_0_L2A+S2C_43QCE_20250610_0_L2A,2025-06-10
825,0.731844774195453,1.0,S2B_43QBE_20251013_0_L2A+S2B_43QCE_20251013_0_L2A,2025-10-13,0.7391712733172205,1.0,S2C_43QBE_20251018_0_L2A+S2C_43QCE_20251018_0_L2A,2025-10-18,0.5256130237385864,1.0,S2C_43QBE_20250610_0_L2A+S2C_43QCE_20250610_0_L2A,2025-06-10
826,0.3483568094804487,1.0,S2B_43QBE_20251013_0_L2A+S2B_43QCE_20251013_0_L2A,2025-10-13,0.34655431460666725,1.0,S2C_43QBE_20251018_0_L2A+S2C_43QCE_20251018_0_L2A,2025-10-18,0.35249307086291454,1.0,S2C_43QBE_20250610_0_L2A+S2C_43QCE_20250610_0_L2A,2025-06-10
827,0.672773574461723,1.0,S2B_43QBE_20251013_0_L2A+S2B_43QCE_20251013_0_L2A,2025-10-13,0.6549135729631208,1.0,S2C_43QBE_20251018_0_L2A+S2C_43QCE_20251018_0_L2A,2025-10-18,0.504084113759227,1.0,S2C_43QBE_20250610_0_L2A+S2C_43QCE_20250610_0_L2A,2025-06-10
828,0.5542398231310977,1.0,S2B_43QBE_20251013_0_L2A+S2B_43QCE_20251013_0_L2A,2025-10-13,0.547750374302268,1.0,S2C_43QBE_20251018_0_L2A+S2C_43QCE_20251018_0_L2A,2025-10-18,0.461657333208455,1.0,S2C_43QBE_20250610_0_L2A+S2C_43QCE_20250610_0_L2A,2025-06-10
829,0.7832333018501556,1.0,S2B_43QBE_20251013_0_L2A+S2B_43QCE_20251013_0_L2A,2025-10-13,0.7981877238565859,1.0,S2C_43QBE_20251018_0_L2A+S2C_43QCE_20251018_0_L2A,2025-10-18,0.48531152966108293,1.0,S2C_43QBE_20250610_0_L2A+S2C_43QCE_20250610_0_L2A,2025-06-10
830,0.6503997386538708,1.0,S2B_43QBE_20251013_0_L2A+S2B_43QCE_20251013_0_L2A,2025-10-13,0.6769531243386603,1.0,S2C_43QBE_20251018_0_L2A+S2C_43QCE_20251018_0_L2A,2025-10-18,0.46764827845070805,1.0,S2C_43QBE_20250610_0_L2A+S2C_43QCE_20250610_0_L2A,2025-06-10
831,0.671416410414405,1.0,S2B_43QBE_20251013_0_L2A+S2B_43QCE_20251013_0_L2A,2025-10-13,0.6956212138844595,1.0,S2C_43QBE_20251018_0_L2A+S2C_43QCE_20251018_0_L2A,2025-10-18,0.5064467374174947,1.0,S2C_43QBE_20250610_0_L2A+S2C_43QCE_20250610_0_L2A,2025-06-10
832,0.6416475751482207,1.0,S2B_43QBE_20251013_0_L2A+S2B_43QCE_20251013_0_L2A,2025-10-13,0.697037641262186,1.0,S2C_43QBE_20251018_0_L2A+S2C_43QCE_20251018_0_L2A,2025-10-18,0.4260296410116656,1.0,S2C_43QBE_20250610_0_L2A+S2C_43QCE_20250610_0_L2A,2025-06-10
833,0.6382430408808665,1.0,S2B_43QBE_20251013_0_L2A+S2B_43QCE_20251013_0_L2A,2025-10-13,0.626206295229882,1.0,S2C_43QBE_20251018_0_L2A+S2C_43QCE_20251018_0_L2A,2025-10-18,0.47632684739082387,1.0,S2C_43QBE_20250610_0_L2A+S2C_43QCE_20250610_0_L2A,2025-06-10
834,0.62110073311907,1.0,S2B_43QBE_20251013_0_L2A+S2B_43QCE_20251013_0_L2A,2025-10-13,0.5772975338987841,1.0,S2C_43QBE_20251018_0_L2A+S2C_43QCE_20251018_0_L2A,2025-10-18,0.5366374530249329,1.0,S2C_43QBE_20250610_0_L2A+S2C_43QCE_20250610_0_L2A,2025-06-10
835,0.3958786489616195,1.0,S2B_43QBE_20251013_0_L2A+S2B_43QCE_20251013_0_L2A,2025-10-13,0.3628449987986391,1.0,S2C_43QBE_20251018_0_L2A+S2C_43QCE_20251018_0_L2A,2025-10-18,0.5247129429515889,1.0,S2C_43QBE_20250610_0_L2A+S2C_43QCE_20250610_0_L2A,2025-06-10
836,0.41781276281679347,1.0,S2B_43QBE_20251013_0_L2A+S2B_43QCE_20251013_0_L2A,2025-10-13,0.416500998156093,1.0,S2C_43QBE_20251018_0_L2A+S2C_43QCE_20251018_0_L2A,2025-10-18,0.3335003683291306,1.0,S2C_43QBE_20250610_0_L2A+S2C_43QCE_20250610_0_L2A,2025-06-10
837,0.4642166367931039,1.0,S2B_43QBE_20251013_0_L2A+S2B_43QCE_20251013_0_L2A,2025-10-13,0.497728961445798,1.0,S2C_43QBE_20251018_0_L2A+S2C_43QCE_20251018_0_L2A,2025-10-18,0.5938472379574352,1.0,S2C_43QBE_20250610_0_L2A+S2C_43QCE_20250610_0_L2A,2025-06-10
838,0.4721342948124264,1.0,S2B_43QBE_20251013_0_L2A+S2B_43QCE_20251013_0_L2A,2025-10-13,0.5168568600307811,1.0,S2C_43QBE_20251018_0_L2A+S2C_43QCE_20251018_0_L2A,2025-10-18,0.611821591312235,1.0,S2C_43QBE_20250610_0_L2A+S2C_43QCE_20250610_0_L2A,2025-06-10
839,0.6214703640624194,1.0,S2B_43QBE_20251013_0_L2A+S2B_43QCE_20251013_0_L2A,2025-10-13,0.6289574802076181,1.0,S2C_43QBE_20251018_0_L2A+S2C_43QCE_20251018_0_L2A,2025-10-18,0.4675755873361071,1.0,S2C_43QBE_20250610_0_L2A+S2C_43QCE_20250610_0_L2A,2025-06-10
840,0.6461287643302045,1.0,S2B_43QBE_20251013_0_L2A+S2B_43QCE_20251013_0_L2A,2025-10-13,0.651698804087614,1.0,S2C_43QBE_20251018_0_L2A+S2C_43QCE_20251018_0_L2A,2025-10-18,0.3703522486744555,1.0,S2C_43QBE_20250610_0_L2A+S2C_43QCE_20250610_0_L2A,2025-06-10
841,0.6462497634923582,1.0,S2B_43QBE_20251013_0_L2A+S2B_43QCE_20251013_0_L2A,2025-10-13,0.6811516887157006,1.0,S2C_43QBE_20251018_0_L2A+S2C_43QCE_20251018_0_L2A,2025-10-18,0.672113513565243,1.0,S2C_43QBE_20250610_0_L2A+S2C_43QCE_20250610_0_L2A,2025-06-10
842,0.5825924078623453,1.0,S2B_43QBE_20251013_0_L2A+S2B_43QCE_20251013_0_L2A,2025-10-13,0.631700023691705,1.0,S2C_43QBE_20251018_0_L2A+S2C_43QCE_20251018_0_L2A,2025-10-18,0.611567627136589,1.0,S2C_43QBE_20250610_0_L2A+S2C_43QCE_20250610_0_L2A,2025-06-10
843,0.42014610730931345,1.0,S2B_43QBE_20251013_0_L2A+S2B_43QCE_20251013_0_L2A,2025-10-13,0.4734908201365133,1.0,S2C_43QBE_20251018_0_L2A+S2C_43QCE_20251018_0_L2A,2025-10-18,0.38442692003943807,1.0,S2C_43QBE_20250610_0_L2A+S2C_43QCE_20250610_0_L2A,2025-06-10
844,0.36943124667741806,1.0,S2B_43QBE_20251013_0_L2A+S2B_43QCE_20251013_0_L2A,2025-10-13,0.38076078793583135,1.0,S2C_43QBE_20251018_0_L2A+S2C_43QCE_20251018_0_L2A,2025-10-18,0.21656453651132157,1.0,S2C_43QBE_20250610_0_L2A+S2C_43QCE_20250610_0_L2A,2025-06-10
845,0.7007534510603125,1.0,S2B_43QBE_20251013_0_L2A+S2B_43QCE_20251013_0_L2A,2025-10-13,0.7216150417703567,1.0,S2C_43QBE_20251018_0_L2A+S2C_43QCE_20251018_0_L2A,2025-10-18,0.22636157810517657,1.0,S2C_43QBE_20250610_0_L2A+S2C_43QCE_20250610_0_L2A,2025-06-10
846,0.34699646580976357,1.0,S2B_43QBE_20251013_0_L2A+S2B_43QCE_20251013_0_L2A,2025-10-13,0.3620642764640188,1.0,S2C_43QBE_20251018_0_L2A+S2C_43QCE_20251018_0_L2A,2025-10-18,0.27790658083234077,1.0,S2C_43QBE_20250610_0_L2A+S2C_43QCE_20250610_0_L2A,2025-06-10
847,0.34250324015092465,1.0,S2B_43QBE_20251013_0_L2A+S2B_43QCE_20251013_0_L2A,2025-10-13,0.39019395610261315,1.0,S2C_43QBE_20251018_0_L2A+S2C_43QCE_20251018_0_L2A,2025-10-18,0.23237443038920175,1.0,S2C_43QBE_20250610_0_L2A+S2C_43QCE_20250610_0_L2A,2025-06-10
848,0.3151016928953665,1.0,S2B_43QBE_20251013_0_L2A+S2B_43QCE_20251013_0_L2A,2025-10-13,0.4098187562491163,1.0,S2C_43QBE_20251018_0_L2A+S2C_43QCE_20251018_0_L2A,2025-10-18,0.21937108087927834,1.0,S2C_43QBE_20250610_0_L2A+S2C_43QCE_20250610_0_L2A,2025-06-10
849,0.3843444818137943,1.0,S2B_43QBE_20251013_0_L2A+S2B_43QCE_20251013_0_L2A,2025-10-13,0.42495945814717684,1.0,S2C_43QBE_20251018_0_L2A+S2C_43QCE_20251018_0_L2A,2025-10-18,0.1637472574925451,1.0,S2C_43QBE_20250610_0_L2A+S2C_43QCE_20250610_0_L2A,2025-06-10
850,0.669369878114495,1.0,S2B_43QBE_20251013_0_L2A+S2B_43QCE_20251013_0_L2A,2025-10-13,0.6980242555490284,1.0,S2C_43QBE_20251018_0_L2A+S2C_43QCE_20251018_0_L2A,2025-10-18,0.4649418623444535,1.0,S2C_43QBE_20250610_0_L2A+S2C_43QCE_20250610_0_L2A,2025-06-10
851,0.491818498159996,1.0,S2B_43QBE_20251013_0_L2A+S2B_43QCE_20251013_0_L2A,2025-10-13,0.4801615108781894,1.0,S2C_43QBE_20251018_0_L2A+S2C_43QCE_20251018_0_L2A,2025-10-18,0.5029121063508009,1.0,S2C_43QBE_20250610_0_L2A+S2C_43QCE_20250610_0_L2A,2025-06-10
852,0.4346751965692999,1.0,S2B_43QBE_20251013_0_L2A+S2B_43QCE_20251013_0_L2A,2025-10-13,0.5279623790661545,1.0,S2C_43QBE_20251018_0_L2A+S2C_43QCE_20251018_0_L2A,2025-10-18,0.2365813157283698,1.0,S2C_43QBE_20250610_0_L2A+S2C_43QCE_20250610_0_L2A,2025-06-10
853,0.4122204002455847,1.0,S2B_43QBE_20251013_0_L2A+S2B_43QCE_20251013_0_L2A,2025-10-13,0.485892914896886,1.0,S2C_43QBE_20251018_0_L2A+S2C_43QCE_20251018_0_L2A,2025-10-18,0.27246110251493,1.0,S2C_43QBE_20250610_0_L2A+S2C_43QCE_20250610_0_L2A,2025-06-10
854,0.5919567767429996,1.0,S2B_43QBE_20251013_0_L2A+S2B_43QCE_20251013_0_L2A,2025-10-13,0.7051594516614804,1.0,S2C_43QBE_20251018_0_L2A+S2C_43QCE_20251018_0_L2A,2025-10-18,0.4185034543074466,1.0,S2C_43QBE_20250610_0_L2A+S2C_43QCE_20250610_0_L2A,2025-06-10
855,0.4611059479231452,1.0,S2B_43QBE_20251013_0_L2A+S2B_43QCE_20251013_0_L2A,2025-10-13,0.43272921912096163,1.0,S2C_43QBE_20251018_0_L2A+S2C_43QCE_20251018_0_L2A,2025-10-18,0.5103719729332277,1.0,S2C_43QBE_20250610_0_L2A+S2C_43QCE_20250610_0_L2A,2025-06-10
856,0.42926020924347996,1.0,S2B_43QBE_20251013_0_L2A+S2B_43QCE_20251013_0_L2A,2025-10-13,0.44864186428772296,1.0,S2C_43QBE_20251018_0_L2A+S2C_43QCE_20251018_0_L2A,2025-10-18,0.42815550123570395,1.0,S2C_43QBE_20250610_0_L2A+S2C_43QCE_20250610_0_L2A,2025-06-10
857,0.6116201046638452,1.0,S2B_43QBE_20251013_0_L2A+S2B_43QCE_20251013_0_L2A,2025-10-13,0.6160086774871334,1.0,S2C_43QBE_20251018_0_L2A+S2C_43QCE_20251018_0_L2A,2025-10-18,0.5880060632910371,1.0,S2C_43QBE_20250610_0_L2A+S2C_43QCE_20250610_0_L2A,2025-06-10
858,0.47030689863983643,1.0,S2B_43QBE_20251013_0_L2A+S2B_43QCE_20251013_0_L2A,2025-10-13,0.48396517306292824,1.0,S2C_43QBE_20251018_0_L2A+S2C_43QCE_20251018_0_L2A,2025-10-18,0.5003241313160013,1.0,S2C_43QBE_20250610_0_L2A+S2C_43QCE_20250610_0_L2A,2025-06-10
859,0.5891894378350372,1.0,S2B_43QBE_20251013_0_L2A+S2B_43QCE_20251013_0_L2A,2025-10-13,0.6145319882712285,1.0,S2C_43QBE_20251018_0_L2A+S2C_43QCE_20251018_0_L2A,2025-10-18,0.5152794771750884,1.0,S2C_43QBE_20250610_0_L2A+S2C_43QCE_20250610_0_L2A,2025-06-10
860,0.3870341104071287,1.0,S2B_43QBE_20251013_0_L2A+S2B_43QCE_20251013_0_L2A,2025-10-13,0.38706439745275517,1.0,S2C_43QBE_20251018_0_L2A+S2C_43QCE_20251018_0_L2A,2025-10-18,0.38356986015705513,1.0,S2C_43QBE_20250610_0_L2A+S2C_43QCE_20250610_0_L2A,2025-06-10
861,0.663272329529551,1.0,S2B_43QBE_20251013_0_L2A+S2B_43QCE_20251013_0_L2A,2025-10-13,0.6611962815771754,1.0,S2C_43QBE_20251018_0_L2A+S2C_43QCE_20251018_0_L2A,2025-10-18,0.6707707703307347,1.0,S2C_43QBE_20250610_0_L2A+S2C_43QCE_20250610_0_L2A,2025-06-10
862,0.5402143781339876,1.0,S2B_43QBE_20251013_0_L2A+S2B_43QCE_20251013_0_L2A,2025-10-13,0.5692546641932125,1.0,S2C_43QBE_20251018_0_L2A+S2C_43QCE_20251018_0_L2A,2025-10-18,0.5149861422084425,1.0,S2C_43QBE_20250610_0_L2A+S2C_43QCE_20250610_0_L2A,2025-06-10
863,0.509000151763677,1.0,S2B_43QBE_20251013_0_L2A+S2B_43QCE_20251013_0_L2A,2025-10-13,0.5758268579804048,1.0,S2C_43QBE_20251018_0_L2A+S2C_43QCE_20251018_0_L2A,2025-10-18,0.48417961575475316,1.0,S2C_43QBE_20250610_0_L2A+S2C_43QCE_20250610_0_L2A,2025-06-10
864,0.32818067628326963,1.0,S2B_43QBE_20251013_0_L2A+S2B_43QCE_20251013_0_L2A,2025-10-13,0.2870538165258486,1.0,S2C_43QBE_20251018_0_L2A+S2C_43QCE_20251018_0_L2A,2025-10-18,0.6108212632167095,1.0,S2C_43QBE_20250610_0_L2A+S2C_43QCE_20250610_0_L2A,2025-06-10
865,0.344889134038199,1.0,S2B_43QBE_20251013_0_L2A+S2B_43QCE_20251013_0_L2A,2025-10-13,0.32297438730904865,1.0,S2C_43QBE_20251018_0_L2A+S2C_43QCE_20251018_0_L2A,2025-10-18,0.46349867784916093,1.0,S2C_43QBE_20250610_0_L2A+S2C_43QCE_20250610_0_L2A,2025-06-10
866,0.6142213979387671,1.0,S2B_43QBE_20251013_0_L2A+S2B_43QCE_20251013_0_L2A,2025-10-13,0.6060197820552436,1.0,S2C_43QBE_20251018_0_L2A+S2C_43QCE_20251018_0_L2A,2025-10-18,0.42902280230567974,1.0,S2C_43QBE_20250610_0_L2A+S2C_43QCE_20250610_0_L2A,2025-06-10
867,0.6167821922876351,1.0,S2B_43QBE_20251013_0_L2A+S2B_43QCE_20251013_0_L2A,2025-10-13,0.6173597013552812,1.0,S2C_43QBE_20251018_0_L2A+S2C_43QCE_20251018_0_L2A,2025-10-18,0.4097952886209079,1.0,S2C_43QBE_20250610_0_L2A+S2C_43QCE_20250610_0_L2A,2025-06-10
868,0.5763646650028094,1.0,S2B_43QBE_20251013_0_L2A+S2B_43QCE_20251013_0_L2A,2025-10-13,0.5068222841005877,1.0,S2C_43QBE_20251018_0_L2A+S2C_43QCE_20251018_0_L2A,2025-10-18,0.6457380872577597,1.0,S2C_43QBE_20250610_0_L2A+S2C_43QCE_20250610_0_L2A,2025-06-10
869,0.6081918791364255,1.0,S2B_43QBE_20251013_0_L2A+S2B_43QCE_20251013_0_L2A,2025-10-13,0.5904298088553419,1.0,S2C_43QBE_20251018_0_L2A+S2C_43QCE_20251018_0_L2A,2025-10-18,0.6755935472021833,1.0,S2C_43QBE_20250610_0_L2A+S2C_43QCE_20250610_0_L2A,2025-06-10
870,0.6079544695848496,1.0,S2B_43QBE_20251013_0_L2A+S2B_43QCE_20251013_0_L2A,2025-10-13,0.5357409147045497,1.0,S2C_43QBE_20251018_0_L2A+S2C_43QCE_20251018_0_L2A,2025-10-18,0.6561428925112995,1.0,S2C_43QBE_20250610_0_L2A+S2C_43QCE_20250610_0_L2A,2025-06-10
871,0.5110081360790769,1.0,S2B_43QBE_20251013_0_L2A+S2B_43QCE_20251013_0_L2A,2025-10-13,0.5375738409591665,1.0,S2C_43QBE_20251018_0_L2A+S2C_43QCE_20251018_0_L2A,2025-10-18,0.41216172618579744,1.0,S2C_43QBE_20250610_0_L2A+S2C_43QCE_20250610_0_L2A,2025-06-10
872,0.5339511521428609,1.0,S2B_43QBE_20251013_0_L2A+S2B_43QCE_20251013_0_L2A,2025-10-13,0.5628549707807797,1.0,S2C_43QBE_20251018_0_L2A+S2C_43QCE_20251018_0_L2A,2025-10-18,0.40466470973525975,1.0,S2C_43QBE_20250610_0_L2A+S2C_43QCE_20250610_0_L2A,2025-06-10
873,0.6683708736615152,1.0,S2B_43QBE_20251013_0_L2A+S2B_43QCE_20251013_0_L2A,2025-10-13,0.7011687994373511,1.0,S2C_43QBE_20251018_0_L2A+S2C_43QCE_20251018_0_L2A,2025-10-18,0.5688851698307518,1.0,S2C_43QBE_20250610_0_L2A+S2C_43QCE_20250610_0_L2A,2025-06-10
874,0.2520982820936734,1.0,S2B_43QBE_20251013_0_L2A+S2B_43QCE_20251013_0_L2A,2025-10-13,0.24560246097062782,1.0,S2C_43QBE_20251018_0_L2A+S2C_43QCE_20251018_0_L2A,2025-10-18,0.5499891768947858,1.0,S2C_43QBE_20250610_0_L2A+S2C_43QCE_20250610_0_L2A,2025-06-10
875,0.6893485667637165,1.0,S2B_43QBE_20251013_0_L2A+S2B_43QCE_20251013_0_L2A,2025-10-13,0.6952554607259025,1.0,S2C_43QBE_20251018_0_L2A+S2C_43QCE_20251018_0_L2A,2025-10-18,0.5953733137258217,1.0,S2C_43QBE_20250610_0_L2A+S2C_43QCE_20250610_0_L2A,2025-06-10
876,0.6234658620330725,1.0,S2B_43QBE_20251013_0_L2A+S2B_43QCE_20251013_0_L2A,2025-10-13,0.6521098464615782,1.0,S2C_43QBE_20251018_0_L2A+S2C_43QCE_20251018_0_L2A,2025-10-18,0.3866934957798947,1.0,S2C_43QBE_20250610_0_L2A+S2C_43QCE_20250610_0_L2A,2025-06-10
877,0.5597816769908095,1.0,S2B_43QBE_20251013_0_L2A+S2B_43QCE_20251013_0_L2A,2025-10-13,0.5538200513726262,1.0,S2C_43QBE_20251018_0_L2A+S2C_43QCE_20251018_0_L2A,2025-10-18,0.3038650209689064,1.0,S2C_43QBE_20250610_0_L2A+S2C_43QCE_20250610_0_L2A,2025-06-10
878,0.6934158621746817,1.0,S2B_43QBE_20251013_0_L2A+S2B_43QCE_20251013_0_L2A,2025-10-13,0.7127109075218071,1.0,S2C_43QBE_20251018_0_L2A+S2C_43QCE_20251018_0_L2A,2025-10-18,0.4590185139512206,1.0,S2C_43QBE_20250610_0_L2A+S2C_43QCE_20250610_0_L2A,2025-06-10
879,0.5968103643497612,1.0,S2B_43QBE_20251013_0_L2A+S2B_43QCE_20251013_0_L2A,2025-10-13,0.5045406952756629,1.0,S2C_43QBE_20251018_0_L2A+S2C_43QCE_20251018_0_L2A,2025-10-18,0.4012705741006268,1.0,S2C_43QBE_20250610_0_L2A+S2C_43QCE_20250610_0_L2A,2025-06-10
880,0.4795239987452882,1.0,S2B_43QBE_20251013_0_L2A+S2B_43QCE_20251013_0_L2A,2025-10-13,0.35870823456464773,1.0,S2C_43QBE_20251018_0_L2A+S2C_43QCE_20251018_0_L2A,2025-10-18,0.297540557133797,1.0,S2C_43QBE_20250610_0_L2A+S2C_43QCE_20250610_0_L2A,2025-06-10
881,0.5550952698312589,1.0,S2B_43QBE_20251013_0_L2A+S2B_43QCE_20251013_0_L2A,2025-10-13,0.5075972772720225,1.0,S2C_43QBE_20251018_0_L2A+S2C_43QCE_20251018_0_L2A,2025-10-18,0.26713607000285605,1.0,S2C_43QBE_20250610_0_L2A+S2C_43QCE_20250610_0_L2A,2025-06-10
882,0.4685954135260346,1.0,S2B_43QBE_20251013_0_L2A+S2B_43QCE_20251013_0_L2A,2025-10-13,0.46283465090764647,1.0,S2C_43QBE_20251018_0_L2A+S2C_43QCE_20251018_0_L2A,2025-10-18,0.36853343420987233,1.0,S2C_43QBE_20250610_0_L2A+S2C_43QCE_20250610_0_L2A,2025-06-10
883,0.6309244918555571,1.0,S2B_43QBE_20251013_0_L2A+S2B_43QCE_20251013_0_L2A,2025-10-13,0.6264528394605794,1.0,S2C_43QBE_20251018_0_L2A+S2C_43QCE_20251018_0_L2A,2025-10-18,0.4792582221215691,1.0,S2C_43QBE_20250610_0_L2A+S2C_43QCE_20250610_0_L2A,2025-06-10
884,0.5467484683058831,1.0,S2B_43QBE_20251013_0_L2A+S2B_43QCE_20251013_0_L2A,2025-10-13,0.6092355617981279,1.0,S2C_43QBE_20251018_0_L2A+S2C_43QCE_20251018_0_L2A,2025-10-18,0.3239084422941809,1.0,S2C_43QBE_20250610_0_L2A+S2C_43QCE_20250610_0_L2A,2025-06-10
885,0.4223674881230494,1.0,S2B_43QBE_20251013_0_L2A+S2B_43QCE_20251013_0_L2A,2025-10-13,0.5051342047703494,1.0,S2C_43QBE_20251018_0_L2A+S2C_43QCE_20251018_0_L2A,2025-10-18,0.27221147979900334,1.0,S2C_43QBE_20250610_0_L2A+S2C_43QCE_20250610_0_L2A,2025-06-10
886,0.39319113705985737,1.0,S2B_43QBE_20251013_0_L2A+S2B_43QCE_20251013_0_L2A,2025-10-13,0.46894170106617994,1.0,S2C_43QBE_20251018_0_L2A+S2C_43QCE_20251018_0_L2A,2025-10-18,0.3285209903534062,1.0,S2C_43QBE_20250610_0_L2A+S2C_43QCE_20250610_0_L2A,2025-06-10
887,0.5062947165873521,1.0,S2B_43QBE_20251013_0_L2A+S2B_43QCE_20251013_0_L2A,2025-10-13,0.4981183036996626,1.0,S2C_43QBE_20251018_0_L2A+S2C_43QCE_20251018_0_L2A,2025-10-18,0.339967836495778,1.0,S2C_43QBE_20250610_0_L2A+S2C_43QCE_20250610_0_L2A,2025-06-10
888,0.3309569110225264,1.0,S2B_43QBE_20251013_0_L2A+S2B_43QCE_20251013_0_L2A,2025-10-13,0.30060610606188787,1.0,S2C_43QBE_20251018_0_L2A+S2C_43QCE_20251018_0_L2A,2025-10-18,0.30620283677443205,1.0,S2C_43QBE_20250610_0_L2A+S2C_43QCE_20250610_0_L2A,2025-06-10
889,0.355557402024358,1.0,S2B_43QBE_20251013_0_L2A+S2B_43QCE_20251013_0_L2A,2025-10-13,0.35803470348719485,1.0,S2C_43QBE_20251018_0_L2A+S2C_43QCE_20251018_0_L2A,2025-10-18,0.23983423709869384,1.0,S2C_43QBE_20250610_0_L2A+S2C_43QCE_20250610_0_L2A,2025-06-10
890,0.3188647678631559,1.0,S2B_43QBE_20251013_0_L2A+S2B_43QCE_20251013_0_L2A,2025-10-13,0.30976217055003236,1.0,S2C_43QBE_20251018_0_L2A+S2C_43QCE_20251018_0_L2A,2025-10-18,0.2549149476587051,1.0,S2C_43QBE_20250610_0_L2A+S2C_43QCE_20250610_0_L2A,2025-06-10
891,0.40249507420777186,1.0,S2B_43QBE_20251013_0_L2A+S2B_43QCE_20251013_0_L2A,2025-10-13,0.40769560374458846,1.0,S2C_43QBE_20251018_0_L2A+S2C_43QCE_20251018_0_L2A,2025-10-18,0.33304205175301915,1.0,S2C_43QBE_20250610_0_L2A+S2C_43QCE_20250610_0_L2A,2025-06-10
892,0.6402657072875918,1.0,S2B_43QBE_20251013_0_L2A+S2B_43QCE_20251013_0_L2A,2025-10-13,0.6670230113968407,1.0,S2C_43QBE_20251018_0_L2A+S2C_43QCE_20251018_0_L2A,2025-10-18,0.3182735574460521,1.0,S2C_43QBE_20250610_0_L2A+S2C_43QCE_20250610_0_L2A,2025-06-10
893,0.548631779248676,1.0,S2B_43QBE_20251013_0_L2A+S2B_43QCE_20251013_0_L2A,2025-10-13,0.5643011493788611,1.0,S2C_43QBE_20251018_0_L2A+S2C_43QCE_20251018_0_L2A,2025-10-18,0.2928441292606294,1.0,S2C_43QBE_20250610_0_L2A+S2C_43QCE_20250610_0_L2A,2025-06-10
894,0.3958722966703198,1.0,S2B_43QBE_20251013_0_L2A+S2B_43QCE_20251013_0_L2A,2025-10-13,0.3986133664011759,1.0,S2C_43QBE_20251018_0_L2A+S2C_43QCE_20251018_0_L2A,2025-10-18,0.28792608103406486,1.0,S2C_43QBE_20250610_0_L2A+S2C_43QCE_20250610_0_L2A,2025-06-10
895,0.4140765603148041,1.0,S2B_43QBE_20251013_0_L2A+S2B_43QCE_20251013_0_L2A,2025-10-13,0.41372821658238734,1.0,S2C_43QBE_20251018_0_L2A+S2C_43QCE_20251018_0_L2A,2025-10-18,0.3019527054321793,1.0,S2C_43QBE_20250610_0_L2A+S2C_43QCE_20250610_0_L2A,2025-06-10
896,0.43877615242064755,1.0,S2B_43QBE_20251013_0_L2A+S2B_43QCE_20251013_0_L2A,2025-10-13,0.4376245298114004,1.0,S2C_43QBE_20251018_0_L2A+S2C_43QCE_20251018_0_L2A,2025-10-18,0.5212722393229038,1.0,S2C_43QBE_20250610_0_L2A+S2C_43QCE_20250610_0_L2A,2025-06-10
897,0.5511783623721364,1.0,S2B_43QBE_20251013_0_L2A+S2B_43QCE_20251013_0_L2A,2025-10-13,0.565145098019478,1.0,S2C_43QBE_20251018_0_L2A+S2C_43QCE_20251018_0_L2A,2025-10-18,0.6816557096100824,1.0,S2C_43QBE_20250610_0_L2A+S2C_43QCE_20250610_0_L2A,2025-06-10
898,0.6494602572356639,1.0,S2B_43QBE_20251013_0_L2A+S2B_43QCE_20251013_0_L2A,2025-10-13,0.656960023024157,1.0,S2C_43QBE_20251018_0_L2A+S2C_43QCE_20251018_0_L2A,2025-10-18,0.6074912862793747,1.0,S2C_43QBE_20250610_0_L2A+S2C_43QCE_20250610_0_L2A,2025-06-10
899,0.5629258012930376,1.0,S2B_43QBE_20251013_0_L2A+S2B_43QCE_20251013_0_L2A,2025-10-13,0.5729158152221443,1.0,S2C_43QBE_20251018_0_L2A+S2C_43QCE_20251018_0_L2A,2025-10-18,0.5533682294810123,1.0,S2C_43QBE_20250610_0_L2A+S2C_43QCE_20250610_0_L2A,2025-06-10
900,0.3949910981150774,1.0,S2B_43QBE_20251013_0_L2A+S2B_43QCE_20251013_0_L2A,2025-10-13,0.3826560500292824,1.0,S2C_43QBE_20251018_0_L2A+S2C_43QCE_20251018_0_L2A,2025-10-18,0.3092547758983878,1.0,S2C_43QBE_20250610_0_L2A+S2C_43QCE_20250610_0_L2A,2025-06-10
901,0.6974100232541874,1.0,S2B_43QBE_20251013_0_L2A+S2B_43QCE_20251013_0_L2A,2025-10-13,0.7252841359053309,1.0,S2C_43QBE_20251018_0_L2A+S2C_43QCE_20251018_0_L2A,2025-10-18,0.3437806961310933,1.0,S2C_43QBE_20250610_0_L2A+S2C_43QCE_20250610_0_L2A,2025-06-10
902,0.722009422681103,1.0,S2B_43QBE_20251013_0_L2A+S2B_43QCE_20251013_0_L2A,2025-10-13,0.7293585571524215,1.0,S2C_43QBE_20251018_0_L2A+S2C_43QCE_20251018_0_L2A,2025-10-18,0.34012227025750563,1.0,S2C_43QBE_20250610_0_L2A+S2C_43QCE_20250610_0_L2A,2025-06-10
903,0.6371349861398775,1.0,S2B_43QBE_20251013_0_L2A+S2B_43QCE_20251013_0_L2A,2025-10-13,0.6065923348504897,1.0,S2C_43QBE_20251018_0_L2A+S2C_43QCE_20251018_0_L2A,2025-10-18,0.3978126882983927,1.0,S2C_43QBE_20250610_0_L2A+S2C_43QCE_20250610_0_L2A,2025-06-10
904,0.642165943436379,1.0,S2B_43QBE_20251013_0_L2A+S2B_43QCE_20251013_0_L2A,2025-10-13,0.6073449788084866,1.0,S2C_43QBE_20251018_0_L2A+S2C_43QCE_20251018_0_L2A,2025-10-18,0.4047848787294687,1.0,S2C_43QBE_20250610_0_L2A+S2C_43QCE_20250610_0_L2A,2025-06-10
905,0.5917379447529393,1.0,S2B_43QBE_20251013_0_L2A+S2B_43QCE_20251013_0_L2A,2025-10-13,0.5907029154907418,1.0,S2C_43QBE_20251018_0_L2A+S2C_43QCE_20251018_0_L2A,2025-10-18,0.5288376444984081,1.0,S2C_43QBE_20250610_0_L2A+S2C_43QCE_20250610_0_L2A,2025-06-10
906,0.5386550377218091,1.0,S2B_43QBE_20251013_0_L2A+S2B_43QCE_20251013_0_L2A,2025-10-13,0.5298048368522099,1.0,S2C_43QBE_20251018_0_L2A+S2C_43QCE_20251018_0_L2A,2025-10-18,0.430899900380446,1.0,S2C_43QBE_20250610_0_L2A+S2C_43QCE_20250610_0_L2A,2025-06-10
907,0.3583588803003318,1.0,S2B_43QBE_20251013_0_L2A+S2B_43QCE_20251013_0_L2A,2025-10-13,0.3305084365755548,1.0,S2C_43QBE_20251018_0_L2A+S2C_43QCE_20251018_0_L2A,2025-10-18,0.2884492962166675,1.0,S2C_43QBE_20250610_0_L2A+S2C_43QCE_20250610_0_L2A,2025-06-10
908,0.3767178336927547,1.0,S2B_43QBE_20251013_0_L2A+S2B_43QCE_20251013_0_L2A,2025-10-13,0.40652875935853416,1.0,S2C_43QBE_20251018_0_L2A+S2C_43QCE_20251018_0_L2A,2025-10-18,0.48463069390301683,1.0,S2C_43QBE_20250610_0_L2A+S2C_43QCE_20250610_0_L2A,2025-06-10
909,0.6728460488685902,1.0,S2B_43QBE_20251013_0_L2A+S2B_43QCE_20251013_0_L2A,2025-10-13,0.7047172691279889,1.0,S2C_43QBE_20251018_0_L2A+S2C_43QCE_20251018_0_L2A,2025-10-18,0.4033244665235886,1.0,S2C_43QBE_20250610_0_L2A+S2C_43QCE_20250610_0_L2A,2025-06-10
910,0.7060100155918767,1.0,S2B_43QBE_20251013_0_L2A+S2B_43QCE_20251013_0_L2A,2025-10-13,0.6826708305891374,1.0,S2C_43QBE_20251018_0_L2A+S2C_43QCE_20251018_0_L2A,2025-10-18,0.5481548203619994,1.0,S2C_43QBE_20250610_0_L2A+S2C_43QCE_20250610_0_L2A,2025-06-10
911,0.519770079312013,1.0,S2B_43QBE_20251013_0_L2A+S2B_43QCE_20251013_0_L2A,2025-10-13,0.5581579661848557,1.0,S2C_43QBE_20251018_0_L2A+S2C_43QCE_20251018_0_L2A,2025-10-18,0.5800857581085895,1.0,S2C_43QBE_20250610_0_L2A+S2C_43QCE_20250610_0_L2A,2025-06-10
912,0.5390719772215341,1.0,S2B_43QBE_20251013_0_L2A+S2B_43QCE_20251013_0_L2A,2025-10-13,0.4936224924903726,1.0,S2C_43QBE_20251018_0_L2A+S2C_43QCE_20251018_0_L2A,2025-10-18,0.5947008616080856,1.0,S2C_43QBE_20250610_0_L2A+S2C_43QCE_20250610_0_L2A,2025-06-10
913,0.36995548401736883,1.0,S2B_43QBE_20251013_0_L2A+S2B_43QCE_20251013_0_L2A,2025-10-13,0.3830699381943805,1.0,S2C_43QBE_20251018_0_L2A+S2C_43QCE_20251018_0_L2A,2025-10-18,0.33408753112938167,1.0,S2C_43QBE_20250610_0_L2A+S2C_43QCE_20250610_0_L2A,2025-06-10
914,0.3966158840915637,1.0,S2B_43QBE_20251013_0_L2A+S2B_43QCE_20251013_0_L2A,2025-10-13,0.46564326644515713,1.0,S2C_43QBE_20251018_0_L2A+S2C_43QCE_20251018_0_L2A,2025-10-18,0.29670281942605875,1.0,S2C_43QBE_20250610_0_L2A+S2C_43QCE_20250610_0_L2A,2025-06-10
915,0.3726190594156048,1.0,S2B_43QBE_20251013_0_L2A+S2B_43QCE_20251013_0_L2A,2025-10-13,0.43431472490146084,1.0,S2C_43QBE_20251018_0_L2A+S2C_43QCE_20251018_0_L2A,2025-10-18,0.3020548420152291,1.0,S2C_43QBE_20250610_0_L2A+S2C_43QCE_20250610_0_L2A,2025-06-10
916,0.40085446996395,1.0,S2B_43QBE_20251013_0_L2A+S2B_43QCE_20251013_0_L2A,2025-10-13,0.4104075202714968,1.0,S2C_43QBE_20251018_0_L2A+S2C_43QCE_20251018_0_L2A,2025-10-18,0.3209930366954111,1.0,S2C_43QBE_20250610_0_L2A+S2C_43QCE_20250610_0_L2A,2025-06-10
917,0.4046878022810368,1.0,S2B_43QBE_20251013_0_L2A+S2B_43QCE_20251013_0_L2A,2025-10-13,0.428470197536664,1.0,S2C_43QBE_20251018_0_L2A+S2C_43QCE_20251018_0_L2A,2025-10-18,0.4782198755026906,1.0,S2C_43QBE_20250610_0_L2A+S2C_43QCE_20250610_0_L2A,2025-06-10
918,0.5969309065592429,1.0,S2B_43QBE_20251013_0_L2A+S2B_43QCE_20251013_0_L2A,2025-10-13,0.6102902597026603,1.0,S2C_43QBE_20251018_0_L2A+S2C_43QCE_20251018_0_L2A,2025-10-18,0.5124496679593616,1.0,S2C_43QBE_20250610_0_L2A+S2C_43QCE_20250610_0_L2A,2025-06-10
919,0.4331581428935185,1.0,S2B_43QBE_20251013_0_L2A+S2B_43QCE_20251013_0_L2A,2025-10-13,0.25962803031199544,1.0,S2C_43QBE_20251018_0_L2A+S2C_43QCE_20251018_0_L2A,2025-10-18,0.5456165500931976,1.0,S2C_43QBE_20250610_0_L2A+S2C_43QCE_20250610_0_L2A,2025-06-10
920,0.5236708431010754,1.0,S2B_43QBE_20251013_0_L2A+S2B_43QCE_20251013_0_L2A,2025-10-13,0.4919633111895875,1.0,S2C_43QBE_20251018_0_L2A+S2C_43QCE_20251018_0_L2A,2025-10-18,0.33506618536939625,1.0,S2C_43QBE_20250610_0_L2A+S2C_43QCE_20250610_0_L2A,2025-06-10
921,0.4558452180035532,1.0,S2B_43QBE_20251013_0_L2A+S2B_43QCE_20251013_0_L2A,2025-10-13,0.45103155153469954,1.0,S2C_43QBE_20251018_0_L2A+S2C_43QCE_20251018_0_L2A,2025-10-18,0.4132514947506455,1.0,S2C_43QBE_20250610_0_L2A+S2C_43QCE_20250610_0_L2A,2025-06-10
922,0.6129819639637822,1.0,S2B_43QBE_20251013_0_L2A+S2B_43QCE_20251013_0_L2A,2025-10-13,0.6603978045406889,1.0,S2C_43QBE_20251018_0_L2A+S2C_43QCE_20251018_0_L2A,2025-10-18,0.37447588194589143,1.0,S2C_43QBE_20250610_0_L2A+S2C_43QCE_20250610_0_L2A,2025-06-10
923,0.3099995337860294,1.0,S2B_43QBE_20251013_0_L2A+S2B_43QCE_20251013_0_L2A,2025-10-13,0.30061088778354506,1.0,S2C_43QBE_20251018_0_L2A+S2C_43QCE_20251018_0_L2A,2025-10-18,0.35131791675532303,1.0,S2C_43QBE_20250610_0_L2A+S2C_43QCE_20250610_0_L2A,2025-06-10
924,0.35855918051063856,1.0,S2B_43QBE_20251013_0_L2A+S2B_43QCE_20251013_0_L2A,2025-10-13,0.34790470374850774,1.0,S2C_43QBE_20251018_0_L2A+S2C_43QCE_20251018_0_L2A,2025-10-18,0.35443109156578545,1.0,S2C_43QBE_20250610_0_L2A+S2C_43QCE_20250610_0_L2A,2025-06-10
925,0.3547504065448747,1.0,S2B_43QBE_20251013_0_L2A+S2B_43QCE_20251013_0_L2A,2025-10-13,0.372209851063934,1.0,S2C_43QBE_20251018_0_L2A+S2C_43QCE_20251018_0_L2A,2025-10-18,0.35449667377214805,1.0,S2C_43QBE_20250610_0_L2A+S2C_43QCE_20250610_0_L2A,2025-06-10
926,0.4297024982344823,1.0,S2B_43QBE_20251013_0_L2A+S2B_43QCE_20251013_0_L2A,2025-10-13,0.5024567981159647,1.0,S2C_43QBE_20251018_0_L2A+S2C_43QCE_20251018_0_L2A,2025-10-18,0.5278462363413288,1.0,S2C_43QBE_20250610_0_L2A+S2C_43QCE_20250610_0_L2A,2025-06-10
927,0.5234370256391027,1.0,S2B_43QBE_20251013_0_L2A+S2B_43QCE_20251013_0_L2A,2025-10-13,0.513534379605315,1.0,S2C_43QBE_20251018_0_L2A+S2C_43QCE_20251018_0_L2A,2025-10-18,0.37015053092770717,1.0,S2C_43QBE_20250610_0_L2A+S2C_43QCE_20250610_0_L2A,2025-06-10
928,0.6157891617880927,1.0,S2B_43QBE_20251013_0_L2A+S2B_43QCE_20251013_0_L2A,2025-10-13,0.6054411503971587,1.0,S2C_43QBE_20251018_0_L2A+S2C_43QCE_20251018_0_L2A,2025-10-18,0.3865804751489026,1.0,S2C_43QBE_20250610_0_L2A+S2C_43QCE_20250610_0_L2A,2025-06-10
929,0.7324619616467528,1.0,S2B_43QBE_20251013_0_L2A+S2B_43QCE_20251013_0_L2A,2025-10-13,0.7412696448571843,1.0,S2C_43QBE_20251018_0_L2A+S2C_43QCE_20251018_0_L2A,2025-10-18,0.43443172241281147,1.0,S2C_43QBE_20250610_0_L2A+S2C_43QCE_20250610_0_L2A,2025-06-10
930,0.5985473611674171,1.0,S2B_43QBE_20251013_0_L2A+S2B_43QCE_20251013_0_L2A,2025-10-13,0.5874824161036011,1.0,S2C_43QBE_20251018_0_L2A+S2C_43QCE_20251018_0_L2A,2025-10-18,0.35354789318105767,1.0,S2C_43QBE_20250610_0_L2A+S2C_43QCE_20250610_0_L2A,2025-06-10
931,0.6406566553191333,1.0,S2B_43QBE_20251013_0_L2A+S2B_43QCE_20251013_0_L2A,2025-10-13,0.6252554824924721,1.0,S2C_43QBE_20251018_0_L2A+S2C_43QCE_20251018_0_L2A,2025-10-18,0.4183292956025116,1.0,S2C_43QBE_20250610_0_L2A+S2C_43QCE_20250610_0_L2A,2025-06-10
932,0.6644417721231932,1.0,S2B_43QBE_20251013_0_L2A+S2B_43QCE_20251013_0_L2A,2025-10-13,0.6304982946166888,1.0,S2C_43QBE_20251018_0_L2A+S2C_43QCE_20251018_0_L2A,2025-10-18,0.44190493302348977,1.0,S2C_43QBE_20250610_0_L2A+S2C_43QCE_20250610_0_L2A,2025-06-10
933,0.5651675679391474,1.0,S2B_43QBE_20251013_0_L2A+S2B_43QCE_20251013_0_L2A,2025-10-13,0.5415740777689102,1.0,S2C_43QBE_20251018_0_L2A+S2C_43QCE_20251018_0_L2A,2025-10-18,0.4122907311388377,1.0,S2C_43QBE_20250610_0_L2A+S2C_43QCE_20250610_0_L2A,2025-06-10
934,0.4087379306681613,1.0,S2B_43QBE_20251013_0_L2A+S2B_43QCE_20251013_0_L2A,2025-10-13,0.3988061539289799,1.0,S2C_43QBE_20251018_0_L2A+S2C_43QCE_20251018_0_L2A,2025-10-18,0.34529600404678507,1.0,S2C_43QBE_20250610_0_L2A+S2C_43QCE_20250610_0_L2A,2025-06-10
935,0.37590710105152303,1.0,S2B_43QBE_20251013_0_L2A+S2B_43QCE_20251013_0_L2A,2025-10-13,0.36534701300050143,1.0,S2C_43QBE_20251018_0_L2A+S2C_43QCE_20251018_0_L2A,2025-10-18,0.38243412208666494,1.0,S2C_43QBE_20250610_0_L2A+S2C_43QCE_20250610_0_L2A,2025-06-10
936,0.36382782861376495,1.0,S2B_43QBE_20251013_0_L2A+S2B_43QCE_20251013_0_L2A,2025-10-13,0.33941619169483916,1.0,S2C_43QBE_20251018_0_L2A+S2C_43QCE_20251018_0_L2A,2025-10-18,0.5574831310356633,1.0,S2C_43QBE_20250610_0_L2A+S2C_43QCE_20250610_0_L2A,2025-06-10
937,0.40189192743015145,1.0,S2B_43QBE_20251013_0_L2A+S2B_43QCE_20251013_0_L2A,2025-10-13,0.4135309477481074,1.0,S2C_43QBE_20251018_0_L2A+S2C_43QCE_20251018_0_L2A,2025-10-18,0.4501584834761714,1.0,S2C_43QBE_20250610_0_L2A+S2C_43QCE_20250610_0_L2A,2025-06-10
938,0.6318566647656445,1.0,S2B_43QBE_20251013_0_L2A+S2B_43QCE_20251013_0_L2A,2025-10-13,0.6265592913322261,1.0,S2C_43QBE_20251018_0_L2A+S2C_43QCE_20251018_0_L2A,2025-10-18,0.5419916788051868,1.0,S2C_43QBE_20250610_0_L2A+S2C_43QCE_20250610_0_L2A,2025-06-10
939,0.73928425884671,1.0,S2B_43QBE_20251013_0_L2A+S2B_43QCE_20251013_0_L2A,2025-10-13,0.747424710671755,1.0,S2C_43QBE_20251018_0_L2A+S2C_43QCE_20251018_0_L2A,2025-10-18,0.37417938947412505,1.0,S2C_43QBE_20250610_0_L2A+S2C_43QCE_20250610_0_L2A,2025-06-10
940,0.4526183021720222,1.0,S2B_43QBE_20251013_0_L2A+S2B_43QCE_20251013_0_L2A,2025-10-13,0.30521717108011387,1.0,S2C_43QBE_20251018_0_L2A+S2C_43QCE_20251018_0_L2A,2025-10-18,0.4184718108467594,1.0,S2C_43QBE_20250610_0_L2A+S2C_43QCE_20250610_0_L2A,2025-06-10
941,0.7516094945725941,1.0,S2B_43QBE_20251013_0_L2A+S2B_43QCE_20251013_0_L2A,2025-10-13,0.7359568655806243,1.0,S2C_43QBE_20251018_0_L2A+S2C_43QCE_20251018_0_L2A,2025-10-18,0.4265929819099487,1.0,S2C_43QBE_20250610_0_L2A+S2C_43QCE_20250610_0_L2A,2025-06-10
942,0.7444613104866397,1.0,S2B_43QBE_20251013_0_L2A+S2B_43QCE_20251013_0_L2A,2025-10-13,0.7275872927519583,1.0,S2C_43QBE_20251018_0_L2A+S2C_43QCE_20251018_0_L2A,2025-10-18,0.53442227642142,1.0,S2C_43QBE_20250610_0_L2A+S2C_43QCE_20250610_0_L2A,2025-06-10
943,0.44092995996097867,1.0,S2B_43QBE_20251013_0_L2A+S2B_43QCE_20251013_0_L2A,2025-10-13,0.4667664621159327,1.0,S2C_43QBE_20251018_0_L2A+S2C_43QCE_20251018_0_L2A,2025-10-18,0.5491723892928885,1.0,S2C_43QBE_20250610_0_L2A+S2C_43QCE_20250610_0_L2A,2025-06-10
944,0.45786972345138083,1.0,S2B_43QBE_20251013_0_L2A+S2B_43QCE_20251013_0_L2A,2025-10-13,0.47638575804476835,1.0,S2C_43QBE_20251018_0_L2A+S2C_43QCE_20251018_0_L2A,2025-10-18,0.5715922960699821,1.0,S2C_43QBE_20250610_0_L2A+S2C_43QCE_20250610_0_L2A,2025-06-10
945,0.4220669869363376,1.0,S2B_43QBE_20251013_0_L2A+S2B_43QCE_20251013_0_L2A,2025-10-13,0.418384543382152,1.0,S2C_43QBE_20251018_0_L2A+S2C_43QCE_20251018_0_L2A,2025-10-18,0.4037492372018775,1.0,S2C_43QBE_20250610_0_L2A+S2C_43QCE_20250610_0_L2A,2025-06-10
946,0.7212902636843432,1.0,S2B_43QBE_20251013_0_L2A+S2B_43QCE_20251013_0_L2A,2025-10-13,0.8154142457223588,1.0,S2C_43QBE_20251018_0_L2A+S2C_43QCE_20251018_0_L2A,2025-10-18,0.48532284579774904,1.0,S2C_43QBE_20250610_0_L2A+S2C_43QCE_20250610_0_L2A,2025-06-10
947,0.4676193431789542,1.0,S2B_43QBE_20251013_0_L2A+S2B_43QCE_20251013_0_L2A,2025-10-13,0.526388469437222,1.0,S2C_43QBE_20251018_0_L2A+S2C_43QCE_20251018_0_L2A,2025-10-18,0.40156726612664223,1.0,S2C_43QBE_20250610_0_L2A+S2C_43QCE_20250610_0_L2A,2025-06-10
948,0.3458634311074457,1.0,S2B_43QBE_20251013_0_L2A+S2B_43QCE_20251013_0_L2A,2025-10-13,0.32720487842118057,1.0,S2C_43QBE_20251018_0_L2A+S2C_43QCE_20251018_0_L2A,2025-10-18,0.6043129878732749,1.0,S2C_43QBE_20250610_0_L2A+S2C_43QCE_20250610_0_L2A,2025-06-10
949,0.6096837951464856,1.0,S2B_43QBE_20251013_0_L2A+S2B_43QCE_20251013_0_L2A,2025-10-13,0.6257269920186793,1.0,S2C_43QBE_20251018_0_L2A+S2C_43QCE_20251018_0_L2A,2025-10-18,0.6239667550839009,1.0,S2C_43QBE_20250610_0_L2A+S2C_43QCE_20250610_0_L2A,2025-06-10
950,0.5792630433971678,1.0,S2B_43QBE_20251013_0_L2A+S2B_43QCE_20251013_0_L2A,2025-10-13,0.6054656313790789,1.0,S2C_43QBE_20251018_0_L2A+S2C_43QCE_20251018_0_L2A,2025-10-18,0.4871466466884572,1.0,S2C_43QBE_20250610_0_L2A+S2C_43QCE_20250610_0_L2A,2025-06-10
951,0.4025492765864388,1.0,S2B_43QBE_20251013_0_L2A+S2B_43QCE_20251013_0_L2A,2025-10-13,0.3484636875310045,1.0,S2C_43QBE_20251018_0_L2A+S2C_43QCE_20251018_0_L2A,2025-10-18,0.5142295894145407,1.0,S2C_43QBE_20250610_0_L2A+S2C_43QCE_20250610_0_L2A,2025-06-10
952,0.6309850232832598,1.0,S2B_43QBE_20251013_0_L2A+S2B_43QCE_20251013_0_L2A,2025-10-13,0.6234855976624366,1.0,S2C_43QBE_20251018_0_L2A+S2C_43QCE_20251018_0_L2A,2025-10-18,0.5098695877816651,1.0,S2C_43QBE_20250610_0_L2A+S2C_43QCE_20250610_0_L2A,2025-06-10
953,0.4312504434571596,1.0,S2B_43QBE_20251013_0_L2A+S2B_43QCE_20251013_0_L2A,2025-10-13,0.4679531609467018,1.0,S2C_43QBE_20251018_0_L2A+S2C_43QCE_20251018_0_L2A,2025-10-18,0.4676669949942988,1.0,S2C_43QBE_20250610_0_L2A+S2C_43QCE_20250610_0_L2A,2025-06-10
954,0.5195780742246939,1.0,S2B_43QBE_20251013_0_L2A+S2B_43QCE_20251013_0_L2A,2025-10-13,0.5462969341995164,1.0,S2C_43QBE_20251018_0_L2A+S2C_43QCE_20251018_0_L2A,2025-10-18,0.4605027153908094,1.0,S2C_43QBE_20250610_0_L2A+S2C_43QCE_20250610_0_L2A,2025-06-10
955,0.5530349757101649,1.0,S2B_43QBE_20251013_0_L2A+S2B_43QCE_20251013_0_L2A,2025-10-13,0.5517328583472294,1.0,S2C_43QBE_20251018_0_L2A+S2C_43QCE_20251018_0_L2A,2025-10-18,0.44625855409182036,1.0,S2C_43QBE_20250610_0_L2A+S2C_43QCE_20250610_0_L2A,2025-06-10
956,0.4269865058776633,1.0,S2B_43QBE_20251013_0_L2A+S2B_43QCE_20251013_0_L2A,2025-10-13,0.45009825827659455,1.0,S2C_43QBE_20251018_0_L2A+S2C_43QCE_20251018_0_L2A,2025-10-18,0.4407763553308666,1.0,S2C_43QBE_20250610_0_L2A+S2C_43QCE_20250610_0_L2A,2025-06-10
957,0.5927116878812304,1.0,S2B_43QBE_20251013_0_L2A+S2B_43QCE_20251013_0_L2A,2025-10-13,0.6075774182498228,1.0,S2C_43QBE_20251018_0_L2A+S2C_43QCE_20251018_0_L2A,2025-10-18,0.5738203331771459,1.0,S2C_43QBE_20250610_0_L2A+S2C_43QCE_20250610_0_L2A,2025-06-10
958,0.3413007113178503,1.0,S2B_43QBE_20251013_0_L2A+S2B_43QCE_20251013_0_L2A,2025-10-13,0.32385318695951726,1.0,S2C_43QBE_20251018_0_L2A+S2C_43QCE_20251018_0_L2A,2025-10-18,0.3706747289197717,1.0,S2C_43QBE_20250610_0_L2A+S2C_43QCE_20250610_0_L2A,2025-06-10
959,0.4348198835896613,1.0,S2B_43QBE_20251013_0_L2A+S2B_43QCE_20251013_0_L2A,2025-10-13,0.40572804112795313,1.0,S2C_43QBE_20251018_0_L2A+S2C_43QCE_20251018_0_L2A,2025-10-18,0.5138680870486139,1.0,S2C_43QBE_20250610_0_L2A+S2C_43QCE_20250610_0_L2A,2025-06-10
960,0.5116623188908371,1.0,S2B_43QBE_20251013_0_L2A+S2B_43QCE_20251013_0_L2A,2025-10-13,0.5100303309693474,1.0,S2C_43QBE_20251018_0_L2A+S2C_43QCE_20251018_0_L2A,2025-10-18,0.40247564331314645,1.0,S2C_43QBE_20250610_0_L2A+S2C_43QCE_20250610_0_L2A,2025-06-10
961,0.38351945311195146,1.0,S2B_43QBE_20251013_0_L2A+S2B_43QCE_20251013_0_L2A,2025-10-13,0.48327425768238086,1.0,S2C_43QBE_20251018_0_L2A+S2C_43QCE_20251018_0_L2A,2025-10-18,0.23212172958551278,1.0,S2C_43QBE_20250610_0_L2A+S2C_43QCE_20250610_0_L2A,2025-06-10
962,0.48223358465999855,1.0,S2B_43QBE_20251013_0_L2A+S2B_43QCE_20251013_0_L2A,2025-10-13,0.441833744719799,1.0,S2C_43QBE_20251018_0_L2A+S2C_43QCE_20251018_0_L2A,2025-10-18,0.4889787595535888,1.0,S2C_43QBE_20250610_0_L2A+S2C_43QCE_20250610_0_L2A,2025-06-10
963,0.48381432877236896,1.0,S2B_43QBE_20251013_0_L2A+S2B_43QCE_20251013_0_L2A,2025-10-13,0.3441102615507471,1.0,S2C_43QBE_20251018_0_L2A+S2C_43QCE_20251018_0_L2A,2025-10-18,0.3468905407231288,1.0,S2C_43QBE_20250610_0_L2A+S2C_43QCE_20250610_0_L2A,2025-06-10
964,0.5967255189801485,1.0,S2B_43QBE_20251013_0_L2A+S2B_43QCE_20251013_0_L2A,2025-10-13,0.5466292565176158,1.0,S2C_43QBE_20251018_0_L2A+S2C_43QCE_20251018_0_L2A,2025-10-18,0.3864859264868942,1.0,S2C_43QBE_20250610_0_L2A+S2C_43QCE_20250610_0_L2A,2025-06-10
965,0.7343695653362965,1.0,S2B_43QBE_20251013_0_L2A+S2B_43QCE_20251013_0_L2A,2025-10-13,0.7377100633027104,1.0,S2C_43QBE_20251018_0_L2A+S2C_43QCE_20251018_0_L2A,2025-10-18,0.3266702307464925,1.0,S2C_43QBE_20250610_0_L2A+S2C_43QCE_20250610_0_L2A,2025-06-10
966,0.6081663098740692,1.0,S2B_43QBE_20251013_0_L2A+S2B_43QCE_20251013_0_L2A,2025-10-13,0.6010567710387442,1.0,S2C_43QBE_20251018_0_L2A+S2C_43QCE_20251018_0_L2A,2025-10-18,0.519871924035003,1.0,S2C_43QBE_20250610_0_L2A+S2C_43QCE_20250610_0_L2A,2025-06-10
